category,cardNumber,parallel,isAuto,printRun,player
base,1,,false,,Rais M'Bolhi
base,2,,false,,Madjid Bougherra
base,3,,false,,Sofiane Feghouli
base,4,,false,,Sergio Romero
base,5,,false,,Ezequiel Garay
base,6,,false,,Hugo Campagnaro
base,7,,false,,Pablo Zabaleta
base,8,,false,,Javier Mascherano
base,9,,false,,Angel Di Maria
base,10,,false,,Ezequiel Lavezzi
base,11,,false,,Gonzalo Higuain
base,12,,false,,Lionel Messi
base,13,,false,,Sergio Aguero
base,14,,false,,Mathew Ryan
base,15,,false,,Lucas Neill
base,16,,false,,Luke Wilkshire
base,17,,false,,Tim Cahill
base,18,,false,,Thibaut Courtois
base,19,,false,,Vincent Kompany
base,20,,false,,Axel Witsel
base,21,,false,,Eden Hazard
base,22,,false,,Marouane Fellaini
base,23,,false,,Asmir Begovic
base,24,,false,,Emir Spahic
base,25,,false,,Miralem Pjanic
base,26,,false,,Edin Dzeko
base,27,,false,,Jasper Cillessen
base,28,,false,,Bruno Martins Indi
base,29,,false,,Arjen Robben
base,30,,false,,Kevin Strootman
base,31,,false,,Nigel de Jong
base,32,,false,,Rafael van der Vaart
base,33,,false,,Wesley Sneijder
base,34,,false,,Dirk Kuyt
base,35,,false,,Robin van Persie
base,36,,false,,Charles Itandje
base,37,,false,,Nicolas Nkoulou
base,38,,false,,Alexandre Song
base,39,,false,,Jean Makoun
base,40,,false,,Samuel Eto'o
base,41,,false,,Claudio Bravo
base,42,,false,,Mauricio Isla
base,43,,false,,Arturo Vidal
base,44,,false,,David Pizarro
base,45,,false,,Alexis Sanchez
base,46,,false,,Eduardo Vargas
base,47,,false,,David Ospina
base,48,,false,,Cristian Zapata
base,49,,false,,Camilo Zuniga
base,50,,false,,Mario Yepes
base,51,,false,,Juan Cuadrado
base,52,,false,,Fredy Guarin
base,53,,false,,Radamel Falcao
base,54,,false,,Jackson Martinez
base,55,,false,,Keylor Navas
base,56,,false,,Bryan Ruiz
base,57,,false,,Boubacar Barry
base,58,,false,,Didier Zokora
base,59,,false,,Yaya Toure
base,60,,false,,Didier Drogba
base,61,,false,,Salomon Kalou
base,62,,false,,Gervinho
base,63,,false,,Alexander Dominguez
base,64,,false,,Antonio Valencia
base,65,,false,,Walter Ayovi
base,66,,false,,Tim Howard
base,67,,false,,Jermaine Jones
base,68,,false,,Michael Bradley
base,69,,false,,Clint Dempsey
base,70,,false,,Landon Donovan
base,71,,false,,Jozy Altidore
base,72,,false,,Jung Sung-Ryong
base,73,,false,,Lee Chung-Yong
base,74,,false,,Park Chu-Young
base,75,,false,,Hugo Lloris
base,76,,false,,Eric Abidal
base,77,,false,,Patrice Evra
base,78,,false,,Raphael Varane
base,79,,false,,Paul Pogba
base,80,,false,,Blaise Matuidi
base,81,,false,,Franck Ribery
base,82,,false,,Karim Benzema
base,83,,false,,Manuel Neuer
base,84,,false,,Mats Hummels
base,85,,false,,Per Mertesacker
base,86,,false,,Philipp Lahm
base,87,,false,,Sami Khedira
base,88,,false,,Mesut Özil
base,89,,false,,Mario Gotze
base,90,,false,,Bastian Schweinsteiger
base,91,,false,,Marco Reus
base,92,,false,,Lukas Podolski
base,93,,false,,Thomas Muller
base,94,,false,,Fatau Dauda
base,95,,false,,Michael Essien
base,96,,false,,Sulley Muntari
base,97,,false,,Kevin-Prince Boateng
base,98,,false,,Asamoah Gyan
base,99,,false,,Orestis Karnezis
base,100,,false,,Sokratis Papastathopoulos
base,101,,false,,Giorgos Karagounis
base,102,,false,,Kostas Mitroglou
base,103,,false,,Giorgos Samaras
base,104,,false,,Julio Cesar
base,105,,false,,Dani Alves
base,106,,false,,David Luiz
base,107,,false,,Marcelo
base,108,,false,,Thiago Silva
base,109,,false,,Oscar
base,110,,false,,Paulinho
base,111,,false,,Hulk
base,112,,false,,Neymar Jr.
base,113,,false,,Noel Valladares
base,114,,false,,Maynor Figueroa
base,115,,false,,Carlo Costly
base,116,,false,,Stipe Pletikosa
base,117,,false,,Darijo Srna
base,118,,false,,Luka Modric
base,119,,false,,Eduardo da Silva
base,120,,false,,Mario Mandzukic
base,121,,false,,Rahman Ahmadi
base,122,,false,,Javad Nekounam
base,123,,false,,Gianluigi Buffon
base,124,,false,,Leonardo Bonucci
base,125,,false,,Giorgio Chiellini
base,126,,false,,Thiago Motta
base,127,,false,,Daniele De Rossi
base,128,,false,,Andrea Pirlo
base,129,,false,,Riccardo Montolivo
base,130,,false,,Claudio Marchisio
base,131,,false,,Giuseppe Rossi
base,132,,false,,Mario Balotelli
base,133,,false,,Pablo Osvaldo
base,134,,false,,Joe Hart
base,135,,false,,Ashley Cole
base,136,,false,,Frank Lampard
base,137,,false,,Jack Wilshere
base,138,,false,,Michael Carrick
base,139,,false,,Steven Gerrard
base,140,,false,,Daniel Sturridge
base,141,,false,,Danny Welbeck
base,142,,false,,Wayne Rooney
base,143,,false,,Guillermo Ochoa
base,144,,false,,Miguel Layun
base,145,,false,,Rafael Marquez
base,146,,false,,Andres Guardado
base,147,,false,,Giovani Dos Santos
base,148,,false,,Javier Hernandez
base,149,,false,,Oribe Peralta
base,150,,false,,Vincent Enyeama
base,151,,false,,Victor Moses
base,152,,false,,John Obi Mikel
base,153,,false,,Emmanuel Emenike
base,154,,false,,Ahmed Musa
base,155,,false,,Rui Patricio
base,156,,false,,Pepe
base,157,,false,,Fabio Coentrao
base,158,,false,,Joao Moutinho
base,159,,false,,Nani
base,160,,false,,Helder Postiga
base,161,,false,,Cristiano Ronaldo
base,162,,false,,Igor Akinfeev
base,163,,false,,Dmitri Kombarov
base,164,,false,,Sergei Ignashevich
base,165,,false,,Roman Shirokov
base,166,,false,,Igor Denisov
base,167,,false,,Alan Dzagoev
base,168,,false,,Aleksandr Kerzhakov
base,169,,false,,Aleksandr Kokorin
base,170,,false,,Iker Casillas
base,171,,false,,Gerard Pique
base,172,,false,,Sergio Ramos
base,173,,false,,Xabi Alonso
base,174,,false,,Sergio Busquets
base,175,,false,,David Silva
base,176,,false,,Cesc Fabregas
base,177,,false,,Andres Iniesta
base,178,,false,,David Villa
base,179,,false,,Pedro Rodriguez
base,180,,false,,Xavi Hernandez
base,181,,false,,Diego Benaglio
base,182,,false,,Stephan Lichtsteiner
base,183,,false,,Blerim Dzemaili
base,184,,false,,Gokhan Inler
base,185,,false,,Tranquillo Barnetta
base,186,,false,,Xherdan Shaqiri
base,187,,false,,Valon Behrami
base,188,,false,,Haris Seferovic
base,189,,false,,Fernando Muslera
base,190,,false,,Martin Caceres
base,191,,false,,Diego Lugano
base,192,,false,,Diego Forlan
base,193,,false,,Edinson Cavani
base,194,,false,,Luis Suarez
base,195,,false,,Atsuto Uchida
base,196,,false,,Yuto Nagatomo
base,197,,false,,Maya Yoshida
base,198,,false,,Yasuyuki Konno
base,199,,false,,Yasuhito Endo
base,200,,false,,Shinji Kagawa
base,201,,false,,Yoichiro Kakitani
insert-aerial-assault,1,,false,,Cristiano Ronaldo
insert-aerial-assault,2,,false,,Miroslav Klose
insert-aerial-assault,3,,false,,Tim Cahill
insert-aerial-assault,4,,false,,Mario Balotelli
insert-aerial-assault,5,,false,,Radamel Falcao
insert-aerial-assault,1,Black Prizm,false,1,Cristiano Ronaldo
insert-aerial-assault,2,Black Prizm,false,1,Miroslav Klose
insert-aerial-assault,3,Black Prizm,false,1,Tim Cahill
insert-aerial-assault,4,Black Prizm,false,1,Mario Balotelli
insert-aerial-assault,5,Black Prizm,false,1,Radamel Falcao
insert-aerial-assault,1,Blue Red Wave Prizm,false,,Cristiano Ronaldo
insert-aerial-assault,2,Blue Red Wave Prizm,false,,Miroslav Klose
insert-aerial-assault,3,Blue Red Wave Prizm,false,,Tim Cahill
insert-aerial-assault,4,Blue Red Wave Prizm,false,,Mario Balotelli
insert-aerial-assault,5,Blue Red Wave Prizm,false,,Radamel Falcao
insert-aerial-assault,1,Blue Prizm,false,199,Cristiano Ronaldo
insert-aerial-assault,2,Blue Prizm,false,199,Miroslav Klose
insert-aerial-assault,3,Blue Prizm,false,199,Tim Cahill
insert-aerial-assault,4,Blue Prizm,false,199,Mario Balotelli
insert-aerial-assault,5,Blue Prizm,false,199,Radamel Falcao
insert-aerial-assault,1,Blue Pulsar Prizm,false,,Cristiano Ronaldo
insert-aerial-assault,2,Blue Pulsar Prizm,false,,Miroslav Klose
insert-aerial-assault,3,Blue Pulsar Prizm,false,,Tim Cahill
insert-aerial-assault,4,Blue Pulsar Prizm,false,,Mario Balotelli
insert-aerial-assault,5,Blue Pulsar Prizm,false,,Radamel Falcao
insert-aerial-assault,1,Gold Power Prizm,false,5,Cristiano Ronaldo
insert-aerial-assault,2,Gold Power Prizm,false,5,Miroslav Klose
insert-aerial-assault,3,Gold Power Prizm,false,5,Tim Cahill
insert-aerial-assault,4,Gold Power Prizm,false,5,Mario Balotelli
insert-aerial-assault,5,Gold Power Prizm,false,5,Radamel Falcao
insert-aerial-assault,1,Gold Prizm,false,10,Cristiano Ronaldo
insert-aerial-assault,2,Gold Prizm,false,10,Miroslav Klose
insert-aerial-assault,3,Gold Prizm,false,10,Tim Cahill
insert-aerial-assault,4,Gold Prizm,false,10,Mario Balotelli
insert-aerial-assault,5,Gold Prizm,false,10,Radamel Falcao
insert-aerial-assault,1,Green Crystal Prizm,false,25,Cristiano Ronaldo
insert-aerial-assault,2,Green Crystal Prizm,false,25,Miroslav Klose
insert-aerial-assault,3,Green Crystal Prizm,false,25,Tim Cahill
insert-aerial-assault,4,Green Crystal Prizm,false,25,Mario Balotelli
insert-aerial-assault,5,Green Crystal Prizm,false,25,Radamel Falcao
insert-aerial-assault,1,Prizm,false,,Cristiano Ronaldo
insert-aerial-assault,2,Prizm,false,,Miroslav Klose
insert-aerial-assault,3,Prizm,false,,Tim Cahill
insert-aerial-assault,4,Prizm,false,,Mario Balotelli
insert-aerial-assault,5,Prizm,false,,Radamel Falcao
insert-aerial-assault,1,Purple Prizm,false,99,Cristiano Ronaldo
insert-aerial-assault,2,Purple Prizm,false,99,Miroslav Klose
insert-aerial-assault,3,Purple Prizm,false,99,Tim Cahill
insert-aerial-assault,4,Purple Prizm,false,99,Mario Balotelli
insert-aerial-assault,5,Purple Prizm,false,99,Radamel Falcao
insert-aerial-assault,1,Red Prizm,false,149,Cristiano Ronaldo
insert-aerial-assault,2,Red Prizm,false,149,Miroslav Klose
insert-aerial-assault,3,Red Prizm,false,149,Tim Cahill
insert-aerial-assault,4,Red Prizm,false,149,Mario Balotelli
insert-aerial-assault,5,Red Prizm,false,149,Radamel Falcao
insert-aerial-assault,1,Red White Blue Power Plaid Prizm,false,,Cristiano Ronaldo
insert-aerial-assault,2,Red White Blue Power Plaid Prizm,false,,Miroslav Klose
insert-aerial-assault,3,Red White Blue Power Plaid Prizm,false,,Tim Cahill
insert-aerial-assault,4,Red White Blue Power Plaid Prizm,false,,Mario Balotelli
insert-aerial-assault,5,Red White Blue Power Plaid Prizm,false,,Radamel Falcao
insert-aerial-assault,1,Yellow Red Pulsar Prizm,false,,Cristiano Ronaldo
insert-aerial-assault,2,Yellow Red Pulsar Prizm,false,,Miroslav Klose
insert-aerial-assault,3,Yellow Red Pulsar Prizm,false,,Tim Cahill
insert-aerial-assault,4,Yellow Red Pulsar Prizm,false,,Mario Balotelli
insert-aerial-assault,5,Yellow Red Pulsar Prizm,false,,Radamel Falcao
insert-combo-signatures,CS-BS,,true,10,Bobby Charlton / Steven Gerrard
insert-combo-signatures,CS-CJ,,true,10,Carlos Valderrama / James Rodriguez
insert-combo-signatures,CS-CP,,true,10,Cristiano Ronaldo / Pepe
insert-combo-signatures,CS-FE,,true,10,Frank Lampard / Eden Hazard
insert-combo-signatures,CS-GA,,true,10,Gianluigi Buffon / Andrea Pirlo
insert-combo-signatures,CS-HR,,true,10,Hugo Sanchez / Rafael Marquez
insert-combo-signatures,CS-MX,,true,10,Mesut Ozil / Xavi Hernandez
insert-combo-signatures,CS-PC,,true,10,Pele / Cristiano Ronaldo
insert-combo-signatures,CS-RA,,true,10,Robin van Persie / Arjen Robben
insert-combo-signatures,CS-TC,,true,10,Tim Howard / Clint Dempsey
insert-combo-signatures,CS-BS,El Samba Prizm,true,1,Bobby Charlton / Steven Gerrard
insert-combo-signatures,CS-CJ,El Samba Prizm,true,1,Carlos Valderrama / James Rodriguez
insert-combo-signatures,CS-CP,El Samba Prizm,true,1,Cristiano Ronaldo / Pepe
insert-combo-signatures,CS-FE,El Samba Prizm,true,1,Frank Lampard / Eden Hazard
insert-combo-signatures,CS-GA,El Samba Prizm,true,1,Gianluigi Buffon / Andrea Pirlo
insert-combo-signatures,CS-HR,El Samba Prizm,true,1,Hugo Sanchez / Rafael Marquez
insert-combo-signatures,CS-MX,El Samba Prizm,true,1,Mesut Özil / Xavi Hernandez
insert-combo-signatures,CS-PC,El Samba Prizm,true,1,Pele / Cristiano Ronaldo
insert-combo-signatures,CS-RA,El Samba Prizm,true,1,Robin van Persie / Arjen Robben
insert-combo-signatures,CS-TC,El Samba Prizm,true,1,Tim Howard / Clint Dempsey
insert-combo-signatures,CS-BS,Prizm,true,10,Bobby Charlton / Steven Gerrard
insert-combo-signatures,CS-CJ,Prizm,true,10,Carlos Valderrama / James Rodriguez
insert-combo-signatures,CS-CP,Prizm,true,10,Cristiano Ronaldo / Pepe
insert-combo-signatures,CS-FE,Prizm,true,10,Frank Lampard / Eden Hazard
insert-combo-signatures,CS-GA,Prizm,true,10,Gianluigi Buffon / Andrea Pirlo
insert-combo-signatures,CS-HR,Prizm,true,10,Hugo Sanchez / Rafael Marquez
insert-combo-signatures,CS-MX,Prizm,true,10,Mesut Ozil / Xavi Hernandez
insert-combo-signatures,CS-PC,Prizm,true,10,Pele / Cristiano Ronaldo
insert-combo-signatures,CS-RA,Prizm,true,10,Robin van Persie / Arjen Robben
insert-combo-signatures,CS-TC,Prizm,true,10,Tim Howard / Clint Dempsey
insert-cup-captains,1,,false,,Alexander Dominguez
insert-cup-captains,2,,false,,Asamoah Gyan
insert-cup-captains,3,,false,,Bryan Ruiz
insert-cup-captains,4,,false,,Claudio Bravo
insert-cup-captains,5,,false,,Cristiano Ronaldo
insert-cup-captains,6,,false,,Darijo Srna
insert-cup-captains,7,,false,,Didier Drogba
insert-cup-captains,8,,false,,Diego Lugano
insert-cup-captains,9,,false,,Emir Spahic
insert-cup-captains,10,,false,,Gianluigi Buffon
insert-cup-captains,11,,false,,Giorgos Karagounis
insert-cup-captains,12,,false,,Gokhan Inler
insert-cup-captains,13,,false,,Hugo Lloris
insert-cup-captains,14,,false,,Iker Casillas
insert-cup-captains,15,,false,,Javad Nekounam
insert-cup-captains,16,,false,,Javier Mascherano
insert-cup-captains,17,,false,,Kevin Strootman
insert-cup-captains,18,,false,,Landon Donovan
insert-cup-captains,19,,false,,Lucas Neill
insert-cup-captains,20,,false,,Madjid Bougherra
insert-cup-captains,21,,false,,Makoto Hasebe
insert-cup-captains,22,,false,,Mario Yepes
insert-cup-captains,23,,false,,Philipp Lahm
insert-cup-captains,24,,false,,Rafael Marquez
insert-cup-captains,25,,false,,Roman Shirokov
insert-cup-captains,26,,false,,Samuel Eto'o
insert-cup-captains,27,,false,,Steven Gerrard
insert-cup-captains,28,,false,,Thiago Silva
insert-cup-captains,29,,false,,Vincent Enyeama
insert-cup-captains,30,,false,,Vincent Kompany
insert-cup-captains,1,Black Prizm,false,1,Alexander Dominguez
insert-cup-captains,2,Black Prizm,false,1,Asamoah Gyan
insert-cup-captains,3,Black Prizm,false,1,Bryan Ruiz
insert-cup-captains,4,Black Prizm,false,1,Claudio Bravo
insert-cup-captains,5,Black Prizm,false,1,Cristiano Ronaldo
insert-cup-captains,6,Black Prizm,false,1,Darijo Srna
insert-cup-captains,7,Black Prizm,false,1,Didier Drogba
insert-cup-captains,8,Black Prizm,false,1,Diego Lugano
insert-cup-captains,9,Black Prizm,false,1,Emir Spahic
insert-cup-captains,10,Black Prizm,false,1,Gianluigi Buffon
insert-cup-captains,11,Black Prizm,false,1,Giorgos Karagounis
insert-cup-captains,12,Black Prizm,false,1,Gokhan Inler
insert-cup-captains,13,Black Prizm,false,1,Hugo Lloris
insert-cup-captains,14,Black Prizm,false,1,Iker Casillas
insert-cup-captains,15,Black Prizm,false,1,Javad Nekounam
insert-cup-captains,16,Black Prizm,false,1,Javier Mascherano
insert-cup-captains,17,Black Prizm,false,1,Kevin Strootman
insert-cup-captains,18,Black Prizm,false,1,Landon Donovan
insert-cup-captains,19,Black Prizm,false,1,Lucas Neill
insert-cup-captains,20,Black Prizm,false,1,Madjid Bougherra
insert-cup-captains,21,Black Prizm,false,1,Makoto Hasebe
insert-cup-captains,22,Black Prizm,false,1,Mario Yepes
insert-cup-captains,23,Black Prizm,false,1,Philipp Lahm
insert-cup-captains,24,Black Prizm,false,1,Rafael Marquez
insert-cup-captains,25,Black Prizm,false,1,Roman Shirokov
insert-cup-captains,26,Black Prizm,false,1,Samuel Eto'o
insert-cup-captains,27,Black Prizm,false,1,Steven Gerrard
insert-cup-captains,28,Black Prizm,false,1,Thiago Silva
insert-cup-captains,29,Black Prizm,false,1,Vincent Enyeama
insert-cup-captains,30,Black Prizm,false,1,Vincent Kompany
insert-cup-captains,1,Blue Red Wave Prizm,false,,Alexander Dominguez
insert-cup-captains,2,Blue Red Wave Prizm,false,,Asamoah Gyan
insert-cup-captains,3,Blue Red Wave Prizm,false,,Bryan Ruiz
insert-cup-captains,4,Blue Red Wave Prizm,false,,Claudio Bravo
insert-cup-captains,5,Blue Red Wave Prizm,false,,Cristiano Ronaldo
insert-cup-captains,6,Blue Red Wave Prizm,false,,Darijo Srna
insert-cup-captains,7,Blue Red Wave Prizm,false,,Didier Drogba
insert-cup-captains,8,Blue Red Wave Prizm,false,,Diego Lugano
insert-cup-captains,9,Blue Red Wave Prizm,false,,Emir Spahic
insert-cup-captains,10,Blue Red Wave Prizm,false,,Gianluigi Buffon
insert-cup-captains,11,Blue Red Wave Prizm,false,,Giorgos Karagounis
insert-cup-captains,12,Blue Red Wave Prizm,false,,Gokhan Inler
insert-cup-captains,13,Blue Red Wave Prizm,false,,Hugo Lloris
insert-cup-captains,14,Blue Red Wave Prizm,false,,Iker Casillas
insert-cup-captains,15,Blue Red Wave Prizm,false,,Javad Nekounam
insert-cup-captains,16,Blue Red Wave Prizm,false,,Javier Mascherano
insert-cup-captains,17,Blue Red Wave Prizm,false,,Kevin Strootman
insert-cup-captains,18,Blue Red Wave Prizm,false,,Landon Donovan
insert-cup-captains,19,Blue Red Wave Prizm,false,,Lucas Neill
insert-cup-captains,20,Blue Red Wave Prizm,false,,Madjid Bougherra
insert-cup-captains,21,Blue Red Wave Prizm,false,,Makoto Hasebe
insert-cup-captains,22,Blue Red Wave Prizm,false,,Mario Yepes
insert-cup-captains,23,Blue Red Wave Prizm,false,,Philipp Lahm
insert-cup-captains,24,Blue Red Wave Prizm,false,,Rafael Marquez
insert-cup-captains,25,Blue Red Wave Prizm,false,,Roman Shirokov
insert-cup-captains,26,Blue Red Wave Prizm,false,,Samuel Eto'o
insert-cup-captains,27,Blue Red Wave Prizm,false,,Steven Gerrard
insert-cup-captains,28,Blue Red Wave Prizm,false,,Thiago Silva
insert-cup-captains,29,Blue Red Wave Prizm,false,,Vincent Enyeama
insert-cup-captains,30,Blue Red Wave Prizm,false,,Vincent Kompany
insert-cup-captains,1,Blue Prizm,false,199,Alexander Dominguez
insert-cup-captains,2,Blue Prizm,false,199,Asamoah Gyan
insert-cup-captains,3,Blue Prizm,false,199,Bryan Ruiz
insert-cup-captains,4,Blue Prizm,false,199,Claudio Bravo
insert-cup-captains,5,Blue Prizm,false,199,Cristiano Ronaldo
insert-cup-captains,6,Blue Prizm,false,199,Darijo Srna
insert-cup-captains,7,Blue Prizm,false,199,Didier Drogba
insert-cup-captains,8,Blue Prizm,false,199,Diego Lugano
insert-cup-captains,9,Blue Prizm,false,199,Emir Spahic
insert-cup-captains,10,Blue Prizm,false,199,Gianluigi Buffon
insert-cup-captains,11,Blue Prizm,false,199,Giorgos Karagounis
insert-cup-captains,12,Blue Prizm,false,199,Gokhan Inler
insert-cup-captains,13,Blue Prizm,false,199,Hugo Lloris
insert-cup-captains,14,Blue Prizm,false,199,Iker Casillas
insert-cup-captains,15,Blue Prizm,false,199,Javad Nekounam
insert-cup-captains,16,Blue Prizm,false,199,Javier Mascherano
insert-cup-captains,17,Blue Prizm,false,199,Kevin Strootman
insert-cup-captains,18,Blue Prizm,false,199,Landon Donovan
insert-cup-captains,19,Blue Prizm,false,199,Lucas Neill
insert-cup-captains,20,Blue Prizm,false,199,Madjid Bougherra
insert-cup-captains,21,Blue Prizm,false,199,Makoto Hasebe
insert-cup-captains,22,Blue Prizm,false,199,Mario Yepes
insert-cup-captains,23,Blue Prizm,false,199,Philipp Lahm
insert-cup-captains,24,Blue Prizm,false,199,Rafael Marquez
insert-cup-captains,25,Blue Prizm,false,199,Roman Shirokov
insert-cup-captains,26,Blue Prizm,false,199,Samuel Eto'o
insert-cup-captains,27,Blue Prizm,false,199,Steven Gerrard
insert-cup-captains,28,Blue Prizm,false,199,Thiago Silva
insert-cup-captains,29,Blue Prizm,false,199,Vincent Enyeama
insert-cup-captains,30,Blue Prizm,false,199,Vincent Kompany
insert-cup-captains,1,Gold Power Prizm,false,5,Alexander Dominguez
insert-cup-captains,2,Gold Power Prizm,false,5,Asamoah Gyan
insert-cup-captains,3,Gold Power Prizm,false,5,Bryan Ruiz
insert-cup-captains,4,Gold Power Prizm,false,5,Claudio Bravo
insert-cup-captains,5,Gold Power Prizm,false,5,Cristiano Ronaldo
insert-cup-captains,6,Gold Power Prizm,false,5,Darijo Srna
insert-cup-captains,7,Gold Power Prizm,false,5,Didier Drogba
insert-cup-captains,8,Gold Power Prizm,false,5,Diego Lugano
insert-cup-captains,9,Gold Power Prizm,false,5,Emir Spahic
insert-cup-captains,10,Gold Power Prizm,false,5,Gianluigi Buffon
insert-cup-captains,11,Gold Power Prizm,false,5,Giorgos Karagounis
insert-cup-captains,12,Gold Power Prizm,false,5,Gokhan Inler
insert-cup-captains,13,Gold Power Prizm,false,5,Hugo Lloris
insert-cup-captains,14,Gold Power Prizm,false,5,Iker Casillas
insert-cup-captains,15,Gold Power Prizm,false,5,Javad Nekounam
insert-cup-captains,16,Gold Power Prizm,false,5,Javier Mascherano
insert-cup-captains,17,Gold Power Prizm,false,5,Kevin Strootman
insert-cup-captains,18,Gold Power Prizm,false,5,Landon Donovan
insert-cup-captains,19,Gold Power Prizm,false,5,Lucas Neill
insert-cup-captains,20,Gold Power Prizm,false,5,Madjid Bougherra
insert-cup-captains,21,Gold Power Prizm,false,5,Makoto Hasebe
insert-cup-captains,22,Gold Power Prizm,false,5,Mario Yepes
insert-cup-captains,23,Gold Power Prizm,false,5,Philipp Lahm
insert-cup-captains,24,Gold Power Prizm,false,5,Rafael Marquez
insert-cup-captains,25,Gold Power Prizm,false,5,Roman Shirokov
insert-cup-captains,26,Gold Power Prizm,false,5,Samuel Eto'o
insert-cup-captains,27,Gold Power Prizm,false,5,Steven Gerrard
insert-cup-captains,28,Gold Power Prizm,false,5,Thiago Silva
insert-cup-captains,29,Gold Power Prizm,false,5,Vincent Enyeama
insert-cup-captains,30,Gold Power Prizm,false,5,Vincent Kompany
insert-cup-captains,1,Gold Prizm,false,10,Alexander Dominguez
insert-cup-captains,2,Gold Prizm,false,10,Asamoah Gyan
insert-cup-captains,3,Gold Prizm,false,10,Bryan Ruiz
insert-cup-captains,4,Gold Prizm,false,10,Claudio Bravo
insert-cup-captains,5,Gold Prizm,false,10,Cristiano Ronaldo
insert-cup-captains,6,Gold Prizm,false,10,Darijo Srna
insert-cup-captains,7,Gold Prizm,false,10,Didier Drogba
insert-cup-captains,8,Gold Prizm,false,10,Diego Lugano
insert-cup-captains,9,Gold Prizm,false,10,Emir Spahic
insert-cup-captains,10,Gold Prizm,false,10,Gianluigi Buffon
insert-cup-captains,11,Gold Prizm,false,10,Giorgos Karagounis
insert-cup-captains,12,Gold Prizm,false,10,Gokhan Inler
insert-cup-captains,13,Gold Prizm,false,10,Hugo Lloris
insert-cup-captains,14,Gold Prizm,false,10,Iker Casillas
insert-cup-captains,15,Gold Prizm,false,10,Javad Nekounam
insert-cup-captains,16,Gold Prizm,false,10,Javier Mascherano
insert-cup-captains,17,Gold Prizm,false,10,Kevin Strootman
insert-cup-captains,18,Gold Prizm,false,10,Landon Donovan
insert-cup-captains,19,Gold Prizm,false,10,Lucas Neill
insert-cup-captains,20,Gold Prizm,false,10,Madjid Bougherra
insert-cup-captains,21,Gold Prizm,false,10,Makoto Hasebe
insert-cup-captains,22,Gold Prizm,false,10,Mario Yepes
insert-cup-captains,23,Gold Prizm,false,10,Philipp Lahm
insert-cup-captains,24,Gold Prizm,false,10,Rafael Marquez
insert-cup-captains,25,Gold Prizm,false,10,Roman Shirokov
insert-cup-captains,26,Gold Prizm,false,10,Samuel Eto'o
insert-cup-captains,27,Gold Prizm,false,10,Steven Gerrard
insert-cup-captains,28,Gold Prizm,false,10,Thiago Silva
insert-cup-captains,29,Gold Prizm,false,10,Vincent Enyeama
insert-cup-captains,30,Gold Prizm,false,10,Vincent Kompany
insert-cup-captains,1,Green Crystal Prizm,false,25,Alexander Dominguez
insert-cup-captains,2,Green Crystal Prizm,false,25,Asamoah Gyan
insert-cup-captains,3,Green Crystal Prizm,false,25,Bryan Ruiz
insert-cup-captains,4,Green Crystal Prizm,false,25,Claudio Bravo
insert-cup-captains,5,Green Crystal Prizm,false,25,Cristiano Ronaldo
insert-cup-captains,6,Green Crystal Prizm,false,25,Darijo Srna
insert-cup-captains,7,Green Crystal Prizm,false,25,Didier Drogba
insert-cup-captains,8,Green Crystal Prizm,false,25,Diego Lugano
insert-cup-captains,9,Green Crystal Prizm,false,25,Emir Spahic
insert-cup-captains,10,Green Crystal Prizm,false,25,Gianluigi Buffon
insert-cup-captains,11,Green Crystal Prizm,false,25,Giorgos Karagounis
insert-cup-captains,12,Green Crystal Prizm,false,25,Gokhan Inler
insert-cup-captains,13,Green Crystal Prizm,false,25,Hugo Lloris
insert-cup-captains,14,Green Crystal Prizm,false,25,Iker Casillas
insert-cup-captains,15,Green Crystal Prizm,false,25,Javad Nekounam
insert-cup-captains,16,Green Crystal Prizm,false,25,Javier Mascherano
insert-cup-captains,17,Green Crystal Prizm,false,25,Kevin Strootman
insert-cup-captains,18,Green Crystal Prizm,false,25,Landon Donovan
insert-cup-captains,19,Green Crystal Prizm,false,25,Lucas Neill
insert-cup-captains,20,Green Crystal Prizm,false,25,Madjid Bougherra
insert-cup-captains,21,Green Crystal Prizm,false,25,Makoto Hasebe
insert-cup-captains,22,Green Crystal Prizm,false,25,Mario Yepes
insert-cup-captains,23,Green Crystal Prizm,false,25,Philipp Lahm
insert-cup-captains,24,Green Crystal Prizm,false,25,Rafael Marquez
insert-cup-captains,25,Green Crystal Prizm,false,25,Roman Shirokov
insert-cup-captains,26,Green Crystal Prizm,false,25,Samuel Eto'o
insert-cup-captains,27,Green Crystal Prizm,false,25,Steven Gerrard
insert-cup-captains,28,Green Crystal Prizm,false,25,Thiago Silva
insert-cup-captains,29,Green Crystal Prizm,false,25,Vincent Enyeama
insert-cup-captains,30,Green Crystal Prizm,false,25,Vincent Kompany
insert-cup-captains,1,Prizm,false,,Alexander Dominguez
insert-cup-captains,2,Prizm,false,,Asamoah Gyan
insert-cup-captains,3,Prizm,false,,Bryan Ruiz
insert-cup-captains,4,Prizm,false,,Claudio Bravo
insert-cup-captains,5,Prizm,false,,Cristiano Ronaldo
insert-cup-captains,6,Prizm,false,,Darijo Srna
insert-cup-captains,7,Prizm,false,,Didier Drogba
insert-cup-captains,8,Prizm,false,,Diego Lugano
insert-cup-captains,9,Prizm,false,,Emir Spahic
insert-cup-captains,10,Prizm,false,,Gianluigi Buffon
insert-cup-captains,11,Prizm,false,,Giorgos Karagounis
insert-cup-captains,12,Prizm,false,,Gokhan Inler
insert-cup-captains,13,Prizm,false,,Hugo Lloris
insert-cup-captains,14,Prizm,false,,Iker Casillas
insert-cup-captains,15,Prizm,false,,Javad Nekounam
insert-cup-captains,16,Prizm,false,,Javier Mascherano
insert-cup-captains,17,Prizm,false,,Kevin Strootman
insert-cup-captains,18,Prizm,false,,Landon Donovan
insert-cup-captains,19,Prizm,false,,Lucas Neill
insert-cup-captains,20,Prizm,false,,Madjid Bougherra
insert-cup-captains,21,Prizm,false,,Makoto Hasebe
insert-cup-captains,22,Prizm,false,,Mario Yepes
insert-cup-captains,23,Prizm,false,,Philipp Lahm
insert-cup-captains,24,Prizm,false,,Rafael Marquez
insert-cup-captains,25,Prizm,false,,Roman Shirokov
insert-cup-captains,26,Prizm,false,,Samuel Eto'o
insert-cup-captains,27,Prizm,false,,Steven Gerrard
insert-cup-captains,28,Prizm,false,,Thiago Silva
insert-cup-captains,29,Prizm,false,,Vincent Enyeama
insert-cup-captains,30,Prizm,false,,Vincent Kompany
insert-cup-captains,1,Purple Prizm,false,99,Alexander Dominguez
insert-cup-captains,2,Purple Prizm,false,99,Asamoah Gyan
insert-cup-captains,3,Purple Prizm,false,99,Bryan Ruiz
insert-cup-captains,4,Purple Prizm,false,99,Claudio Bravo
insert-cup-captains,5,Purple Prizm,false,99,Cristiano Ronaldo
insert-cup-captains,6,Purple Prizm,false,99,Darijo Srna
insert-cup-captains,7,Purple Prizm,false,99,Didier Drogba
insert-cup-captains,8,Purple Prizm,false,99,Diego Lugano
insert-cup-captains,9,Purple Prizm,false,99,Emir Spahic
insert-cup-captains,10,Purple Prizm,false,99,Gianluigi Buffon
insert-cup-captains,11,Purple Prizm,false,99,Giorgos Karagounis
insert-cup-captains,12,Purple Prizm,false,99,Gokhan Inler
insert-cup-captains,13,Purple Prizm,false,99,Hugo Lloris
insert-cup-captains,14,Purple Prizm,false,99,Iker Casillas
insert-cup-captains,15,Purple Prizm,false,99,Javad Nekounam
insert-cup-captains,16,Purple Prizm,false,99,Javier Mascherano
insert-cup-captains,17,Purple Prizm,false,99,Kevin Strootman
insert-cup-captains,18,Purple Prizm,false,99,Landon Donovan
insert-cup-captains,19,Purple Prizm,false,99,Lucas Neill
insert-cup-captains,20,Purple Prizm,false,99,Madjid Bougherra
insert-cup-captains,21,Purple Prizm,false,99,Makoto Hasebe
insert-cup-captains,22,Purple Prizm,false,99,Mario Yepes
insert-cup-captains,23,Purple Prizm,false,99,Philipp Lahm
insert-cup-captains,24,Purple Prizm,false,99,Rafael Marquez
insert-cup-captains,25,Purple Prizm,false,99,Roman Shirokov
insert-cup-captains,26,Purple Prizm,false,99,Samuel Eto'o
insert-cup-captains,27,Purple Prizm,false,99,Steven Gerrard
insert-cup-captains,28,Purple Prizm,false,99,Thiago Silva
insert-cup-captains,29,Purple Prizm,false,99,Vincent Enyeama
insert-cup-captains,30,Purple Prizm,false,99,Vincent Kompany
insert-cup-captains,1,Red Prizm,false,149,Alexander Dominguez
insert-cup-captains,2,Red Prizm,false,149,Asamoah Gyan
insert-cup-captains,3,Red Prizm,false,149,Bryan Ruiz
insert-cup-captains,4,Red Prizm,false,149,Claudio Bravo
insert-cup-captains,5,Red Prizm,false,149,Cristiano Ronaldo
insert-cup-captains,6,Red Prizm,false,149,Darijo Srna
insert-cup-captains,7,Red Prizm,false,149,Didier Drogba
insert-cup-captains,8,Red Prizm,false,149,Diego Lugano
insert-cup-captains,9,Red Prizm,false,149,Emir Spahic
insert-cup-captains,10,Red Prizm,false,149,Gianluigi Buffon
insert-cup-captains,11,Red Prizm,false,149,Giorgos Karagounis
insert-cup-captains,12,Red Prizm,false,149,Gokhan Inler
insert-cup-captains,13,Red Prizm,false,149,Hugo Lloris
insert-cup-captains,14,Red Prizm,false,149,Iker Casillas
insert-cup-captains,15,Red Prizm,false,149,Javad Nekounam
insert-cup-captains,16,Red Prizm,false,149,Javier Mascherano
insert-cup-captains,17,Red Prizm,false,149,Kevin Strootman
insert-cup-captains,18,Red Prizm,false,149,Landon Donovan
insert-cup-captains,19,Red Prizm,false,149,Lucas Neill
insert-cup-captains,20,Red Prizm,false,149,Madjid Bougherra
insert-cup-captains,21,Red Prizm,false,149,Makoto Hasebe
insert-cup-captains,22,Red Prizm,false,149,Mario Yepes
insert-cup-captains,23,Red Prizm,false,149,Philipp Lahm
insert-cup-captains,24,Red Prizm,false,149,Rafael Marquez
insert-cup-captains,25,Red Prizm,false,149,Roman Shirokov
insert-cup-captains,26,Red Prizm,false,149,Samuel Eto'o
insert-cup-captains,27,Red Prizm,false,149,Steven Gerrard
insert-cup-captains,28,Red Prizm,false,149,Thiago Silva
insert-cup-captains,29,Red Prizm,false,149,Vincent Enyeama
insert-cup-captains,30,Red Prizm,false,149,Vincent Kompany
insert-cup-captains,1,Red White Blue Power Plaid Prizm,false,,Alexander Dominguez
insert-cup-captains,2,Red White Blue Power Plaid Prizm,false,,Asamoah Gyan
insert-cup-captains,3,Red White Blue Power Plaid Prizm,false,,Bryan Ruiz
insert-cup-captains,4,Red White Blue Power Plaid Prizm,false,,Claudio Bravo
insert-cup-captains,5,Red White Blue Power Plaid Prizm,false,,Cristiano Ronaldo
insert-cup-captains,6,Red White Blue Power Plaid Prizm,false,,Darijo Srna
insert-cup-captains,7,Red White Blue Power Plaid Prizm,false,,Didier Drogba
insert-cup-captains,8,Red White Blue Power Plaid Prizm,false,,Diego Lugano
insert-cup-captains,9,Red White Blue Power Plaid Prizm,false,,Emir Spahic
insert-cup-captains,10,Red White Blue Power Plaid Prizm,false,,Gianluigi Buffon
insert-cup-captains,11,Red White Blue Power Plaid Prizm,false,,Giorgos Karagounis
insert-cup-captains,12,Red White Blue Power Plaid Prizm,false,,Gokhan Inler
insert-cup-captains,13,Red White Blue Power Plaid Prizm,false,,Hugo Lloris
insert-cup-captains,14,Red White Blue Power Plaid Prizm,false,,Iker Casillas
insert-cup-captains,15,Red White Blue Power Plaid Prizm,false,,Javad Nekounam
insert-cup-captains,16,Red White Blue Power Plaid Prizm,false,,Javier Mascherano
insert-cup-captains,17,Red White Blue Power Plaid Prizm,false,,Kevin Strootman
insert-cup-captains,18,Red White Blue Power Plaid Prizm,false,,Landon Donovan
insert-cup-captains,19,Red White Blue Power Plaid Prizm,false,,Lucas Neill
insert-cup-captains,20,Red White Blue Power Plaid Prizm,false,,Madjid Bougherra
insert-cup-captains,21,Red White Blue Power Plaid Prizm,false,,Makoto Hasebe
insert-cup-captains,22,Red White Blue Power Plaid Prizm,false,,Mario Yepes
insert-cup-captains,23,Red White Blue Power Plaid Prizm,false,,Philipp Lahm
insert-cup-captains,24,Red White Blue Power Plaid Prizm,false,,Rafael Marquez
insert-cup-captains,25,Red White Blue Power Plaid Prizm,false,,Roman Shirokov
insert-cup-captains,26,Red White Blue Power Plaid Prizm,false,,Samuel Eto'o
insert-cup-captains,27,Red White Blue Power Plaid Prizm,false,,Steven Gerrard
insert-cup-captains,28,Red White Blue Power Plaid Prizm,false,,Thiago Silva
insert-cup-captains,29,Red White Blue Power Plaid Prizm,false,,Vincent Enyeama
insert-cup-captains,30,Red White Blue Power Plaid Prizm,false,,Vincent Kompany
insert-cup-captains,1,Yellow Red Pulsar Prizm,false,,Alexander Dominguez
insert-cup-captains,2,Yellow Red Pulsar Prizm,false,,Asamoah Gyan
insert-cup-captains,3,Yellow Red Pulsar Prizm,false,,Bryan Ruiz
insert-cup-captains,4,Yellow Red Pulsar Prizm,false,,Claudio Bravo
insert-cup-captains,5,Yellow Red Pulsar Prizm,false,,Cristiano Ronaldo
insert-cup-captains,6,Yellow Red Pulsar Prizm,false,,Darijo Srna
insert-cup-captains,7,Yellow Red Pulsar Prizm,false,,Didier Drogba
insert-cup-captains,8,Yellow Red Pulsar Prizm,false,,Diego Lugano
insert-cup-captains,9,Yellow Red Pulsar Prizm,false,,Emir Spahic
insert-cup-captains,10,Yellow Red Pulsar Prizm,false,,Gianluigi Buffon
insert-cup-captains,11,Yellow Red Pulsar Prizm,false,,Giorgos Karagounis
insert-cup-captains,12,Yellow Red Pulsar Prizm,false,,Gokhan Inler
insert-cup-captains,13,Yellow Red Pulsar Prizm,false,,Hugo Lloris
insert-cup-captains,14,Yellow Red Pulsar Prizm,false,,Iker Casillas
insert-cup-captains,15,Yellow Red Pulsar Prizm,false,,Javad Nekounam
insert-cup-captains,16,Yellow Red Pulsar Prizm,false,,Javier Mascherano
insert-cup-captains,17,Yellow Red Pulsar Prizm,false,,Kevin Strootman
insert-cup-captains,18,Yellow Red Pulsar Prizm,false,,Landon Donovan
insert-cup-captains,19,Yellow Red Pulsar Prizm,false,,Lucas Neill
insert-cup-captains,20,Yellow Red Pulsar Prizm,false,,Madjid Bougherra
insert-cup-captains,21,Yellow Red Pulsar Prizm,false,,Makoto Hasebe
insert-cup-captains,22,Yellow Red Pulsar Prizm,false,,Mario Yepes
insert-cup-captains,23,Yellow Red Pulsar Prizm,false,,Philipp Lahm
insert-cup-captains,24,Yellow Red Pulsar Prizm,false,,Rafael Marquez
insert-cup-captains,25,Yellow Red Pulsar Prizm,false,,Roman Shirokov
insert-cup-captains,26,Yellow Red Pulsar Prizm,false,,Samuel Eto'o
insert-cup-captains,27,Yellow Red Pulsar Prizm,false,,Steven Gerrard
insert-cup-captains,28,Yellow Red Pulsar Prizm,false,,Thiago Silva
insert-cup-captains,29,Yellow Red Pulsar Prizm,false,,Vincent Enyeama
insert-cup-captains,30,Yellow Red Pulsar Prizm,false,,Vincent Kompany
insert-eusebio-tribute,T-EUS,,false,,Eusébio
insert-eusebio-tribute,T-EUS,Blue Pulsar Prizm,false,55,Eusebio
insert-eusebio-tribute,T-EUS,Prizm,false,,Eusébio
insert-fans-of-the-game,1,,true,,Kobe Bryant
insert-fans-of-the-game,2,,true,,Andrew Luck
insert-fans-of-the-game,1,Black Prizm,true,1,Kobe Bryant
insert-fans-of-the-game,2,Black Prizm,true,1,Andrew Luck
insert-fans-of-the-game,1,Prizm,true,25,Kobe Bryant
insert-fans-of-the-game,2,Prizm,true,25,Andrew Luck
insert-fuleco,1,,false,,Fuleco MAS
insert-fuleco,2,,false,,Fuleco MAS
insert-fuleco,3,,false,,Fuleco MAS
insert-fuleco,1,Black Prizm,false,1,Fuleco MAS
insert-fuleco,2,Black Prizm,false,1,Fuleco MAS
insert-fuleco,3,Black Prizm,false,1,Fuleco MAS
insert-fuleco,1,Blue Red Wave Prizm,false,,Fuleco MAS
insert-fuleco,2,Blue Red Wave Prizm,false,,Fuleco MAS
insert-fuleco,3,Blue Red Wave Prizm,false,,Fuleco MAS
insert-fuleco,1,Blue Prizm,false,199,Fuleco MAS
insert-fuleco,2,Blue Prizm,false,199,Fuleco MAS
insert-fuleco,3,Blue Prizm,false,199,Fuleco MAS
insert-fuleco,1,Gold Power Prizm,false,5,Fuleco MAS
insert-fuleco,2,Gold Power Prizm,false,5,Fuleco MAS
insert-fuleco,3,Gold Power Prizm,false,5,Fuleco MAS
insert-fuleco,1,Gold Prizm,false,10,Fuleco MAS
insert-fuleco,2,Gold Prizm,false,10,Fuleco MAS
insert-fuleco,3,Gold Prizm,false,10,Fuleco MAS
insert-fuleco,1,Green Crystal Prizm,false,25,Fuleco MAS
insert-fuleco,2,Green Crystal Prizm,false,25,Fuleco MAS
insert-fuleco,3,Green Crystal Prizm,false,25,Fuleco MAS
insert-fuleco,1,Prizm,false,,Fuleco MAS
insert-fuleco,2,Prizm,false,,Fuleco MAS
insert-fuleco,3,Prizm,false,,Fuleco MAS
insert-fuleco,1,Purple Prizm,false,99,Fuleco MAS
insert-fuleco,2,Purple Prizm,false,99,Fuleco MAS
insert-fuleco,3,Purple Prizm,false,99,Fuleco MAS
insert-fuleco,1,Red Prizm,false,149,Fuleco MAS
insert-fuleco,2,Red Prizm,false,149,Fuleco MAS
insert-fuleco,3,Red Prizm,false,149,Fuleco MAS
insert-fuleco,1,Red White Blue Power Plaid Prizm,false,,Fuleco MAS
insert-fuleco,2,Red White Blue Power Plaid Prizm,false,,Fuleco MAS
insert-fuleco,3,Red White Blue Power Plaid Prizm,false,,Fuleco MAS
insert-fuleco,1,Yellow Red Pulsar Prizm,false,,Fuleco MAS
insert-fuleco,2,Yellow Red Pulsar Prizm,false,,Fuleco MAS
insert-fuleco,3,Yellow Red Pulsar Prizm,false,,Fuleco MAS
insert-guardians,1,,false,,Rais M'Bolhi
insert-guardians,2,,false,,Sergio Romero
insert-guardians,3,,false,,Thibaut Courtois
insert-guardians,4,,false,,Asmir Begovic
insert-guardians,5,,false,,Julio Cesar
insert-guardians,6,,false,,Charles Itandje
insert-guardians,7,,false,,Claudio Bravo
insert-guardians,8,,false,,Keylor Navas
insert-guardians,9,,false,,Boubacar Barry
insert-guardians,10,,false,,Joe Hart
insert-guardians,11,,false,,Hugo Lloris
insert-guardians,12,,false,,Manuel Neuer
insert-guardians,13,,false,,Jasper Cillessen
insert-guardians,14,,false,,Stipe Pletikosa
insert-guardians,15,,false,,Gianluigi Buffon
insert-guardians,16,,false,,Eiji Kawashima
insert-guardians,17,,false,,Guillermo Ochoa
insert-guardians,18,,false,,Vincent Enyeama
insert-guardians,19,,false,,Rui Patricio
insert-guardians,20,,false,,Igor Akinfeev
insert-guardians,21,,false,,Iker Casillas
insert-guardians,22,,false,,Diego Benaglio
insert-guardians,23,,false,,Fernando Muslera
insert-guardians,24,,false,,Tim Howard
insert-guardians,25,,false,,David Ospina
insert-guardians,1,Black Prizm,false,1,Rais M'Bolhi
insert-guardians,2,Black Prizm,false,1,Sergio Romero
insert-guardians,3,Black Prizm,false,1,Thibaut Courtois
insert-guardians,4,Black Prizm,false,1,Asmir Begovic
insert-guardians,5,Black Prizm,false,1,Julio Cesar
insert-guardians,6,Black Prizm,false,1,Charles Itandje
insert-guardians,7,Black Prizm,false,1,Claudio Bravo
insert-guardians,8,Black Prizm,false,1,Keylor Navas
insert-guardians,9,Black Prizm,false,1,Boubacar Barry
insert-guardians,10,Black Prizm,false,1,Joe Hart
insert-guardians,11,Black Prizm,false,1,Hugo Lloris
insert-guardians,12,Black Prizm,false,1,Manuel Neuer
insert-guardians,13,Black Prizm,false,1,Jasper Cillessen
insert-guardians,14,Black Prizm,false,1,Stipe Pletikosa
insert-guardians,15,Black Prizm,false,1,Gianluigi Buffon
insert-guardians,16,Black Prizm,false,1,Eiji Kawashima
insert-guardians,17,Black Prizm,false,1,Guillermo Ochoa
insert-guardians,18,Black Prizm,false,1,Vincent Enyeama
insert-guardians,19,Black Prizm,false,1,Rui Patricio
insert-guardians,20,Black Prizm,false,1,Igor Akinfeev
insert-guardians,21,Black Prizm,false,1,Iker Casillas
insert-guardians,22,Black Prizm,false,1,Diego Benaglio
insert-guardians,23,Black Prizm,false,1,Fernando Muslera
insert-guardians,24,Black Prizm,false,1,Tim Howard
insert-guardians,25,Black Prizm,false,1,David Ospina
insert-guardians,1,Blue Red Wave Prizm,false,,Rais M'Bolhi
insert-guardians,2,Blue Red Wave Prizm,false,,Sergio Romero
insert-guardians,3,Blue Red Wave Prizm,false,,Thibaut Courtois
insert-guardians,4,Blue Red Wave Prizm,false,,Asmir Begovic
insert-guardians,5,Blue Red Wave Prizm,false,,Julio Cesar
insert-guardians,6,Blue Red Wave Prizm,false,,Charles Itandje
insert-guardians,7,Blue Red Wave Prizm,false,,Claudio Bravo
insert-guardians,8,Blue Red Wave Prizm,false,,Keylor Navas
insert-guardians,9,Blue Red Wave Prizm,false,,Boubacar Barry
insert-guardians,10,Blue Red Wave Prizm,false,,Joe Hart
insert-guardians,11,Blue Red Wave Prizm,false,,Hugo Lloris
insert-guardians,12,Blue Red Wave Prizm,false,,Manuel Neuer
insert-guardians,13,Blue Red Wave Prizm,false,,Jasper Cillessen
insert-guardians,14,Blue Red Wave Prizm,false,,Stipe Pletikosa
insert-guardians,15,Blue Red Wave Prizm,false,,Gianluigi Buffon
insert-guardians,16,Blue Red Wave Prizm,false,,Eiji Kawashima
insert-guardians,17,Blue Red Wave Prizm,false,,Guillermo Ochoa
insert-guardians,18,Blue Red Wave Prizm,false,,Vincent Enyeama
insert-guardians,19,Blue Red Wave Prizm,false,,Rui Patricio
insert-guardians,20,Blue Red Wave Prizm,false,,Igor Akinfeev
insert-guardians,21,Blue Red Wave Prizm,false,,Iker Casillas
insert-guardians,22,Blue Red Wave Prizm,false,,Diego Benaglio
insert-guardians,23,Blue Red Wave Prizm,false,,Fernando Muslera
insert-guardians,24,Blue Red Wave Prizm,false,,Tim Howard
insert-guardians,25,Blue Red Wave Prizm,false,,David Ospina
insert-guardians,1,Blue Prizm,false,199,Rais M'Bolhi
insert-guardians,2,Blue Prizm,false,199,Sergio Romero
insert-guardians,3,Blue Prizm,false,199,Thibaut Courtois
insert-guardians,4,Blue Prizm,false,199,Asmir Begovic
insert-guardians,5,Blue Prizm,false,199,Julio Cesar
insert-guardians,6,Blue Prizm,false,199,Charles Itandje
insert-guardians,7,Blue Prizm,false,199,Claudio Bravo
insert-guardians,8,Blue Prizm,false,199,Keylor Navas
insert-guardians,9,Blue Prizm,false,199,Boubacar Barry
insert-guardians,10,Blue Prizm,false,199,Joe Hart
insert-guardians,11,Blue Prizm,false,199,Hugo Lloris
insert-guardians,12,Blue Prizm,false,199,Manuel Neuer
insert-guardians,13,Blue Prizm,false,199,Jasper Cillessen
insert-guardians,14,Blue Prizm,false,199,Stipe Pletikosa
insert-guardians,15,Blue Prizm,false,199,Gianluigi Buffon
insert-guardians,16,Blue Prizm,false,199,Eiji Kawashima
insert-guardians,17,Blue Prizm,false,199,Guillermo Ochoa
insert-guardians,18,Blue Prizm,false,199,Vincent Enyeama
insert-guardians,19,Blue Prizm,false,199,Rui Patricio
insert-guardians,20,Blue Prizm,false,199,Igor Akinfeev
insert-guardians,21,Blue Prizm,false,199,Iker Casillas
insert-guardians,22,Blue Prizm,false,199,Diego Benaglio
insert-guardians,23,Blue Prizm,false,199,Fernando Muslera
insert-guardians,24,Blue Prizm,false,199,Tim Howard
insert-guardians,25,Blue Prizm,false,199,David Ospina
insert-guardians,1,Gold Power Prizm,false,5,Rais M'Bolhi
insert-guardians,2,Gold Power Prizm,false,5,Sergio Romero
insert-guardians,3,Gold Power Prizm,false,5,Thibaut Courtois
insert-guardians,4,Gold Power Prizm,false,5,Asmir Begovic
insert-guardians,5,Gold Power Prizm,false,5,Julio Cesar
insert-guardians,6,Gold Power Prizm,false,5,Charles Itandje
insert-guardians,7,Gold Power Prizm,false,5,Claudio Bravo
insert-guardians,8,Gold Power Prizm,false,5,Keylor Navas
insert-guardians,9,Gold Power Prizm,false,5,Boubacar Barry
insert-guardians,10,Gold Power Prizm,false,5,Joe Hart
insert-guardians,11,Gold Power Prizm,false,5,Hugo Lloris
insert-guardians,12,Gold Power Prizm,false,5,Manuel Neuer
insert-guardians,13,Gold Power Prizm,false,5,Jasper Cillessen
insert-guardians,14,Gold Power Prizm,false,5,Stipe Pletikosa
insert-guardians,15,Gold Power Prizm,false,5,Gianluigi Buffon
insert-guardians,16,Gold Power Prizm,false,5,Eiji Kawashima
insert-guardians,17,Gold Power Prizm,false,5,Guillermo Ochoa
insert-guardians,18,Gold Power Prizm,false,5,Vincent Enyeama
insert-guardians,19,Gold Power Prizm,false,5,Rui Patricio
insert-guardians,20,Gold Power Prizm,false,5,Igor Akinfeev
insert-guardians,21,Gold Power Prizm,false,5,Iker Casillas
insert-guardians,22,Gold Power Prizm,false,5,Diego Benaglio
insert-guardians,23,Gold Power Prizm,false,5,Fernando Muslera
insert-guardians,24,Gold Power Prizm,false,5,Tim Howard
insert-guardians,25,Gold Power Prizm,false,5,David Ospina
insert-guardians,1,Gold Prizm,false,10,Rais M'Bolhi
insert-guardians,2,Gold Prizm,false,10,Sergio Romero
insert-guardians,3,Gold Prizm,false,10,Thibaut Courtois
insert-guardians,4,Gold Prizm,false,10,Asmir Begovic
insert-guardians,5,Gold Prizm,false,10,Julio Cesar
insert-guardians,6,Gold Prizm,false,10,Charles Itandje
insert-guardians,7,Gold Prizm,false,10,Claudio Bravo
insert-guardians,8,Gold Prizm,false,10,Keylor Navas
insert-guardians,9,Gold Prizm,false,10,Boubacar Barry
insert-guardians,10,Gold Prizm,false,10,Joe Hart
insert-guardians,11,Gold Prizm,false,10,Hugo Lloris
insert-guardians,12,Gold Prizm,false,10,Manuel Neuer
insert-guardians,13,Gold Prizm,false,10,Jasper Cillessen
insert-guardians,14,Gold Prizm,false,10,Stipe Pletikosa
insert-guardians,15,Gold Prizm,false,10,Gianluigi Buffon
insert-guardians,16,Gold Prizm,false,10,Eiji Kawashima
insert-guardians,17,Gold Prizm,false,10,Guillermo Ochoa
insert-guardians,18,Gold Prizm,false,10,Vincent Enyeama
insert-guardians,19,Gold Prizm,false,10,Rui Patricio
insert-guardians,20,Gold Prizm,false,10,Igor Akinfeev
insert-guardians,21,Gold Prizm,false,10,Iker Casillas
insert-guardians,22,Gold Prizm,false,10,Diego Benaglio
insert-guardians,23,Gold Prizm,false,10,Fernando Muslera
insert-guardians,24,Gold Prizm,false,10,Tim Howard
insert-guardians,25,Gold Prizm,false,10,David Ospina
insert-guardians,1,Green Crystal Prizm,false,25,Rais M'Bolhi
insert-guardians,2,Green Crystal Prizm,false,25,Sergio Romero
insert-guardians,3,Green Crystal Prizm,false,25,Thibaut Courtois
insert-guardians,4,Green Crystal Prizm,false,25,Asmir Begovic
insert-guardians,5,Green Crystal Prizm,false,25,Julio Cesar
insert-guardians,6,Green Crystal Prizm,false,25,Charles Itandje
insert-guardians,7,Green Crystal Prizm,false,25,Claudio Bravo
insert-guardians,8,Green Crystal Prizm,false,25,Keylor Navas
insert-guardians,9,Green Crystal Prizm,false,25,Boubacar Barry
insert-guardians,10,Green Crystal Prizm,false,25,Joe Hart
insert-guardians,11,Green Crystal Prizm,false,25,Hugo Lloris
insert-guardians,12,Green Crystal Prizm,false,25,Manuel Neuer
insert-guardians,13,Green Crystal Prizm,false,25,Jasper Cillessen
insert-guardians,14,Green Crystal Prizm,false,25,Stipe Pletikosa
insert-guardians,15,Green Crystal Prizm,false,25,Gianluigi Buffon
insert-guardians,16,Green Crystal Prizm,false,25,Eiji Kawashima
insert-guardians,17,Green Crystal Prizm,false,25,Guillermo Ochoa
insert-guardians,18,Green Crystal Prizm,false,25,Vincent Enyeama
insert-guardians,19,Green Crystal Prizm,false,25,Rui Patricio
insert-guardians,20,Green Crystal Prizm,false,25,Igor Akinfeev
insert-guardians,21,Green Crystal Prizm,false,25,Iker Casillas
insert-guardians,22,Green Crystal Prizm,false,25,Diego Benaglio
insert-guardians,23,Green Crystal Prizm,false,25,Fernando Muslera
insert-guardians,24,Green Crystal Prizm,false,25,Tim Howard
insert-guardians,25,Green Crystal Prizm,false,25,David Ospina
insert-guardians,1,Prizm,false,,Rais M'Bolhi
insert-guardians,2,Prizm,false,,Sergio Romero
insert-guardians,3,Prizm,false,,Thibaut Courtois
insert-guardians,4,Prizm,false,,Asmir Begovic
insert-guardians,5,Prizm,false,,Julio Cesar
insert-guardians,6,Prizm,false,,Charles Itandje
insert-guardians,7,Prizm,false,,Claudio Bravo
insert-guardians,8,Prizm,false,,Keylor Navas
insert-guardians,9,Prizm,false,,Boubacar Barry
insert-guardians,10,Prizm,false,,Joe Hart
insert-guardians,11,Prizm,false,,Hugo Lloris
insert-guardians,12,Prizm,false,,Manuel Neuer
insert-guardians,13,Prizm,false,,Jasper Cillessen
insert-guardians,14,Prizm,false,,Stipe Pletikosa
insert-guardians,15,Prizm,false,,Gianluigi Buffon
insert-guardians,16,Prizm,false,,Eiji Kawashima
insert-guardians,17,Prizm,false,,Guillermo Ochoa
insert-guardians,18,Prizm,false,,Vincent Enyeama
insert-guardians,19,Prizm,false,,Rui Patricio
insert-guardians,20,Prizm,false,,Igor Akinfeev
insert-guardians,21,Prizm,false,,Iker Casillas
insert-guardians,22,Prizm,false,,Diego Benaglio
insert-guardians,23,Prizm,false,,Fernando Muslera
insert-guardians,24,Prizm,false,,Tim Howard
insert-guardians,25,Prizm,false,,David Ospina
insert-guardians,1,Purple Prizm,false,99,Rais M'Bolhi
insert-guardians,2,Purple Prizm,false,99,Sergio Romero
insert-guardians,3,Purple Prizm,false,99,Thibaut Courtois
insert-guardians,4,Purple Prizm,false,99,Asmir Begovic
insert-guardians,5,Purple Prizm,false,99,Julio Cesar
insert-guardians,6,Purple Prizm,false,99,Charles Itandje
insert-guardians,7,Purple Prizm,false,99,Claudio Bravo
insert-guardians,8,Purple Prizm,false,99,Keylor Navas
insert-guardians,9,Purple Prizm,false,99,Boubacar Barry
insert-guardians,10,Purple Prizm,false,99,Joe Hart
insert-guardians,11,Purple Prizm,false,99,Hugo Lloris
insert-guardians,12,Purple Prizm,false,99,Manuel Neuer
insert-guardians,13,Purple Prizm,false,99,Jasper Cillessen
insert-guardians,14,Purple Prizm,false,99,Stipe Pletikosa
insert-guardians,15,Purple Prizm,false,99,Gianluigi Buffon
insert-guardians,16,Purple Prizm,false,99,Eiji Kawashima
insert-guardians,17,Purple Prizm,false,99,Guillermo Ochoa
insert-guardians,18,Purple Prizm,false,99,Vincent Enyeama
insert-guardians,19,Purple Prizm,false,99,Rui Patricio
insert-guardians,20,Purple Prizm,false,99,Igor Akinfeev
insert-guardians,21,Purple Prizm,false,99,Iker Casillas
insert-guardians,22,Purple Prizm,false,99,Diego Benaglio
insert-guardians,23,Purple Prizm,false,99,Fernando Muslera
insert-guardians,24,Purple Prizm,false,99,Tim Howard
insert-guardians,25,Purple Prizm,false,99,David Ospina
insert-guardians,1,Red Prizm,false,149,Rais M'Bolhi
insert-guardians,2,Red Prizm,false,149,Sergio Romero
insert-guardians,3,Red Prizm,false,149,Thibaut Courtois
insert-guardians,4,Red Prizm,false,149,Asmir Begovic
insert-guardians,5,Red Prizm,false,149,Julio Cesar
insert-guardians,6,Red Prizm,false,149,Charles Itandje
insert-guardians,7,Red Prizm,false,149,Claudio Bravo
insert-guardians,8,Red Prizm,false,149,Keylor Navas
insert-guardians,9,Red Prizm,false,149,Boubacar Barry
insert-guardians,10,Red Prizm,false,149,Joe Hart
insert-guardians,11,Red Prizm,false,149,Hugo Lloris
insert-guardians,12,Red Prizm,false,149,Manuel Neuer
insert-guardians,13,Red Prizm,false,149,Jasper Cillessen
insert-guardians,14,Red Prizm,false,149,Stipe Pletikosa
insert-guardians,15,Red Prizm,false,149,Gianluigi Buffon
insert-guardians,16,Red Prizm,false,149,Eiji Kawashima
insert-guardians,17,Red Prizm,false,149,Guillermo Ochoa
insert-guardians,18,Red Prizm,false,149,Vincent Enyeama
insert-guardians,19,Red Prizm,false,149,Rui Patricio
insert-guardians,20,Red Prizm,false,149,Igor Akinfeev
insert-guardians,21,Red Prizm,false,149,Iker Casillas
insert-guardians,22,Red Prizm,false,149,Diego Benaglio
insert-guardians,23,Red Prizm,false,149,Fernando Muslera
insert-guardians,24,Red Prizm,false,149,Tim Howard
insert-guardians,25,Red Prizm,false,149,David Ospina
insert-guardians,1,Red White Blue Power Plaid Prizm,false,,Rais M'Bolhi
insert-guardians,2,Red White Blue Power Plaid Prizm,false,,Sergio Romero
insert-guardians,3,Red White Blue Power Plaid Prizm,false,,Thibaut Courtois
insert-guardians,4,Red White Blue Power Plaid Prizm,false,,Asmir Begovic
insert-guardians,5,Red White Blue Power Plaid Prizm,false,,Julio Cesar
insert-guardians,6,Red White Blue Power Plaid Prizm,false,,Charles Itandje
insert-guardians,7,Red White Blue Power Plaid Prizm,false,,Claudio Bravo
insert-guardians,8,Red White Blue Power Plaid Prizm,false,,Keylor Navas
insert-guardians,9,Red White Blue Power Plaid Prizm,false,,Boubacar Barry
insert-guardians,10,Red White Blue Power Plaid Prizm,false,,Joe Hart
insert-guardians,11,Red White Blue Power Plaid Prizm,false,,Hugo Lloris
insert-guardians,12,Red White Blue Power Plaid Prizm,false,,Manuel Neuer
insert-guardians,13,Red White Blue Power Plaid Prizm,false,,Jasper Cillessen
insert-guardians,14,Red White Blue Power Plaid Prizm,false,,Stipe Pletikosa
insert-guardians,15,Red White Blue Power Plaid Prizm,false,,Gianluigi Buffon
insert-guardians,16,Red White Blue Power Plaid Prizm,false,,Eiji Kawashima
insert-guardians,17,Red White Blue Power Plaid Prizm,false,,Guillermo Ochoa
insert-guardians,18,Red White Blue Power Plaid Prizm,false,,Vincent Enyeama
insert-guardians,19,Red White Blue Power Plaid Prizm,false,,Rui Patricio
insert-guardians,20,Red White Blue Power Plaid Prizm,false,,Igor Akinfeev
insert-guardians,21,Red White Blue Power Plaid Prizm,false,,Iker Casillas
insert-guardians,22,Red White Blue Power Plaid Prizm,false,,Diego Benaglio
insert-guardians,23,Red White Blue Power Plaid Prizm,false,,Fernando Muslera
insert-guardians,24,Red White Blue Power Plaid Prizm,false,,Tim Howard
insert-guardians,25,Red White Blue Power Plaid Prizm,false,,David Ospina
insert-guardians,1,Yellow Red Pulsar Prizm,false,,Rais M'Bolhi
insert-guardians,2,Yellow Red Pulsar Prizm,false,,Sergio Romero
insert-guardians,3,Yellow Red Pulsar Prizm,false,,Thibaut Courtois
insert-guardians,4,Yellow Red Pulsar Prizm,false,,Asmir Begovic
insert-guardians,5,Yellow Red Pulsar Prizm,false,,Julio Cesar
insert-guardians,6,Yellow Red Pulsar Prizm,false,,Charles Itandje
insert-guardians,7,Yellow Red Pulsar Prizm,false,,Claudio Bravo
insert-guardians,8,Yellow Red Pulsar Prizm,false,,Keylor Navas
insert-guardians,9,Yellow Red Pulsar Prizm,false,,Boubacar Barry
insert-guardians,10,Yellow Red Pulsar Prizm,false,,Joe Hart
insert-guardians,11,Yellow Red Pulsar Prizm,false,,Hugo Lloris
insert-guardians,12,Yellow Red Pulsar Prizm,false,,Manuel Neuer
insert-guardians,13,Yellow Red Pulsar Prizm,false,,Jasper Cillessen
insert-guardians,14,Yellow Red Pulsar Prizm,false,,Stipe Pletikosa
insert-guardians,15,Yellow Red Pulsar Prizm,false,,Gianluigi Buffon
insert-guardians,16,Yellow Red Pulsar Prizm,false,,Eiji Kawashima
insert-guardians,17,Yellow Red Pulsar Prizm,false,,Guillermo Ochoa
insert-guardians,18,Yellow Red Pulsar Prizm,false,,Vincent Enyeama
insert-guardians,19,Yellow Red Pulsar Prizm,false,,Rui Patricio
insert-guardians,20,Yellow Red Pulsar Prizm,false,,Igor Akinfeev
insert-guardians,21,Yellow Red Pulsar Prizm,false,,Iker Casillas
insert-guardians,22,Yellow Red Pulsar Prizm,false,,Diego Benaglio
insert-guardians,23,Yellow Red Pulsar Prizm,false,,Fernando Muslera
insert-guardians,24,Yellow Red Pulsar Prizm,false,,Tim Howard
insert-guardians,25,Yellow Red Pulsar Prizm,false,,David Ospina
insert-net-finders,1,,false,,Gonzalo Higuain
insert-net-finders,2,,false,,Lionel Messi
insert-net-finders,3,,false,,Sergio Aguero
insert-net-finders,4,,false,,Edin Dzeko
insert-net-finders,5,,false,,Neymar Jr.
insert-net-finders,6,,false,,Samuel Eto'o
insert-net-finders,7,,false,,Radamel Falcao
insert-net-finders,8,,false,,Didier Drogba
insert-net-finders,9,,false,,Wayne Rooney
insert-net-finders,10,,false,,Karim Benzema
insert-net-finders,11,,false,,Lukas Podolski
insert-net-finders,12,,false,,Marco Reus
insert-net-finders,13,,false,,Kostas Mitroglou
insert-net-finders,14,,false,,Robin van Persie
insert-net-finders,15,,false,,Mario Mandzukic
insert-net-finders,16,,false,,Giuseppe Rossi
insert-net-finders,17,,false,,Mario Balotelli
insert-net-finders,18,,false,,Shinji Okazaki
insert-net-finders,19,,false,,Javier Hernandez
insert-net-finders,20,,false,,Cristiano Ronaldo
insert-net-finders,21,,false,,Aleksandr Kerzhakov
insert-net-finders,22,,false,,David Villa
insert-net-finders,23,,false,,Edinson Cavani
insert-net-finders,24,,false,,Luis Suarez
insert-net-finders,25,,false,,Landon Donovan
insert-net-finders,1,Black Prizm,false,1,Gonzalo Higuain
insert-net-finders,2,Black Prizm,false,1,Lionel Messi
insert-net-finders,3,Black Prizm,false,1,Sergio Aguero
insert-net-finders,4,Black Prizm,false,1,Edin Dzeko
insert-net-finders,5,Black Prizm,false,1,Neymar Jr.
insert-net-finders,6,Black Prizm,false,1,Samuel Eto'o
insert-net-finders,7,Black Prizm,false,1,Radamel Falcao
insert-net-finders,8,Black Prizm,false,1,Didier Drogba
insert-net-finders,9,Black Prizm,false,1,Wayne Rooney
insert-net-finders,10,Black Prizm,false,1,Karim Benzema
insert-net-finders,11,Black Prizm,false,1,Lukas Podolski
insert-net-finders,12,Black Prizm,false,1,Marco Reus
insert-net-finders,13,Black Prizm,false,1,Kostas Mitroglou
insert-net-finders,14,Black Prizm,false,1,Robin van Persie
insert-net-finders,15,Black Prizm,false,1,Mario Mandzukic
insert-net-finders,16,Black Prizm,false,1,Giuseppe Rossi
insert-net-finders,17,Black Prizm,false,1,Mario Balotelli
insert-net-finders,18,Black Prizm,false,1,Shinji Okazaki
insert-net-finders,19,Black Prizm,false,1,Javier Hernandez
insert-net-finders,20,Black Prizm,false,1,Cristiano Ronaldo
insert-net-finders,21,Black Prizm,false,1,Aleksandr Kerzhakov
insert-net-finders,22,Black Prizm,false,1,David Villa
insert-net-finders,23,Black Prizm,false,1,Edinson Cavani
insert-net-finders,24,Black Prizm,false,1,Luis Suarez
insert-net-finders,25,Black Prizm,false,1,Landon Donovan
insert-net-finders,1,Blue Red Wave Prizm,false,,Gonzalo Higuain
insert-net-finders,2,Blue Red Wave Prizm,false,,Lionel Messi
insert-net-finders,3,Blue Red Wave Prizm,false,,Sergio Aguero
insert-net-finders,4,Blue Red Wave Prizm,false,,Edin Dzeko
insert-net-finders,5,Blue Red Wave Prizm,false,,Neymar Jr.
insert-net-finders,6,Blue Red Wave Prizm,false,,Samuel Eto'o
insert-net-finders,7,Blue Red Wave Prizm,false,,Radamel Falcao
insert-net-finders,8,Blue Red Wave Prizm,false,,Didier Drogba
insert-net-finders,9,Blue Red Wave Prizm,false,,Wayne Rooney
insert-net-finders,10,Blue Red Wave Prizm,false,,Karim Benzema
insert-net-finders,11,Blue Red Wave Prizm,false,,Lukas Podolski
insert-net-finders,12,Blue Red Wave Prizm,false,,Marco Reus
insert-net-finders,13,Blue Red Wave Prizm,false,,Kostas Mitroglou
insert-net-finders,14,Blue Red Wave Prizm,false,,Robin van Persie
insert-net-finders,15,Blue Red Wave Prizm,false,,Mario Mandzukic
insert-net-finders,16,Blue Red Wave Prizm,false,,Giuseppe Rossi
insert-net-finders,17,Blue Red Wave Prizm,false,,Mario Balotelli
insert-net-finders,18,Blue Red Wave Prizm,false,,Shinji Okazaki
insert-net-finders,19,Blue Red Wave Prizm,false,,Javier Hernandez
insert-net-finders,20,Blue Red Wave Prizm,false,,Cristiano Ronaldo
insert-net-finders,21,Blue Red Wave Prizm,false,,Aleksandr Kerzhakov
insert-net-finders,22,Blue Red Wave Prizm,false,,David Villa
insert-net-finders,23,Blue Red Wave Prizm,false,,Edinson Cavani
insert-net-finders,24,Blue Red Wave Prizm,false,,Luis Suarez
insert-net-finders,25,Blue Red Wave Prizm,false,,Landon Donovan
insert-net-finders,1,Blue Prizm,false,199,Gonzalo Higuain
insert-net-finders,2,Blue Prizm,false,199,Lionel Messi
insert-net-finders,3,Blue Prizm,false,199,Sergio Aguero
insert-net-finders,4,Blue Prizm,false,199,Edin Dzeko
insert-net-finders,5,Blue Prizm,false,199,Neymar Jr.
insert-net-finders,6,Blue Prizm,false,199,Samuel Eto'o
insert-net-finders,7,Blue Prizm,false,199,Radamel Falcao
insert-net-finders,8,Blue Prizm,false,199,Didier Drogba
insert-net-finders,9,Blue Prizm,false,199,Wayne Rooney
insert-net-finders,10,Blue Prizm,false,199,Karim Benzema
insert-net-finders,11,Blue Prizm,false,199,Lukas Podolski
insert-net-finders,12,Blue Prizm,false,199,Marco Reus
insert-net-finders,13,Blue Prizm,false,199,Kostas Mitroglou
insert-net-finders,14,Blue Prizm,false,199,Robin van Persie
insert-net-finders,15,Blue Prizm,false,199,Mario Mandzukic
insert-net-finders,16,Blue Prizm,false,199,Giuseppe Rossi
insert-net-finders,17,Blue Prizm,false,199,Mario Balotelli
insert-net-finders,18,Blue Prizm,false,199,Shinji Okazaki
insert-net-finders,19,Blue Prizm,false,199,Javier Hernandez
insert-net-finders,20,Blue Prizm,false,199,Cristiano Ronaldo
insert-net-finders,21,Blue Prizm,false,199,Aleksandr Kerzhakov
insert-net-finders,22,Blue Prizm,false,199,David Villa
insert-net-finders,23,Blue Prizm,false,199,Edinson Cavani
insert-net-finders,24,Blue Prizm,false,199,Luis Suarez
insert-net-finders,25,Blue Prizm,false,199,Landon Donovan
insert-net-finders,1,Gold Power Prizm,false,5,Gonzalo Higuain
insert-net-finders,2,Gold Power Prizm,false,5,Lionel Messi
insert-net-finders,3,Gold Power Prizm,false,5,Sergio Aguero
insert-net-finders,4,Gold Power Prizm,false,5,Edin Dzeko
insert-net-finders,5,Gold Power Prizm,false,5,Neymar Jr.
insert-net-finders,6,Gold Power Prizm,false,5,Samuel Eto'o
insert-net-finders,7,Gold Power Prizm,false,5,Radamel Falcao
insert-net-finders,8,Gold Power Prizm,false,5,Didier Drogba
insert-net-finders,9,Gold Power Prizm,false,5,Wayne Rooney
insert-net-finders,10,Gold Power Prizm,false,5,Karim Benzema
insert-net-finders,11,Gold Power Prizm,false,5,Lukas Podolski
insert-net-finders,12,Gold Power Prizm,false,5,Marco Reus
insert-net-finders,13,Gold Power Prizm,false,5,Kostas Mitroglou
insert-net-finders,14,Gold Power Prizm,false,5,Robin van Persie
insert-net-finders,15,Gold Power Prizm,false,5,Mario Mandzukic
insert-net-finders,16,Gold Power Prizm,false,5,Giuseppe Rossi
insert-net-finders,17,Gold Power Prizm,false,5,Mario Balotelli
insert-net-finders,18,Gold Power Prizm,false,5,Shinji Okazaki
insert-net-finders,19,Gold Power Prizm,false,5,Javier Hernandez
insert-net-finders,20,Gold Power Prizm,false,5,Cristiano Ronaldo
insert-net-finders,21,Gold Power Prizm,false,5,Aleksandr Kerzhakov
insert-net-finders,22,Gold Power Prizm,false,5,David Villa
insert-net-finders,23,Gold Power Prizm,false,5,Edinson Cavani
insert-net-finders,24,Gold Power Prizm,false,5,Luis Suarez
insert-net-finders,25,Gold Power Prizm,false,5,Landon Donovan
insert-net-finders,1,Gold Prizm,false,10,Gonzalo Higuain
insert-net-finders,2,Gold Prizm,false,10,Lionel Messi
insert-net-finders,3,Gold Prizm,false,10,Sergio Aguero
insert-net-finders,4,Gold Prizm,false,10,Edin Dzeko
insert-net-finders,5,Gold Prizm,false,10,Neymar Jr.
insert-net-finders,6,Gold Prizm,false,10,Samuel Eto'o
insert-net-finders,7,Gold Prizm,false,10,Radamel Falcao
insert-net-finders,8,Gold Prizm,false,10,Didier Drogba
insert-net-finders,9,Gold Prizm,false,10,Wayne Rooney
insert-net-finders,10,Gold Prizm,false,10,Karim Benzema
insert-net-finders,11,Gold Prizm,false,10,Lukas Podolski
insert-net-finders,12,Gold Prizm,false,10,Marco Reus
insert-net-finders,13,Gold Prizm,false,10,Kostas Mitroglou
insert-net-finders,14,Gold Prizm,false,10,Robin van Persie
insert-net-finders,15,Gold Prizm,false,10,Mario Mandzukic
insert-net-finders,16,Gold Prizm,false,10,Giuseppe Rossi
insert-net-finders,17,Gold Prizm,false,10,Mario Balotelli
insert-net-finders,18,Gold Prizm,false,10,Shinji Okazaki
insert-net-finders,19,Gold Prizm,false,10,Javier Hernandez
insert-net-finders,20,Gold Prizm,false,10,Cristiano Ronaldo
insert-net-finders,21,Gold Prizm,false,10,Aleksandr Kerzhakov
insert-net-finders,22,Gold Prizm,false,10,David Villa
insert-net-finders,23,Gold Prizm,false,10,Edinson Cavani
insert-net-finders,24,Gold Prizm,false,10,Luis Suarez
insert-net-finders,25,Gold Prizm,false,10,Landon Donovan
insert-net-finders,1,Green Crystal Prizm,false,25,Gonzalo Higuain
insert-net-finders,2,Green Crystal Prizm,false,25,Lionel Messi
insert-net-finders,3,Green Crystal Prizm,false,25,Sergio Aguero
insert-net-finders,4,Green Crystal Prizm,false,25,Edin Dzeko
insert-net-finders,5,Green Crystal Prizm,false,25,Neymar Jr.
insert-net-finders,6,Green Crystal Prizm,false,25,Samuel Eto'o
insert-net-finders,7,Green Crystal Prizm,false,25,Radamel Falcao
insert-net-finders,8,Green Crystal Prizm,false,25,Didier Drogba
insert-net-finders,9,Green Crystal Prizm,false,25,Wayne Rooney
insert-net-finders,10,Green Crystal Prizm,false,25,Karim Benzema
insert-net-finders,11,Green Crystal Prizm,false,25,Lukas Podolski
insert-net-finders,12,Green Crystal Prizm,false,25,Marco Reus
insert-net-finders,13,Green Crystal Prizm,false,25,Kostas Mitroglou
insert-net-finders,14,Green Crystal Prizm,false,25,Robin van Persie
insert-net-finders,15,Green Crystal Prizm,false,25,Mario Mandzukic
insert-net-finders,16,Green Crystal Prizm,false,25,Giuseppe Rossi
insert-net-finders,17,Green Crystal Prizm,false,25,Mario Balotelli
insert-net-finders,18,Green Crystal Prizm,false,25,Shinji Okazaki
insert-net-finders,19,Green Crystal Prizm,false,25,Javier Hernandez
insert-net-finders,20,Green Crystal Prizm,false,25,Cristiano Ronaldo
insert-net-finders,21,Green Crystal Prizm,false,25,Aleksandr Kerzhakov
insert-net-finders,22,Green Crystal Prizm,false,25,David Villa
insert-net-finders,23,Green Crystal Prizm,false,25,Edinson Cavani
insert-net-finders,24,Green Crystal Prizm,false,25,Luis Suarez
insert-net-finders,25,Green Crystal Prizm,false,25,Landon Donovan
insert-net-finders,1,Prizm,false,,Gonzalo Higuain
insert-net-finders,2,Prizm,false,,Lionel Messi
insert-net-finders,3,Prizm,false,,Sergio Aguero
insert-net-finders,4,Prizm,false,,Edin Dzeko
insert-net-finders,5,Prizm,false,,Neymar Jr.
insert-net-finders,6,Prizm,false,,Samuel Eto'o
insert-net-finders,7,Prizm,false,,Radamel Falcao
insert-net-finders,8,Prizm,false,,Didier Drogba
insert-net-finders,9,Prizm,false,,Wayne Rooney
insert-net-finders,10,Prizm,false,,Karim Benzema
insert-net-finders,11,Prizm,false,,Lukas Podolski
insert-net-finders,12,Prizm,false,,Marco Reus
insert-net-finders,13,Prizm,false,,Kostas Mitroglou
insert-net-finders,14,Prizm,false,,Robin van Persie
insert-net-finders,15,Prizm,false,,Mario Mandzukic
insert-net-finders,16,Prizm,false,,Giuseppe Rossi
insert-net-finders,17,Prizm,false,,Mario Balotelli
insert-net-finders,18,Prizm,false,,Shinji Okazaki
insert-net-finders,19,Prizm,false,,Javier Hernandez
insert-net-finders,20,Prizm,false,,Cristiano Ronaldo
insert-net-finders,21,Prizm,false,,Aleksandr Kerzhakov
insert-net-finders,22,Prizm,false,,David Villa
insert-net-finders,23,Prizm,false,,Edinson Cavani
insert-net-finders,24,Prizm,false,,Luis Suarez
insert-net-finders,25,Prizm,false,,Landon Donovan
insert-net-finders,1,Purple Prizm,false,99,Gonzalo Higuain
insert-net-finders,2,Purple Prizm,false,99,Lionel Messi
insert-net-finders,3,Purple Prizm,false,99,Sergio Aguero
insert-net-finders,4,Purple Prizm,false,99,Edin Dzeko
insert-net-finders,5,Purple Prizm,false,99,Neymar Jr.
insert-net-finders,6,Purple Prizm,false,99,Samuel Eto'o
insert-net-finders,7,Purple Prizm,false,99,Radamel Falcao
insert-net-finders,8,Purple Prizm,false,99,Didier Drogba
insert-net-finders,9,Purple Prizm,false,99,Wayne Rooney
insert-net-finders,10,Purple Prizm,false,99,Karim Benzema
insert-net-finders,11,Purple Prizm,false,99,Lukas Podolski
insert-net-finders,12,Purple Prizm,false,99,Marco Reus
insert-net-finders,13,Purple Prizm,false,99,Kostas Mitroglou
insert-net-finders,14,Purple Prizm,false,99,Robin van Persie
insert-net-finders,15,Purple Prizm,false,99,Mario Mandzukic
insert-net-finders,16,Purple Prizm,false,99,Giuseppe Rossi
insert-net-finders,17,Purple Prizm,false,99,Mario Balotelli
insert-net-finders,18,Purple Prizm,false,99,Shinji Okazaki
insert-net-finders,19,Purple Prizm,false,99,Javier Hernandez
insert-net-finders,20,Purple Prizm,false,99,Cristiano Ronaldo
insert-net-finders,21,Purple Prizm,false,99,Aleksandr Kerzhakov
insert-net-finders,22,Purple Prizm,false,99,David Villa
insert-net-finders,23,Purple Prizm,false,99,Edinson Cavani
insert-net-finders,24,Purple Prizm,false,99,Luis Suarez
insert-net-finders,25,Purple Prizm,false,99,Landon Donovan
insert-net-finders,1,Red Prizm,false,149,Gonzalo Higuain
insert-net-finders,2,Red Prizm,false,149,Lionel Messi
insert-net-finders,3,Red Prizm,false,149,Sergio Aguero
insert-net-finders,4,Red Prizm,false,149,Edin Dzeko
insert-net-finders,5,Red Prizm,false,149,Neymar Jr.
insert-net-finders,6,Red Prizm,false,149,Samuel Eto'o
insert-net-finders,7,Red Prizm,false,149,Radamel Falcao
insert-net-finders,8,Red Prizm,false,149,Didier Drogba
insert-net-finders,9,Red Prizm,false,149,Wayne Rooney
insert-net-finders,10,Red Prizm,false,149,Karim Benzema
insert-net-finders,11,Red Prizm,false,149,Lukas Podolski
insert-net-finders,12,Red Prizm,false,149,Marco Reus
insert-net-finders,13,Red Prizm,false,149,Kostas Mitroglou
insert-net-finders,14,Red Prizm,false,149,Robin van Persie
insert-net-finders,15,Red Prizm,false,149,Mario Mandzukic
insert-net-finders,16,Red Prizm,false,149,Giuseppe Rossi
insert-net-finders,17,Red Prizm,false,149,Mario Balotelli
insert-net-finders,18,Red Prizm,false,149,Shinji Okazaki
insert-net-finders,19,Red Prizm,false,149,Javier Hernandez
insert-net-finders,20,Red Prizm,false,149,Cristiano Ronaldo
insert-net-finders,21,Red Prizm,false,149,Aleksandr Kerzhakov
insert-net-finders,22,Red Prizm,false,149,David Villa
insert-net-finders,23,Red Prizm,false,149,Edinson Cavani
insert-net-finders,24,Red Prizm,false,149,Luis Suarez
insert-net-finders,25,Red Prizm,false,149,Landon Donovan
insert-net-finders,1,Red White Blue Power Plaid Prizm,false,,Gonzalo Higuain
insert-net-finders,2,Red White Blue Power Plaid Prizm,false,,Lionel Messi
insert-net-finders,3,Red White Blue Power Plaid Prizm,false,,Sergio Aguero
insert-net-finders,4,Red White Blue Power Plaid Prizm,false,,Edin Dzeko
insert-net-finders,5,Red White Blue Power Plaid Prizm,false,,Neymar Jr.
insert-net-finders,6,Red White Blue Power Plaid Prizm,false,,Samuel Eto'o
insert-net-finders,7,Red White Blue Power Plaid Prizm,false,,Radamel Falcao
insert-net-finders,8,Red White Blue Power Plaid Prizm,false,,Didier Drogba
insert-net-finders,9,Red White Blue Power Plaid Prizm,false,,Wayne Rooney
insert-net-finders,10,Red White Blue Power Plaid Prizm,false,,Karim Benzema
insert-net-finders,11,Red White Blue Power Plaid Prizm,false,,Lukas Podolski
insert-net-finders,12,Red White Blue Power Plaid Prizm,false,,Marco Reus
insert-net-finders,13,Red White Blue Power Plaid Prizm,false,,Kostas Mitroglou
insert-net-finders,14,Red White Blue Power Plaid Prizm,false,,Robin van Persie
insert-net-finders,15,Red White Blue Power Plaid Prizm,false,,Mario Mandzukic
insert-net-finders,16,Red White Blue Power Plaid Prizm,false,,Giuseppe Rossi
insert-net-finders,17,Red White Blue Power Plaid Prizm,false,,Mario Balotelli
insert-net-finders,18,Red White Blue Power Plaid Prizm,false,,Shinji Okazaki
insert-net-finders,19,Red White Blue Power Plaid Prizm,false,,Javier Hernandez
insert-net-finders,20,Red White Blue Power Plaid Prizm,false,,Cristiano Ronaldo
insert-net-finders,21,Red White Blue Power Plaid Prizm,false,,Aleksandr Kerzhakov
insert-net-finders,22,Red White Blue Power Plaid Prizm,false,,David Villa
insert-net-finders,23,Red White Blue Power Plaid Prizm,false,,Edinson Cavani
insert-net-finders,24,Red White Blue Power Plaid Prizm,false,,Luis Suarez
insert-net-finders,25,Red White Blue Power Plaid Prizm,false,,Landon Donovan
insert-net-finders,1,Yellow Red Pulsar Prizm,false,,Gonzalo Higuain
insert-net-finders,2,Yellow Red Pulsar Prizm,false,,Lionel Messi
insert-net-finders,3,Yellow Red Pulsar Prizm,false,,Sergio Aguero
insert-net-finders,4,Yellow Red Pulsar Prizm,false,,Edin Dzeko
insert-net-finders,5,Yellow Red Pulsar Prizm,false,,Neymar Jr.
insert-net-finders,6,Yellow Red Pulsar Prizm,false,,Samuel Eto'o
insert-net-finders,7,Yellow Red Pulsar Prizm,false,,Radamel Falcao
insert-net-finders,8,Yellow Red Pulsar Prizm,false,,Didier Drogba
insert-net-finders,9,Yellow Red Pulsar Prizm,false,,Wayne Rooney
insert-net-finders,10,Yellow Red Pulsar Prizm,false,,Karim Benzema
insert-net-finders,11,Yellow Red Pulsar Prizm,false,,Lukas Podolski
insert-net-finders,12,Yellow Red Pulsar Prizm,false,,Marco Reus
insert-net-finders,13,Yellow Red Pulsar Prizm,false,,Kostas Mitroglou
insert-net-finders,14,Yellow Red Pulsar Prizm,false,,Robin van Persie
insert-net-finders,15,Yellow Red Pulsar Prizm,false,,Mario Mandzukic
insert-net-finders,16,Yellow Red Pulsar Prizm,false,,Giuseppe Rossi
insert-net-finders,17,Yellow Red Pulsar Prizm,false,,Mario Balotelli
insert-net-finders,18,Yellow Red Pulsar Prizm,false,,Shinji Okazaki
insert-net-finders,19,Yellow Red Pulsar Prizm,false,,Javier Hernandez
insert-net-finders,20,Yellow Red Pulsar Prizm,false,,Cristiano Ronaldo
insert-net-finders,21,Yellow Red Pulsar Prizm,false,,Aleksandr Kerzhakov
insert-net-finders,22,Yellow Red Pulsar Prizm,false,,David Villa
insert-net-finders,23,Yellow Red Pulsar Prizm,false,,Edinson Cavani
insert-net-finders,24,Yellow Red Pulsar Prizm,false,,Luis Suarez
insert-net-finders,25,Yellow Red Pulsar Prizm,false,,Landon Donovan
insert-signatures,S-AL,,true,,Alexi Lalas
insert-signatures,S-AP,,true,,Andrea Pirlo
insert-signatures,S-AR,,true,,Arjen Robben
insert-signatures,S-BC,,true,,Bobby Charlton
insert-signatures,S-CA,,true,,Cafu
insert-signatures,S-CD,,true,,Clint Dempsey
insert-signatures,S-CR,,true,,Cristiano Ronaldo
insert-signatures,S-CV,,true,,Carlos Valderrama
insert-signatures,S-DC,,true,,Diego Costa
insert-signatures,S-DD,,true,,Didier Drogba
insert-signatures,S-DF,,true,,Diego Forlan
insert-signatures,S-DS,,true,,Daniel Sturridge
insert-signatures,S-EH,,true,,Eden Hazard
insert-signatures,S-FA,,true,,Radamel Falcao
insert-signatures,S-FB,,true,,Franz Beckenbauer
insert-signatures,S-FC,,true,,Fabio Cannavaro
insert-signatures,S-FL,,true,,Frank Lampard
insert-signatures,S-FRI,,true,,Frank Rijkaard
insert-signatures,S-FT,,true,,Fernando Torres
insert-signatures,S-GB,,true,,Gianluigi Buffon
insert-signatures,S-GP,,true,,Gerard Pique
insert-signatures,S-HS,,true,,Hugo Sanchez
insert-signatures,S-IZ,,true,,Ivan Zamorano
insert-signatures,S-JA,,true,,Jozy Altidore
insert-signatures,S-JCA,,true,,Jorge Campos
insert-signatures,S-JK,,true,,Jürgen Klinsmann
insert-signatures,S-JR,,true,,James Rodriguez
insert-signatures,S-LF,,true,,Luis Figo
insert-signatures,S-LME,,true,,Lionel Messi
insert-signatures,S-LS,,true,,Luis Suarez
insert-signatures,S-MK,,true,,Mario Kempes
insert-signatures,S-MO,,true,,Mesut Özil
insert-signatures,S-MVB,,true,,Marco Van Basten
insert-signatures,S-NA,,true,,Nani
insert-signatures,S-NE,,true,,Neymar Jr.
insert-signatures,S-OSC,,true,,Oscar
insert-signatures,S-PEL,,true,,Pele
insert-signatures,S-PEP,,true,,Pepe
insert-signatures,S-PL,,true,,Philipp Lahm
insert-signatures,S-RB,,true,,Roberto Baggio
insert-signatures,S-RC,,true,,Roberto Carlos
insert-signatures,S-RG,,true,,Ruud Gullit
insert-signatures,S-RM,,true,,Rafael Marquez
insert-signatures,S-RVP,,true,,Robin van Persie
insert-signatures,S-SE,,true,,Samuel Eto'o
insert-signatures,S-SG,,true,,Steven Gerrard
insert-signatures,S-SN,,true,,Samir Nasri
insert-signatures,S-TH,,true,,Tim Howard
insert-signatures,S-WS,,true,,Wesley Sneijder
insert-signatures,S-XA,,true,,Xavi Hernandez
insert-signatures,S-AL,Black Prizm,true,1,Alexi Lalas
insert-signatures,S-AP,Black Prizm,true,1,Andrea Pirlo
insert-signatures,S-AR,Black Prizm,true,1,Arjen Robben
insert-signatures,S-BC,Black Prizm,true,1,Bobby Charlton
insert-signatures,S-CA,Black Prizm,true,1,Cafu
insert-signatures,S-CD,Black Prizm,true,1,Clint Dempsey
insert-signatures,S-CR,Black Prizm,true,1,Cristiano Ronaldo
insert-signatures,S-CV,Black Prizm,true,1,Carlos Valderrama
insert-signatures,S-DC,Black Prizm,true,1,Diego Costa
insert-signatures,S-DD,Black Prizm,true,1,Didier Drogba
insert-signatures,S-DF,Black Prizm,true,1,Diego Forlan
insert-signatures,S-DS,Black Prizm,true,1,Daniel Sturridge
insert-signatures,S-EH,Black Prizm,true,1,Eden Hazard
insert-signatures,S-FA,Black Prizm,true,1,Radamel Falcao
insert-signatures,S-FB,Black Prizm,true,1,Franz Beckenbauer
insert-signatures,S-FC,Black Prizm,true,1,Fabio Cannavaro
insert-signatures,S-FL,Black Prizm,true,1,Frank Lampard
insert-signatures,S-FRI,Black Prizm,true,1,Frank Rijkaard
insert-signatures,S-FT,Black Prizm,true,1,Fernando Torres
insert-signatures,S-GB,Black Prizm,true,1,Gianluigi Buffon
insert-signatures,S-GP,Black Prizm,true,1,Gerard Pique
insert-signatures,S-HS,Black Prizm,true,1,Hugo Sanchez
insert-signatures,S-IZ,Black Prizm,true,1,Ivan Zamorano
insert-signatures,S-JA,Black Prizm,true,1,Jozy Altidore
insert-signatures,S-JCA,Black Prizm,true,1,Jorge Campos
insert-signatures,S-JK,Black Prizm,true,1,Jürgen Klinsmann
insert-signatures,S-JR,Black Prizm,true,1,James Rodriguez
insert-signatures,S-LF,Black Prizm,true,1,Luis Figo
insert-signatures,S-LME,Black Prizm,true,1,Lionel Messi
insert-signatures,S-LS,Black Prizm,true,1,Luis Suarez
insert-signatures,S-MK,Black Prizm,true,1,Mario Kempes
insert-signatures,S-MO,Black Prizm,true,1,Mesut Özil
insert-signatures,S-MVB,Black Prizm,true,1,Marco Van Basten
insert-signatures,S-NA,Black Prizm,true,1,Nani
insert-signatures,S-NE,Black Prizm,true,1,Neymar Jr.
insert-signatures,S-OSC,Black Prizm,true,1,Oscar
insert-signatures,S-PEL,Black Prizm,true,1,Pele
insert-signatures,S-PEP,Black Prizm,true,1,Pepe
insert-signatures,S-PL,Black Prizm,true,1,Philipp Lahm
insert-signatures,S-RB,Black Prizm,true,1,Roberto Baggio
insert-signatures,S-RC,Black Prizm,true,1,Roberto Carlos
insert-signatures,S-RG,Black Prizm,true,1,Ruud Gullit
insert-signatures,S-RM,Black Prizm,true,1,Rafael Marquez
insert-signatures,S-RVP,Black Prizm,true,1,Robin van Persie
insert-signatures,S-SE,Black Prizm,true,1,Samuel Eto'o
insert-signatures,S-SG,Black Prizm,true,1,Steven Gerrard
insert-signatures,S-SN,Black Prizm,true,1,Samir Nasri
insert-signatures,S-TH,Black Prizm,true,1,Tim Howard
insert-signatures,S-WS,Black Prizm,true,1,Wesley Sneijder
insert-signatures,S-XA,Black Prizm,true,1,Xavi Hernandez
insert-signatures,S-AL,El Samba Prizm,true,1,Alexi Lalas
insert-signatures,S-AP,El Samba Prizm,true,1,Andrea Pirlo
insert-signatures,S-AR,El Samba Prizm,true,1,Arjen Robben
insert-signatures,S-BC,El Samba Prizm,true,1,Bobby Charlton
insert-signatures,S-CA,El Samba Prizm,true,1,Cafu
insert-signatures,S-CD,El Samba Prizm,true,1,Clint Dempsey
insert-signatures,S-CV,El Samba Prizm,true,1,Carlos Valderrama
insert-signatures,S-DC,El Samba Prizm,true,1,Diego Costa
insert-signatures,S-DD,El Samba Prizm,true,1,Didier Drogba
insert-signatures,S-DF,El Samba Prizm,true,1,Diego Forlan
insert-signatures,S-DS,El Samba Prizm,true,1,Daniel Sturridge
insert-signatures,S-EH,El Samba Prizm,true,1,Eden Hazard
insert-signatures,S-FA,El Samba Prizm,true,1,Radamel Falcao
insert-signatures,S-FB,El Samba Prizm,true,1,Franz Beckenbauer
insert-signatures,S-FC,El Samba Prizm,true,1,Fabio Cannavaro
insert-signatures,S-FL,El Samba Prizm,true,1,Frank Lampard
insert-signatures,S-FRI,El Samba Prizm,true,1,Frank Rijkaard
insert-signatures,S-FT,El Samba Prizm,true,1,Fernando Torres
insert-signatures,S-GB,El Samba Prizm,true,1,Gianluigi Buffon
insert-signatures,S-GP,El Samba Prizm,true,1,Gerard Pique
insert-signatures,S-HS,El Samba Prizm,true,1,Hugo Sanchez
insert-signatures,S-IZ,El Samba Prizm,true,1,Ivan Zamorano
insert-signatures,S-JA,El Samba Prizm,true,1,Jozy Altidore
insert-signatures,S-JCA,El Samba Prizm,true,1,Jorge Campos
insert-signatures,S-JK,El Samba Prizm,true,1,Jürgen Klinsmann
insert-signatures,S-JR,El Samba Prizm,true,1,James Rodriguez
insert-signatures,S-LF,El Samba Prizm,true,1,Luis Figo
insert-signatures,S-LME,El Samba Prizm,true,1,Lionel Messi
insert-signatures,S-MK,El Samba Prizm,true,1,Mario Kempes
insert-signatures,S-MO,El Samba Prizm,true,1,Mesut Özil
insert-signatures,S-MVB,El Samba Prizm,true,1,Marco Van Basten
insert-signatures,S-NA,El Samba Prizm,true,1,Nani
insert-signatures,S-NE,El Samba Prizm,true,1,Neymar Jr.
insert-signatures,S-OSC,El Samba Prizm,true,1,Oscar
insert-signatures,S-PEL,El Samba Prizm,true,1,Pele
insert-signatures,S-PEP,El Samba Prizm,true,1,Pepe
insert-signatures,S-PL,El Samba Prizm,true,1,Philipp Lahm
insert-signatures,S-RB,El Samba Prizm,true,1,Roberto Baggio
insert-signatures,S-RG,El Samba Prizm,true,1,Ruud Gullit
insert-signatures,S-RM,El Samba Prizm,true,1,Rafael Marquez
insert-signatures,S-RVP,El Samba Prizm,true,1,Robin van Persie
insert-signatures,S-SE,El Samba Prizm,true,1,Samuel Eto'o
insert-signatures,S-SG,El Samba Prizm,true,1,Steven Gerrard
insert-signatures,S-SN,El Samba Prizm,true,1,Samir Nasri
insert-signatures,S-TH,El Samba Prizm,true,1,Tim Howard
insert-signatures,S-WS,El Samba Prizm,true,1,Wesley Sneijder
insert-signatures,S-XA,El Samba Prizm,true,1,Xavi Hernandez
insert-signatures,S-AL,Prizm,true,25,Alexi Lalas
insert-signatures,S-AP,Prizm,true,25,Andrea Pirlo
insert-signatures,S-AR,Prizm,true,25,Arjen Robben
insert-signatures,S-BC,Prizm,true,25,Bobby Charlton
insert-signatures,S-CA,Prizm,true,25,Cafu
insert-signatures,S-CD,Prizm,true,25,Clint Dempsey
insert-signatures,S-CR,Prizm,true,25,Cristiano Ronaldo
insert-signatures,S-CV,Prizm,true,25,Carlos Valderrama
insert-signatures,S-DC,Prizm,true,25,Diego Costa
insert-signatures,S-DD,Prizm,true,25,Didier Drogba
insert-signatures,S-DF,Prizm,true,25,Diego Forlan
insert-signatures,S-DS,Prizm,true,25,Daniel Sturridge
insert-signatures,S-EH,Prizm,true,25,Eden Hazard
insert-signatures,S-FA,Prizm,true,25,Radamel Falcao
insert-signatures,S-FB,Prizm,true,25,Franz Beckenbauer
insert-signatures,S-FC,Prizm,true,25,Fabio Cannavaro
insert-signatures,S-FL,Prizm,true,25,Frank Lampard
insert-signatures,S-FRI,Prizm,true,25,Frank Rijkaard
insert-signatures,S-FT,Prizm,true,25,Fernando Torres
insert-signatures,S-GB,Prizm,true,25,Gianluigi Buffon
insert-signatures,S-GP,Prizm,true,25,Gerard Pique
insert-signatures,S-HS,Prizm,true,25,Hugo Sanchez
insert-signatures,S-IZ,Prizm,true,25,Ivan Zamorano
insert-signatures,S-JA,Prizm,true,25,Jozy Altidore
insert-signatures,S-JCA,Prizm,true,25,Jorge Campos
insert-signatures,S-JK,Prizm,true,25,Jürgen Klinsmann
insert-signatures,S-JR,Prizm,true,25,James Rodriguez
insert-signatures,S-LF,Prizm,true,25,Luis Figo
insert-signatures,S-LME,Prizm,true,25,Lionel Messi
insert-signatures,S-LS,Prizm,true,25,Luis Suarez
insert-signatures,S-MK,Prizm,true,25,Mario Kempes
insert-signatures,S-MO,Prizm,true,25,Mesut Ozil
insert-signatures,S-MVB,Prizm,true,25,Marco Van Basten
insert-signatures,S-NA,Prizm,true,25,Nani
insert-signatures,S-NE,Prizm,true,25,Neymar Jr.
insert-signatures,S-OSC,Prizm,true,25,Oscar
insert-signatures,S-PEL,Prizm,true,25,Pele
insert-signatures,S-PEP,Prizm,true,25,Pepe
insert-signatures,S-PL,Prizm,true,25,Philipp Lahm
insert-signatures,S-RB,Prizm,true,25,Roberto Baggio
insert-signatures,S-RC,Prizm,true,25,Roberto Carlos
insert-signatures,S-RG,Prizm,true,25,Ruud Gullit
insert-signatures,S-RM,Prizm,true,25,Rafael Marquez
insert-signatures,S-RVP,Prizm,true,25,Robin van Persie
insert-signatures,S-SE,Prizm,true,25,Samuel Eto'o
insert-signatures,S-SG,Prizm,true,25,Steven Gerrard
insert-signatures,S-SN,Prizm,true,25,Samir Nasri
insert-signatures,S-TH,Prizm,true,25,Tim Howard
insert-signatures,S-WS,Prizm,true,25,Wesley Sneijder
insert-signatures,S-XA,Prizm,true,25,Xavi Hernandez
insert-team-photos,1,,false,,Algerie TC
insert-team-photos,2,,false,,Argentina TC
insert-team-photos,3,,false,,Australia TC
insert-team-photos,4,,false,,Belgique/Belgie TC
insert-team-photos,5,,false,,Bosna i Hercegovina TC
insert-team-photos,6,,false,,Brasil TC
insert-team-photos,7,,false,,Cameroun TC
insert-team-photos,8,,false,,Chile TC
insert-team-photos,9,,false,,Colombia TC
insert-team-photos,10,,false,,Costa Rica TC
insert-team-photos,11,,false,,Cote d'Ivoire TC
insert-team-photos,12,,false,,Ecuador TC
insert-team-photos,13,,false,,England TC
insert-team-photos,14,,false,,France TC
insert-team-photos,15,,false,,Deutschland TC
insert-team-photos,16,,false,,Ghana TC
insert-team-photos,17,,false,,Hellas TC
insert-team-photos,18,,false,,Nederland TC
insert-team-photos,19,,false,,Honduras TC
insert-team-photos,20,,false,,Hrvatska TC
insert-team-photos,21,,false,,Iran TC
insert-team-photos,22,,false,,Italia TC
insert-team-photos,23,,false,,Japan TC
insert-team-photos,24,,false,,Korea Republic TC
insert-team-photos,25,,false,,Mexico TC
insert-team-photos,26,,false,,Nigeria TC
insert-team-photos,27,,false,,Portugal TC
insert-team-photos,28,,false,,Russia TC
insert-team-photos,29,,false,,España TC
insert-team-photos,30,,false,,Switzerland TC
insert-team-photos,31,,false,,Uruguay TC
insert-team-photos,32,,false,,United States TC
insert-team-photos,1,Black Prizm,false,1,Algerie TC
insert-team-photos,2,Black Prizm,false,1,Argentina TC
insert-team-photos,3,Black Prizm,false,1,Australia TC
insert-team-photos,4,Black Prizm,false,1,Belgique/Belgie TC
insert-team-photos,5,Black Prizm,false,1,Bosna i Hercegovina TC
insert-team-photos,6,Black Prizm,false,1,Brasil TC
insert-team-photos,7,Black Prizm,false,1,Cameroun TC
insert-team-photos,8,Black Prizm,false,1,Chile TC
insert-team-photos,9,Black Prizm,false,1,Colombia TC
insert-team-photos,10,Black Prizm,false,1,Costa Rica TC
insert-team-photos,11,Black Prizm,false,1,Cote d'Ivoire TC
insert-team-photos,12,Black Prizm,false,1,Ecuador TC
insert-team-photos,13,Black Prizm,false,1,England TC
insert-team-photos,14,Black Prizm,false,1,France TC
insert-team-photos,15,Black Prizm,false,1,Deutschland TC
insert-team-photos,16,Black Prizm,false,1,Ghana TC
insert-team-photos,17,Black Prizm,false,1,Hellas TC
insert-team-photos,18,Black Prizm,false,1,Nederland TC
insert-team-photos,19,Black Prizm,false,1,Honduras TC
insert-team-photos,20,Black Prizm,false,1,Hrvatska TC
insert-team-photos,21,Black Prizm,false,1,Iran TC
insert-team-photos,22,Black Prizm,false,1,Italia TC
insert-team-photos,23,Black Prizm,false,1,Japan TC
insert-team-photos,24,Black Prizm,false,1,Korea Republic TC
insert-team-photos,25,Black Prizm,false,1,Mexico TC
insert-team-photos,26,Black Prizm,false,1,Nigeria TC
insert-team-photos,27,Black Prizm,false,1,Portugal TC
insert-team-photos,28,Black Prizm,false,1,Russia TC
insert-team-photos,29,Black Prizm,false,1,España TC
insert-team-photos,30,Black Prizm,false,1,Switzerland TC
insert-team-photos,31,Black Prizm,false,1,Uruguay TC
insert-team-photos,32,Black Prizm,false,1,United States TC
insert-team-photos,1,Blue Red Wave Prizm,false,,Algerie TC
insert-team-photos,2,Blue Red Wave Prizm,false,,Argentina TC
insert-team-photos,3,Blue Red Wave Prizm,false,,Australia TC
insert-team-photos,4,Blue Red Wave Prizm,false,,Belgique/Belgie TC
insert-team-photos,5,Blue Red Wave Prizm,false,,Bosna i Hercegovina TC
insert-team-photos,6,Blue Red Wave Prizm,false,,Brasil TC
insert-team-photos,7,Blue Red Wave Prizm,false,,Cameroun TC
insert-team-photos,8,Blue Red Wave Prizm,false,,Chile TC
insert-team-photos,9,Blue Red Wave Prizm,false,,Colombia TC
insert-team-photos,10,Blue Red Wave Prizm,false,,Costa Rica TC
insert-team-photos,11,Blue Red Wave Prizm,false,,Cote d'Ivoire TC
insert-team-photos,12,Blue Red Wave Prizm,false,,Ecuador TC
insert-team-photos,13,Blue Red Wave Prizm,false,,England TC
insert-team-photos,14,Blue Red Wave Prizm,false,,France TC
insert-team-photos,15,Blue Red Wave Prizm,false,,Deutschland TC
insert-team-photos,16,Blue Red Wave Prizm,false,,Ghana TC
insert-team-photos,17,Blue Red Wave Prizm,false,,Hellas TC
insert-team-photos,18,Blue Red Wave Prizm,false,,Nederland TC
insert-team-photos,19,Blue Red Wave Prizm,false,,Honduras TC
insert-team-photos,20,Blue Red Wave Prizm,false,,Hrvatska TC
insert-team-photos,21,Blue Red Wave Prizm,false,,Iran TC
insert-team-photos,22,Blue Red Wave Prizm,false,,Italia TC
insert-team-photos,23,Blue Red Wave Prizm,false,,Japan TC
insert-team-photos,24,Blue Red Wave Prizm,false,,Korea Republic TC
insert-team-photos,25,Blue Red Wave Prizm,false,,Mexico TC
insert-team-photos,26,Blue Red Wave Prizm,false,,Nigeria TC
insert-team-photos,27,Blue Red Wave Prizm,false,,Portugal TC
insert-team-photos,28,Blue Red Wave Prizm,false,,Russia TC
insert-team-photos,29,Blue Red Wave Prizm,false,,España TC
insert-team-photos,30,Blue Red Wave Prizm,false,,Switzerland TC
insert-team-photos,31,Blue Red Wave Prizm,false,,Uruguay TC
insert-team-photos,32,Blue Red Wave Prizm,false,,United States TC
insert-team-photos,1,Blue Prizm,false,199,Algerie TC
insert-team-photos,2,Blue Prizm,false,199,Argentina TC
insert-team-photos,3,Blue Prizm,false,199,Australia TC
insert-team-photos,4,Blue Prizm,false,199,Belgique/Belgie TC
insert-team-photos,5,Blue Prizm,false,199,Bosna i Hercegovina TC
insert-team-photos,6,Blue Prizm,false,199,Brasil TC
insert-team-photos,7,Blue Prizm,false,199,Cameroun TC
insert-team-photos,8,Blue Prizm,false,199,Chile TC
insert-team-photos,9,Blue Prizm,false,199,Colombia TC
insert-team-photos,10,Blue Prizm,false,199,Costa Rica TC
insert-team-photos,11,Blue Prizm,false,199,Cote d'Ivoire TC
insert-team-photos,12,Blue Prizm,false,199,Ecuador TC
insert-team-photos,13,Blue Prizm,false,199,England TC
insert-team-photos,14,Blue Prizm,false,199,France TC
insert-team-photos,15,Blue Prizm,false,199,Deutschland TC
insert-team-photos,16,Blue Prizm,false,199,Ghana TC
insert-team-photos,17,Blue Prizm,false,199,Hellas TC
insert-team-photos,18,Blue Prizm,false,199,Nederland TC
insert-team-photos,19,Blue Prizm,false,199,Honduras TC
insert-team-photos,20,Blue Prizm,false,199,Hrvatska TC
insert-team-photos,21,Blue Prizm,false,199,Iran TC
insert-team-photos,22,Blue Prizm,false,199,Italia TC
insert-team-photos,23,Blue Prizm,false,199,Japan TC
insert-team-photos,24,Blue Prizm,false,199,Korea Republic TC
insert-team-photos,25,Blue Prizm,false,199,Mexico TC
insert-team-photos,26,Blue Prizm,false,199,Nigeria TC
insert-team-photos,27,Blue Prizm,false,199,Portugal TC
insert-team-photos,28,Blue Prizm,false,199,Russia TC
insert-team-photos,29,Blue Prizm,false,199,España TC
insert-team-photos,30,Blue Prizm,false,199,Switzerland TC
insert-team-photos,31,Blue Prizm,false,199,Uruguay TC
insert-team-photos,32,Blue Prizm,false,199,United States TC
insert-team-photos,1,Gold Power Prizm,false,5,Algerie TC
insert-team-photos,2,Gold Power Prizm,false,5,Argentina TC
insert-team-photos,3,Gold Power Prizm,false,5,Australia TC
insert-team-photos,4,Gold Power Prizm,false,5,Belgique/Belgie TC
insert-team-photos,5,Gold Power Prizm,false,5,Bosna i Hercegovina TC
insert-team-photos,6,Gold Power Prizm,false,5,Brasil TC
insert-team-photos,7,Gold Power Prizm,false,5,Cameroun TC
insert-team-photos,8,Gold Power Prizm,false,5,Chile TC
insert-team-photos,9,Gold Power Prizm,false,5,Colombia TC
insert-team-photos,10,Gold Power Prizm,false,5,Costa Rica TC
insert-team-photos,11,Gold Power Prizm,false,5,Cote d'Ivoire TC
insert-team-photos,12,Gold Power Prizm,false,5,Ecuador TC
insert-team-photos,13,Gold Power Prizm,false,5,England TC
insert-team-photos,14,Gold Power Prizm,false,5,France TC
insert-team-photos,15,Gold Power Prizm,false,5,Deutschland TC
insert-team-photos,16,Gold Power Prizm,false,5,Ghana TC
insert-team-photos,17,Gold Power Prizm,false,5,Hellas TC
insert-team-photos,18,Gold Power Prizm,false,5,Nederland TC
insert-team-photos,19,Gold Power Prizm,false,5,Honduras TC
insert-team-photos,20,Gold Power Prizm,false,5,Hrvatska TC
insert-team-photos,21,Gold Power Prizm,false,5,Iran TC
insert-team-photos,22,Gold Power Prizm,false,5,Italia TC
insert-team-photos,23,Gold Power Prizm,false,5,Japan TC
insert-team-photos,24,Gold Power Prizm,false,5,Korea Republic TC
insert-team-photos,25,Gold Power Prizm,false,5,Mexico TC
insert-team-photos,26,Gold Power Prizm,false,5,Nigeria TC
insert-team-photos,27,Gold Power Prizm,false,5,Portugal TC
insert-team-photos,28,Gold Power Prizm,false,5,Russia TC
insert-team-photos,29,Gold Power Prizm,false,5,España TC
insert-team-photos,30,Gold Power Prizm,false,5,Switzerland TC
insert-team-photos,31,Gold Power Prizm,false,5,Uruguay TC
insert-team-photos,32,Gold Power Prizm,false,5,United States TC
insert-team-photos,1,Gold Prizm,false,10,Algerie TC
insert-team-photos,2,Gold Prizm,false,10,Argentina TC
insert-team-photos,3,Gold Prizm,false,10,Australia TC
insert-team-photos,4,Gold Prizm,false,10,Belgique/Belgie TC
insert-team-photos,5,Gold Prizm,false,10,Bosna i Hercegovina TC
insert-team-photos,6,Gold Prizm,false,10,Brasil TC
insert-team-photos,7,Gold Prizm,false,10,Cameroun TC
insert-team-photos,8,Gold Prizm,false,10,Chile TC
insert-team-photos,9,Gold Prizm,false,10,Colombia TC
insert-team-photos,10,Gold Prizm,false,10,Costa Rica TC
insert-team-photos,11,Gold Prizm,false,10,Cote d'Ivoire TC
insert-team-photos,12,Gold Prizm,false,10,Ecuador TC
insert-team-photos,13,Gold Prizm,false,10,England TC
insert-team-photos,14,Gold Prizm,false,10,France TC
insert-team-photos,15,Gold Prizm,false,10,Deutschland TC
insert-team-photos,16,Gold Prizm,false,10,Ghana TC
insert-team-photos,17,Gold Prizm,false,10,Hellas TC
insert-team-photos,18,Gold Prizm,false,10,Nederland TC
insert-team-photos,19,Gold Prizm,false,10,Honduras TC
insert-team-photos,20,Gold Prizm,false,10,Hrvatska TC
insert-team-photos,21,Gold Prizm,false,10,Iran TC
insert-team-photos,22,Gold Prizm,false,10,Italia TC
insert-team-photos,23,Gold Prizm,false,10,Japan TC
insert-team-photos,24,Gold Prizm,false,10,Korea Republic TC
insert-team-photos,25,Gold Prizm,false,10,Mexico TC
insert-team-photos,26,Gold Prizm,false,10,Nigeria TC
insert-team-photos,27,Gold Prizm,false,10,Portugal TC
insert-team-photos,28,Gold Prizm,false,10,Russia TC
insert-team-photos,29,Gold Prizm,false,10,España TC
insert-team-photos,30,Gold Prizm,false,10,Switzerland TC
insert-team-photos,31,Gold Prizm,false,10,Uruguay TC
insert-team-photos,32,Gold Prizm,false,10,United States TC
insert-team-photos,1,Green Crystal Prizm,false,25,Algerie TC
insert-team-photos,2,Green Crystal Prizm,false,25,Argentina TC
insert-team-photos,3,Green Crystal Prizm,false,25,Australia TC
insert-team-photos,4,Green Crystal Prizm,false,25,Belgique/Belgie TC
insert-team-photos,5,Green Crystal Prizm,false,25,Bosna i Hercegovina TC
insert-team-photos,6,Green Crystal Prizm,false,25,Brasil TC
insert-team-photos,7,Green Crystal Prizm,false,25,Cameroun TC
insert-team-photos,8,Green Crystal Prizm,false,25,Chile TC
insert-team-photos,9,Green Crystal Prizm,false,25,Colombia TC
insert-team-photos,10,Green Crystal Prizm,false,25,Costa Rica TC
insert-team-photos,11,Green Crystal Prizm,false,25,Cote d'Ivoire TC
insert-team-photos,12,Green Crystal Prizm,false,25,Ecuador TC
insert-team-photos,13,Green Crystal Prizm,false,25,England TC
insert-team-photos,14,Green Crystal Prizm,false,25,France TC
insert-team-photos,15,Green Crystal Prizm,false,25,Deutschland TC
insert-team-photos,16,Green Crystal Prizm,false,25,Ghana TC
insert-team-photos,17,Green Crystal Prizm,false,25,Hellas TC
insert-team-photos,18,Green Crystal Prizm,false,25,Nederland TC
insert-team-photos,19,Green Crystal Prizm,false,25,Honduras TC
insert-team-photos,20,Green Crystal Prizm,false,25,Hrvatska TC
insert-team-photos,21,Green Crystal Prizm,false,25,Iran TC
insert-team-photos,22,Green Crystal Prizm,false,25,Italia TC
insert-team-photos,23,Green Crystal Prizm,false,25,Japan TC
insert-team-photos,24,Green Crystal Prizm,false,25,Korea Republic TC
insert-team-photos,25,Green Crystal Prizm,false,25,Mexico TC
insert-team-photos,26,Green Crystal Prizm,false,25,Nigeria TC
insert-team-photos,27,Green Crystal Prizm,false,25,Portugal TC
insert-team-photos,28,Green Crystal Prizm,false,25,Russia TC
insert-team-photos,29,Green Crystal Prizm,false,25,España TC
insert-team-photos,30,Green Crystal Prizm,false,25,Switzerland TC
insert-team-photos,31,Green Crystal Prizm,false,25,Uruguay TC
insert-team-photos,32,Green Crystal Prizm,false,25,United States TC
insert-team-photos,1,Prizm,false,,Algerie TC
insert-team-photos,2,Prizm,false,,Argentina TC
insert-team-photos,3,Prizm,false,,Australia TC
insert-team-photos,4,Prizm,false,,Belgique/Belgie TC
insert-team-photos,5,Prizm,false,,Bosna i Hercegovina TC
insert-team-photos,6,Prizm,false,,Brasil TC
insert-team-photos,7,Prizm,false,,Cameroun TC
insert-team-photos,8,Prizm,false,,Chile TC
insert-team-photos,9,Prizm,false,,Colombia TC
insert-team-photos,10,Prizm,false,,Costa Rica TC
insert-team-photos,11,Prizm,false,,Cote d'Ivoire TC
insert-team-photos,12,Prizm,false,,Ecuador TC
insert-team-photos,13,Prizm,false,,England TC
insert-team-photos,14,Prizm,false,,France TC
insert-team-photos,15,Prizm,false,,Deutschland TC
insert-team-photos,16,Prizm,false,,Ghana TC
insert-team-photos,17,Prizm,false,,Hellas TC
insert-team-photos,18,Prizm,false,,Nederland TC
insert-team-photos,19,Prizm,false,,Honduras TC
insert-team-photos,20,Prizm,false,,Hrvatska TC
insert-team-photos,21,Prizm,false,,Iran TC
insert-team-photos,22,Prizm,false,,Italia TC
insert-team-photos,23,Prizm,false,,Japan TC
insert-team-photos,24,Prizm,false,,Korea Republic TC
insert-team-photos,25,Prizm,false,,Mexico TC
insert-team-photos,26,Prizm,false,,Nigeria TC
insert-team-photos,27,Prizm,false,,Portugal TC
insert-team-photos,28,Prizm,false,,Russia TC
insert-team-photos,29,Prizm,false,,España TC
insert-team-photos,30,Prizm,false,,Switzerland TC
insert-team-photos,31,Prizm,false,,Uruguay TC
insert-team-photos,32,Prizm,false,,United States TC
insert-team-photos,1,Purple Prizm,false,99,Algerie TC
insert-team-photos,2,Purple Prizm,false,99,Argentina TC
insert-team-photos,3,Purple Prizm,false,99,Australia TC
insert-team-photos,4,Purple Prizm,false,99,Belgique/Belgie TC
insert-team-photos,5,Purple Prizm,false,99,Bosna i Hercegovina TC
insert-team-photos,6,Purple Prizm,false,99,Brasil TC
insert-team-photos,7,Purple Prizm,false,99,Cameroun TC
insert-team-photos,8,Purple Prizm,false,99,Chile TC
insert-team-photos,9,Purple Prizm,false,99,Colombia TC
insert-team-photos,10,Purple Prizm,false,99,Costa Rica TC
insert-team-photos,11,Purple Prizm,false,99,Cote d'Ivoire TC
insert-team-photos,12,Purple Prizm,false,99,Ecuador TC
insert-team-photos,13,Purple Prizm,false,99,England TC
insert-team-photos,14,Purple Prizm,false,99,France TC
insert-team-photos,15,Purple Prizm,false,99,Deutschland TC
insert-team-photos,16,Purple Prizm,false,99,Ghana TC
insert-team-photos,17,Purple Prizm,false,99,Hellas TC
insert-team-photos,18,Purple Prizm,false,99,Nederland TC
insert-team-photos,19,Purple Prizm,false,99,Honduras TC
insert-team-photos,20,Purple Prizm,false,99,Hrvatska TC
insert-team-photos,21,Purple Prizm,false,99,Iran TC
insert-team-photos,22,Purple Prizm,false,99,Italia TC
insert-team-photos,23,Purple Prizm,false,99,Japan TC
insert-team-photos,24,Purple Prizm,false,99,Korea Republic TC
insert-team-photos,25,Purple Prizm,false,99,Mexico TC
insert-team-photos,26,Purple Prizm,false,99,Nigeria TC
insert-team-photos,27,Purple Prizm,false,99,Portugal TC
insert-team-photos,28,Purple Prizm,false,99,Russia TC
insert-team-photos,29,Purple Prizm,false,99,España TC
insert-team-photos,30,Purple Prizm,false,99,Switzerland TC
insert-team-photos,31,Purple Prizm,false,99,Uruguay TC
insert-team-photos,32,Purple Prizm,false,99,United States TC
insert-team-photos,1,Red Prizm,false,149,Algerie TC
insert-team-photos,2,Red Prizm,false,149,Argentina TC
insert-team-photos,3,Red Prizm,false,149,Australia TC
insert-team-photos,4,Red Prizm,false,149,Belgique/Belgie TC
insert-team-photos,5,Red Prizm,false,149,Bosna i Hercegovina TC
insert-team-photos,6,Red Prizm,false,149,Brasil TC
insert-team-photos,7,Red Prizm,false,149,Cameroun TC
insert-team-photos,8,Red Prizm,false,149,Chile TC
insert-team-photos,9,Red Prizm,false,149,Colombia TC
insert-team-photos,10,Red Prizm,false,149,Costa Rica TC
insert-team-photos,11,Red Prizm,false,149,Cote d'Ivoire TC
insert-team-photos,12,Red Prizm,false,149,Ecuador TC
insert-team-photos,13,Red Prizm,false,149,England TC
insert-team-photos,14,Red Prizm,false,149,France TC
insert-team-photos,15,Red Prizm,false,149,Deutschland TC
insert-team-photos,16,Red Prizm,false,149,Ghana TC
insert-team-photos,17,Red Prizm,false,149,Hellas TC
insert-team-photos,18,Red Prizm,false,149,Nederland TC
insert-team-photos,19,Red Prizm,false,149,Honduras TC
insert-team-photos,20,Red Prizm,false,149,Hrvatska TC
insert-team-photos,21,Red Prizm,false,149,Iran TC
insert-team-photos,22,Red Prizm,false,149,Italia TC
insert-team-photos,23,Red Prizm,false,149,Japan TC
insert-team-photos,24,Red Prizm,false,149,Korea Republic TC
insert-team-photos,25,Red Prizm,false,149,Mexico TC
insert-team-photos,26,Red Prizm,false,149,Nigeria TC
insert-team-photos,27,Red Prizm,false,149,Portugal TC
insert-team-photos,28,Red Prizm,false,149,Russia TC
insert-team-photos,29,Red Prizm,false,149,España TC
insert-team-photos,30,Red Prizm,false,149,Switzerland TC
insert-team-photos,31,Red Prizm,false,149,Uruguay TC
insert-team-photos,32,Red Prizm,false,149,United States TC
insert-team-photos,1,Red White Blue Power Plaid Prizm,false,,Algerie TC
insert-team-photos,2,Red White Blue Power Plaid Prizm,false,,Argentina TC
insert-team-photos,3,Red White Blue Power Plaid Prizm,false,,Australia TC
insert-team-photos,4,Red White Blue Power Plaid Prizm,false,,Belgique/Belgie TC
insert-team-photos,5,Red White Blue Power Plaid Prizm,false,,Bosna i Hercegovina TC
insert-team-photos,6,Red White Blue Power Plaid Prizm,false,,Brasil TC
insert-team-photos,7,Red White Blue Power Plaid Prizm,false,,Cameroun TC
insert-team-photos,8,Red White Blue Power Plaid Prizm,false,,Chile TC
insert-team-photos,9,Red White Blue Power Plaid Prizm,false,,Colombia TC
insert-team-photos,10,Red White Blue Power Plaid Prizm,false,,Costa Rica TC
insert-team-photos,11,Red White Blue Power Plaid Prizm,false,,Cote d'Ivoire TC
insert-team-photos,12,Red White Blue Power Plaid Prizm,false,,Ecuador TC
insert-team-photos,13,Red White Blue Power Plaid Prizm,false,,England TC
insert-team-photos,14,Red White Blue Power Plaid Prizm,false,,France TC
insert-team-photos,15,Red White Blue Power Plaid Prizm,false,,Deutschland TC
insert-team-photos,16,Red White Blue Power Plaid Prizm,false,,Ghana TC
insert-team-photos,17,Red White Blue Power Plaid Prizm,false,,Hellas TC
insert-team-photos,18,Red White Blue Power Plaid Prizm,false,,Nederland TC
insert-team-photos,19,Red White Blue Power Plaid Prizm,false,,Honduras TC
insert-team-photos,20,Red White Blue Power Plaid Prizm,false,,Hrvatska TC
insert-team-photos,21,Red White Blue Power Plaid Prizm,false,,Iran TC
insert-team-photos,22,Red White Blue Power Plaid Prizm,false,,Italia TC
insert-team-photos,23,Red White Blue Power Plaid Prizm,false,,Japan TC
insert-team-photos,24,Red White Blue Power Plaid Prizm,false,,Korea Republic TC
insert-team-photos,25,Red White Blue Power Plaid Prizm,false,,Mexico TC
insert-team-photos,26,Red White Blue Power Plaid Prizm,false,,Nigeria TC
insert-team-photos,27,Red White Blue Power Plaid Prizm,false,,Portugal TC
insert-team-photos,28,Red White Blue Power Plaid Prizm,false,,Russia TC
insert-team-photos,29,Red White Blue Power Plaid Prizm,false,,España TC
insert-team-photos,30,Red White Blue Power Plaid Prizm,false,,Switzerland TC
insert-team-photos,31,Red White Blue Power Plaid Prizm,false,,Uruguay TC
insert-team-photos,32,Red White Blue Power Plaid Prizm,false,,United States TC
insert-team-photos,1,Yellow Red Pulsar Prizm,false,,Algerie TC
insert-team-photos,2,Yellow Red Pulsar Prizm,false,,Argentina TC
insert-team-photos,3,Yellow Red Pulsar Prizm,false,,Australia TC
insert-team-photos,4,Yellow Red Pulsar Prizm,false,,Belgique/Belgie TC
insert-team-photos,5,Yellow Red Pulsar Prizm,false,,Bosna i Hercegovina TC
insert-team-photos,6,Yellow Red Pulsar Prizm,false,,Brasil TC
insert-team-photos,7,Yellow Red Pulsar Prizm,false,,Cameroun TC
insert-team-photos,8,Yellow Red Pulsar Prizm,false,,Chile TC
insert-team-photos,9,Yellow Red Pulsar Prizm,false,,Colombia TC
insert-team-photos,10,Yellow Red Pulsar Prizm,false,,Costa Rica TC
insert-team-photos,11,Yellow Red Pulsar Prizm,false,,Cote d'Ivoire TC
insert-team-photos,12,Yellow Red Pulsar Prizm,false,,Ecuador TC
insert-team-photos,13,Yellow Red Pulsar Prizm,false,,England TC
insert-team-photos,14,Yellow Red Pulsar Prizm,false,,France TC
insert-team-photos,15,Yellow Red Pulsar Prizm,false,,Deutschland TC
insert-team-photos,16,Yellow Red Pulsar Prizm,false,,Ghana TC
insert-team-photos,17,Yellow Red Pulsar Prizm,false,,Hellas TC
insert-team-photos,18,Yellow Red Pulsar Prizm,false,,Nederland TC
insert-team-photos,19,Yellow Red Pulsar Prizm,false,,Honduras TC
insert-team-photos,20,Yellow Red Pulsar Prizm,false,,Hrvatska TC
insert-team-photos,21,Yellow Red Pulsar Prizm,false,,Iran TC
insert-team-photos,22,Yellow Red Pulsar Prizm,false,,Italia TC
insert-team-photos,23,Yellow Red Pulsar Prizm,false,,Japan TC
insert-team-photos,24,Yellow Red Pulsar Prizm,false,,Korea Republic TC
insert-team-photos,25,Yellow Red Pulsar Prizm,false,,Mexico TC
insert-team-photos,26,Yellow Red Pulsar Prizm,false,,Nigeria TC
insert-team-photos,27,Yellow Red Pulsar Prizm,false,,Portugal TC
insert-team-photos,28,Yellow Red Pulsar Prizm,false,,Russia TC
insert-team-photos,29,Yellow Red Pulsar Prizm,false,,España TC
insert-team-photos,30,Yellow Red Pulsar Prizm,false,,Switzerland TC
insert-team-photos,31,Yellow Red Pulsar Prizm,false,,Uruguay TC
insert-team-photos,32,Yellow Red Pulsar Prizm,false,,United States TC
insert-world-cup-matchups,1,,false,,Samuel Eto'o / Thiago Silva
insert-world-cup-matchups,2,,false,,Javier Hernandez / Neymar Jr.
insert-world-cup-matchups,3,,false,,Arturo Vidal / Xavi Hernandez
insert-world-cup-matchups,4,,false,,Andres Iniesta / Arjen Robben
insert-world-cup-matchups,5,,false,,Didier Drogba / Radamel Falcao
insert-world-cup-matchups,6,,false,,Gervinho / Keisuke Honda
insert-world-cup-matchups,7,,false,,Edinson Cavani / Mario Balotelli
insert-world-cup-matchups,8,,false,,Andrea Pirlo / Steven Gerrard
insert-world-cup-matchups,9,,false,,Luis Suarez / Wayne Rooney
insert-world-cup-matchups,10,,false,,Paul Pogba / Valon Behrami
insert-world-cup-matchups,11,,false,,Antonio Valencia / Franck Ribery
insert-world-cup-matchups,12,,false,,Edin Dzeko / Sergio Aguero
insert-world-cup-matchups,13,,false,,Javier Mascherano / John Obi Mikel
insert-world-cup-matchups,14,,false,,Bastian Schweinsteiger / Nani
insert-world-cup-matchups,15,,false,,Cristiano Ronaldo / Mesut Özil
insert-world-cup-matchups,16,,false,,Manuel Neuer / Tim Howard
insert-world-cup-matchups,17,,false,,Aleksandr Kokorin / Eden Hazard
insert-world-cup-matchups,18,,false,,Igor Akinfeev / Thibaut Courtois
insert-world-cup-matchups,19,,false,,Cristiano Ronaldo / Lionel Messi
insert-world-cup-matchups,20,,false,,Neymar Jr. / Radamel Falcao
insert-world-cup-matchups,21,,false,,Arjen Robben / Philipp Lahm
insert-world-cup-matchups,22,,false,,Giorgio Chiellini / Sergio Ramos
insert-world-cup-matchups,23,,false,,Gianluigi Buffon / Iker Casillas
insert-world-cup-matchups,24,,false,,Andres Iniesta / Franck Ribery
insert-world-cup-matchups,25,,false,,Luka Modric / Xavi Hernandez
insert-world-cup-matchups,26,,false,,Diego Forlan / Landon Donovan
insert-world-cup-matchups,27,,false,,Sami Khedira / Wesley Sneijder
insert-world-cup-matchups,28,,false,,Angel Di Maria / Dani Alves
insert-world-cup-matchups,1,Black Prizm,false,1,Samuel Eto'o / Thiago Silva
insert-world-cup-matchups,2,Black Prizm,false,1,Javier Hernandez / Neymar Jr.
insert-world-cup-matchups,3,Black Prizm,false,1,Arturo Vidal / Xavi Hernandez
insert-world-cup-matchups,4,Black Prizm,false,1,Andres Iniesta / Arjen Robben
insert-world-cup-matchups,5,Black Prizm,false,1,Didier Drogba / Radamel Falcao
insert-world-cup-matchups,6,Black Prizm,false,1,Gervinho / Keisuke Honda
insert-world-cup-matchups,7,Black Prizm,false,1,Edinson Cavani / Mario Balotelli
insert-world-cup-matchups,8,Black Prizm,false,1,Andrea Pirlo / Steven Gerrard
insert-world-cup-matchups,9,Black Prizm,false,1,Luis Suarez / Wayne Rooney
insert-world-cup-matchups,10,Black Prizm,false,1,Paul Pogba / Valon Behrami
insert-world-cup-matchups,11,Black Prizm,false,1,Antonio Valencia / Franck Ribery
insert-world-cup-matchups,12,Black Prizm,false,1,Edin Dzeko / Sergio Aguero
insert-world-cup-matchups,13,Black Prizm,false,1,Javier Mascherano / John Obi Mikel
insert-world-cup-matchups,14,Black Prizm,false,1,Bastian Schweinsteiger / Nani
insert-world-cup-matchups,15,Black Prizm,false,1,Cristiano Ronaldo / Mesut Özil
insert-world-cup-matchups,16,Black Prizm,false,1,Manuel Neuer / Tim Howard
insert-world-cup-matchups,17,Black Prizm,false,1,Aleksandr Kokorin / Eden Hazard
insert-world-cup-matchups,18,Black Prizm,false,1,Igor Akinfeev / Thibaut Courtois
insert-world-cup-matchups,19,Black Prizm,false,1,Cristiano Ronaldo / Lionel Messi
insert-world-cup-matchups,20,Black Prizm,false,1,Neymar Jr. / Radamel Falcao
insert-world-cup-matchups,21,Black Prizm,false,1,Arjen Robben / Philipp Lahm
insert-world-cup-matchups,22,Black Prizm,false,1,Giorgio Chiellini / Sergio Ramos
insert-world-cup-matchups,23,Black Prizm,false,1,Gianluigi Buffon / Iker Casillas
insert-world-cup-matchups,24,Black Prizm,false,1,Andres Iniesta / Franck Ribery
insert-world-cup-matchups,25,Black Prizm,false,1,Luka Modric / Xavi Hernandez
insert-world-cup-matchups,26,Black Prizm,false,1,Diego Forlan / Landon Donovan
insert-world-cup-matchups,27,Black Prizm,false,1,Sami Khedira / Wesley Sneijder
insert-world-cup-matchups,28,Black Prizm,false,1,Angel Di Maria / Dani Alves
insert-world-cup-matchups,1,Blue Red Wave Prizm,false,,Samuel Eto'o / Thiago Silva
insert-world-cup-matchups,2,Blue Red Wave Prizm,false,,Javier Hernandez / Neymar Jr.
insert-world-cup-matchups,3,Blue Red Wave Prizm,false,,Arturo Vidal / Xavi Hernandez
insert-world-cup-matchups,4,Blue Red Wave Prizm,false,,Andres Iniesta / Arjen Robben
insert-world-cup-matchups,5,Blue Red Wave Prizm,false,,Didier Drogba / Radamel Falcao
insert-world-cup-matchups,6,Blue Red Wave Prizm,false,,Gervinho / Keisuke Honda
insert-world-cup-matchups,7,Blue Red Wave Prizm,false,,Edinson Cavani / Mario Balotelli
insert-world-cup-matchups,8,Blue Red Wave Prizm,false,,Andrea Pirlo / Steven Gerrard
insert-world-cup-matchups,9,Blue Red Wave Prizm,false,,Luis Suarez / Wayne Rooney
insert-world-cup-matchups,10,Blue Red Wave Prizm,false,,Paul Pogba / Valon Behrami
insert-world-cup-matchups,11,Blue Red Wave Prizm,false,,Antonio Valencia / Franck Ribery
insert-world-cup-matchups,12,Blue Red Wave Prizm,false,,Edin Dzeko / Sergio Aguero
insert-world-cup-matchups,13,Blue Red Wave Prizm,false,,Javier Mascherano / John Obi Mikel
insert-world-cup-matchups,14,Blue Red Wave Prizm,false,,Bastian Schweinsteiger / Nani
insert-world-cup-matchups,15,Blue Red Wave Prizm,false,,Cristiano Ronaldo / Mesut Özil
insert-world-cup-matchups,16,Blue Red Wave Prizm,false,,Manuel Neuer / Tim Howard
insert-world-cup-matchups,17,Blue Red Wave Prizm,false,,Aleksandr Kokorin / Eden Hazard
insert-world-cup-matchups,18,Blue Red Wave Prizm,false,,Igor Akinfeev / Thibaut Courtois
insert-world-cup-matchups,19,Blue Red Wave Prizm,false,,Cristiano Ronaldo / Lionel Messi
insert-world-cup-matchups,20,Blue Red Wave Prizm,false,,Neymar Jr. / Radamel Falcao
insert-world-cup-matchups,21,Blue Red Wave Prizm,false,,Arjen Robben / Philipp Lahm
insert-world-cup-matchups,22,Blue Red Wave Prizm,false,,Giorgio Chiellini / Sergio Ramos
insert-world-cup-matchups,23,Blue Red Wave Prizm,false,,Gianluigi Buffon / Iker Casillas
insert-world-cup-matchups,24,Blue Red Wave Prizm,false,,Andres Iniesta / Franck Ribery
insert-world-cup-matchups,25,Blue Red Wave Prizm,false,,Luka Modric / Xavi Hernandez
insert-world-cup-matchups,26,Blue Red Wave Prizm,false,,Diego Forlan / Landon Donovan
insert-world-cup-matchups,27,Blue Red Wave Prizm,false,,Sami Khedira / Wesley Sneijder
insert-world-cup-matchups,28,Blue Red Wave Prizm,false,,Angel Di Maria / Dani Alves
insert-world-cup-matchups,1,Blue Prizm,false,199,Samuel Eto'o / Thiago Silva
insert-world-cup-matchups,2,Blue Prizm,false,199,Javier Hernandez / Neymar Jr.
insert-world-cup-matchups,3,Blue Prizm,false,199,Arturo Vidal / Xavi Hernandez
insert-world-cup-matchups,4,Blue Prizm,false,199,Andres Iniesta / Arjen Robben
insert-world-cup-matchups,5,Blue Prizm,false,199,Didier Drogba / Radamel Falcao
insert-world-cup-matchups,6,Blue Prizm,false,199,Gervinho / Keisuke Honda
insert-world-cup-matchups,7,Blue Prizm,false,199,Edinson Cavani / Mario Balotelli
insert-world-cup-matchups,8,Blue Prizm,false,199,Andrea Pirlo / Steven Gerrard
insert-world-cup-matchups,9,Blue Prizm,false,199,Luis Suarez / Wayne Rooney
insert-world-cup-matchups,10,Blue Prizm,false,199,Paul Pogba / Valon Behrami
insert-world-cup-matchups,11,Blue Prizm,false,199,Antonio Valencia / Franck Ribery
insert-world-cup-matchups,12,Blue Prizm,false,199,Edin Dzeko / Sergio Aguero
insert-world-cup-matchups,13,Blue Prizm,false,199,Javier Mascherano / John Obi Mikel
insert-world-cup-matchups,14,Blue Prizm,false,199,Bastian Schweinsteiger / Nani
insert-world-cup-matchups,15,Blue Prizm,false,199,Cristiano Ronaldo / Mesut Özil
insert-world-cup-matchups,16,Blue Prizm,false,199,Manuel Neuer / Tim Howard
insert-world-cup-matchups,17,Blue Prizm,false,199,Aleksandr Kokorin / Eden Hazard
insert-world-cup-matchups,18,Blue Prizm,false,199,Igor Akinfeev / Thibaut Courtois
insert-world-cup-matchups,19,Blue Prizm,false,199,Cristiano Ronaldo / Lionel Messi
insert-world-cup-matchups,20,Blue Prizm,false,199,Neymar Jr. / Radamel Falcao
insert-world-cup-matchups,21,Blue Prizm,false,199,Arjen Robben / Philipp Lahm
insert-world-cup-matchups,22,Blue Prizm,false,199,Giorgio Chiellini / Sergio Ramos
insert-world-cup-matchups,23,Blue Prizm,false,199,Gianluigi Buffon / Iker Casillas
insert-world-cup-matchups,24,Blue Prizm,false,199,Andres Iniesta / Franck Ribery
insert-world-cup-matchups,25,Blue Prizm,false,199,Luka Modric / Xavi Hernandez
insert-world-cup-matchups,26,Blue Prizm,false,199,Diego Forlan / Landon Donovan
insert-world-cup-matchups,27,Blue Prizm,false,199,Sami Khedira / Wesley Sneijder
insert-world-cup-matchups,28,Blue Prizm,false,199,Angel Di Maria / Dani Alves
insert-world-cup-matchups,1,Gold Power Prizm,false,5,Samuel Eto'o / Thiago Silva
insert-world-cup-matchups,2,Gold Power Prizm,false,5,Javier Hernandez / Neymar Jr.
insert-world-cup-matchups,3,Gold Power Prizm,false,5,Arturo Vidal / Xavi Hernandez
insert-world-cup-matchups,4,Gold Power Prizm,false,5,Andres Iniesta / Arjen Robben
insert-world-cup-matchups,5,Gold Power Prizm,false,5,Didier Drogba / Radamel Falcao
insert-world-cup-matchups,6,Gold Power Prizm,false,5,Gervinho / Keisuke Honda
insert-world-cup-matchups,7,Gold Power Prizm,false,5,Edinson Cavani / Mario Balotelli
insert-world-cup-matchups,8,Gold Power Prizm,false,5,Andrea Pirlo / Steven Gerrard
insert-world-cup-matchups,9,Gold Power Prizm,false,5,Luis Suarez / Wayne Rooney
insert-world-cup-matchups,10,Gold Power Prizm,false,5,Paul Pogba / Valon Behrami
insert-world-cup-matchups,11,Gold Power Prizm,false,5,Antonio Valencia / Franck Ribery
insert-world-cup-matchups,12,Gold Power Prizm,false,5,Edin Dzeko / Sergio Aguero
insert-world-cup-matchups,13,Gold Power Prizm,false,5,Javier Mascherano / John Obi Mikel
insert-world-cup-matchups,14,Gold Power Prizm,false,5,Bastian Schweinsteiger / Nani
insert-world-cup-matchups,15,Gold Power Prizm,false,5,Cristiano Ronaldo / Mesut Özil
insert-world-cup-matchups,16,Gold Power Prizm,false,5,Manuel Neuer / Tim Howard
insert-world-cup-matchups,17,Gold Power Prizm,false,5,Aleksandr Kokorin / Eden Hazard
insert-world-cup-matchups,18,Gold Power Prizm,false,5,Igor Akinfeev / Thibaut Courtois
insert-world-cup-matchups,19,Gold Power Prizm,false,5,Cristiano Ronaldo / Lionel Messi
insert-world-cup-matchups,20,Gold Power Prizm,false,5,Neymar Jr. / Radamel Falcao
insert-world-cup-matchups,21,Gold Power Prizm,false,5,Arjen Robben / Philipp Lahm
insert-world-cup-matchups,22,Gold Power Prizm,false,5,Giorgio Chiellini / Sergio Ramos
insert-world-cup-matchups,23,Gold Power Prizm,false,5,Gianluigi Buffon / Iker Casillas
insert-world-cup-matchups,24,Gold Power Prizm,false,5,Andres Iniesta / Franck Ribery
insert-world-cup-matchups,25,Gold Power Prizm,false,5,Luka Modric / Xavi Hernandez
insert-world-cup-matchups,26,Gold Power Prizm,false,5,Diego Forlan / Landon Donovan
insert-world-cup-matchups,27,Gold Power Prizm,false,5,Sami Khedira / Wesley Sneijder
insert-world-cup-matchups,28,Gold Power Prizm,false,5,Angel Di Maria / Dani Alves
insert-world-cup-matchups,1,Gold Prizm,false,10,Samuel Eto'o / Thiago Silva
insert-world-cup-matchups,2,Gold Prizm,false,10,Javier Hernandez / Neymar Jr.
insert-world-cup-matchups,3,Gold Prizm,false,10,Arturo Vidal / Xavi Hernandez
insert-world-cup-matchups,4,Gold Prizm,false,10,Andres Iniesta / Arjen Robben
insert-world-cup-matchups,5,Gold Prizm,false,10,Didier Drogba / Radamel Falcao
insert-world-cup-matchups,6,Gold Prizm,false,10,Gervinho / Keisuke Honda
insert-world-cup-matchups,7,Gold Prizm,false,10,Edinson Cavani / Mario Balotelli
insert-world-cup-matchups,8,Gold Prizm,false,10,Andrea Pirlo / Steven Gerrard
insert-world-cup-matchups,9,Gold Prizm,false,10,Luis Suarez / Wayne Rooney
insert-world-cup-matchups,10,Gold Prizm,false,10,Paul Pogba / Valon Behrami
insert-world-cup-matchups,11,Gold Prizm,false,10,Antonio Valencia / Franck Ribery
insert-world-cup-matchups,12,Gold Prizm,false,10,Edin Dzeko / Sergio Aguero
insert-world-cup-matchups,13,Gold Prizm,false,10,Javier Mascherano / John Obi Mikel
insert-world-cup-matchups,14,Gold Prizm,false,10,Bastian Schweinsteiger / Nani
insert-world-cup-matchups,15,Gold Prizm,false,10,Cristiano Ronaldo / Mesut Özil
insert-world-cup-matchups,16,Gold Prizm,false,10,Manuel Neuer / Tim Howard
insert-world-cup-matchups,17,Gold Prizm,false,10,Aleksandr Kokorin / Eden Hazard
insert-world-cup-matchups,18,Gold Prizm,false,10,Igor Akinfeev / Thibaut Courtois
insert-world-cup-matchups,19,Gold Prizm,false,10,Cristiano Ronaldo / Lionel Messi
insert-world-cup-matchups,20,Gold Prizm,false,10,Neymar Jr. / Radamel Falcao
insert-world-cup-matchups,21,Gold Prizm,false,10,Arjen Robben / Philipp Lahm
insert-world-cup-matchups,22,Gold Prizm,false,10,Giorgio Chiellini / Sergio Ramos
insert-world-cup-matchups,23,Gold Prizm,false,10,Gianluigi Buffon / Iker Casillas
insert-world-cup-matchups,24,Gold Prizm,false,10,Andres Iniesta / Franck Ribery
insert-world-cup-matchups,25,Gold Prizm,false,10,Luka Modric / Xavi Hernandez
insert-world-cup-matchups,26,Gold Prizm,false,10,Diego Forlan / Landon Donovan
insert-world-cup-matchups,27,Gold Prizm,false,10,Sami Khedira / Wesley Sneijder
insert-world-cup-matchups,28,Gold Prizm,false,10,Angel Di Maria / Dani Alves
insert-world-cup-matchups,1,Green Crystal Prizm,false,25,Samuel Eto'o / Thiago Silva
insert-world-cup-matchups,2,Green Crystal Prizm,false,25,Javier Hernandez / Neymar Jr.
insert-world-cup-matchups,3,Green Crystal Prizm,false,25,Arturo Vidal / Xavi Hernandez
insert-world-cup-matchups,4,Green Crystal Prizm,false,25,Andres Iniesta / Arjen Robben
insert-world-cup-matchups,5,Green Crystal Prizm,false,25,Didier Drogba / Radamel Falcao
insert-world-cup-matchups,6,Green Crystal Prizm,false,25,Gervinho / Keisuke Honda
insert-world-cup-matchups,7,Green Crystal Prizm,false,25,Edinson Cavani / Mario Balotelli
insert-world-cup-matchups,8,Green Crystal Prizm,false,25,Andrea Pirlo / Steven Gerrard
insert-world-cup-matchups,9,Green Crystal Prizm,false,25,Luis Suarez / Wayne Rooney
insert-world-cup-matchups,10,Green Crystal Prizm,false,25,Paul Pogba / Valon Behrami
insert-world-cup-matchups,11,Green Crystal Prizm,false,25,Antonio Valencia / Franck Ribery
insert-world-cup-matchups,12,Green Crystal Prizm,false,25,Edin Dzeko / Sergio Aguero
insert-world-cup-matchups,13,Green Crystal Prizm,false,25,Javier Mascherano / John Obi Mikel
insert-world-cup-matchups,14,Green Crystal Prizm,false,25,Bastian Schweinsteiger / Nani
insert-world-cup-matchups,15,Green Crystal Prizm,false,25,Cristiano Ronaldo / Mesut Özil
insert-world-cup-matchups,16,Green Crystal Prizm,false,25,Manuel Neuer / Tim Howard
insert-world-cup-matchups,17,Green Crystal Prizm,false,25,Aleksandr Kokorin / Eden Hazard
insert-world-cup-matchups,18,Green Crystal Prizm,false,25,Igor Akinfeev / Thibaut Courtois
insert-world-cup-matchups,19,Green Crystal Prizm,false,25,Cristiano Ronaldo / Lionel Messi
insert-world-cup-matchups,20,Green Crystal Prizm,false,25,Neymar Jr. / Radamel Falcao
insert-world-cup-matchups,21,Green Crystal Prizm,false,25,Arjen Robben / Philipp Lahm
insert-world-cup-matchups,22,Green Crystal Prizm,false,25,Giorgio Chiellini / Sergio Ramos
insert-world-cup-matchups,23,Green Crystal Prizm,false,25,Gianluigi Buffon / Iker Casillas
insert-world-cup-matchups,24,Green Crystal Prizm,false,25,Andres Iniesta / Franck Ribery
insert-world-cup-matchups,25,Green Crystal Prizm,false,25,Luka Modric / Xavi Hernandez
insert-world-cup-matchups,26,Green Crystal Prizm,false,25,Diego Forlan / Landon Donovan
insert-world-cup-matchups,27,Green Crystal Prizm,false,25,Sami Khedira / Wesley Sneijder
insert-world-cup-matchups,28,Green Crystal Prizm,false,25,Angel Di Maria / Dani Alves
insert-world-cup-matchups,1,Prizm,false,,Samuel Eto'o / Thiago Silva
insert-world-cup-matchups,2,Prizm,false,,Javier Hernandez / Neymar Jr.
insert-world-cup-matchups,3,Prizm,false,,Arturo Vidal / Xavi Hernandez
insert-world-cup-matchups,4,Prizm,false,,Andres Iniesta / Arjen Robben
insert-world-cup-matchups,5,Prizm,false,,Didier Drogba / Radamel Falcao
insert-world-cup-matchups,6,Prizm,false,,Gervinho / Keisuke Honda
insert-world-cup-matchups,7,Prizm,false,,Edinson Cavani / Mario Balotelli
insert-world-cup-matchups,8,Prizm,false,,Andrea Pirlo / Steven Gerrard
insert-world-cup-matchups,9,Prizm,false,,Luis Suarez / Wayne Rooney
insert-world-cup-matchups,10,Prizm,false,,Paul Pogba / Valon Behrami
insert-world-cup-matchups,11,Prizm,false,,Antonio Valencia / Franck Ribery
insert-world-cup-matchups,12,Prizm,false,,Edin Dzeko / Sergio Aguero
insert-world-cup-matchups,13,Prizm,false,,Javier Mascherano / John Obi Mikel
insert-world-cup-matchups,14,Prizm,false,,Bastian Schweinsteiger / Nani
insert-world-cup-matchups,15,Prizm,false,,Cristiano Ronaldo / Mesut Ozil
insert-world-cup-matchups,16,Prizm,false,,Manuel Neuer / Tim Howard
insert-world-cup-matchups,17,Prizm,false,,Aleksandr Kokorin / Eden Hazard
insert-world-cup-matchups,18,Prizm,false,,Igor Akinfeev / Thibaut Courtois
insert-world-cup-matchups,19,Prizm,false,,Cristiano Ronaldo / Lionel Messi
insert-world-cup-matchups,20,Prizm,false,,Neymar Jr. / Radamel Falcao
insert-world-cup-matchups,21,Prizm,false,,Arjen Robben / Philipp Lahm
insert-world-cup-matchups,22,Prizm,false,,Giorgio Chiellini / Sergio Ramos
insert-world-cup-matchups,23,Prizm,false,,Gianluigi Buffon / Iker Casillas
insert-world-cup-matchups,24,Prizm,false,,Andres Iniesta / Franck Ribery
insert-world-cup-matchups,25,Prizm,false,,Luka Modric / Xavi Hernandez
insert-world-cup-matchups,26,Prizm,false,,Diego Forlan / Landon Donovan
insert-world-cup-matchups,27,Prizm,false,,Sami Khedira / Wesley Sneijder
insert-world-cup-matchups,28,Prizm,false,,Angel Di Maria / Dani Alves
insert-world-cup-matchups,1,Purple Prizm,false,99,Samuel Eto'o / Thiago Silva
insert-world-cup-matchups,2,Purple Prizm,false,99,Javier Hernandez / Neymar Jr.
insert-world-cup-matchups,3,Purple Prizm,false,99,Arturo Vidal / Xavi Hernandez
insert-world-cup-matchups,4,Purple Prizm,false,99,Andres Iniesta / Arjen Robben
insert-world-cup-matchups,5,Purple Prizm,false,99,Didier Drogba / Radamel Falcao
insert-world-cup-matchups,6,Purple Prizm,false,99,Gervinho / Keisuke Honda
insert-world-cup-matchups,7,Purple Prizm,false,99,Edinson Cavani / Mario Balotelli
insert-world-cup-matchups,8,Purple Prizm,false,99,Andrea Pirlo / Steven Gerrard
insert-world-cup-matchups,9,Purple Prizm,false,99,Luis Suarez / Wayne Rooney
insert-world-cup-matchups,10,Purple Prizm,false,99,Paul Pogba / Valon Behrami
insert-world-cup-matchups,11,Purple Prizm,false,99,Antonio Valencia / Franck Ribery
insert-world-cup-matchups,12,Purple Prizm,false,99,Edin Dzeko / Sergio Aguero
insert-world-cup-matchups,13,Purple Prizm,false,99,Javier Mascherano / John Obi Mikel
insert-world-cup-matchups,14,Purple Prizm,false,99,Bastian Schweinsteiger / Nani
insert-world-cup-matchups,15,Purple Prizm,false,99,Cristiano Ronaldo / Mesut Ozil
insert-world-cup-matchups,16,Purple Prizm,false,99,Manuel Neuer / Tim Howard
insert-world-cup-matchups,17,Purple Prizm,false,99,Aleksandr Kokorin / Eden Hazard
insert-world-cup-matchups,18,Purple Prizm,false,99,Igor Akinfeev / Thibaut Courtois
insert-world-cup-matchups,19,Purple Prizm,false,99,Cristiano Ronaldo / Lionel Messi
insert-world-cup-matchups,20,Purple Prizm,false,99,Neymar Jr. / Radamel Falcao
insert-world-cup-matchups,21,Purple Prizm,false,99,Arjen Robben / Philipp Lahm
insert-world-cup-matchups,22,Purple Prizm,false,99,Giorgio Chiellini / Sergio Ramos
insert-world-cup-matchups,23,Purple Prizm,false,99,Gianluigi Buffon / Iker Casillas
insert-world-cup-matchups,24,Purple Prizm,false,99,Andres Iniesta / Franck Ribery
insert-world-cup-matchups,25,Purple Prizm,false,99,Luka Modric / Xavi Hernandez
insert-world-cup-matchups,26,Purple Prizm,false,99,Diego Forlan / Landon Donovan
insert-world-cup-matchups,27,Purple Prizm,false,99,Sami Khedira / Wesley Sneijder
insert-world-cup-matchups,28,Purple Prizm,false,99,Angel Di Maria / Dani Alves
insert-world-cup-matchups,1,Red Prizm,false,149,Samuel Eto'o / Thiago Silva
insert-world-cup-matchups,2,Red Prizm,false,149,Javier Hernandez / Neymar Jr.
insert-world-cup-matchups,3,Red Prizm,false,149,Arturo Vidal / Xavi Hernandez
insert-world-cup-matchups,4,Red Prizm,false,149,Andres Iniesta / Arjen Robben
insert-world-cup-matchups,5,Red Prizm,false,149,Didier Drogba / Radamel Falcao
insert-world-cup-matchups,6,Red Prizm,false,149,Gervinho / Keisuke Honda
insert-world-cup-matchups,7,Red Prizm,false,149,Edinson Cavani / Mario Balotelli
insert-world-cup-matchups,8,Red Prizm,false,149,Andrea Pirlo / Steven Gerrard
insert-world-cup-matchups,9,Red Prizm,false,149,Luis Suarez / Wayne Rooney
insert-world-cup-matchups,10,Red Prizm,false,149,Paul Pogba / Valon Behrami
insert-world-cup-matchups,11,Red Prizm,false,149,Antonio Valencia / Franck Ribery
insert-world-cup-matchups,12,Red Prizm,false,149,Edin Dzeko / Sergio Aguero
insert-world-cup-matchups,13,Red Prizm,false,149,Javier Mascherano / John Obi Mikel
insert-world-cup-matchups,14,Red Prizm,false,149,Bastian Schweinsteiger / Nani
insert-world-cup-matchups,15,Red Prizm,false,149,Cristiano Ronaldo / Mesut Ozil
insert-world-cup-matchups,16,Red Prizm,false,149,Manuel Neuer / Tim Howard
insert-world-cup-matchups,17,Red Prizm,false,149,Aleksandr Kokorin / Eden Hazard
insert-world-cup-matchups,18,Red Prizm,false,149,Igor Akinfeev / Thibaut Courtois
insert-world-cup-matchups,19,Red Prizm,false,149,Cristiano Ronaldo / Lionel Messi
insert-world-cup-matchups,20,Red Prizm,false,149,Neymar Jr. / Radamel Falcao
insert-world-cup-matchups,21,Red Prizm,false,149,Arjen Robben / Philipp Lahm
insert-world-cup-matchups,22,Red Prizm,false,149,Giorgio Chiellini / Sergio Ramos
insert-world-cup-matchups,23,Red Prizm,false,149,Gianluigi Buffon / Iker Casillas
insert-world-cup-matchups,24,Red Prizm,false,149,Andres Iniesta / Franck Ribery
insert-world-cup-matchups,25,Red Prizm,false,149,Luka Modric / Xavi Hernandez
insert-world-cup-matchups,26,Red Prizm,false,149,Diego Forlan / Landon Donovan
insert-world-cup-matchups,27,Red Prizm,false,149,Sami Khedira / Wesley Sneijder
insert-world-cup-matchups,28,Red Prizm,false,149,Angel Di Maria / Dani Alves
insert-world-cup-matchups,1,Red White Blue Power Plaid Prizm,false,,Samuel Eto'o / Thiago Silva
insert-world-cup-matchups,2,Red White Blue Power Plaid Prizm,false,,Javier Hernandez / Neymar Jr.
insert-world-cup-matchups,3,Red White Blue Power Plaid Prizm,false,,Arturo Vidal / Xavi Hernandez
insert-world-cup-matchups,4,Red White Blue Power Plaid Prizm,false,,Andres Iniesta / Arjen Robben
insert-world-cup-matchups,5,Red White Blue Power Plaid Prizm,false,,Didier Drogba / Radamel Falcao
insert-world-cup-matchups,6,Red White Blue Power Plaid Prizm,false,,Gervinho / Keisuke Honda
insert-world-cup-matchups,7,Red White Blue Power Plaid Prizm,false,,Edinson Cavani / Mario Balotelli
insert-world-cup-matchups,8,Red White Blue Power Plaid Prizm,false,,Andrea Pirlo / Steven Gerrard
insert-world-cup-matchups,9,Red White Blue Power Plaid Prizm,false,,Luis Suarez / Wayne Rooney
insert-world-cup-matchups,10,Red White Blue Power Plaid Prizm,false,,Paul Pogba / Valon Behrami
insert-world-cup-matchups,11,Red White Blue Power Plaid Prizm,false,,Antonio Valencia / Franck Ribery
insert-world-cup-matchups,12,Red White Blue Power Plaid Prizm,false,,Edin Dzeko / Sergio Aguero
insert-world-cup-matchups,13,Red White Blue Power Plaid Prizm,false,,Javier Mascherano / John Obi Mikel
insert-world-cup-matchups,14,Red White Blue Power Plaid Prizm,false,,Bastian Schweinsteiger / Nani
insert-world-cup-matchups,15,Red White Blue Power Plaid Prizm,false,,Cristiano Ronaldo / Mesut Ozil
insert-world-cup-matchups,16,Red White Blue Power Plaid Prizm,false,,Manuel Neuer / Tim Howard
insert-world-cup-matchups,17,Red White Blue Power Plaid Prizm,false,,Aleksandr Kokorin / Eden Hazard
insert-world-cup-matchups,18,Red White Blue Power Plaid Prizm,false,,Igor Akinfeev / Thibaut Courtois
insert-world-cup-matchups,19,Red White Blue Power Plaid Prizm,false,,Cristiano Ronaldo / Lionel Messi
insert-world-cup-matchups,20,Red White Blue Power Plaid Prizm,false,,Neymar Jr. / Radamel Falcao
insert-world-cup-matchups,21,Red White Blue Power Plaid Prizm,false,,Arjen Robben / Philipp Lahm
insert-world-cup-matchups,22,Red White Blue Power Plaid Prizm,false,,Giorgio Chiellini / Sergio Ramos
insert-world-cup-matchups,23,Red White Blue Power Plaid Prizm,false,,Gianluigi Buffon / Iker Casillas
insert-world-cup-matchups,24,Red White Blue Power Plaid Prizm,false,,Andres Iniesta / Franck Ribery
insert-world-cup-matchups,25,Red White Blue Power Plaid Prizm,false,,Luka Modric / Xavi Hernandez
insert-world-cup-matchups,26,Red White Blue Power Plaid Prizm,false,,Diego Forlan / Landon Donovan
insert-world-cup-matchups,27,Red White Blue Power Plaid Prizm,false,,Sami Khedira / Wesley Sneijder
insert-world-cup-matchups,28,Red White Blue Power Plaid Prizm,false,,Angel Di Maria / Dani Alves
insert-world-cup-matchups,1,Yellow Red Pulsar Prizm,false,,Samuel Eto'o / Thiago Silva
insert-world-cup-matchups,2,Yellow Red Pulsar Prizm,false,,Javier Hernandez / Neymar Jr.
insert-world-cup-matchups,3,Yellow Red Pulsar Prizm,false,,Arturo Vidal / Xavi Hernandez
insert-world-cup-matchups,4,Yellow Red Pulsar Prizm,false,,Andres Iniesta / Arjen Robben
insert-world-cup-matchups,5,Yellow Red Pulsar Prizm,false,,Didier Drogba / Radamel Falcao
insert-world-cup-matchups,6,Yellow Red Pulsar Prizm,false,,Gervinho / Keisuke Honda
insert-world-cup-matchups,7,Yellow Red Pulsar Prizm,false,,Edinson Cavani / Mario Balotelli
insert-world-cup-matchups,8,Yellow Red Pulsar Prizm,false,,Andrea Pirlo / Steven Gerrard
insert-world-cup-matchups,9,Yellow Red Pulsar Prizm,false,,Luis Suarez / Wayne Rooney
insert-world-cup-matchups,10,Yellow Red Pulsar Prizm,false,,Paul Pogba / Valon Behrami
insert-world-cup-matchups,11,Yellow Red Pulsar Prizm,false,,Antonio Valencia / Franck Ribery
insert-world-cup-matchups,12,Yellow Red Pulsar Prizm,false,,Edin Dzeko / Sergio Aguero
insert-world-cup-matchups,13,Yellow Red Pulsar Prizm,false,,Javier Mascherano / John Obi Mikel
insert-world-cup-matchups,14,Yellow Red Pulsar Prizm,false,,Bastian Schweinsteiger / Nani
insert-world-cup-matchups,15,Yellow Red Pulsar Prizm,false,,Cristiano Ronaldo / Mesut Ozil
insert-world-cup-matchups,16,Yellow Red Pulsar Prizm,false,,Manuel Neuer / Tim Howard
insert-world-cup-matchups,17,Yellow Red Pulsar Prizm,false,,Aleksandr Kokorin / Eden Hazard
insert-world-cup-matchups,18,Yellow Red Pulsar Prizm,false,,Igor Akinfeev / Thibaut Courtois
insert-world-cup-matchups,19,Yellow Red Pulsar Prizm,false,,Cristiano Ronaldo / Lionel Messi
insert-world-cup-matchups,20,Yellow Red Pulsar Prizm,false,,Neymar Jr. / Radamel Falcao
insert-world-cup-matchups,21,Yellow Red Pulsar Prizm,false,,Arjen Robben / Philipp Lahm
insert-world-cup-matchups,22,Yellow Red Pulsar Prizm,false,,Giorgio Chiellini / Sergio Ramos
insert-world-cup-matchups,23,Yellow Red Pulsar Prizm,false,,Gianluigi Buffon / Iker Casillas
insert-world-cup-matchups,24,Yellow Red Pulsar Prizm,false,,Andres Iniesta / Franck Ribery
insert-world-cup-matchups,25,Yellow Red Pulsar Prizm,false,,Luka Modric / Xavi Hernandez
insert-world-cup-matchups,26,Yellow Red Pulsar Prizm,false,,Diego Forlan / Landon Donovan
insert-world-cup-matchups,27,Yellow Red Pulsar Prizm,false,,Sami Khedira / Wesley Sneijder
insert-world-cup-matchups,28,Yellow Red Pulsar Prizm,false,,Angel Di Maria / Dani Alves
insert-world-cup-posters,1,,false,,Belo Horizonte
insert-world-cup-posters,2,,false,,Brasilia
insert-world-cup-posters,3,,false,,Cuiaba
insert-world-cup-posters,4,,false,,Curitiba
insert-world-cup-posters,5,,false,,Fortaleza
insert-world-cup-posters,6,,false,,Manaus
insert-world-cup-posters,7,,false,,Natal
insert-world-cup-posters,8,,false,,Porto Alegre
insert-world-cup-posters,9,,false,,Recife
insert-world-cup-posters,10,,false,,Rio de Janeiro
insert-world-cup-posters,11,,false,,Salvador
insert-world-cup-posters,12,,false,,Sao Paulo
insert-world-cup-posters,1,Black Prizm,false,1,Belo Horizonte
insert-world-cup-posters,2,Black Prizm,false,1,Brasilia
insert-world-cup-posters,3,Black Prizm,false,1,Cuiaba
insert-world-cup-posters,4,Black Prizm,false,1,Curitiba
insert-world-cup-posters,5,Black Prizm,false,1,Fortaleza
insert-world-cup-posters,6,Black Prizm,false,1,Manaus
insert-world-cup-posters,7,Black Prizm,false,1,Natal
insert-world-cup-posters,8,Black Prizm,false,1,Porto Alegre
insert-world-cup-posters,9,Black Prizm,false,1,Recife
insert-world-cup-posters,10,Black Prizm,false,1,Rio de Janeiro
insert-world-cup-posters,11,Black Prizm,false,1,Salvador
insert-world-cup-posters,12,Black Prizm,false,1,Sao Paulo
insert-world-cup-posters,1,Blue Red Wave Prizm,false,,Belo Horizonte
insert-world-cup-posters,2,Blue Red Wave Prizm,false,,Brasilia
insert-world-cup-posters,3,Blue Red Wave Prizm,false,,Cuiaba
insert-world-cup-posters,4,Blue Red Wave Prizm,false,,Curitiba
insert-world-cup-posters,5,Blue Red Wave Prizm,false,,Fortaleza
insert-world-cup-posters,6,Blue Red Wave Prizm,false,,Manaus
insert-world-cup-posters,7,Blue Red Wave Prizm,false,,Natal
insert-world-cup-posters,8,Blue Red Wave Prizm,false,,Porto Alegre
insert-world-cup-posters,9,Blue Red Wave Prizm,false,,Recife
insert-world-cup-posters,10,Blue Red Wave Prizm,false,,Rio de Janeiro
insert-world-cup-posters,11,Blue Red Wave Prizm,false,,Salvador
insert-world-cup-posters,12,Blue Red Wave Prizm,false,,Sao Paulo
insert-world-cup-posters,1,Blue Prizm,false,199,Belo Horizonte
insert-world-cup-posters,2,Blue Prizm,false,199,Brasilia
insert-world-cup-posters,3,Blue Prizm,false,199,Cuiaba
insert-world-cup-posters,4,Blue Prizm,false,199,Curitiba
insert-world-cup-posters,5,Blue Prizm,false,199,Fortaleza
insert-world-cup-posters,6,Blue Prizm,false,199,Manaus
insert-world-cup-posters,7,Blue Prizm,false,199,Natal
insert-world-cup-posters,8,Blue Prizm,false,199,Porto Alegre
insert-world-cup-posters,9,Blue Prizm,false,199,Recife
insert-world-cup-posters,10,Blue Prizm,false,199,Rio de Janeiro
insert-world-cup-posters,11,Blue Prizm,false,199,Salvador
insert-world-cup-posters,12,Blue Prizm,false,199,Sao Paulo
insert-world-cup-posters,1,Gold Power Prizm,false,5,Belo Horizonte
insert-world-cup-posters,2,Gold Power Prizm,false,5,Brasilia
insert-world-cup-posters,3,Gold Power Prizm,false,5,Cuiaba
insert-world-cup-posters,4,Gold Power Prizm,false,5,Curitiba
insert-world-cup-posters,5,Gold Power Prizm,false,5,Fortaleza
insert-world-cup-posters,6,Gold Power Prizm,false,5,Manaus
insert-world-cup-posters,7,Gold Power Prizm,false,5,Natal
insert-world-cup-posters,8,Gold Power Prizm,false,5,Porto Alegre
insert-world-cup-posters,9,Gold Power Prizm,false,5,Recife
insert-world-cup-posters,10,Gold Power Prizm,false,5,Rio de Janeiro
insert-world-cup-posters,11,Gold Power Prizm,false,5,Salvador
insert-world-cup-posters,12,Gold Power Prizm,false,5,Sao Paulo
insert-world-cup-posters,1,Gold Prizm,false,10,Belo Horizonte
insert-world-cup-posters,2,Gold Prizm,false,10,Brasilia
insert-world-cup-posters,3,Gold Prizm,false,10,Cuiaba
insert-world-cup-posters,4,Gold Prizm,false,10,Curitiba
insert-world-cup-posters,5,Gold Prizm,false,10,Fortaleza
insert-world-cup-posters,6,Gold Prizm,false,10,Manaus
insert-world-cup-posters,7,Gold Prizm,false,10,Natal
insert-world-cup-posters,8,Gold Prizm,false,10,Porto Alegre
insert-world-cup-posters,9,Gold Prizm,false,10,Recife
insert-world-cup-posters,10,Gold Prizm,false,10,Rio de Janeiro
insert-world-cup-posters,11,Gold Prizm,false,10,Salvador
insert-world-cup-posters,12,Gold Prizm,false,10,Sao Paulo
insert-world-cup-posters,1,Green Crystal Prizm,false,25,Belo Horizonte
insert-world-cup-posters,2,Green Crystal Prizm,false,25,Brasilia
insert-world-cup-posters,3,Green Crystal Prizm,false,25,Cuiaba
insert-world-cup-posters,4,Green Crystal Prizm,false,25,Curitiba
insert-world-cup-posters,5,Green Crystal Prizm,false,25,Fortaleza
insert-world-cup-posters,6,Green Crystal Prizm,false,25,Manaus
insert-world-cup-posters,7,Green Crystal Prizm,false,25,Natal
insert-world-cup-posters,8,Green Crystal Prizm,false,25,Porto Alegre
insert-world-cup-posters,9,Green Crystal Prizm,false,25,Recife
insert-world-cup-posters,10,Green Crystal Prizm,false,25,Rio de Janeiro
insert-world-cup-posters,11,Green Crystal Prizm,false,25,Salvador
insert-world-cup-posters,12,Green Crystal Prizm,false,25,Sao Paulo
insert-world-cup-posters,1,Prizm,false,,Belo Horizonte
insert-world-cup-posters,2,Prizm,false,,Brasilia
insert-world-cup-posters,3,Prizm,false,,Cuiaba
insert-world-cup-posters,4,Prizm,false,,Curitiba
insert-world-cup-posters,5,Prizm,false,,Fortaleza
insert-world-cup-posters,6,Prizm,false,,Manaus
insert-world-cup-posters,7,Prizm,false,,Natal
insert-world-cup-posters,8,Prizm,false,,Porto Alegre
insert-world-cup-posters,9,Prizm,false,,Recife
insert-world-cup-posters,10,Prizm,false,,Rio de Janeiro
insert-world-cup-posters,11,Prizm,false,,Salvador
insert-world-cup-posters,12,Prizm,false,,Sao Paulo
insert-world-cup-posters,1,Purple Prizm,false,99,Belo Horizonte
insert-world-cup-posters,2,Purple Prizm,false,99,Brasilia
insert-world-cup-posters,3,Purple Prizm,false,99,Cuiaba
insert-world-cup-posters,4,Purple Prizm,false,99,Curitiba
insert-world-cup-posters,5,Purple Prizm,false,99,Fortaleza
insert-world-cup-posters,6,Purple Prizm,false,99,Manaus
insert-world-cup-posters,7,Purple Prizm,false,99,Natal
insert-world-cup-posters,8,Purple Prizm,false,99,Porto Alegre
insert-world-cup-posters,9,Purple Prizm,false,99,Recife
insert-world-cup-posters,10,Purple Prizm,false,99,Rio de Janeiro
insert-world-cup-posters,11,Purple Prizm,false,99,Salvador
insert-world-cup-posters,12,Purple Prizm,false,99,Sao Paulo
insert-world-cup-posters,1,Red Prizm,false,149,Belo Horizonte
insert-world-cup-posters,2,Red Prizm,false,149,Brasilia
insert-world-cup-posters,3,Red Prizm,false,149,Cuiaba
insert-world-cup-posters,4,Red Prizm,false,149,Curitiba
insert-world-cup-posters,5,Red Prizm,false,149,Fortaleza
insert-world-cup-posters,6,Red Prizm,false,149,Manaus
insert-world-cup-posters,7,Red Prizm,false,149,Natal
insert-world-cup-posters,8,Red Prizm,false,149,Porto Alegre
insert-world-cup-posters,9,Red Prizm,false,149,Recife
insert-world-cup-posters,10,Red Prizm,false,149,Rio de Janeiro
insert-world-cup-posters,11,Red Prizm,false,149,Salvador
insert-world-cup-posters,12,Red Prizm,false,149,Sao Paulo
insert-world-cup-posters,1,Red White Blue Power Plaid Prizm,false,,Belo Horizonte
insert-world-cup-posters,2,Red White Blue Power Plaid Prizm,false,,Brasilia
insert-world-cup-posters,3,Red White Blue Power Plaid Prizm,false,,Cuiaba
insert-world-cup-posters,4,Red White Blue Power Plaid Prizm,false,,Curitiba
insert-world-cup-posters,5,Red White Blue Power Plaid Prizm,false,,Fortaleza
insert-world-cup-posters,6,Red White Blue Power Plaid Prizm,false,,Manaus
insert-world-cup-posters,7,Red White Blue Power Plaid Prizm,false,,Natal
insert-world-cup-posters,8,Red White Blue Power Plaid Prizm,false,,Porto Alegre
insert-world-cup-posters,9,Red White Blue Power Plaid Prizm,false,,Recife
insert-world-cup-posters,10,Red White Blue Power Plaid Prizm,false,,Rio de Janeiro
insert-world-cup-posters,11,Red White Blue Power Plaid Prizm,false,,Salvador
insert-world-cup-posters,12,Red White Blue Power Plaid Prizm,false,,Sao Paulo
insert-world-cup-posters,1,Yellow Red Pulsar Prizm,false,,Belo Horizonte
insert-world-cup-posters,2,Yellow Red Pulsar Prizm,false,,Brasilia
insert-world-cup-posters,3,Yellow Red Pulsar Prizm,false,,Cuiaba
insert-world-cup-posters,4,Yellow Red Pulsar Prizm,false,,Curitiba
insert-world-cup-posters,5,Yellow Red Pulsar Prizm,false,,Fortaleza
insert-world-cup-posters,6,Yellow Red Pulsar Prizm,false,,Manaus
insert-world-cup-posters,7,Yellow Red Pulsar Prizm,false,,Natal
insert-world-cup-posters,8,Yellow Red Pulsar Prizm,false,,Porto Alegre
insert-world-cup-posters,9,Yellow Red Pulsar Prizm,false,,Recife
insert-world-cup-posters,10,Yellow Red Pulsar Prizm,false,,Rio de Janeiro
insert-world-cup-posters,11,Yellow Red Pulsar Prizm,false,,Salvador
insert-world-cup-posters,12,Yellow Red Pulsar Prizm,false,,Sao Paulo
insert-world-cup-stars,1,,false,,Lionel Messi
insert-world-cup-stars,2,,false,,Sergio Aguero
insert-world-cup-stars,3,,false,,Eden Hazard
insert-world-cup-stars,4,,false,,Vincent Kompany
insert-world-cup-stars,5,,false,,Edin Dzeko
insert-world-cup-stars,6,,false,,Julio Cesar
insert-world-cup-stars,7,,false,,Neymar Jr.
insert-world-cup-stars,8,,false,,Thiago Silva
insert-world-cup-stars,9,,false,,Samuel Eto'o
insert-world-cup-stars,10,,false,,Radamel Falcao
insert-world-cup-stars,11,,false,,Didier Drogba
insert-world-cup-stars,12,,false,,Steven Gerrard
insert-world-cup-stars,13,,false,,Frank Lampard
insert-world-cup-stars,14,,false,,Wayne Rooney
insert-world-cup-stars,15,,false,,Franck Ribery
insert-world-cup-stars,16,,false,,Bastian Schweinsteiger
insert-world-cup-stars,17,,false,,Manuel Neuer
insert-world-cup-stars,18,,false,,Mesut Ozil
insert-world-cup-stars,19,,false,,Philipp Lahm
insert-world-cup-stars,20,,false,,Arjen Robben
insert-world-cup-stars,21,,false,,Robin van Persie
insert-world-cup-stars,22,,false,,Wesley Sneijder
insert-world-cup-stars,23,,false,,Luka Modric
insert-world-cup-stars,24,,false,,Andrea Pirlo
insert-world-cup-stars,25,,false,,Gianluigi Buffon
insert-world-cup-stars,26,,false,,Mario Balotelli
insert-world-cup-stars,27,,false,,Javier Hernandez
insert-world-cup-stars,28,,false,,Cristiano Ronaldo
insert-world-cup-stars,29,,false,,Nani
insert-world-cup-stars,30,,false,,Andres Iniesta
insert-world-cup-stars,31,,false,,David Silva
insert-world-cup-stars,32,,false,,Gerard Pique
insert-world-cup-stars,33,,false,,Iker Casillas
insert-world-cup-stars,34,,false,,Sergio Ramos
insert-world-cup-stars,35,,false,,Xavi Hernandez
insert-world-cup-stars,36,,false,,Edinson Cavani
insert-world-cup-stars,37,,false,,Luis Suarez
insert-world-cup-stars,38,,false,,Clint Dempsey
insert-world-cup-stars,39,,false,,Landon Donovan
insert-world-cup-stars,40,,false,,Rafael Marquez
insert-world-cup-stars,41,,false,,Pele
insert-world-cup-stars,42,,false,,Tim Howard
insert-world-cup-stars,43,,false,,Mario Kempes
insert-world-cup-stars,44,,false,,Roberto Baggio
insert-world-cup-stars,45,,false,,Diego Forlan
insert-world-cup-stars,46,,false,,Jürgen Klinsmann
insert-world-cup-stars,47,,false,,Cafu
insert-world-cup-stars,48,,false,,Fabio Cannavaro
insert-world-cup-stars,49,,false,,Luis Figo
insert-world-cup-stars,1,Black Prizm,false,1,Lionel Messi
insert-world-cup-stars,2,Black Prizm,false,1,Sergio Aguero
insert-world-cup-stars,3,Black Prizm,false,1,Eden Hazard
insert-world-cup-stars,4,Black Prizm,false,1,Vincent Kompany
insert-world-cup-stars,5,Black Prizm,false,1,Edin Dzeko
insert-world-cup-stars,6,Black Prizm,false,1,Julio Cesar
insert-world-cup-stars,7,Black Prizm,false,1,Neymar Jr.
insert-world-cup-stars,8,Black Prizm,false,1,Thiago Silva
insert-world-cup-stars,9,Black Prizm,false,1,Samuel Eto'o
insert-world-cup-stars,10,Black Prizm,false,1,Radamel Falcao
insert-world-cup-stars,11,Black Prizm,false,1,Didier Drogba
insert-world-cup-stars,12,Black Prizm,false,1,Steven Gerrard
insert-world-cup-stars,13,Black Prizm,false,1,Frank Lampard
insert-world-cup-stars,14,Black Prizm,false,1,Wayne Rooney
insert-world-cup-stars,15,Black Prizm,false,1,Franck Ribery
insert-world-cup-stars,16,Black Prizm,false,1,Bastian Schweinsteiger
insert-world-cup-stars,17,Black Prizm,false,1,Manuel Neuer
insert-world-cup-stars,18,Black Prizm,false,1,Mesut Ozil
insert-world-cup-stars,19,Black Prizm,false,1,Philipp Lahm
insert-world-cup-stars,20,Black Prizm,false,1,Arjen Robben
insert-world-cup-stars,21,Black Prizm,false,1,Robin van Persie
insert-world-cup-stars,22,Black Prizm,false,1,Wesley Sneijder
insert-world-cup-stars,23,Black Prizm,false,1,Luka Modric
insert-world-cup-stars,24,Black Prizm,false,1,Andrea Pirlo
insert-world-cup-stars,25,Black Prizm,false,1,Gianluigi Buffon
insert-world-cup-stars,26,Black Prizm,false,1,Mario Balotelli
insert-world-cup-stars,27,Black Prizm,false,1,Javier Hernandez
insert-world-cup-stars,28,Black Prizm,false,1,Cristiano Ronaldo
insert-world-cup-stars,29,Black Prizm,false,1,Nani
insert-world-cup-stars,30,Black Prizm,false,1,Andres Iniesta
insert-world-cup-stars,31,Black Prizm,false,1,David Silva
insert-world-cup-stars,32,Black Prizm,false,1,Gerard Pique
insert-world-cup-stars,33,Black Prizm,false,1,Iker Casillas
insert-world-cup-stars,34,Black Prizm,false,1,Sergio Ramos
insert-world-cup-stars,35,Black Prizm,false,1,Xavi Hernandez
insert-world-cup-stars,36,Black Prizm,false,1,Edinson Cavani
insert-world-cup-stars,37,Black Prizm,false,1,Luis Suarez
insert-world-cup-stars,38,Black Prizm,false,1,Clint Dempsey
insert-world-cup-stars,39,Black Prizm,false,1,Landon Donovan
insert-world-cup-stars,40,Black Prizm,false,1,Rafael Marquez
insert-world-cup-stars,41,Black Prizm,false,1,Pele
insert-world-cup-stars,42,Black Prizm,false,1,Tim Howard
insert-world-cup-stars,43,Black Prizm,false,1,Mario Kempes
insert-world-cup-stars,44,Black Prizm,false,1,Roberto Baggio
insert-world-cup-stars,45,Black Prizm,false,1,Diego Forlan
insert-world-cup-stars,46,Black Prizm,false,1,Jurgen Klinsmann
insert-world-cup-stars,47,Black Prizm,false,1,Cafu
insert-world-cup-stars,48,Black Prizm,false,1,Fabio Cannavaro
insert-world-cup-stars,49,Black Prizm,false,1,Luis Figo
insert-world-cup-stars,1,Blue Red Wave Prizm,false,,Lionel Messi
insert-world-cup-stars,2,Blue Red Wave Prizm,false,,Sergio Aguero
insert-world-cup-stars,3,Blue Red Wave Prizm,false,,Eden Hazard
insert-world-cup-stars,4,Blue Red Wave Prizm,false,,Vincent Kompany
insert-world-cup-stars,5,Blue Red Wave Prizm,false,,Edin Dzeko
insert-world-cup-stars,6,Blue Red Wave Prizm,false,,Julio Cesar
insert-world-cup-stars,7,Blue Red Wave Prizm,false,,Neymar Jr.
insert-world-cup-stars,8,Blue Red Wave Prizm,false,,Thiago Silva
insert-world-cup-stars,9,Blue Red Wave Prizm,false,,Samuel Eto'o
insert-world-cup-stars,10,Blue Red Wave Prizm,false,,Radamel Falcao
insert-world-cup-stars,11,Blue Red Wave Prizm,false,,Didier Drogba
insert-world-cup-stars,12,Blue Red Wave Prizm,false,,Steven Gerrard
insert-world-cup-stars,13,Blue Red Wave Prizm,false,,Frank Lampard
insert-world-cup-stars,14,Blue Red Wave Prizm,false,,Wayne Rooney
insert-world-cup-stars,15,Blue Red Wave Prizm,false,,Franck Ribery
insert-world-cup-stars,16,Blue Red Wave Prizm,false,,Bastian Schweinsteiger
insert-world-cup-stars,17,Blue Red Wave Prizm,false,,Manuel Neuer
insert-world-cup-stars,18,Blue Red Wave Prizm,false,,Mesut Ozil
insert-world-cup-stars,19,Blue Red Wave Prizm,false,,Philipp Lahm
insert-world-cup-stars,20,Blue Red Wave Prizm,false,,Arjen Robben
insert-world-cup-stars,21,Blue Red Wave Prizm,false,,Robin van Persie
insert-world-cup-stars,22,Blue Red Wave Prizm,false,,Wesley Sneijder
insert-world-cup-stars,23,Blue Red Wave Prizm,false,,Luka Modric
insert-world-cup-stars,24,Blue Red Wave Prizm,false,,Andrea Pirlo
insert-world-cup-stars,25,Blue Red Wave Prizm,false,,Gianluigi Buffon
insert-world-cup-stars,26,Blue Red Wave Prizm,false,,Mario Balotelli
insert-world-cup-stars,27,Blue Red Wave Prizm,false,,Javier Hernandez
insert-world-cup-stars,28,Blue Red Wave Prizm,false,,Cristiano Ronaldo
insert-world-cup-stars,29,Blue Red Wave Prizm,false,,Nani
insert-world-cup-stars,30,Blue Red Wave Prizm,false,,Andres Iniesta
insert-world-cup-stars,31,Blue Red Wave Prizm,false,,David Silva
insert-world-cup-stars,32,Blue Red Wave Prizm,false,,Gerard Pique
insert-world-cup-stars,33,Blue Red Wave Prizm,false,,Iker Casillas
insert-world-cup-stars,34,Blue Red Wave Prizm,false,,Sergio Ramos
insert-world-cup-stars,35,Blue Red Wave Prizm,false,,Xavi Hernandez
insert-world-cup-stars,36,Blue Red Wave Prizm,false,,Edinson Cavani
insert-world-cup-stars,37,Blue Red Wave Prizm,false,,Luis Suarez
insert-world-cup-stars,38,Blue Red Wave Prizm,false,,Clint Dempsey
insert-world-cup-stars,39,Blue Red Wave Prizm,false,,Landon Donovan
insert-world-cup-stars,40,Blue Red Wave Prizm,false,,Rafael Marquez
insert-world-cup-stars,41,Blue Red Wave Prizm,false,,Pele
insert-world-cup-stars,42,Blue Red Wave Prizm,false,,Tim Howard
insert-world-cup-stars,43,Blue Red Wave Prizm,false,,Mario Kempes
insert-world-cup-stars,44,Blue Red Wave Prizm,false,,Roberto Baggio
insert-world-cup-stars,45,Blue Red Wave Prizm,false,,Diego Forlan
insert-world-cup-stars,46,Blue Red Wave Prizm,false,,Jürgen Klinsmann
insert-world-cup-stars,47,Blue Red Wave Prizm,false,,Cafu
insert-world-cup-stars,48,Blue Red Wave Prizm,false,,Fabio Cannavaro
insert-world-cup-stars,49,Blue Red Wave Prizm,false,,Luis Figo
insert-world-cup-stars,1,Blue Prizm,false,199,Lionel Messi
insert-world-cup-stars,2,Blue Prizm,false,199,Sergio Aguero
insert-world-cup-stars,3,Blue Prizm,false,199,Eden Hazard
insert-world-cup-stars,4,Blue Prizm,false,199,Vincent Kompany
insert-world-cup-stars,5,Blue Prizm,false,199,Edin Dzeko
insert-world-cup-stars,6,Blue Prizm,false,199,Julio Cesar
insert-world-cup-stars,7,Blue Prizm,false,199,Neymar Jr.
insert-world-cup-stars,8,Blue Prizm,false,199,Thiago Silva
insert-world-cup-stars,9,Blue Prizm,false,199,Samuel Eto'o
insert-world-cup-stars,10,Blue Prizm,false,199,Radamel Falcao
insert-world-cup-stars,11,Blue Prizm,false,199,Didier Drogba
insert-world-cup-stars,12,Blue Prizm,false,199,Steven Gerrard
insert-world-cup-stars,13,Blue Prizm,false,199,Frank Lampard
insert-world-cup-stars,14,Blue Prizm,false,199,Wayne Rooney
insert-world-cup-stars,15,Blue Prizm,false,199,Franck Ribery
insert-world-cup-stars,16,Blue Prizm,false,199,Bastian Schweinsteiger
insert-world-cup-stars,17,Blue Prizm,false,199,Manuel Neuer
insert-world-cup-stars,18,Blue Prizm,false,199,Mesut Ozil
insert-world-cup-stars,19,Blue Prizm,false,199,Philipp Lahm
insert-world-cup-stars,20,Blue Prizm,false,199,Arjen Robben
insert-world-cup-stars,21,Blue Prizm,false,199,Robin van Persie
insert-world-cup-stars,22,Blue Prizm,false,199,Wesley Sneijder
insert-world-cup-stars,23,Blue Prizm,false,199,Luka Modric
insert-world-cup-stars,24,Blue Prizm,false,199,Andrea Pirlo
insert-world-cup-stars,25,Blue Prizm,false,199,Gianluigi Buffon
insert-world-cup-stars,26,Blue Prizm,false,199,Mario Balotelli
insert-world-cup-stars,27,Blue Prizm,false,199,Javier Hernandez
insert-world-cup-stars,28,Blue Prizm,false,199,Cristiano Ronaldo
insert-world-cup-stars,29,Blue Prizm,false,199,Nani
insert-world-cup-stars,30,Blue Prizm,false,199,Andres Iniesta
insert-world-cup-stars,31,Blue Prizm,false,199,David Silva
insert-world-cup-stars,32,Blue Prizm,false,199,Gerard Pique
insert-world-cup-stars,33,Blue Prizm,false,199,Iker Casillas
insert-world-cup-stars,34,Blue Prizm,false,199,Sergio Ramos
insert-world-cup-stars,35,Blue Prizm,false,199,Xavi Hernandez
insert-world-cup-stars,36,Blue Prizm,false,199,Edinson Cavani
insert-world-cup-stars,37,Blue Prizm,false,199,Luis Suarez
insert-world-cup-stars,38,Blue Prizm,false,199,Clint Dempsey
insert-world-cup-stars,39,Blue Prizm,false,199,Landon Donovan
insert-world-cup-stars,40,Blue Prizm,false,199,Rafael Marquez
insert-world-cup-stars,41,Blue Prizm,false,199,Pele
insert-world-cup-stars,42,Blue Prizm,false,199,Tim Howard
insert-world-cup-stars,43,Blue Prizm,false,199,Mario Kempes
insert-world-cup-stars,44,Blue Prizm,false,199,Roberto Baggio
insert-world-cup-stars,45,Blue Prizm,false,199,Diego Forlan
insert-world-cup-stars,46,Blue Prizm,false,199,Jürgen Klinsmann
insert-world-cup-stars,47,Blue Prizm,false,199,Cafu
insert-world-cup-stars,48,Blue Prizm,false,199,Fabio Cannavaro
insert-world-cup-stars,49,Blue Prizm,false,199,Luis Figo
insert-world-cup-stars,1,Gold Power Prizm,false,5,Lionel Messi
insert-world-cup-stars,2,Gold Power Prizm,false,5,Sergio Aguero
insert-world-cup-stars,3,Gold Power Prizm,false,5,Eden Hazard
insert-world-cup-stars,4,Gold Power Prizm,false,5,Vincent Kompany
insert-world-cup-stars,5,Gold Power Prizm,false,5,Edin Dzeko
insert-world-cup-stars,6,Gold Power Prizm,false,5,Julio Cesar
insert-world-cup-stars,7,Gold Power Prizm,false,5,Neymar Jr.
insert-world-cup-stars,8,Gold Power Prizm,false,5,Thiago Silva
insert-world-cup-stars,9,Gold Power Prizm,false,5,Samuel Eto'o
insert-world-cup-stars,10,Gold Power Prizm,false,5,Radamel Falcao
insert-world-cup-stars,11,Gold Power Prizm,false,5,Didier Drogba
insert-world-cup-stars,12,Gold Power Prizm,false,5,Steven Gerrard
insert-world-cup-stars,13,Gold Power Prizm,false,5,Frank Lampard
insert-world-cup-stars,14,Gold Power Prizm,false,5,Wayne Rooney
insert-world-cup-stars,15,Gold Power Prizm,false,5,Franck Ribery
insert-world-cup-stars,16,Gold Power Prizm,false,5,Bastian Schweinsteiger
insert-world-cup-stars,17,Gold Power Prizm,false,5,Manuel Neuer
insert-world-cup-stars,18,Gold Power Prizm,false,5,Mesut Ozil
insert-world-cup-stars,19,Gold Power Prizm,false,5,Philipp Lahm
insert-world-cup-stars,20,Gold Power Prizm,false,5,Arjen Robben
insert-world-cup-stars,21,Gold Power Prizm,false,5,Robin van Persie
insert-world-cup-stars,22,Gold Power Prizm,false,5,Wesley Sneijder
insert-world-cup-stars,23,Gold Power Prizm,false,5,Luka Modric
insert-world-cup-stars,24,Gold Power Prizm,false,5,Andrea Pirlo
insert-world-cup-stars,25,Gold Power Prizm,false,5,Gianluigi Buffon
insert-world-cup-stars,26,Gold Power Prizm,false,5,Mario Balotelli
insert-world-cup-stars,27,Gold Power Prizm,false,5,Javier Hernandez
insert-world-cup-stars,28,Gold Power Prizm,false,5,Cristiano Ronaldo
insert-world-cup-stars,29,Gold Power Prizm,false,5,Nani
insert-world-cup-stars,30,Gold Power Prizm,false,5,Andres Iniesta
insert-world-cup-stars,31,Gold Power Prizm,false,5,David Silva
insert-world-cup-stars,32,Gold Power Prizm,false,5,Gerard Pique
insert-world-cup-stars,33,Gold Power Prizm,false,5,Iker Casillas
insert-world-cup-stars,34,Gold Power Prizm,false,5,Sergio Ramos
insert-world-cup-stars,35,Gold Power Prizm,false,5,Xavi Hernandez
insert-world-cup-stars,36,Gold Power Prizm,false,5,Edinson Cavani
insert-world-cup-stars,37,Gold Power Prizm,false,5,Luis Suarez
insert-world-cup-stars,38,Gold Power Prizm,false,5,Clint Dempsey
insert-world-cup-stars,39,Gold Power Prizm,false,5,Landon Donovan
insert-world-cup-stars,40,Gold Power Prizm,false,5,Rafael Marquez
insert-world-cup-stars,41,Gold Power Prizm,false,5,Pele
insert-world-cup-stars,42,Gold Power Prizm,false,5,Tim Howard
insert-world-cup-stars,43,Gold Power Prizm,false,5,Mario Kempes
insert-world-cup-stars,44,Gold Power Prizm,false,5,Roberto Baggio
insert-world-cup-stars,45,Gold Power Prizm,false,5,Diego Forlan
insert-world-cup-stars,46,Gold Power Prizm,false,5,Jürgen Klinsmann
insert-world-cup-stars,47,Gold Power Prizm,false,5,Cafu
insert-world-cup-stars,48,Gold Power Prizm,false,5,Fabio Cannavaro
insert-world-cup-stars,49,Gold Power Prizm,false,5,Luis Figo
insert-world-cup-stars,1,Gold Prizm,false,10,Lionel Messi
insert-world-cup-stars,2,Gold Prizm,false,10,Sergio Aguero
insert-world-cup-stars,3,Gold Prizm,false,10,Eden Hazard
insert-world-cup-stars,4,Gold Prizm,false,10,Vincent Kompany
insert-world-cup-stars,5,Gold Prizm,false,10,Edin Dzeko
insert-world-cup-stars,6,Gold Prizm,false,10,Julio Cesar
insert-world-cup-stars,7,Gold Prizm,false,10,Neymar Jr.
insert-world-cup-stars,8,Gold Prizm,false,10,Thiago Silva
insert-world-cup-stars,9,Gold Prizm,false,10,Samuel Eto'o
insert-world-cup-stars,10,Gold Prizm,false,10,Radamel Falcao
insert-world-cup-stars,11,Gold Prizm,false,10,Didier Drogba
insert-world-cup-stars,12,Gold Prizm,false,10,Steven Gerrard
insert-world-cup-stars,13,Gold Prizm,false,10,Frank Lampard
insert-world-cup-stars,14,Gold Prizm,false,10,Wayne Rooney
insert-world-cup-stars,15,Gold Prizm,false,10,Franck Ribery
insert-world-cup-stars,16,Gold Prizm,false,10,Bastian Schweinsteiger
insert-world-cup-stars,17,Gold Prizm,false,10,Manuel Neuer
insert-world-cup-stars,18,Gold Prizm,false,10,Mesut Ozil
insert-world-cup-stars,19,Gold Prizm,false,10,Philipp Lahm
insert-world-cup-stars,20,Gold Prizm,false,10,Arjen Robben
insert-world-cup-stars,21,Gold Prizm,false,10,Robin van Persie
insert-world-cup-stars,22,Gold Prizm,false,10,Wesley Sneijder
insert-world-cup-stars,23,Gold Prizm,false,10,Luka Modric
insert-world-cup-stars,24,Gold Prizm,false,10,Andrea Pirlo
insert-world-cup-stars,25,Gold Prizm,false,10,Gianluigi Buffon
insert-world-cup-stars,26,Gold Prizm,false,10,Mario Balotelli
insert-world-cup-stars,27,Gold Prizm,false,10,Javier Hernandez
insert-world-cup-stars,28,Gold Prizm,false,10,Cristiano Ronaldo
insert-world-cup-stars,29,Gold Prizm,false,10,Nani
insert-world-cup-stars,30,Gold Prizm,false,10,Andres Iniesta
insert-world-cup-stars,31,Gold Prizm,false,10,David Silva
insert-world-cup-stars,32,Gold Prizm,false,10,Gerard Pique
insert-world-cup-stars,33,Gold Prizm,false,10,Iker Casillas
insert-world-cup-stars,34,Gold Prizm,false,10,Sergio Ramos
insert-world-cup-stars,35,Gold Prizm,false,10,Xavi Hernandez
insert-world-cup-stars,36,Gold Prizm,false,10,Edinson Cavani
insert-world-cup-stars,37,Gold Prizm,false,10,Luis Suarez
insert-world-cup-stars,38,Gold Prizm,false,10,Clint Dempsey
insert-world-cup-stars,39,Gold Prizm,false,10,Landon Donovan
insert-world-cup-stars,40,Gold Prizm,false,10,Rafael Marquez
insert-world-cup-stars,41,Gold Prizm,false,10,Pele
insert-world-cup-stars,42,Gold Prizm,false,10,Tim Howard
insert-world-cup-stars,43,Gold Prizm,false,10,Mario Kempes
insert-world-cup-stars,44,Gold Prizm,false,10,Roberto Baggio
insert-world-cup-stars,45,Gold Prizm,false,10,Diego Forlan
insert-world-cup-stars,46,Gold Prizm,false,10,Jürgen Klinsmann
insert-world-cup-stars,47,Gold Prizm,false,10,Cafu
insert-world-cup-stars,48,Gold Prizm,false,10,Fabio Cannavaro
insert-world-cup-stars,49,Gold Prizm,false,10,Luis Figo
insert-world-cup-stars,1,Green Crystal Prizm,false,25,Lionel Messi
insert-world-cup-stars,2,Green Crystal Prizm,false,25,Sergio Aguero
insert-world-cup-stars,3,Green Crystal Prizm,false,25,Eden Hazard
insert-world-cup-stars,4,Green Crystal Prizm,false,25,Vincent Kompany
insert-world-cup-stars,5,Green Crystal Prizm,false,25,Edin Dzeko
insert-world-cup-stars,6,Green Crystal Prizm,false,25,Julio Cesar
insert-world-cup-stars,7,Green Crystal Prizm,false,25,Neymar Jr.
insert-world-cup-stars,8,Green Crystal Prizm,false,25,Thiago Silva
insert-world-cup-stars,9,Green Crystal Prizm,false,25,Samuel Eto'o
insert-world-cup-stars,10,Green Crystal Prizm,false,25,Radamel Falcao
insert-world-cup-stars,11,Green Crystal Prizm,false,25,Didier Drogba
insert-world-cup-stars,12,Green Crystal Prizm,false,25,Steven Gerrard
insert-world-cup-stars,13,Green Crystal Prizm,false,25,Frank Lampard
insert-world-cup-stars,14,Green Crystal Prizm,false,25,Wayne Rooney
insert-world-cup-stars,15,Green Crystal Prizm,false,25,Franck Ribery
insert-world-cup-stars,16,Green Crystal Prizm,false,25,Bastian Schweinsteiger
insert-world-cup-stars,17,Green Crystal Prizm,false,25,Manuel Neuer
insert-world-cup-stars,18,Green Crystal Prizm,false,25,Mesut Ozil
insert-world-cup-stars,19,Green Crystal Prizm,false,25,Philipp Lahm
insert-world-cup-stars,20,Green Crystal Prizm,false,25,Arjen Robben
insert-world-cup-stars,21,Green Crystal Prizm,false,25,Robin van Persie
insert-world-cup-stars,22,Green Crystal Prizm,false,25,Wesley Sneijder
insert-world-cup-stars,23,Green Crystal Prizm,false,25,Luka Modric
insert-world-cup-stars,24,Green Crystal Prizm,false,25,Andrea Pirlo
insert-world-cup-stars,25,Green Crystal Prizm,false,25,Gianluigi Buffon
insert-world-cup-stars,26,Green Crystal Prizm,false,25,Mario Balotelli
insert-world-cup-stars,27,Green Crystal Prizm,false,25,Javier Hernandez
insert-world-cup-stars,28,Green Crystal Prizm,false,25,Cristiano Ronaldo
insert-world-cup-stars,29,Green Crystal Prizm,false,25,Nani
insert-world-cup-stars,30,Green Crystal Prizm,false,25,Andres Iniesta
insert-world-cup-stars,31,Green Crystal Prizm,false,25,David Silva
insert-world-cup-stars,32,Green Crystal Prizm,false,25,Gerard Pique
insert-world-cup-stars,33,Green Crystal Prizm,false,25,Iker Casillas
insert-world-cup-stars,34,Green Crystal Prizm,false,25,Sergio Ramos
insert-world-cup-stars,35,Green Crystal Prizm,false,25,Xavi Hernandez
insert-world-cup-stars,36,Green Crystal Prizm,false,25,Edinson Cavani
insert-world-cup-stars,37,Green Crystal Prizm,false,25,Luis Suarez
insert-world-cup-stars,38,Green Crystal Prizm,false,25,Clint Dempsey
insert-world-cup-stars,39,Green Crystal Prizm,false,25,Landon Donovan
insert-world-cup-stars,40,Green Crystal Prizm,false,25,Rafael Marquez
insert-world-cup-stars,41,Green Crystal Prizm,false,25,Pele
insert-world-cup-stars,42,Green Crystal Prizm,false,25,Tim Howard
insert-world-cup-stars,43,Green Crystal Prizm,false,25,Mario Kempes
insert-world-cup-stars,44,Green Crystal Prizm,false,25,Roberto Baggio
insert-world-cup-stars,45,Green Crystal Prizm,false,25,Diego Forlan
insert-world-cup-stars,46,Green Crystal Prizm,false,25,Jürgen Klinsmann
insert-world-cup-stars,47,Green Crystal Prizm,false,25,Cafu
insert-world-cup-stars,48,Green Crystal Prizm,false,25,Fabio Cannavaro
insert-world-cup-stars,49,Green Crystal Prizm,false,25,Luis Figo
insert-world-cup-stars,1,Prizm,false,,Lionel Messi
insert-world-cup-stars,2,Prizm,false,,Sergio Aguero
insert-world-cup-stars,3,Prizm,false,,Eden Hazard
insert-world-cup-stars,4,Prizm,false,,Vincent Kompany
insert-world-cup-stars,5,Prizm,false,,Edin Dzeko
insert-world-cup-stars,6,Prizm,false,,Julio Cesar
insert-world-cup-stars,7,Prizm,false,,Neymar Jr.
insert-world-cup-stars,8,Prizm,false,,Thiago Silva
insert-world-cup-stars,9,Prizm,false,,Samuel Eto'o
insert-world-cup-stars,10,Prizm,false,,Radamel Falcao
insert-world-cup-stars,11,Prizm,false,,Didier Drogba
insert-world-cup-stars,12,Prizm,false,,Steven Gerrard
insert-world-cup-stars,13,Prizm,false,,Frank Lampard
insert-world-cup-stars,14,Prizm,false,,Wayne Rooney
insert-world-cup-stars,15,Prizm,false,,Franck Ribery
insert-world-cup-stars,16,Prizm,false,,Bastian Schweinsteiger
insert-world-cup-stars,17,Prizm,false,,Manuel Neuer
insert-world-cup-stars,18,Prizm,false,,Mesut Ozil
insert-world-cup-stars,19,Prizm,false,,Philipp Lahm
insert-world-cup-stars,20,Prizm,false,,Arjen Robben
insert-world-cup-stars,21,Prizm,false,,Robin van Persie
insert-world-cup-stars,22,Prizm,false,,Wesley Sneijder
insert-world-cup-stars,23,Prizm,false,,Luka Modric
insert-world-cup-stars,24,Prizm,false,,Andrea Pirlo
insert-world-cup-stars,25,Prizm,false,,Gianluigi Buffon
insert-world-cup-stars,26,Prizm,false,,Mario Balotelli
insert-world-cup-stars,27,Prizm,false,,Javier Hernandez
insert-world-cup-stars,28,Prizm,false,,Cristiano Ronaldo
insert-world-cup-stars,29,Prizm,false,,Nani
insert-world-cup-stars,30,Prizm,false,,Andres Iniesta
insert-world-cup-stars,31,Prizm,false,,David Silva
insert-world-cup-stars,32,Prizm,false,,Gerard Pique
insert-world-cup-stars,33,Prizm,false,,Iker Casillas
insert-world-cup-stars,34,Prizm,false,,Sergio Ramos
insert-world-cup-stars,35,Prizm,false,,Xavi Hernandez
insert-world-cup-stars,36,Prizm,false,,Edinson Cavani
insert-world-cup-stars,37,Prizm,false,,Luis Suarez
insert-world-cup-stars,38,Prizm,false,,Clint Dempsey
insert-world-cup-stars,39,Prizm,false,,Landon Donovan
insert-world-cup-stars,40,Prizm,false,,Rafael Marquez
insert-world-cup-stars,41,Prizm,false,,Pele
insert-world-cup-stars,42,Prizm,false,,Tim Howard
insert-world-cup-stars,43,Prizm,false,,Mario Kempes
insert-world-cup-stars,44,Prizm,false,,Roberto Baggio
insert-world-cup-stars,45,Prizm,false,,Diego Forlan
insert-world-cup-stars,46,Prizm,false,,Jürgen Klinsmann
insert-world-cup-stars,47,Prizm,false,,Cafu
insert-world-cup-stars,48,Prizm,false,,Fabio Cannavaro
insert-world-cup-stars,49,Prizm,false,,Luis Figo
insert-world-cup-stars,1,Purple Prizm,false,99,Lionel Messi
insert-world-cup-stars,2,Purple Prizm,false,99,Sergio Aguero
insert-world-cup-stars,3,Purple Prizm,false,99,Eden Hazard
insert-world-cup-stars,4,Purple Prizm,false,99,Vincent Kompany
insert-world-cup-stars,5,Purple Prizm,false,99,Edin Dzeko
insert-world-cup-stars,6,Purple Prizm,false,99,Julio Cesar
insert-world-cup-stars,7,Purple Prizm,false,99,Neymar Jr.
insert-world-cup-stars,8,Purple Prizm,false,99,Thiago Silva
insert-world-cup-stars,9,Purple Prizm,false,99,Samuel Eto'o
insert-world-cup-stars,10,Purple Prizm,false,99,Radamel Falcao
insert-world-cup-stars,11,Purple Prizm,false,99,Didier Drogba
insert-world-cup-stars,12,Purple Prizm,false,99,Steven Gerrard
insert-world-cup-stars,13,Purple Prizm,false,99,Frank Lampard
insert-world-cup-stars,14,Purple Prizm,false,99,Wayne Rooney
insert-world-cup-stars,15,Purple Prizm,false,99,Franck Ribery
insert-world-cup-stars,16,Purple Prizm,false,99,Bastian Schweinsteiger
insert-world-cup-stars,17,Purple Prizm,false,99,Manuel Neuer
insert-world-cup-stars,18,Purple Prizm,false,99,Mesut Ozil
insert-world-cup-stars,19,Purple Prizm,false,99,Philipp Lahm
insert-world-cup-stars,20,Purple Prizm,false,99,Arjen Robben
insert-world-cup-stars,21,Purple Prizm,false,99,Robin van Persie
insert-world-cup-stars,22,Purple Prizm,false,99,Wesley Sneijder
insert-world-cup-stars,23,Purple Prizm,false,99,Luka Modric
insert-world-cup-stars,24,Purple Prizm,false,99,Andrea Pirlo
insert-world-cup-stars,25,Purple Prizm,false,99,Gianluigi Buffon
insert-world-cup-stars,26,Purple Prizm,false,99,Mario Balotelli
insert-world-cup-stars,27,Purple Prizm,false,99,Javier Hernandez
insert-world-cup-stars,28,Purple Prizm,false,99,Cristiano Ronaldo
insert-world-cup-stars,29,Purple Prizm,false,99,Nani
insert-world-cup-stars,30,Purple Prizm,false,99,Andres Iniesta
insert-world-cup-stars,31,Purple Prizm,false,99,David Silva
insert-world-cup-stars,32,Purple Prizm,false,99,Gerard Pique
insert-world-cup-stars,33,Purple Prizm,false,99,Iker Casillas
insert-world-cup-stars,34,Purple Prizm,false,99,Sergio Ramos
insert-world-cup-stars,35,Purple Prizm,false,99,Xavi Hernandez
insert-world-cup-stars,36,Purple Prizm,false,99,Edinson Cavani
insert-world-cup-stars,37,Purple Prizm,false,99,Luis Suarez
insert-world-cup-stars,38,Purple Prizm,false,99,Clint Dempsey
insert-world-cup-stars,39,Purple Prizm,false,99,Landon Donovan
insert-world-cup-stars,40,Purple Prizm,false,99,Rafael Marquez
insert-world-cup-stars,41,Purple Prizm,false,99,Pele
insert-world-cup-stars,42,Purple Prizm,false,99,Tim Howard
insert-world-cup-stars,43,Purple Prizm,false,99,Mario Kempes
insert-world-cup-stars,44,Purple Prizm,false,99,Roberto Baggio
insert-world-cup-stars,45,Purple Prizm,false,99,Diego Forlan
insert-world-cup-stars,46,Purple Prizm,false,99,Jürgen Klinsmann
insert-world-cup-stars,47,Purple Prizm,false,99,Cafu
insert-world-cup-stars,48,Purple Prizm,false,99,Fabio Cannavaro
insert-world-cup-stars,49,Purple Prizm,false,99,Luis Figo
insert-world-cup-stars,1,Red Prizm,false,149,Lionel Messi
insert-world-cup-stars,2,Red Prizm,false,149,Sergio Aguero
insert-world-cup-stars,3,Red Prizm,false,149,Eden Hazard
insert-world-cup-stars,4,Red Prizm,false,149,Vincent Kompany
insert-world-cup-stars,5,Red Prizm,false,149,Edin Dzeko
insert-world-cup-stars,6,Red Prizm,false,149,Julio Cesar
insert-world-cup-stars,7,Red Prizm,false,149,Neymar Jr.
insert-world-cup-stars,8,Red Prizm,false,149,Thiago Silva
insert-world-cup-stars,9,Red Prizm,false,149,Samuel Eto'o
insert-world-cup-stars,10,Red Prizm,false,149,Radamel Falcao
insert-world-cup-stars,11,Red Prizm,false,149,Didier Drogba
insert-world-cup-stars,12,Red Prizm,false,149,Steven Gerrard
insert-world-cup-stars,13,Red Prizm,false,149,Frank Lampard
insert-world-cup-stars,14,Red Prizm,false,149,Wayne Rooney
insert-world-cup-stars,15,Red Prizm,false,149,Franck Ribery
insert-world-cup-stars,16,Red Prizm,false,149,Bastian Schweinsteiger
insert-world-cup-stars,17,Red Prizm,false,149,Manuel Neuer
insert-world-cup-stars,18,Red Prizm,false,149,Mesut Ozil
insert-world-cup-stars,19,Red Prizm,false,149,Philipp Lahm
insert-world-cup-stars,20,Red Prizm,false,149,Arjen Robben
insert-world-cup-stars,21,Red Prizm,false,149,Robin van Persie
insert-world-cup-stars,22,Red Prizm,false,149,Wesley Sneijder
insert-world-cup-stars,23,Red Prizm,false,149,Luka Modric
insert-world-cup-stars,24,Red Prizm,false,149,Andrea Pirlo
insert-world-cup-stars,25,Red Prizm,false,149,Gianluigi Buffon
insert-world-cup-stars,26,Red Prizm,false,149,Mario Balotelli
insert-world-cup-stars,27,Red Prizm,false,149,Javier Hernandez
insert-world-cup-stars,28,Red Prizm,false,149,Cristiano Ronaldo
insert-world-cup-stars,29,Red Prizm,false,149,Nani
insert-world-cup-stars,30,Red Prizm,false,149,Andres Iniesta
insert-world-cup-stars,31,Red Prizm,false,149,David Silva
insert-world-cup-stars,32,Red Prizm,false,149,Gerard Pique
insert-world-cup-stars,33,Red Prizm,false,149,Iker Casillas
insert-world-cup-stars,34,Red Prizm,false,149,Sergio Ramos
insert-world-cup-stars,35,Red Prizm,false,149,Xavi Hernandez
insert-world-cup-stars,36,Red Prizm,false,149,Edinson Cavani
insert-world-cup-stars,37,Red Prizm,false,149,Luis Suarez
insert-world-cup-stars,38,Red Prizm,false,149,Clint Dempsey
insert-world-cup-stars,39,Red Prizm,false,149,Landon Donovan
insert-world-cup-stars,40,Red Prizm,false,149,Rafael Marquez
insert-world-cup-stars,41,Red Prizm,false,149,Pele
insert-world-cup-stars,42,Red Prizm,false,149,Tim Howard
insert-world-cup-stars,43,Red Prizm,false,149,Mario Kempes
insert-world-cup-stars,44,Red Prizm,false,149,Roberto Baggio
insert-world-cup-stars,45,Red Prizm,false,149,Diego Forlan
insert-world-cup-stars,46,Red Prizm,false,149,Jürgen Klinsmann
insert-world-cup-stars,47,Red Prizm,false,149,Cafu
insert-world-cup-stars,48,Red Prizm,false,149,Fabio Cannavaro
insert-world-cup-stars,49,Red Prizm,false,149,Luis Figo
insert-world-cup-stars,1,Red White Blue Power Plaid Prizm,false,,Lionel Messi
insert-world-cup-stars,2,Red White Blue Power Plaid Prizm,false,,Sergio Aguero
insert-world-cup-stars,3,Red White Blue Power Plaid Prizm,false,,Eden Hazard
insert-world-cup-stars,4,Red White Blue Power Plaid Prizm,false,,Vincent Kompany
insert-world-cup-stars,5,Red White Blue Power Plaid Prizm,false,,Edin Dzeko
insert-world-cup-stars,6,Red White Blue Power Plaid Prizm,false,,Julio Cesar
insert-world-cup-stars,7,Red White Blue Power Plaid Prizm,false,,Neymar Jr.
insert-world-cup-stars,8,Red White Blue Power Plaid Prizm,false,,Thiago Silva
insert-world-cup-stars,9,Red White Blue Power Plaid Prizm,false,,Samuel Eto'o
insert-world-cup-stars,10,Red White Blue Power Plaid Prizm,false,,Radamel Falcao
insert-world-cup-stars,11,Red White Blue Power Plaid Prizm,false,,Didier Drogba
insert-world-cup-stars,12,Red White Blue Power Plaid Prizm,false,,Steven Gerrard
insert-world-cup-stars,13,Red White Blue Power Plaid Prizm,false,,Frank Lampard
insert-world-cup-stars,14,Red White Blue Power Plaid Prizm,false,,Wayne Rooney
insert-world-cup-stars,15,Red White Blue Power Plaid Prizm,false,,Franck Ribery
insert-world-cup-stars,16,Red White Blue Power Plaid Prizm,false,,Bastian Schweinsteiger
insert-world-cup-stars,17,Red White Blue Power Plaid Prizm,false,,Manuel Neuer
insert-world-cup-stars,18,Red White Blue Power Plaid Prizm,false,,Mesut Ozil
insert-world-cup-stars,19,Red White Blue Power Plaid Prizm,false,,Philipp Lahm
insert-world-cup-stars,20,Red White Blue Power Plaid Prizm,false,,Arjen Robben
insert-world-cup-stars,21,Red White Blue Power Plaid Prizm,false,,Robin van Persie
insert-world-cup-stars,22,Red White Blue Power Plaid Prizm,false,,Wesley Sneijder
insert-world-cup-stars,23,Red White Blue Power Plaid Prizm,false,,Luka Modric
insert-world-cup-stars,24,Red White Blue Power Plaid Prizm,false,,Andrea Pirlo
insert-world-cup-stars,25,Red White Blue Power Plaid Prizm,false,,Gianluigi Buffon
insert-world-cup-stars,26,Red White Blue Power Plaid Prizm,false,,Mario Balotelli
insert-world-cup-stars,27,Red White Blue Power Plaid Prizm,false,,Javier Hernandez
insert-world-cup-stars,28,Red White Blue Power Plaid Prizm,false,,Cristiano Ronaldo
insert-world-cup-stars,29,Red White Blue Power Plaid Prizm,false,,Nani
insert-world-cup-stars,30,Red White Blue Power Plaid Prizm,false,,Andres Iniesta
insert-world-cup-stars,31,Red White Blue Power Plaid Prizm,false,,David Silva
insert-world-cup-stars,32,Red White Blue Power Plaid Prizm,false,,Gerard Pique
insert-world-cup-stars,33,Red White Blue Power Plaid Prizm,false,,Iker Casillas
insert-world-cup-stars,34,Red White Blue Power Plaid Prizm,false,,Sergio Ramos
insert-world-cup-stars,35,Red White Blue Power Plaid Prizm,false,,Xavi Hernandez
insert-world-cup-stars,36,Red White Blue Power Plaid Prizm,false,,Edinson Cavani
insert-world-cup-stars,37,Red White Blue Power Plaid Prizm,false,,Luis Suarez
insert-world-cup-stars,38,Red White Blue Power Plaid Prizm,false,,Clint Dempsey
insert-world-cup-stars,39,Red White Blue Power Plaid Prizm,false,,Landon Donovan
insert-world-cup-stars,40,Red White Blue Power Plaid Prizm,false,,Rafael Marquez
insert-world-cup-stars,41,Red White Blue Power Plaid Prizm,false,,Pele
insert-world-cup-stars,42,Red White Blue Power Plaid Prizm,false,,Tim Howard
insert-world-cup-stars,43,Red White Blue Power Plaid Prizm,false,,Mario Kempes
insert-world-cup-stars,44,Red White Blue Power Plaid Prizm,false,,Roberto Baggio
insert-world-cup-stars,45,Red White Blue Power Plaid Prizm,false,,Diego Forlan
insert-world-cup-stars,46,Red White Blue Power Plaid Prizm,false,,Jürgen Klinsmann
insert-world-cup-stars,47,Red White Blue Power Plaid Prizm,false,,Cafu
insert-world-cup-stars,48,Red White Blue Power Plaid Prizm,false,,Fabio Cannavaro
insert-world-cup-stars,49,Red White Blue Power Plaid Prizm,false,,Luis Figo
insert-world-cup-stars,1,Yellow Red Pulsar Prizm,false,,Lionel Messi
insert-world-cup-stars,2,Yellow Red Pulsar Prizm,false,,Sergio Aguero
insert-world-cup-stars,3,Yellow Red Pulsar Prizm,false,,Eden Hazard
insert-world-cup-stars,4,Yellow Red Pulsar Prizm,false,,Vincent Kompany
insert-world-cup-stars,5,Yellow Red Pulsar Prizm,false,,Edin Dzeko
insert-world-cup-stars,6,Yellow Red Pulsar Prizm,false,,Julio Cesar
insert-world-cup-stars,7,Yellow Red Pulsar Prizm,false,,Neymar Jr.
insert-world-cup-stars,8,Yellow Red Pulsar Prizm,false,,Thiago Silva
insert-world-cup-stars,9,Yellow Red Pulsar Prizm,false,,Samuel Eto'o
insert-world-cup-stars,10,Yellow Red Pulsar Prizm,false,,Radamel Falcao
insert-world-cup-stars,11,Yellow Red Pulsar Prizm,false,,Didier Drogba
insert-world-cup-stars,12,Yellow Red Pulsar Prizm,false,,Steven Gerrard
insert-world-cup-stars,13,Yellow Red Pulsar Prizm,false,,Frank Lampard
insert-world-cup-stars,14,Yellow Red Pulsar Prizm,false,,Wayne Rooney
insert-world-cup-stars,15,Yellow Red Pulsar Prizm,false,,Franck Ribery
insert-world-cup-stars,16,Yellow Red Pulsar Prizm,false,,Bastian Schweinsteiger
insert-world-cup-stars,17,Yellow Red Pulsar Prizm,false,,Manuel Neuer
insert-world-cup-stars,18,Yellow Red Pulsar Prizm,false,,Mesut Ozil
insert-world-cup-stars,19,Yellow Red Pulsar Prizm,false,,Philipp Lahm
insert-world-cup-stars,20,Yellow Red Pulsar Prizm,false,,Arjen Robben
insert-world-cup-stars,21,Yellow Red Pulsar Prizm,false,,Robin van Persie
insert-world-cup-stars,22,Yellow Red Pulsar Prizm,false,,Wesley Sneijder
insert-world-cup-stars,23,Yellow Red Pulsar Prizm,false,,Luka Modric
insert-world-cup-stars,24,Yellow Red Pulsar Prizm,false,,Andrea Pirlo
insert-world-cup-stars,25,Yellow Red Pulsar Prizm,false,,Gianluigi Buffon
insert-world-cup-stars,26,Yellow Red Pulsar Prizm,false,,Mario Balotelli
insert-world-cup-stars,27,Yellow Red Pulsar Prizm,false,,Javier Hernandez
insert-world-cup-stars,28,Yellow Red Pulsar Prizm,false,,Cristiano Ronaldo
insert-world-cup-stars,29,Yellow Red Pulsar Prizm,false,,Nani
insert-world-cup-stars,30,Yellow Red Pulsar Prizm,false,,Andres Iniesta
insert-world-cup-stars,31,Yellow Red Pulsar Prizm,false,,David Silva
insert-world-cup-stars,32,Yellow Red Pulsar Prizm,false,,Gerard Pique
insert-world-cup-stars,33,Yellow Red Pulsar Prizm,false,,Iker Casillas
insert-world-cup-stars,34,Yellow Red Pulsar Prizm,false,,Sergio Ramos
insert-world-cup-stars,35,Yellow Red Pulsar Prizm,false,,Xavi Hernandez
insert-world-cup-stars,36,Yellow Red Pulsar Prizm,false,,Edinson Cavani
insert-world-cup-stars,37,Yellow Red Pulsar Prizm,false,,Luis Suarez
insert-world-cup-stars,38,Yellow Red Pulsar Prizm,false,,Clint Dempsey
insert-world-cup-stars,39,Yellow Red Pulsar Prizm,false,,Landon Donovan
insert-world-cup-stars,40,Yellow Red Pulsar Prizm,false,,Rafael Marquez
insert-world-cup-stars,41,Yellow Red Pulsar Prizm,false,,Pele
insert-world-cup-stars,42,Yellow Red Pulsar Prizm,false,,Tim Howard
insert-world-cup-stars,43,Yellow Red Pulsar Prizm,false,,Mario Kempes
insert-world-cup-stars,44,Yellow Red Pulsar Prizm,false,,Roberto Baggio
insert-world-cup-stars,45,Yellow Red Pulsar Prizm,false,,Diego Forlan
insert-world-cup-stars,46,Yellow Red Pulsar Prizm,false,,Jurgen Klinsmann
insert-world-cup-stars,47,Yellow Red Pulsar Prizm,false,,Cafu
insert-world-cup-stars,48,Yellow Red Pulsar Prizm,false,,Fabio Cannavaro
insert-world-cup-stars,49,Yellow Red Pulsar Prizm,false,,Luis Figo
base,1,Black Prizm,false,1,Rais M'Bolhi
base,2,Black Prizm,false,1,Madjid Bougherra
base,3,Black Prizm,false,1,Sofiane Feghouli
base,4,Black Prizm,false,1,Sergio Romero
base,5,Black Prizm,false,1,Ezequiel Garay
base,6,Black Prizm,false,1,Hugo Campagnaro
base,7,Black Prizm,false,1,Pablo Zabaleta
base,8,Black Prizm,false,1,Javier Mascherano
base,9,Black Prizm,false,1,Angel Di Maria
base,10,Black Prizm,false,1,Ezequiel Lavezzi
base,11,Black Prizm,false,1,Gonzalo Higuain
base,12,Black Prizm,false,1,Lionel Messi
base,13,Black Prizm,false,1,Sergio Aguero
base,14,Black Prizm,false,1,Mathew Ryan
base,15,Black Prizm,false,1,Lucas Neill
base,16,Black Prizm,false,1,Luke Wilkshire
base,17,Black Prizm,false,1,Tim Cahill
base,18,Black Prizm,false,1,Thibaut Courtois
base,19,Black Prizm,false,1,Vincent Kompany
base,20,Black Prizm,false,1,Axel Witsel
base,21,Black Prizm,false,1,Eden Hazard
base,22,Black Prizm,false,1,Marouane Fellaini
base,23,Black Prizm,false,1,Asmir Begovic
base,24,Black Prizm,false,1,Emir Spahic
base,25,Black Prizm,false,1,Miralem Pjanic
base,26,Black Prizm,false,1,Edin Dzeko
base,27,Black Prizm,false,1,Jasper Cillessen
base,28,Black Prizm,false,1,Bruno Martins Indi
base,29,Black Prizm,false,1,Arjen Robben
base,30,Black Prizm,false,1,Kevin Strootman
base,31,Black Prizm,false,1,Nigel de Jong
base,32,Black Prizm,false,1,Rafael van der Vaart
base,33,Black Prizm,false,1,Wesley Sneijder
base,34,Black Prizm,false,1,Dirk Kuyt
base,35,Black Prizm,false,1,Robin van Persie
base,36,Black Prizm,false,1,Charles Itandje
base,37,Black Prizm,false,1,Nicolas Nkoulou
base,38,Black Prizm,false,1,Alexandre Song
base,39,Black Prizm,false,1,Jean Makoun
base,40,Black Prizm,false,1,Samuel Eto'o
base,41,Black Prizm,false,1,Claudio Bravo
base,42,Black Prizm,false,1,Mauricio Isla
base,43,Black Prizm,false,1,Arturo Vidal
base,44,Black Prizm,false,1,David Pizarro
base,45,Black Prizm,false,1,Alexis Sanchez
base,46,Black Prizm,false,1,Eduardo Vargas
base,47,Black Prizm,false,1,David Ospina
base,48,Black Prizm,false,1,Cristian Zapata
base,49,Black Prizm,false,1,Camilo Zuniga
base,50,Black Prizm,false,1,Mario Yepes
base,51,Black Prizm,false,1,Juan Cuadrado
base,52,Black Prizm,false,1,Fredy Guarin
base,53,Black Prizm,false,1,Radamel Falcao
base,54,Black Prizm,false,1,Jackson Martinez
base,55,Black Prizm,false,1,Keylor Navas
base,56,Black Prizm,false,1,Bryan Ruiz
base,57,Black Prizm,false,1,Boubacar Barry
base,58,Black Prizm,false,1,Didier Zokora
base,59,Black Prizm,false,1,Yaya Toure
base,60,Black Prizm,false,1,Didier Drogba
base,61,Black Prizm,false,1,Salomon Kalou
base,62,Black Prizm,false,1,Gervinho
base,63,Black Prizm,false,1,Alexander Dominguez
base,64,Black Prizm,false,1,Antonio Valencia
base,65,Black Prizm,false,1,Walter Ayovi
base,66,Black Prizm,false,1,Tim Howard
base,67,Black Prizm,false,1,Jermaine Jones
base,68,Black Prizm,false,1,Michael Bradley
base,69,Black Prizm,false,1,Clint Dempsey
base,70,Black Prizm,false,1,Landon Donovan
base,71,Black Prizm,false,1,Jozy Altidore
base,72,Black Prizm,false,1,Jung Sung-Ryong
base,73,Black Prizm,false,1,Lee Chung-Yong
base,74,Black Prizm,false,1,Park Chu-Young
base,75,Black Prizm,false,1,Hugo Lloris
base,76,Black Prizm,false,1,Eric Abidal
base,77,Black Prizm,false,1,Patrice Evra
base,78,Black Prizm,false,1,Raphael Varane
base,79,Black Prizm,false,1,Paul Pogba
base,80,Black Prizm,false,1,Blaise Matuidi
base,81,Black Prizm,false,1,Franck Ribery
base,82,Black Prizm,false,1,Karim Benzema
base,83,Black Prizm,false,1,Manuel Neuer
base,84,Black Prizm,false,1,Mats Hummels
base,85,Black Prizm,false,1,Per Mertesacker
base,86,Black Prizm,false,1,Philipp Lahm
base,87,Black Prizm,false,1,Sami Khedira
base,88,Black Prizm,false,1,Mesut Ozil
base,89,Black Prizm,false,1,Mario Gotze
base,90,Black Prizm,false,1,Bastian Schweinsteiger
base,91,Black Prizm,false,1,Marco Reus
base,92,Black Prizm,false,1,Lukas Podolski
base,93,Black Prizm,false,1,Thomas Muller
base,94,Black Prizm,false,1,Fatau Dauda
base,95,Black Prizm,false,1,Michael Essien
base,96,Black Prizm,false,1,Sulley Muntari
base,97,Black Prizm,false,1,Kevin-Prince Boateng
base,98,Black Prizm,false,1,Asamoah Gyan
base,99,Black Prizm,false,1,Orestis Karnezis
base,100,Black Prizm,false,1,Sokratis Papastathopoulos
base,101,Black Prizm,false,1,Giorgos Karagounis
base,102,Black Prizm,false,1,Kostas Mitroglou
base,103,Black Prizm,false,1,Giorgos Samaras
base,104,Black Prizm,false,1,Julio Cesar
base,105,Black Prizm,false,1,Dani Alves
base,106,Black Prizm,false,1,David Luiz
base,107,Black Prizm,false,1,Marcelo
base,108,Black Prizm,false,1,Thiago Silva
base,109,Black Prizm,false,1,Oscar
base,110,Black Prizm,false,1,Paulinho
base,111,Black Prizm,false,1,Hulk
base,112,Black Prizm,false,1,Neymar Jr.
base,113,Black Prizm,false,1,Noel Valladares
base,114,Black Prizm,false,1,Maynor Figueroa
base,115,Black Prizm,false,1,Carlo Costly
base,116,Black Prizm,false,1,Stipe Pletikosa
base,117,Black Prizm,false,1,Darijo Srna
base,118,Black Prizm,false,1,Luka Modric
base,119,Black Prizm,false,1,Eduardo da Silva
base,120,Black Prizm,false,1,Mario Mandzukic
base,121,Black Prizm,false,1,Rahman Ahmadi
base,122,Black Prizm,false,1,Javad Nekounam
base,123,Black Prizm,false,1,Gianluigi Buffon
base,124,Black Prizm,false,1,Leonardo Bonucci
base,125,Black Prizm,false,1,Giorgio Chiellini
base,126,Black Prizm,false,1,Thiago Motta
base,127,Black Prizm,false,1,Daniele De Rossi
base,128,Black Prizm,false,1,Andrea Pirlo
base,129,Black Prizm,false,1,Riccardo Montolivo
base,130,Black Prizm,false,1,Claudio Marchisio
base,131,Black Prizm,false,1,Giuseppe Rossi
base,132,Black Prizm,false,1,Mario Balotelli
base,133,Black Prizm,false,1,Pablo Osvaldo
base,134,Black Prizm,false,1,Joe Hart
base,135,Black Prizm,false,1,Ashley Cole
base,136,Black Prizm,false,1,Frank Lampard
base,137,Black Prizm,false,1,Jack Wilshere
base,138,Black Prizm,false,1,Michael Carrick
base,139,Black Prizm,false,1,Steven Gerrard
base,140,Black Prizm,false,1,Daniel Sturridge
base,141,Black Prizm,false,1,Danny Welbeck
base,142,Black Prizm,false,1,Wayne Rooney
base,143,Black Prizm,false,1,Guillermo Ochoa
base,144,Black Prizm,false,1,Miguel Layun
base,145,Black Prizm,false,1,Rafael Marquez
base,146,Black Prizm,false,1,Andres Guardado
base,147,Black Prizm,false,1,Giovani Dos Santos
base,148,Black Prizm,false,1,Javier Hernandez
base,149,Black Prizm,false,1,Oribe Peralta
base,150,Black Prizm,false,1,Vincent Enyeama
base,151,Black Prizm,false,1,Victor Moses
base,152,Black Prizm,false,1,John Obi Mikel
base,153,Black Prizm,false,1,Emmanuel Emenike
base,154,Black Prizm,false,1,Ahmed Musa
base,155,Black Prizm,false,1,Rui Patricio
base,156,Black Prizm,false,1,Pepe
base,157,Black Prizm,false,1,Fabio Coentrao
base,158,Black Prizm,false,1,Joao Moutinho
base,159,Black Prizm,false,1,Nani
base,160,Black Prizm,false,1,Helder Postiga
base,161,Black Prizm,false,1,Cristiano Ronaldo
base,162,Black Prizm,false,1,Igor Akinfeev
base,163,Black Prizm,false,1,Dmitri Kombarov
base,164,Black Prizm,false,1,Sergei Ignashevich
base,165,Black Prizm,false,1,Roman Shirokov
base,166,Black Prizm,false,1,Igor Denisov
base,167,Black Prizm,false,1,Alan Dzagoev
base,168,Black Prizm,false,1,Aleksandr Kerzhakov
base,169,Black Prizm,false,1,Aleksandr Kokorin
base,170,Black Prizm,false,1,Iker Casillas
base,171,Black Prizm,false,1,Gerard Pique
base,172,Black Prizm,false,1,Sergio Ramos
base,173,Black Prizm,false,1,Xabi Alonso
base,174,Black Prizm,false,1,Sergio Busquets
base,175,Black Prizm,false,1,David Silva
base,176,Black Prizm,false,1,Cesc Fabregas
base,177,Black Prizm,false,1,Andres Iniesta
base,178,Black Prizm,false,1,David Villa
base,179,Black Prizm,false,1,Pedro Rodriguez
base,180,Black Prizm,false,1,Xavi Hernandez
base,181,Black Prizm,false,1,Diego Benaglio
base,182,Black Prizm,false,1,Stephan Lichtsteiner
base,183,Black Prizm,false,1,Blerim Dzemaili
base,184,Black Prizm,false,1,Gokhan Inler
base,185,Black Prizm,false,1,Tranquillo Barnetta
base,186,Black Prizm,false,1,Xherdan Shaqiri
base,187,Black Prizm,false,1,Valon Behrami
base,188,Black Prizm,false,1,Haris Seferovic
base,189,Black Prizm,false,1,Fernando Muslera
base,190,Black Prizm,false,1,Martin Caceres
base,191,Black Prizm,false,1,Diego Lugano
base,192,Black Prizm,false,1,Diego Forlan
base,193,Black Prizm,false,1,Edinson Cavani
base,194,Black Prizm,false,1,Luis Suarez
base,195,Black Prizm,false,1,Atsuto Uchida
base,196,Black Prizm,false,1,Yuto Nagatomo
base,197,Black Prizm,false,1,Maya Yoshida
base,198,Black Prizm,false,1,Yasuyuki Konno
base,199,Black Prizm,false,1,Yasuhito Endo
base,200,Black Prizm,false,1,Shinji Kagawa
base,201,Black Prizm,false,1,Yoichiro Kakitani
base,1,Blue Red Wave Prizm,false,,Rais M'Bolhi
base,2,Blue Red Wave Prizm,false,,Madjid Bougherra
base,3,Blue Red Wave Prizm,false,,Sofiane Feghouli
base,4,Blue Red Wave Prizm,false,,Sergio Romero
base,5,Blue Red Wave Prizm,false,,Ezequiel Garay
base,6,Blue Red Wave Prizm,false,,Hugo Campagnaro
base,7,Blue Red Wave Prizm,false,,Pablo Zabaleta
base,8,Blue Red Wave Prizm,false,,Javier Mascherano
base,9,Blue Red Wave Prizm,false,,Angel Di Maria
base,10,Blue Red Wave Prizm,false,,Ezequiel Lavezzi
base,11,Blue Red Wave Prizm,false,,Gonzalo Higuain
base,12,Blue Red Wave Prizm,false,,Lionel Messi
base,13,Blue Red Wave Prizm,false,,Sergio Aguero
base,14,Blue Red Wave Prizm,false,,Mathew Ryan
base,15,Blue Red Wave Prizm,false,,Lucas Neill
base,16,Blue Red Wave Prizm,false,,Luke Wilkshire
base,17,Blue Red Wave Prizm,false,,Tim Cahill
base,18,Blue Red Wave Prizm,false,,Thibaut Courtois
base,19,Blue Red Wave Prizm,false,,Vincent Kompany
base,20,Blue Red Wave Prizm,false,,Axel Witsel
base,21,Blue Red Wave Prizm,false,,Eden Hazard
base,22,Blue Red Wave Prizm,false,,Marouane Fellaini
base,23,Blue Red Wave Prizm,false,,Asmir Begovic
base,24,Blue Red Wave Prizm,false,,Emir Spahic
base,25,Blue Red Wave Prizm,false,,Miralem Pjanic
base,26,Blue Red Wave Prizm,false,,Edin Dzeko
base,27,Blue Red Wave Prizm,false,,Jasper Cillessen
base,28,Blue Red Wave Prizm,false,,Bruno Martins Indi
base,29,Blue Red Wave Prizm,false,,Arjen Robben
base,30,Blue Red Wave Prizm,false,,Kevin Strootman
base,31,Blue Red Wave Prizm,false,,Nigel de Jong
base,32,Blue Red Wave Prizm,false,,Rafael van der Vaart
base,33,Blue Red Wave Prizm,false,,Wesley Sneijder
base,34,Blue Red Wave Prizm,false,,Dirk Kuyt
base,35,Blue Red Wave Prizm,false,,Robin van Persie
base,36,Blue Red Wave Prizm,false,,Charles Itandje
base,37,Blue Red Wave Prizm,false,,Nicolas Nkoulou
base,38,Blue Red Wave Prizm,false,,Alexandre Song
base,39,Blue Red Wave Prizm,false,,Jean Makoun
base,40,Blue Red Wave Prizm,false,,Samuel Eto'o
base,41,Blue Red Wave Prizm,false,,Claudio Bravo
base,42,Blue Red Wave Prizm,false,,Mauricio Isla
base,43,Blue Red Wave Prizm,false,,Arturo Vidal
base,44,Blue Red Wave Prizm,false,,David Pizarro
base,45,Blue Red Wave Prizm,false,,Alexis Sanchez
base,46,Blue Red Wave Prizm,false,,Eduardo Vargas
base,47,Blue Red Wave Prizm,false,,David Ospina
base,48,Blue Red Wave Prizm,false,,Cristian Zapata
base,49,Blue Red Wave Prizm,false,,Camilo Zuniga
base,50,Blue Red Wave Prizm,false,,Mario Yepes
base,51,Blue Red Wave Prizm,false,,Juan Cuadrado
base,52,Blue Red Wave Prizm,false,,Fredy Guarin
base,53,Blue Red Wave Prizm,false,,Radamel Falcao
base,54,Blue Red Wave Prizm,false,,Jackson Martinez
base,55,Blue Red Wave Prizm,false,,Keylor Navas
base,56,Blue Red Wave Prizm,false,,Bryan Ruiz
base,57,Blue Red Wave Prizm,false,,Boubacar Barry
base,58,Blue Red Wave Prizm,false,,Didier Zokora
base,59,Blue Red Wave Prizm,false,,Yaya Toure
base,60,Blue Red Wave Prizm,false,,Didier Drogba
base,61,Blue Red Wave Prizm,false,,Salomon Kalou
base,62,Blue Red Wave Prizm,false,,Gervinho
base,63,Blue Red Wave Prizm,false,,Alexander Dominguez
base,64,Blue Red Wave Prizm,false,,Antonio Valencia
base,65,Blue Red Wave Prizm,false,,Walter Ayovi
base,66,Blue Red Wave Prizm,false,,Tim Howard
base,67,Blue Red Wave Prizm,false,,Jermaine Jones
base,68,Blue Red Wave Prizm,false,,Michael Bradley
base,69,Blue Red Wave Prizm,false,,Clint Dempsey
base,70,Blue Red Wave Prizm,false,,Landon Donovan
base,71,Blue Red Wave Prizm,false,,Jozy Altidore
base,72,Blue Red Wave Prizm,false,,Jung Sung-Ryong
base,73,Blue Red Wave Prizm,false,,Lee Chung-Yong
base,74,Blue Red Wave Prizm,false,,Park Chu-Young
base,75,Blue Red Wave Prizm,false,,Hugo Lloris
base,76,Blue Red Wave Prizm,false,,Eric Abidal
base,77,Blue Red Wave Prizm,false,,Patrice Evra
base,78,Blue Red Wave Prizm,false,,Raphael Varane
base,79,Blue Red Wave Prizm,false,,Paul Pogba
base,80,Blue Red Wave Prizm,false,,Blaise Matuidi
base,81,Blue Red Wave Prizm,false,,Franck Ribery
base,82,Blue Red Wave Prizm,false,,Karim Benzema
base,83,Blue Red Wave Prizm,false,,Manuel Neuer
base,84,Blue Red Wave Prizm,false,,Mats Hummels
base,85,Blue Red Wave Prizm,false,,Per Mertesacker
base,86,Blue Red Wave Prizm,false,,Philipp Lahm
base,87,Blue Red Wave Prizm,false,,Sami Khedira
base,88,Blue Red Wave Prizm,false,,Mesut Özil
base,89,Blue Red Wave Prizm,false,,Mario Gotze
base,90,Blue Red Wave Prizm,false,,Bastian Schweinsteiger
base,91,Blue Red Wave Prizm,false,,Marco Reus
base,92,Blue Red Wave Prizm,false,,Lukas Podolski
base,93,Blue Red Wave Prizm,false,,Thomas Muller
base,94,Blue Red Wave Prizm,false,,Fatau Dauda
base,95,Blue Red Wave Prizm,false,,Michael Essien
base,96,Blue Red Wave Prizm,false,,Sulley Muntari
base,97,Blue Red Wave Prizm,false,,Kevin-Prince Boateng
base,98,Blue Red Wave Prizm,false,,Asamoah Gyan
base,99,Blue Red Wave Prizm,false,,Orestis Karnezis
base,100,Blue Red Wave Prizm,false,,Sokratis Papastathopoulos
base,101,Blue Red Wave Prizm,false,,Giorgos Karagounis
base,102,Blue Red Wave Prizm,false,,Kostas Mitroglou
base,103,Blue Red Wave Prizm,false,,Giorgos Samaras
base,104,Blue Red Wave Prizm,false,,Julio Cesar
base,105,Blue Red Wave Prizm,false,,Dani Alves
base,106,Blue Red Wave Prizm,false,,David Luiz
base,107,Blue Red Wave Prizm,false,,Marcelo
base,108,Blue Red Wave Prizm,false,,Thiago Silva
base,109,Blue Red Wave Prizm,false,,Oscar
base,110,Blue Red Wave Prizm,false,,Paulinho
base,111,Blue Red Wave Prizm,false,,Hulk
base,112,Blue Red Wave Prizm,false,,Neymar Jr.
base,113,Blue Red Wave Prizm,false,,Noel Valladares
base,114,Blue Red Wave Prizm,false,,Maynor Figueroa
base,115,Blue Red Wave Prizm,false,,Carlo Costly
base,116,Blue Red Wave Prizm,false,,Stipe Pletikosa
base,117,Blue Red Wave Prizm,false,,Darijo Srna
base,118,Blue Red Wave Prizm,false,,Luka Modric
base,119,Blue Red Wave Prizm,false,,Eduardo da Silva
base,120,Blue Red Wave Prizm,false,,Mario Mandzukic
base,121,Blue Red Wave Prizm,false,,Rahman Ahmadi
base,122,Blue Red Wave Prizm,false,,Javad Nekounam
base,123,Blue Red Wave Prizm,false,,Gianluigi Buffon
base,124,Blue Red Wave Prizm,false,,Leonardo Bonucci
base,125,Blue Red Wave Prizm,false,,Giorgio Chiellini
base,126,Blue Red Wave Prizm,false,,Thiago Motta
base,127,Blue Red Wave Prizm,false,,Daniele De Rossi
base,128,Blue Red Wave Prizm,false,,Andrea Pirlo
base,129,Blue Red Wave Prizm,false,,Riccardo Montolivo
base,130,Blue Red Wave Prizm,false,,Claudio Marchisio
base,131,Blue Red Wave Prizm,false,,Giuseppe Rossi
base,132,Blue Red Wave Prizm,false,,Mario Balotelli
base,133,Blue Red Wave Prizm,false,,Pablo Osvaldo
base,134,Blue Red Wave Prizm,false,,Joe Hart
base,135,Blue Red Wave Prizm,false,,Ashley Cole
base,136,Blue Red Wave Prizm,false,,Frank Lampard
base,137,Blue Red Wave Prizm,false,,Jack Wilshere
base,138,Blue Red Wave Prizm,false,,Michael Carrick
base,139,Blue Red Wave Prizm,false,,Steven Gerrard
base,140,Blue Red Wave Prizm,false,,Daniel Sturridge
base,141,Blue Red Wave Prizm,false,,Danny Welbeck
base,142,Blue Red Wave Prizm,false,,Wayne Rooney
base,143,Blue Red Wave Prizm,false,,Guillermo Ochoa
base,144,Blue Red Wave Prizm,false,,Miguel Layun
base,145,Blue Red Wave Prizm,false,,Rafael Marquez
base,146,Blue Red Wave Prizm,false,,Andres Guardado
base,147,Blue Red Wave Prizm,false,,Giovani Dos Santos
base,148,Blue Red Wave Prizm,false,,Javier Hernandez
base,149,Blue Red Wave Prizm,false,,Oribe Peralta
base,150,Blue Red Wave Prizm,false,,Vincent Enyeama
base,151,Blue Red Wave Prizm,false,,Victor Moses
base,152,Blue Red Wave Prizm,false,,John Obi Mikel
base,153,Blue Red Wave Prizm,false,,Emmanuel Emenike
base,154,Blue Red Wave Prizm,false,,Ahmed Musa
base,155,Blue Red Wave Prizm,false,,Rui Patricio
base,156,Blue Red Wave Prizm,false,,Pepe
base,157,Blue Red Wave Prizm,false,,Fabio Coentrao
base,158,Blue Red Wave Prizm,false,,Joao Moutinho
base,159,Blue Red Wave Prizm,false,,Nani
base,160,Blue Red Wave Prizm,false,,Helder Postiga
base,161,Blue Red Wave Prizm,false,,Cristiano Ronaldo
base,162,Blue Red Wave Prizm,false,,Igor Akinfeev
base,163,Blue Red Wave Prizm,false,,Dmitri Kombarov
base,164,Blue Red Wave Prizm,false,,Sergei Ignashevich
base,165,Blue Red Wave Prizm,false,,Roman Shirokov
base,166,Blue Red Wave Prizm,false,,Igor Denisov
base,167,Blue Red Wave Prizm,false,,Alan Dzagoev
base,168,Blue Red Wave Prizm,false,,Aleksandr Kerzhakov
base,169,Blue Red Wave Prizm,false,,Aleksandr Kokorin
base,170,Blue Red Wave Prizm,false,,Iker Casillas
base,171,Blue Red Wave Prizm,false,,Gerard Pique
base,172,Blue Red Wave Prizm,false,,Sergio Ramos
base,173,Blue Red Wave Prizm,false,,Xabi Alonso
base,174,Blue Red Wave Prizm,false,,Sergio Busquets
base,175,Blue Red Wave Prizm,false,,David Silva
base,176,Blue Red Wave Prizm,false,,Cesc Fabregas
base,177,Blue Red Wave Prizm,false,,Andres Iniesta
base,178,Blue Red Wave Prizm,false,,David Villa
base,179,Blue Red Wave Prizm,false,,Pedro Rodriguez
base,180,Blue Red Wave Prizm,false,,Xavi Hernandez
base,181,Blue Red Wave Prizm,false,,Diego Benaglio
base,182,Blue Red Wave Prizm,false,,Stephan Lichtsteiner
base,183,Blue Red Wave Prizm,false,,Blerim Dzemaili
base,184,Blue Red Wave Prizm,false,,Gokhan Inler
base,185,Blue Red Wave Prizm,false,,Tranquillo Barnetta
base,186,Blue Red Wave Prizm,false,,Xherdan Shaqiri
base,187,Blue Red Wave Prizm,false,,Valon Behrami
base,188,Blue Red Wave Prizm,false,,Haris Seferovic
base,189,Blue Red Wave Prizm,false,,Fernando Muslera
base,190,Blue Red Wave Prizm,false,,Martin Caceres
base,191,Blue Red Wave Prizm,false,,Diego Lugano
base,192,Blue Red Wave Prizm,false,,Diego Forlan
base,193,Blue Red Wave Prizm,false,,Edinson Cavani
base,194,Blue Red Wave Prizm,false,,Luis Suarez
base,195,Blue Red Wave Prizm,false,,Atsuto Uchida
base,196,Blue Red Wave Prizm,false,,Yuto Nagatomo
base,197,Blue Red Wave Prizm,false,,Maya Yoshida
base,198,Blue Red Wave Prizm,false,,Yasuyuki Konno
base,199,Blue Red Wave Prizm,false,,Yasuhito Endo
base,200,Blue Red Wave Prizm,false,,Shinji Kagawa
base,201,Blue Red Wave Prizm,false,,Yoichiro Kakitani
base,1,Blue Prizm,false,199,Rais M'Bolhi
base,2,Blue Prizm,false,199,Madjid Bougherra
base,3,Blue Prizm,false,199,Sofiane Feghouli
base,4,Blue Prizm,false,199,Sergio Romero
base,5,Blue Prizm,false,199,Ezequiel Garay
base,6,Blue Prizm,false,199,Hugo Campagnaro
base,7,Blue Prizm,false,199,Pablo Zabaleta
base,8,Blue Prizm,false,199,Javier Mascherano
base,9,Blue Prizm,false,199,Angel Di Maria
base,10,Blue Prizm,false,199,Ezequiel Lavezzi
base,11,Blue Prizm,false,199,Gonzalo Higuain
base,12,Blue Prizm,false,199,Lionel Messi
base,13,Blue Prizm,false,199,Sergio Aguero
base,14,Blue Prizm,false,199,Mathew Ryan
base,15,Blue Prizm,false,199,Lucas Neill
base,16,Blue Prizm,false,199,Luke Wilkshire
base,17,Blue Prizm,false,199,Tim Cahill
base,18,Blue Prizm,false,199,Thibaut Courtois
base,19,Blue Prizm,false,199,Vincent Kompany
base,20,Blue Prizm,false,199,Axel Witsel
base,21,Blue Prizm,false,199,Eden Hazard
base,22,Blue Prizm,false,199,Marouane Fellaini
base,23,Blue Prizm,false,199,Asmir Begovic
base,24,Blue Prizm,false,199,Emir Spahic
base,25,Blue Prizm,false,199,Miralem Pjanic
base,26,Blue Prizm,false,199,Edin Dzeko
base,27,Blue Prizm,false,199,Jasper Cillessen
base,28,Blue Prizm,false,199,Bruno Martins Indi
base,29,Blue Prizm,false,199,Arjen Robben
base,30,Blue Prizm,false,199,Kevin Strootman
base,31,Blue Prizm,false,199,Nigel de Jong
base,32,Blue Prizm,false,199,Rafael van der Vaart
base,33,Blue Prizm,false,199,Wesley Sneijder
base,34,Blue Prizm,false,199,Dirk Kuyt
base,35,Blue Prizm,false,199,Robin van Persie
base,36,Blue Prizm,false,199,Charles Itandje
base,37,Blue Prizm,false,199,Nicolas Nkoulou
base,38,Blue Prizm,false,199,Alexandre Song
base,39,Blue Prizm,false,199,Jean Makoun
base,40,Blue Prizm,false,199,Samuel Eto'o
base,41,Blue Prizm,false,199,Claudio Bravo
base,42,Blue Prizm,false,199,Mauricio Isla
base,43,Blue Prizm,false,199,Arturo Vidal
base,44,Blue Prizm,false,199,David Pizarro
base,45,Blue Prizm,false,199,Alexis Sanchez
base,46,Blue Prizm,false,199,Eduardo Vargas
base,47,Blue Prizm,false,199,David Ospina
base,48,Blue Prizm,false,199,Cristian Zapata
base,49,Blue Prizm,false,199,Camilo Zuniga
base,50,Blue Prizm,false,199,Mario Yepes
base,51,Blue Prizm,false,199,Juan Cuadrado
base,52,Blue Prizm,false,199,Fredy Guarin
base,53,Blue Prizm,false,199,Radamel Falcao
base,54,Blue Prizm,false,199,Jackson Martinez
base,55,Blue Prizm,false,199,Keylor Navas
base,56,Blue Prizm,false,199,Bryan Ruiz
base,57,Blue Prizm,false,199,Boubacar Barry
base,58,Blue Prizm,false,199,Didier Zokora
base,59,Blue Prizm,false,199,Yaya Toure
base,60,Blue Prizm,false,199,Didier Drogba
base,61,Blue Prizm,false,199,Salomon Kalou
base,62,Blue Prizm,false,199,Gervinho
base,63,Blue Prizm,false,199,Alexander Dominguez
base,64,Blue Prizm,false,199,Antonio Valencia
base,65,Blue Prizm,false,199,Walter Ayovi
base,66,Blue Prizm,false,199,Tim Howard
base,67,Blue Prizm,false,199,Jermaine Jones
base,68,Blue Prizm,false,199,Michael Bradley
base,69,Blue Prizm,false,199,Clint Dempsey
base,70,Blue Prizm,false,199,Landon Donovan
base,71,Blue Prizm,false,199,Jozy Altidore
base,72,Blue Prizm,false,199,Jung Sung-Ryong
base,73,Blue Prizm,false,199,Lee Chung-Yong
base,74,Blue Prizm,false,199,Park Chu-Young
base,75,Blue Prizm,false,199,Hugo Lloris
base,76,Blue Prizm,false,199,Eric Abidal
base,77,Blue Prizm,false,199,Patrice Evra
base,78,Blue Prizm,false,199,Raphael Varane
base,79,Blue Prizm,false,199,Paul Pogba
base,80,Blue Prizm,false,199,Blaise Matuidi
base,81,Blue Prizm,false,199,Franck Ribery
base,82,Blue Prizm,false,199,Karim Benzema
base,83,Blue Prizm,false,199,Manuel Neuer
base,84,Blue Prizm,false,199,Mats Hummels
base,85,Blue Prizm,false,199,Per Mertesacker
base,86,Blue Prizm,false,199,Philipp Lahm
base,87,Blue Prizm,false,199,Sami Khedira
base,88,Blue Prizm,false,199,Mesut Ozil
base,89,Blue Prizm,false,199,Mario Gotze
base,90,Blue Prizm,false,199,Bastian Schweinsteiger
base,91,Blue Prizm,false,199,Marco Reus
base,92,Blue Prizm,false,199,Lukas Podolski
base,93,Blue Prizm,false,199,Thomas Muller
base,94,Blue Prizm,false,199,Fatau Dauda
base,95,Blue Prizm,false,199,Michael Essien
base,96,Blue Prizm,false,199,Sulley Muntari
base,97,Blue Prizm,false,199,Kevin-Prince Boateng
base,98,Blue Prizm,false,199,Asamoah Gyan
base,99,Blue Prizm,false,199,Orestis Karnezis
base,100,Blue Prizm,false,199,Sokratis Papastathopoulos
base,101,Blue Prizm,false,199,Giorgos Karagounis
base,102,Blue Prizm,false,199,Kostas Mitroglou
base,103,Blue Prizm,false,199,Giorgos Samaras
base,104,Blue Prizm,false,199,Julio Cesar
base,105,Blue Prizm,false,199,Dani Alves
base,106,Blue Prizm,false,199,David Luiz
base,107,Blue Prizm,false,199,Marcelo
base,108,Blue Prizm,false,199,Thiago Silva
base,109,Blue Prizm,false,199,Oscar
base,110,Blue Prizm,false,199,Paulinho
base,111,Blue Prizm,false,199,Hulk
base,112,Blue Prizm,false,199,Neymar Jr.
base,113,Blue Prizm,false,199,Noel Valladares
base,114,Blue Prizm,false,199,Maynor Figueroa
base,115,Blue Prizm,false,199,Carlo Costly
base,116,Blue Prizm,false,199,Stipe Pletikosa
base,117,Blue Prizm,false,199,Darijo Srna
base,118,Blue Prizm,false,199,Luka Modric
base,119,Blue Prizm,false,199,Eduardo da Silva
base,120,Blue Prizm,false,199,Mario Mandzukic
base,121,Blue Prizm,false,199,Rahman Ahmadi
base,122,Blue Prizm,false,199,Javad Nekounam
base,123,Blue Prizm,false,199,Gianluigi Buffon
base,124,Blue Prizm,false,199,Leonardo Bonucci
base,125,Blue Prizm,false,199,Giorgio Chiellini
base,126,Blue Prizm,false,199,Thiago Motta
base,127,Blue Prizm,false,199,Daniele De Rossi
base,128,Blue Prizm,false,199,Andrea Pirlo
base,129,Blue Prizm,false,199,Riccardo Montolivo
base,130,Blue Prizm,false,199,Claudio Marchisio
base,131,Blue Prizm,false,199,Giuseppe Rossi
base,132,Blue Prizm,false,199,Mario Balotelli
base,133,Blue Prizm,false,199,Pablo Osvaldo
base,134,Blue Prizm,false,199,Joe Hart
base,135,Blue Prizm,false,199,Ashley Cole
base,136,Blue Prizm,false,199,Frank Lampard
base,137,Blue Prizm,false,199,Jack Wilshere
base,138,Blue Prizm,false,199,Michael Carrick
base,139,Blue Prizm,false,199,Steven Gerrard
base,140,Blue Prizm,false,199,Daniel Sturridge
base,141,Blue Prizm,false,199,Danny Welbeck
base,142,Blue Prizm,false,199,Wayne Rooney
base,143,Blue Prizm,false,199,Guillermo Ochoa
base,144,Blue Prizm,false,199,Miguel Layun
base,145,Blue Prizm,false,199,Rafael Marquez
base,146,Blue Prizm,false,199,Andres Guardado
base,147,Blue Prizm,false,199,Giovani Dos Santos
base,148,Blue Prizm,false,199,Javier Hernandez
base,149,Blue Prizm,false,199,Oribe Peralta
base,150,Blue Prizm,false,199,Vincent Enyeama
base,151,Blue Prizm,false,199,Victor Moses
base,152,Blue Prizm,false,199,John Obi Mikel
base,153,Blue Prizm,false,199,Emmanuel Emenike
base,154,Blue Prizm,false,199,Ahmed Musa
base,155,Blue Prizm,false,199,Rui Patricio
base,156,Blue Prizm,false,199,Pepe
base,157,Blue Prizm,false,199,Fabio Coentrao
base,158,Blue Prizm,false,199,Joao Moutinho
base,159,Blue Prizm,false,199,Nani
base,160,Blue Prizm,false,199,Helder Postiga
base,161,Blue Prizm,false,199,Cristiano Ronaldo
base,162,Blue Prizm,false,199,Igor Akinfeev
base,163,Blue Prizm,false,199,Dmitri Kombarov
base,164,Blue Prizm,false,199,Sergei Ignashevich
base,165,Blue Prizm,false,199,Roman Shirokov
base,166,Blue Prizm,false,199,Igor Denisov
base,167,Blue Prizm,false,199,Alan Dzagoev
base,168,Blue Prizm,false,199,Aleksandr Kerzhakov
base,169,Blue Prizm,false,199,Aleksandr Kokorin
base,170,Blue Prizm,false,199,Iker Casillas
base,171,Blue Prizm,false,199,Gerard Pique
base,172,Blue Prizm,false,199,Sergio Ramos
base,173,Blue Prizm,false,199,Xabi Alonso
base,174,Blue Prizm,false,199,Sergio Busquets
base,175,Blue Prizm,false,199,David Silva
base,176,Blue Prizm,false,199,Cesc Fabregas
base,177,Blue Prizm,false,199,Andres Iniesta
base,178,Blue Prizm,false,199,David Villa
base,179,Blue Prizm,false,199,Pedro Rodriguez
base,180,Blue Prizm,false,199,Xavi Hernandez
base,181,Blue Prizm,false,199,Diego Benaglio
base,182,Blue Prizm,false,199,Stephan Lichtsteiner
base,183,Blue Prizm,false,199,Blerim Dzemaili
base,184,Blue Prizm,false,199,Gokhan Inler
base,185,Blue Prizm,false,199,Tranquillo Barnetta
base,186,Blue Prizm,false,199,Xherdan Shaqiri
base,187,Blue Prizm,false,199,Valon Behrami
base,188,Blue Prizm,false,199,Haris Seferovic
base,189,Blue Prizm,false,199,Fernando Muslera
base,190,Blue Prizm,false,199,Martin Caceres
base,191,Blue Prizm,false,199,Diego Lugano
base,192,Blue Prizm,false,199,Diego Forlan
base,193,Blue Prizm,false,199,Edinson Cavani
base,194,Blue Prizm,false,199,Luis Suarez
base,195,Blue Prizm,false,199,Atsuto Uchida
base,196,Blue Prizm,false,199,Yuto Nagatomo
base,197,Blue Prizm,false,199,Maya Yoshida
base,198,Blue Prizm,false,199,Yasuyuki Konno
base,199,Blue Prizm,false,199,Yasuhito Endo
base,200,Blue Prizm,false,199,Shinji Kagawa
base,201,Blue Prizm,false,199,Yoichiro Kakitani
base,1,Blue Pulsar Prizm,false,,Rais M'Bolhi PR55
base,2,Blue Pulsar Prizm,false,,Madjid Bougherra PR55
base,3,Blue Pulsar Prizm,false,,Sofiane Feghouli PR55
base,4,Blue Pulsar Prizm,false,,Sergio Romero PR55
base,5,Blue Pulsar Prizm,false,,Ezequiel Garay PR55
base,6,Blue Pulsar Prizm,false,,Hugo Campagnaro PR55
base,7,Blue Pulsar Prizm,false,,Pablo Zabaleta PR55
base,8,Blue Pulsar Prizm,false,,Javier Mascherano PR55
base,9,Blue Pulsar Prizm,false,,Angel Di Maria PR55
base,10,Blue Pulsar Prizm,false,,Ezequiel Lavezzi PR55
base,11,Blue Pulsar Prizm,false,,Gonzalo Higuain PR55
base,12,Blue Pulsar Prizm,false,,Lionel Messi PR55
base,13,Blue Pulsar Prizm,false,,Sergio Aguero PR55
base,14,Blue Pulsar Prizm,false,,Mathew Ryan PR55
base,15,Blue Pulsar Prizm,false,,Lucas Neill PR55
base,16,Blue Pulsar Prizm,false,,Luke Wilkshire PR55
base,17,Blue Pulsar Prizm,false,,Tim Cahill PR55
base,18,Blue Pulsar Prizm,false,,Thibaut Courtois PR55
base,19,Blue Pulsar Prizm,false,,Vincent Kompany PR55
base,20,Blue Pulsar Prizm,false,,Axel Witsel PR55
base,21,Blue Pulsar Prizm,false,,Eden Hazard PR55
base,22,Blue Pulsar Prizm,false,,Marouane Fellaini PR55
base,23,Blue Pulsar Prizm,false,,Asmir Begovic PR55
base,24,Blue Pulsar Prizm,false,,Emir Spahic PR55
base,25,Blue Pulsar Prizm,false,,Miralem Pjanic PR55
base,26,Blue Pulsar Prizm,false,,Edin Dzeko PR55
base,27,Blue Pulsar Prizm,false,,Jasper Cillessen PR55
base,28,Blue Pulsar Prizm,false,,Bruno Martins Indi PR55
base,29,Blue Pulsar Prizm,false,,Arjen Robben PR55
base,30,Blue Pulsar Prizm,false,,Kevin Strootman PR55
base,31,Blue Pulsar Prizm,false,,Nigel de Jong PR55
base,32,Blue Pulsar Prizm,false,,Rafael van der Vaart PR55
base,33,Blue Pulsar Prizm,false,,Wesley Sneijder PR55
base,34,Blue Pulsar Prizm,false,,Dirk Kuyt PR55
base,35,Blue Pulsar Prizm,false,,Robin van Persie PR55
base,36,Blue Pulsar Prizm,false,,Charles Itandje PR55
base,37,Blue Pulsar Prizm,false,,Nicolas Nkoulou PR55
base,38,Blue Pulsar Prizm,false,,Alexandre Song PR55
base,39,Blue Pulsar Prizm,false,,Jean Makoun PR55
base,40,Blue Pulsar Prizm,false,,Samuel Eto'o PR55
base,41,Blue Pulsar Prizm,false,,Claudio Bravo PR55
base,42,Blue Pulsar Prizm,false,,Mauricio Isla PR55
base,43,Blue Pulsar Prizm,false,,Arturo Vidal PR55
base,44,Blue Pulsar Prizm,false,,David Pizarro PR55
base,45,Blue Pulsar Prizm,false,,Alexis Sanchez PR55
base,46,Blue Pulsar Prizm,false,,Eduardo Vargas PR55
base,47,Blue Pulsar Prizm,false,,David Ospina PR55
base,48,Blue Pulsar Prizm,false,,Cristian Zapata PR55
base,49,Blue Pulsar Prizm,false,,Camilo Zuniga PR55
base,50,Blue Pulsar Prizm,false,,Mario Yepes PR55
base,51,Blue Pulsar Prizm,false,,Juan Cuadrado PR55
base,52,Blue Pulsar Prizm,false,,Fredy Guarin PR55
base,53,Blue Pulsar Prizm,false,,Radamel Falcao PR55
base,54,Blue Pulsar Prizm,false,,Jackson Martinez PR55
base,55,Blue Pulsar Prizm,false,,Keylor Navas PR55
base,56,Blue Pulsar Prizm,false,,Bryan Ruiz PR55
base,57,Blue Pulsar Prizm,false,,Boubacar Barry PR55
base,58,Blue Pulsar Prizm,false,,Didier Zokora PR55
base,59,Blue Pulsar Prizm,false,,Yaya Toure PR55
base,60,Blue Pulsar Prizm,false,,Didier Drogba PR55
base,61,Blue Pulsar Prizm,false,,Salomon Kalou PR55
base,62,Blue Pulsar Prizm,false,,Gervinho PR55
base,63,Blue Pulsar Prizm,false,,Alexander Dominguez PR55
base,64,Blue Pulsar Prizm,false,,Antonio Valencia PR55
base,65,Blue Pulsar Prizm,false,,Walter Ayovi PR55
base,66,Blue Pulsar Prizm,false,,Tim Howard PR55
base,67,Blue Pulsar Prizm,false,,Jermaine Jones PR55
base,68,Blue Pulsar Prizm,false,,Michael Bradley PR55
base,69,Blue Pulsar Prizm,false,,Clint Dempsey PR55
base,70,Blue Pulsar Prizm,false,,Landon Donovan PR55
base,71,Blue Pulsar Prizm,false,,Jozy Altidore PR55
base,72,Blue Pulsar Prizm,false,,Jung Sung-Ryong PR55
base,73,Blue Pulsar Prizm,false,,Lee Chung-Yong PR55
base,74,Blue Pulsar Prizm,false,,Park Chu-Young PR55
base,75,Blue Pulsar Prizm,false,,Hugo Lloris PR55
base,76,Blue Pulsar Prizm,false,,Eric Abidal PR55
base,77,Blue Pulsar Prizm,false,,Patrice Evra PR55
base,78,Blue Pulsar Prizm,false,,Raphael Varane PR55
base,79,Blue Pulsar Prizm,false,,Paul Pogba PR55
base,80,Blue Pulsar Prizm,false,,Blaise Matuidi PR55
base,81,Blue Pulsar Prizm,false,,Franck Ribery PR55
base,82,Blue Pulsar Prizm,false,,Karim Benzema PR55
base,83,Blue Pulsar Prizm,false,,Manuel Neuer PR55
base,84,Blue Pulsar Prizm,false,,Mats Hummels PR55
base,85,Blue Pulsar Prizm,false,,Per Mertesacker PR55
base,86,Blue Pulsar Prizm,false,,Philipp Lahm PR55
base,87,Blue Pulsar Prizm,false,,Sami Khedira PR55
base,88,Blue Pulsar Prizm,false,,Mesut Ozil PR55
base,89,Blue Pulsar Prizm,false,,Mario Gotze PR55
base,90,Blue Pulsar Prizm,false,,Bastian Schweinsteiger PR55
base,91,Blue Pulsar Prizm,false,,Marco Reus PR55
base,92,Blue Pulsar Prizm,false,,Lukas Podolski PR55
base,93,Blue Pulsar Prizm,false,,Thomas Muller PR55
base,94,Blue Pulsar Prizm,false,,Fatau Dauda PR55
base,95,Blue Pulsar Prizm,false,,Michael Essien PR55
base,96,Blue Pulsar Prizm,false,,Sulley Muntari PR55
base,97,Blue Pulsar Prizm,false,,Kevin-Prince Boateng PR55
base,98,Blue Pulsar Prizm,false,,Asamoah Gyan PR55
base,99,Blue Pulsar Prizm,false,,Orestis Karnezis PR55
base,100,Blue Pulsar Prizm,false,,Sokratis Papastathopoulos PR55
base,1,El Samba Prizm,false,1,Rais M'Bolhi
base,2,El Samba Prizm,false,1,Madjid Bougherra
base,3,El Samba Prizm,false,1,Sofiane Feghouli
base,4,El Samba Prizm,false,1,Sergio Romero
base,5,El Samba Prizm,false,1,Ezequiel Garay
base,6,El Samba Prizm,false,1,Hugo Campagnaro
base,7,El Samba Prizm,false,1,Pablo Zabaleta
base,8,El Samba Prizm,false,1,Javier Mascherano
base,9,El Samba Prizm,false,1,Angel Di Maria
base,10,El Samba Prizm,false,1,Ezequiel Lavezzi
base,11,El Samba Prizm,false,1,Gonzalo Higuain
base,12,El Samba Prizm,false,1,Lionel Messi
base,13,El Samba Prizm,false,1,Sergio Aguero
base,14,El Samba Prizm,false,1,Mathew Ryan
base,15,El Samba Prizm,false,1,Lucas Neill
base,16,El Samba Prizm,false,1,Luke Wilkshire
base,17,El Samba Prizm,false,1,Tim Cahill
base,18,El Samba Prizm,false,1,Thibaut Courtois
base,19,El Samba Prizm,false,1,Vincent Kompany
base,20,El Samba Prizm,false,1,Axel Witsel
base,21,El Samba Prizm,false,1,Eden Hazard
base,22,El Samba Prizm,false,1,Marouane Fellaini
base,23,El Samba Prizm,false,1,Asmir Begovic
base,24,El Samba Prizm,false,1,Emir Spahic
base,25,El Samba Prizm,false,1,Miralem Pjanic
base,26,El Samba Prizm,false,1,Edin Dzeko
base,27,El Samba Prizm,false,1,Jasper Cillessen
base,28,El Samba Prizm,false,1,Bruno Martins Indi
base,29,El Samba Prizm,false,1,Arjen Robben
base,30,El Samba Prizm,false,1,Kevin Strootman
base,31,El Samba Prizm,false,1,Nigel de Jong
base,32,El Samba Prizm,false,1,Rafael van der Vaart
base,33,El Samba Prizm,false,1,Wesley Sneijder
base,34,El Samba Prizm,false,1,Dirk Kuyt
base,35,El Samba Prizm,false,1,Robin van Persie
base,36,El Samba Prizm,false,1,Charles Itandje
base,37,El Samba Prizm,false,1,Nicolas Nkoulou
base,38,El Samba Prizm,false,1,Alexandre Song
base,39,El Samba Prizm,false,1,Jean Makoun
base,40,El Samba Prizm,false,1,Samuel Eto'o
base,41,El Samba Prizm,false,1,Claudio Bravo
base,42,El Samba Prizm,false,1,Mauricio Isla
base,43,El Samba Prizm,false,1,Arturo Vidal
base,44,El Samba Prizm,false,1,David Pizarro
base,45,El Samba Prizm,false,1,Alexis Sanchez
base,46,El Samba Prizm,false,1,Eduardo Vargas
base,47,El Samba Prizm,false,1,David Ospina
base,48,El Samba Prizm,false,1,Cristian Zapata
base,49,El Samba Prizm,false,1,Camilo Zuniga
base,50,El Samba Prizm,false,1,Mario Yepes
base,51,El Samba Prizm,false,1,Juan Cuadrado
base,52,El Samba Prizm,false,1,Fredy Guarin
base,53,El Samba Prizm,false,1,Radamel Falcao
base,54,El Samba Prizm,false,1,Jackson Martinez
base,55,El Samba Prizm,false,1,Keylor Navas
base,56,El Samba Prizm,false,1,Bryan Ruiz
base,57,El Samba Prizm,false,1,Boubacar Barry
base,58,El Samba Prizm,false,1,Didier Zokora
base,59,El Samba Prizm,false,1,Yaya Toure
base,60,El Samba Prizm,false,1,Didier Drogba
base,61,El Samba Prizm,false,1,Salomon Kalou
base,62,El Samba Prizm,false,1,Gervinho
base,63,El Samba Prizm,false,1,Alexander Dominguez
base,64,El Samba Prizm,false,1,Antonio Valencia
base,65,El Samba Prizm,false,1,Walter Ayovi
base,66,El Samba Prizm,false,1,Tim Howard
base,67,El Samba Prizm,false,1,Jermaine Jones
base,68,El Samba Prizm,false,1,Michael Bradley
base,69,El Samba Prizm,false,1,Clint Dempsey
base,70,El Samba Prizm,false,1,Landon Donovan
base,71,El Samba Prizm,false,1,Jozy Altidore
base,72,El Samba Prizm,false,1,Jung Sung-Ryong
base,73,El Samba Prizm,false,1,Lee Chung-Yong
base,74,El Samba Prizm,false,1,Park Chu-Young
base,75,El Samba Prizm,false,1,Hugo Lloris
base,76,El Samba Prizm,false,1,Eric Abidal
base,77,El Samba Prizm,false,1,Patrice Evra
base,78,El Samba Prizm,false,1,Raphael Varane
base,79,El Samba Prizm,false,1,Paul Pogba
base,80,El Samba Prizm,false,1,Blaise Matuidi
base,81,El Samba Prizm,false,1,Franck Ribery
base,82,El Samba Prizm,false,1,Karim Benzema
base,83,El Samba Prizm,false,1,Manuel Neuer
base,84,El Samba Prizm,false,1,Mats Hummels
base,85,El Samba Prizm,false,1,Per Mertesacker
base,86,El Samba Prizm,false,1,Philipp Lahm
base,87,El Samba Prizm,false,1,Sami Khedira
base,88,El Samba Prizm,false,1,Mesut Ozil
base,89,El Samba Prizm,false,1,Mario Gotze
base,90,El Samba Prizm,false,1,Bastian Schweinsteiger
base,91,El Samba Prizm,false,1,Marco Reus
base,92,El Samba Prizm,false,1,Lukas Podolski
base,93,El Samba Prizm,false,1,Thomas Muller
base,94,El Samba Prizm,false,1,Fatau Dauda
base,95,El Samba Prizm,false,1,Michael Essien
base,96,El Samba Prizm,false,1,Sulley Muntari
base,97,El Samba Prizm,false,1,Kevin-Prince Boateng
base,98,El Samba Prizm,false,1,Asamoah Gyan
base,99,El Samba Prizm,false,1,Orestis Karnezis
base,100,El Samba Prizm,false,1,Sokratis Papastathopoulos
base,101,El Samba Prizm,false,1,Giorgos Karagounis
base,102,El Samba Prizm,false,1,Kostas Mitroglou
base,103,El Samba Prizm,false,1,Giorgos Samaras
base,104,El Samba Prizm,false,1,Julio Cesar
base,105,El Samba Prizm,false,1,Dani Alves
base,106,El Samba Prizm,false,1,David Luiz
base,107,El Samba Prizm,false,1,Marcelo
base,108,El Samba Prizm,false,1,Thiago Silva
base,109,El Samba Prizm,false,1,Oscar
base,110,El Samba Prizm,false,1,Paulinho
base,111,El Samba Prizm,false,1,Hulk
base,112,El Samba Prizm,false,1,Neymar Jr.
base,113,El Samba Prizm,false,1,Noel Valladares
base,114,El Samba Prizm,false,1,Maynor Figueroa
base,115,El Samba Prizm,false,1,Carlo Costly
base,116,El Samba Prizm,false,1,Stipe Pletikosa
base,117,El Samba Prizm,false,1,Darijo Srna
base,118,El Samba Prizm,false,1,Luka Modric
base,119,El Samba Prizm,false,1,Eduardo da Silva
base,120,El Samba Prizm,false,1,Mario Mandzukic
base,121,El Samba Prizm,false,1,Rahman Ahmadi
base,122,El Samba Prizm,false,1,Javad Nekounam
base,123,El Samba Prizm,false,1,Gianluigi Buffon
base,124,El Samba Prizm,false,1,Leonardo Bonucci
base,125,El Samba Prizm,false,1,Giorgio Chiellini
base,126,El Samba Prizm,false,1,Thiago Motta
base,127,El Samba Prizm,false,1,Daniele De Rossi
base,128,El Samba Prizm,false,1,Andrea Pirlo
base,129,El Samba Prizm,false,1,Riccardo Montolivo
base,130,El Samba Prizm,false,1,Claudio Marchisio
base,131,El Samba Prizm,false,1,Giuseppe Rossi
base,132,El Samba Prizm,false,1,Mario Balotelli
base,133,El Samba Prizm,false,1,Pablo Osvaldo
base,134,El Samba Prizm,false,1,Joe Hart
base,135,El Samba Prizm,false,1,Ashley Cole
base,136,El Samba Prizm,false,1,Frank Lampard
base,137,El Samba Prizm,false,1,Jack Wilshere
base,138,El Samba Prizm,false,1,Michael Carrick
base,139,El Samba Prizm,false,1,Steven Gerrard
base,140,El Samba Prizm,false,1,Daniel Sturridge
base,141,El Samba Prizm,false,1,Danny Welbeck
base,142,El Samba Prizm,false,1,Wayne Rooney
base,143,El Samba Prizm,false,1,Guillermo Ochoa
base,144,El Samba Prizm,false,1,Miguel Layun
base,145,El Samba Prizm,false,1,Rafael Marquez
base,146,El Samba Prizm,false,1,Andres Guardado
base,147,El Samba Prizm,false,1,Giovani Dos Santos
base,148,El Samba Prizm,false,1,Javier Hernandez
base,149,El Samba Prizm,false,1,Oribe Peralta
base,150,El Samba Prizm,false,1,Vincent Enyeama
base,151,El Samba Prizm,false,1,Victor Moses
base,152,El Samba Prizm,false,1,John Obi Mikel
base,153,El Samba Prizm,false,1,Emmanuel Emenike
base,154,El Samba Prizm,false,1,Ahmed Musa
base,155,El Samba Prizm,false,1,Rui Patricio
base,156,El Samba Prizm,false,1,Pepe
base,157,El Samba Prizm,false,1,Fabio Coentrao
base,158,El Samba Prizm,false,1,Joao Moutinho
base,159,El Samba Prizm,false,1,Nani
base,160,El Samba Prizm,false,1,Helder Postiga
base,161,El Samba Prizm,false,1,Cristiano Ronaldo
base,162,El Samba Prizm,false,1,Igor Akinfeev
base,163,El Samba Prizm,false,1,Dmitri Kombarov
base,164,El Samba Prizm,false,1,Sergei Ignashevich
base,165,El Samba Prizm,false,1,Roman Shirokov
base,166,El Samba Prizm,false,1,Igor Denisov
base,167,El Samba Prizm,false,1,Alan Dzagoev
base,168,El Samba Prizm,false,1,Aleksandr Kerzhakov
base,169,El Samba Prizm,false,1,Aleksandr Kokorin
base,170,El Samba Prizm,false,1,Iker Casillas
base,171,El Samba Prizm,false,1,Gerard Pique
base,172,El Samba Prizm,false,1,Sergio Ramos
base,173,El Samba Prizm,false,1,Xabi Alonso
base,174,El Samba Prizm,false,1,Sergio Busquets
base,175,El Samba Prizm,false,1,David Silva
base,176,El Samba Prizm,false,1,Cesc Fabregas
base,177,El Samba Prizm,false,1,Andres Iniesta
base,178,El Samba Prizm,false,1,David Villa
base,179,El Samba Prizm,false,1,Pedro Rodriguez
base,180,El Samba Prizm,false,1,Xavi Hernandez
base,181,El Samba Prizm,false,1,Diego Benaglio
base,182,El Samba Prizm,false,1,Stephan Lichtsteiner
base,183,El Samba Prizm,false,1,Blerim Dzemaili
base,184,El Samba Prizm,false,1,Gokhan Inler
base,185,El Samba Prizm,false,1,Tranquillo Barnetta
base,186,El Samba Prizm,false,1,Xherdan Shaqiri
base,187,El Samba Prizm,false,1,Valon Behrami
base,188,El Samba Prizm,false,1,Haris Seferovic
base,189,El Samba Prizm,false,1,Fernando Muslera
base,190,El Samba Prizm,false,1,Martin Caceres
base,191,El Samba Prizm,false,1,Diego Lugano
base,192,El Samba Prizm,false,1,Diego Forlan
base,193,El Samba Prizm,false,1,Edinson Cavani
base,194,El Samba Prizm,false,1,Luis Suarez
base,195,El Samba Prizm,false,1,Atsuto Uchida
base,196,El Samba Prizm,false,1,Yuto Nagatomo
base,197,El Samba Prizm,false,1,Maya Yoshida
base,198,El Samba Prizm,false,1,Yasuyuki Konno
base,199,El Samba Prizm,false,1,Yasuhito Endo
base,200,El Samba Prizm,false,1,Shinji Kagawa
base,201,El Samba Prizm,false,1,Yoichiro Kakitani
base,1,Gold Power Prizm,false,5,Rais M'Bolhi
base,2,Gold Power Prizm,false,5,Madjid Bougherra
base,3,Gold Power Prizm,false,5,Sofiane Feghouli
base,4,Gold Power Prizm,false,5,Sergio Romero
base,5,Gold Power Prizm,false,5,Ezequiel Garay
base,6,Gold Power Prizm,false,5,Hugo Campagnaro
base,7,Gold Power Prizm,false,5,Pablo Zabaleta
base,8,Gold Power Prizm,false,5,Javier Mascherano
base,9,Gold Power Prizm,false,5,Angel Di Maria
base,10,Gold Power Prizm,false,5,Ezequiel Lavezzi
base,11,Gold Power Prizm,false,5,Gonzalo Higuain
base,12,Gold Power Prizm,false,5,Lionel Messi
base,13,Gold Power Prizm,false,5,Sergio Aguero
base,14,Gold Power Prizm,false,5,Mathew Ryan
base,15,Gold Power Prizm,false,5,Lucas Neill
base,16,Gold Power Prizm,false,5,Luke Wilkshire
base,17,Gold Power Prizm,false,5,Tim Cahill
base,18,Gold Power Prizm,false,5,Thibaut Courtois
base,19,Gold Power Prizm,false,5,Vincent Kompany
base,20,Gold Power Prizm,false,5,Axel Witsel
base,21,Gold Power Prizm,false,5,Eden Hazard
base,22,Gold Power Prizm,false,5,Marouane Fellaini
base,23,Gold Power Prizm,false,5,Asmir Begovic
base,24,Gold Power Prizm,false,5,Emir Spahic
base,25,Gold Power Prizm,false,5,Miralem Pjanic
base,26,Gold Power Prizm,false,5,Edin Dzeko
base,27,Gold Power Prizm,false,5,Jasper Cillessen
base,28,Gold Power Prizm,false,5,Bruno Martins Indi
base,29,Gold Power Prizm,false,5,Arjen Robben
base,30,Gold Power Prizm,false,5,Kevin Strootman
base,31,Gold Power Prizm,false,5,Nigel de Jong
base,32,Gold Power Prizm,false,5,Rafael van der Vaart
base,33,Gold Power Prizm,false,5,Wesley Sneijder
base,34,Gold Power Prizm,false,5,Dirk Kuyt
base,35,Gold Power Prizm,false,5,Robin van Persie
base,36,Gold Power Prizm,false,5,Charles Itandje
base,37,Gold Power Prizm,false,5,Nicolas Nkoulou
base,38,Gold Power Prizm,false,5,Alexandre Song
base,39,Gold Power Prizm,false,5,Jean Makoun
base,40,Gold Power Prizm,false,5,Samuel Eto'o
base,41,Gold Power Prizm,false,5,Claudio Bravo
base,42,Gold Power Prizm,false,5,Mauricio Isla
base,43,Gold Power Prizm,false,5,Arturo Vidal
base,44,Gold Power Prizm,false,5,David Pizarro
base,45,Gold Power Prizm,false,5,Alexis Sanchez
base,46,Gold Power Prizm,false,5,Eduardo Vargas
base,47,Gold Power Prizm,false,5,David Ospina
base,48,Gold Power Prizm,false,5,Cristian Zapata
base,49,Gold Power Prizm,false,5,Camilo Zuniga
base,50,Gold Power Prizm,false,5,Mario Yepes
base,51,Gold Power Prizm,false,5,Juan Cuadrado
base,52,Gold Power Prizm,false,5,Fredy Guarin
base,53,Gold Power Prizm,false,5,Radamel Falcao
base,54,Gold Power Prizm,false,5,Jackson Martinez
base,55,Gold Power Prizm,false,5,Keylor Navas
base,56,Gold Power Prizm,false,5,Bryan Ruiz
base,57,Gold Power Prizm,false,5,Boubacar Barry
base,58,Gold Power Prizm,false,5,Didier Zokora
base,59,Gold Power Prizm,false,5,Yaya Toure
base,60,Gold Power Prizm,false,5,Didier Drogba
base,61,Gold Power Prizm,false,5,Salomon Kalou
base,62,Gold Power Prizm,false,5,Gervinho
base,63,Gold Power Prizm,false,5,Alexander Dominguez
base,64,Gold Power Prizm,false,5,Antonio Valencia
base,65,Gold Power Prizm,false,5,Walter Ayovi
base,66,Gold Power Prizm,false,5,Tim Howard
base,67,Gold Power Prizm,false,5,Jermaine Jones
base,68,Gold Power Prizm,false,5,Michael Bradley
base,69,Gold Power Prizm,false,5,Clint Dempsey
base,70,Gold Power Prizm,false,5,Landon Donovan
base,71,Gold Power Prizm,false,5,Jozy Altidore
base,72,Gold Power Prizm,false,5,Jung Sung-Ryong
base,73,Gold Power Prizm,false,5,Lee Chung-Yong
base,74,Gold Power Prizm,false,5,Park Chu-Young
base,75,Gold Power Prizm,false,5,Hugo Lloris
base,76,Gold Power Prizm,false,5,Eric Abidal
base,77,Gold Power Prizm,false,5,Patrice Evra
base,78,Gold Power Prizm,false,5,Raphael Varane
base,79,Gold Power Prizm,false,5,Paul Pogba
base,80,Gold Power Prizm,false,5,Blaise Matuidi
base,81,Gold Power Prizm,false,5,Franck Ribery
base,82,Gold Power Prizm,false,5,Karim Benzema
base,83,Gold Power Prizm,false,5,Manuel Neuer
base,84,Gold Power Prizm,false,5,Mats Hummels
base,85,Gold Power Prizm,false,5,Per Mertesacker
base,86,Gold Power Prizm,false,5,Philipp Lahm
base,87,Gold Power Prizm,false,5,Sami Khedira
base,88,Gold Power Prizm,false,5,Mesut Ozil
base,89,Gold Power Prizm,false,5,Mario Gotze
base,90,Gold Power Prizm,false,5,Bastian Schweinsteiger
base,91,Gold Power Prizm,false,5,Marco Reus
base,92,Gold Power Prizm,false,5,Lukas Podolski
base,93,Gold Power Prizm,false,5,Thomas Muller
base,94,Gold Power Prizm,false,5,Fatau Dauda
base,95,Gold Power Prizm,false,5,Michael Essien
base,96,Gold Power Prizm,false,5,Sulley Muntari
base,97,Gold Power Prizm,false,5,Kevin-Prince Boateng
base,98,Gold Power Prizm,false,5,Asamoah Gyan
base,99,Gold Power Prizm,false,5,Orestis Karnezis
base,100,Gold Power Prizm,false,5,Sokratis Papastathopoulos
base,101,Gold Power Prizm,false,5,Giorgos Karagounis
base,102,Gold Power Prizm,false,5,Kostas Mitroglou
base,103,Gold Power Prizm,false,5,Giorgos Samaras
base,104,Gold Power Prizm,false,5,Julio Cesar
base,105,Gold Power Prizm,false,5,Dani Alves
base,106,Gold Power Prizm,false,5,David Luiz
base,107,Gold Power Prizm,false,5,Marcelo
base,108,Gold Power Prizm,false,5,Thiago Silva
base,109,Gold Power Prizm,false,5,Oscar
base,110,Gold Power Prizm,false,5,Paulinho
base,111,Gold Power Prizm,false,5,Hulk
base,112,Gold Power Prizm,false,5,Neymar Jr.
base,113,Gold Power Prizm,false,5,Noel Valladares
base,114,Gold Power Prizm,false,5,Maynor Figueroa
base,115,Gold Power Prizm,false,5,Carlo Costly
base,116,Gold Power Prizm,false,5,Stipe Pletikosa
base,117,Gold Power Prizm,false,5,Darijo Srna
base,118,Gold Power Prizm,false,5,Luka Modric
base,119,Gold Power Prizm,false,5,Eduardo da Silva
base,120,Gold Power Prizm,false,5,Mario Mandzukic
base,121,Gold Power Prizm,false,5,Rahman Ahmadi
base,122,Gold Power Prizm,false,5,Javad Nekounam
base,123,Gold Power Prizm,false,5,Gianluigi Buffon
base,124,Gold Power Prizm,false,5,Leonardo Bonucci
base,125,Gold Power Prizm,false,5,Giorgio Chiellini
base,126,Gold Power Prizm,false,5,Thiago Motta
base,127,Gold Power Prizm,false,5,Daniele De Rossi
base,128,Gold Power Prizm,false,5,Andrea Pirlo
base,129,Gold Power Prizm,false,5,Riccardo Montolivo
base,130,Gold Power Prizm,false,5,Claudio Marchisio
base,131,Gold Power Prizm,false,5,Giuseppe Rossi
base,132,Gold Power Prizm,false,5,Mario Balotelli
base,133,Gold Power Prizm,false,5,Pablo Osvaldo
base,134,Gold Power Prizm,false,5,Joe Hart
base,135,Gold Power Prizm,false,5,Ashley Cole
base,136,Gold Power Prizm,false,5,Frank Lampard
base,137,Gold Power Prizm,false,5,Jack Wilshere
base,138,Gold Power Prizm,false,5,Michael Carrick
base,139,Gold Power Prizm,false,5,Steven Gerrard
base,140,Gold Power Prizm,false,5,Daniel Sturridge
base,141,Gold Power Prizm,false,5,Danny Welbeck
base,142,Gold Power Prizm,false,5,Wayne Rooney
base,143,Gold Power Prizm,false,5,Guillermo Ochoa
base,144,Gold Power Prizm,false,5,Miguel Layun
base,145,Gold Power Prizm,false,5,Rafael Marquez
base,146,Gold Power Prizm,false,5,Andres Guardado
base,147,Gold Power Prizm,false,5,Giovani Dos Santos
base,148,Gold Power Prizm,false,5,Javier Hernandez
base,149,Gold Power Prizm,false,5,Oribe Peralta
base,150,Gold Power Prizm,false,5,Vincent Enyeama
base,151,Gold Power Prizm,false,5,Victor Moses
base,152,Gold Power Prizm,false,5,John Obi Mikel
base,153,Gold Power Prizm,false,5,Emmanuel Emenike
base,154,Gold Power Prizm,false,5,Ahmed Musa
base,155,Gold Power Prizm,false,5,Rui Patricio
base,156,Gold Power Prizm,false,5,Pepe
base,157,Gold Power Prizm,false,5,Fabio Coentrao
base,158,Gold Power Prizm,false,5,Joao Moutinho
base,159,Gold Power Prizm,false,5,Nani
base,160,Gold Power Prizm,false,5,Helder Postiga
base,161,Gold Power Prizm,false,5,Cristiano Ronaldo
base,162,Gold Power Prizm,false,5,Igor Akinfeev
base,163,Gold Power Prizm,false,5,Dmitri Kombarov
base,164,Gold Power Prizm,false,5,Sergei Ignashevich
base,165,Gold Power Prizm,false,5,Roman Shirokov
base,166,Gold Power Prizm,false,5,Igor Denisov
base,167,Gold Power Prizm,false,5,Alan Dzagoev
base,168,Gold Power Prizm,false,5,Aleksandr Kerzhakov
base,169,Gold Power Prizm,false,5,Aleksandr Kokorin
base,170,Gold Power Prizm,false,5,Iker Casillas
base,171,Gold Power Prizm,false,5,Gerard Pique
base,172,Gold Power Prizm,false,5,Sergio Ramos
base,173,Gold Power Prizm,false,5,Xabi Alonso
base,174,Gold Power Prizm,false,5,Sergio Busquets
base,175,Gold Power Prizm,false,5,David Silva
base,176,Gold Power Prizm,false,5,Cesc Fabregas
base,177,Gold Power Prizm,false,5,Andres Iniesta
base,178,Gold Power Prizm,false,5,David Villa
base,179,Gold Power Prizm,false,5,Pedro Rodriguez
base,180,Gold Power Prizm,false,5,Xavi Hernandez
base,181,Gold Power Prizm,false,5,Diego Benaglio
base,182,Gold Power Prizm,false,5,Stephan Lichtsteiner
base,183,Gold Power Prizm,false,5,Blerim Dzemaili
base,184,Gold Power Prizm,false,5,Gokhan Inler
base,185,Gold Power Prizm,false,5,Tranquillo Barnetta
base,186,Gold Power Prizm,false,5,Xherdan Shaqiri
base,187,Gold Power Prizm,false,5,Valon Behrami
base,188,Gold Power Prizm,false,5,Haris Seferovic
base,189,Gold Power Prizm,false,5,Fernando Muslera
base,190,Gold Power Prizm,false,5,Martin Caceres
base,191,Gold Power Prizm,false,5,Diego Lugano
base,192,Gold Power Prizm,false,5,Diego Forlan
base,193,Gold Power Prizm,false,5,Edinson Cavani
base,194,Gold Power Prizm,false,5,Luis Suarez
base,195,Gold Power Prizm,false,5,Atsuto Uchida
base,196,Gold Power Prizm,false,5,Yuto Nagatomo
base,197,Gold Power Prizm,false,5,Maya Yoshida
base,198,Gold Power Prizm,false,5,Yasuyuki Konno
base,199,Gold Power Prizm,false,5,Yasuhito Endo
base,200,Gold Power Prizm,false,5,Shinji Kagawa
base,201,Gold Power Prizm,false,5,Yoichiro Kakitani
base,1,Gold Prizm,false,10,Rais M'Bolhi
base,2,Gold Prizm,false,10,Madjid Bougherra
base,3,Gold Prizm,false,10,Sofiane Feghouli
base,4,Gold Prizm,false,10,Sergio Romero
base,5,Gold Prizm,false,10,Ezequiel Garay
base,6,Gold Prizm,false,10,Hugo Campagnaro
base,7,Gold Prizm,false,10,Pablo Zabaleta
base,8,Gold Prizm,false,10,Javier Mascherano
base,9,Gold Prizm,false,10,Angel Di Maria
base,10,Gold Prizm,false,10,Ezequiel Lavezzi
base,11,Gold Prizm,false,10,Gonzalo Higuain
base,12,Gold Prizm,false,10,Lionel Messi
base,13,Gold Prizm,false,10,Sergio Aguero
base,14,Gold Prizm,false,10,Mathew Ryan
base,15,Gold Prizm,false,10,Lucas Neill
base,16,Gold Prizm,false,10,Luke Wilkshire
base,17,Gold Prizm,false,10,Tim Cahill
base,18,Gold Prizm,false,10,Thibaut Courtois
base,19,Gold Prizm,false,10,Vincent Kompany
base,20,Gold Prizm,false,10,Axel Witsel
base,21,Gold Prizm,false,10,Eden Hazard
base,22,Gold Prizm,false,10,Marouane Fellaini
base,23,Gold Prizm,false,10,Asmir Begovic
base,24,Gold Prizm,false,10,Emir Spahic
base,25,Gold Prizm,false,10,Miralem Pjanic
base,26,Gold Prizm,false,10,Edin Dzeko
base,27,Gold Prizm,false,10,Jasper Cillessen
base,28,Gold Prizm,false,10,Bruno Martins Indi
base,29,Gold Prizm,false,10,Arjen Robben
base,30,Gold Prizm,false,10,Kevin Strootman
base,31,Gold Prizm,false,10,Nigel de Jong
base,32,Gold Prizm,false,10,Rafael van der Vaart
base,33,Gold Prizm,false,10,Wesley Sneijder
base,34,Gold Prizm,false,10,Dirk Kuyt
base,35,Gold Prizm,false,10,Robin van Persie
base,36,Gold Prizm,false,10,Charles Itandje
base,37,Gold Prizm,false,10,Nicolas Nkoulou
base,38,Gold Prizm,false,10,Alexandre Song
base,39,Gold Prizm,false,10,Jean Makoun
base,40,Gold Prizm,false,10,Samuel Eto'o
base,41,Gold Prizm,false,10,Claudio Bravo
base,42,Gold Prizm,false,10,Mauricio Isla
base,43,Gold Prizm,false,10,Arturo Vidal
base,44,Gold Prizm,false,10,David Pizarro
base,45,Gold Prizm,false,10,Alexis Sanchez
base,46,Gold Prizm,false,10,Eduardo Vargas
base,47,Gold Prizm,false,10,David Ospina
base,48,Gold Prizm,false,10,Cristian Zapata
base,49,Gold Prizm,false,10,Camilo Zuniga
base,50,Gold Prizm,false,10,Mario Yepes
base,51,Gold Prizm,false,10,Juan Cuadrado
base,52,Gold Prizm,false,10,Fredy Guarin
base,53,Gold Prizm,false,10,Radamel Falcao
base,54,Gold Prizm,false,10,Jackson Martinez
base,55,Gold Prizm,false,10,Keylor Navas
base,56,Gold Prizm,false,10,Bryan Ruiz
base,57,Gold Prizm,false,10,Boubacar Barry
base,58,Gold Prizm,false,10,Didier Zokora
base,59,Gold Prizm,false,10,Yaya Toure
base,60,Gold Prizm,false,10,Didier Drogba
base,61,Gold Prizm,false,10,Salomon Kalou
base,62,Gold Prizm,false,10,Gervinho
base,63,Gold Prizm,false,10,Alexander Dominguez
base,64,Gold Prizm,false,10,Antonio Valencia
base,65,Gold Prizm,false,10,Walter Ayovi
base,66,Gold Prizm,false,10,Tim Howard
base,67,Gold Prizm,false,10,Jermaine Jones
base,68,Gold Prizm,false,10,Michael Bradley
base,69,Gold Prizm,false,10,Clint Dempsey
base,70,Gold Prizm,false,10,Landon Donovan
base,71,Gold Prizm,false,10,Jozy Altidore
base,72,Gold Prizm,false,10,Jung Sung-Ryong
base,73,Gold Prizm,false,10,Lee Chung-Yong
base,74,Gold Prizm,false,10,Park Chu-Young
base,75,Gold Prizm,false,10,Hugo Lloris
base,76,Gold Prizm,false,10,Eric Abidal
base,77,Gold Prizm,false,10,Patrice Evra
base,78,Gold Prizm,false,10,Raphael Varane
base,79,Gold Prizm,false,10,Paul Pogba
base,80,Gold Prizm,false,10,Blaise Matuidi
base,81,Gold Prizm,false,10,Franck Ribery
base,82,Gold Prizm,false,10,Karim Benzema
base,83,Gold Prizm,false,10,Manuel Neuer
base,84,Gold Prizm,false,10,Mats Hummels
base,85,Gold Prizm,false,10,Per Mertesacker
base,86,Gold Prizm,false,10,Philipp Lahm
base,87,Gold Prizm,false,10,Sami Khedira
base,88,Gold Prizm,false,10,Mesut Ozil
base,89,Gold Prizm,false,10,Mario Gotze
base,90,Gold Prizm,false,10,Bastian Schweinsteiger
base,91,Gold Prizm,false,10,Marco Reus
base,92,Gold Prizm,false,10,Lukas Podolski
base,93,Gold Prizm,false,10,Thomas Muller
base,94,Gold Prizm,false,10,Fatau Dauda
base,95,Gold Prizm,false,10,Michael Essien
base,96,Gold Prizm,false,10,Sulley Muntari
base,97,Gold Prizm,false,10,Kevin-Prince Boateng
base,98,Gold Prizm,false,10,Asamoah Gyan
base,99,Gold Prizm,false,10,Orestis Karnezis
base,100,Gold Prizm,false,10,Sokratis Papastathopoulos
base,101,Gold Prizm,false,10,Giorgos Karagounis
base,102,Gold Prizm,false,10,Kostas Mitroglou
base,103,Gold Prizm,false,10,Giorgos Samaras
base,104,Gold Prizm,false,10,Julio Cesar
base,105,Gold Prizm,false,10,Dani Alves
base,106,Gold Prizm,false,10,David Luiz
base,107,Gold Prizm,false,10,Marcelo
base,108,Gold Prizm,false,10,Thiago Silva
base,109,Gold Prizm,false,10,Oscar
base,110,Gold Prizm,false,10,Paulinho
base,111,Gold Prizm,false,10,Hulk
base,112,Gold Prizm,false,10,Neymar Jr.
base,113,Gold Prizm,false,10,Noel Valladares
base,114,Gold Prizm,false,10,Maynor Figueroa
base,115,Gold Prizm,false,10,Carlo Costly
base,116,Gold Prizm,false,10,Stipe Pletikosa
base,117,Gold Prizm,false,10,Darijo Srna
base,118,Gold Prizm,false,10,Luka Modric
base,119,Gold Prizm,false,10,Eduardo da Silva
base,120,Gold Prizm,false,10,Mario Mandzukic
base,121,Gold Prizm,false,10,Rahman Ahmadi
base,122,Gold Prizm,false,10,Javad Nekounam
base,123,Gold Prizm,false,10,Gianluigi Buffon
base,124,Gold Prizm,false,10,Leonardo Bonucci
base,125,Gold Prizm,false,10,Giorgio Chiellini
base,126,Gold Prizm,false,10,Thiago Motta
base,127,Gold Prizm,false,10,Daniele De Rossi
base,128,Gold Prizm,false,10,Andrea Pirlo
base,129,Gold Prizm,false,10,Riccardo Montolivo
base,130,Gold Prizm,false,10,Claudio Marchisio
base,131,Gold Prizm,false,10,Giuseppe Rossi
base,132,Gold Prizm,false,10,Mario Balotelli
base,133,Gold Prizm,false,10,Pablo Osvaldo
base,134,Gold Prizm,false,10,Joe Hart
base,135,Gold Prizm,false,10,Ashley Cole
base,136,Gold Prizm,false,10,Frank Lampard
base,137,Gold Prizm,false,10,Jack Wilshere
base,138,Gold Prizm,false,10,Michael Carrick
base,139,Gold Prizm,false,10,Steven Gerrard
base,140,Gold Prizm,false,10,Daniel Sturridge
base,141,Gold Prizm,false,10,Danny Welbeck
base,142,Gold Prizm,false,10,Wayne Rooney
base,143,Gold Prizm,false,10,Guillermo Ochoa
base,144,Gold Prizm,false,10,Miguel Layun
base,145,Gold Prizm,false,10,Rafael Marquez
base,146,Gold Prizm,false,10,Andres Guardado
base,147,Gold Prizm,false,10,Giovani Dos Santos
base,148,Gold Prizm,false,10,Javier Hernandez
base,149,Gold Prizm,false,10,Oribe Peralta
base,150,Gold Prizm,false,10,Vincent Enyeama
base,151,Gold Prizm,false,10,Victor Moses
base,152,Gold Prizm,false,10,John Obi Mikel
base,153,Gold Prizm,false,10,Emmanuel Emenike
base,154,Gold Prizm,false,10,Ahmed Musa
base,155,Gold Prizm,false,10,Rui Patricio
base,156,Gold Prizm,false,10,Pepe
base,157,Gold Prizm,false,10,Fabio Coentrao
base,158,Gold Prizm,false,10,Joao Moutinho
base,159,Gold Prizm,false,10,Nani
base,160,Gold Prizm,false,10,Helder Postiga
base,161,Gold Prizm,false,10,Cristiano Ronaldo
base,162,Gold Prizm,false,10,Igor Akinfeev
base,163,Gold Prizm,false,10,Dmitri Kombarov
base,164,Gold Prizm,false,10,Sergei Ignashevich
base,165,Gold Prizm,false,10,Roman Shirokov
base,166,Gold Prizm,false,10,Igor Denisov
base,167,Gold Prizm,false,10,Alan Dzagoev
base,168,Gold Prizm,false,10,Aleksandr Kerzhakov
base,169,Gold Prizm,false,10,Aleksandr Kokorin
base,170,Gold Prizm,false,10,Iker Casillas
base,171,Gold Prizm,false,10,Gerard Pique
base,172,Gold Prizm,false,10,Sergio Ramos
base,173,Gold Prizm,false,10,Xabi Alonso
base,174,Gold Prizm,false,10,Sergio Busquets
base,175,Gold Prizm,false,10,David Silva
base,176,Gold Prizm,false,10,Cesc Fabregas
base,177,Gold Prizm,false,10,Andres Iniesta
base,178,Gold Prizm,false,10,David Villa
base,179,Gold Prizm,false,10,Pedro Rodriguez
base,180,Gold Prizm,false,10,Xavi Hernandez
base,181,Gold Prizm,false,10,Diego Benaglio
base,182,Gold Prizm,false,10,Stephan Lichtsteiner
base,183,Gold Prizm,false,10,Blerim Dzemaili
base,184,Gold Prizm,false,10,Gokhan Inler
base,185,Gold Prizm,false,10,Tranquillo Barnetta
base,186,Gold Prizm,false,10,Xherdan Shaqiri
base,187,Gold Prizm,false,10,Valon Behrami
base,188,Gold Prizm,false,10,Haris Seferovic
base,189,Gold Prizm,false,10,Fernando Muslera
base,190,Gold Prizm,false,10,Martin Caceres
base,191,Gold Prizm,false,10,Diego Lugano
base,192,Gold Prizm,false,10,Diego Forlan
base,193,Gold Prizm,false,10,Edinson Cavani
base,194,Gold Prizm,false,10,Luis Suarez
base,195,Gold Prizm,false,10,Atsuto Uchida
base,196,Gold Prizm,false,10,Yuto Nagatomo
base,197,Gold Prizm,false,10,Maya Yoshida
base,198,Gold Prizm,false,10,Yasuyuki Konno
base,199,Gold Prizm,false,10,Yasuhito Endo
base,200,Gold Prizm,false,10,Shinji Kagawa
base,201,Gold Prizm,false,10,Yoichiro Kakitani
base,1,Green Crystal Prizm,false,25,Rais M'Bolhi
base,2,Green Crystal Prizm,false,25,Madjid Bougherra
base,3,Green Crystal Prizm,false,25,Sofiane Feghouli
base,4,Green Crystal Prizm,false,25,Sergio Romero
base,5,Green Crystal Prizm,false,25,Ezequiel Garay
base,6,Green Crystal Prizm,false,25,Hugo Campagnaro
base,7,Green Crystal Prizm,false,25,Pablo Zabaleta
base,8,Green Crystal Prizm,false,25,Javier Mascherano
base,9,Green Crystal Prizm,false,25,Angel Di Maria
base,10,Green Crystal Prizm,false,25,Ezequiel Lavezzi
base,11,Green Crystal Prizm,false,25,Gonzalo Higuain
base,12,Green Crystal Prizm,false,25,Lionel Messi
base,13,Green Crystal Prizm,false,25,Sergio Aguero
base,14,Green Crystal Prizm,false,25,Mathew Ryan
base,15,Green Crystal Prizm,false,25,Lucas Neill
base,16,Green Crystal Prizm,false,25,Luke Wilkshire
base,17,Green Crystal Prizm,false,25,Tim Cahill
base,18,Green Crystal Prizm,false,25,Thibaut Courtois
base,19,Green Crystal Prizm,false,25,Vincent Kompany
base,20,Green Crystal Prizm,false,25,Axel Witsel
base,21,Green Crystal Prizm,false,25,Eden Hazard
base,22,Green Crystal Prizm,false,25,Marouane Fellaini
base,23,Green Crystal Prizm,false,25,Asmir Begovic
base,24,Green Crystal Prizm,false,25,Emir Spahic
base,25,Green Crystal Prizm,false,25,Miralem Pjanic
base,26,Green Crystal Prizm,false,25,Edin Dzeko
base,27,Green Crystal Prizm,false,25,Jasper Cillessen
base,28,Green Crystal Prizm,false,25,Bruno Martins Indi
base,29,Green Crystal Prizm,false,25,Arjen Robben
base,30,Green Crystal Prizm,false,25,Kevin Strootman
base,31,Green Crystal Prizm,false,25,Nigel de Jong
base,32,Green Crystal Prizm,false,25,Rafael van der Vaart
base,33,Green Crystal Prizm,false,25,Wesley Sneijder
base,34,Green Crystal Prizm,false,25,Dirk Kuyt
base,35,Green Crystal Prizm,false,25,Robin van Persie
base,36,Green Crystal Prizm,false,25,Charles Itandje
base,37,Green Crystal Prizm,false,25,Nicolas Nkoulou
base,38,Green Crystal Prizm,false,25,Alexandre Song
base,39,Green Crystal Prizm,false,25,Jean Makoun
base,40,Green Crystal Prizm,false,25,Samuel Eto'o
base,41,Green Crystal Prizm,false,25,Claudio Bravo
base,42,Green Crystal Prizm,false,25,Mauricio Isla
base,43,Green Crystal Prizm,false,25,Arturo Vidal
base,44,Green Crystal Prizm,false,25,David Pizarro
base,45,Green Crystal Prizm,false,25,Alexis Sanchez
base,46,Green Crystal Prizm,false,25,Eduardo Vargas
base,47,Green Crystal Prizm,false,25,David Ospina
base,48,Green Crystal Prizm,false,25,Cristian Zapata
base,49,Green Crystal Prizm,false,25,Camilo Zuniga
base,50,Green Crystal Prizm,false,25,Mario Yepes
base,51,Green Crystal Prizm,false,25,Juan Cuadrado
base,52,Green Crystal Prizm,false,25,Fredy Guarin
base,53,Green Crystal Prizm,false,25,Radamel Falcao
base,54,Green Crystal Prizm,false,25,Jackson Martinez
base,55,Green Crystal Prizm,false,25,Keylor Navas
base,56,Green Crystal Prizm,false,25,Bryan Ruiz
base,57,Green Crystal Prizm,false,25,Boubacar Barry
base,58,Green Crystal Prizm,false,25,Didier Zokora
base,59,Green Crystal Prizm,false,25,Yaya Toure
base,60,Green Crystal Prizm,false,25,Didier Drogba
base,61,Green Crystal Prizm,false,25,Salomon Kalou
base,62,Green Crystal Prizm,false,25,Gervinho
base,63,Green Crystal Prizm,false,25,Alexander Dominguez
base,64,Green Crystal Prizm,false,25,Antonio Valencia
base,65,Green Crystal Prizm,false,25,Walter Ayovi
base,66,Green Crystal Prizm,false,25,Tim Howard
base,67,Green Crystal Prizm,false,25,Jermaine Jones
base,68,Green Crystal Prizm,false,25,Michael Bradley
base,69,Green Crystal Prizm,false,25,Clint Dempsey
base,70,Green Crystal Prizm,false,25,Landon Donovan
base,71,Green Crystal Prizm,false,25,Jozy Altidore
base,72,Green Crystal Prizm,false,25,Jung Sung-Ryong
base,73,Green Crystal Prizm,false,25,Lee Chung-Yong
base,74,Green Crystal Prizm,false,25,Park Chu-Young
base,75,Green Crystal Prizm,false,25,Hugo Lloris
base,76,Green Crystal Prizm,false,25,Eric Abidal
base,77,Green Crystal Prizm,false,25,Patrice Evra
base,78,Green Crystal Prizm,false,25,Raphael Varane
base,79,Green Crystal Prizm,false,25,Paul Pogba
base,80,Green Crystal Prizm,false,25,Blaise Matuidi
base,81,Green Crystal Prizm,false,25,Franck Ribery
base,82,Green Crystal Prizm,false,25,Karim Benzema
base,83,Green Crystal Prizm,false,25,Manuel Neuer
base,84,Green Crystal Prizm,false,25,Mats Hummels
base,85,Green Crystal Prizm,false,25,Per Mertesacker
base,86,Green Crystal Prizm,false,25,Philipp Lahm
base,87,Green Crystal Prizm,false,25,Sami Khedira
base,88,Green Crystal Prizm,false,25,Mesut Ozil
base,89,Green Crystal Prizm,false,25,Mario Gotze
base,90,Green Crystal Prizm,false,25,Bastian Schweinsteiger
base,91,Green Crystal Prizm,false,25,Marco Reus
base,92,Green Crystal Prizm,false,25,Lukas Podolski
base,93,Green Crystal Prizm,false,25,Thomas Muller
base,94,Green Crystal Prizm,false,25,Fatau Dauda
base,95,Green Crystal Prizm,false,25,Michael Essien
base,96,Green Crystal Prizm,false,25,Sulley Muntari
base,97,Green Crystal Prizm,false,25,Kevin-Prince Boateng
base,98,Green Crystal Prizm,false,25,Asamoah Gyan
base,99,Green Crystal Prizm,false,25,Orestis Karnezis
base,100,Green Crystal Prizm,false,25,Sokratis Papastathopoulos
base,101,Green Crystal Prizm,false,25,Giorgos Karagounis
base,102,Green Crystal Prizm,false,25,Kostas Mitroglou
base,103,Green Crystal Prizm,false,25,Giorgos Samaras
base,104,Green Crystal Prizm,false,25,Julio Cesar
base,105,Green Crystal Prizm,false,25,Dani Alves
base,106,Green Crystal Prizm,false,25,David Luiz
base,107,Green Crystal Prizm,false,25,Marcelo
base,108,Green Crystal Prizm,false,25,Thiago Silva
base,109,Green Crystal Prizm,false,25,Oscar
base,110,Green Crystal Prizm,false,25,Paulinho
base,111,Green Crystal Prizm,false,25,Hulk
base,112,Green Crystal Prizm,false,25,Neymar Jr.
base,113,Green Crystal Prizm,false,25,Noel Valladares
base,114,Green Crystal Prizm,false,25,Maynor Figueroa
base,115,Green Crystal Prizm,false,25,Carlo Costly
base,116,Green Crystal Prizm,false,25,Stipe Pletikosa
base,117,Green Crystal Prizm,false,25,Darijo Srna
base,118,Green Crystal Prizm,false,25,Luka Modric
base,119,Green Crystal Prizm,false,25,Eduardo da Silva
base,120,Green Crystal Prizm,false,25,Mario Mandzukic
base,121,Green Crystal Prizm,false,25,Rahman Ahmadi
base,122,Green Crystal Prizm,false,25,Javad Nekounam
base,123,Green Crystal Prizm,false,25,Gianluigi Buffon
base,124,Green Crystal Prizm,false,25,Leonardo Bonucci
base,125,Green Crystal Prizm,false,25,Giorgio Chiellini
base,126,Green Crystal Prizm,false,25,Thiago Motta
base,127,Green Crystal Prizm,false,25,Daniele De Rossi
base,128,Green Crystal Prizm,false,25,Andrea Pirlo
base,129,Green Crystal Prizm,false,25,Riccardo Montolivo
base,130,Green Crystal Prizm,false,25,Claudio Marchisio
base,131,Green Crystal Prizm,false,25,Giuseppe Rossi
base,132,Green Crystal Prizm,false,25,Mario Balotelli
base,133,Green Crystal Prizm,false,25,Pablo Osvaldo
base,134,Green Crystal Prizm,false,25,Joe Hart
base,135,Green Crystal Prizm,false,25,Ashley Cole
base,136,Green Crystal Prizm,false,25,Frank Lampard
base,137,Green Crystal Prizm,false,25,Jack Wilshere
base,138,Green Crystal Prizm,false,25,Michael Carrick
base,139,Green Crystal Prizm,false,25,Steven Gerrard
base,140,Green Crystal Prizm,false,25,Daniel Sturridge
base,141,Green Crystal Prizm,false,25,Danny Welbeck
base,142,Green Crystal Prizm,false,25,Wayne Rooney
base,143,Green Crystal Prizm,false,25,Guillermo Ochoa
base,144,Green Crystal Prizm,false,25,Miguel Layun
base,145,Green Crystal Prizm,false,25,Rafael Marquez
base,146,Green Crystal Prizm,false,25,Andres Guardado
base,147,Green Crystal Prizm,false,25,Giovani Dos Santos
base,148,Green Crystal Prizm,false,25,Javier Hernandez
base,149,Green Crystal Prizm,false,25,Oribe Peralta
base,150,Green Crystal Prizm,false,25,Vincent Enyeama
base,151,Green Crystal Prizm,false,25,Victor Moses
base,152,Green Crystal Prizm,false,25,John Obi Mikel
base,153,Green Crystal Prizm,false,25,Emmanuel Emenike
base,154,Green Crystal Prizm,false,25,Ahmed Musa
base,155,Green Crystal Prizm,false,25,Rui Patricio
base,156,Green Crystal Prizm,false,25,Pepe
base,157,Green Crystal Prizm,false,25,Fabio Coentrao
base,158,Green Crystal Prizm,false,25,Joao Moutinho
base,159,Green Crystal Prizm,false,25,Nani
base,160,Green Crystal Prizm,false,25,Helder Postiga
base,161,Green Crystal Prizm,false,25,Cristiano Ronaldo
base,162,Green Crystal Prizm,false,25,Igor Akinfeev
base,163,Green Crystal Prizm,false,25,Dmitri Kombarov
base,164,Green Crystal Prizm,false,25,Sergei Ignashevich
base,165,Green Crystal Prizm,false,25,Roman Shirokov
base,166,Green Crystal Prizm,false,25,Igor Denisov
base,167,Green Crystal Prizm,false,25,Alan Dzagoev
base,168,Green Crystal Prizm,false,25,Aleksandr Kerzhakov
base,169,Green Crystal Prizm,false,25,Aleksandr Kokorin
base,170,Green Crystal Prizm,false,25,Iker Casillas
base,171,Green Crystal Prizm,false,25,Gerard Pique
base,172,Green Crystal Prizm,false,25,Sergio Ramos
base,173,Green Crystal Prizm,false,25,Xabi Alonso
base,174,Green Crystal Prizm,false,25,Sergio Busquets
base,175,Green Crystal Prizm,false,25,David Silva
base,176,Green Crystal Prizm,false,25,Cesc Fabregas
base,177,Green Crystal Prizm,false,25,Andres Iniesta
base,178,Green Crystal Prizm,false,25,David Villa
base,179,Green Crystal Prizm,false,25,Pedro Rodriguez
base,180,Green Crystal Prizm,false,25,Xavi Hernandez
base,181,Green Crystal Prizm,false,25,Diego Benaglio
base,182,Green Crystal Prizm,false,25,Stephan Lichtsteiner
base,183,Green Crystal Prizm,false,25,Blerim Dzemaili
base,184,Green Crystal Prizm,false,25,Gokhan Inler
base,185,Green Crystal Prizm,false,25,Tranquillo Barnetta
base,186,Green Crystal Prizm,false,25,Xherdan Shaqiri
base,187,Green Crystal Prizm,false,25,Valon Behrami
base,188,Green Crystal Prizm,false,25,Haris Seferovic
base,189,Green Crystal Prizm,false,25,Fernando Muslera
base,190,Green Crystal Prizm,false,25,Martin Caceres
base,191,Green Crystal Prizm,false,25,Diego Lugano
base,192,Green Crystal Prizm,false,25,Diego Forlan
base,193,Green Crystal Prizm,false,25,Edinson Cavani
base,194,Green Crystal Prizm,false,25,Luis Suarez
base,195,Green Crystal Prizm,false,25,Atsuto Uchida
base,196,Green Crystal Prizm,false,25,Yuto Nagatomo
base,197,Green Crystal Prizm,false,25,Maya Yoshida
base,198,Green Crystal Prizm,false,25,Yasuyuki Konno
base,199,Green Crystal Prizm,false,25,Yasuhito Endo
base,200,Green Crystal Prizm,false,25,Shinji Kagawa
base,201,Green Crystal Prizm,false,25,Yoichiro Kakitani
base,1,Prizm,false,,Rais M'Bolhi
base,2,Prizm,false,,Madjid Bougherra
base,3,Prizm,false,,Sofiane Feghouli
base,4,Prizm,false,,Sergio Romero
base,5,Prizm,false,,Ezequiel Garay
base,6,Prizm,false,,Hugo Campagnaro
base,7,Prizm,false,,Pablo Zabaleta
base,8,Prizm,false,,Javier Mascherano
base,9,Prizm,false,,Angel Di Maria
base,10,Prizm,false,,Ezequiel Lavezzi
base,11,Prizm,false,,Gonzalo Higuain
base,12,Prizm,false,,Lionel Messi
base,13,Prizm,false,,Sergio Aguero
base,14,Prizm,false,,Mathew Ryan
base,15,Prizm,false,,Lucas Neill
base,16,Prizm,false,,Luke Wilkshire
base,17,Prizm,false,,Tim Cahill
base,18,Prizm,false,,Thibaut Courtois
base,19,Prizm,false,,Vincent Kompany
base,20,Prizm,false,,Axel Witsel
base,21,Prizm,false,,Eden Hazard
base,22,Prizm,false,,Marouane Fellaini
base,23,Prizm,false,,Asmir Begovic
base,24,Prizm,false,,Emir Spahic
base,25,Prizm,false,,Miralem Pjanic
base,26,Prizm,false,,Edin Dzeko
base,27,Prizm,false,,Jasper Cillessen
base,28,Prizm,false,,Bruno Martins Indi
base,29,Prizm,false,,Arjen Robben
base,30,Prizm,false,,Kevin Strootman
base,31,Prizm,false,,Nigel de Jong
base,32,Prizm,false,,Rafael van der Vaart
base,33,Prizm,false,,Wesley Sneijder
base,34,Prizm,false,,Dirk Kuyt
base,35,Prizm,false,,Robin van Persie
base,36,Prizm,false,,Charles Itandje
base,37,Prizm,false,,Nicolas Nkoulou
base,38,Prizm,false,,Alexandre Song
base,39,Prizm,false,,Jean Makoun
base,40,Prizm,false,,Samuel Eto'o
base,41,Prizm,false,,Claudio Bravo
base,42,Prizm,false,,Mauricio Isla
base,43,Prizm,false,,Arturo Vidal
base,44,Prizm,false,,David Pizarro
base,45,Prizm,false,,Alexis Sanchez
base,46,Prizm,false,,Eduardo Vargas
base,47,Prizm,false,,David Ospina
base,48,Prizm,false,,Cristian Zapata
base,49,Prizm,false,,Camilo Zuniga
base,50,Prizm,false,,Mario Yepes
base,51,Prizm,false,,Juan Cuadrado
base,52,Prizm,false,,Fredy Guarin
base,53,Prizm,false,,Radamel Falcao
base,54,Prizm,false,,Jackson Martinez
base,55,Prizm,false,,Keylor Navas
base,56,Prizm,false,,Bryan Ruiz
base,57,Prizm,false,,Boubacar Barry
base,58,Prizm,false,,Didier Zokora
base,59,Prizm,false,,Yaya Toure
base,60,Prizm,false,,Didier Drogba
base,61,Prizm,false,,Salomon Kalou
base,62,Prizm,false,,Gervinho
base,63,Prizm,false,,Alexander Dominguez
base,64,Prizm,false,,Antonio Valencia
base,65,Prizm,false,,Walter Ayovi
base,66,Prizm,false,,Tim Howard
base,67,Prizm,false,,Jermaine Jones
base,68,Prizm,false,,Michael Bradley
base,69,Prizm,false,,Clint Dempsey
base,70,Prizm,false,,Landon Donovan
base,71,Prizm,false,,Jozy Altidore
base,72,Prizm,false,,Jung Sung-Ryong
base,73,Prizm,false,,Lee Chung-Yong
base,74,Prizm,false,,Park Chu-Young
base,75,Prizm,false,,Hugo Lloris
base,76,Prizm,false,,Eric Abidal
base,77,Prizm,false,,Patrice Evra
base,78,Prizm,false,,Raphael Varane
base,79,Prizm,false,,Paul Pogba
base,80,Prizm,false,,Blaise Matuidi
base,81,Prizm,false,,Franck Ribery
base,82,Prizm,false,,Karim Benzema
base,83,Prizm,false,,Manuel Neuer
base,84,Prizm,false,,Mats Hummels
base,85,Prizm,false,,Per Mertesacker
base,86,Prizm,false,,Philipp Lahm
base,87,Prizm,false,,Sami Khedira
base,88,Prizm,false,,Mesut Ozil
base,89,Prizm,false,,Mario Gotze
base,90,Prizm,false,,Bastian Schweinsteiger
base,91,Prizm,false,,Marco Reus
base,92,Prizm,false,,Lukas Podolski
base,93,Prizm,false,,Thomas Muller
base,94,Prizm,false,,Fatau Dauda
base,95,Prizm,false,,Michael Essien
base,96,Prizm,false,,Sulley Muntari
base,97,Prizm,false,,Kevin-Prince Boateng
base,98,Prizm,false,,Asamoah Gyan
base,99,Prizm,false,,Orestis Karnezis
base,100,Prizm,false,,Sokratis Papastathopoulos
base,101,Prizm,false,,Giorgos Karagounis
base,102,Prizm,false,,Kostas Mitroglou
base,103,Prizm,false,,Giorgos Samaras
base,104,Prizm,false,,Julio Cesar
base,105,Prizm,false,,Dani Alves
base,106,Prizm,false,,David Luiz
base,107,Prizm,false,,Marcelo
base,108,Prizm,false,,Thiago Silva
base,109,Prizm,false,,Oscar
base,110,Prizm,false,,Paulinho
base,111,Prizm,false,,Hulk
base,112,Prizm,false,,Neymar Jr.
base,113,Prizm,false,,Noel Valladares
base,114,Prizm,false,,Maynor Figueroa
base,115,Prizm,false,,Carlo Costly
base,116,Prizm,false,,Stipe Pletikosa
base,117,Prizm,false,,Darijo Srna
base,118,Prizm,false,,Luka Modric
base,119,Prizm,false,,Eduardo da Silva
base,120,Prizm,false,,Mario Mandzukic
base,121,Prizm,false,,Rahman Ahmadi
base,122,Prizm,false,,Javad Nekounam
base,123,Prizm,false,,Gianluigi Buffon
base,124,Prizm,false,,Leonardo Bonucci
base,125,Prizm,false,,Giorgio Chiellini
base,126,Prizm,false,,Thiago Motta
base,127,Prizm,false,,Daniele De Rossi
base,128,Prizm,false,,Andrea Pirlo
base,129,Prizm,false,,Riccardo Montolivo
base,130,Prizm,false,,Claudio Marchisio
base,131,Prizm,false,,Giuseppe Rossi
base,132,Prizm,false,,Mario Balotelli
base,133,Prizm,false,,Pablo Osvaldo
base,134,Prizm,false,,Joe Hart
base,135,Prizm,false,,Ashley Cole
base,136,Prizm,false,,Frank Lampard
base,137,Prizm,false,,Jack Wilshere
base,138,Prizm,false,,Michael Carrick
base,139,Prizm,false,,Steven Gerrard
base,140,Prizm,false,,Daniel Sturridge
base,141,Prizm,false,,Danny Welbeck
base,142,Prizm,false,,Wayne Rooney
base,143,Prizm,false,,Guillermo Ochoa
base,144,Prizm,false,,Miguel Layun
base,145,Prizm,false,,Rafael Marquez
base,146,Prizm,false,,Andres Guardado
base,147,Prizm,false,,Giovani Dos Santos
base,148,Prizm,false,,Javier Hernandez
base,149,Prizm,false,,Oribe Peralta
base,150,Prizm,false,,Vincent Enyeama
base,151,Prizm,false,,Victor Moses
base,152,Prizm,false,,John Obi Mikel
base,153,Prizm,false,,Emmanuel Emenike
base,154,Prizm,false,,Ahmed Musa
base,155,Prizm,false,,Rui Patricio
base,156,Prizm,false,,Pepe
base,157,Prizm,false,,Fabio Coentrao
base,158,Prizm,false,,Joao Moutinho
base,159,Prizm,false,,Nani
base,160,Prizm,false,,Helder Postiga
base,161,Prizm,false,,Cristiano Ronaldo
base,162,Prizm,false,,Igor Akinfeev
base,163,Prizm,false,,Dmitri Kombarov
base,164,Prizm,false,,Sergei Ignashevich
base,165,Prizm,false,,Roman Shirokov
base,166,Prizm,false,,Igor Denisov
base,167,Prizm,false,,Alan Dzagoev
base,168,Prizm,false,,Aleksandr Kerzhakov
base,169,Prizm,false,,Aleksandr Kokorin
base,170,Prizm,false,,Iker Casillas
base,171,Prizm,false,,Gerard Pique
base,172,Prizm,false,,Sergio Ramos
base,173,Prizm,false,,Xabi Alonso
base,174,Prizm,false,,Sergio Busquets
base,175,Prizm,false,,David Silva
base,176,Prizm,false,,Cesc Fabregas
base,177,Prizm,false,,Andres Iniesta
base,178,Prizm,false,,David Villa
base,179,Prizm,false,,Pedro Rodriguez
base,180,Prizm,false,,Xavi Hernandez
base,181,Prizm,false,,Diego Benaglio
base,182,Prizm,false,,Stephan Lichtsteiner
base,183,Prizm,false,,Blerim Dzemaili
base,184,Prizm,false,,Gokhan Inler
base,185,Prizm,false,,Tranquillo Barnetta
base,186,Prizm,false,,Xherdan Shaqiri
base,187,Prizm,false,,Valon Behrami
base,188,Prizm,false,,Haris Seferovic
base,189,Prizm,false,,Fernando Muslera
base,190,Prizm,false,,Martin Caceres
base,191,Prizm,false,,Diego Lugano
base,192,Prizm,false,,Diego Forlan
base,193,Prizm,false,,Edinson Cavani
base,194,Prizm,false,,Luis Suarez
base,195,Prizm,false,,Atsuto Uchida
base,196,Prizm,false,,Yuto Nagatomo
base,197,Prizm,false,,Maya Yoshida
base,198,Prizm,false,,Yasuyuki Konno
base,199,Prizm,false,,Yasuhito Endo
base,200,Prizm,false,,Shinji Kagawa
base,201,Prizm,false,,Yoichiro Kakitani
base,1,Purple Prizm,false,99,Rais M'Bolhi
base,2,Purple Prizm,false,99,Madjid Bougherra
base,3,Purple Prizm,false,99,Sofiane Feghouli
base,4,Purple Prizm,false,99,Sergio Romero
base,5,Purple Prizm,false,99,Ezequiel Garay
base,6,Purple Prizm,false,99,Hugo Campagnaro
base,7,Purple Prizm,false,99,Pablo Zabaleta
base,8,Purple Prizm,false,99,Javier Mascherano
base,9,Purple Prizm,false,99,Angel Di Maria
base,10,Purple Prizm,false,99,Ezequiel Lavezzi
base,11,Purple Prizm,false,99,Gonzalo Higuain
base,12,Purple Prizm,false,99,Lionel Messi
base,13,Purple Prizm,false,99,Sergio Aguero
base,14,Purple Prizm,false,99,Mathew Ryan
base,15,Purple Prizm,false,99,Lucas Neill
base,16,Purple Prizm,false,99,Luke Wilkshire
base,17,Purple Prizm,false,99,Tim Cahill
base,18,Purple Prizm,false,99,Thibaut Courtois
base,19,Purple Prizm,false,99,Vincent Kompany
base,20,Purple Prizm,false,99,Axel Witsel
base,21,Purple Prizm,false,99,Eden Hazard
base,22,Purple Prizm,false,99,Marouane Fellaini
base,23,Purple Prizm,false,99,Asmir Begovic
base,24,Purple Prizm,false,99,Emir Spahic
base,25,Purple Prizm,false,99,Miralem Pjanic
base,26,Purple Prizm,false,99,Edin Dzeko
base,27,Purple Prizm,false,99,Jasper Cillessen
base,28,Purple Prizm,false,99,Bruno Martins Indi
base,29,Purple Prizm,false,99,Arjen Robben
base,30,Purple Prizm,false,99,Kevin Strootman
base,31,Purple Prizm,false,99,Nigel de Jong
base,32,Purple Prizm,false,99,Rafael van der Vaart
base,33,Purple Prizm,false,99,Wesley Sneijder
base,34,Purple Prizm,false,99,Dirk Kuyt
base,35,Purple Prizm,false,99,Robin van Persie
base,36,Purple Prizm,false,99,Charles Itandje
base,37,Purple Prizm,false,99,Nicolas Nkoulou
base,38,Purple Prizm,false,99,Alexandre Song
base,39,Purple Prizm,false,99,Jean Makoun
base,40,Purple Prizm,false,99,Samuel Eto'o
base,41,Purple Prizm,false,99,Claudio Bravo
base,42,Purple Prizm,false,99,Mauricio Isla
base,43,Purple Prizm,false,99,Arturo Vidal
base,44,Purple Prizm,false,99,David Pizarro
base,45,Purple Prizm,false,99,Alexis Sanchez
base,46,Purple Prizm,false,99,Eduardo Vargas
base,47,Purple Prizm,false,99,David Ospina
base,48,Purple Prizm,false,99,Cristian Zapata
base,49,Purple Prizm,false,99,Camilo Zuniga
base,50,Purple Prizm,false,99,Mario Yepes
base,51,Purple Prizm,false,99,Juan Cuadrado
base,52,Purple Prizm,false,99,Fredy Guarin
base,53,Purple Prizm,false,99,Radamel Falcao
base,54,Purple Prizm,false,99,Jackson Martinez
base,55,Purple Prizm,false,99,Keylor Navas
base,56,Purple Prizm,false,99,Bryan Ruiz
base,57,Purple Prizm,false,99,Boubacar Barry
base,58,Purple Prizm,false,99,Didier Zokora
base,59,Purple Prizm,false,99,Yaya Toure
base,60,Purple Prizm,false,99,Didier Drogba
base,61,Purple Prizm,false,99,Salomon Kalou
base,62,Purple Prizm,false,99,Gervinho
base,63,Purple Prizm,false,99,Alexander Dominguez
base,64,Purple Prizm,false,99,Antonio Valencia
base,65,Purple Prizm,false,99,Walter Ayovi
base,66,Purple Prizm,false,99,Tim Howard
base,67,Purple Prizm,false,99,Jermaine Jones
base,68,Purple Prizm,false,99,Michael Bradley
base,69,Purple Prizm,false,99,Clint Dempsey
base,70,Purple Prizm,false,99,Landon Donovan
base,71,Purple Prizm,false,99,Jozy Altidore
base,72,Purple Prizm,false,99,Jung Sung-Ryong
base,73,Purple Prizm,false,99,Lee Chung-Yong
base,74,Purple Prizm,false,99,Park Chu-Young
base,75,Purple Prizm,false,99,Hugo Lloris
base,76,Purple Prizm,false,99,Eric Abidal
base,77,Purple Prizm,false,99,Patrice Evra
base,78,Purple Prizm,false,99,Raphael Varane
base,79,Purple Prizm,false,99,Paul Pogba
base,80,Purple Prizm,false,99,Blaise Matuidi
base,81,Purple Prizm,false,99,Franck Ribery
base,82,Purple Prizm,false,99,Karim Benzema
base,83,Purple Prizm,false,99,Manuel Neuer
base,84,Purple Prizm,false,99,Mats Hummels
base,85,Purple Prizm,false,99,Per Mertesacker
base,86,Purple Prizm,false,99,Philipp Lahm
base,87,Purple Prizm,false,99,Sami Khedira
base,88,Purple Prizm,false,99,Mesut Ozil
base,89,Purple Prizm,false,99,Mario Gotze
base,90,Purple Prizm,false,99,Bastian Schweinsteiger
base,91,Purple Prizm,false,99,Marco Reus
base,92,Purple Prizm,false,99,Lukas Podolski
base,93,Purple Prizm,false,99,Thomas Muller
base,94,Purple Prizm,false,99,Fatau Dauda
base,95,Purple Prizm,false,99,Michael Essien
base,96,Purple Prizm,false,99,Sulley Muntari
base,97,Purple Prizm,false,99,Kevin-Prince Boateng
base,98,Purple Prizm,false,99,Asamoah Gyan
base,99,Purple Prizm,false,99,Orestis Karnezis
base,100,Purple Prizm,false,99,Sokratis Papastathopoulos
base,101,Purple Prizm,false,99,Giorgos Karagounis
base,102,Purple Prizm,false,99,Kostas Mitroglou
base,103,Purple Prizm,false,99,Giorgos Samaras
base,104,Purple Prizm,false,99,Julio Cesar
base,105,Purple Prizm,false,99,Dani Alves
base,106,Purple Prizm,false,99,David Luiz
base,107,Purple Prizm,false,99,Marcelo
base,108,Purple Prizm,false,99,Thiago Silva
base,109,Purple Prizm,false,99,Oscar
base,110,Purple Prizm,false,99,Paulinho
base,111,Purple Prizm,false,99,Hulk
base,112,Purple Prizm,false,99,Neymar Jr.
base,113,Purple Prizm,false,99,Noel Valladares
base,114,Purple Prizm,false,99,Maynor Figueroa
base,115,Purple Prizm,false,99,Carlo Costly
base,116,Purple Prizm,false,99,Stipe Pletikosa
base,117,Purple Prizm,false,99,Darijo Srna
base,118,Purple Prizm,false,99,Luka Modric
base,119,Purple Prizm,false,99,Eduardo da Silva
base,120,Purple Prizm,false,99,Mario Mandzukic
base,121,Purple Prizm,false,99,Rahman Ahmadi
base,122,Purple Prizm,false,99,Javad Nekounam
base,123,Purple Prizm,false,99,Gianluigi Buffon
base,124,Purple Prizm,false,99,Leonardo Bonucci
base,125,Purple Prizm,false,99,Giorgio Chiellini
base,126,Purple Prizm,false,99,Thiago Motta
base,127,Purple Prizm,false,99,Daniele De Rossi
base,128,Purple Prizm,false,99,Andrea Pirlo
base,129,Purple Prizm,false,99,Riccardo Montolivo
base,130,Purple Prizm,false,99,Claudio Marchisio
base,131,Purple Prizm,false,99,Giuseppe Rossi
base,132,Purple Prizm,false,99,Mario Balotelli
base,133,Purple Prizm,false,99,Pablo Osvaldo
base,134,Purple Prizm,false,99,Joe Hart
base,135,Purple Prizm,false,99,Ashley Cole
base,136,Purple Prizm,false,99,Frank Lampard
base,137,Purple Prizm,false,99,Jack Wilshere
base,138,Purple Prizm,false,99,Michael Carrick
base,139,Purple Prizm,false,99,Steven Gerrard
base,140,Purple Prizm,false,99,Daniel Sturridge
base,141,Purple Prizm,false,99,Danny Welbeck
base,142,Purple Prizm,false,99,Wayne Rooney
base,143,Purple Prizm,false,99,Guillermo Ochoa
base,144,Purple Prizm,false,99,Miguel Layun
base,145,Purple Prizm,false,99,Rafael Marquez
base,146,Purple Prizm,false,99,Andres Guardado
base,147,Purple Prizm,false,99,Giovani Dos Santos
base,148,Purple Prizm,false,99,Javier Hernandez
base,149,Purple Prizm,false,99,Oribe Peralta
base,150,Purple Prizm,false,99,Vincent Enyeama
base,151,Purple Prizm,false,99,Victor Moses
base,152,Purple Prizm,false,99,John Obi Mikel
base,153,Purple Prizm,false,99,Emmanuel Emenike
base,154,Purple Prizm,false,99,Ahmed Musa
base,155,Purple Prizm,false,99,Rui Patricio
base,156,Purple Prizm,false,99,Pepe
base,157,Purple Prizm,false,99,Fabio Coentrao
base,158,Purple Prizm,false,99,Joao Moutinho
base,159,Purple Prizm,false,99,Nani
base,160,Purple Prizm,false,99,Helder Postiga
base,161,Purple Prizm,false,99,Cristiano Ronaldo
base,162,Purple Prizm,false,99,Igor Akinfeev
base,163,Purple Prizm,false,99,Dmitri Kombarov
base,164,Purple Prizm,false,99,Sergei Ignashevich
base,165,Purple Prizm,false,99,Roman Shirokov
base,166,Purple Prizm,false,99,Igor Denisov
base,167,Purple Prizm,false,99,Alan Dzagoev
base,168,Purple Prizm,false,99,Aleksandr Kerzhakov
base,169,Purple Prizm,false,99,Aleksandr Kokorin
base,170,Purple Prizm,false,99,Iker Casillas
base,171,Purple Prizm,false,99,Gerard Pique
base,172,Purple Prizm,false,99,Sergio Ramos
base,173,Purple Prizm,false,99,Xabi Alonso
base,174,Purple Prizm,false,99,Sergio Busquets
base,175,Purple Prizm,false,99,David Silva
base,176,Purple Prizm,false,99,Cesc Fabregas
base,177,Purple Prizm,false,99,Andres Iniesta
base,178,Purple Prizm,false,99,David Villa
base,179,Purple Prizm,false,99,Pedro Rodriguez
base,180,Purple Prizm,false,99,Xavi Hernandez
base,181,Purple Prizm,false,99,Diego Benaglio
base,182,Purple Prizm,false,99,Stephan Lichtsteiner
base,183,Purple Prizm,false,99,Blerim Dzemaili
base,184,Purple Prizm,false,99,Gokhan Inler
base,185,Purple Prizm,false,99,Tranquillo Barnetta
base,186,Purple Prizm,false,99,Xherdan Shaqiri
base,187,Purple Prizm,false,99,Valon Behrami
base,188,Purple Prizm,false,99,Haris Seferovic
base,189,Purple Prizm,false,99,Fernando Muslera
base,190,Purple Prizm,false,99,Martin Caceres
base,191,Purple Prizm,false,99,Diego Lugano
base,192,Purple Prizm,false,99,Diego Forlan
base,193,Purple Prizm,false,99,Edinson Cavani
base,194,Purple Prizm,false,99,Luis Suarez
base,195,Purple Prizm,false,99,Atsuto Uchida
base,196,Purple Prizm,false,99,Yuto Nagatomo
base,197,Purple Prizm,false,99,Maya Yoshida
base,198,Purple Prizm,false,99,Yasuyuki Konno
base,199,Purple Prizm,false,99,Yasuhito Endo
base,200,Purple Prizm,false,99,Shinji Kagawa
base,201,Purple Prizm,false,99,Yoichiro Kakitani
base,1,Red Prizm,false,149,Rais M'Bolhi
base,2,Red Prizm,false,149,Madjid Bougherra
base,3,Red Prizm,false,149,Sofiane Feghouli
base,4,Red Prizm,false,149,Sergio Romero
base,5,Red Prizm,false,149,Ezequiel Garay
base,6,Red Prizm,false,149,Hugo Campagnaro
base,7,Red Prizm,false,149,Pablo Zabaleta
base,8,Red Prizm,false,149,Javier Mascherano
base,9,Red Prizm,false,149,Angel Di Maria
base,10,Red Prizm,false,149,Ezequiel Lavezzi
base,11,Red Prizm,false,149,Gonzalo Higuain
base,12,Red Prizm,false,149,Lionel Messi
base,13,Red Prizm,false,149,Sergio Aguero
base,14,Red Prizm,false,149,Mathew Ryan
base,15,Red Prizm,false,149,Lucas Neill
base,16,Red Prizm,false,149,Luke Wilkshire
base,17,Red Prizm,false,149,Tim Cahill
base,18,Red Prizm,false,149,Thibaut Courtois
base,19,Red Prizm,false,149,Vincent Kompany
base,20,Red Prizm,false,149,Axel Witsel
base,21,Red Prizm,false,149,Eden Hazard
base,22,Red Prizm,false,149,Marouane Fellaini
base,23,Red Prizm,false,149,Asmir Begovic
base,24,Red Prizm,false,149,Emir Spahic
base,25,Red Prizm,false,149,Miralem Pjanic
base,26,Red Prizm,false,149,Edin Dzeko
base,27,Red Prizm,false,149,Jasper Cillessen
base,28,Red Prizm,false,149,Bruno Martins Indi
base,29,Red Prizm,false,149,Arjen Robben
base,30,Red Prizm,false,149,Kevin Strootman
base,31,Red Prizm,false,149,Nigel de Jong
base,32,Red Prizm,false,149,Rafael van der Vaart
base,33,Red Prizm,false,149,Wesley Sneijder
base,34,Red Prizm,false,149,Dirk Kuyt
base,35,Red Prizm,false,149,Robin van Persie
base,36,Red Prizm,false,149,Charles Itandje
base,37,Red Prizm,false,149,Nicolas Nkoulou
base,38,Red Prizm,false,149,Alexandre Song
base,39,Red Prizm,false,149,Jean Makoun
base,40,Red Prizm,false,149,Samuel Eto'o
base,41,Red Prizm,false,149,Claudio Bravo
base,42,Red Prizm,false,149,Mauricio Isla
base,43,Red Prizm,false,149,Arturo Vidal
base,44,Red Prizm,false,149,David Pizarro
base,45,Red Prizm,false,149,Alexis Sanchez
base,46,Red Prizm,false,149,Eduardo Vargas
base,47,Red Prizm,false,149,David Ospina
base,48,Red Prizm,false,149,Cristian Zapata
base,49,Red Prizm,false,149,Camilo Zuniga
base,50,Red Prizm,false,149,Mario Yepes
base,51,Red Prizm,false,149,Juan Cuadrado
base,52,Red Prizm,false,149,Fredy Guarin
base,53,Red Prizm,false,149,Radamel Falcao
base,54,Red Prizm,false,149,Jackson Martinez
base,55,Red Prizm,false,149,Keylor Navas
base,56,Red Prizm,false,149,Bryan Ruiz
base,57,Red Prizm,false,149,Boubacar Barry
base,58,Red Prizm,false,149,Didier Zokora
base,59,Red Prizm,false,149,Yaya Toure
base,60,Red Prizm,false,149,Didier Drogba
base,61,Red Prizm,false,149,Salomon Kalou
base,62,Red Prizm,false,149,Gervinho
base,63,Red Prizm,false,149,Alexander Dominguez
base,64,Red Prizm,false,149,Antonio Valencia
base,65,Red Prizm,false,149,Walter Ayovi
base,66,Red Prizm,false,149,Tim Howard
base,67,Red Prizm,false,149,Jermaine Jones
base,68,Red Prizm,false,149,Michael Bradley
base,69,Red Prizm,false,149,Clint Dempsey
base,70,Red Prizm,false,149,Landon Donovan
base,71,Red Prizm,false,149,Jozy Altidore
base,72,Red Prizm,false,149,Jung Sung-Ryong
base,73,Red Prizm,false,149,Lee Chung-Yong
base,74,Red Prizm,false,149,Park Chu-Young
base,75,Red Prizm,false,149,Hugo Lloris
base,76,Red Prizm,false,149,Eric Abidal
base,77,Red Prizm,false,149,Patrice Evra
base,78,Red Prizm,false,149,Raphael Varane
base,79,Red Prizm,false,149,Paul Pogba
base,80,Red Prizm,false,149,Blaise Matuidi
base,81,Red Prizm,false,149,Franck Ribery
base,82,Red Prizm,false,149,Karim Benzema
base,83,Red Prizm,false,149,Manuel Neuer
base,84,Red Prizm,false,149,Mats Hummels
base,85,Red Prizm,false,149,Per Mertesacker
base,86,Red Prizm,false,149,Philipp Lahm
base,87,Red Prizm,false,149,Sami Khedira
base,88,Red Prizm,false,149,Mesut Ozil
base,89,Red Prizm,false,149,Mario Gotze
base,90,Red Prizm,false,149,Bastian Schweinsteiger
base,91,Red Prizm,false,149,Marco Reus
base,92,Red Prizm,false,149,Lukas Podolski
base,93,Red Prizm,false,149,Thomas Muller
base,94,Red Prizm,false,149,Fatau Dauda
base,95,Red Prizm,false,149,Michael Essien
base,96,Red Prizm,false,149,Sulley Muntari
base,97,Red Prizm,false,149,Kevin-Prince Boateng
base,98,Red Prizm,false,149,Asamoah Gyan
base,99,Red Prizm,false,149,Orestis Karnezis
base,100,Red Prizm,false,149,Sokratis Papastathopoulos
base,101,Red Prizm,false,149,Giorgos Karagounis
base,102,Red Prizm,false,149,Kostas Mitroglou
base,103,Red Prizm,false,149,Giorgos Samaras
base,104,Red Prizm,false,149,Julio Cesar
base,105,Red Prizm,false,149,Dani Alves
base,106,Red Prizm,false,149,David Luiz
base,107,Red Prizm,false,149,Marcelo
base,108,Red Prizm,false,149,Thiago Silva
base,109,Red Prizm,false,149,Oscar
base,110,Red Prizm,false,149,Paulinho
base,111,Red Prizm,false,149,Hulk
base,112,Red Prizm,false,149,Neymar Jr.
base,113,Red Prizm,false,149,Noel Valladares
base,114,Red Prizm,false,149,Maynor Figueroa
base,115,Red Prizm,false,149,Carlo Costly
base,116,Red Prizm,false,149,Stipe Pletikosa
base,117,Red Prizm,false,149,Darijo Srna
base,118,Red Prizm,false,149,Luka Modric
base,119,Red Prizm,false,149,Eduardo da Silva
base,120,Red Prizm,false,149,Mario Mandzukic
base,121,Red Prizm,false,149,Rahman Ahmadi
base,122,Red Prizm,false,149,Javad Nekounam
base,123,Red Prizm,false,149,Gianluigi Buffon
base,124,Red Prizm,false,149,Leonardo Bonucci
base,125,Red Prizm,false,149,Giorgio Chiellini
base,126,Red Prizm,false,149,Thiago Motta
base,127,Red Prizm,false,149,Daniele De Rossi
base,128,Red Prizm,false,149,Andrea Pirlo
base,129,Red Prizm,false,149,Riccardo Montolivo
base,130,Red Prizm,false,149,Claudio Marchisio
base,131,Red Prizm,false,149,Giuseppe Rossi
base,132,Red Prizm,false,149,Mario Balotelli
base,133,Red Prizm,false,149,Pablo Osvaldo
base,134,Red Prizm,false,149,Joe Hart
base,135,Red Prizm,false,149,Ashley Cole
base,136,Red Prizm,false,149,Frank Lampard
base,137,Red Prizm,false,149,Jack Wilshere
base,138,Red Prizm,false,149,Michael Carrick
base,139,Red Prizm,false,149,Steven Gerrard
base,140,Red Prizm,false,149,Daniel Sturridge
base,141,Red Prizm,false,149,Danny Welbeck
base,142,Red Prizm,false,149,Wayne Rooney
base,143,Red Prizm,false,149,Guillermo Ochoa
base,144,Red Prizm,false,149,Miguel Layun
base,145,Red Prizm,false,149,Rafael Marquez
base,146,Red Prizm,false,149,Andres Guardado
base,147,Red Prizm,false,149,Giovani Dos Santos
base,148,Red Prizm,false,149,Javier Hernandez
base,149,Red Prizm,false,149,Oribe Peralta
base,150,Red Prizm,false,149,Vincent Enyeama
base,151,Red Prizm,false,149,Victor Moses
base,152,Red Prizm,false,149,John Obi Mikel
base,153,Red Prizm,false,149,Emmanuel Emenike
base,154,Red Prizm,false,149,Ahmed Musa
base,155,Red Prizm,false,149,Rui Patricio
base,156,Red Prizm,false,149,Pepe
base,157,Red Prizm,false,149,Fabio Coentrao
base,158,Red Prizm,false,149,Joao Moutinho
base,159,Red Prizm,false,149,Nani
base,160,Red Prizm,false,149,Helder Postiga
base,161,Red Prizm,false,149,Cristiano Ronaldo
base,162,Red Prizm,false,149,Igor Akinfeev
base,163,Red Prizm,false,149,Dmitri Kombarov
base,164,Red Prizm,false,149,Sergei Ignashevich
base,165,Red Prizm,false,149,Roman Shirokov
base,166,Red Prizm,false,149,Igor Denisov
base,167,Red Prizm,false,149,Alan Dzagoev
base,168,Red Prizm,false,149,Aleksandr Kerzhakov
base,169,Red Prizm,false,149,Aleksandr Kokorin
base,170,Red Prizm,false,149,Iker Casillas
base,171,Red Prizm,false,149,Gerard Pique
base,172,Red Prizm,false,149,Sergio Ramos
base,173,Red Prizm,false,149,Xabi Alonso
base,174,Red Prizm,false,149,Sergio Busquets
base,175,Red Prizm,false,149,David Silva
base,176,Red Prizm,false,149,Cesc Fabregas
base,177,Red Prizm,false,149,Andres Iniesta
base,178,Red Prizm,false,149,David Villa
base,179,Red Prizm,false,149,Pedro Rodriguez
base,180,Red Prizm,false,149,Xavi Hernandez
base,181,Red Prizm,false,149,Diego Benaglio
base,182,Red Prizm,false,149,Stephan Lichtsteiner
base,183,Red Prizm,false,149,Blerim Dzemaili
base,184,Red Prizm,false,149,Gokhan Inler
base,185,Red Prizm,false,149,Tranquillo Barnetta
base,186,Red Prizm,false,149,Xherdan Shaqiri
base,187,Red Prizm,false,149,Valon Behrami
base,188,Red Prizm,false,149,Haris Seferovic
base,189,Red Prizm,false,149,Fernando Muslera
base,190,Red Prizm,false,149,Martin Caceres
base,191,Red Prizm,false,149,Diego Lugano
base,192,Red Prizm,false,149,Diego Forlan
base,193,Red Prizm,false,149,Edinson Cavani
base,194,Red Prizm,false,149,Luis Suarez
base,195,Red Prizm,false,149,Atsuto Uchida
base,196,Red Prizm,false,149,Yuto Nagatomo
base,197,Red Prizm,false,149,Maya Yoshida
base,198,Red Prizm,false,149,Yasuyuki Konno
base,199,Red Prizm,false,149,Yasuhito Endo
base,200,Red Prizm,false,149,Shinji Kagawa
base,201,Red Prizm,false,149,Yoichiro Kakitani
base,1,Red White Blue Power Plaid Prizm,false,,Rais M'Bolhi
base,2,Red White Blue Power Plaid Prizm,false,,Madjid Bougherra
base,3,Red White Blue Power Plaid Prizm,false,,Sofiane Feghouli
base,4,Red White Blue Power Plaid Prizm,false,,Sergio Romero
base,5,Red White Blue Power Plaid Prizm,false,,Ezequiel Garay
base,6,Red White Blue Power Plaid Prizm,false,,Hugo Campagnaro
base,7,Red White Blue Power Plaid Prizm,false,,Pablo Zabaleta
base,8,Red White Blue Power Plaid Prizm,false,,Javier Mascherano
base,9,Red White Blue Power Plaid Prizm,false,,Angel Di Maria
base,10,Red White Blue Power Plaid Prizm,false,,Ezequiel Lavezzi
base,11,Red White Blue Power Plaid Prizm,false,,Gonzalo Higuain
base,12,Red White Blue Power Plaid Prizm,false,,Lionel Messi
base,13,Red White Blue Power Plaid Prizm,false,,Sergio Aguero
base,14,Red White Blue Power Plaid Prizm,false,,Mathew Ryan
base,15,Red White Blue Power Plaid Prizm,false,,Lucas Neill
base,16,Red White Blue Power Plaid Prizm,false,,Luke Wilkshire
base,17,Red White Blue Power Plaid Prizm,false,,Tim Cahill
base,18,Red White Blue Power Plaid Prizm,false,,Thibaut Courtois
base,19,Red White Blue Power Plaid Prizm,false,,Vincent Kompany
base,20,Red White Blue Power Plaid Prizm,false,,Axel Witsel
base,21,Red White Blue Power Plaid Prizm,false,,Eden Hazard
base,22,Red White Blue Power Plaid Prizm,false,,Marouane Fellaini
base,23,Red White Blue Power Plaid Prizm,false,,Asmir Begovic
base,24,Red White Blue Power Plaid Prizm,false,,Emir Spahic
base,25,Red White Blue Power Plaid Prizm,false,,Miralem Pjanic
base,26,Red White Blue Power Plaid Prizm,false,,Edin Dzeko
base,27,Red White Blue Power Plaid Prizm,false,,Jasper Cillessen
base,28,Red White Blue Power Plaid Prizm,false,,Bruno Martins Indi
base,29,Red White Blue Power Plaid Prizm,false,,Arjen Robben
base,30,Red White Blue Power Plaid Prizm,false,,Kevin Strootman
base,31,Red White Blue Power Plaid Prizm,false,,Nigel de Jong
base,32,Red White Blue Power Plaid Prizm,false,,Rafael van der Vaart
base,33,Red White Blue Power Plaid Prizm,false,,Wesley Sneijder
base,34,Red White Blue Power Plaid Prizm,false,,Dirk Kuyt
base,35,Red White Blue Power Plaid Prizm,false,,Robin van Persie
base,36,Red White Blue Power Plaid Prizm,false,,Charles Itandje
base,37,Red White Blue Power Plaid Prizm,false,,Nicolas Nkoulou
base,38,Red White Blue Power Plaid Prizm,false,,Alexandre Song
base,39,Red White Blue Power Plaid Prizm,false,,Jean Makoun
base,40,Red White Blue Power Plaid Prizm,false,,Samuel Eto'o
base,41,Red White Blue Power Plaid Prizm,false,,Claudio Bravo
base,42,Red White Blue Power Plaid Prizm,false,,Mauricio Isla
base,43,Red White Blue Power Plaid Prizm,false,,Arturo Vidal
base,44,Red White Blue Power Plaid Prizm,false,,David Pizarro
base,45,Red White Blue Power Plaid Prizm,false,,Alexis Sanchez
base,46,Red White Blue Power Plaid Prizm,false,,Eduardo Vargas
base,47,Red White Blue Power Plaid Prizm,false,,David Ospina
base,48,Red White Blue Power Plaid Prizm,false,,Cristian Zapata
base,49,Red White Blue Power Plaid Prizm,false,,Camilo Zuniga
base,50,Red White Blue Power Plaid Prizm,false,,Mario Yepes
base,51,Red White Blue Power Plaid Prizm,false,,Juan Cuadrado
base,52,Red White Blue Power Plaid Prizm,false,,Fredy Guarin
base,53,Red White Blue Power Plaid Prizm,false,,Radamel Falcao
base,54,Red White Blue Power Plaid Prizm,false,,Jackson Martinez
base,55,Red White Blue Power Plaid Prizm,false,,Keylor Navas
base,56,Red White Blue Power Plaid Prizm,false,,Bryan Ruiz
base,57,Red White Blue Power Plaid Prizm,false,,Boubacar Barry
base,58,Red White Blue Power Plaid Prizm,false,,Didier Zokora
base,59,Red White Blue Power Plaid Prizm,false,,Yaya Toure
base,60,Red White Blue Power Plaid Prizm,false,,Didier Drogba
base,61,Red White Blue Power Plaid Prizm,false,,Salomon Kalou
base,62,Red White Blue Power Plaid Prizm,false,,Gervinho
base,63,Red White Blue Power Plaid Prizm,false,,Alexander Dominguez
base,64,Red White Blue Power Plaid Prizm,false,,Antonio Valencia
base,65,Red White Blue Power Plaid Prizm,false,,Walter Ayovi
base,66,Red White Blue Power Plaid Prizm,false,,Tim Howard
base,67,Red White Blue Power Plaid Prizm,false,,Jermaine Jones
base,68,Red White Blue Power Plaid Prizm,false,,Michael Bradley
base,69,Red White Blue Power Plaid Prizm,false,,Clint Dempsey
base,70,Red White Blue Power Plaid Prizm,false,,Landon Donovan
base,71,Red White Blue Power Plaid Prizm,false,,Jozy Altidore
base,72,Red White Blue Power Plaid Prizm,false,,Jung Sung-Ryong
base,73,Red White Blue Power Plaid Prizm,false,,Lee Chung-Yong
base,74,Red White Blue Power Plaid Prizm,false,,Park Chu-Young
base,75,Red White Blue Power Plaid Prizm,false,,Hugo Lloris
base,76,Red White Blue Power Plaid Prizm,false,,Eric Abidal
base,77,Red White Blue Power Plaid Prizm,false,,Patrice Evra
base,78,Red White Blue Power Plaid Prizm,false,,Raphael Varane
base,79,Red White Blue Power Plaid Prizm,false,,Paul Pogba
base,80,Red White Blue Power Plaid Prizm,false,,Blaise Matuidi
base,81,Red White Blue Power Plaid Prizm,false,,Franck Ribery
base,82,Red White Blue Power Plaid Prizm,false,,Karim Benzema
base,83,Red White Blue Power Plaid Prizm,false,,Manuel Neuer
base,84,Red White Blue Power Plaid Prizm,false,,Mats Hummels
base,85,Red White Blue Power Plaid Prizm,false,,Per Mertesacker
base,86,Red White Blue Power Plaid Prizm,false,,Philipp Lahm
base,87,Red White Blue Power Plaid Prizm,false,,Sami Khedira
base,88,Red White Blue Power Plaid Prizm,false,,Mesut Özil
base,89,Red White Blue Power Plaid Prizm,false,,Mario Gotze
base,90,Red White Blue Power Plaid Prizm,false,,Bastian Schweinsteiger
base,91,Red White Blue Power Plaid Prizm,false,,Marco Reus
base,92,Red White Blue Power Plaid Prizm,false,,Lukas Podolski
base,93,Red White Blue Power Plaid Prizm,false,,Thomas Muller
base,94,Red White Blue Power Plaid Prizm,false,,Fatau Dauda
base,95,Red White Blue Power Plaid Prizm,false,,Michael Essien
base,96,Red White Blue Power Plaid Prizm,false,,Sulley Muntari
base,97,Red White Blue Power Plaid Prizm,false,,Kevin-Prince Boateng
base,98,Red White Blue Power Plaid Prizm,false,,Asamoah Gyan
base,99,Red White Blue Power Plaid Prizm,false,,Orestis Karnezis
base,100,Red White Blue Power Plaid Prizm,false,,Sokratis Papastathopoulos
base,101,Red White Blue Power Plaid Prizm,false,,Giorgos Karagounis
base,102,Red White Blue Power Plaid Prizm,false,,Kostas Mitroglou
base,103,Red White Blue Power Plaid Prizm,false,,Giorgos Samaras
base,104,Red White Blue Power Plaid Prizm,false,,Julio Cesar
base,105,Red White Blue Power Plaid Prizm,false,,Dani Alves
base,106,Red White Blue Power Plaid Prizm,false,,David Luiz
base,107,Red White Blue Power Plaid Prizm,false,,Marcelo
base,108,Red White Blue Power Plaid Prizm,false,,Thiago Silva
base,109,Red White Blue Power Plaid Prizm,false,,Oscar
base,110,Red White Blue Power Plaid Prizm,false,,Paulinho
base,111,Red White Blue Power Plaid Prizm,false,,Hulk
base,112,Red White Blue Power Plaid Prizm,false,,Neymar Jr.
base,113,Red White Blue Power Plaid Prizm,false,,Noel Valladares
base,114,Red White Blue Power Plaid Prizm,false,,Maynor Figueroa
base,115,Red White Blue Power Plaid Prizm,false,,Carlo Costly
base,116,Red White Blue Power Plaid Prizm,false,,Stipe Pletikosa
base,117,Red White Blue Power Plaid Prizm,false,,Darijo Srna
base,118,Red White Blue Power Plaid Prizm,false,,Luka Modric
base,119,Red White Blue Power Plaid Prizm,false,,Eduardo da Silva
base,120,Red White Blue Power Plaid Prizm,false,,Mario Mandzukic
base,121,Red White Blue Power Plaid Prizm,false,,Rahman Ahmadi
base,122,Red White Blue Power Plaid Prizm,false,,Javad Nekounam
base,123,Red White Blue Power Plaid Prizm,false,,Gianluigi Buffon
base,124,Red White Blue Power Plaid Prizm,false,,Leonardo Bonucci
base,125,Red White Blue Power Plaid Prizm,false,,Giorgio Chiellini
base,126,Red White Blue Power Plaid Prizm,false,,Thiago Motta
base,127,Red White Blue Power Plaid Prizm,false,,Daniele De Rossi
base,128,Red White Blue Power Plaid Prizm,false,,Andrea Pirlo
base,129,Red White Blue Power Plaid Prizm,false,,Riccardo Montolivo
base,130,Red White Blue Power Plaid Prizm,false,,Claudio Marchisio
base,131,Red White Blue Power Plaid Prizm,false,,Giuseppe Rossi
base,132,Red White Blue Power Plaid Prizm,false,,Mario Balotelli
base,133,Red White Blue Power Plaid Prizm,false,,Pablo Osvaldo
base,134,Red White Blue Power Plaid Prizm,false,,Joe Hart
base,135,Red White Blue Power Plaid Prizm,false,,Ashley Cole
base,136,Red White Blue Power Plaid Prizm,false,,Frank Lampard
base,137,Red White Blue Power Plaid Prizm,false,,Jack Wilshere
base,138,Red White Blue Power Plaid Prizm,false,,Michael Carrick
base,139,Red White Blue Power Plaid Prizm,false,,Steven Gerrard
base,140,Red White Blue Power Plaid Prizm,false,,Daniel Sturridge
base,141,Red White Blue Power Plaid Prizm,false,,Danny Welbeck
base,142,Red White Blue Power Plaid Prizm,false,,Wayne Rooney
base,143,Red White Blue Power Plaid Prizm,false,,Guillermo Ochoa
base,144,Red White Blue Power Plaid Prizm,false,,Miguel Layun
base,145,Red White Blue Power Plaid Prizm,false,,Rafael Marquez
base,146,Red White Blue Power Plaid Prizm,false,,Andres Guardado
base,147,Red White Blue Power Plaid Prizm,false,,Giovani Dos Santos
base,148,Red White Blue Power Plaid Prizm,false,,Javier Hernandez
base,149,Red White Blue Power Plaid Prizm,false,,Oribe Peralta
base,150,Red White Blue Power Plaid Prizm,false,,Vincent Enyeama
base,151,Red White Blue Power Plaid Prizm,false,,Victor Moses
base,152,Red White Blue Power Plaid Prizm,false,,John Obi Mikel
base,153,Red White Blue Power Plaid Prizm,false,,Emmanuel Emenike
base,154,Red White Blue Power Plaid Prizm,false,,Ahmed Musa
base,155,Red White Blue Power Plaid Prizm,false,,Rui Patricio
base,156,Red White Blue Power Plaid Prizm,false,,Pepe
base,157,Red White Blue Power Plaid Prizm,false,,Fabio Coentrao
base,158,Red White Blue Power Plaid Prizm,false,,Joao Moutinho
base,159,Red White Blue Power Plaid Prizm,false,,Nani
base,160,Red White Blue Power Plaid Prizm,false,,Helder Postiga
base,161,Red White Blue Power Plaid Prizm,false,,Cristiano Ronaldo
base,162,Red White Blue Power Plaid Prizm,false,,Igor Akinfeev
base,163,Red White Blue Power Plaid Prizm,false,,Dmitri Kombarov
base,164,Red White Blue Power Plaid Prizm,false,,Sergei Ignashevich
base,165,Red White Blue Power Plaid Prizm,false,,Roman Shirokov
base,166,Red White Blue Power Plaid Prizm,false,,Igor Denisov
base,167,Red White Blue Power Plaid Prizm,false,,Alan Dzagoev
base,168,Red White Blue Power Plaid Prizm,false,,Aleksandr Kerzhakov
base,169,Red White Blue Power Plaid Prizm,false,,Aleksandr Kokorin
base,170,Red White Blue Power Plaid Prizm,false,,Iker Casillas
base,171,Red White Blue Power Plaid Prizm,false,,Gerard Pique
base,172,Red White Blue Power Plaid Prizm,false,,Sergio Ramos
base,173,Red White Blue Power Plaid Prizm,false,,Xabi Alonso
base,174,Red White Blue Power Plaid Prizm,false,,Sergio Busquets
base,175,Red White Blue Power Plaid Prizm,false,,David Silva
base,176,Red White Blue Power Plaid Prizm,false,,Cesc Fabregas
base,177,Red White Blue Power Plaid Prizm,false,,Andres Iniesta
base,178,Red White Blue Power Plaid Prizm,false,,David Villa
base,179,Red White Blue Power Plaid Prizm,false,,Pedro Rodriguez
base,180,Red White Blue Power Plaid Prizm,false,,Xavi Hernandez
base,181,Red White Blue Power Plaid Prizm,false,,Diego Benaglio
base,182,Red White Blue Power Plaid Prizm,false,,Stephan Lichtsteiner
base,183,Red White Blue Power Plaid Prizm,false,,Blerim Dzemaili
base,184,Red White Blue Power Plaid Prizm,false,,Gokhan Inler
base,185,Red White Blue Power Plaid Prizm,false,,Tranquillo Barnetta
base,186,Red White Blue Power Plaid Prizm,false,,Xherdan Shaqiri
base,187,Red White Blue Power Plaid Prizm,false,,Valon Behrami
base,188,Red White Blue Power Plaid Prizm,false,,Haris Seferovic
base,189,Red White Blue Power Plaid Prizm,false,,Fernando Muslera
base,190,Red White Blue Power Plaid Prizm,false,,Martin Caceres
base,191,Red White Blue Power Plaid Prizm,false,,Diego Lugano
base,192,Red White Blue Power Plaid Prizm,false,,Diego Forlan
base,193,Red White Blue Power Plaid Prizm,false,,Edinson Cavani
base,194,Red White Blue Power Plaid Prizm,false,,Luis Suarez
base,195,Red White Blue Power Plaid Prizm,false,,Atsuto Uchida
base,196,Red White Blue Power Plaid Prizm,false,,Yuto Nagatomo
base,197,Red White Blue Power Plaid Prizm,false,,Maya Yoshida
base,198,Red White Blue Power Plaid Prizm,false,,Yasuyuki Konno
base,199,Red White Blue Power Plaid Prizm,false,,Yasuhito Endo
base,200,Red White Blue Power Plaid Prizm,false,,Shinji Kagawa
base,201,Red White Blue Power Plaid Prizm,false,,Yoichiro Kakitani
base,1,Yellow Red Pulsar Prizm,false,,Rais M'Bolhi
base,2,Yellow Red Pulsar Prizm,false,,Madjid Bougherra
base,3,Yellow Red Pulsar Prizm,false,,Sofiane Feghouli
base,4,Yellow Red Pulsar Prizm,false,,Sergio Romero
base,5,Yellow Red Pulsar Prizm,false,,Ezequiel Garay
base,6,Yellow Red Pulsar Prizm,false,,Hugo Campagnaro
base,7,Yellow Red Pulsar Prizm,false,,Pablo Zabaleta
base,8,Yellow Red Pulsar Prizm,false,,Javier Mascherano
base,9,Yellow Red Pulsar Prizm,false,,Angel Di Maria
base,10,Yellow Red Pulsar Prizm,false,,Ezequiel Lavezzi
base,11,Yellow Red Pulsar Prizm,false,,Gonzalo Higuain
base,12,Yellow Red Pulsar Prizm,false,,Lionel Messi
base,13,Yellow Red Pulsar Prizm,false,,Sergio Aguero
base,14,Yellow Red Pulsar Prizm,false,,Mathew Ryan
base,15,Yellow Red Pulsar Prizm,false,,Lucas Neill
base,16,Yellow Red Pulsar Prizm,false,,Luke Wilkshire
base,17,Yellow Red Pulsar Prizm,false,,Tim Cahill
base,18,Yellow Red Pulsar Prizm,false,,Thibaut Courtois
base,19,Yellow Red Pulsar Prizm,false,,Vincent Kompany
base,20,Yellow Red Pulsar Prizm,false,,Axel Witsel
base,21,Yellow Red Pulsar Prizm,false,,Eden Hazard
base,22,Yellow Red Pulsar Prizm,false,,Marouane Fellaini
base,23,Yellow Red Pulsar Prizm,false,,Asmir Begovic
base,24,Yellow Red Pulsar Prizm,false,,Emir Spahic
base,25,Yellow Red Pulsar Prizm,false,,Miralem Pjanic
base,26,Yellow Red Pulsar Prizm,false,,Edin Dzeko
base,27,Yellow Red Pulsar Prizm,false,,Jasper Cillessen
base,28,Yellow Red Pulsar Prizm,false,,Bruno Martins Indi
base,29,Yellow Red Pulsar Prizm,false,,Arjen Robben
base,30,Yellow Red Pulsar Prizm,false,,Kevin Strootman
base,31,Yellow Red Pulsar Prizm,false,,Nigel de Jong
base,32,Yellow Red Pulsar Prizm,false,,Rafael van der Vaart
base,33,Yellow Red Pulsar Prizm,false,,Wesley Sneijder
base,34,Yellow Red Pulsar Prizm,false,,Dirk Kuyt
base,35,Yellow Red Pulsar Prizm,false,,Robin van Persie
base,36,Yellow Red Pulsar Prizm,false,,Charles Itandje
base,37,Yellow Red Pulsar Prizm,false,,Nicolas Nkoulou
base,38,Yellow Red Pulsar Prizm,false,,Alexandre Song
base,39,Yellow Red Pulsar Prizm,false,,Jean Makoun
base,40,Yellow Red Pulsar Prizm,false,,Samuel Eto'o
base,41,Yellow Red Pulsar Prizm,false,,Claudio Bravo
base,42,Yellow Red Pulsar Prizm,false,,Mauricio Isla
base,43,Yellow Red Pulsar Prizm,false,,Arturo Vidal
base,44,Yellow Red Pulsar Prizm,false,,David Pizarro
base,45,Yellow Red Pulsar Prizm,false,,Alexis Sanchez
base,46,Yellow Red Pulsar Prizm,false,,Eduardo Vargas
base,47,Yellow Red Pulsar Prizm,false,,David Ospina
base,48,Yellow Red Pulsar Prizm,false,,Cristian Zapata
base,49,Yellow Red Pulsar Prizm,false,,Camilo Zuniga
base,50,Yellow Red Pulsar Prizm,false,,Mario Yepes
base,51,Yellow Red Pulsar Prizm,false,,Juan Cuadrado
base,52,Yellow Red Pulsar Prizm,false,,Fredy Guarin
base,53,Yellow Red Pulsar Prizm,false,,Radamel Falcao
base,54,Yellow Red Pulsar Prizm,false,,Jackson Martinez
base,55,Yellow Red Pulsar Prizm,false,,Keylor Navas
base,56,Yellow Red Pulsar Prizm,false,,Bryan Ruiz
base,57,Yellow Red Pulsar Prizm,false,,Boubacar Barry
base,58,Yellow Red Pulsar Prizm,false,,Didier Zokora
base,59,Yellow Red Pulsar Prizm,false,,Yaya Toure
base,60,Yellow Red Pulsar Prizm,false,,Didier Drogba
base,61,Yellow Red Pulsar Prizm,false,,Salomon Kalou
base,62,Yellow Red Pulsar Prizm,false,,Gervinho
base,63,Yellow Red Pulsar Prizm,false,,Alexander Dominguez
base,64,Yellow Red Pulsar Prizm,false,,Antonio Valencia
base,65,Yellow Red Pulsar Prizm,false,,Walter Ayovi
base,66,Yellow Red Pulsar Prizm,false,,Tim Howard
base,67,Yellow Red Pulsar Prizm,false,,Jermaine Jones
base,68,Yellow Red Pulsar Prizm,false,,Michael Bradley
base,69,Yellow Red Pulsar Prizm,false,,Clint Dempsey
base,70,Yellow Red Pulsar Prizm,false,,Landon Donovan
base,71,Yellow Red Pulsar Prizm,false,,Jozy Altidore
base,72,Yellow Red Pulsar Prizm,false,,Jung Sung-Ryong
base,73,Yellow Red Pulsar Prizm,false,,Lee Chung-Yong
base,74,Yellow Red Pulsar Prizm,false,,Park Chu-Young
base,75,Yellow Red Pulsar Prizm,false,,Hugo Lloris
base,76,Yellow Red Pulsar Prizm,false,,Eric Abidal
base,77,Yellow Red Pulsar Prizm,false,,Patrice Evra
base,78,Yellow Red Pulsar Prizm,false,,Raphael Varane
base,79,Yellow Red Pulsar Prizm,false,,Paul Pogba
base,80,Yellow Red Pulsar Prizm,false,,Blaise Matuidi
base,81,Yellow Red Pulsar Prizm,false,,Franck Ribery
base,82,Yellow Red Pulsar Prizm,false,,Karim Benzema
base,83,Yellow Red Pulsar Prizm,false,,Manuel Neuer
base,84,Yellow Red Pulsar Prizm,false,,Mats Hummels
base,85,Yellow Red Pulsar Prizm,false,,Per Mertesacker
base,86,Yellow Red Pulsar Prizm,false,,Philipp Lahm
base,87,Yellow Red Pulsar Prizm,false,,Sami Khedira
base,88,Yellow Red Pulsar Prizm,false,,Mesut Ozil
base,89,Yellow Red Pulsar Prizm,false,,Mario Gotze
base,90,Yellow Red Pulsar Prizm,false,,Bastian Schweinsteiger
base,91,Yellow Red Pulsar Prizm,false,,Marco Reus
base,92,Yellow Red Pulsar Prizm,false,,Lukas Podolski
base,93,Yellow Red Pulsar Prizm,false,,Thomas Muller
base,94,Yellow Red Pulsar Prizm,false,,Fatau Dauda
base,95,Yellow Red Pulsar Prizm,false,,Michael Essien
base,96,Yellow Red Pulsar Prizm,false,,Sulley Muntari
base,97,Yellow Red Pulsar Prizm,false,,Kevin-Prince Boateng
base,98,Yellow Red Pulsar Prizm,false,,Asamoah Gyan
base,99,Yellow Red Pulsar Prizm,false,,Orestis Karnezis
base,100,Yellow Red Pulsar Prizm,false,,Sokratis Papastathopoulos
base,101,Yellow Red Pulsar Prizm,false,,Giorgos Karagounis
base,102,Yellow Red Pulsar Prizm,false,,Kostas Mitroglou
base,103,Yellow Red Pulsar Prizm,false,,Giorgos Samaras
base,104,Yellow Red Pulsar Prizm,false,,Julio Cesar
base,105,Yellow Red Pulsar Prizm,false,,Dani Alves
base,106,Yellow Red Pulsar Prizm,false,,David Luiz
base,107,Yellow Red Pulsar Prizm,false,,Marcelo
base,108,Yellow Red Pulsar Prizm,false,,Thiago Silva
base,109,Yellow Red Pulsar Prizm,false,,Oscar
base,110,Yellow Red Pulsar Prizm,false,,Paulinho
base,111,Yellow Red Pulsar Prizm,false,,Hulk
base,112,Yellow Red Pulsar Prizm,false,,Neymar Jr.
base,113,Yellow Red Pulsar Prizm,false,,Noel Valladares
base,114,Yellow Red Pulsar Prizm,false,,Maynor Figueroa
base,115,Yellow Red Pulsar Prizm,false,,Carlo Costly
base,116,Yellow Red Pulsar Prizm,false,,Stipe Pletikosa
base,117,Yellow Red Pulsar Prizm,false,,Darijo Srna
base,118,Yellow Red Pulsar Prizm,false,,Luka Modric
base,119,Yellow Red Pulsar Prizm,false,,Eduardo da Silva
base,120,Yellow Red Pulsar Prizm,false,,Mario Mandzukic
base,121,Yellow Red Pulsar Prizm,false,,Rahman Ahmadi
base,122,Yellow Red Pulsar Prizm,false,,Javad Nekounam
base,123,Yellow Red Pulsar Prizm,false,,Gianluigi Buffon
base,124,Yellow Red Pulsar Prizm,false,,Leonardo Bonucci
base,125,Yellow Red Pulsar Prizm,false,,Giorgio Chiellini
base,126,Yellow Red Pulsar Prizm,false,,Thiago Motta
base,127,Yellow Red Pulsar Prizm,false,,Daniele De Rossi
base,128,Yellow Red Pulsar Prizm,false,,Andrea Pirlo
base,129,Yellow Red Pulsar Prizm,false,,Riccardo Montolivo
base,130,Yellow Red Pulsar Prizm,false,,Claudio Marchisio
base,131,Yellow Red Pulsar Prizm,false,,Giuseppe Rossi
base,132,Yellow Red Pulsar Prizm,false,,Mario Balotelli
base,133,Yellow Red Pulsar Prizm,false,,Pablo Osvaldo
base,134,Yellow Red Pulsar Prizm,false,,Joe Hart
base,135,Yellow Red Pulsar Prizm,false,,Ashley Cole
base,136,Yellow Red Pulsar Prizm,false,,Frank Lampard
base,137,Yellow Red Pulsar Prizm,false,,Jack Wilshere
base,138,Yellow Red Pulsar Prizm,false,,Michael Carrick
base,139,Yellow Red Pulsar Prizm,false,,Steven Gerrard
base,140,Yellow Red Pulsar Prizm,false,,Daniel Sturridge
base,141,Yellow Red Pulsar Prizm,false,,Danny Welbeck
base,142,Yellow Red Pulsar Prizm,false,,Wayne Rooney
base,143,Yellow Red Pulsar Prizm,false,,Guillermo Ochoa
base,144,Yellow Red Pulsar Prizm,false,,Miguel Layun
base,145,Yellow Red Pulsar Prizm,false,,Rafael Marquez
base,146,Yellow Red Pulsar Prizm,false,,Andres Guardado
base,147,Yellow Red Pulsar Prizm,false,,Giovani Dos Santos
base,148,Yellow Red Pulsar Prizm,false,,Javier Hernandez
base,149,Yellow Red Pulsar Prizm,false,,Oribe Peralta
base,150,Yellow Red Pulsar Prizm,false,,Vincent Enyeama
base,151,Yellow Red Pulsar Prizm,false,,Victor Moses
base,152,Yellow Red Pulsar Prizm,false,,John Obi Mikel
base,153,Yellow Red Pulsar Prizm,false,,Emmanuel Emenike
base,154,Yellow Red Pulsar Prizm,false,,Ahmed Musa
base,155,Yellow Red Pulsar Prizm,false,,Rui Patricio
base,156,Yellow Red Pulsar Prizm,false,,Pepe
base,157,Yellow Red Pulsar Prizm,false,,Fabio Coentrao
base,158,Yellow Red Pulsar Prizm,false,,Joao Moutinho
base,159,Yellow Red Pulsar Prizm,false,,Nani
base,160,Yellow Red Pulsar Prizm,false,,Helder Postiga
base,161,Yellow Red Pulsar Prizm,false,,Cristiano Ronaldo
base,162,Yellow Red Pulsar Prizm,false,,Igor Akinfeev
base,163,Yellow Red Pulsar Prizm,false,,Dmitri Kombarov
base,164,Yellow Red Pulsar Prizm,false,,Sergei Ignashevich
base,165,Yellow Red Pulsar Prizm,false,,Roman Shirokov
base,166,Yellow Red Pulsar Prizm,false,,Igor Denisov
base,167,Yellow Red Pulsar Prizm,false,,Alan Dzagoev
base,168,Yellow Red Pulsar Prizm,false,,Aleksandr Kerzhakov
base,169,Yellow Red Pulsar Prizm,false,,Aleksandr Kokorin
base,170,Yellow Red Pulsar Prizm,false,,Iker Casillas
base,171,Yellow Red Pulsar Prizm,false,,Gerard Pique
base,172,Yellow Red Pulsar Prizm,false,,Sergio Ramos
base,173,Yellow Red Pulsar Prizm,false,,Xabi Alonso
base,174,Yellow Red Pulsar Prizm,false,,Sergio Busquets
base,175,Yellow Red Pulsar Prizm,false,,David Silva
base,176,Yellow Red Pulsar Prizm,false,,Cesc Fabregas
base,177,Yellow Red Pulsar Prizm,false,,Andres Iniesta
base,178,Yellow Red Pulsar Prizm,false,,David Villa
base,179,Yellow Red Pulsar Prizm,false,,Pedro Rodriguez
base,180,Yellow Red Pulsar Prizm,false,,Xavi Hernandez
base,181,Yellow Red Pulsar Prizm,false,,Diego Benaglio
base,182,Yellow Red Pulsar Prizm,false,,Stephan Lichtsteiner
base,183,Yellow Red Pulsar Prizm,false,,Blerim Dzemaili
base,184,Yellow Red Pulsar Prizm,false,,Gokhan Inler
base,185,Yellow Red Pulsar Prizm,false,,Tranquillo Barnetta
base,186,Yellow Red Pulsar Prizm,false,,Xherdan Shaqiri
base,187,Yellow Red Pulsar Prizm,false,,Valon Behrami
base,188,Yellow Red Pulsar Prizm,false,,Haris Seferovic
base,189,Yellow Red Pulsar Prizm,false,,Fernando Muslera
base,190,Yellow Red Pulsar Prizm,false,,Martin Caceres
base,191,Yellow Red Pulsar Prizm,false,,Diego Lugano
base,192,Yellow Red Pulsar Prizm,false,,Diego Forlan
base,193,Yellow Red Pulsar Prizm,false,,Edinson Cavani
base,194,Yellow Red Pulsar Prizm,false,,Luis Suarez
base,195,Yellow Red Pulsar Prizm,false,,Atsuto Uchida
base,196,Yellow Red Pulsar Prizm,false,,Yuto Nagatomo
base,197,Yellow Red Pulsar Prizm,false,,Maya Yoshida
base,198,Yellow Red Pulsar Prizm,false,,Yasuyuki Konno
base,199,Yellow Red Pulsar Prizm,false,,Yasuhito Endo
base,200,Yellow Red Pulsar Prizm,false,,Shinji Kagawa
base,201,Yellow Red Pulsar Prizm,false,,Yoichiro Kakitani
