category,cardNumber,parallel,isAuto,printRun,player,parallelNote
insert-luck-of-the-lottery,15,,false,,Class of 2018,
auto-sensational-signatures,SS-KHR,,true,,Kevin Huerter,
auto-rookie-signatures,RS-OSP,,true,,Omari Spellman,
auto-rookie-signatures,RS-KHR,,true,,Kevin Huerter,
insert-luck-of-the-lottery,5,,false,,Trae Young,
base,88,,false,,Omari Spellman,
auto-signatures,S-DWL,,true,,Dominique Wilkins,
base,8,,false,,Jeremy Lin,
insert-sensational-swatches,97,,false,,Trae Young,
base,18,,false,,Kent Bazemore,
insert-emergent,5,,false,,Trae Young,
insert-sensational-swatches,93,,false,,Omari Spellman,
base,78,,false,,Trae Young,
insert-sensational-swatches,83,,false,,Kevin Huerter,
insert-emergent,19,,false,,Kevin Huerter,
base,28,,false,,DeAndre' Bembry,
auto-fastbreak-autographs,FB-DWK,,true,,Dominique Wilkins,
base,38,,false,,Taurean Prince,
auto-fastbreak-autographs-rookies,FR-KHR,,true,,Kevin Huerter,
auto-fastbreak-autographs-rookies,FR-OSP,,true,,Omari Spellman,
auto-sensational-signatures,SS-TYG,,true,,Trae Young,
auto-fastbreak-autographs-rookies,FR-TYG,,true,,Trae Young,
auto-sensational-signatures,SS-OSP,,true,,Omari Spellman,
base,48,,false,,John Collins,
auto-rookie-signatures,RS-TYG,,true,,Trae Young,
base,58,,false,,Dewayne Dedmon,
auto-sensational-signatures,SS-DWL,,true,,Dominique Wilkins,
auto-sensational-signatures,SS-DKM,,true,,Dikembe Mutombo,
insert-freshman-phenoms,7,,false,,Kevin Huerter,
insert-freshman-phenoms,21,,false,,Trae Young,
base,68,,false,,Kevin Huerter,
base,255,,false,,Pete Maravich,
auto-sensational-signatures,SS-JTT,,true,,Jayson Tatum,
insert-fireworks,9,,false,,Kyrie Irving,
auto-fastbreak-autographs,FB-DCW,,true,,Dave Cowens,
base,128,,false,,Al Horford,
base,158,,false,,Gordon Hayward,
auto-signatures,S-KMH,,true,,Kevin McHale,
auto-sensational-signatures,SS-DCW,,true,,Dave Cowens,
insert-sensational-swatches,53,,false,,Larry Bird,
auto-fastbreak-autographs,FB-GHW,,true,,Gordon Hayward,
auto-fastbreak-autographs,FB-KIV,,true,,Kyrie Irving,
auto-fastbreak-autographs,FB-KMH,,true,,Kevin McHale,
auto-sensational-signatures,SS-GYB,,true,,Guerschon Yabusele,
base,175,,false,,Paul Pierce,
base,118,,false,,Jayson Tatum,
auto-sensational-signatures,SS-GHW,,true,,Gordon Hayward,
base,168,,false,,Marcus Morris,
insert-fireworks,26,,false,,Jayson Tatum,
auto-signatures,S-KIV,,true,,Kyrie Irving,
insert-all-day,13,,false,,Kyrie Irving,
insert-hall-monitors,2,,false,,Larry Bird,
insert-hall-monitors,4,,false,,Bill Russell,
auto-fastbreak-autographs-rookies,FR-RWL,,true,,Robert Williams III,
insert-get-hyped,10,,false,,Kyrie Irving,
auto-rookie-signatures,RS-RWL,,true,,Robert Williams III,
base,85,,false,,Larry Bird,
auto-sensational-signatures,SS-RWL,,true,,Robert Williams III,
insert-go-hard-or-go-home,14,,false,,Kyrie Irving,
auto-signatures,S-DRJ,,true,,Dino Radja,
insert-all-day,15,,false,,Jayson Tatum,
base,148,,false,,Terry Rozier,
insert-dominance,3,,false,,Paul Pierce,
insert-dominance,14,,false,,Robert Parish,
base,178,,false,,Marcus Smart,
insert-dominance,16,,false,,Larry Bird,
insert-go-hard-or-go-home,16,,false,,Jayson Tatum,
insert-sensational-swatches,94,,false,,Robert Williams III,
auto-sensational-signatures,SS-LBD,,true,,Larry Bird,
insert-dominance,30,,false,,John Havlicek,
base,108,,false,,Jaylen Brown,
auto-sensational-signatures,SS-KMH,,true,,Kevin McHale,
auto-sensational-signatures,SS-KIV,,true,,Kyrie Irving,
base,98,,false,,Kyrie Irving,
base,245,,false,,Dennis Johnson,
base,25,,false,,Bill Russell,
base,138,,false,,Robert Williams III,
insert-sensational-swatches,3,,false,,Rondae Hollis-Jefferson,
base,188,,false,,Rodions Kurucs,
auto-signatures,S-JKD,,true,,Jason Kidd,
auto-signatures,S-ACR,,true,,Allen Crabbe,
insert-sensational-swatches,70,,false,,Dzanan Musa,
insert-sensational-swatches,58,,false,,Kenny Anderson,
insert-sensational-swatches,56,,false,,Kenneth Faried,
base,198,,false,,Dzanan Musa,
auto-sensational-signatures,SS-DZM,,true,,Dzanan Musa,
auto-sensational-signatures,SS-CLV,,true,,Caris LeVert,
auto-rookie-signatures,RS-RKU,,true,,Rodions Kurucs,
auto-rookie-signatures,RS-DZM,,true,,Dzanan Musa,
auto-fastbreak-autographs-rookies,FR-DZM,,true,,Dzanan Musa,
auto-fastbreak-autographs,FB-EDV,,true,,Ed Davis,
auto-fastbreak-autographs,FB-CLV,,true,,Caris LeVert,
base,268,,false,,Shabazz Napier,
base,258,,false,,Allen Crabbe,
base,248,,false,,D'Angelo Russell,
base,238,,false,,Rondae Hollis-Jefferson,
base,228,,false,,Jarrett Allen,
base,218,,false,,DeMarre Carroll,
base,208,,false,,Spencer Dinwiddie,
base,40,,false,,Marvin Williams,
base,278,,false,,Miles Bridges,
base,50,,false,,Malik Monk,
insert-freshman-phenoms,14,,false,,Miles Bridges,
insert-sensational-swatches,16,,false,,Nicolas Batum,
auto-signatures,S-GRC,,true,,Glen Rice,
base,10,,false,,Tony Parker,
auto-signatures,S-CZL,,true,,Cody Zeller,
auto-signatures,S-BBY,,true,,Bismack Biyombo,
base,20,,false,,Nicolas Batum,
base,30,,false,,Michael Kidd-Gilchrist,
auto-sensational-signatures,SS-DGR,,true,,Devonte' Graham,
auto-rookie-signatures,RS-DGR,,true,,Devonte' Graham,
auto-fastbreak-autographs,FB-CZL,,true,,Cody Zeller,
insert-sensational-swatches,68,,false,,Devonte' Graham,
auto-sensational-signatures,SS-TPK,,true,,Tony Parker,
base,60,,false,,Frank Kaminsky,
insert-emergent,12,,false,,Miles Bridges,
insert-luck-of-the-lottery,12,,false,,Miles Bridges,
base,288,,false,,Devonte' Graham,
auto-fastbreak-autographs-rookies,FR-DGR,,true,,Devonte' Graham,
base,298,,false,,Kemba Walker,
insert-dominance,24,,false,,Scottie Pippen,
base,65,,false,,Scottie Pippen,
insert-freshman-phenoms,19,,false,,Wendell Carter Jr.,
base,100,,false,,Zach LaVine,
insert-freshman-phenoms,4,,false,,Chandler Hutchison,
insert-fireworks,11,,false,,Lauri Markkanen,
auto-fastbreak-autographs-rookies,FR-WCJ,,true,,Wendell Carter Jr.,
base,110,,false,,Lauri Markkanen,
auto-sensational-signatures,SS-SKR,,true,,Steve Kerr,
auto-sensational-signatures,SS-WCJ,,true,,Wendell Carter Jr.,
auto-sensational-signatures,SS-ZLV,,true,,Zach LaVine,
auto-fastbreak-autographs-rookies,FR-CHS,,true,,Chandler Hutchison,
base,120,,false,,Robin Lopez,
auto-fastbreak-autographs,FB-ZLV,,true,,Zach LaVine,
insert-sensational-swatches,64,,false,,Chandler Hutchison,
base,130,,false,,Jabari Parker,
auto-fastbreak-autographs,FB-CHG,,true,,Craig Hodges,
insert-emergent,22,,false,,Chandler Hutchison,
insert-emergent,7,,false,,Wendell Carter Jr.,
base,140,,false,,Bobby Portis,
base,70,,false,,Chandler Hutchison,
insert-sensational-swatches,99,,false,,Wendell Carter Jr.,
insert-that-s-savage,7,,false,,Zach LaVine,
insert-all-day,23,,false,,Lauri Markkanen,
base,150,,false,,Justin Holiday,
auto-signatures,S-ZLV,,true,,Zach LaVine,
auto-rookie-signatures,RS-CHS,,true,,Chandler Hutchison,
insert-luck-of-the-lottery,7,,false,,Wendell Carter Jr.,
base,90,,false,,Kris Dunn,
base,80,,false,,Wendell Carter Jr.,
auto-rookie-signatures,RS-WCJ,,true,,Wendell Carter Jr.,
auto-sensational-signatures,SS-CHS,,true,,Chandler Hutchison,
auto-sensational-signatures,SS-CSX,,true,,Collin Sexton,
insert-sensational-swatches,26,,false,,JR Smith,
auto-fastbreak-autographs-rookies,FR-CSX,,true,,Collin Sexton,
base,210,,false,,Larry Nance Jr.,
auto-sensational-signatures,SS-JRS,,true,,JR Smith,
base,220,,false,,Channing Frye,
base,200,,false,,Kyle Korver,
auto-signatures,S-JRS,,true,,JR Smith,
auto-rookie-signatures,RS-CSX,,true,,Collin Sexton,
insert-sensational-swatches,65,,false,,Collin Sexton,
insert-emergent,8,,false,,Collin Sexton,
base,170,,false,,Collin Sexton,
base,190,,false,,Jordan Clarkson,
base,160,,false,,George Hill,
insert-sensational-swatches,55,,false,,Kevin Love,
base,19,,false,,Billy Preston,
base,180,,false,,JR Smith,
base,240,,false,,Tristan Thompson,
base,230,,false,,Kevin Love,
insert-freshman-phenoms,18,,false,,Collin Sexton,
insert-luck-of-the-lottery,8,,false,,Collin Sexton,
insert-sensational-swatches,28,,false,,Tristan Thompson,
auto-fastbreak-autographs,FB-JRS,,true,,JR Smith,
auto-sensational-signatures,SS-JBR,,true,,Jalen Brunson,
base,250,,false,,Jalen Brunson,
base,2,,false,,Dirk Nowitzki,
base,12,,false,,DeAndre Jordan,
base,22,,false,,Kostas Antetokounmpo,
base,260,,false,,Dennis Smith Jr.,
base,270,,false,,J.J. Barea,
base,280,,false,,Luka Doncic,
base,290,,false,,Wesley Matthews,
base,300,,false,,Harrison Barnes,
insert-all-day,6,,false,,Dirk Nowitzki,
insert-dominance,13,,false,,Jason Kidd,
insert-dominance,21,,false,,Dirk Nowitzki,
insert-emergent,3,,false,,Luka Doncic,
auto-fastbreak-autographs,FB-MAG,,true,,Mark Aguirre,
auto-fastbreak-autographs-rookies,FR-JBR,,true,,Jalen Brunson,
auto-fastbreak-autographs-rookies,FR-LDC,,true,,Luka Doncic,
insert-fireworks,1,,false,,Dennis Smith Jr.,
insert-fireworks,29,,false,,Dirk Nowitzki,
insert-freshman-phenoms,23,,false,,Luka Doncic,
insert-go-hard-or-go-home,18,,false,,Dirk Nowitzki,
insert-luck-of-the-lottery,3,,false,,Luka Doncic,
auto-rookie-signatures,RS-KAN,,true,,Kostas Antetokounmpo,
auto-rookie-signatures,RS-LDC,,true,,Luka Doncic,
auto-sensational-signatures,SS-HBN,,true,,Harrison Barnes,
auto-sensational-signatures,SS-JKD,,true,,Jason Kidd,
auto-sensational-signatures,SS-LDC,,true,,Luka Doncic,
insert-sensational-swatches,9,,false,,Wesley Matthews,
insert-sensational-swatches,13,,false,,Harrison Barnes,
insert-sensational-swatches,18,,false,,Shawn Marion,
insert-sensational-swatches,44,,false,,Dwight Powell,
insert-sensational-swatches,45,,false,,Dirk Nowitzki,
insert-sensational-swatches,47,,false,,DeAndre Jordan,
insert-sensational-swatches,76,,false,,Jalen Brunson,
insert-sensational-swatches,87,,false,,Luka Doncic,
insert-that-s-savage,1,,false,,DeAndre Jordan,
insert-luck-of-the-lottery,14,,false,,Michael Porter Jr.,
insert-sensational-swatches,89,,false,,Michael Porter Jr.,
base,62,,false,,Jamal Murray,
base,102,,false,,Will Barton,
insert-freshman-phenoms,12,,false,,Michael Porter Jr.,
auto-sensational-signatures,SS-ITH,,true,,Isaiah Thomas,
auto-signatures,S-TLY,,true,,Trey Lyles,
base,72,,false,,Gary Harris,
base,82,,false,,Paul Millsap,
insert-fireworks,21,,false,,Nikola Jokic,
auto-sensational-signatures,SS-JVB,,true,,Jarred Vanderbilt,
base,112,,false,,Trey Lyles,
base,52,,false,,Isaiah Thomas,
auto-rookie-signatures,RS-MPJ,,true,,Michael Porter Jr.,
auto-fastbreak-autographs-rookies,FR-MPJ,,true,,Michael Porter Jr.,
auto-sensational-signatures,SS-MPJ,,true,,Michael Porter Jr.,
auto-fastbreak-autographs-rookies,FR-JVB,,true,,Jarred Vanderbilt,
base,92,,false,,Nikola Jokic,
base,42,,false,,Jarred Vanderbilt,
auto-fastbreak-autographs,FB-ITH,,true,,Isaiah Thomas,
auto-fastbreak-autographs,FB-DKM,,true,,Dikembe Mutombo,
auto-signatures,S-MAD,,true,,Michael Adams,
insert-sensational-swatches,31,,false,,Nikola Jokic,
insert-emergent,14,,false,,Michael Porter Jr.,
base,32,,false,,Michael Porter Jr.,
auto-fastbreak-autographs-rookies,FR-BRN,,true,,Bruce Brown,
auto-fastbreak-autographs,FB-JCD,,true,,Jose Calderon,
base,152,,false,,Luke Kennard,
auto-signatures,S-BLN,,true,,Bob Lanier,
insert-all-day,19,,false,,Blake Griffin,
base,162,,false,,Stanley Johnson,
auto-signatures,S-LGW,,true,,Langston Galloway,
auto-fastbreak-autographs,FB-ZZP,,true,,Zaza Pachulia,
base,192,,false,,Zaza Pachulia,
auto-rookie-signatures,RS-KYT,,true,,Khyri Thomas,
auto-signatures,S-ZZP,,true,,Zaza Pachulia,
insert-sensational-swatches,42,,false,,Andre Drummond,
insert-that-s-savage,4,,false,,Blake Griffin,
base,132,,false,,Bruce Brown,
auto-sensational-signatures,SS-BRN,,true,,Bruce Brown,
insert-go-hard-or-go-home,19,,false,,Blake Griffin,
base,202,,false,,Ish Smith,
insert-sensational-swatches,21,,false,,Grant Hill,
base,172,,false,,Blake Griffin,
insert-sensational-swatches,63,,false,,Bruce Brown,
auto-sensational-signatures,SS-JCD,,true,,Jose Calderon,
base,142,,false,,Reggie Jackson,
base,182,,false,,Andre Drummond,
insert-sensational-swatches,23,,false,,Blake Griffin,
base,122,,false,,Khyri Thomas,
insert-fireworks,3,,false,,Blake Griffin,
auto-rookie-signatures,RS-BRN,,true,,Bruce Brown,
insert-get-hyped,2,,false,,Stephen Curry,
auto-rookie-signatures,RS-JEV,,true,,Jacob Evans III,
base,232,,false,,Quinn Cook,
insert-fireworks,23,,false,,Stephen Curry,
insert-dominance,9,,false,,Kevin Durant,
auto-sensational-signatures,SS-JEV,,true,,Jacob Evans III,
base,282,,false,,DeMarcus Cousins,
insert-sensational-swatches,75,,false,,Jacob Evans III,
insert-fireworks,13,,false,,Kevin Durant,
base,242,,false,,Klay Thompson,
auto-signatures,S-SCY,,true,,Stephen Curry,
base,222,,false,,Stephen Curry,
base,212,,false,,Jacob Evans III,
insert-that-s-savage,5,,false,,Kevin Durant,
auto-signatures,S-KDR,,true,,Kevin Durant,
base,252,,false,,Kevin Durant,
insert-sensational-swatches,46,,false,,Klay Thompson,
auto-signatures,S-PSH,,true,,Purvis Short,
auto-fastbreak-autographs-rookies,FR-JEV,,true,,Jacob Evans III,
auto-signatures,S-RBY,,true,,Rick Barry,
auto-sensational-signatures,SS-SCY,,true,,Stephen Curry,
base,262,,false,,Andre Iguodala,
auto-sensational-signatures,SS-THD,,true,,Tim Hardaway,
auto-signatures,S-JJB,,true,,Jonas Jerebko,
base,292,,false,,Jordan Bell,
insert-sensational-swatches,2,,false,,Draymond Green,
auto-fastbreak-autographs,FB-KDR,,true,,Kevin Durant,
base,272,,false,,Draymond Green,
insert-all-day,14,,false,,Kevin Durant,
insert-all-day,12,,false,,Stephen Curry,
insert-dominance,18,,false,,Stephen Curry,
insert-go-hard-or-go-home,5,,false,,Kevin Durant,
insert-go-hard-or-go-home,3,,false,,Stephen Curry,
insert-get-hyped,6,,false,,Kevin Durant,
base,44,,false,,Michael Carter-Williams,
auto-rookie-signatures,RS-DML,,true,,De'Anthony Melton,
base,84,,false,,Gerald Green,
auto-signatures,S-KSM,,true,,Kenny Smith,
base,4,,false,,De'Anthony Melton,
base,14,,false,,Vincent Edwards,
insert-all-day,7,,false,,Chris Paul,
insert-all-day,11,,false,,James Harden,
base,24,,false,,Chris Paul,
insert-sensational-swatches,67,,false,,De'Anthony Melton,
auto-signatures,S-NNE,,true,,Nene,
insert-dominance,22,,false,,Hakeem Olajuwon,
base,34,,false,,James Harden,
insert-sensational-swatches,30,,false,,Ryan Anderson,
base,135,,false,,Yao Ming,
insert-sensational-swatches,27,,false,,Chris Paul,
insert-sensational-swatches,14,,false,,Hakeem Olajuwon,
auto-fastbreak-autographs,FB-KSM,,true,,Kenny Smith,
auto-fastbreak-autographs,FB-NNE,,true,,Nene,
auto-fastbreak-autographs-rookies,FR-DML,,true,,De'Anthony Melton,
auto-sensational-signatures,SS-RBY,,true,,Rick Barry,
auto-sensational-signatures,SS-KSM,,true,,Kenny Smith,
base,54,,false,,Eric Gordon,
insert-fireworks,5,,false,,James Harden,
insert-fireworks,15,,false,,Chris Paul,
base,59,,false,,Carmelo Anthony,
auto-signatures,S-TMG,,true,,Tracy McGrady,
auto-sensational-signatures,SS-DML,,true,,De'Anthony Melton,
base,64,,false,,Ryan Anderson,
insert-get-hyped,7,,false,,James Harden,
insert-go-hard-or-go-home,10,,false,,Chris Paul,
insert-go-hard-or-go-home,12,,false,,James Harden,
base,74,,false,,Clint Capela,
insert-fireworks,25,,false,,Victor Oladipo,
auto-sensational-signatures,SS-RML,,true,,Reggie Miller,
auto-sensational-signatures,SS-RSM,,true,,Rik Smits,
auto-fastbreak-autographs,FB-RSM,,true,,Rik Smits,
base,124,,false,,TJ Leaf,
auto-rookie-signatures,RS-AHD,,true,,Aaron Holiday,
auto-fastbreak-autographs,FB-RML,,true,,Reggie Miller,
auto-fastbreak-autographs,FB-MTN,,true,,Myles Turner,
auto-sensational-signatures,SS-AHD,,true,,Aaron Holiday,
insert-dominance,1,,false,,Reggie Miller,
base,55,,false,,Reggie Miller,
auto-fastbreak-autographs,FB-DMS,,true,,Domantas Sabonis,
insert-hall-monitors,10,,false,,Reggie Miller,
auto-signatures,S-MJK,,true,,Mark Jackson,
insert-all-day,4,,false,,Victor Oladipo,
base,134,,false,,Victor Oladipo,
insert-emergent,23,,false,,Aaron Holiday,
base,164,,false,,Myles Turner,
insert-sensational-swatches,61,,false,,Aaron Holiday,
base,94,,false,,Tyreke Evans,
base,144,,false,,Bojan Bogdanovic,
auto-sensational-signatures,SS-MTN,,true,,Myles Turner,
auto-signatures,S-RML,,true,,Reggie Miller,
base,114,,false,,Aaron Holiday,
base,174,,false,,Domantas Sabonis,
base,154,,false,,Thaddeus Young,
auto-fastbreak-autographs-rookies,FR-AHD,,true,,Aaron Holiday,
base,104,,false,,Darren Collison,
insert-freshman-phenoms,3,,false,,Aaron Holiday,
auto-sensational-signatures,SS-DSB,,true,,Domantas Sabonis,
auto-fastbreak-autographs-rookies,FR-JRB,,true,,Jerome Robinson,
auto-sensational-signatures,SS-SGA,,true,,Shai Gilgeous-Alexander,
base,264,,false,,Marcin Gortat,
auto-fastbreak-autographs,FB-MTD,,true,,Milos Teodosic,
base,234,,false,,Avery Bradley,
auto-fastbreak-autographs,FB-MJK,,true,,Mark Jackson,
auto-signatures,S-QRS,,true,,Quentin Richardson,
base,214,,false,,Milos Teodosic,
base,194,,false,,Jerome Robinson,
insert-freshman-phenoms,15,,false,,Shai Gilgeous-Alexander,
insert-freshman-phenoms,13,,false,,Jerome Robinson,
base,204,,false,,Patrick Beverley,
base,184,,false,,Shai Gilgeous-Alexander,
insert-luck-of-the-lottery,11,,false,,Shai Gilgeous-Alexander,
insert-luck-of-the-lottery,13,,false,,Jerome Robinson,
base,224,,false,,Lou Williams,
insert-sensational-swatches,39,,false,,Paul Pierce,
insert-emergent,11,,false,,Shai Gilgeous-Alexander,
insert-emergent,13,,false,,Jerome Robinson,
auto-sensational-signatures,SS-JRB,,true,,Jerome Robinson,
base,244,,false,,Tobias Harris,
auto-fastbreak-autographs-rookies,FR-SGA,,true,,Shai Gilgeous-Alexander,
insert-sensational-swatches,79,,false,,Jerome Robinson,
insert-sensational-swatches,95,,false,,Shai Gilgeous-Alexander,
base,254,,false,,Danilo Gallinari,
auto-signatures,S-DML,,true,,Darius Miles,
auto-rookie-signatures,RS-SGA,,true,,Shai Gilgeous-Alexander,
insert-dominance,6,,false,,Kobe Bryant,
base,16,,false,,Kyle Kuzma,
base,26,,false,,Brandon Ingram,
base,145,,false,,Jerry West,
base,15,,false,,Kobe Bryant,
base,294,,false,,Lonzo Ball,
insert-sensational-swatches,59,,false,,LeBron James,
insert-go-hard-or-go-home,2,,false,,LeBron James,
insert-dominance,29,,false,,LeBron James,
insert-sensational-swatches,49,,false,,Shaquille O'Neal,
base,284,,false,,Moritz Wagner,
base,35,,false,,Shaquille O'Neal,
insert-emergent,25,,false,,Moritz Wagner,
base,36,,false,,Rajon Rondo,
insert-sensational-swatches,19,,false,,Kobe Bryant,
auto-fastbreak-autographs,FB-GRC,,true,,Glen Rice,
base,274,,false,,Svi Mykhailiuk,
auto-fastbreak-autographs,FB-IZB,,true,,Ivica Zubac,
auto-fastbreak-autographs,FB-KBR,,true,,Kobe Bryant,
base,6,,false,,LeBron James,
insert-that-s-savage,2,,false,,LeBron James,
auto-signatures,S-LWT,,true,,Luke Walton,
insert-hall-monitors,9,,false,,Kareem Abdul-Jabbar,
auto-fastbreak-autographs,FB-LWT,,true,,Luke Walton,
auto-fastbreak-autographs,FB-MJS,,true,,Magic Johnson,
auto-sensational-signatures,SS-SVI,,true,,Svi Mykhailiuk,
auto-signatures,S-KAJ,,true,,Kareem Abdul-Jabbar,
base,46,,false,,Josh Hart,
insert-hall-monitors,1,,false,,Magic Johnson,
base,115,,false,,Kareem Abdul-Jabbar,
auto-sensational-signatures,SS-MWG,,true,,Moritz Wagner,
auto-signatures,S-KBR,,true,,Kobe Bryant,
auto-fastbreak-autographs-rookies,FR-MWG,,true,,Moritz Wagner,
auto-sensational-signatures,SS-KAJ,,true,,Kareem Abdul-Jabbar,
insert-fireworks,7,,false,,Lonzo Ball,
insert-fireworks,17,,false,,Kyle Kuzma,
insert-fireworks,19,,false,,LeBron James,
insert-freshman-phenoms,1,,false,,Moritz Wagner,
base,56,,false,,Kentavious Caldwell-Pope,
auto-sensational-signatures,SS-IZB,,true,,Ivica Zubac,
insert-hall-monitors,6,,false,,Shaquille O'Neal,
auto-rookie-signatures,RS-MWG,,true,,Moritz Wagner,
insert-get-hyped,4,,false,,LeBron James,
insert-all-day,8,,false,,Kyle Kuzma,
insert-all-day,10,,false,,LeBron James,
base,205,,false,,Wilt Chamberlain,
insert-sensational-swatches,96,,false,,Svi Mykhailiuk,
insert-dominance,2,,false,,Magic Johnson,
base,86,,false,,Mike Conley,
insert-sensational-swatches,77,,false,,Jaren Jackson Jr.,
base,146,,false,,Yuta Watanabe,
insert-fireworks,27,,false,,Marc Gasol,
base,106,,false,,Dillon Brooks,
base,136,,false,,Marc Gasol,
auto-sensational-signatures,SS-JJJ,,true,,Jaren Jackson Jr.,
auto-fastbreak-autographs-rookies,FR-JCT,,true,,Jevon Carter,
auto-fastbreak-autographs-rookies,FR-JJJ,,true,,Jaren Jackson Jr.,
base,126,,false,,JaMychal Green,
insert-freshman-phenoms,22,,false,,Jaren Jackson Jr.,
insert-luck-of-the-lottery,4,,false,,Jaren Jackson Jr.,
base,76,,false,,Jevon Carter,
base,66,,false,,Jaren Jackson Jr.,
base,116,,false,,Chandler Parsons,
auto-rookie-signatures,RS-JJJ,,true,,Jaren Jackson Jr.,
base,96,,false,,MarShon Brooks,
insert-emergent,4,,false,,Jaren Jackson Jr.,
auto-signatures,S-PJB,,true,,P.J. Brown,
insert-sensational-swatches,100,,false,,Jermaine O'Neal,
auto-fastbreak-autographs,FB-DWD,,true,,Dwyane Wade,
auto-sensational-signatures,SS-GDR,,true,,Goran Dragic,
insert-sensational-swatches,10,,false,,Ray Allen,
base,206,,false,,Dwyane Wade,
auto-fastbreak-autographs,FB-JWL,,true,,Justise Winslow,
insert-dominance,23,,false,,Dwyane Wade,
base,236,,false,,Kelly Olynyk,
base,216,,false,,Tyler Johnson,
auto-sensational-signatures,SS-DWD,,true,,Dwyane Wade,
auto-fastbreak-autographs,FB-GDR,,true,,Goran Dragic,
insert-sensational-swatches,38,,false,,Dwyane Wade,
base,166,,false,,Dion Waiters,
base,186,,false,,James Johnson,
insert-fireworks,8,,false,,Dwyane Wade,
auto-sensational-signatures,SS-DWT,,true,,Dion Waiters,
base,196,,false,,Hassan Whiteside,
auto-signatures,S-JWL,,true,,Justise Winslow,
base,226,,false,,Bam Adebayo,
auto-sensational-signatures,SS-JWL,,true,,Justise Winslow,
base,176,,false,,Josh Richardson,
insert-go-hard-or-go-home,15,,false,,Dwyane Wade,
auto-fastbreak-autographs,FB-THW,,true,,Tim Hardaway,
base,156,,false,,Goran Dragic,
auto-signatures,S-GDR,,true,,Goran Dragic,
insert-all-day,2,,false,,Dwyane Wade,
base,296,,false,,Giannis Antetokounmpo,
base,27,,false,,Thon Maker,
insert-get-hyped,8,,false,,Giannis Antetokounmpo,
base,7,,false,,Ersan Ilyasova,
auto-fastbreak-autographs-rookies,FR-DDV,,true,,Donte DiVincenzo,
base,276,,false,,Malcolm Brogdon,
auto-sensational-signatures,SS-BLP,,true,,Brook Lopez,
base,256,,false,,Eric Bledsoe,
auto-signatures,S-BLP,,true,,Brook Lopez,
auto-sensational-signatures,SS-MDL,,true,,Matthew Dellavedova,
auto-sensational-signatures,SS-KMD,,true,,Khris Middleton,
base,246,,false,,Donte DiVincenzo,
auto-sensational-signatures,SS-BLN,,true,,Bob Lanier,
insert-emergent,17,,false,,Donte DiVincenzo,
insert-all-day,18,,false,,Giannis Antetokounmpo,
insert-dominance,5,,false,,Oscar Robertson,
insert-fireworks,18,,false,,Giannis Antetokounmpo,
base,286,,false,,Khris Middleton,
auto-rookie-signatures,RS-DDV,,true,,Donte DiVincenzo,
insert-that-s-savage,8,,false,,Giannis Antetokounmpo,
auto-signatures,S-BDR,,true,,Bob Dandridge,
insert-freshman-phenoms,9,,false,,Donte DiVincenzo,
auto-signatures,S-MBG,,true,,Malcolm Brogdon,
auto-signatures,S-TMK,,true,,Thon Maker,
auto-fastbreak-autographs,FB-JHS,,true,,John Henson,
auto-fastbreak-autographs,FB-KAJ,,true,,Kareem Abdul-Jabbar,
insert-sensational-swatches,69,,false,,Donte DiVincenzo,
auto-sensational-signatures,SS-DDV,,true,,Donte DiVincenzo,
auto-fastbreak-autographs,FB-KMD,,true,,Khris Middleton,
base,17,,false,,John Henson,
insert-dominance,7,,false,,Kareem Abdul-Jabbar,
base,125,,false,,Oscar Robertson,
insert-go-hard-or-go-home,9,,false,,Giannis Antetokounmpo,
auto-fastbreak-autographs,FB-ORB,,true,,Oscar Robertson,
auto-signatures,S-JET,,true,,Jason Terry,
base,266,,false,,Matthew Dellavedova,
auto-fastbreak-autographs,FB-TMK,,true,,Thon Maker,
base,285,,false,,George Mikan,
base,57,,false,,Jeff Teague,
base,37,,false,,Josh Okogie,
base,87,,false,,Andrew Wiggins,
base,77,,false,,Derrick Rose,
insert-emergent,20,,false,,Josh Okogie,
base,67,,false,,Jimmy Butler,
insert-sensational-swatches,81,,false,,Josh Okogie,
auto-fastbreak-autographs,FB-AWG,,true,,Andrew Wiggins,
insert-sensational-swatches,25,,false,,Jimmy Butler,
auto-signatures,S-AWG,,true,,Andrew Wiggins,
base,47,,false,,Keita Bates-Diop,
auto-rookie-signatures,RS-JOK,,true,,Josh Okogie,
auto-fastbreak-autographs-rookies,FR-KBD,,true,,Keita Bates-Diop,
base,235,,false,,Kevin Garnett,
base,117,,false,,Gorgui Dieng,
insert-sensational-swatches,82,,false,,Keita Bates-Diop,
auto-fastbreak-autographs-rookies,FR-JOK,,true,,Josh Okogie,
auto-rookie-signatures,RS-KBD,,true,,Keita Bates-Diop,
auto-sensational-signatures,SS-JOK,,true,,Josh Okogie,
insert-sensational-swatches,17,,false,,Kevin Garnett,
insert-fireworks,10,,false,,Andrew Wiggins,
base,107,,false,,Karl-Anthony Towns,
insert-fireworks,28,,false,,Karl-Anthony Towns,
insert-sensational-swatches,5,,false,,Andrew Wiggins,
insert-sensational-swatches,15,,false,,Karl-Anthony Towns,
insert-go-hard-or-go-home,4,,false,,Karl-Anthony Towns,
insert-freshman-phenoms,6,,false,,Josh Okogie,
auto-sensational-signatures,SS-KBD,,true,,Keita Bates-Diop,
base,97,,false,,Taj Gibson,
insert-all-day,24,,false,,Karl-Anthony Towns,
insert-sensational-swatches,57,,false,,Derrick Rose,
base,215,,false,,Baron Davis,
base,167,,false,,Julius Randle,
base,197,,false,,Solomon Hill,
insert-all-day,20,,false,,Anthony Davis,
insert-fireworks,20,,false,,Anthony Davis,
base,127,,false,,Elfrid Payton,
base,177,,false,,Anthony Davis,
base,137,,false,,Jrue Holiday,
insert-go-hard-or-go-home,1,,false,,Anthony Davis,
insert-sensational-swatches,54,,false,,Anthony Davis,
insert-that-s-savage,3,,false,,Anthony Davis,
base,157,,false,,Nikola Mirotic,
base,207,,false,,Ian Clark,
base,187,,false,,Emeka Okafor,
auto-signatures,S-JHD,,true,,Jrue Holiday,
base,147,,false,,E'Twaun Moore,
insert-sensational-swatches,24,,false,,Elfrid Payton,
auto-signatures,S-NMT,,true,,Nikola Mirotic,
base,297,,false,,Courtney Lee,
base,217,,false,,Kevin Knox,
base,227,,false,,Mitchell Robinson,
base,237,,false,,Tim Hardaway Jr.,
base,247,,false,,Frank Ntilikina,
base,257,,false,,Mario Hezonja,
base,267,,false,,Kristaps Porzingis,
base,277,,false,,Enes Kanter,
base,287,,false,,Trey Burke,
insert-all-day,16,,false,,Kristaps Porzingis,
insert-dominance,10,,false,,Walt Frazier,
insert-dominance,28,,false,,Patrick Ewing,
insert-emergent,9,,false,,Kevin Knox,
auto-fastbreak-autographs,FB-CLE,,true,,Courtney Lee,
auto-fastbreak-autographs,FB-EMD,,true,,Emmanuel Mudiay,
auto-fastbreak-autographs,FB-KPZ,,true,,Kristaps Porzingis,
auto-fastbreak-autographs,FB-THJ,,true,,Tim Hardaway Jr.,
auto-fastbreak-autographs-rookies,FR-KNX,,true,,Kevin Knox,
auto-fastbreak-autographs-rookies,FR-MRO,,true,,Mitchell Robinson,
base,105,,false,,Patrick Ewing,
insert-fireworks,30,,false,,Kristaps Porzingis,
insert-freshman-phenoms,17,,false,,Kevin Knox,
insert-get-hyped,3,,false,,Kristaps Porzingis,
insert-go-hard-or-go-home,7,,false,,Kristaps Porzingis,
insert-luck-of-the-lottery,9,,false,,Kevin Knox,
auto-rookie-signatures,RS-KNX,,true,,Kevin Knox,
auto-sensational-signatures,SS-BKG,,true,,Bernard King,
auto-sensational-signatures,SS-CLE,,true,,Courtney Lee,
auto-sensational-signatures,SS-EMD,,true,,Emmanuel Mudiay,
auto-sensational-signatures,SS-KNX,,true,,Kevin Knox,
auto-sensational-signatures,SS-KPZ,,true,,Kristaps Porzingis,
auto-sensational-signatures,SS-MJK,,true,,Mark Jackson,
auto-sensational-signatures,SS-THJ,,true,,Tim Hardaway Jr.,
insert-sensational-swatches,4,,false,,Courtney Lee,
insert-sensational-swatches,8,,false,,Amar'e Stoudemire,
insert-sensational-swatches,20,,false,,Jason Kidd,
insert-sensational-swatches,29,,false,,Kristaps Porzingis,
insert-sensational-swatches,40,,false,,Tim Hardaway Jr.,
insert-sensational-swatches,84,,false,,Kevin Knox,
auto-signatures,S-KPZ,,true,,Kristaps Porzingis,
base,209,,false,,Allonzo Trier,
base,39,,false,,Russell Westbrook,
auto-sensational-signatures,SS-JGT,,true,,Jerami Grant,
insert-sensational-swatches,74,,false,,Hamidou Diallo,
auto-sensational-signatures,SS-HDL,,true,,Hamidou Diallo,
insert-all-day,9,,false,,Russell Westbrook,
insert-all-day,5,,false,,Paul George,
base,9,,false,,Hamidou Diallo,
insert-get-hyped,1,,false,,Russell Westbrook,
base,69,,false,,Steven Adams,
auto-fastbreak-autographs,FB-PPS,,true,,Patrick Patterson,
auto-rookie-signatures,RS-HDL,,true,,Hamidou Diallo,
base,89,,false,,Jerami Grant,
insert-that-s-savage,10,,false,,Russell Westbrook,
insert-go-hard-or-go-home,20,,false,,Russell Westbrook,
base,49,,false,,Paul George,
auto-fastbreak-autographs,FB-JGT,,true,,Jerami Grant,
auto-sensational-signatures,SS-PPS,,true,,Patrick Patterson,
insert-sensational-swatches,41,,false,,Nerlens Noel,
base,79,,false,,Nerlens Noel,
auto-fastbreak-autographs-rookies,FR-HDL,,true,,Hamidou Diallo,
insert-fireworks,2,,false,,Russell Westbrook,
insert-fireworks,12,,false,,Paul George,
base,29,,false,,Kevin Hervey,
insert-sensational-swatches,51,,false,,Aaron Gordon,
base,119,,false,,Justin Jackson,
insert-sensational-swatches,1,,false,,Shaquille O'Neal,
auto-sensational-signatures,SS-TMG,,true,,Tracy McGrady,
auto-fastbreak-autographs,FB-TRS,,true,,Terrence Ross,
base,159,,false,,Aaron Gordon,
base,179,,false,,Jonathan Isaac,
auto-sensational-signatures,SS-AHW,,true,,Anfernee Hardaway,
base,169,,false,,Nikola Vucevic,
auto-signatures,S-TRS,,true,,Terrence Ross,
auto-signatures,S-AHW,,true,,Anfernee Hardaway,
insert-freshman-phenoms,20,,false,,Mo Bamba,
base,99,,false,,Mo Bamba,
insert-luck-of-the-lottery,6,,false,,Mo Bamba,
auto-rookie-signatures,RS-MBB,,true,,Mo Bamba,
insert-sensational-swatches,91,,false,,Mo Bamba,
insert-that-s-savage,9,,false,,Aaron Gordon,
base,149,,false,,Terrence Ross,
insert-dominance,4,,false,,Shaquille O'Neal,
base,109,,false,,Melvin Frazier Jr.,
insert-emergent,6,,false,,Mo Bamba,
base,139,,false,,Evan Fournier,
auto-rookie-signatures,RS-MLF,,true,,Melvin Frazier Jr.,
auto-fastbreak-autographs-rookies,FR-MBB,,true,,Mo Bamba,
auto-sensational-signatures,SS-MBB,,true,,Mo Bamba,
base,129,,false,,D.J. Augustin,
insert-emergent,16,,false,,Zhaire Smith,
auto-fastbreak-autographs,FB-AMK,,true,,Aaron McKie,
base,269,,false,,Robert Covington,
insert-freshman-phenoms,10,,false,,Zhaire Smith,
base,45,,false,,Allen Iverson,
auto-signatures,S-JEV,,true,,Julius Erving,
insert-sensational-swatches,85,,false,,Landry Shamet,
base,219,,false,,Ben Simmons,
base,229,,false,,Markelle Fultz,
insert-hall-monitors,3,,false,,Charles Barkley,
auto-sensational-signatures,SS-JEV,,true,,Julius Erving,
insert-fireworks,22,,false,,Ben Simmons,
base,259,,false,,Joel Embiid,
base,249,,false,,Wilson Chandler,
insert-dominance,17,,false,,Julius Erving,
auto-sensational-signatures,SS-AMK,,true,,Aaron McKie,
insert-dominance,19,,false,,Allen Iverson,
insert-fireworks,4,,false,,Joel Embiid,
auto-sensational-signatures,SS-AJN,,true,,Amir Johnson,
auto-fastbreak-autographs-rookies,FR-ZSM,,true,,Zhaire Smith,
insert-hall-monitors,8,,false,,Allen Iverson,
insert-dominance,26,,false,,Wilt Chamberlain,
base,95,,false,,Julius Erving,
auto-fastbreak-autographs,FB-JEM,,true,,Joel Embiid,
auto-fastbreak-autographs-rookies,FR-LSH,,true,,Landry Shamet,
auto-signatures,S-WBF,,true,,World B. Free,
auto-sensational-signatures,SS-ZSM,,true,,Zhaire Smith,
auto-rookie-signatures,RS-ZSM,,true,,Zhaire Smith,
insert-go-hard-or-go-home,6,,false,,Joel Embiid,
auto-rookie-signatures,RS-LSH,,true,,Landry Shamet,
insert-get-hyped,9,,false,,Ben Simmons,
insert-get-hyped,5,,false,,Joel Embiid,
auto-signatures,S-HHK,,true,,Hersey Hawkins,
auto-signatures,S-ESN,,true,,Eric Snow,
auto-signatures,S-JEM,,true,,Joel Embiid,
auto-signatures,S-CBK,,true,,Charles Barkley,
insert-sensational-swatches,32,,false,,Allen Iverson,
auto-fastbreak-autographs,FB-JEV,,true,,Julius Erving,
base,189,,false,,Zhaire Smith,
base,239,,false,,JJ Redick,
insert-all-day,1,,false,,Joel Embiid,
insert-all-day,3,,false,,Ben Simmons,
base,199,,false,,Landry Shamet,
auto-sensational-signatures,SS-LSH,,true,,Landry Shamet,
insert-go-hard-or-go-home,8,,false,,Ben Simmons,
auto-sensational-signatures,SS-TJW,,true,,TJ Warren,
auto-rookie-signatures,RS-MKB,,true,,Mikal Bridges,
auto-sensational-signatures,SS-DAY,,true,,Deandre Ayton,
insert-freshman-phenoms,25,,false,,Deandre Ayton,
auto-sensational-signatures,SS-EOK,,true,,Elie Okobo,
insert-freshman-phenoms,16,,false,,Mikal Bridges,
auto-fastbreak-autographs-rookies,FR-MKB,,true,,Mikal Bridges,
base,51,,false,,Dragan Bender,
auto-sensational-signatures,SS-MKB,,true,,Mikal Bridges,
auto-fastbreak-autographs-rookies,FR-EOK,,true,,Elie Okobo,
auto-fastbreak-autographs-rookies,FR-DAY,,true,,Deandre Ayton,
base,41,,false,,Trevor Ariza,
auto-fastbreak-autographs,FB-KJN,,true,,Kevin Johnson,
auto-fastbreak-autographs,FB-CBK,,true,,Charles Barkley,
insert-emergent,10,,false,,Mikal Bridges,
insert-emergent,1,,false,,Deandre Ayton,
base,31,,false,,Josh Jackson,
insert-sensational-swatches,66,,false,,Deandre Ayton,
insert-dominance,11,,false,,Steve Nash,
insert-sensational-swatches,71,,false,,Elie Okobo,
insert-sensational-swatches,90,,false,,Mikal Bridges,
base,21,,false,,TJ Warren,
base,299,,false,,Elie Okobo,
base,295,,false,,Amar'e Stoudemire,
base,289,,false,,Mikal Bridges,
auto-signatures,S-CST,,true,,Charlie Scott,
base,11,,false,,Devin Booker,
base,279,,false,,Deandre Ayton,
base,155,,false,,Steve Nash,
base,265,,false,,Stephon Marbury,
base,5,,false,,Charles Barkley,
base,1,,false,,Brandon Knight,
auto-rookie-signatures,RS-DAY,,true,,Deandre Ayton,
insert-luck-of-the-lottery,10,,false,,Mikal Bridges,
auto-rookie-signatures,RS-EOK,,true,,Elie Okobo,
insert-luck-of-the-lottery,1,,false,,Deandre Ayton,
base,111,,false,,Al-Farouq Aminu,
auto-signatures,S-WB4,,true,,Wade Baldwin IV,
insert-dominance,25,,false,,Bill Walton,
base,91,,false,,C.J. McCollum,
insert-sensational-swatches,33,,false,,Scottie Pippen,
base,131,,false,,Seth Curry,
insert-go-hard-or-go-home,13,,false,,Damian Lillard,
base,71,,false,,Gary Trent Jr.,
insert-sensational-swatches,62,,false,,Anfernee Simons,
insert-fireworks,14,,false,,Damian Lillard,
base,275,,false,,Drazen Petrovic,
auto-sensational-signatures,SS-DLL,,true,,Damian Lillard,
insert-sensational-swatches,6,,false,,Damian Lillard,
base,81,,false,,Damian Lillard,
auto-sensational-signatures,SS-SCR,,true,,Seth Curry,
insert-dominance,8,,false,,Clyde Drexler,
auto-fastbreak-autographs-rookies,FR-ASM,,true,,Anfernee Simons,
base,121,,false,,Jusuf Nurkic,
insert-sensational-swatches,72,,false,,Gary Trent Jr.,
auto-fastbreak-autographs,FB-ZCL,,true,,Zach Collins,
insert-freshman-phenoms,2,,false,,Anfernee Simons,
insert-all-day,25,,false,,Damian Lillard,
insert-sensational-swatches,11,,false,,C.J. McCollum,
base,101,,false,,Evan Turner,
auto-sensational-signatures,SS-ZCL,,true,,Zach Collins,
insert-sensational-swatches,43,,false,,Clyde Drexler,
auto-fastbreak-autographs,FB-SCR,,true,,Seth Curry,
insert-sensational-swatches,92,,false,,Maurice Harkless,
base,141,,false,,Zach Collins,
insert-emergent,24,,false,,Anfernee Simons,
base,61,,false,,Anfernee Simons,
auto-fastbreak-autographs-rookies,FR-GTJ,,true,,Gary Trent Jr.,
auto-sensational-signatures,SS-ASM,,true,,Anfernee Simons,
auto-rookie-signatures,RS-ASM,,true,,Anfernee Simons,
auto-sensational-signatures,SS-GTJ,,true,,Gary Trent Jr.,
insert-sensational-swatches,12,,false,,Seth Curry,
insert-emergent,2,,false,,Marvin Bagley III,
base,151,,false,,De'Aaron Fox,
base,221,,false,,Willie Cauley-Stein,
base,211,,false,,Zach Randolph,
auto-fastbreak-autographs-rookies,FR-MB3,,true,,Marvin Bagley III,
insert-sensational-swatches,88,,false,,Marvin Bagley III,
base,201,,false,,Harry Giles,
base,171,,false,,Buddy Hield,
base,165,,false,,Chris Webber,
base,161,,false,,Bogdan Bogdanovic,
base,181,,false,,Marvin Bagley III,
base,191,,false,,Justin Jackson,
auto-sensational-signatures,SS-BGB,,true,,Bogdan Bogdanovic,
insert-sensational-swatches,52,,false,,Willie Cauley-Stein,
auto-sensational-signatures,SS-BHD,,true,,Buddy Hield,
auto-rookie-signatures,RS-MB3,,true,,Marvin Bagley III,
auto-fastbreak-autographs,FB-BHD,,true,,Buddy Hield,
base,231,,false,,Frank Mason III,
insert-freshman-phenoms,24,,false,,Marvin Bagley III,
auto-fastbreak-autographs,FB-BDB,,true,,Bogdan Bogdanovic,
auto-sensational-signatures,SS-MB3,,true,,Marvin Bagley III,
insert-luck-of-the-lottery,2,,false,,Marvin Bagley III,
base,225,,false,,Tim Duncan,
insert-sensational-swatches,22,,false,,DeMar DeRozan,
insert-emergent,18,,false,,Lonnie Walker IV,
auto-sensational-signatures,SS-LW4,,true,,Lonnie Walker IV,
insert-sensational-swatches,34,,false,,David Robinson,
insert-dominance,27,,false,,Tim Duncan,
insert-dominance,20,,false,,George Gervin,
insert-fireworks,24,,false,,DeMar DeRozan,
base,195,,false,,David Robinson,
insert-all-day,22,,false,,DeMar DeRozan,
insert-sensational-swatches,78,,false,,Pau Gasol,
base,23,,false,,Patty Mills,
insert-sensational-swatches,86,,false,,Lonnie Walker IV,
insert-freshman-phenoms,8,,false,,Lonnie Walker IV,
base,291,,false,,LaMarcus Aldridge,
base,13,,false,,Pau Gasol,
base,281,,false,,Manu Ginobili,
base,271,,false,,DeMar DeRozan,
insert-go-hard-or-go-home,11,,false,,DeMar DeRozan,
base,261,,false,,Dejounte Murray,
base,251,,false,,Lonnie Walker IV,
base,3,,false,,Rudy Gay,
auto-rookie-signatures,RS-LW4,,true,,Lonnie Walker IV,
base,241,,false,,Chimezie Metu,
auto-fastbreak-autographs-rookies,FR-LW4,,true,,Lonnie Walker IV,
auto-fastbreak-autographs,FB-DRO,,true,,David Robinson,
base,103,,false,,Fred VanVleet,
base,83,,false,,Pascal Siakam,
base,43,,false,,Danny Green,
base,113,,false,,Delon Wright,
base,63,,false,,OG Anunoby,
base,33,,false,,Kyle Lowry,
auto-fastbreak-autographs,FB-TMG,,true,,Tracy McGrady,
base,73,,false,,Serge Ibaka,
base,53,,false,,Kawhi Leonard,
base,93,,false,,Jonas Valanciunas,
insert-fireworks,16,,false,,Donovan Mitchell,
base,133,,false,,Ricky Rubio,
base,173,,false,,Derrick Favors,
base,123,,false,,Grayson Allen,
insert-hall-monitors,7,,false,,John Stockton,
base,163,,false,,Dante Exum,
base,143,,false,,Donovan Mitchell,
auto-signatures,S-JSK,,true,,John Stockton,
insert-emergent,21,,false,,Grayson Allen,
auto-fastbreak-autographs,FB-JSK,,true,,John Stockton,
auto-fastbreak-autographs-rookies,FR-GAL,,true,,Grayson Allen,
insert-sensational-swatches,35,,false,,Rudy Gobert,
auto-signatures,S-AKL,,true,,Andrei Kirilenko,
insert-dominance,12,,false,,Karl Malone,
insert-sensational-swatches,7,,false,,Derrick Favors,
base,153,,false,,Joe Ingles,
auto-sensational-signatures,SS-DML,,true,,Donovan Mitchell,
base,75,,false,,Karl Malone,
insert-hall-monitors,5,,false,,Karl Malone,
base,193,,false,,Rudy Gobert,
insert-dominance,15,,false,,John Stockton,
insert-sensational-swatches,50,,false,,Karl Malone,
insert-go-hard-or-go-home,17,,false,,Donovan Mitchell,
base,183,,false,,Jae Crowder,
base,185,,false,,John Stockton,
insert-that-s-savage,6,,false,,Donovan Mitchell,
base,203,,false,,Alec Burks,
insert-freshman-phenoms,5,,false,,Grayson Allen,
auto-sensational-signatures,SS-GAL,,true,,Grayson Allen,
insert-all-day,17,,false,,Donovan Mitchell,
insert-sensational-swatches,73,,false,,Grayson Allen,
base,253,,false,,Otto Porter Jr.,
base,263,,false,,Kelly Oubre Jr.,
insert-sensational-swatches,60,,false,,Marcin Gortat,
insert-fireworks,6,,false,,John Wall,
base,243,,false,,Austin Rivers,
base,273,,false,,Markieff Morris,
insert-emergent,15,,false,,Troy Brown Jr.,
insert-sensational-swatches,37,,false,,Markieff Morris,
insert-sensational-swatches,36,,false,,John Wall,
base,223,,false,,John Wall,
auto-fastbreak-autographs,FB-KOJ,,true,,Kelly Oubre Jr.,
base,213,,false,,Troy Brown Jr.,
insert-freshman-phenoms,11,,false,,Troy Brown Jr.,
auto-fastbreak-autographs-rookies,FR-TBR,,true,,Troy Brown Jr.,
base,283,,false,,Jeff Green,
insert-sensational-swatches,98,,false,,Troy Brown Jr.,
insert-sensational-swatches,48,,false,,Bradley Beal,
auto-rookie-signatures,RS-TBR,,true,,Troy Brown Jr.,
base,233,,false,,Bradley Beal,
insert-sensational-swatches,80,,false,,Christian Laettner,
base,293,,false,,Dwight Howard,
insert-all-day,21,,false,,John Wall,
auto-sensational-signatures,SS-TBR,,true,,Troy Brown Jr.,
insert-luck-of-the-lottery,15,Hyper,false,,Class of 2018,
insert-luck-of-the-lottery,15,Fast Break,false,,Class of 2018,
insert-luck-of-the-lottery,15,Silver,false,,Class of 2018,
insert-luck-of-the-lottery,15,Mojo,false,25,Class of 2018,
insert-luck-of-the-lottery,15,Gold,false,10,Class of 2018,
insert-luck-of-the-lottery,15,Black,false,1,Class of 2018,
auto-sensational-signatures,SS-KHR,Prizms Choice,true,,Kevin Huerter,
auto-sensational-signatures,SS-KHR,Prizms Mojo,true,25,Kevin Huerter,
auto-sensational-signatures,SS-KHR,Prizms Gold,true,10,Kevin Huerter,
auto-sensational-signatures,SS-KHR,Prizms Choice Green,true,8,Kevin Huerter,
auto-sensational-signatures,SS-KHR,Prizms Black,true,1,Kevin Huerter,
auto-rookie-signatures,RS-OSP,Prizms Silver,true,,Omari Spellman,
auto-rookie-signatures,RS-OSP,Prizms Choice,true,,Omari Spellman,
auto-rookie-signatures,RS-OSP,Prizms Mojo,true,25,Omari Spellman,
auto-rookie-signatures,RS-OSP,Prizms Gold,true,10,Omari Spellman,
auto-rookie-signatures,RS-OSP,Prizms Choice Green,true,8,Omari Spellman,
auto-rookie-signatures,RS-OSP,Prizms Black,true,1,Omari Spellman,
auto-rookie-signatures,RS-OSP,Prizms White Sparkle,true,1,Omari Spellman,
auto-rookie-signatures,RS-KHR,Prizms Silver,true,,Kevin Huerter,
auto-rookie-signatures,RS-KHR,Prizms Choice,true,,Kevin Huerter,
auto-rookie-signatures,RS-KHR,Prizms Mojo,true,25,Kevin Huerter,
auto-rookie-signatures,RS-KHR,Prizms Gold,true,10,Kevin Huerter,
auto-rookie-signatures,RS-KHR,Prizms Choice Green,true,8,Kevin Huerter,
auto-rookie-signatures,RS-KHR,Prizms Black,true,1,Kevin Huerter,
auto-rookie-signatures,RS-KHR,Prizms White Sparkle,true,1,Kevin Huerter,
insert-luck-of-the-lottery,5,Hyper,false,,Trae Young,
insert-luck-of-the-lottery,5,Fast Break,false,,Trae Young,
insert-luck-of-the-lottery,5,Silver,false,,Trae Young,
insert-luck-of-the-lottery,5,Mojo,false,25,Trae Young,
insert-luck-of-the-lottery,5,Gold,false,10,Trae Young,
insert-luck-of-the-lottery,5,Black,false,1,Trae Young,
base,88,Prizms Blue,false,,Omari Spellman,
base,88,Prizms Blue Ice,false,,Omari Spellman,
base,88,Prizms Choice Blue Yellow and Green,false,,Omari Spellman,
base,88,Prizms Choice Green,false,,Omari Spellman,
base,88,Prizms Choice Nebula,false,,Omari Spellman,
base,88,Prizms Choice Red,false,,Omari Spellman,
base,88,Prizms Choice Tiger Stripe,false,,Omari Spellman,
base,88,Prizms Fast Break,false,,Omari Spellman,
base,88,Prizms Fast Break Blue,false,,Omari Spellman,
base,88,Prizms Fast Break Bronze,false,,Omari Spellman,
base,88,Prizms Fast Break Neon Green,false,,Omari Spellman,
base,88,Prizms Fast Break Pink,false,,Omari Spellman,
base,88,Prizms Fast Break Purple,false,,Omari Spellman,
base,88,Prizms Fast Break Red,false,,Omari Spellman,
base,88,Prizms Gold,false,,Omari Spellman,
base,88,Prizms Green,false,,Omari Spellman,
base,88,Prizms Green Pulsar,false,,Omari Spellman,
base,88,Prizms Hyper,false,,Omari Spellman,
base,88,Prizms Mojo,false,,Omari Spellman,
base,88,Prizms Orange,false,,Omari Spellman,
base,88,Prizms Pink Ice,false,,Omari Spellman,
base,88,Prizms Pink Pulsar,false,,Omari Spellman,
base,88,Prizms Purple,false,,Omari Spellman,
base,88,Prizms Purple Ice,false,,Omari Spellman,
base,88,Prizms Purple Pulsar,false,,Omari Spellman,
base,88,Prizms Purple Wave,false,,Omari Spellman,
base,88,Prizms Red,false,,Omari Spellman,
base,88,Prizms Red Ice,false,,Omari Spellman,
base,88,Prizms Red White and Blue,false,,Omari Spellman,
base,88,Prizms Ruby Wave,false,,Omari Spellman,
base,88,Prizms Silver,false,,Omari Spellman,
base,88,Prizms White Sparkle,false,,Omari Spellman,
base,88,Prizms 1st Off the Line Blue Shimmer,false,,Omari Spellman,
base,88,Prizms 1st Off the Line Light Blue Shimmer,false,,Omari Spellman,
base,88,Prizms 1st Off the Line Red Shimmer,false,,Omari Spellman,
base,88,Prizms Black,false,,Omari Spellman,
base,88,Prizms Black Gold,false,,Omari Spellman,
auto-signatures,S-DWL,Prizms Choice,true,,Dominique Wilkins,
auto-signatures,S-DWL,Prizms Silver,true,,Dominique Wilkins,
auto-signatures,S-DWL,Prizms Mojo,true,25,Dominique Wilkins,
auto-signatures,S-DWL,Prizms Gold,true,10,Dominique Wilkins,
auto-signatures,S-DWL,Prizms Choice Green,true,8,Dominique Wilkins,
auto-signatures,S-DWL,Prizms Black,true,1,Dominique Wilkins,
base,8,Prizms Blue,false,,Jeremy Lin,
base,8,Prizms Blue Ice,false,,Jeremy Lin,
base,8,Prizms Choice Blue Yellow and Green,false,,Jeremy Lin,
base,8,Prizms Choice Green,false,,Jeremy Lin,
base,8,Prizms Choice Nebula,false,,Jeremy Lin,
base,8,Prizms Choice Red,false,,Jeremy Lin,
base,8,Prizms Choice Tiger Stripe,false,,Jeremy Lin,
base,8,Prizms Fast Break,false,,Jeremy Lin,
base,8,Prizms Fast Break Blue,false,,Jeremy Lin,
base,8,Prizms Fast Break Bronze,false,,Jeremy Lin,
base,8,Prizms Fast Break Neon Green,false,,Jeremy Lin,
base,8,Prizms Fast Break Pink,false,,Jeremy Lin,
base,8,Prizms Fast Break Purple,false,,Jeremy Lin,
base,8,Prizms Fast Break Red,false,,Jeremy Lin,
base,8,Prizms Gold,false,,Jeremy Lin,
base,8,Prizms Green,false,,Jeremy Lin,
base,8,Prizms Green Pulsar,false,,Jeremy Lin,
base,8,Prizms Hyper,false,,Jeremy Lin,
base,8,Prizms Mojo,false,,Jeremy Lin,
base,8,Prizms Orange,false,,Jeremy Lin,
base,8,Prizms Pink Ice,false,,Jeremy Lin,
base,8,Prizms Pink Pulsar,false,,Jeremy Lin,
base,8,Prizms Purple,false,,Jeremy Lin,
base,8,Prizms Purple Ice,false,,Jeremy Lin,
base,8,Prizms Purple Pulsar,false,,Jeremy Lin,
base,8,Prizms Purple Wave,false,,Jeremy Lin,
base,8,Prizms Red,false,,Jeremy Lin,
base,8,Prizms Red Ice,false,,Jeremy Lin,
base,8,Prizms Red White and Blue,false,,Jeremy Lin,
base,8,Prizms Ruby Wave,false,,Jeremy Lin,
base,8,Prizms Silver,false,,Jeremy Lin,
base,8,Prizms White Sparkle,false,,Jeremy Lin,
base,8,Prizms 1st Off the Line Blue Shimmer,false,,Jeremy Lin,
base,8,Prizms 1st Off the Line Light Blue Shimmer,false,,Jeremy Lin,
base,8,Prizms 1st Off the Line Red Shimmer,false,,Jeremy Lin,
base,8,Prizms Black,false,,Jeremy Lin,
base,8,Prizms Black Gold,false,,Jeremy Lin,
insert-sensational-swatches,97,Prime,false,10,Trae Young,
base,18,Prizms Blue,false,,Kent Bazemore,
base,18,Prizms Blue Ice,false,,Kent Bazemore,
base,18,Prizms Choice Blue Yellow and Green,false,,Kent Bazemore,
base,18,Prizms Choice Green,false,,Kent Bazemore,
base,18,Prizms Choice Nebula,false,,Kent Bazemore,
base,18,Prizms Choice Red,false,,Kent Bazemore,
base,18,Prizms Choice Tiger Stripe,false,,Kent Bazemore,
base,18,Prizms Fast Break,false,,Kent Bazemore,
base,18,Prizms Fast Break Blue,false,,Kent Bazemore,
base,18,Prizms Fast Break Bronze,false,,Kent Bazemore,
base,18,Prizms Fast Break Neon Green,false,,Kent Bazemore,
base,18,Prizms Fast Break Pink,false,,Kent Bazemore,
base,18,Prizms Fast Break Purple,false,,Kent Bazemore,
base,18,Prizms Fast Break Red,false,,Kent Bazemore,
base,18,Prizms Gold,false,,Kent Bazemore,
base,18,Prizms Green,false,,Kent Bazemore,
base,18,Prizms Green Pulsar,false,,Kent Bazemore,
base,18,Prizms Hyper,false,,Kent Bazemore,
base,18,Prizms Mojo,false,,Kent Bazemore,
base,18,Prizms Orange,false,,Kent Bazemore,
base,18,Prizms Pink Ice,false,,Kent Bazemore,
base,18,Prizms Pink Pulsar,false,,Kent Bazemore,
base,18,Prizms Purple,false,,Kent Bazemore,
base,18,Prizms Purple Ice,false,,Kent Bazemore,
base,18,Prizms Purple Pulsar,false,,Kent Bazemore,
base,18,Prizms Purple Wave,false,,Kent Bazemore,
base,18,Prizms Red,false,,Kent Bazemore,
base,18,Prizms Red Ice,false,,Kent Bazemore,
base,18,Prizms Red White and Blue,false,,Kent Bazemore,
base,18,Prizms Ruby Wave,false,,Kent Bazemore,
base,18,Prizms Silver,false,,Kent Bazemore,
base,18,Prizms White Sparkle,false,,Kent Bazemore,
base,18,Prizms 1st Off the Line Blue Shimmer,false,,Kent Bazemore,
base,18,Prizms 1st Off the Line Light Blue Shimmer,false,,Kent Bazemore,
base,18,Prizms 1st Off the Line Red Shimmer,false,,Kent Bazemore,
base,18,Prizms Black,false,,Kent Bazemore,
base,18,Prizms Black Gold,false,,Kent Bazemore,
insert-emergent,5,Silver,false,,Trae Young,
insert-emergent,5,Green,false,,Trae Young,
insert-sensational-swatches,93,Prime,false,10,Omari Spellman,
base,78,Prizms Blue,false,,Trae Young,
base,78,Prizms Blue Ice,false,,Trae Young,
base,78,Prizms Choice Blue Yellow and Green,false,,Trae Young,
base,78,Prizms Choice Green,false,,Trae Young,
base,78,Prizms Choice Nebula,false,,Trae Young,
base,78,Prizms Choice Red,false,,Trae Young,
base,78,Prizms Choice Tiger Stripe,false,,Trae Young,
base,78,Prizms Fast Break,false,,Trae Young,
base,78,Prizms Fast Break Blue,false,,Trae Young,
base,78,Prizms Fast Break Bronze,false,,Trae Young,
base,78,Prizms Fast Break Neon Green,false,,Trae Young,
base,78,Prizms Fast Break Pink,false,,Trae Young,
base,78,Prizms Fast Break Purple,false,,Trae Young,
base,78,Prizms Fast Break Red,false,,Trae Young,
base,78,Prizms Gold,false,,Trae Young,
base,78,Prizms Green,false,,Trae Young,
base,78,Prizms Green Pulsar,false,,Trae Young,
base,78,Prizms Hyper,false,,Trae Young,
base,78,Prizms Mojo,false,,Trae Young,
base,78,Prizms Orange,false,,Trae Young,
base,78,Prizms Pink Ice,false,,Trae Young,
base,78,Prizms Pink Pulsar,false,,Trae Young,
base,78,Prizms Purple,false,,Trae Young,
base,78,Prizms Purple Ice,false,,Trae Young,
base,78,Prizms Purple Pulsar,false,,Trae Young,
base,78,Prizms Purple Wave,false,,Trae Young,
base,78,Prizms Red,false,,Trae Young,
base,78,Prizms Red Ice,false,,Trae Young,
base,78,Prizms Red White and Blue,false,,Trae Young,
base,78,Prizms Ruby Wave,false,,Trae Young,
base,78,Prizms Silver,false,,Trae Young,
base,78,Prizms White Sparkle,false,,Trae Young,
base,78,Prizms 1st Off the Line Blue Shimmer,false,,Trae Young,
base,78,Prizms 1st Off the Line Light Blue Shimmer,false,,Trae Young,
base,78,Prizms 1st Off the Line Red Shimmer,false,,Trae Young,
base,78,Prizms Black,false,,Trae Young,
base,78,Prizms Black Gold,false,,Trae Young,
insert-sensational-swatches,83,Prime,false,10,Kevin Huerter,
insert-emergent,19,Silver,false,,Kevin Huerter,
insert-emergent,19,Green,false,,Kevin Huerter,
base,28,Prizms Blue,false,,DeAndre' Bembry,
base,28,Prizms Blue Ice,false,,DeAndre' Bembry,
base,28,Prizms Choice Blue Yellow and Green,false,,DeAndre' Bembry,
base,28,Prizms Choice Green,false,,DeAndre' Bembry,
base,28,Prizms Choice Nebula,false,,DeAndre' Bembry,
base,28,Prizms Choice Red,false,,DeAndre' Bembry,
base,28,Prizms Choice Tiger Stripe,false,,DeAndre' Bembry,
base,28,Prizms Fast Break,false,,DeAndre' Bembry,
base,28,Prizms Fast Break Blue,false,,DeAndre' Bembry,
base,28,Prizms Fast Break Bronze,false,,DeAndre' Bembry,
base,28,Prizms Fast Break Neon Green,false,,DeAndre' Bembry,
base,28,Prizms Fast Break Pink,false,,DeAndre' Bembry,
base,28,Prizms Fast Break Purple,false,,DeAndre' Bembry,
base,28,Prizms Fast Break Red,false,,DeAndre' Bembry,
base,28,Prizms Gold,false,,DeAndre' Bembry,
base,28,Prizms Green,false,,DeAndre' Bembry,
base,28,Prizms Green Pulsar,false,,DeAndre' Bembry,
base,28,Prizms Hyper,false,,DeAndre' Bembry,
base,28,Prizms Mojo,false,,DeAndre' Bembry,
base,28,Prizms Orange,false,,DeAndre' Bembry,
base,28,Prizms Pink Ice,false,,DeAndre' Bembry,
base,28,Prizms Pink Pulsar,false,,DeAndre' Bembry,
base,28,Prizms Purple,false,,DeAndre' Bembry,
base,28,Prizms Purple Ice,false,,DeAndre' Bembry,
base,28,Prizms Purple Pulsar,false,,DeAndre' Bembry,
base,28,Prizms Purple Wave,false,,DeAndre' Bembry,
base,28,Prizms Red,false,,DeAndre' Bembry,
base,28,Prizms Red Ice,false,,DeAndre' Bembry,
base,28,Prizms Red White and Blue,false,,DeAndre' Bembry,
base,28,Prizms Ruby Wave,false,,DeAndre' Bembry,
base,28,Prizms Silver,false,,DeAndre' Bembry,
base,28,Prizms White Sparkle,false,,DeAndre' Bembry,
base,28,Prizms 1st Off the Line Blue Shimmer,false,,DeAndre' Bembry,
base,28,Prizms 1st Off the Line Light Blue Shimmer,false,,DeAndre' Bembry,
base,28,Prizms 1st Off the Line Red Shimmer,false,,DeAndre' Bembry,
base,28,Prizms Black,false,,DeAndre' Bembry,
base,28,Prizms Black Gold,false,,DeAndre' Bembry,
auto-fastbreak-autographs,FB-DWK,Gold,true,10,Dominique Wilkins,
auto-fastbreak-autographs,FB-DWK,Black,true,1,Dominique Wilkins,
base,38,Prizms Blue,false,,Taurean Prince,
base,38,Prizms Blue Ice,false,,Taurean Prince,
base,38,Prizms Choice Blue Yellow and Green,false,,Taurean Prince,
base,38,Prizms Choice Green,false,,Taurean Prince,
base,38,Prizms Choice Nebula,false,,Taurean Prince,
base,38,Prizms Choice Red,false,,Taurean Prince,
base,38,Prizms Choice Tiger Stripe,false,,Taurean Prince,
base,38,Prizms Fast Break,false,,Taurean Prince,
base,38,Prizms Fast Break Blue,false,,Taurean Prince,
base,38,Prizms Fast Break Bronze,false,,Taurean Prince,
base,38,Prizms Fast Break Neon Green,false,,Taurean Prince,
base,38,Prizms Fast Break Pink,false,,Taurean Prince,
base,38,Prizms Fast Break Purple,false,,Taurean Prince,
base,38,Prizms Fast Break Red,false,,Taurean Prince,
base,38,Prizms Gold,false,,Taurean Prince,
base,38,Prizms Green,false,,Taurean Prince,
base,38,Prizms Green Pulsar,false,,Taurean Prince,
base,38,Prizms Hyper,false,,Taurean Prince,
base,38,Prizms Mojo,false,,Taurean Prince,
base,38,Prizms Orange,false,,Taurean Prince,
base,38,Prizms Pink Ice,false,,Taurean Prince,
base,38,Prizms Pink Pulsar,false,,Taurean Prince,
base,38,Prizms Purple,false,,Taurean Prince,
base,38,Prizms Purple Ice,false,,Taurean Prince,
base,38,Prizms Purple Pulsar,false,,Taurean Prince,
base,38,Prizms Purple Wave,false,,Taurean Prince,
base,38,Prizms Red,false,,Taurean Prince,
base,38,Prizms Red Ice,false,,Taurean Prince,
base,38,Prizms Red White and Blue,false,,Taurean Prince,
base,38,Prizms Ruby Wave,false,,Taurean Prince,
base,38,Prizms Silver,false,,Taurean Prince,
base,38,Prizms White Sparkle,false,,Taurean Prince,
base,38,Prizms 1st Off the Line Blue Shimmer,false,,Taurean Prince,
base,38,Prizms 1st Off the Line Light Blue Shimmer,false,,Taurean Prince,
base,38,Prizms 1st Off the Line Red Shimmer,false,,Taurean Prince,
base,38,Prizms Black,false,,Taurean Prince,
base,38,Prizms Black Gold,false,,Taurean Prince,
auto-fastbreak-autographs-rookies,FR-KHR,Gold,true,10,Kevin Huerter,
auto-fastbreak-autographs-rookies,FR-KHR,Black,true,1,Kevin Huerter,
auto-fastbreak-autographs-rookies,FR-OSP,Gold,true,10,Omari Spellman,
auto-fastbreak-autographs-rookies,FR-OSP,Black,true,1,Omari Spellman,
auto-sensational-signatures,SS-TYG,Prizms Choice,true,,Trae Young,
auto-sensational-signatures,SS-TYG,Prizms Mojo,true,25,Trae Young,
auto-sensational-signatures,SS-TYG,Prizms Gold,true,10,Trae Young,
auto-sensational-signatures,SS-TYG,Prizms Choice Green,true,8,Trae Young,
auto-sensational-signatures,SS-TYG,Prizms Black,true,1,Trae Young,
auto-fastbreak-autographs-rookies,FR-TYG,Gold,true,10,Trae Young,
auto-fastbreak-autographs-rookies,FR-TYG,Black,true,1,Trae Young,
auto-sensational-signatures,SS-OSP,Prizms Choice,true,,Omari Spellman,
auto-sensational-signatures,SS-OSP,Prizms Mojo,true,25,Omari Spellman,
auto-sensational-signatures,SS-OSP,Prizms Gold,true,10,Omari Spellman,
auto-sensational-signatures,SS-OSP,Prizms Choice Green,true,8,Omari Spellman,
auto-sensational-signatures,SS-OSP,Prizms Black,true,1,Omari Spellman,
base,48,Prizms Blue,false,,John Collins,
base,48,Prizms Blue Ice,false,,John Collins,
base,48,Prizms Choice Blue Yellow and Green,false,,John Collins,
base,48,Prizms Choice Green,false,,John Collins,
base,48,Prizms Choice Nebula,false,,John Collins,
base,48,Prizms Choice Red,false,,John Collins,
base,48,Prizms Choice Tiger Stripe,false,,John Collins,
base,48,Prizms Fast Break,false,,John Collins,
base,48,Prizms Fast Break Blue,false,,John Collins,
base,48,Prizms Fast Break Bronze,false,,John Collins,
base,48,Prizms Fast Break Neon Green,false,,John Collins,
base,48,Prizms Fast Break Pink,false,,John Collins,
base,48,Prizms Fast Break Purple,false,,John Collins,
base,48,Prizms Fast Break Red,false,,John Collins,
base,48,Prizms Gold,false,,John Collins,
base,48,Prizms Green,false,,John Collins,
base,48,Prizms Green Pulsar,false,,John Collins,
base,48,Prizms Hyper,false,,John Collins,
base,48,Prizms Mojo,false,,John Collins,
base,48,Prizms Orange,false,,John Collins,
base,48,Prizms Pink Ice,false,,John Collins,
base,48,Prizms Pink Pulsar,false,,John Collins,
base,48,Prizms Purple,false,,John Collins,
base,48,Prizms Purple Ice,false,,John Collins,
base,48,Prizms Purple Pulsar,false,,John Collins,
base,48,Prizms Purple Wave,false,,John Collins,
base,48,Prizms Red,false,,John Collins,
base,48,Prizms Red Ice,false,,John Collins,
base,48,Prizms Red White and Blue,false,,John Collins,
base,48,Prizms Ruby Wave,false,,John Collins,
base,48,Prizms Silver,false,,John Collins,
base,48,Prizms White Sparkle,false,,John Collins,
base,48,Prizms 1st Off the Line Blue Shimmer,false,,John Collins,
base,48,Prizms 1st Off the Line Light Blue Shimmer,false,,John Collins,
base,48,Prizms 1st Off the Line Red Shimmer,false,,John Collins,
base,48,Prizms Black,false,,John Collins,
base,48,Prizms Black Gold,false,,John Collins,
auto-rookie-signatures,RS-TYG,Prizms Silver,true,,Trae Young,
auto-rookie-signatures,RS-TYG,Prizms Choice,true,,Trae Young,
auto-rookie-signatures,RS-TYG,Prizms Mojo,true,25,Trae Young,
auto-rookie-signatures,RS-TYG,Prizms Gold,true,10,Trae Young,
auto-rookie-signatures,RS-TYG,Prizms Choice Green,true,8,Trae Young,
auto-rookie-signatures,RS-TYG,Prizms Black,true,1,Trae Young,
auto-rookie-signatures,RS-TYG,Prizms White Sparkle,true,1,Trae Young,
base,58,Prizms Blue,false,,Dewayne Dedmon,
base,58,Prizms Blue Ice,false,,Dewayne Dedmon,
base,58,Prizms Choice Blue Yellow and Green,false,,Dewayne Dedmon,
base,58,Prizms Choice Green,false,,Dewayne Dedmon,
base,58,Prizms Choice Nebula,false,,Dewayne Dedmon,
base,58,Prizms Choice Red,false,,Dewayne Dedmon,
base,58,Prizms Choice Tiger Stripe,false,,Dewayne Dedmon,
base,58,Prizms Fast Break,false,,Dewayne Dedmon,
base,58,Prizms Fast Break Blue,false,,Dewayne Dedmon,
base,58,Prizms Fast Break Bronze,false,,Dewayne Dedmon,
base,58,Prizms Fast Break Neon Green,false,,Dewayne Dedmon,
base,58,Prizms Fast Break Pink,false,,Dewayne Dedmon,
base,58,Prizms Fast Break Purple,false,,Dewayne Dedmon,
base,58,Prizms Fast Break Red,false,,Dewayne Dedmon,
base,58,Prizms Gold,false,,Dewayne Dedmon,
base,58,Prizms Green,false,,Dewayne Dedmon,
base,58,Prizms Green Pulsar,false,,Dewayne Dedmon,
base,58,Prizms Hyper,false,,Dewayne Dedmon,
base,58,Prizms Mojo,false,,Dewayne Dedmon,
base,58,Prizms Orange,false,,Dewayne Dedmon,
base,58,Prizms Pink Ice,false,,Dewayne Dedmon,
base,58,Prizms Pink Pulsar,false,,Dewayne Dedmon,
base,58,Prizms Purple,false,,Dewayne Dedmon,
base,58,Prizms Purple Ice,false,,Dewayne Dedmon,
base,58,Prizms Purple Pulsar,false,,Dewayne Dedmon,
base,58,Prizms Purple Wave,false,,Dewayne Dedmon,
base,58,Prizms Red,false,,Dewayne Dedmon,
base,58,Prizms Red Ice,false,,Dewayne Dedmon,
base,58,Prizms Red White and Blue,false,,Dewayne Dedmon,
base,58,Prizms Ruby Wave,false,,Dewayne Dedmon,
base,58,Prizms Silver,false,,Dewayne Dedmon,
base,58,Prizms White Sparkle,false,,Dewayne Dedmon,
base,58,Prizms 1st Off the Line Blue Shimmer,false,,Dewayne Dedmon,
base,58,Prizms 1st Off the Line Light Blue Shimmer,false,,Dewayne Dedmon,
base,58,Prizms 1st Off the Line Red Shimmer,false,,Dewayne Dedmon,
base,58,Prizms Black,false,,Dewayne Dedmon,
base,58,Prizms Black Gold,false,,Dewayne Dedmon,
auto-sensational-signatures,SS-DWL,Prizms Choice,true,,Dominique Wilkins,
auto-sensational-signatures,SS-DWL,Prizms Mojo,true,25,Dominique Wilkins,
auto-sensational-signatures,SS-DWL,Prizms Gold,true,10,Dominique Wilkins,
auto-sensational-signatures,SS-DWL,Prizms Choice Green,true,8,Dominique Wilkins,
auto-sensational-signatures,SS-DWL,Prizms Black,true,1,Dominique Wilkins,
auto-sensational-signatures,SS-DKM,Prizms Choice,true,,Dikembe Mutombo,
auto-sensational-signatures,SS-DKM,Prizms Mojo,true,25,Dikembe Mutombo,
auto-sensational-signatures,SS-DKM,Prizms Gold,true,10,Dikembe Mutombo,
auto-sensational-signatures,SS-DKM,Prizms Choice Green,true,8,Dikembe Mutombo,
auto-sensational-signatures,SS-DKM,Prizms Black,true,1,Dikembe Mutombo,
insert-freshman-phenoms,7,Green,false,,Kevin Huerter,
insert-freshman-phenoms,7,Silver,false,,Kevin Huerter,
insert-freshman-phenoms,21,Green,false,,Trae Young,
insert-freshman-phenoms,21,Silver,false,,Trae Young,
base,68,Prizms Blue,false,,Kevin Huerter,
base,68,Prizms Blue Ice,false,,Kevin Huerter,
base,68,Prizms Choice Blue Yellow and Green,false,,Kevin Huerter,
base,68,Prizms Choice Green,false,,Kevin Huerter,
base,68,Prizms Choice Nebula,false,,Kevin Huerter,
base,68,Prizms Choice Red,false,,Kevin Huerter,
base,68,Prizms Choice Tiger Stripe,false,,Kevin Huerter,
base,68,Prizms Fast Break,false,,Kevin Huerter,
base,68,Prizms Fast Break Blue,false,,Kevin Huerter,
base,68,Prizms Fast Break Bronze,false,,Kevin Huerter,
base,68,Prizms Fast Break Neon Green,false,,Kevin Huerter,
base,68,Prizms Fast Break Pink,false,,Kevin Huerter,
base,68,Prizms Fast Break Purple,false,,Kevin Huerter,
base,68,Prizms Fast Break Red,false,,Kevin Huerter,
base,68,Prizms Gold,false,,Kevin Huerter,
base,68,Prizms Green,false,,Kevin Huerter,
base,68,Prizms Green Pulsar,false,,Kevin Huerter,
base,68,Prizms Hyper,false,,Kevin Huerter,
base,68,Prizms Mojo,false,,Kevin Huerter,
base,68,Prizms Orange,false,,Kevin Huerter,
base,68,Prizms Pink Ice,false,,Kevin Huerter,
base,68,Prizms Pink Pulsar,false,,Kevin Huerter,
base,68,Prizms Purple,false,,Kevin Huerter,
base,68,Prizms Purple Ice,false,,Kevin Huerter,
base,68,Prizms Purple Pulsar,false,,Kevin Huerter,
base,68,Prizms Purple Wave,false,,Kevin Huerter,
base,68,Prizms Red,false,,Kevin Huerter,
base,68,Prizms Red Ice,false,,Kevin Huerter,
base,68,Prizms Red White and Blue,false,,Kevin Huerter,
base,68,Prizms Ruby Wave,false,,Kevin Huerter,
base,68,Prizms Silver,false,,Kevin Huerter,
base,68,Prizms White Sparkle,false,,Kevin Huerter,
base,68,Prizms 1st Off the Line Blue Shimmer,false,,Kevin Huerter,
base,68,Prizms 1st Off the Line Light Blue Shimmer,false,,Kevin Huerter,
base,68,Prizms 1st Off the Line Red Shimmer,false,,Kevin Huerter,
base,68,Prizms Black,false,,Kevin Huerter,
base,68,Prizms Black Gold,false,,Kevin Huerter,
base,255,Prizms Blue,false,,Pete Maravich,
base,255,Prizms Blue Ice,false,,Pete Maravich,
base,255,Prizms Choice Blue Yellow and Green,false,,Pete Maravich,
base,255,Prizms Choice Green,false,,Pete Maravich,
base,255,Prizms Choice Nebula,false,,Pete Maravich,
base,255,Prizms Choice Red,false,,Pete Maravich,
base,255,Prizms Choice Tiger Stripe,false,,Pete Maravich,
base,255,Prizms Fast Break,false,,Pete Maravich,
base,255,Prizms Fast Break Blue,false,,Pete Maravich,
base,255,Prizms Fast Break Bronze,false,,Pete Maravich,
base,255,Prizms Fast Break Neon Green,false,,Pete Maravich,
base,255,Prizms Fast Break Pink,false,,Pete Maravich,
base,255,Prizms Fast Break Purple,false,,Pete Maravich,
base,255,Prizms Fast Break Red,false,,Pete Maravich,
base,255,Prizms Gold,false,,Pete Maravich,
base,255,Prizms Green,false,,Pete Maravich,
base,255,Prizms Green Pulsar,false,,Pete Maravich,
base,255,Prizms Hyper,false,,Pete Maravich,
base,255,Prizms Mojo,false,,Pete Maravich,
base,255,Prizms Orange,false,,Pete Maravich,
base,255,Prizms Pink Ice,false,,Pete Maravich,
base,255,Prizms Pink Pulsar,false,,Pete Maravich,
base,255,Prizms Purple,false,,Pete Maravich,
base,255,Prizms Purple Ice,false,,Pete Maravich,
base,255,Prizms Purple Pulsar,false,,Pete Maravich,
base,255,Prizms Purple Wave,false,,Pete Maravich,
base,255,Prizms Red,false,,Pete Maravich,
base,255,Prizms Red Ice,false,,Pete Maravich,
base,255,Prizms Red White and Blue,false,,Pete Maravich,
base,255,Prizms Ruby Wave,false,,Pete Maravich,
base,255,Prizms Silver,false,,Pete Maravich,
base,255,Prizms White Sparkle,false,,Pete Maravich,
base,255,Prizms 1st Off the Line Blue Shimmer,false,,Pete Maravich,
base,255,Prizms 1st Off the Line Light Blue Shimmer,false,,Pete Maravich,
base,255,Prizms 1st Off the Line Red Shimmer,false,,Pete Maravich,
base,255,Prizms Black,false,,Pete Maravich,
base,255,Prizms Black Gold,false,,Pete Maravich,
auto-sensational-signatures,SS-JTT,Prizms Choice,true,,Jayson Tatum,
auto-sensational-signatures,SS-JTT,Prizms Mojo,true,25,Jayson Tatum,
auto-sensational-signatures,SS-JTT,Prizms Gold,true,10,Jayson Tatum,
auto-sensational-signatures,SS-JTT,Prizms Choice Green,true,8,Jayson Tatum,
auto-sensational-signatures,SS-JTT,Prizms Black,true,1,Jayson Tatum,
insert-fireworks,9,Silver,false,,Kyrie Irving,
insert-fireworks,9,Fast Break,false,,Kyrie Irving,
insert-fireworks,9,Hyper,false,,Kyrie Irving,
insert-fireworks,9,Mojo,false,25,Kyrie Irving,
insert-fireworks,9,Fast Gold,false,10,Kyrie Irving,
insert-fireworks,9,Black,false,1,Kyrie Irving,
auto-fastbreak-autographs,FB-DCW,Gold,true,10,Dave Cowens,
auto-fastbreak-autographs,FB-DCW,Black,true,1,Dave Cowens,
base,128,Prizms Blue,false,,Al Horford,
base,128,Prizms Blue Ice,false,,Al Horford,
base,128,Prizms Choice Blue Yellow and Green,false,,Al Horford,
base,128,Prizms Choice Green,false,,Al Horford,
base,128,Prizms Choice Nebula,false,,Al Horford,
base,128,Prizms Choice Red,false,,Al Horford,
base,128,Prizms Choice Tiger Stripe,false,,Al Horford,
base,128,Prizms Fast Break,false,,Al Horford,
base,128,Prizms Fast Break Blue,false,,Al Horford,
base,128,Prizms Fast Break Bronze,false,,Al Horford,
base,128,Prizms Fast Break Neon Green,false,,Al Horford,
base,128,Prizms Fast Break Pink,false,,Al Horford,
base,128,Prizms Fast Break Purple,false,,Al Horford,
base,128,Prizms Fast Break Red,false,,Al Horford,
base,128,Prizms Gold,false,,Al Horford,
base,128,Prizms Green,false,,Al Horford,
base,128,Prizms Green Pulsar,false,,Al Horford,
base,128,Prizms Hyper,false,,Al Horford,
base,128,Prizms Mojo,false,,Al Horford,
base,128,Prizms Orange,false,,Al Horford,
base,128,Prizms Pink Ice,false,,Al Horford,
base,128,Prizms Pink Pulsar,false,,Al Horford,
base,128,Prizms Purple,false,,Al Horford,
base,128,Prizms Purple Ice,false,,Al Horford,
base,128,Prizms Purple Pulsar,false,,Al Horford,
base,128,Prizms Purple Wave,false,,Al Horford,
base,128,Prizms Red,false,,Al Horford,
base,128,Prizms Red Ice,false,,Al Horford,
base,128,Prizms Red White and Blue,false,,Al Horford,
base,128,Prizms Ruby Wave,false,,Al Horford,
base,128,Prizms Silver,false,,Al Horford,
base,128,Prizms White Sparkle,false,,Al Horford,
base,128,Prizms 1st Off the Line Blue Shimmer,false,,Al Horford,
base,128,Prizms 1st Off the Line Light Blue Shimmer,false,,Al Horford,
base,128,Prizms 1st Off the Line Red Shimmer,false,,Al Horford,
base,128,Prizms Black,false,,Al Horford,
base,128,Prizms Black Gold,false,,Al Horford,
base,158,Prizms Blue,false,,Gordon Hayward,
base,158,Prizms Blue Ice,false,,Gordon Hayward,
base,158,Prizms Choice Blue Yellow and Green,false,,Gordon Hayward,
base,158,Prizms Choice Green,false,,Gordon Hayward,
base,158,Prizms Choice Nebula,false,,Gordon Hayward,
base,158,Prizms Choice Red,false,,Gordon Hayward,
base,158,Prizms Choice Tiger Stripe,false,,Gordon Hayward,
base,158,Prizms Fast Break,false,,Gordon Hayward,
base,158,Prizms Fast Break Blue,false,,Gordon Hayward,
base,158,Prizms Fast Break Bronze,false,,Gordon Hayward,
base,158,Prizms Fast Break Neon Green,false,,Gordon Hayward,
base,158,Prizms Fast Break Pink,false,,Gordon Hayward,
base,158,Prizms Fast Break Purple,false,,Gordon Hayward,
base,158,Prizms Fast Break Red,false,,Gordon Hayward,
base,158,Prizms Gold,false,,Gordon Hayward,
base,158,Prizms Green,false,,Gordon Hayward,
base,158,Prizms Green Pulsar,false,,Gordon Hayward,
base,158,Prizms Hyper,false,,Gordon Hayward,
base,158,Prizms Mojo,false,,Gordon Hayward,
base,158,Prizms Orange,false,,Gordon Hayward,
base,158,Prizms Pink Ice,false,,Gordon Hayward,
base,158,Prizms Pink Pulsar,false,,Gordon Hayward,
base,158,Prizms Purple,false,,Gordon Hayward,
base,158,Prizms Purple Ice,false,,Gordon Hayward,
base,158,Prizms Purple Pulsar,false,,Gordon Hayward,
base,158,Prizms Purple Wave,false,,Gordon Hayward,
base,158,Prizms Red,false,,Gordon Hayward,
base,158,Prizms Red Ice,false,,Gordon Hayward,
base,158,Prizms Red White and Blue,false,,Gordon Hayward,
base,158,Prizms Ruby Wave,false,,Gordon Hayward,
base,158,Prizms Silver,false,,Gordon Hayward,
base,158,Prizms White Sparkle,false,,Gordon Hayward,
base,158,Prizms 1st Off the Line Blue Shimmer,false,,Gordon Hayward,
base,158,Prizms 1st Off the Line Light Blue Shimmer,false,,Gordon Hayward,
base,158,Prizms 1st Off the Line Red Shimmer,false,,Gordon Hayward,
base,158,Prizms Black,false,,Gordon Hayward,
base,158,Prizms Black Gold,false,,Gordon Hayward,
auto-signatures,S-KMH,Prizms Choice,true,,Kevin McHale,
auto-signatures,S-KMH,Prizms Silver,true,,Kevin McHale,
auto-signatures,S-KMH,Prizms Mojo,true,25,Kevin McHale,
auto-signatures,S-KMH,Prizms Gold,true,10,Kevin McHale,
auto-signatures,S-KMH,Prizms Choice Green,true,8,Kevin McHale,
auto-signatures,S-KMH,Prizms Black,true,1,Kevin McHale,
auto-sensational-signatures,SS-DCW,Prizms Choice,true,,Dave Cowens,
auto-sensational-signatures,SS-DCW,Prizms Mojo,true,25,Dave Cowens,
auto-sensational-signatures,SS-DCW,Prizms Gold,true,10,Dave Cowens,
auto-sensational-signatures,SS-DCW,Prizms Choice Green,true,8,Dave Cowens,
auto-sensational-signatures,SS-DCW,Prizms Black,true,1,Dave Cowens,
insert-sensational-swatches,53,Prime,false,10,Larry Bird,
auto-fastbreak-autographs,FB-GHW,Gold,true,10,Gordon Hayward,
auto-fastbreak-autographs,FB-GHW,Black,true,1,Gordon Hayward,
auto-fastbreak-autographs,FB-KIV,Gold,true,10,Kyrie Irving,
auto-fastbreak-autographs,FB-KIV,Black,true,1,Kyrie Irving,
auto-fastbreak-autographs,FB-KMH,Gold,true,10,Kevin McHale,
auto-fastbreak-autographs,FB-KMH,Black,true,1,Kevin McHale,
auto-sensational-signatures,SS-GYB,Prizms Choice,true,,Guerschon Yabusele,
auto-sensational-signatures,SS-GYB,Prizms Mojo,true,25,Guerschon Yabusele,
auto-sensational-signatures,SS-GYB,Prizms Gold,true,10,Guerschon Yabusele,
auto-sensational-signatures,SS-GYB,Prizms Choice Green,true,8,Guerschon Yabusele,
auto-sensational-signatures,SS-GYB,Prizms Black,true,1,Guerschon Yabusele,
base,175,Prizms Blue,false,,Paul Pierce,
base,175,Prizms Blue Ice,false,,Paul Pierce,
base,175,Prizms Choice Blue Yellow and Green,false,,Paul Pierce,
base,175,Prizms Choice Green,false,,Paul Pierce,
base,175,Prizms Choice Nebula,false,,Paul Pierce,
base,175,Prizms Choice Red,false,,Paul Pierce,
base,175,Prizms Choice Tiger Stripe,false,,Paul Pierce,
base,175,Prizms Fast Break,false,,Paul Pierce,
base,175,Prizms Fast Break Blue,false,,Paul Pierce,
base,175,Prizms Fast Break Bronze,false,,Paul Pierce,
base,175,Prizms Fast Break Neon Green,false,,Paul Pierce,
base,175,Prizms Fast Break Pink,false,,Paul Pierce,
base,175,Prizms Fast Break Purple,false,,Paul Pierce,
base,175,Prizms Fast Break Red,false,,Paul Pierce,
base,175,Prizms Gold,false,,Paul Pierce,
base,175,Prizms Green,false,,Paul Pierce,
base,175,Prizms Green Pulsar,false,,Paul Pierce,
base,175,Prizms Hyper,false,,Paul Pierce,
base,175,Prizms Mojo,false,,Paul Pierce,
base,175,Prizms Orange,false,,Paul Pierce,
base,175,Prizms Pink Ice,false,,Paul Pierce,
base,175,Prizms Pink Pulsar,false,,Paul Pierce,
base,175,Prizms Purple,false,,Paul Pierce,
base,175,Prizms Purple Ice,false,,Paul Pierce,
base,175,Prizms Purple Pulsar,false,,Paul Pierce,
base,175,Prizms Purple Wave,false,,Paul Pierce,
base,175,Prizms Red,false,,Paul Pierce,
base,175,Prizms Red Ice,false,,Paul Pierce,
base,175,Prizms Red White and Blue,false,,Paul Pierce,
base,175,Prizms Ruby Wave,false,,Paul Pierce,
base,175,Prizms Silver,false,,Paul Pierce,
base,175,Prizms White Sparkle,false,,Paul Pierce,
base,175,Prizms 1st Off the Line Blue Shimmer,false,,Paul Pierce,
base,175,Prizms 1st Off the Line Light Blue Shimmer,false,,Paul Pierce,
base,175,Prizms 1st Off the Line Red Shimmer,false,,Paul Pierce,
base,175,Prizms Black,false,,Paul Pierce,
base,175,Prizms Black Gold,false,,Paul Pierce,
base,118,Prizms Blue,false,,Jayson Tatum,
base,118,Prizms Blue Ice,false,,Jayson Tatum,
base,118,Prizms Choice Blue Yellow and Green,false,,Jayson Tatum,
base,118,Prizms Choice Green,false,,Jayson Tatum,
base,118,Prizms Choice Nebula,false,,Jayson Tatum,
base,118,Prizms Choice Red,false,,Jayson Tatum,
base,118,Prizms Choice Tiger Stripe,false,,Jayson Tatum,
base,118,Prizms Fast Break,false,,Jayson Tatum,
base,118,Prizms Fast Break Blue,false,,Jayson Tatum,
base,118,Prizms Fast Break Bronze,false,,Jayson Tatum,
base,118,Prizms Fast Break Neon Green,false,,Jayson Tatum,
base,118,Prizms Fast Break Pink,false,,Jayson Tatum,
base,118,Prizms Fast Break Purple,false,,Jayson Tatum,
base,118,Prizms Fast Break Red,false,,Jayson Tatum,
base,118,Prizms Gold,false,,Jayson Tatum,
base,118,Prizms Green,false,,Jayson Tatum,
base,118,Prizms Green Pulsar,false,,Jayson Tatum,
base,118,Prizms Hyper,false,,Jayson Tatum,
base,118,Prizms Mojo,false,,Jayson Tatum,
base,118,Prizms Orange,false,,Jayson Tatum,
base,118,Prizms Pink Ice,false,,Jayson Tatum,
base,118,Prizms Pink Pulsar,false,,Jayson Tatum,
base,118,Prizms Purple,false,,Jayson Tatum,
base,118,Prizms Purple Ice,false,,Jayson Tatum,
base,118,Prizms Purple Pulsar,false,,Jayson Tatum,
base,118,Prizms Purple Wave,false,,Jayson Tatum,
base,118,Prizms Red,false,,Jayson Tatum,
base,118,Prizms Red Ice,false,,Jayson Tatum,
base,118,Prizms Red White and Blue,false,,Jayson Tatum,
base,118,Prizms Ruby Wave,false,,Jayson Tatum,
base,118,Prizms Silver,false,,Jayson Tatum,
base,118,Prizms White Sparkle,false,,Jayson Tatum,
base,118,Prizms 1st Off the Line Blue Shimmer,false,,Jayson Tatum,
base,118,Prizms 1st Off the Line Light Blue Shimmer,false,,Jayson Tatum,
base,118,Prizms 1st Off the Line Red Shimmer,false,,Jayson Tatum,
base,118,Prizms Black,false,,Jayson Tatum,
base,118,Prizms Black Gold,false,,Jayson Tatum,
auto-sensational-signatures,SS-GHW,Prizms Choice,true,,Gordon Hayward,
auto-sensational-signatures,SS-GHW,Prizms Mojo,true,25,Gordon Hayward,
auto-sensational-signatures,SS-GHW,Prizms Gold,true,10,Gordon Hayward,
auto-sensational-signatures,SS-GHW,Prizms Choice Green,true,8,Gordon Hayward,
auto-sensational-signatures,SS-GHW,Prizms Black,true,1,Gordon Hayward,
base,168,Prizms Blue,false,,Marcus Morris,
base,168,Prizms Blue Ice,false,,Marcus Morris,
base,168,Prizms Choice Blue Yellow and Green,false,,Marcus Morris,
base,168,Prizms Choice Green,false,,Marcus Morris,
base,168,Prizms Choice Nebula,false,,Marcus Morris,
base,168,Prizms Choice Red,false,,Marcus Morris,
base,168,Prizms Choice Tiger Stripe,false,,Marcus Morris,
base,168,Prizms Fast Break,false,,Marcus Morris,
base,168,Prizms Fast Break Blue,false,,Marcus Morris,
base,168,Prizms Fast Break Bronze,false,,Marcus Morris,
base,168,Prizms Fast Break Neon Green,false,,Marcus Morris,
base,168,Prizms Fast Break Pink,false,,Marcus Morris,
base,168,Prizms Fast Break Purple,false,,Marcus Morris,
base,168,Prizms Fast Break Red,false,,Marcus Morris,
base,168,Prizms Gold,false,,Marcus Morris,
base,168,Prizms Green,false,,Marcus Morris,
base,168,Prizms Green Pulsar,false,,Marcus Morris,
base,168,Prizms Hyper,false,,Marcus Morris,
base,168,Prizms Mojo,false,,Marcus Morris,
base,168,Prizms Orange,false,,Marcus Morris,
base,168,Prizms Pink Ice,false,,Marcus Morris,
base,168,Prizms Pink Pulsar,false,,Marcus Morris,
base,168,Prizms Purple,false,,Marcus Morris,
base,168,Prizms Purple Ice,false,,Marcus Morris,
base,168,Prizms Purple Pulsar,false,,Marcus Morris,
base,168,Prizms Purple Wave,false,,Marcus Morris,
base,168,Prizms Red,false,,Marcus Morris,
base,168,Prizms Red Ice,false,,Marcus Morris,
base,168,Prizms Red White and Blue,false,,Marcus Morris,
base,168,Prizms Ruby Wave,false,,Marcus Morris,
base,168,Prizms Silver,false,,Marcus Morris,
base,168,Prizms White Sparkle,false,,Marcus Morris,
base,168,Prizms 1st Off the Line Blue Shimmer,false,,Marcus Morris,
base,168,Prizms 1st Off the Line Light Blue Shimmer,false,,Marcus Morris,
base,168,Prizms 1st Off the Line Red Shimmer,false,,Marcus Morris,
base,168,Prizms Black,false,,Marcus Morris,
base,168,Prizms Black Gold,false,,Marcus Morris,
insert-fireworks,26,Silver,false,,Jayson Tatum,
insert-fireworks,26,Fast Break,false,,Jayson Tatum,
insert-fireworks,26,Hyper,false,,Jayson Tatum,
insert-fireworks,26,Mojo,false,25,Jayson Tatum,
insert-fireworks,26,Fast Gold,false,10,Jayson Tatum,
insert-fireworks,26,Black,false,1,Jayson Tatum,
auto-signatures,S-KIV,Prizms Choice,true,,Kyrie Irving,
auto-signatures,S-KIV,Prizms Silver,true,,Kyrie Irving,
auto-signatures,S-KIV,Prizms Mojo,true,25,Kyrie Irving,
auto-signatures,S-KIV,Prizms Gold,true,10,Kyrie Irving,
auto-signatures,S-KIV,Prizms Choice Green,true,8,Kyrie Irving,
auto-signatures,S-KIV,Prizms Black,true,1,Kyrie Irving,
insert-all-day,13,Fast Break,false,,Kyrie Irving,
insert-all-day,13,Hyper,false,,Kyrie Irving,
insert-all-day,13,Silver,false,,Kyrie Irving,
insert-all-day,13,Mojo,false,25,Kyrie Irving,
insert-all-day,13,Gold,false,10,Kyrie Irving,
insert-all-day,13,Black,false,1,Kyrie Irving,
insert-hall-monitors,2,Green,false,,Larry Bird,
insert-hall-monitors,2,Silver,false,,Larry Bird,
insert-hall-monitors,4,Green,false,,Bill Russell,
insert-hall-monitors,4,Silver,false,,Bill Russell,
auto-fastbreak-autographs-rookies,FR-RWL,Gold,true,10,Robert Williams III,
auto-fastbreak-autographs-rookies,FR-RWL,Black,true,1,Robert Williams III,
insert-get-hyped,10,Green,false,,Kyrie Irving,
insert-get-hyped,10,Silver,false,,Kyrie Irving,
auto-rookie-signatures,RS-RWL,Prizms Silver,true,,Robert Williams III,
auto-rookie-signatures,RS-RWL,Prizms Choice,true,,Robert Williams III,
auto-rookie-signatures,RS-RWL,Prizms Mojo,true,25,Robert Williams III,
auto-rookie-signatures,RS-RWL,Prizms Gold,true,10,Robert Williams III,
auto-rookie-signatures,RS-RWL,Prizms Choice Green,true,8,Robert Williams III,
auto-rookie-signatures,RS-RWL,Prizms Black,true,1,Robert Williams III,
auto-rookie-signatures,RS-RWL,Prizms White Sparkle,true,1,Robert Williams III,
base,85,Prizms Blue,false,,Larry Bird,
base,85,Prizms Blue Ice,false,,Larry Bird,
base,85,Prizms Choice Blue Yellow and Green,false,,Larry Bird,
base,85,Prizms Choice Green,false,,Larry Bird,
base,85,Prizms Choice Nebula,false,,Larry Bird,
base,85,Prizms Choice Red,false,,Larry Bird,
base,85,Prizms Choice Tiger Stripe,false,,Larry Bird,
base,85,Prizms Fast Break,false,,Larry Bird,
base,85,Prizms Fast Break Blue,false,,Larry Bird,
base,85,Prizms Fast Break Bronze,false,,Larry Bird,
base,85,Prizms Fast Break Neon Green,false,,Larry Bird,
base,85,Prizms Fast Break Pink,false,,Larry Bird,
base,85,Prizms Fast Break Purple,false,,Larry Bird,
base,85,Prizms Fast Break Red,false,,Larry Bird,
base,85,Prizms Gold,false,,Larry Bird,
base,85,Prizms Green,false,,Larry Bird,
base,85,Prizms Green Pulsar,false,,Larry Bird,
base,85,Prizms Hyper,false,,Larry Bird,
base,85,Prizms Mojo,false,,Larry Bird,
base,85,Prizms Orange,false,,Larry Bird,
base,85,Prizms Pink Ice,false,,Larry Bird,
base,85,Prizms Pink Pulsar,false,,Larry Bird,
base,85,Prizms Purple,false,,Larry Bird,
base,85,Prizms Purple Ice,false,,Larry Bird,
base,85,Prizms Purple Pulsar,false,,Larry Bird,
base,85,Prizms Purple Wave,false,,Larry Bird,
base,85,Prizms Red,false,,Larry Bird,
base,85,Prizms Red Ice,false,,Larry Bird,
base,85,Prizms Red White and Blue,false,,Larry Bird,
base,85,Prizms Ruby Wave,false,,Larry Bird,
base,85,Prizms Silver,false,,Larry Bird,
base,85,Prizms White Sparkle,false,,Larry Bird,
base,85,Prizms 1st Off the Line Blue Shimmer,false,,Larry Bird,
base,85,Prizms 1st Off the Line Light Blue Shimmer,false,,Larry Bird,
base,85,Prizms 1st Off the Line Red Shimmer,false,,Larry Bird,
base,85,Prizms Black,false,,Larry Bird,
base,85,Prizms Black Gold,false,,Larry Bird,
auto-sensational-signatures,SS-RWL,Prizms Choice,true,,Robert Williams III,
auto-sensational-signatures,SS-RWL,Prizms Mojo,true,25,Robert Williams III,
auto-sensational-signatures,SS-RWL,Prizms Gold,true,10,Robert Williams III,
auto-sensational-signatures,SS-RWL,Prizms Choice Green,true,8,Robert Williams III,
auto-sensational-signatures,SS-RWL,Prizms Black,true,1,Robert Williams III,
insert-go-hard-or-go-home,14,Silver,false,,Kyrie Irving,
insert-go-hard-or-go-home,14,Fast Break,false,,Kyrie Irving,
insert-go-hard-or-go-home,14,Hyper,false,,Kyrie Irving,
insert-go-hard-or-go-home,14,Mojo,false,25,Kyrie Irving,
insert-go-hard-or-go-home,14,Gold,false,10,Kyrie Irving,
insert-go-hard-or-go-home,14,Black,false,1,Kyrie Irving,
auto-signatures,S-DRJ,Prizms Choice,true,,Dino Radja,
auto-signatures,S-DRJ,Prizms Silver,true,,Dino Radja,
auto-signatures,S-DRJ,Prizms Mojo,true,25,Dino Radja,
auto-signatures,S-DRJ,Prizms Gold,true,10,Dino Radja,
auto-signatures,S-DRJ,Prizms Choice Green,true,8,Dino Radja,
auto-signatures,S-DRJ,Prizms Black,true,1,Dino Radja,
insert-all-day,15,Fast Break,false,,Jayson Tatum,
insert-all-day,15,Hyper,false,,Jayson Tatum,
insert-all-day,15,Silver,false,,Jayson Tatum,
insert-all-day,15,Mojo,false,25,Jayson Tatum,
insert-all-day,15,Gold,false,10,Jayson Tatum,
insert-all-day,15,Black,false,1,Jayson Tatum,
base,148,Prizms Blue,false,,Terry Rozier,
base,148,Prizms Blue Ice,false,,Terry Rozier,
base,148,Prizms Choice Blue Yellow and Green,false,,Terry Rozier,
base,148,Prizms Choice Green,false,,Terry Rozier,
base,148,Prizms Choice Nebula,false,,Terry Rozier,
base,148,Prizms Choice Red,false,,Terry Rozier,
base,148,Prizms Choice Tiger Stripe,false,,Terry Rozier,
base,148,Prizms Fast Break,false,,Terry Rozier,
base,148,Prizms Fast Break Blue,false,,Terry Rozier,
base,148,Prizms Fast Break Bronze,false,,Terry Rozier,
base,148,Prizms Fast Break Neon Green,false,,Terry Rozier,
base,148,Prizms Fast Break Pink,false,,Terry Rozier,
base,148,Prizms Fast Break Purple,false,,Terry Rozier,
base,148,Prizms Fast Break Red,false,,Terry Rozier,
base,148,Prizms Gold,false,,Terry Rozier,
base,148,Prizms Green,false,,Terry Rozier,
base,148,Prizms Green Pulsar,false,,Terry Rozier,
base,148,Prizms Hyper,false,,Terry Rozier,
base,148,Prizms Mojo,false,,Terry Rozier,
base,148,Prizms Orange,false,,Terry Rozier,
base,148,Prizms Pink Ice,false,,Terry Rozier,
base,148,Prizms Pink Pulsar,false,,Terry Rozier,
base,148,Prizms Purple,false,,Terry Rozier,
base,148,Prizms Purple Ice,false,,Terry Rozier,
base,148,Prizms Purple Pulsar,false,,Terry Rozier,
base,148,Prizms Purple Wave,false,,Terry Rozier,
base,148,Prizms Red,false,,Terry Rozier,
base,148,Prizms Red Ice,false,,Terry Rozier,
base,148,Prizms Red White and Blue,false,,Terry Rozier,
base,148,Prizms Ruby Wave,false,,Terry Rozier,
base,148,Prizms Silver,false,,Terry Rozier,
base,148,Prizms White Sparkle,false,,Terry Rozier,
base,148,Prizms 1st Off the Line Blue Shimmer,false,,Terry Rozier,
base,148,Prizms 1st Off the Line Light Blue Shimmer,false,,Terry Rozier,
base,148,Prizms 1st Off the Line Red Shimmer,false,,Terry Rozier,
base,148,Prizms Black,false,,Terry Rozier,
base,148,Prizms Black Gold,false,,Terry Rozier,
insert-dominance,3,Green,false,,Paul Pierce,
insert-dominance,3,Silver,false,,Paul Pierce,
insert-dominance,14,Green,false,,Robert Parish,
insert-dominance,14,Silver,false,,Robert Parish,
base,178,Prizms Blue,false,,Marcus Smart,
base,178,Prizms Blue Ice,false,,Marcus Smart,
base,178,Prizms Choice Blue Yellow and Green,false,,Marcus Smart,
base,178,Prizms Choice Green,false,,Marcus Smart,
base,178,Prizms Choice Nebula,false,,Marcus Smart,
base,178,Prizms Choice Red,false,,Marcus Smart,
base,178,Prizms Choice Tiger Stripe,false,,Marcus Smart,
base,178,Prizms Fast Break,false,,Marcus Smart,
base,178,Prizms Fast Break Blue,false,,Marcus Smart,
base,178,Prizms Fast Break Bronze,false,,Marcus Smart,
base,178,Prizms Fast Break Neon Green,false,,Marcus Smart,
base,178,Prizms Fast Break Pink,false,,Marcus Smart,
base,178,Prizms Fast Break Purple,false,,Marcus Smart,
base,178,Prizms Fast Break Red,false,,Marcus Smart,
base,178,Prizms Gold,false,,Marcus Smart,
base,178,Prizms Green,false,,Marcus Smart,
base,178,Prizms Green Pulsar,false,,Marcus Smart,
base,178,Prizms Hyper,false,,Marcus Smart,
base,178,Prizms Mojo,false,,Marcus Smart,
base,178,Prizms Orange,false,,Marcus Smart,
base,178,Prizms Pink Ice,false,,Marcus Smart,
base,178,Prizms Pink Pulsar,false,,Marcus Smart,
base,178,Prizms Purple,false,,Marcus Smart,
base,178,Prizms Purple Ice,false,,Marcus Smart,
base,178,Prizms Purple Pulsar,false,,Marcus Smart,
base,178,Prizms Purple Wave,false,,Marcus Smart,
base,178,Prizms Red,false,,Marcus Smart,
base,178,Prizms Red Ice,false,,Marcus Smart,
base,178,Prizms Red White and Blue,false,,Marcus Smart,
base,178,Prizms Ruby Wave,false,,Marcus Smart,
base,178,Prizms Silver,false,,Marcus Smart,
base,178,Prizms White Sparkle,false,,Marcus Smart,
base,178,Prizms 1st Off the Line Blue Shimmer,false,,Marcus Smart,
base,178,Prizms 1st Off the Line Light Blue Shimmer,false,,Marcus Smart,
base,178,Prizms 1st Off the Line Red Shimmer,false,,Marcus Smart,
base,178,Prizms Black,false,,Marcus Smart,
base,178,Prizms Black Gold,false,,Marcus Smart,
insert-dominance,16,Green,false,,Larry Bird,
insert-dominance,16,Silver,false,,Larry Bird,
insert-go-hard-or-go-home,16,Silver,false,,Jayson Tatum,
insert-go-hard-or-go-home,16,Fast Break,false,,Jayson Tatum,
insert-go-hard-or-go-home,16,Hyper,false,,Jayson Tatum,
insert-go-hard-or-go-home,16,Mojo,false,25,Jayson Tatum,
insert-go-hard-or-go-home,16,Gold,false,10,Jayson Tatum,
insert-go-hard-or-go-home,16,Black,false,1,Jayson Tatum,
insert-sensational-swatches,94,Prime,false,10,Robert Williams III,
auto-sensational-signatures,SS-LBD,Prizms Choice,true,,Larry Bird,
auto-sensational-signatures,SS-LBD,Prizms Mojo,true,25,Larry Bird,
auto-sensational-signatures,SS-LBD,Prizms Gold,true,10,Larry Bird,
auto-sensational-signatures,SS-LBD,Prizms Choice Green,true,8,Larry Bird,
auto-sensational-signatures,SS-LBD,Prizms Black,true,1,Larry Bird,
insert-dominance,30,Green,false,,John Havlicek,
insert-dominance,30,Silver,false,,John Havlicek,
base,108,Prizms Blue,false,,Jaylen Brown,
base,108,Prizms Blue Ice,false,,Jaylen Brown,
base,108,Prizms Choice Blue Yellow and Green,false,,Jaylen Brown,
base,108,Prizms Choice Green,false,,Jaylen Brown,
base,108,Prizms Choice Nebula,false,,Jaylen Brown,
base,108,Prizms Choice Red,false,,Jaylen Brown,
base,108,Prizms Choice Tiger Stripe,false,,Jaylen Brown,
base,108,Prizms Fast Break,false,,Jaylen Brown,
base,108,Prizms Fast Break Blue,false,,Jaylen Brown,
base,108,Prizms Fast Break Bronze,false,,Jaylen Brown,
base,108,Prizms Fast Break Neon Green,false,,Jaylen Brown,
base,108,Prizms Fast Break Pink,false,,Jaylen Brown,
base,108,Prizms Fast Break Purple,false,,Jaylen Brown,
base,108,Prizms Fast Break Red,false,,Jaylen Brown,
base,108,Prizms Gold,false,,Jaylen Brown,
base,108,Prizms Green,false,,Jaylen Brown,
base,108,Prizms Green Pulsar,false,,Jaylen Brown,
base,108,Prizms Hyper,false,,Jaylen Brown,
base,108,Prizms Mojo,false,,Jaylen Brown,
base,108,Prizms Orange,false,,Jaylen Brown,
base,108,Prizms Pink Ice,false,,Jaylen Brown,
base,108,Prizms Pink Pulsar,false,,Jaylen Brown,
base,108,Prizms Purple,false,,Jaylen Brown,
base,108,Prizms Purple Ice,false,,Jaylen Brown,
base,108,Prizms Purple Pulsar,false,,Jaylen Brown,
base,108,Prizms Purple Wave,false,,Jaylen Brown,
base,108,Prizms Red,false,,Jaylen Brown,
base,108,Prizms Red Ice,false,,Jaylen Brown,
base,108,Prizms Red White and Blue,false,,Jaylen Brown,
base,108,Prizms Ruby Wave,false,,Jaylen Brown,
base,108,Prizms Silver,false,,Jaylen Brown,
base,108,Prizms White Sparkle,false,,Jaylen Brown,
base,108,Prizms 1st Off the Line Blue Shimmer,false,,Jaylen Brown,
base,108,Prizms 1st Off the Line Light Blue Shimmer,false,,Jaylen Brown,
base,108,Prizms 1st Off the Line Red Shimmer,false,,Jaylen Brown,
base,108,Prizms Black,false,,Jaylen Brown,
base,108,Prizms Black Gold,false,,Jaylen Brown,
auto-sensational-signatures,SS-KMH,Prizms Choice,true,,Kevin McHale,
auto-sensational-signatures,SS-KMH,Prizms Mojo,true,25,Kevin McHale,
auto-sensational-signatures,SS-KMH,Prizms Gold,true,10,Kevin McHale,
auto-sensational-signatures,SS-KMH,Prizms Choice Green,true,8,Kevin McHale,
auto-sensational-signatures,SS-KMH,Prizms Black,true,1,Kevin McHale,
auto-sensational-signatures,SS-KIV,Prizms Choice,true,,Kyrie Irving,
auto-sensational-signatures,SS-KIV,Prizms Mojo,true,25,Kyrie Irving,
auto-sensational-signatures,SS-KIV,Prizms Gold,true,10,Kyrie Irving,
auto-sensational-signatures,SS-KIV,Prizms Choice Green,true,8,Kyrie Irving,
auto-sensational-signatures,SS-KIV,Prizms Black,true,1,Kyrie Irving,
base,98,Prizms Blue,false,,Kyrie Irving,
base,98,Prizms Blue Ice,false,,Kyrie Irving,
base,98,Prizms Choice Blue Yellow and Green,false,,Kyrie Irving,
base,98,Prizms Choice Green,false,,Kyrie Irving,
base,98,Prizms Choice Nebula,false,,Kyrie Irving,
base,98,Prizms Choice Red,false,,Kyrie Irving,
base,98,Prizms Choice Tiger Stripe,false,,Kyrie Irving,
base,98,Prizms Fast Break,false,,Kyrie Irving,
base,98,Prizms Fast Break Blue,false,,Kyrie Irving,
base,98,Prizms Fast Break Bronze,false,,Kyrie Irving,
base,98,Prizms Fast Break Neon Green,false,,Kyrie Irving,
base,98,Prizms Fast Break Pink,false,,Kyrie Irving,
base,98,Prizms Fast Break Purple,false,,Kyrie Irving,
base,98,Prizms Fast Break Red,false,,Kyrie Irving,
base,98,Prizms Gold,false,,Kyrie Irving,
base,98,Prizms Green,false,,Kyrie Irving,
base,98,Prizms Green Pulsar,false,,Kyrie Irving,
base,98,Prizms Hyper,false,,Kyrie Irving,
base,98,Prizms Mojo,false,,Kyrie Irving,
base,98,Prizms Orange,false,,Kyrie Irving,
base,98,Prizms Pink Ice,false,,Kyrie Irving,
base,98,Prizms Pink Pulsar,false,,Kyrie Irving,
base,98,Prizms Purple,false,,Kyrie Irving,
base,98,Prizms Purple Ice,false,,Kyrie Irving,
base,98,Prizms Purple Pulsar,false,,Kyrie Irving,
base,98,Prizms Purple Wave,false,,Kyrie Irving,
base,98,Prizms Red,false,,Kyrie Irving,
base,98,Prizms Red Ice,false,,Kyrie Irving,
base,98,Prizms Red White and Blue,false,,Kyrie Irving,
base,98,Prizms Ruby Wave,false,,Kyrie Irving,
base,98,Prizms Silver,false,,Kyrie Irving,
base,98,Prizms White Sparkle,false,,Kyrie Irving,
base,98,Prizms 1st Off the Line Blue Shimmer,false,,Kyrie Irving,
base,98,Prizms 1st Off the Line Light Blue Shimmer,false,,Kyrie Irving,
base,98,Prizms 1st Off the Line Red Shimmer,false,,Kyrie Irving,
base,98,Prizms Black,false,,Kyrie Irving,
base,98,Prizms Black Gold,false,,Kyrie Irving,
base,245,Prizms Blue,false,,Dennis Johnson,
base,245,Prizms Blue Ice,false,,Dennis Johnson,
base,245,Prizms Choice Blue Yellow and Green,false,,Dennis Johnson,
base,245,Prizms Choice Green,false,,Dennis Johnson,
base,245,Prizms Choice Nebula,false,,Dennis Johnson,
base,245,Prizms Choice Red,false,,Dennis Johnson,
base,245,Prizms Choice Tiger Stripe,false,,Dennis Johnson,
base,245,Prizms Fast Break,false,,Dennis Johnson,
base,245,Prizms Fast Break Blue,false,,Dennis Johnson,
base,245,Prizms Fast Break Bronze,false,,Dennis Johnson,
base,245,Prizms Fast Break Neon Green,false,,Dennis Johnson,
base,245,Prizms Fast Break Pink,false,,Dennis Johnson,
base,245,Prizms Fast Break Purple,false,,Dennis Johnson,
base,245,Prizms Fast Break Red,false,,Dennis Johnson,
base,245,Prizms Gold,false,,Dennis Johnson,
base,245,Prizms Green,false,,Dennis Johnson,
base,245,Prizms Green Pulsar,false,,Dennis Johnson,
base,245,Prizms Hyper,false,,Dennis Johnson,
base,245,Prizms Mojo,false,,Dennis Johnson,
base,245,Prizms Orange,false,,Dennis Johnson,
base,245,Prizms Pink Ice,false,,Dennis Johnson,
base,245,Prizms Pink Pulsar,false,,Dennis Johnson,
base,245,Prizms Purple,false,,Dennis Johnson,
base,245,Prizms Purple Ice,false,,Dennis Johnson,
base,245,Prizms Purple Pulsar,false,,Dennis Johnson,
base,245,Prizms Purple Wave,false,,Dennis Johnson,
base,245,Prizms Red,false,,Dennis Johnson,
base,245,Prizms Red Ice,false,,Dennis Johnson,
base,245,Prizms Red White and Blue,false,,Dennis Johnson,
base,245,Prizms Ruby Wave,false,,Dennis Johnson,
base,245,Prizms Silver,false,,Dennis Johnson,
base,245,Prizms White Sparkle,false,,Dennis Johnson,
base,245,Prizms 1st Off the Line Blue Shimmer,false,,Dennis Johnson,
base,245,Prizms 1st Off the Line Light Blue Shimmer,false,,Dennis Johnson,
base,245,Prizms 1st Off the Line Red Shimmer,false,,Dennis Johnson,
base,245,Prizms Black,false,,Dennis Johnson,
base,245,Prizms Black Gold,false,,Dennis Johnson,
base,25,Prizms Blue,false,,Bill Russell,
base,25,Prizms Blue Ice,false,,Bill Russell,
base,25,Prizms Choice Blue Yellow and Green,false,,Bill Russell,
base,25,Prizms Choice Green,false,,Bill Russell,
base,25,Prizms Choice Nebula,false,,Bill Russell,
base,25,Prizms Choice Red,false,,Bill Russell,
base,25,Prizms Choice Tiger Stripe,false,,Bill Russell,
base,25,Prizms Fast Break,false,,Bill Russell,
base,25,Prizms Fast Break Blue,false,,Bill Russell,
base,25,Prizms Fast Break Bronze,false,,Bill Russell,
base,25,Prizms Fast Break Neon Green,false,,Bill Russell,
base,25,Prizms Fast Break Pink,false,,Bill Russell,
base,25,Prizms Fast Break Purple,false,,Bill Russell,
base,25,Prizms Fast Break Red,false,,Bill Russell,
base,25,Prizms Gold,false,,Bill Russell,
base,25,Prizms Green,false,,Bill Russell,
base,25,Prizms Green Pulsar,false,,Bill Russell,
base,25,Prizms Hyper,false,,Bill Russell,
base,25,Prizms Mojo,false,,Bill Russell,
base,25,Prizms Orange,false,,Bill Russell,
base,25,Prizms Pink Ice,false,,Bill Russell,
base,25,Prizms Pink Pulsar,false,,Bill Russell,
base,25,Prizms Purple,false,,Bill Russell,
base,25,Prizms Purple Ice,false,,Bill Russell,
base,25,Prizms Purple Pulsar,false,,Bill Russell,
base,25,Prizms Purple Wave,false,,Bill Russell,
base,25,Prizms Red,false,,Bill Russell,
base,25,Prizms Red Ice,false,,Bill Russell,
base,25,Prizms Red White and Blue,false,,Bill Russell,
base,25,Prizms Ruby Wave,false,,Bill Russell,
base,25,Prizms Silver,false,,Bill Russell,
base,25,Prizms White Sparkle,false,,Bill Russell,
base,25,Prizms 1st Off the Line Blue Shimmer,false,,Bill Russell,
base,25,Prizms 1st Off the Line Light Blue Shimmer,false,,Bill Russell,
base,25,Prizms 1st Off the Line Red Shimmer,false,,Bill Russell,
base,25,Prizms Black,false,,Bill Russell,
base,25,Prizms Black Gold,false,,Bill Russell,
base,138,Prizms Blue,false,,Robert Williams III,
base,138,Prizms Blue Ice,false,,Robert Williams III,
base,138,Prizms Choice Blue Yellow and Green,false,,Robert Williams III,
base,138,Prizms Choice Green,false,,Robert Williams III,
base,138,Prizms Choice Nebula,false,,Robert Williams III,
base,138,Prizms Choice Red,false,,Robert Williams III,
base,138,Prizms Choice Tiger Stripe,false,,Robert Williams III,
base,138,Prizms Fast Break,false,,Robert Williams III,
base,138,Prizms Fast Break Blue,false,,Robert Williams III,
base,138,Prizms Fast Break Bronze,false,,Robert Williams III,
base,138,Prizms Fast Break Neon Green,false,,Robert Williams III,
base,138,Prizms Fast Break Pink,false,,Robert Williams III,
base,138,Prizms Fast Break Purple,false,,Robert Williams III,
base,138,Prizms Fast Break Red,false,,Robert Williams III,
base,138,Prizms Gold,false,,Robert Williams III,
base,138,Prizms Green,false,,Robert Williams III,
base,138,Prizms Green Pulsar,false,,Robert Williams III,
base,138,Prizms Hyper,false,,Robert Williams III,
base,138,Prizms Mojo,false,,Robert Williams III,
base,138,Prizms Orange,false,,Robert Williams III,
base,138,Prizms Pink Ice,false,,Robert Williams III,
base,138,Prizms Pink Pulsar,false,,Robert Williams III,
base,138,Prizms Purple,false,,Robert Williams III,
base,138,Prizms Purple Ice,false,,Robert Williams III,
base,138,Prizms Purple Pulsar,false,,Robert Williams III,
base,138,Prizms Purple Wave,false,,Robert Williams III,
base,138,Prizms Red,false,,Robert Williams III,
base,138,Prizms Red Ice,false,,Robert Williams III,
base,138,Prizms Red White and Blue,false,,Robert Williams III,
base,138,Prizms Ruby Wave,false,,Robert Williams III,
base,138,Prizms Silver,false,,Robert Williams III,
base,138,Prizms White Sparkle,false,,Robert Williams III,
base,138,Prizms 1st Off the Line Blue Shimmer,false,,Robert Williams III,
base,138,Prizms 1st Off the Line Light Blue Shimmer,false,,Robert Williams III,
base,138,Prizms 1st Off the Line Red Shimmer,false,,Robert Williams III,
base,138,Prizms Black,false,,Robert Williams III,
base,138,Prizms Black Gold,false,,Robert Williams III,
insert-sensational-swatches,3,Prime,false,10,Rondae Hollis-Jefferson,
base,188,Prizms Blue,false,,Rodions Kurucs,
base,188,Prizms Blue Ice,false,,Rodions Kurucs,
base,188,Prizms Choice Blue Yellow and Green,false,,Rodions Kurucs,
base,188,Prizms Choice Green,false,,Rodions Kurucs,
base,188,Prizms Choice Nebula,false,,Rodions Kurucs,
base,188,Prizms Choice Red,false,,Rodions Kurucs,
base,188,Prizms Choice Tiger Stripe,false,,Rodions Kurucs,
base,188,Prizms Fast Break,false,,Rodions Kurucs,
base,188,Prizms Fast Break Blue,false,,Rodions Kurucs,
base,188,Prizms Fast Break Bronze,false,,Rodions Kurucs,
base,188,Prizms Fast Break Neon Green,false,,Rodions Kurucs,
base,188,Prizms Fast Break Pink,false,,Rodions Kurucs,
base,188,Prizms Fast Break Purple,false,,Rodions Kurucs,
base,188,Prizms Fast Break Red,false,,Rodions Kurucs,
base,188,Prizms Gold,false,,Rodions Kurucs,
base,188,Prizms Green,false,,Rodions Kurucs,
base,188,Prizms Green Pulsar,false,,Rodions Kurucs,
base,188,Prizms Hyper,false,,Rodions Kurucs,
base,188,Prizms Mojo,false,,Rodions Kurucs,
base,188,Prizms Orange,false,,Rodions Kurucs,
base,188,Prizms Pink Ice,false,,Rodions Kurucs,
base,188,Prizms Pink Pulsar,false,,Rodions Kurucs,
base,188,Prizms Purple,false,,Rodions Kurucs,
base,188,Prizms Purple Ice,false,,Rodions Kurucs,
base,188,Prizms Purple Pulsar,false,,Rodions Kurucs,
base,188,Prizms Purple Wave,false,,Rodions Kurucs,
base,188,Prizms Red,false,,Rodions Kurucs,
base,188,Prizms Red Ice,false,,Rodions Kurucs,
base,188,Prizms Red White and Blue,false,,Rodions Kurucs,
base,188,Prizms Ruby Wave,false,,Rodions Kurucs,
base,188,Prizms Silver,false,,Rodions Kurucs,
base,188,Prizms White Sparkle,false,,Rodions Kurucs,
base,188,Prizms 1st Off the Line Blue Shimmer,false,,Rodions Kurucs,
base,188,Prizms 1st Off the Line Light Blue Shimmer,false,,Rodions Kurucs,
base,188,Prizms 1st Off the Line Red Shimmer,false,,Rodions Kurucs,
base,188,Prizms Black,false,,Rodions Kurucs,
base,188,Prizms Black Gold,false,,Rodions Kurucs,
auto-signatures,S-JKD,Prizms Choice,true,,Jason Kidd,
auto-signatures,S-JKD,Prizms Silver,true,,Jason Kidd,
auto-signatures,S-JKD,Prizms Mojo,true,25,Jason Kidd,
auto-signatures,S-JKD,Prizms Gold,true,10,Jason Kidd,
auto-signatures,S-JKD,Prizms Choice Green,true,8,Jason Kidd,
auto-signatures,S-JKD,Prizms Black,true,1,Jason Kidd,
auto-signatures,S-ACR,Prizms Choice,true,,Allen Crabbe,
auto-signatures,S-ACR,Prizms Silver,true,,Allen Crabbe,
auto-signatures,S-ACR,Prizms Mojo,true,25,Allen Crabbe,
auto-signatures,S-ACR,Prizms Gold,true,10,Allen Crabbe,
auto-signatures,S-ACR,Prizms Choice Green,true,8,Allen Crabbe,
auto-signatures,S-ACR,Prizms Black,true,1,Allen Crabbe,
insert-sensational-swatches,70,Prime,false,10,Dzanan Musa,
insert-sensational-swatches,58,Prime,false,10,Kenny Anderson,
insert-sensational-swatches,56,Prime,false,10,Kenneth Faried,
base,198,Prizms Blue,false,,Dzanan Musa,
base,198,Prizms Blue Ice,false,,Dzanan Musa,
base,198,Prizms Choice Blue Yellow and Green,false,,Dzanan Musa,
base,198,Prizms Choice Green,false,,Dzanan Musa,
base,198,Prizms Choice Nebula,false,,Dzanan Musa,
base,198,Prizms Choice Red,false,,Dzanan Musa,
base,198,Prizms Choice Tiger Stripe,false,,Dzanan Musa,
base,198,Prizms Fast Break,false,,Dzanan Musa,
base,198,Prizms Fast Break Blue,false,,Dzanan Musa,
base,198,Prizms Fast Break Bronze,false,,Dzanan Musa,
base,198,Prizms Fast Break Neon Green,false,,Dzanan Musa,
base,198,Prizms Fast Break Pink,false,,Dzanan Musa,
base,198,Prizms Fast Break Purple,false,,Dzanan Musa,
base,198,Prizms Fast Break Red,false,,Dzanan Musa,
base,198,Prizms Gold,false,,Dzanan Musa,
base,198,Prizms Green,false,,Dzanan Musa,
base,198,Prizms Green Pulsar,false,,Dzanan Musa,
base,198,Prizms Hyper,false,,Dzanan Musa,
base,198,Prizms Mojo,false,,Dzanan Musa,
base,198,Prizms Orange,false,,Dzanan Musa,
base,198,Prizms Pink Ice,false,,Dzanan Musa,
base,198,Prizms Pink Pulsar,false,,Dzanan Musa,
base,198,Prizms Purple,false,,Dzanan Musa,
base,198,Prizms Purple Ice,false,,Dzanan Musa,
base,198,Prizms Purple Pulsar,false,,Dzanan Musa,
base,198,Prizms Purple Wave,false,,Dzanan Musa,
base,198,Prizms Red,false,,Dzanan Musa,
base,198,Prizms Red Ice,false,,Dzanan Musa,
base,198,Prizms Red White and Blue,false,,Dzanan Musa,
base,198,Prizms Ruby Wave,false,,Dzanan Musa,
base,198,Prizms Silver,false,,Dzanan Musa,
base,198,Prizms White Sparkle,false,,Dzanan Musa,
base,198,Prizms 1st Off the Line Blue Shimmer,false,,Dzanan Musa,
base,198,Prizms 1st Off the Line Light Blue Shimmer,false,,Dzanan Musa,
base,198,Prizms 1st Off the Line Red Shimmer,false,,Dzanan Musa,
base,198,Prizms Black,false,,Dzanan Musa,
base,198,Prizms Black Gold,false,,Dzanan Musa,
auto-sensational-signatures,SS-DZM,Prizms Choice,true,,Dzanan Musa,
auto-sensational-signatures,SS-DZM,Prizms Mojo,true,25,Dzanan Musa,
auto-sensational-signatures,SS-DZM,Prizms Gold,true,10,Dzanan Musa,
auto-sensational-signatures,SS-DZM,Prizms Choice Green,true,8,Dzanan Musa,
auto-sensational-signatures,SS-DZM,Prizms Black,true,1,Dzanan Musa,
auto-sensational-signatures,SS-CLV,Prizms Choice,true,,Caris LeVert,
auto-sensational-signatures,SS-CLV,Prizms Mojo,true,25,Caris LeVert,
auto-sensational-signatures,SS-CLV,Prizms Gold,true,10,Caris LeVert,
auto-sensational-signatures,SS-CLV,Prizms Choice Green,true,8,Caris LeVert,
auto-sensational-signatures,SS-CLV,Prizms Black,true,1,Caris LeVert,
auto-rookie-signatures,RS-RKU,Prizms Silver,true,,Rodions Kurucs,
auto-rookie-signatures,RS-RKU,Prizms Choice,true,,Rodions Kurucs,
auto-rookie-signatures,RS-RKU,Prizms Mojo,true,25,Rodions Kurucs,
auto-rookie-signatures,RS-RKU,Prizms Gold,true,10,Rodions Kurucs,
auto-rookie-signatures,RS-RKU,Prizms Choice Green,true,8,Rodions Kurucs,
auto-rookie-signatures,RS-RKU,Prizms Black,true,1,Rodions Kurucs,
auto-rookie-signatures,RS-RKU,Prizms White Sparkle,true,1,Rodions Kurucs,
auto-rookie-signatures,RS-DZM,Prizms Silver,true,,Dzanan Musa,
auto-rookie-signatures,RS-DZM,Prizms Choice,true,,Dzanan Musa,
auto-rookie-signatures,RS-DZM,Prizms Mojo,true,25,Dzanan Musa,
auto-rookie-signatures,RS-DZM,Prizms Gold,true,10,Dzanan Musa,
auto-rookie-signatures,RS-DZM,Prizms Choice Green,true,8,Dzanan Musa,
auto-rookie-signatures,RS-DZM,Prizms Black,true,1,Dzanan Musa,
auto-rookie-signatures,RS-DZM,Prizms White Sparkle,true,1,Dzanan Musa,
auto-fastbreak-autographs-rookies,FR-DZM,Gold,true,10,Dzanan Musa,
auto-fastbreak-autographs-rookies,FR-DZM,Black,true,1,Dzanan Musa,
auto-fastbreak-autographs,FB-EDV,Gold,true,10,Ed Davis,
auto-fastbreak-autographs,FB-EDV,Black,true,1,Ed Davis,
auto-fastbreak-autographs,FB-CLV,Gold,true,10,Caris LeVert,
auto-fastbreak-autographs,FB-CLV,Black,true,1,Caris LeVert,
base,268,Prizms Blue,false,,Shabazz Napier,
base,268,Prizms Blue Ice,false,,Shabazz Napier,
base,268,Prizms Choice Blue Yellow and Green,false,,Shabazz Napier,
base,268,Prizms Choice Green,false,,Shabazz Napier,
base,268,Prizms Choice Nebula,false,,Shabazz Napier,
base,268,Prizms Choice Red,false,,Shabazz Napier,
base,268,Prizms Choice Tiger Stripe,false,,Shabazz Napier,
base,268,Prizms Fast Break,false,,Shabazz Napier,
base,268,Prizms Fast Break Blue,false,,Shabazz Napier,
base,268,Prizms Fast Break Bronze,false,,Shabazz Napier,
base,268,Prizms Fast Break Neon Green,false,,Shabazz Napier,
base,268,Prizms Fast Break Pink,false,,Shabazz Napier,
base,268,Prizms Fast Break Purple,false,,Shabazz Napier,
base,268,Prizms Fast Break Red,false,,Shabazz Napier,
base,268,Prizms Gold,false,,Shabazz Napier,
base,268,Prizms Green,false,,Shabazz Napier,
base,268,Prizms Green Pulsar,false,,Shabazz Napier,
base,268,Prizms Hyper,false,,Shabazz Napier,
base,268,Prizms Mojo,false,,Shabazz Napier,
base,268,Prizms Orange,false,,Shabazz Napier,
base,268,Prizms Pink Ice,false,,Shabazz Napier,
base,268,Prizms Pink Pulsar,false,,Shabazz Napier,
base,268,Prizms Purple,false,,Shabazz Napier,
base,268,Prizms Purple Ice,false,,Shabazz Napier,
base,268,Prizms Purple Pulsar,false,,Shabazz Napier,
base,268,Prizms Purple Wave,false,,Shabazz Napier,
base,268,Prizms Red,false,,Shabazz Napier,
base,268,Prizms Red Ice,false,,Shabazz Napier,
base,268,Prizms Red White and Blue,false,,Shabazz Napier,
base,268,Prizms Ruby Wave,false,,Shabazz Napier,
base,268,Prizms Silver,false,,Shabazz Napier,
base,268,Prizms White Sparkle,false,,Shabazz Napier,
base,268,Prizms 1st Off the Line Blue Shimmer,false,,Shabazz Napier,
base,268,Prizms 1st Off the Line Light Blue Shimmer,false,,Shabazz Napier,
base,268,Prizms 1st Off the Line Red Shimmer,false,,Shabazz Napier,
base,268,Prizms Black,false,,Shabazz Napier,
base,268,Prizms Black Gold,false,,Shabazz Napier,
base,258,Prizms Blue,false,,Allen Crabbe,
base,258,Prizms Blue Ice,false,,Allen Crabbe,
base,258,Prizms Choice Blue Yellow and Green,false,,Allen Crabbe,
base,258,Prizms Choice Green,false,,Allen Crabbe,
base,258,Prizms Choice Nebula,false,,Allen Crabbe,
base,258,Prizms Choice Red,false,,Allen Crabbe,
base,258,Prizms Choice Tiger Stripe,false,,Allen Crabbe,
base,258,Prizms Fast Break,false,,Allen Crabbe,
base,258,Prizms Fast Break Blue,false,,Allen Crabbe,
base,258,Prizms Fast Break Bronze,false,,Allen Crabbe,
base,258,Prizms Fast Break Neon Green,false,,Allen Crabbe,
base,258,Prizms Fast Break Pink,false,,Allen Crabbe,
base,258,Prizms Fast Break Purple,false,,Allen Crabbe,
base,258,Prizms Fast Break Red,false,,Allen Crabbe,
base,258,Prizms Gold,false,,Allen Crabbe,
base,258,Prizms Green,false,,Allen Crabbe,
base,258,Prizms Green Pulsar,false,,Allen Crabbe,
base,258,Prizms Hyper,false,,Allen Crabbe,
base,258,Prizms Mojo,false,,Allen Crabbe,
base,258,Prizms Orange,false,,Allen Crabbe,
base,258,Prizms Pink Ice,false,,Allen Crabbe,
base,258,Prizms Pink Pulsar,false,,Allen Crabbe,
base,258,Prizms Purple,false,,Allen Crabbe,
base,258,Prizms Purple Ice,false,,Allen Crabbe,
base,258,Prizms Purple Pulsar,false,,Allen Crabbe,
base,258,Prizms Purple Wave,false,,Allen Crabbe,
base,258,Prizms Red,false,,Allen Crabbe,
base,258,Prizms Red Ice,false,,Allen Crabbe,
base,258,Prizms Red White and Blue,false,,Allen Crabbe,
base,258,Prizms Ruby Wave,false,,Allen Crabbe,
base,258,Prizms Silver,false,,Allen Crabbe,
base,258,Prizms White Sparkle,false,,Allen Crabbe,
base,258,Prizms 1st Off the Line Blue Shimmer,false,,Allen Crabbe,
base,258,Prizms 1st Off the Line Light Blue Shimmer,false,,Allen Crabbe,
base,258,Prizms 1st Off the Line Red Shimmer,false,,Allen Crabbe,
base,258,Prizms Black,false,,Allen Crabbe,
base,258,Prizms Black Gold,false,,Allen Crabbe,
base,248,Prizms Blue,false,,D'Angelo Russell,
base,248,Prizms Blue Ice,false,,D'Angelo Russell,
base,248,Prizms Choice Blue Yellow and Green,false,,D'Angelo Russell,
base,248,Prizms Choice Green,false,,D'Angelo Russell,
base,248,Prizms Choice Nebula,false,,D'Angelo Russell,
base,248,Prizms Choice Red,false,,D'Angelo Russell,
base,248,Prizms Choice Tiger Stripe,false,,D'Angelo Russell,
base,248,Prizms Fast Break,false,,D'Angelo Russell,
base,248,Prizms Fast Break Blue,false,,D'Angelo Russell,
base,248,Prizms Fast Break Bronze,false,,D'Angelo Russell,
base,248,Prizms Fast Break Neon Green,false,,D'Angelo Russell,
base,248,Prizms Fast Break Pink,false,,D'Angelo Russell,
base,248,Prizms Fast Break Purple,false,,D'Angelo Russell,
base,248,Prizms Fast Break Red,false,,D'Angelo Russell,
base,248,Prizms Gold,false,,D'Angelo Russell,
base,248,Prizms Green,false,,D'Angelo Russell,
base,248,Prizms Green Pulsar,false,,D'Angelo Russell,
base,248,Prizms Hyper,false,,D'Angelo Russell,
base,248,Prizms Mojo,false,,D'Angelo Russell,
base,248,Prizms Orange,false,,D'Angelo Russell,
base,248,Prizms Pink Ice,false,,D'Angelo Russell,
base,248,Prizms Pink Pulsar,false,,D'Angelo Russell,
base,248,Prizms Purple,false,,D'Angelo Russell,
base,248,Prizms Purple Ice,false,,D'Angelo Russell,
base,248,Prizms Purple Pulsar,false,,D'Angelo Russell,
base,248,Prizms Purple Wave,false,,D'Angelo Russell,
base,248,Prizms Red,false,,D'Angelo Russell,
base,248,Prizms Red Ice,false,,D'Angelo Russell,
base,248,Prizms Red White and Blue,false,,D'Angelo Russell,
base,248,Prizms Ruby Wave,false,,D'Angelo Russell,
base,248,Prizms Silver,false,,D'Angelo Russell,
base,248,Prizms White Sparkle,false,,D'Angelo Russell,
base,248,Prizms 1st Off the Line Blue Shimmer,false,,D'Angelo Russell,
base,248,Prizms 1st Off the Line Light Blue Shimmer,false,,D'Angelo Russell,
base,248,Prizms 1st Off the Line Red Shimmer,false,,D'Angelo Russell,
base,248,Prizms Black,false,,D'Angelo Russell,
base,248,Prizms Black Gold,false,,D'Angelo Russell,
base,238,Prizms Blue,false,,Rondae Hollis-Jefferson,
base,238,Prizms Blue Ice,false,,Rondae Hollis-Jefferson,
base,238,Prizms Choice Blue Yellow and Green,false,,Rondae Hollis-Jefferson,
base,238,Prizms Choice Green,false,,Rondae Hollis-Jefferson,
base,238,Prizms Choice Nebula,false,,Rondae Hollis-Jefferson,
base,238,Prizms Choice Red,false,,Rondae Hollis-Jefferson,
base,238,Prizms Choice Tiger Stripe,false,,Rondae Hollis-Jefferson,
base,238,Prizms Fast Break,false,,Rondae Hollis-Jefferson,
base,238,Prizms Fast Break Blue,false,,Rondae Hollis-Jefferson,
base,238,Prizms Fast Break Bronze,false,,Rondae Hollis-Jefferson,
base,238,Prizms Fast Break Neon Green,false,,Rondae Hollis-Jefferson,
base,238,Prizms Fast Break Pink,false,,Rondae Hollis-Jefferson,
base,238,Prizms Fast Break Purple,false,,Rondae Hollis-Jefferson,
base,238,Prizms Fast Break Red,false,,Rondae Hollis-Jefferson,
base,238,Prizms Gold,false,,Rondae Hollis-Jefferson,
base,238,Prizms Green,false,,Rondae Hollis-Jefferson,
base,238,Prizms Green Pulsar,false,,Rondae Hollis-Jefferson,
base,238,Prizms Hyper,false,,Rondae Hollis-Jefferson,
base,238,Prizms Mojo,false,,Rondae Hollis-Jefferson,
base,238,Prizms Orange,false,,Rondae Hollis-Jefferson,
base,238,Prizms Pink Ice,false,,Rondae Hollis-Jefferson,
base,238,Prizms Pink Pulsar,false,,Rondae Hollis-Jefferson,
base,238,Prizms Purple,false,,Rondae Hollis-Jefferson,
base,238,Prizms Purple Ice,false,,Rondae Hollis-Jefferson,
base,238,Prizms Purple Pulsar,false,,Rondae Hollis-Jefferson,
base,238,Prizms Purple Wave,false,,Rondae Hollis-Jefferson,
base,238,Prizms Red,false,,Rondae Hollis-Jefferson,
base,238,Prizms Red Ice,false,,Rondae Hollis-Jefferson,
base,238,Prizms Red White and Blue,false,,Rondae Hollis-Jefferson,
base,238,Prizms Ruby Wave,false,,Rondae Hollis-Jefferson,
base,238,Prizms Silver,false,,Rondae Hollis-Jefferson,
base,238,Prizms White Sparkle,false,,Rondae Hollis-Jefferson,
base,238,Prizms 1st Off the Line Blue Shimmer,false,,Rondae Hollis-Jefferson,
base,238,Prizms 1st Off the Line Light Blue Shimmer,false,,Rondae Hollis-Jefferson,
base,238,Prizms 1st Off the Line Red Shimmer,false,,Rondae Hollis-Jefferson,
base,238,Prizms Black,false,,Rondae Hollis-Jefferson,
base,238,Prizms Black Gold,false,,Rondae Hollis-Jefferson,
base,228,Prizms Blue,false,,Jarrett Allen,
base,228,Prizms Blue Ice,false,,Jarrett Allen,
base,228,Prizms Choice Blue Yellow and Green,false,,Jarrett Allen,
base,228,Prizms Choice Green,false,,Jarrett Allen,
base,228,Prizms Choice Nebula,false,,Jarrett Allen,
base,228,Prizms Choice Red,false,,Jarrett Allen,
base,228,Prizms Choice Tiger Stripe,false,,Jarrett Allen,
base,228,Prizms Fast Break,false,,Jarrett Allen,
base,228,Prizms Fast Break Blue,false,,Jarrett Allen,
base,228,Prizms Fast Break Bronze,false,,Jarrett Allen,
base,228,Prizms Fast Break Neon Green,false,,Jarrett Allen,
base,228,Prizms Fast Break Pink,false,,Jarrett Allen,
base,228,Prizms Fast Break Purple,false,,Jarrett Allen,
base,228,Prizms Fast Break Red,false,,Jarrett Allen,
base,228,Prizms Gold,false,,Jarrett Allen,
base,228,Prizms Green,false,,Jarrett Allen,
base,228,Prizms Green Pulsar,false,,Jarrett Allen,
base,228,Prizms Hyper,false,,Jarrett Allen,
base,228,Prizms Mojo,false,,Jarrett Allen,
base,228,Prizms Orange,false,,Jarrett Allen,
base,228,Prizms Pink Ice,false,,Jarrett Allen,
base,228,Prizms Pink Pulsar,false,,Jarrett Allen,
base,228,Prizms Purple,false,,Jarrett Allen,
base,228,Prizms Purple Ice,false,,Jarrett Allen,
base,228,Prizms Purple Pulsar,false,,Jarrett Allen,
base,228,Prizms Purple Wave,false,,Jarrett Allen,
base,228,Prizms Red,false,,Jarrett Allen,
base,228,Prizms Red Ice,false,,Jarrett Allen,
base,228,Prizms Red White and Blue,false,,Jarrett Allen,
base,228,Prizms Ruby Wave,false,,Jarrett Allen,
base,228,Prizms Silver,false,,Jarrett Allen,
base,228,Prizms White Sparkle,false,,Jarrett Allen,
base,228,Prizms 1st Off the Line Blue Shimmer,false,,Jarrett Allen,
base,228,Prizms 1st Off the Line Light Blue Shimmer,false,,Jarrett Allen,
base,228,Prizms 1st Off the Line Red Shimmer,false,,Jarrett Allen,
base,228,Prizms Black,false,,Jarrett Allen,
base,228,Prizms Black Gold,false,,Jarrett Allen,
base,218,Prizms Blue,false,,DeMarre Carroll,
base,218,Prizms Blue Ice,false,,DeMarre Carroll,
base,218,Prizms Choice Blue Yellow and Green,false,,DeMarre Carroll,
base,218,Prizms Choice Green,false,,DeMarre Carroll,
base,218,Prizms Choice Nebula,false,,DeMarre Carroll,
base,218,Prizms Choice Red,false,,DeMarre Carroll,
base,218,Prizms Choice Tiger Stripe,false,,DeMarre Carroll,
base,218,Prizms Fast Break,false,,DeMarre Carroll,
base,218,Prizms Fast Break Blue,false,,DeMarre Carroll,
base,218,Prizms Fast Break Bronze,false,,DeMarre Carroll,
base,218,Prizms Fast Break Neon Green,false,,DeMarre Carroll,
base,218,Prizms Fast Break Pink,false,,DeMarre Carroll,
base,218,Prizms Fast Break Purple,false,,DeMarre Carroll,
base,218,Prizms Fast Break Red,false,,DeMarre Carroll,
base,218,Prizms Gold,false,,DeMarre Carroll,
base,218,Prizms Green,false,,DeMarre Carroll,
base,218,Prizms Green Pulsar,false,,DeMarre Carroll,
base,218,Prizms Hyper,false,,DeMarre Carroll,
base,218,Prizms Mojo,false,,DeMarre Carroll,
base,218,Prizms Orange,false,,DeMarre Carroll,
base,218,Prizms Pink Ice,false,,DeMarre Carroll,
base,218,Prizms Pink Pulsar,false,,DeMarre Carroll,
base,218,Prizms Purple,false,,DeMarre Carroll,
base,218,Prizms Purple Ice,false,,DeMarre Carroll,
base,218,Prizms Purple Pulsar,false,,DeMarre Carroll,
base,218,Prizms Purple Wave,false,,DeMarre Carroll,
base,218,Prizms Red,false,,DeMarre Carroll,
base,218,Prizms Red Ice,false,,DeMarre Carroll,
base,218,Prizms Red White and Blue,false,,DeMarre Carroll,
base,218,Prizms Ruby Wave,false,,DeMarre Carroll,
base,218,Prizms Silver,false,,DeMarre Carroll,
base,218,Prizms White Sparkle,false,,DeMarre Carroll,
base,218,Prizms 1st Off the Line Blue Shimmer,false,,DeMarre Carroll,
base,218,Prizms 1st Off the Line Light Blue Shimmer,false,,DeMarre Carroll,
base,218,Prizms 1st Off the Line Red Shimmer,false,,DeMarre Carroll,
base,218,Prizms Black,false,,DeMarre Carroll,
base,218,Prizms Black Gold,false,,DeMarre Carroll,
base,208,Prizms Blue,false,,Spencer Dinwiddie,
base,208,Prizms Blue Ice,false,,Spencer Dinwiddie,
base,208,Prizms Choice Blue Yellow and Green,false,,Spencer Dinwiddie,
base,208,Prizms Choice Green,false,,Spencer Dinwiddie,
base,208,Prizms Choice Nebula,false,,Spencer Dinwiddie,
base,208,Prizms Choice Red,false,,Spencer Dinwiddie,
base,208,Prizms Choice Tiger Stripe,false,,Spencer Dinwiddie,
base,208,Prizms Fast Break,false,,Spencer Dinwiddie,
base,208,Prizms Fast Break Blue,false,,Spencer Dinwiddie,
base,208,Prizms Fast Break Bronze,false,,Spencer Dinwiddie,
base,208,Prizms Fast Break Neon Green,false,,Spencer Dinwiddie,
base,208,Prizms Fast Break Pink,false,,Spencer Dinwiddie,
base,208,Prizms Fast Break Purple,false,,Spencer Dinwiddie,
base,208,Prizms Fast Break Red,false,,Spencer Dinwiddie,
base,208,Prizms Gold,false,,Spencer Dinwiddie,
base,208,Prizms Green,false,,Spencer Dinwiddie,
base,208,Prizms Green Pulsar,false,,Spencer Dinwiddie,
base,208,Prizms Hyper,false,,Spencer Dinwiddie,
base,208,Prizms Mojo,false,,Spencer Dinwiddie,
base,208,Prizms Orange,false,,Spencer Dinwiddie,
base,208,Prizms Pink Ice,false,,Spencer Dinwiddie,
base,208,Prizms Pink Pulsar,false,,Spencer Dinwiddie,
base,208,Prizms Purple,false,,Spencer Dinwiddie,
base,208,Prizms Purple Ice,false,,Spencer Dinwiddie,
base,208,Prizms Purple Pulsar,false,,Spencer Dinwiddie,
base,208,Prizms Purple Wave,false,,Spencer Dinwiddie,
base,208,Prizms Red,false,,Spencer Dinwiddie,
base,208,Prizms Red Ice,false,,Spencer Dinwiddie,
base,208,Prizms Red White and Blue,false,,Spencer Dinwiddie,
base,208,Prizms Ruby Wave,false,,Spencer Dinwiddie,
base,208,Prizms Silver,false,,Spencer Dinwiddie,
base,208,Prizms White Sparkle,false,,Spencer Dinwiddie,
base,208,Prizms 1st Off the Line Blue Shimmer,false,,Spencer Dinwiddie,
base,208,Prizms 1st Off the Line Light Blue Shimmer,false,,Spencer Dinwiddie,
base,208,Prizms 1st Off the Line Red Shimmer,false,,Spencer Dinwiddie,
base,208,Prizms Black,false,,Spencer Dinwiddie,
base,208,Prizms Black Gold,false,,Spencer Dinwiddie,
base,40,Prizms Blue,false,,Marvin Williams,
base,40,Prizms Blue Ice,false,,Marvin Williams,
base,40,Prizms Choice Blue Yellow and Green,false,,Marvin Williams,
base,40,Prizms Choice Green,false,,Marvin Williams,
base,40,Prizms Choice Nebula,false,,Marvin Williams,
base,40,Prizms Choice Red,false,,Marvin Williams,
base,40,Prizms Choice Tiger Stripe,false,,Marvin Williams,
base,40,Prizms Fast Break,false,,Marvin Williams,
base,40,Prizms Fast Break Blue,false,,Marvin Williams,
base,40,Prizms Fast Break Bronze,false,,Marvin Williams,
base,40,Prizms Fast Break Neon Green,false,,Marvin Williams,
base,40,Prizms Fast Break Pink,false,,Marvin Williams,
base,40,Prizms Fast Break Purple,false,,Marvin Williams,
base,40,Prizms Fast Break Red,false,,Marvin Williams,
base,40,Prizms Gold,false,,Marvin Williams,
base,40,Prizms Green,false,,Marvin Williams,
base,40,Prizms Green Pulsar,false,,Marvin Williams,
base,40,Prizms Hyper,false,,Marvin Williams,
base,40,Prizms Mojo,false,,Marvin Williams,
base,40,Prizms Orange,false,,Marvin Williams,
base,40,Prizms Pink Ice,false,,Marvin Williams,
base,40,Prizms Pink Pulsar,false,,Marvin Williams,
base,40,Prizms Purple,false,,Marvin Williams,
base,40,Prizms Purple Ice,false,,Marvin Williams,
base,40,Prizms Purple Pulsar,false,,Marvin Williams,
base,40,Prizms Purple Wave,false,,Marvin Williams,
base,40,Prizms Red,false,,Marvin Williams,
base,40,Prizms Red Ice,false,,Marvin Williams,
base,40,Prizms Red White and Blue,false,,Marvin Williams,
base,40,Prizms Ruby Wave,false,,Marvin Williams,
base,40,Prizms Silver,false,,Marvin Williams,
base,40,Prizms White Sparkle,false,,Marvin Williams,
base,40,Prizms 1st Off the Line Blue Shimmer,false,,Marvin Williams,
base,40,Prizms 1st Off the Line Light Blue Shimmer,false,,Marvin Williams,
base,40,Prizms 1st Off the Line Red Shimmer,false,,Marvin Williams,
base,40,Prizms Black,false,,Marvin Williams,
base,40,Prizms Black Gold,false,,Marvin Williams,
base,278,Prizms Blue,false,,Miles Bridges,
base,278,Prizms Blue Ice,false,,Miles Bridges,
base,278,Prizms Choice Blue Yellow and Green,false,,Miles Bridges,
base,278,Prizms Choice Green,false,,Miles Bridges,
base,278,Prizms Choice Nebula,false,,Miles Bridges,
base,278,Prizms Choice Red,false,,Miles Bridges,
base,278,Prizms Choice Tiger Stripe,false,,Miles Bridges,
base,278,Prizms Fast Break,false,,Miles Bridges,
base,278,Prizms Fast Break Blue,false,,Miles Bridges,
base,278,Prizms Fast Break Bronze,false,,Miles Bridges,
base,278,Prizms Fast Break Neon Green,false,,Miles Bridges,
base,278,Prizms Fast Break Pink,false,,Miles Bridges,
base,278,Prizms Fast Break Purple,false,,Miles Bridges,
base,278,Prizms Fast Break Red,false,,Miles Bridges,
base,278,Prizms Gold,false,,Miles Bridges,
base,278,Prizms Green,false,,Miles Bridges,
base,278,Prizms Green Pulsar,false,,Miles Bridges,
base,278,Prizms Hyper,false,,Miles Bridges,
base,278,Prizms Mojo,false,,Miles Bridges,
base,278,Prizms Orange,false,,Miles Bridges,
base,278,Prizms Pink Ice,false,,Miles Bridges,
base,278,Prizms Pink Pulsar,false,,Miles Bridges,
base,278,Prizms Purple,false,,Miles Bridges,
base,278,Prizms Purple Ice,false,,Miles Bridges,
base,278,Prizms Purple Pulsar,false,,Miles Bridges,
base,278,Prizms Purple Wave,false,,Miles Bridges,
base,278,Prizms Red,false,,Miles Bridges,
base,278,Prizms Red Ice,false,,Miles Bridges,
base,278,Prizms Red White and Blue,false,,Miles Bridges,
base,278,Prizms Ruby Wave,false,,Miles Bridges,
base,278,Prizms Silver,false,,Miles Bridges,
base,278,Prizms White Sparkle,false,,Miles Bridges,
base,278,Prizms 1st Off the Line Blue Shimmer,false,,Miles Bridges,
base,278,Prizms 1st Off the Line Light Blue Shimmer,false,,Miles Bridges,
base,278,Prizms 1st Off the Line Red Shimmer,false,,Miles Bridges,
base,278,Prizms Black,false,,Miles Bridges,
base,278,Prizms Black Gold,false,,Miles Bridges,
base,50,Prizms Blue,false,,Malik Monk,
base,50,Prizms Blue Ice,false,,Malik Monk,
base,50,Prizms Choice Blue Yellow and Green,false,,Malik Monk,
base,50,Prizms Choice Green,false,,Malik Monk,
base,50,Prizms Choice Nebula,false,,Malik Monk,
base,50,Prizms Choice Red,false,,Malik Monk,
base,50,Prizms Choice Tiger Stripe,false,,Malik Monk,
base,50,Prizms Fast Break,false,,Malik Monk,
base,50,Prizms Fast Break Blue,false,,Malik Monk,
base,50,Prizms Fast Break Bronze,false,,Malik Monk,
base,50,Prizms Fast Break Neon Green,false,,Malik Monk,
base,50,Prizms Fast Break Pink,false,,Malik Monk,
base,50,Prizms Fast Break Purple,false,,Malik Monk,
base,50,Prizms Fast Break Red,false,,Malik Monk,
base,50,Prizms Gold,false,,Malik Monk,
base,50,Prizms Green,false,,Malik Monk,
base,50,Prizms Green Pulsar,false,,Malik Monk,
base,50,Prizms Hyper,false,,Malik Monk,
base,50,Prizms Mojo,false,,Malik Monk,
base,50,Prizms Orange,false,,Malik Monk,
base,50,Prizms Pink Ice,false,,Malik Monk,
base,50,Prizms Pink Pulsar,false,,Malik Monk,
base,50,Prizms Purple,false,,Malik Monk,
base,50,Prizms Purple Ice,false,,Malik Monk,
base,50,Prizms Purple Pulsar,false,,Malik Monk,
base,50,Prizms Purple Wave,false,,Malik Monk,
base,50,Prizms Red,false,,Malik Monk,
base,50,Prizms Red Ice,false,,Malik Monk,
base,50,Prizms Red White and Blue,false,,Malik Monk,
base,50,Prizms Ruby Wave,false,,Malik Monk,
base,50,Prizms Silver,false,,Malik Monk,
base,50,Prizms White Sparkle,false,,Malik Monk,
base,50,Prizms 1st Off the Line Blue Shimmer,false,,Malik Monk,
base,50,Prizms 1st Off the Line Light Blue Shimmer,false,,Malik Monk,
base,50,Prizms 1st Off the Line Red Shimmer,false,,Malik Monk,
base,50,Prizms Black,false,,Malik Monk,
base,50,Prizms Black Gold,false,,Malik Monk,
insert-freshman-phenoms,14,Green,false,,Miles Bridges,
insert-freshman-phenoms,14,Silver,false,,Miles Bridges,
insert-sensational-swatches,16,Prime,false,10,Nicolas Batum,
auto-signatures,S-GRC,Prizms Choice,true,,Glen Rice,
auto-signatures,S-GRC,Prizms Silver,true,,Glen Rice,
auto-signatures,S-GRC,Prizms Mojo,true,25,Glen Rice,
auto-signatures,S-GRC,Prizms Gold,true,10,Glen Rice,
auto-signatures,S-GRC,Prizms Choice Green,true,8,Glen Rice,
auto-signatures,S-GRC,Prizms Black,true,1,Glen Rice,
base,10,Prizms Blue,false,,Tony Parker,
base,10,Prizms Blue Ice,false,,Tony Parker,
base,10,Prizms Choice Blue Yellow and Green,false,,Tony Parker,
base,10,Prizms Choice Green,false,,Tony Parker,
base,10,Prizms Choice Nebula,false,,Tony Parker,
base,10,Prizms Choice Red,false,,Tony Parker,
base,10,Prizms Choice Tiger Stripe,false,,Tony Parker,
base,10,Prizms Fast Break,false,,Tony Parker,
base,10,Prizms Fast Break Blue,false,,Tony Parker,
base,10,Prizms Fast Break Bronze,false,,Tony Parker,
base,10,Prizms Fast Break Neon Green,false,,Tony Parker,
base,10,Prizms Fast Break Pink,false,,Tony Parker,
base,10,Prizms Fast Break Purple,false,,Tony Parker,
base,10,Prizms Fast Break Red,false,,Tony Parker,
base,10,Prizms Gold,false,,Tony Parker,
base,10,Prizms Green,false,,Tony Parker,
base,10,Prizms Green Pulsar,false,,Tony Parker,
base,10,Prizms Hyper,false,,Tony Parker,
base,10,Prizms Mojo,false,,Tony Parker,
base,10,Prizms Orange,false,,Tony Parker,
base,10,Prizms Pink Ice,false,,Tony Parker,
base,10,Prizms Pink Pulsar,false,,Tony Parker,
base,10,Prizms Purple,false,,Tony Parker,
base,10,Prizms Purple Ice,false,,Tony Parker,
base,10,Prizms Purple Pulsar,false,,Tony Parker,
base,10,Prizms Purple Wave,false,,Tony Parker,
base,10,Prizms Red,false,,Tony Parker,
base,10,Prizms Red Ice,false,,Tony Parker,
base,10,Prizms Red White and Blue,false,,Tony Parker,
base,10,Prizms Ruby Wave,false,,Tony Parker,
base,10,Prizms Silver,false,,Tony Parker,
base,10,Prizms White Sparkle,false,,Tony Parker,
base,10,Prizms 1st Off the Line Blue Shimmer,false,,Tony Parker,
base,10,Prizms 1st Off the Line Light Blue Shimmer,false,,Tony Parker,
base,10,Prizms 1st Off the Line Red Shimmer,false,,Tony Parker,
base,10,Prizms Black,false,,Tony Parker,
base,10,Prizms Black Gold,false,,Tony Parker,
auto-signatures,S-CZL,Prizms Choice,true,,Cody Zeller,
auto-signatures,S-CZL,Prizms Silver,true,,Cody Zeller,
auto-signatures,S-CZL,Prizms Mojo,true,25,Cody Zeller,
auto-signatures,S-CZL,Prizms Gold,true,10,Cody Zeller,
auto-signatures,S-CZL,Prizms Choice Green,true,8,Cody Zeller,
auto-signatures,S-CZL,Prizms Black,true,1,Cody Zeller,
auto-signatures,S-BBY,Prizms Choice,true,,Bismack Biyombo,
auto-signatures,S-BBY,Prizms Silver,true,,Bismack Biyombo,
auto-signatures,S-BBY,Prizms Mojo,true,25,Bismack Biyombo,
auto-signatures,S-BBY,Prizms Gold,true,10,Bismack Biyombo,
auto-signatures,S-BBY,Prizms Choice Green,true,8,Bismack Biyombo,
auto-signatures,S-BBY,Prizms Black,true,1,Bismack Biyombo,
base,20,Prizms Blue,false,,Nicolas Batum,
base,20,Prizms Blue Ice,false,,Nicolas Batum,
base,20,Prizms Choice Blue Yellow and Green,false,,Nicolas Batum,
base,20,Prizms Choice Green,false,,Nicolas Batum,
base,20,Prizms Choice Nebula,false,,Nicolas Batum,
base,20,Prizms Choice Red,false,,Nicolas Batum,
base,20,Prizms Choice Tiger Stripe,false,,Nicolas Batum,
base,20,Prizms Fast Break,false,,Nicolas Batum,
base,20,Prizms Fast Break Blue,false,,Nicolas Batum,
base,20,Prizms Fast Break Bronze,false,,Nicolas Batum,
base,20,Prizms Fast Break Neon Green,false,,Nicolas Batum,
base,20,Prizms Fast Break Pink,false,,Nicolas Batum,
base,20,Prizms Fast Break Purple,false,,Nicolas Batum,
base,20,Prizms Fast Break Red,false,,Nicolas Batum,
base,20,Prizms Gold,false,,Nicolas Batum,
base,20,Prizms Green,false,,Nicolas Batum,
base,20,Prizms Green Pulsar,false,,Nicolas Batum,
base,20,Prizms Hyper,false,,Nicolas Batum,
base,20,Prizms Mojo,false,,Nicolas Batum,
base,20,Prizms Orange,false,,Nicolas Batum,
base,20,Prizms Pink Ice,false,,Nicolas Batum,
base,20,Prizms Pink Pulsar,false,,Nicolas Batum,
base,20,Prizms Purple,false,,Nicolas Batum,
base,20,Prizms Purple Ice,false,,Nicolas Batum,
base,20,Prizms Purple Pulsar,false,,Nicolas Batum,
base,20,Prizms Purple Wave,false,,Nicolas Batum,
base,20,Prizms Red,false,,Nicolas Batum,
base,20,Prizms Red Ice,false,,Nicolas Batum,
base,20,Prizms Red White and Blue,false,,Nicolas Batum,
base,20,Prizms Ruby Wave,false,,Nicolas Batum,
base,20,Prizms Silver,false,,Nicolas Batum,
base,20,Prizms White Sparkle,false,,Nicolas Batum,
base,20,Prizms 1st Off the Line Blue Shimmer,false,,Nicolas Batum,
base,20,Prizms 1st Off the Line Light Blue Shimmer,false,,Nicolas Batum,
base,20,Prizms 1st Off the Line Red Shimmer,false,,Nicolas Batum,
base,20,Prizms Black,false,,Nicolas Batum,
base,20,Prizms Black Gold,false,,Nicolas Batum,
base,30,Prizms Blue,false,,Michael Kidd-Gilchrist,
base,30,Prizms Blue Ice,false,,Michael Kidd-Gilchrist,
base,30,Prizms Choice Blue Yellow and Green,false,,Michael Kidd-Gilchrist,
base,30,Prizms Choice Green,false,,Michael Kidd-Gilchrist,
base,30,Prizms Choice Nebula,false,,Michael Kidd-Gilchrist,
base,30,Prizms Choice Red,false,,Michael Kidd-Gilchrist,
base,30,Prizms Choice Tiger Stripe,false,,Michael Kidd-Gilchrist,
base,30,Prizms Fast Break,false,,Michael Kidd-Gilchrist,
base,30,Prizms Fast Break Blue,false,,Michael Kidd-Gilchrist,
base,30,Prizms Fast Break Bronze,false,,Michael Kidd-Gilchrist,
base,30,Prizms Fast Break Neon Green,false,,Michael Kidd-Gilchrist,
base,30,Prizms Fast Break Pink,false,,Michael Kidd-Gilchrist,
base,30,Prizms Fast Break Purple,false,,Michael Kidd-Gilchrist,
base,30,Prizms Fast Break Red,false,,Michael Kidd-Gilchrist,
base,30,Prizms Gold,false,,Michael Kidd-Gilchrist,
base,30,Prizms Green,false,,Michael Kidd-Gilchrist,
base,30,Prizms Green Pulsar,false,,Michael Kidd-Gilchrist,
base,30,Prizms Hyper,false,,Michael Kidd-Gilchrist,
base,30,Prizms Mojo,false,,Michael Kidd-Gilchrist,
base,30,Prizms Orange,false,,Michael Kidd-Gilchrist,
base,30,Prizms Pink Ice,false,,Michael Kidd-Gilchrist,
base,30,Prizms Pink Pulsar,false,,Michael Kidd-Gilchrist,
base,30,Prizms Purple,false,,Michael Kidd-Gilchrist,
base,30,Prizms Purple Ice,false,,Michael Kidd-Gilchrist,
base,30,Prizms Purple Pulsar,false,,Michael Kidd-Gilchrist,
base,30,Prizms Purple Wave,false,,Michael Kidd-Gilchrist,
base,30,Prizms Red,false,,Michael Kidd-Gilchrist,
base,30,Prizms Red Ice,false,,Michael Kidd-Gilchrist,
base,30,Prizms Red White and Blue,false,,Michael Kidd-Gilchrist,
base,30,Prizms Ruby Wave,false,,Michael Kidd-Gilchrist,
base,30,Prizms Silver,false,,Michael Kidd-Gilchrist,
base,30,Prizms White Sparkle,false,,Michael Kidd-Gilchrist,
base,30,Prizms 1st Off the Line Blue Shimmer,false,,Michael Kidd-Gilchrist,
base,30,Prizms 1st Off the Line Light Blue Shimmer,false,,Michael Kidd-Gilchrist,
base,30,Prizms 1st Off the Line Red Shimmer,false,,Michael Kidd-Gilchrist,
base,30,Prizms Black,false,,Michael Kidd-Gilchrist,
base,30,Prizms Black Gold,false,,Michael Kidd-Gilchrist,
auto-sensational-signatures,SS-DGR,Prizms Choice,true,,Devonte' Graham,
auto-sensational-signatures,SS-DGR,Prizms Mojo,true,25,Devonte' Graham,
auto-sensational-signatures,SS-DGR,Prizms Gold,true,10,Devonte' Graham,
auto-sensational-signatures,SS-DGR,Prizms Choice Green,true,8,Devonte' Graham,
auto-sensational-signatures,SS-DGR,Prizms Black,true,1,Devonte' Graham,
auto-rookie-signatures,RS-DGR,Prizms Silver,true,,Devonte' Graham,
auto-rookie-signatures,RS-DGR,Prizms Choice,true,,Devonte' Graham,
auto-rookie-signatures,RS-DGR,Prizms Mojo,true,25,Devonte' Graham,
auto-rookie-signatures,RS-DGR,Prizms Gold,true,10,Devonte' Graham,
auto-rookie-signatures,RS-DGR,Prizms Choice Green,true,8,Devonte' Graham,
auto-rookie-signatures,RS-DGR,Prizms Black,true,1,Devonte' Graham,
auto-rookie-signatures,RS-DGR,Prizms White Sparkle,true,1,Devonte' Graham,
auto-fastbreak-autographs,FB-CZL,Gold,true,10,Cody Zeller,
auto-fastbreak-autographs,FB-CZL,Black,true,1,Cody Zeller,
insert-sensational-swatches,68,Prime,false,10,Devonte' Graham,
auto-sensational-signatures,SS-TPK,Prizms Choice,true,,Tony Parker,
auto-sensational-signatures,SS-TPK,Prizms Mojo,true,25,Tony Parker,
auto-sensational-signatures,SS-TPK,Prizms Gold,true,10,Tony Parker,
auto-sensational-signatures,SS-TPK,Prizms Choice Green,true,8,Tony Parker,
auto-sensational-signatures,SS-TPK,Prizms Black,true,1,Tony Parker,
base,60,Prizms Blue,false,,Frank Kaminsky,
base,60,Prizms Blue Ice,false,,Frank Kaminsky,
base,60,Prizms Choice Blue Yellow and Green,false,,Frank Kaminsky,
base,60,Prizms Choice Green,false,,Frank Kaminsky,
base,60,Prizms Choice Nebula,false,,Frank Kaminsky,
base,60,Prizms Choice Red,false,,Frank Kaminsky,
base,60,Prizms Choice Tiger Stripe,false,,Frank Kaminsky,
base,60,Prizms Fast Break,false,,Frank Kaminsky,
base,60,Prizms Fast Break Blue,false,,Frank Kaminsky,
base,60,Prizms Fast Break Bronze,false,,Frank Kaminsky,
base,60,Prizms Fast Break Neon Green,false,,Frank Kaminsky,
base,60,Prizms Fast Break Pink,false,,Frank Kaminsky,
base,60,Prizms Fast Break Purple,false,,Frank Kaminsky,
base,60,Prizms Fast Break Red,false,,Frank Kaminsky,
base,60,Prizms Gold,false,,Frank Kaminsky,
base,60,Prizms Green,false,,Frank Kaminsky,
base,60,Prizms Green Pulsar,false,,Frank Kaminsky,
base,60,Prizms Hyper,false,,Frank Kaminsky,
base,60,Prizms Mojo,false,,Frank Kaminsky,
base,60,Prizms Orange,false,,Frank Kaminsky,
base,60,Prizms Pink Ice,false,,Frank Kaminsky,
base,60,Prizms Pink Pulsar,false,,Frank Kaminsky,
base,60,Prizms Purple,false,,Frank Kaminsky,
base,60,Prizms Purple Ice,false,,Frank Kaminsky,
base,60,Prizms Purple Pulsar,false,,Frank Kaminsky,
base,60,Prizms Purple Wave,false,,Frank Kaminsky,
base,60,Prizms Red,false,,Frank Kaminsky,
base,60,Prizms Red Ice,false,,Frank Kaminsky,
base,60,Prizms Red White and Blue,false,,Frank Kaminsky,
base,60,Prizms Ruby Wave,false,,Frank Kaminsky,
base,60,Prizms Silver,false,,Frank Kaminsky,
base,60,Prizms White Sparkle,false,,Frank Kaminsky,
base,60,Prizms 1st Off the Line Blue Shimmer,false,,Frank Kaminsky,
base,60,Prizms 1st Off the Line Light Blue Shimmer,false,,Frank Kaminsky,
base,60,Prizms 1st Off the Line Red Shimmer,false,,Frank Kaminsky,
base,60,Prizms Black,false,,Frank Kaminsky,
base,60,Prizms Black Gold,false,,Frank Kaminsky,
insert-emergent,12,Silver,false,,Miles Bridges,
insert-emergent,12,Green,false,,Miles Bridges,
insert-luck-of-the-lottery,12,Hyper,false,,Miles Bridges,
insert-luck-of-the-lottery,12,Fast Break,false,,Miles Bridges,
insert-luck-of-the-lottery,12,Silver,false,,Miles Bridges,
insert-luck-of-the-lottery,12,Mojo,false,25,Miles Bridges,
insert-luck-of-the-lottery,12,Gold,false,10,Miles Bridges,
insert-luck-of-the-lottery,12,Black,false,1,Miles Bridges,
base,288,Prizms Blue,false,,Devonte' Graham,
base,288,Prizms Blue Ice,false,,Devonte' Graham,
base,288,Prizms Choice Blue Yellow and Green,false,,Devonte' Graham,
base,288,Prizms Choice Green,false,,Devonte' Graham,
base,288,Prizms Choice Nebula,false,,Devonte' Graham,
base,288,Prizms Choice Red,false,,Devonte' Graham,
base,288,Prizms Choice Tiger Stripe,false,,Devonte' Graham,
base,288,Prizms Fast Break,false,,Devonte' Graham,
base,288,Prizms Fast Break Blue,false,,Devonte' Graham,
base,288,Prizms Fast Break Bronze,false,,Devonte' Graham,
base,288,Prizms Fast Break Neon Green,false,,Devonte' Graham,
base,288,Prizms Fast Break Pink,false,,Devonte' Graham,
base,288,Prizms Fast Break Purple,false,,Devonte' Graham,
base,288,Prizms Fast Break Red,false,,Devonte' Graham,
base,288,Prizms Gold,false,,Devonte' Graham,
base,288,Prizms Green,false,,Devonte' Graham,
base,288,Prizms Green Pulsar,false,,Devonte' Graham,
base,288,Prizms Hyper,false,,Devonte' Graham,
base,288,Prizms Mojo,false,,Devonte' Graham,
base,288,Prizms Orange,false,,Devonte' Graham,
base,288,Prizms Pink Ice,false,,Devonte' Graham,
base,288,Prizms Pink Pulsar,false,,Devonte' Graham,
base,288,Prizms Purple,false,,Devonte' Graham,
base,288,Prizms Purple Ice,false,,Devonte' Graham,
base,288,Prizms Purple Pulsar,false,,Devonte' Graham,
base,288,Prizms Purple Wave,false,,Devonte' Graham,
base,288,Prizms Red,false,,Devonte' Graham,
base,288,Prizms Red Ice,false,,Devonte' Graham,
base,288,Prizms Red White and Blue,false,,Devonte' Graham,
base,288,Prizms Ruby Wave,false,,Devonte' Graham,
base,288,Prizms Silver,false,,Devonte' Graham,
base,288,Prizms White Sparkle,false,,Devonte' Graham,
base,288,Prizms 1st Off the Line Blue Shimmer,false,,Devonte' Graham,
base,288,Prizms 1st Off the Line Light Blue Shimmer,false,,Devonte' Graham,
base,288,Prizms 1st Off the Line Red Shimmer,false,,Devonte' Graham,
base,288,Prizms Black,false,,Devonte' Graham,
base,288,Prizms Black Gold,false,,Devonte' Graham,
auto-fastbreak-autographs-rookies,FR-DGR,Gold,true,10,Devonte' Graham,
auto-fastbreak-autographs-rookies,FR-DGR,Black,true,1,Devonte' Graham,
base,298,Prizms Blue,false,,Kemba Walker,
base,298,Prizms Blue Ice,false,,Kemba Walker,
base,298,Prizms Choice Blue Yellow and Green,false,,Kemba Walker,
base,298,Prizms Choice Green,false,,Kemba Walker,
base,298,Prizms Choice Nebula,false,,Kemba Walker,
base,298,Prizms Choice Red,false,,Kemba Walker,
base,298,Prizms Choice Tiger Stripe,false,,Kemba Walker,
base,298,Prizms Fast Break,false,,Kemba Walker,
base,298,Prizms Fast Break Blue,false,,Kemba Walker,
base,298,Prizms Fast Break Bronze,false,,Kemba Walker,
base,298,Prizms Fast Break Neon Green,false,,Kemba Walker,
base,298,Prizms Fast Break Pink,false,,Kemba Walker,
base,298,Prizms Fast Break Purple,false,,Kemba Walker,
base,298,Prizms Fast Break Red,false,,Kemba Walker,
base,298,Prizms Gold,false,,Kemba Walker,
base,298,Prizms Green,false,,Kemba Walker,
base,298,Prizms Green Pulsar,false,,Kemba Walker,
base,298,Prizms Hyper,false,,Kemba Walker,
base,298,Prizms Mojo,false,,Kemba Walker,
base,298,Prizms Orange,false,,Kemba Walker,
base,298,Prizms Pink Ice,false,,Kemba Walker,
base,298,Prizms Pink Pulsar,false,,Kemba Walker,
base,298,Prizms Purple,false,,Kemba Walker,
base,298,Prizms Purple Ice,false,,Kemba Walker,
base,298,Prizms Purple Pulsar,false,,Kemba Walker,
base,298,Prizms Purple Wave,false,,Kemba Walker,
base,298,Prizms Red,false,,Kemba Walker,
base,298,Prizms Red Ice,false,,Kemba Walker,
base,298,Prizms Red White and Blue,false,,Kemba Walker,
base,298,Prizms Ruby Wave,false,,Kemba Walker,
base,298,Prizms Silver,false,,Kemba Walker,
base,298,Prizms White Sparkle,false,,Kemba Walker,
base,298,Prizms 1st Off the Line Blue Shimmer,false,,Kemba Walker,
base,298,Prizms 1st Off the Line Light Blue Shimmer,false,,Kemba Walker,
base,298,Prizms 1st Off the Line Red Shimmer,false,,Kemba Walker,
base,298,Prizms Black,false,,Kemba Walker,
base,298,Prizms Black Gold,false,,Kemba Walker,
insert-dominance,24,Green,false,,Scottie Pippen,
insert-dominance,24,Silver,false,,Scottie Pippen,
base,65,Prizms Blue,false,,Scottie Pippen,
base,65,Prizms Blue Ice,false,,Scottie Pippen,
base,65,Prizms Choice Blue Yellow and Green,false,,Scottie Pippen,
base,65,Prizms Choice Green,false,,Scottie Pippen,
base,65,Prizms Choice Nebula,false,,Scottie Pippen,
base,65,Prizms Choice Red,false,,Scottie Pippen,
base,65,Prizms Choice Tiger Stripe,false,,Scottie Pippen,
base,65,Prizms Fast Break,false,,Scottie Pippen,
base,65,Prizms Fast Break Blue,false,,Scottie Pippen,
base,65,Prizms Fast Break Bronze,false,,Scottie Pippen,
base,65,Prizms Fast Break Neon Green,false,,Scottie Pippen,
base,65,Prizms Fast Break Pink,false,,Scottie Pippen,
base,65,Prizms Fast Break Purple,false,,Scottie Pippen,
base,65,Prizms Fast Break Red,false,,Scottie Pippen,
base,65,Prizms Gold,false,,Scottie Pippen,
base,65,Prizms Green,false,,Scottie Pippen,
base,65,Prizms Green Pulsar,false,,Scottie Pippen,
base,65,Prizms Hyper,false,,Scottie Pippen,
base,65,Prizms Mojo,false,,Scottie Pippen,
base,65,Prizms Orange,false,,Scottie Pippen,
base,65,Prizms Pink Ice,false,,Scottie Pippen,
base,65,Prizms Pink Pulsar,false,,Scottie Pippen,
base,65,Prizms Purple,false,,Scottie Pippen,
base,65,Prizms Purple Ice,false,,Scottie Pippen,
base,65,Prizms Purple Pulsar,false,,Scottie Pippen,
base,65,Prizms Purple Wave,false,,Scottie Pippen,
base,65,Prizms Red,false,,Scottie Pippen,
base,65,Prizms Red Ice,false,,Scottie Pippen,
base,65,Prizms Red White and Blue,false,,Scottie Pippen,
base,65,Prizms Ruby Wave,false,,Scottie Pippen,
base,65,Prizms Silver,false,,Scottie Pippen,
base,65,Prizms White Sparkle,false,,Scottie Pippen,
base,65,Prizms 1st Off the Line Blue Shimmer,false,,Scottie Pippen,
base,65,Prizms 1st Off the Line Light Blue Shimmer,false,,Scottie Pippen,
base,65,Prizms 1st Off the Line Red Shimmer,false,,Scottie Pippen,
base,65,Prizms Black,false,,Scottie Pippen,
base,65,Prizms Black Gold,false,,Scottie Pippen,
insert-freshman-phenoms,19,Green,false,,Wendell Carter Jr.,
insert-freshman-phenoms,19,Silver,false,,Wendell Carter Jr.,
base,100,Prizms Blue,false,,Zach LaVine,
base,100,Prizms Blue Ice,false,,Zach LaVine,
base,100,Prizms Choice Blue Yellow and Green,false,,Zach LaVine,
base,100,Prizms Choice Green,false,,Zach LaVine,
base,100,Prizms Choice Nebula,false,,Zach LaVine,
base,100,Prizms Choice Red,false,,Zach LaVine,
base,100,Prizms Choice Tiger Stripe,false,,Zach LaVine,
base,100,Prizms Fast Break,false,,Zach LaVine,
base,100,Prizms Fast Break Blue,false,,Zach LaVine,
base,100,Prizms Fast Break Bronze,false,,Zach LaVine,
base,100,Prizms Fast Break Neon Green,false,,Zach LaVine,
base,100,Prizms Fast Break Pink,false,,Zach LaVine,
base,100,Prizms Fast Break Purple,false,,Zach LaVine,
base,100,Prizms Fast Break Red,false,,Zach LaVine,
base,100,Prizms Gold,false,,Zach LaVine,
base,100,Prizms Green,false,,Zach LaVine,
base,100,Prizms Green Pulsar,false,,Zach LaVine,
base,100,Prizms Hyper,false,,Zach LaVine,
base,100,Prizms Mojo,false,,Zach LaVine,
base,100,Prizms Orange,false,,Zach LaVine,
base,100,Prizms Pink Ice,false,,Zach LaVine,
base,100,Prizms Pink Pulsar,false,,Zach LaVine,
base,100,Prizms Purple,false,,Zach LaVine,
base,100,Prizms Purple Ice,false,,Zach LaVine,
base,100,Prizms Purple Pulsar,false,,Zach LaVine,
base,100,Prizms Purple Wave,false,,Zach LaVine,
base,100,Prizms Red,false,,Zach LaVine,
base,100,Prizms Red Ice,false,,Zach LaVine,
base,100,Prizms Red White and Blue,false,,Zach LaVine,
base,100,Prizms Ruby Wave,false,,Zach LaVine,
base,100,Prizms Silver,false,,Zach LaVine,
base,100,Prizms White Sparkle,false,,Zach LaVine,
base,100,Prizms 1st Off the Line Blue Shimmer,false,,Zach LaVine,
base,100,Prizms 1st Off the Line Light Blue Shimmer,false,,Zach LaVine,
base,100,Prizms 1st Off the Line Red Shimmer,false,,Zach LaVine,
base,100,Prizms Black,false,,Zach LaVine,
base,100,Prizms Black Gold,false,,Zach LaVine,
insert-freshman-phenoms,4,Green,false,,Chandler Hutchison,
insert-freshman-phenoms,4,Silver,false,,Chandler Hutchison,
insert-fireworks,11,Silver,false,,Lauri Markkanen,
insert-fireworks,11,Fast Break,false,,Lauri Markkanen,
insert-fireworks,11,Hyper,false,,Lauri Markkanen,
insert-fireworks,11,Mojo,false,25,Lauri Markkanen,
insert-fireworks,11,Fast Gold,false,10,Lauri Markkanen,
insert-fireworks,11,Black,false,1,Lauri Markkanen,
auto-fastbreak-autographs-rookies,FR-WCJ,Gold,true,10,Wendell Carter Jr.,
auto-fastbreak-autographs-rookies,FR-WCJ,Black,true,1,Wendell Carter Jr.,
base,110,Prizms Blue,false,,Lauri Markkanen,
base,110,Prizms Blue Ice,false,,Lauri Markkanen,
base,110,Prizms Choice Blue Yellow and Green,false,,Lauri Markkanen,
base,110,Prizms Choice Green,false,,Lauri Markkanen,
base,110,Prizms Choice Nebula,false,,Lauri Markkanen,
base,110,Prizms Choice Red,false,,Lauri Markkanen,
base,110,Prizms Choice Tiger Stripe,false,,Lauri Markkanen,
base,110,Prizms Fast Break,false,,Lauri Markkanen,
base,110,Prizms Fast Break Blue,false,,Lauri Markkanen,
base,110,Prizms Fast Break Bronze,false,,Lauri Markkanen,
base,110,Prizms Fast Break Neon Green,false,,Lauri Markkanen,
base,110,Prizms Fast Break Pink,false,,Lauri Markkanen,
base,110,Prizms Fast Break Purple,false,,Lauri Markkanen,
base,110,Prizms Fast Break Red,false,,Lauri Markkanen,
base,110,Prizms Gold,false,,Lauri Markkanen,
base,110,Prizms Green,false,,Lauri Markkanen,
base,110,Prizms Green Pulsar,false,,Lauri Markkanen,
base,110,Prizms Hyper,false,,Lauri Markkanen,
base,110,Prizms Mojo,false,,Lauri Markkanen,
base,110,Prizms Orange,false,,Lauri Markkanen,
base,110,Prizms Pink Ice,false,,Lauri Markkanen,
base,110,Prizms Pink Pulsar,false,,Lauri Markkanen,
base,110,Prizms Purple,false,,Lauri Markkanen,
base,110,Prizms Purple Ice,false,,Lauri Markkanen,
base,110,Prizms Purple Pulsar,false,,Lauri Markkanen,
base,110,Prizms Purple Wave,false,,Lauri Markkanen,
base,110,Prizms Red,false,,Lauri Markkanen,
base,110,Prizms Red Ice,false,,Lauri Markkanen,
base,110,Prizms Red White and Blue,false,,Lauri Markkanen,
base,110,Prizms Ruby Wave,false,,Lauri Markkanen,
base,110,Prizms Silver,false,,Lauri Markkanen,
base,110,Prizms White Sparkle,false,,Lauri Markkanen,
base,110,Prizms 1st Off the Line Blue Shimmer,false,,Lauri Markkanen,
base,110,Prizms 1st Off the Line Light Blue Shimmer,false,,Lauri Markkanen,
base,110,Prizms 1st Off the Line Red Shimmer,false,,Lauri Markkanen,
base,110,Prizms Black,false,,Lauri Markkanen,
base,110,Prizms Black Gold,false,,Lauri Markkanen,
auto-sensational-signatures,SS-SKR,Prizms Choice,true,,Steve Kerr,
auto-sensational-signatures,SS-SKR,Prizms Mojo,true,25,Steve Kerr,
auto-sensational-signatures,SS-SKR,Prizms Gold,true,10,Steve Kerr,
auto-sensational-signatures,SS-SKR,Prizms Choice Green,true,8,Steve Kerr,
auto-sensational-signatures,SS-SKR,Prizms Black,true,1,Steve Kerr,
auto-sensational-signatures,SS-WCJ,Prizms Choice,true,,Wendell Carter Jr.,
auto-sensational-signatures,SS-WCJ,Prizms Mojo,true,25,Wendell Carter Jr.,
auto-sensational-signatures,SS-WCJ,Prizms Gold,true,10,Wendell Carter Jr.,
auto-sensational-signatures,SS-WCJ,Prizms Choice Green,true,8,Wendell Carter Jr.,
auto-sensational-signatures,SS-WCJ,Prizms Black,true,1,Wendell Carter Jr.,
auto-sensational-signatures,SS-ZLV,Prizms Choice,true,,Zach LaVine,
auto-sensational-signatures,SS-ZLV,Prizms Mojo,true,25,Zach LaVine,
auto-sensational-signatures,SS-ZLV,Prizms Gold,true,10,Zach LaVine,
auto-sensational-signatures,SS-ZLV,Prizms Choice Green,true,8,Zach LaVine,
auto-sensational-signatures,SS-ZLV,Prizms Black,true,1,Zach LaVine,
auto-fastbreak-autographs-rookies,FR-CHS,Gold,true,10,Chandler Hutchison,
auto-fastbreak-autographs-rookies,FR-CHS,Black,true,1,Chandler Hutchison,
base,120,Prizms Blue,false,,Robin Lopez,
base,120,Prizms Blue Ice,false,,Robin Lopez,
base,120,Prizms Choice Blue Yellow and Green,false,,Robin Lopez,
base,120,Prizms Choice Green,false,,Robin Lopez,
base,120,Prizms Choice Nebula,false,,Robin Lopez,
base,120,Prizms Choice Red,false,,Robin Lopez,
base,120,Prizms Choice Tiger Stripe,false,,Robin Lopez,
base,120,Prizms Fast Break,false,,Robin Lopez,
base,120,Prizms Fast Break Blue,false,,Robin Lopez,
base,120,Prizms Fast Break Bronze,false,,Robin Lopez,
base,120,Prizms Fast Break Neon Green,false,,Robin Lopez,
base,120,Prizms Fast Break Pink,false,,Robin Lopez,
base,120,Prizms Fast Break Purple,false,,Robin Lopez,
base,120,Prizms Fast Break Red,false,,Robin Lopez,
base,120,Prizms Gold,false,,Robin Lopez,
base,120,Prizms Green,false,,Robin Lopez,
base,120,Prizms Green Pulsar,false,,Robin Lopez,
base,120,Prizms Hyper,false,,Robin Lopez,
base,120,Prizms Mojo,false,,Robin Lopez,
base,120,Prizms Orange,false,,Robin Lopez,
base,120,Prizms Pink Ice,false,,Robin Lopez,
base,120,Prizms Pink Pulsar,false,,Robin Lopez,
base,120,Prizms Purple,false,,Robin Lopez,
base,120,Prizms Purple Ice,false,,Robin Lopez,
base,120,Prizms Purple Pulsar,false,,Robin Lopez,
base,120,Prizms Purple Wave,false,,Robin Lopez,
base,120,Prizms Red,false,,Robin Lopez,
base,120,Prizms Red Ice,false,,Robin Lopez,
base,120,Prizms Red White and Blue,false,,Robin Lopez,
base,120,Prizms Ruby Wave,false,,Robin Lopez,
base,120,Prizms Silver,false,,Robin Lopez,
base,120,Prizms White Sparkle,false,,Robin Lopez,
base,120,Prizms 1st Off the Line Blue Shimmer,false,,Robin Lopez,
base,120,Prizms 1st Off the Line Light Blue Shimmer,false,,Robin Lopez,
base,120,Prizms 1st Off the Line Red Shimmer,false,,Robin Lopez,
base,120,Prizms Black,false,,Robin Lopez,
base,120,Prizms Black Gold,false,,Robin Lopez,
auto-fastbreak-autographs,FB-ZLV,Gold,true,10,Zach LaVine,
auto-fastbreak-autographs,FB-ZLV,Black,true,1,Zach LaVine,
insert-sensational-swatches,64,Prime,false,10,Chandler Hutchison,
base,130,Prizms Blue,false,,Jabari Parker,
base,130,Prizms Blue Ice,false,,Jabari Parker,
base,130,Prizms Choice Blue Yellow and Green,false,,Jabari Parker,
base,130,Prizms Choice Green,false,,Jabari Parker,
base,130,Prizms Choice Nebula,false,,Jabari Parker,
base,130,Prizms Choice Red,false,,Jabari Parker,
base,130,Prizms Choice Tiger Stripe,false,,Jabari Parker,
base,130,Prizms Fast Break,false,,Jabari Parker,
base,130,Prizms Fast Break Blue,false,,Jabari Parker,
base,130,Prizms Fast Break Bronze,false,,Jabari Parker,
base,130,Prizms Fast Break Neon Green,false,,Jabari Parker,
base,130,Prizms Fast Break Pink,false,,Jabari Parker,
base,130,Prizms Fast Break Purple,false,,Jabari Parker,
base,130,Prizms Fast Break Red,false,,Jabari Parker,
base,130,Prizms Gold,false,,Jabari Parker,
base,130,Prizms Green,false,,Jabari Parker,
base,130,Prizms Green Pulsar,false,,Jabari Parker,
base,130,Prizms Hyper,false,,Jabari Parker,
base,130,Prizms Mojo,false,,Jabari Parker,
base,130,Prizms Orange,false,,Jabari Parker,
base,130,Prizms Pink Ice,false,,Jabari Parker,
base,130,Prizms Pink Pulsar,false,,Jabari Parker,
base,130,Prizms Purple,false,,Jabari Parker,
base,130,Prizms Purple Ice,false,,Jabari Parker,
base,130,Prizms Purple Pulsar,false,,Jabari Parker,
base,130,Prizms Purple Wave,false,,Jabari Parker,
base,130,Prizms Red,false,,Jabari Parker,
base,130,Prizms Red Ice,false,,Jabari Parker,
base,130,Prizms Red White and Blue,false,,Jabari Parker,
base,130,Prizms Ruby Wave,false,,Jabari Parker,
base,130,Prizms Silver,false,,Jabari Parker,
base,130,Prizms White Sparkle,false,,Jabari Parker,
base,130,Prizms 1st Off the Line Blue Shimmer,false,,Jabari Parker,
base,130,Prizms 1st Off the Line Light Blue Shimmer,false,,Jabari Parker,
base,130,Prizms 1st Off the Line Red Shimmer,false,,Jabari Parker,
base,130,Prizms Black,false,,Jabari Parker,
base,130,Prizms Black Gold,false,,Jabari Parker,
auto-fastbreak-autographs,FB-CHG,Gold,true,10,Craig Hodges,
auto-fastbreak-autographs,FB-CHG,Black,true,1,Craig Hodges,
insert-emergent,22,Silver,false,,Chandler Hutchison,
insert-emergent,22,Green,false,,Chandler Hutchison,
insert-emergent,7,Silver,false,,Wendell Carter Jr.,
insert-emergent,7,Green,false,,Wendell Carter Jr.,
base,140,Prizms Blue,false,,Bobby Portis,
base,140,Prizms Blue Ice,false,,Bobby Portis,
base,140,Prizms Choice Blue Yellow and Green,false,,Bobby Portis,
base,140,Prizms Choice Green,false,,Bobby Portis,
base,140,Prizms Choice Nebula,false,,Bobby Portis,
base,140,Prizms Choice Red,false,,Bobby Portis,
base,140,Prizms Choice Tiger Stripe,false,,Bobby Portis,
base,140,Prizms Fast Break,false,,Bobby Portis,
base,140,Prizms Fast Break Blue,false,,Bobby Portis,
base,140,Prizms Fast Break Bronze,false,,Bobby Portis,
base,140,Prizms Fast Break Neon Green,false,,Bobby Portis,
base,140,Prizms Fast Break Pink,false,,Bobby Portis,
base,140,Prizms Fast Break Purple,false,,Bobby Portis,
base,140,Prizms Fast Break Red,false,,Bobby Portis,
base,140,Prizms Gold,false,,Bobby Portis,
base,140,Prizms Green,false,,Bobby Portis,
base,140,Prizms Green Pulsar,false,,Bobby Portis,
base,140,Prizms Hyper,false,,Bobby Portis,
base,140,Prizms Mojo,false,,Bobby Portis,
base,140,Prizms Orange,false,,Bobby Portis,
base,140,Prizms Pink Ice,false,,Bobby Portis,
base,140,Prizms Pink Pulsar,false,,Bobby Portis,
base,140,Prizms Purple,false,,Bobby Portis,
base,140,Prizms Purple Ice,false,,Bobby Portis,
base,140,Prizms Purple Pulsar,false,,Bobby Portis,
base,140,Prizms Purple Wave,false,,Bobby Portis,
base,140,Prizms Red,false,,Bobby Portis,
base,140,Prizms Red Ice,false,,Bobby Portis,
base,140,Prizms Red White and Blue,false,,Bobby Portis,
base,140,Prizms Ruby Wave,false,,Bobby Portis,
base,140,Prizms Silver,false,,Bobby Portis,
base,140,Prizms White Sparkle,false,,Bobby Portis,
base,140,Prizms 1st Off the Line Blue Shimmer,false,,Bobby Portis,
base,140,Prizms 1st Off the Line Light Blue Shimmer,false,,Bobby Portis,
base,140,Prizms 1st Off the Line Red Shimmer,false,,Bobby Portis,
base,140,Prizms Black,false,,Bobby Portis,
base,140,Prizms Black Gold,false,,Bobby Portis,
base,70,Prizms Blue,false,,Chandler Hutchison,
base,70,Prizms Blue Ice,false,,Chandler Hutchison,
base,70,Prizms Choice Blue Yellow and Green,false,,Chandler Hutchison,
base,70,Prizms Choice Green,false,,Chandler Hutchison,
base,70,Prizms Choice Nebula,false,,Chandler Hutchison,
base,70,Prizms Choice Red,false,,Chandler Hutchison,
base,70,Prizms Choice Tiger Stripe,false,,Chandler Hutchison,
base,70,Prizms Fast Break,false,,Chandler Hutchison,
base,70,Prizms Fast Break Blue,false,,Chandler Hutchison,
base,70,Prizms Fast Break Bronze,false,,Chandler Hutchison,
base,70,Prizms Fast Break Neon Green,false,,Chandler Hutchison,
base,70,Prizms Fast Break Pink,false,,Chandler Hutchison,
base,70,Prizms Fast Break Purple,false,,Chandler Hutchison,
base,70,Prizms Fast Break Red,false,,Chandler Hutchison,
base,70,Prizms Gold,false,,Chandler Hutchison,
base,70,Prizms Green,false,,Chandler Hutchison,
base,70,Prizms Green Pulsar,false,,Chandler Hutchison,
base,70,Prizms Hyper,false,,Chandler Hutchison,
base,70,Prizms Mojo,false,,Chandler Hutchison,
base,70,Prizms Orange,false,,Chandler Hutchison,
base,70,Prizms Pink Ice,false,,Chandler Hutchison,
base,70,Prizms Pink Pulsar,false,,Chandler Hutchison,
base,70,Prizms Purple,false,,Chandler Hutchison,
base,70,Prizms Purple Ice,false,,Chandler Hutchison,
base,70,Prizms Purple Pulsar,false,,Chandler Hutchison,
base,70,Prizms Purple Wave,false,,Chandler Hutchison,
base,70,Prizms Red,false,,Chandler Hutchison,
base,70,Prizms Red Ice,false,,Chandler Hutchison,
base,70,Prizms Red White and Blue,false,,Chandler Hutchison,
base,70,Prizms Ruby Wave,false,,Chandler Hutchison,
base,70,Prizms Silver,false,,Chandler Hutchison,
base,70,Prizms White Sparkle,false,,Chandler Hutchison,
base,70,Prizms 1st Off the Line Blue Shimmer,false,,Chandler Hutchison,
base,70,Prizms 1st Off the Line Light Blue Shimmer,false,,Chandler Hutchison,
base,70,Prizms 1st Off the Line Red Shimmer,false,,Chandler Hutchison,
base,70,Prizms Black,false,,Chandler Hutchison,
base,70,Prizms Black Gold,false,,Chandler Hutchison,
insert-sensational-swatches,99,Prime,false,10,Wendell Carter Jr.,
insert-that-s-savage,7,Silver,false,,Zach LaVine,
insert-that-s-savage,7,Fast Break,false,,Zach LaVine,
insert-that-s-savage,7,Hyper,false,,Zach LaVine,
insert-that-s-savage,7,Mojo,false,25,Zach LaVine,
insert-that-s-savage,7,Gold,false,10,Zach LaVine,
insert-that-s-savage,7,Black,false,1,Zach LaVine,
insert-all-day,23,Fast Break,false,,Lauri Markkanen,
insert-all-day,23,Hyper,false,,Lauri Markkanen,
insert-all-day,23,Silver,false,,Lauri Markkanen,
insert-all-day,23,Mojo,false,25,Lauri Markkanen,
insert-all-day,23,Gold,false,10,Lauri Markkanen,
insert-all-day,23,Black,false,1,Lauri Markkanen,
base,150,Prizms Blue,false,,Justin Holiday,
base,150,Prizms Blue Ice,false,,Justin Holiday,
base,150,Prizms Choice Blue Yellow and Green,false,,Justin Holiday,
base,150,Prizms Choice Green,false,,Justin Holiday,
base,150,Prizms Choice Nebula,false,,Justin Holiday,
base,150,Prizms Choice Red,false,,Justin Holiday,
base,150,Prizms Choice Tiger Stripe,false,,Justin Holiday,
base,150,Prizms Fast Break,false,,Justin Holiday,
base,150,Prizms Fast Break Blue,false,,Justin Holiday,
base,150,Prizms Fast Break Bronze,false,,Justin Holiday,
base,150,Prizms Fast Break Neon Green,false,,Justin Holiday,
base,150,Prizms Fast Break Pink,false,,Justin Holiday,
base,150,Prizms Fast Break Purple,false,,Justin Holiday,
base,150,Prizms Fast Break Red,false,,Justin Holiday,
base,150,Prizms Gold,false,,Justin Holiday,
base,150,Prizms Green,false,,Justin Holiday,
base,150,Prizms Green Pulsar,false,,Justin Holiday,
base,150,Prizms Hyper,false,,Justin Holiday,
base,150,Prizms Mojo,false,,Justin Holiday,
base,150,Prizms Orange,false,,Justin Holiday,
base,150,Prizms Pink Ice,false,,Justin Holiday,
base,150,Prizms Pink Pulsar,false,,Justin Holiday,
base,150,Prizms Purple,false,,Justin Holiday,
base,150,Prizms Purple Ice,false,,Justin Holiday,
base,150,Prizms Purple Pulsar,false,,Justin Holiday,
base,150,Prizms Purple Wave,false,,Justin Holiday,
base,150,Prizms Red,false,,Justin Holiday,
base,150,Prizms Red Ice,false,,Justin Holiday,
base,150,Prizms Red White and Blue,false,,Justin Holiday,
base,150,Prizms Ruby Wave,false,,Justin Holiday,
base,150,Prizms Silver,false,,Justin Holiday,
base,150,Prizms White Sparkle,false,,Justin Holiday,
base,150,Prizms 1st Off the Line Blue Shimmer,false,,Justin Holiday,
base,150,Prizms 1st Off the Line Light Blue Shimmer,false,,Justin Holiday,
base,150,Prizms 1st Off the Line Red Shimmer,false,,Justin Holiday,
base,150,Prizms Black,false,,Justin Holiday,
base,150,Prizms Black Gold,false,,Justin Holiday,
auto-signatures,S-ZLV,Prizms Choice,true,,Zach LaVine,
auto-signatures,S-ZLV,Prizms Silver,true,,Zach LaVine,
auto-signatures,S-ZLV,Prizms Mojo,true,25,Zach LaVine,
auto-signatures,S-ZLV,Prizms Gold,true,10,Zach LaVine,
auto-signatures,S-ZLV,Prizms Choice Green,true,8,Zach LaVine,
auto-signatures,S-ZLV,Prizms Black,true,1,Zach LaVine,
auto-rookie-signatures,RS-CHS,Prizms Silver,true,,Chandler Hutchison,
auto-rookie-signatures,RS-CHS,Prizms Choice,true,,Chandler Hutchison,
auto-rookie-signatures,RS-CHS,Prizms Mojo,true,25,Chandler Hutchison,
auto-rookie-signatures,RS-CHS,Prizms Gold,true,10,Chandler Hutchison,
auto-rookie-signatures,RS-CHS,Prizms Choice Green,true,8,Chandler Hutchison,
auto-rookie-signatures,RS-CHS,Prizms Black,true,1,Chandler Hutchison,
auto-rookie-signatures,RS-CHS,Prizms White Sparkle,true,1,Chandler Hutchison,
insert-luck-of-the-lottery,7,Hyper,false,,Wendell Carter Jr.,
insert-luck-of-the-lottery,7,Fast Break,false,,Wendell Carter Jr.,
insert-luck-of-the-lottery,7,Silver,false,,Wendell Carter Jr.,
insert-luck-of-the-lottery,7,Mojo,false,25,Wendell Carter Jr.,
insert-luck-of-the-lottery,7,Gold,false,10,Wendell Carter Jr.,
insert-luck-of-the-lottery,7,Black,false,1,Wendell Carter Jr.,
base,90,Prizms Blue,false,,Kris Dunn,
base,90,Prizms Blue Ice,false,,Kris Dunn,
base,90,Prizms Choice Blue Yellow and Green,false,,Kris Dunn,
base,90,Prizms Choice Green,false,,Kris Dunn,
base,90,Prizms Choice Nebula,false,,Kris Dunn,
base,90,Prizms Choice Red,false,,Kris Dunn,
base,90,Prizms Choice Tiger Stripe,false,,Kris Dunn,
base,90,Prizms Fast Break,false,,Kris Dunn,
base,90,Prizms Fast Break Blue,false,,Kris Dunn,
base,90,Prizms Fast Break Bronze,false,,Kris Dunn,
base,90,Prizms Fast Break Neon Green,false,,Kris Dunn,
base,90,Prizms Fast Break Pink,false,,Kris Dunn,
base,90,Prizms Fast Break Purple,false,,Kris Dunn,
base,90,Prizms Fast Break Red,false,,Kris Dunn,
base,90,Prizms Gold,false,,Kris Dunn,
base,90,Prizms Green,false,,Kris Dunn,
base,90,Prizms Green Pulsar,false,,Kris Dunn,
base,90,Prizms Hyper,false,,Kris Dunn,
base,90,Prizms Mojo,false,,Kris Dunn,
base,90,Prizms Orange,false,,Kris Dunn,
base,90,Prizms Pink Ice,false,,Kris Dunn,
base,90,Prizms Pink Pulsar,false,,Kris Dunn,
base,90,Prizms Purple,false,,Kris Dunn,
base,90,Prizms Purple Ice,false,,Kris Dunn,
base,90,Prizms Purple Pulsar,false,,Kris Dunn,
base,90,Prizms Purple Wave,false,,Kris Dunn,
base,90,Prizms Red,false,,Kris Dunn,
base,90,Prizms Red Ice,false,,Kris Dunn,
base,90,Prizms Red White and Blue,false,,Kris Dunn,
base,90,Prizms Ruby Wave,false,,Kris Dunn,
base,90,Prizms Silver,false,,Kris Dunn,
base,90,Prizms White Sparkle,false,,Kris Dunn,
base,90,Prizms 1st Off the Line Blue Shimmer,false,,Kris Dunn,
base,90,Prizms 1st Off the Line Light Blue Shimmer,false,,Kris Dunn,
base,90,Prizms 1st Off the Line Red Shimmer,false,,Kris Dunn,
base,90,Prizms Black,false,,Kris Dunn,
base,90,Prizms Black Gold,false,,Kris Dunn,
base,80,Prizms Blue,false,,Wendell Carter Jr.,
base,80,Prizms Blue Ice,false,,Wendell Carter Jr.,
base,80,Prizms Choice Blue Yellow and Green,false,,Wendell Carter Jr.,
base,80,Prizms Choice Green,false,,Wendell Carter Jr.,
base,80,Prizms Choice Nebula,false,,Wendell Carter Jr.,
base,80,Prizms Choice Red,false,,Wendell Carter Jr.,
base,80,Prizms Choice Tiger Stripe,false,,Wendell Carter Jr.,
base,80,Prizms Fast Break,false,,Wendell Carter Jr.,
base,80,Prizms Fast Break Blue,false,,Wendell Carter Jr.,
base,80,Prizms Fast Break Bronze,false,,Wendell Carter Jr.,
base,80,Prizms Fast Break Neon Green,false,,Wendell Carter Jr.,
base,80,Prizms Fast Break Pink,false,,Wendell Carter Jr.,
base,80,Prizms Fast Break Purple,false,,Wendell Carter Jr.,
base,80,Prizms Fast Break Red,false,,Wendell Carter Jr.,
base,80,Prizms Gold,false,,Wendell Carter Jr.,
base,80,Prizms Green,false,,Wendell Carter Jr.,
base,80,Prizms Green Pulsar,false,,Wendell Carter Jr.,
base,80,Prizms Hyper,false,,Wendell Carter Jr.,
base,80,Prizms Mojo,false,,Wendell Carter Jr.,
base,80,Prizms Orange,false,,Wendell Carter Jr.,
base,80,Prizms Pink Ice,false,,Wendell Carter Jr.,
base,80,Prizms Pink Pulsar,false,,Wendell Carter Jr.,
base,80,Prizms Purple,false,,Wendell Carter Jr.,
base,80,Prizms Purple Ice,false,,Wendell Carter Jr.,
base,80,Prizms Purple Pulsar,false,,Wendell Carter Jr.,
base,80,Prizms Purple Wave,false,,Wendell Carter Jr.,
base,80,Prizms Red,false,,Wendell Carter Jr.,
base,80,Prizms Red Ice,false,,Wendell Carter Jr.,
base,80,Prizms Red White and Blue,false,,Wendell Carter Jr.,
base,80,Prizms Ruby Wave,false,,Wendell Carter Jr.,
base,80,Prizms Silver,false,,Wendell Carter Jr.,
base,80,Prizms White Sparkle,false,,Wendell Carter Jr.,
base,80,Prizms 1st Off the Line Blue Shimmer,false,,Wendell Carter Jr.,
base,80,Prizms 1st Off the Line Light Blue Shimmer,false,,Wendell Carter Jr.,
base,80,Prizms 1st Off the Line Red Shimmer,false,,Wendell Carter Jr.,
base,80,Prizms Black,false,,Wendell Carter Jr.,
base,80,Prizms Black Gold,false,,Wendell Carter Jr.,
auto-rookie-signatures,RS-WCJ,Prizms Silver,true,,Wendell Carter Jr.,
auto-rookie-signatures,RS-WCJ,Prizms Choice,true,,Wendell Carter Jr.,
auto-rookie-signatures,RS-WCJ,Prizms Mojo,true,25,Wendell Carter Jr.,
auto-rookie-signatures,RS-WCJ,Prizms Gold,true,10,Wendell Carter Jr.,
auto-rookie-signatures,RS-WCJ,Prizms Choice Green,true,8,Wendell Carter Jr.,
auto-rookie-signatures,RS-WCJ,Prizms Black,true,1,Wendell Carter Jr.,
auto-rookie-signatures,RS-WCJ,Prizms White Sparkle,true,1,Wendell Carter Jr.,
auto-sensational-signatures,SS-CHS,Prizms Choice,true,,Chandler Hutchison,
auto-sensational-signatures,SS-CHS,Prizms Mojo,true,25,Chandler Hutchison,
auto-sensational-signatures,SS-CHS,Prizms Gold,true,10,Chandler Hutchison,
auto-sensational-signatures,SS-CHS,Prizms Choice Green,true,8,Chandler Hutchison,
auto-sensational-signatures,SS-CHS,Prizms Black,true,1,Chandler Hutchison,
auto-sensational-signatures,SS-CSX,Prizms Choice,true,,Collin Sexton,
auto-sensational-signatures,SS-CSX,Prizms Mojo,true,25,Collin Sexton,
auto-sensational-signatures,SS-CSX,Prizms Gold,true,10,Collin Sexton,
auto-sensational-signatures,SS-CSX,Prizms Choice Green,true,8,Collin Sexton,
auto-sensational-signatures,SS-CSX,Prizms Black,true,1,Collin Sexton,
insert-sensational-swatches,26,Prime,false,10,JR Smith,
auto-fastbreak-autographs-rookies,FR-CSX,Gold,true,10,Collin Sexton,
auto-fastbreak-autographs-rookies,FR-CSX,Black,true,1,Collin Sexton,
base,210,Prizms Blue,false,,Larry Nance Jr.,
base,210,Prizms Blue Ice,false,,Larry Nance Jr.,
base,210,Prizms Choice Blue Yellow and Green,false,,Larry Nance Jr.,
base,210,Prizms Choice Green,false,,Larry Nance Jr.,
base,210,Prizms Choice Nebula,false,,Larry Nance Jr.,
base,210,Prizms Choice Red,false,,Larry Nance Jr.,
base,210,Prizms Choice Tiger Stripe,false,,Larry Nance Jr.,
base,210,Prizms Fast Break,false,,Larry Nance Jr.,
base,210,Prizms Fast Break Blue,false,,Larry Nance Jr.,
base,210,Prizms Fast Break Bronze,false,,Larry Nance Jr.,
base,210,Prizms Fast Break Neon Green,false,,Larry Nance Jr.,
base,210,Prizms Fast Break Pink,false,,Larry Nance Jr.,
base,210,Prizms Fast Break Purple,false,,Larry Nance Jr.,
base,210,Prizms Fast Break Red,false,,Larry Nance Jr.,
base,210,Prizms Gold,false,,Larry Nance Jr.,
base,210,Prizms Green,false,,Larry Nance Jr.,
base,210,Prizms Green Pulsar,false,,Larry Nance Jr.,
base,210,Prizms Hyper,false,,Larry Nance Jr.,
base,210,Prizms Mojo,false,,Larry Nance Jr.,
base,210,Prizms Orange,false,,Larry Nance Jr.,
base,210,Prizms Pink Ice,false,,Larry Nance Jr.,
base,210,Prizms Pink Pulsar,false,,Larry Nance Jr.,
base,210,Prizms Purple,false,,Larry Nance Jr.,
base,210,Prizms Purple Ice,false,,Larry Nance Jr.,
base,210,Prizms Purple Pulsar,false,,Larry Nance Jr.,
base,210,Prizms Purple Wave,false,,Larry Nance Jr.,
base,210,Prizms Red,false,,Larry Nance Jr.,
base,210,Prizms Red Ice,false,,Larry Nance Jr.,
base,210,Prizms Red White and Blue,false,,Larry Nance Jr.,
base,210,Prizms Ruby Wave,false,,Larry Nance Jr.,
base,210,Prizms Silver,false,,Larry Nance Jr.,
base,210,Prizms White Sparkle,false,,Larry Nance Jr.,
base,210,Prizms 1st Off the Line Blue Shimmer,false,,Larry Nance Jr.,
base,210,Prizms 1st Off the Line Light Blue Shimmer,false,,Larry Nance Jr.,
base,210,Prizms 1st Off the Line Red Shimmer,false,,Larry Nance Jr.,
base,210,Prizms Black,false,,Larry Nance Jr.,
base,210,Prizms Black Gold,false,,Larry Nance Jr.,
auto-sensational-signatures,SS-JRS,Prizms Choice,true,,JR Smith,
auto-sensational-signatures,SS-JRS,Prizms Mojo,true,25,JR Smith,
auto-sensational-signatures,SS-JRS,Prizms Gold,true,10,JR Smith,
auto-sensational-signatures,SS-JRS,Prizms Choice Green,true,8,JR Smith,
auto-sensational-signatures,SS-JRS,Prizms Black,true,1,JR Smith,
base,220,Prizms Blue,false,,Channing Frye,
base,220,Prizms Blue Ice,false,,Channing Frye,
base,220,Prizms Choice Blue Yellow and Green,false,,Channing Frye,
base,220,Prizms Choice Green,false,,Channing Frye,
base,220,Prizms Choice Nebula,false,,Channing Frye,
base,220,Prizms Choice Red,false,,Channing Frye,
base,220,Prizms Choice Tiger Stripe,false,,Channing Frye,
base,220,Prizms Fast Break,false,,Channing Frye,
base,220,Prizms Fast Break Blue,false,,Channing Frye,
base,220,Prizms Fast Break Bronze,false,,Channing Frye,
base,220,Prizms Fast Break Neon Green,false,,Channing Frye,
base,220,Prizms Fast Break Pink,false,,Channing Frye,
base,220,Prizms Fast Break Purple,false,,Channing Frye,
base,220,Prizms Fast Break Red,false,,Channing Frye,
base,220,Prizms Gold,false,,Channing Frye,
base,220,Prizms Green,false,,Channing Frye,
base,220,Prizms Green Pulsar,false,,Channing Frye,
base,220,Prizms Hyper,false,,Channing Frye,
base,220,Prizms Mojo,false,,Channing Frye,
base,220,Prizms Orange,false,,Channing Frye,
base,220,Prizms Pink Ice,false,,Channing Frye,
base,220,Prizms Pink Pulsar,false,,Channing Frye,
base,220,Prizms Purple,false,,Channing Frye,
base,220,Prizms Purple Ice,false,,Channing Frye,
base,220,Prizms Purple Pulsar,false,,Channing Frye,
base,220,Prizms Purple Wave,false,,Channing Frye,
base,220,Prizms Red,false,,Channing Frye,
base,220,Prizms Red Ice,false,,Channing Frye,
base,220,Prizms Red White and Blue,false,,Channing Frye,
base,220,Prizms Ruby Wave,false,,Channing Frye,
base,220,Prizms Silver,false,,Channing Frye,
base,220,Prizms White Sparkle,false,,Channing Frye,
base,220,Prizms 1st Off the Line Blue Shimmer,false,,Channing Frye,
base,220,Prizms 1st Off the Line Light Blue Shimmer,false,,Channing Frye,
base,220,Prizms 1st Off the Line Red Shimmer,false,,Channing Frye,
base,220,Prizms Black,false,,Channing Frye,
base,220,Prizms Black Gold,false,,Channing Frye,
base,200,Prizms Blue,false,,Kyle Korver,
base,200,Prizms Blue Ice,false,,Kyle Korver,
base,200,Prizms Choice Blue Yellow and Green,false,,Kyle Korver,
base,200,Prizms Choice Green,false,,Kyle Korver,
base,200,Prizms Choice Nebula,false,,Kyle Korver,
base,200,Prizms Choice Red,false,,Kyle Korver,
base,200,Prizms Choice Tiger Stripe,false,,Kyle Korver,
base,200,Prizms Fast Break,false,,Kyle Korver,
base,200,Prizms Fast Break Blue,false,,Kyle Korver,
base,200,Prizms Fast Break Bronze,false,,Kyle Korver,
base,200,Prizms Fast Break Neon Green,false,,Kyle Korver,
base,200,Prizms Fast Break Pink,false,,Kyle Korver,
base,200,Prizms Fast Break Purple,false,,Kyle Korver,
base,200,Prizms Fast Break Red,false,,Kyle Korver,
base,200,Prizms Gold,false,,Kyle Korver,
base,200,Prizms Green,false,,Kyle Korver,
base,200,Prizms Green Pulsar,false,,Kyle Korver,
base,200,Prizms Hyper,false,,Kyle Korver,
base,200,Prizms Mojo,false,,Kyle Korver,
base,200,Prizms Orange,false,,Kyle Korver,
base,200,Prizms Pink Ice,false,,Kyle Korver,
base,200,Prizms Pink Pulsar,false,,Kyle Korver,
base,200,Prizms Purple,false,,Kyle Korver,
base,200,Prizms Purple Ice,false,,Kyle Korver,
base,200,Prizms Purple Pulsar,false,,Kyle Korver,
base,200,Prizms Purple Wave,false,,Kyle Korver,
base,200,Prizms Red,false,,Kyle Korver,
base,200,Prizms Red Ice,false,,Kyle Korver,
base,200,Prizms Red White and Blue,false,,Kyle Korver,
base,200,Prizms Ruby Wave,false,,Kyle Korver,
base,200,Prizms Silver,false,,Kyle Korver,
base,200,Prizms White Sparkle,false,,Kyle Korver,
base,200,Prizms 1st Off the Line Blue Shimmer,false,,Kyle Korver,
base,200,Prizms 1st Off the Line Light Blue Shimmer,false,,Kyle Korver,
base,200,Prizms 1st Off the Line Red Shimmer,false,,Kyle Korver,
base,200,Prizms Black,false,,Kyle Korver,
base,200,Prizms Black Gold,false,,Kyle Korver,
auto-signatures,S-JRS,Prizms Choice,true,,JR Smith,
auto-signatures,S-JRS,Prizms Silver,true,,JR Smith,
auto-signatures,S-JRS,Prizms Mojo,true,25,JR Smith,
auto-signatures,S-JRS,Prizms Gold,true,10,JR Smith,
auto-signatures,S-JRS,Prizms Choice Green,true,8,JR Smith,
auto-signatures,S-JRS,Prizms Black,true,1,JR Smith,
auto-rookie-signatures,RS-CSX,Prizms Silver,true,,Collin Sexton,
auto-rookie-signatures,RS-CSX,Prizms Choice,true,,Collin Sexton,
auto-rookie-signatures,RS-CSX,Prizms Mojo,true,25,Collin Sexton,
auto-rookie-signatures,RS-CSX,Prizms Gold,true,10,Collin Sexton,
auto-rookie-signatures,RS-CSX,Prizms Choice Green,true,8,Collin Sexton,
auto-rookie-signatures,RS-CSX,Prizms Black,true,1,Collin Sexton,
auto-rookie-signatures,RS-CSX,Prizms White Sparkle,true,1,Collin Sexton,
insert-sensational-swatches,65,Prime,false,10,Collin Sexton,
insert-emergent,8,Silver,false,,Collin Sexton,
insert-emergent,8,Green,false,,Collin Sexton,
base,170,Prizms Blue,false,,Collin Sexton,
base,170,Prizms Blue Ice,false,,Collin Sexton,
base,170,Prizms Choice Blue Yellow and Green,false,,Collin Sexton,
base,170,Prizms Choice Green,false,,Collin Sexton,
base,170,Prizms Choice Nebula,false,,Collin Sexton,
base,170,Prizms Choice Red,false,,Collin Sexton,
base,170,Prizms Choice Tiger Stripe,false,,Collin Sexton,
base,170,Prizms Fast Break,false,,Collin Sexton,
base,170,Prizms Fast Break Blue,false,,Collin Sexton,
base,170,Prizms Fast Break Bronze,false,,Collin Sexton,
base,170,Prizms Fast Break Neon Green,false,,Collin Sexton,
base,170,Prizms Fast Break Pink,false,,Collin Sexton,
base,170,Prizms Fast Break Purple,false,,Collin Sexton,
base,170,Prizms Fast Break Red,false,,Collin Sexton,
base,170,Prizms Gold,false,,Collin Sexton,
base,170,Prizms Green,false,,Collin Sexton,
base,170,Prizms Green Pulsar,false,,Collin Sexton,
base,170,Prizms Hyper,false,,Collin Sexton,
base,170,Prizms Mojo,false,,Collin Sexton,
base,170,Prizms Orange,false,,Collin Sexton,
base,170,Prizms Pink Ice,false,,Collin Sexton,
base,170,Prizms Pink Pulsar,false,,Collin Sexton,
base,170,Prizms Purple,false,,Collin Sexton,
base,170,Prizms Purple Ice,false,,Collin Sexton,
base,170,Prizms Purple Pulsar,false,,Collin Sexton,
base,170,Prizms Purple Wave,false,,Collin Sexton,
base,170,Prizms Red,false,,Collin Sexton,
base,170,Prizms Red Ice,false,,Collin Sexton,
base,170,Prizms Red White and Blue,false,,Collin Sexton,
base,170,Prizms Ruby Wave,false,,Collin Sexton,
base,170,Prizms Silver,false,,Collin Sexton,
base,170,Prizms White Sparkle,false,,Collin Sexton,
base,170,Prizms 1st Off the Line Blue Shimmer,false,,Collin Sexton,
base,170,Prizms 1st Off the Line Light Blue Shimmer,false,,Collin Sexton,
base,170,Prizms 1st Off the Line Red Shimmer,false,,Collin Sexton,
base,170,Prizms Black,false,,Collin Sexton,
base,170,Prizms Black Gold,false,,Collin Sexton,
base,190,Prizms Blue,false,,Jordan Clarkson,
base,190,Prizms Blue Ice,false,,Jordan Clarkson,
base,190,Prizms Choice Blue Yellow and Green,false,,Jordan Clarkson,
base,190,Prizms Choice Green,false,,Jordan Clarkson,
base,190,Prizms Choice Nebula,false,,Jordan Clarkson,
base,190,Prizms Choice Red,false,,Jordan Clarkson,
base,190,Prizms Choice Tiger Stripe,false,,Jordan Clarkson,
base,190,Prizms Fast Break,false,,Jordan Clarkson,
base,190,Prizms Fast Break Blue,false,,Jordan Clarkson,
base,190,Prizms Fast Break Bronze,false,,Jordan Clarkson,
base,190,Prizms Fast Break Neon Green,false,,Jordan Clarkson,
base,190,Prizms Fast Break Pink,false,,Jordan Clarkson,
base,190,Prizms Fast Break Purple,false,,Jordan Clarkson,
base,190,Prizms Fast Break Red,false,,Jordan Clarkson,
base,190,Prizms Gold,false,,Jordan Clarkson,
base,190,Prizms Green,false,,Jordan Clarkson,
base,190,Prizms Green Pulsar,false,,Jordan Clarkson,
base,190,Prizms Hyper,false,,Jordan Clarkson,
base,190,Prizms Mojo,false,,Jordan Clarkson,
base,190,Prizms Orange,false,,Jordan Clarkson,
base,190,Prizms Pink Ice,false,,Jordan Clarkson,
base,190,Prizms Pink Pulsar,false,,Jordan Clarkson,
base,190,Prizms Purple,false,,Jordan Clarkson,
base,190,Prizms Purple Ice,false,,Jordan Clarkson,
base,190,Prizms Purple Pulsar,false,,Jordan Clarkson,
base,190,Prizms Purple Wave,false,,Jordan Clarkson,
base,190,Prizms Red,false,,Jordan Clarkson,
base,190,Prizms Red Ice,false,,Jordan Clarkson,
base,190,Prizms Red White and Blue,false,,Jordan Clarkson,
base,190,Prizms Ruby Wave,false,,Jordan Clarkson,
base,190,Prizms Silver,false,,Jordan Clarkson,
base,190,Prizms White Sparkle,false,,Jordan Clarkson,
base,190,Prizms 1st Off the Line Blue Shimmer,false,,Jordan Clarkson,
base,190,Prizms 1st Off the Line Light Blue Shimmer,false,,Jordan Clarkson,
base,190,Prizms 1st Off the Line Red Shimmer,false,,Jordan Clarkson,
base,190,Prizms Black,false,,Jordan Clarkson,
base,190,Prizms Black Gold,false,,Jordan Clarkson,
base,160,Prizms Blue,false,,George Hill,
base,160,Prizms Blue Ice,false,,George Hill,
base,160,Prizms Choice Blue Yellow and Green,false,,George Hill,
base,160,Prizms Choice Green,false,,George Hill,
base,160,Prizms Choice Nebula,false,,George Hill,
base,160,Prizms Choice Red,false,,George Hill,
base,160,Prizms Choice Tiger Stripe,false,,George Hill,
base,160,Prizms Fast Break,false,,George Hill,
base,160,Prizms Fast Break Blue,false,,George Hill,
base,160,Prizms Fast Break Bronze,false,,George Hill,
base,160,Prizms Fast Break Neon Green,false,,George Hill,
base,160,Prizms Fast Break Pink,false,,George Hill,
base,160,Prizms Fast Break Purple,false,,George Hill,
base,160,Prizms Fast Break Red,false,,George Hill,
base,160,Prizms Gold,false,,George Hill,
base,160,Prizms Green,false,,George Hill,
base,160,Prizms Green Pulsar,false,,George Hill,
base,160,Prizms Hyper,false,,George Hill,
base,160,Prizms Mojo,false,,George Hill,
base,160,Prizms Orange,false,,George Hill,
base,160,Prizms Pink Ice,false,,George Hill,
base,160,Prizms Pink Pulsar,false,,George Hill,
base,160,Prizms Purple,false,,George Hill,
base,160,Prizms Purple Ice,false,,George Hill,
base,160,Prizms Purple Pulsar,false,,George Hill,
base,160,Prizms Purple Wave,false,,George Hill,
base,160,Prizms Red,false,,George Hill,
base,160,Prizms Red Ice,false,,George Hill,
base,160,Prizms Red White and Blue,false,,George Hill,
base,160,Prizms Ruby Wave,false,,George Hill,
base,160,Prizms Silver,false,,George Hill,
base,160,Prizms White Sparkle,false,,George Hill,
base,160,Prizms 1st Off the Line Blue Shimmer,false,,George Hill,
base,160,Prizms 1st Off the Line Light Blue Shimmer,false,,George Hill,
base,160,Prizms 1st Off the Line Red Shimmer,false,,George Hill,
base,160,Prizms Black,false,,George Hill,
base,160,Prizms Black Gold,false,,George Hill,
insert-sensational-swatches,55,Prime,false,10,Kevin Love,
base,19,Prizms Blue,false,,Billy Preston,
base,19,Prizms Blue Ice,false,,Billy Preston,
base,19,Prizms Choice Blue Yellow and Green,false,,Billy Preston,
base,19,Prizms Choice Green,false,,Billy Preston,
base,19,Prizms Choice Nebula,false,,Billy Preston,
base,19,Prizms Choice Red,false,,Billy Preston,
base,19,Prizms Choice Tiger Stripe,false,,Billy Preston,
base,19,Prizms Fast Break,false,,Billy Preston,
base,19,Prizms Fast Break Blue,false,,Billy Preston,
base,19,Prizms Fast Break Bronze,false,,Billy Preston,
base,19,Prizms Fast Break Neon Green,false,,Billy Preston,
base,19,Prizms Fast Break Pink,false,,Billy Preston,
base,19,Prizms Fast Break Purple,false,,Billy Preston,
base,19,Prizms Fast Break Red,false,,Billy Preston,
base,19,Prizms Gold,false,,Billy Preston,
base,19,Prizms Green,false,,Billy Preston,
base,19,Prizms Green Pulsar,false,,Billy Preston,
base,19,Prizms Hyper,false,,Billy Preston,
base,19,Prizms Mojo,false,,Billy Preston,
base,19,Prizms Orange,false,,Billy Preston,
base,19,Prizms Pink Ice,false,,Billy Preston,
base,19,Prizms Pink Pulsar,false,,Billy Preston,
base,19,Prizms Purple,false,,Billy Preston,
base,19,Prizms Purple Ice,false,,Billy Preston,
base,19,Prizms Purple Pulsar,false,,Billy Preston,
base,19,Prizms Purple Wave,false,,Billy Preston,
base,19,Prizms Red,false,,Billy Preston,
base,19,Prizms Red Ice,false,,Billy Preston,
base,19,Prizms Red White and Blue,false,,Billy Preston,
base,19,Prizms Ruby Wave,false,,Billy Preston,
base,19,Prizms Silver,false,,Billy Preston,
base,19,Prizms White Sparkle,false,,Billy Preston,
base,19,Prizms 1st Off the Line Blue Shimmer,false,,Billy Preston,
base,19,Prizms 1st Off the Line Light Blue Shimmer,false,,Billy Preston,
base,19,Prizms 1st Off the Line Red Shimmer,false,,Billy Preston,
base,19,Prizms Black,false,,Billy Preston,
base,19,Prizms Black Gold,false,,Billy Preston,
base,180,Prizms Blue,false,,JR Smith,
base,180,Prizms Blue Ice,false,,JR Smith,
base,180,Prizms Choice Blue Yellow and Green,false,,JR Smith,
base,180,Prizms Choice Green,false,,JR Smith,
base,180,Prizms Choice Nebula,false,,JR Smith,
base,180,Prizms Choice Red,false,,JR Smith,
base,180,Prizms Choice Tiger Stripe,false,,JR Smith,
base,180,Prizms Fast Break,false,,JR Smith,
base,180,Prizms Fast Break Blue,false,,JR Smith,
base,180,Prizms Fast Break Bronze,false,,JR Smith,
base,180,Prizms Fast Break Neon Green,false,,JR Smith,
base,180,Prizms Fast Break Pink,false,,JR Smith,
base,180,Prizms Fast Break Purple,false,,JR Smith,
base,180,Prizms Fast Break Red,false,,JR Smith,
base,180,Prizms Gold,false,,JR Smith,
base,180,Prizms Green,false,,JR Smith,
base,180,Prizms Green Pulsar,false,,JR Smith,
base,180,Prizms Hyper,false,,JR Smith,
base,180,Prizms Mojo,false,,JR Smith,
base,180,Prizms Orange,false,,JR Smith,
base,180,Prizms Pink Ice,false,,JR Smith,
base,180,Prizms Pink Pulsar,false,,JR Smith,
base,180,Prizms Purple,false,,JR Smith,
base,180,Prizms Purple Ice,false,,JR Smith,
base,180,Prizms Purple Pulsar,false,,JR Smith,
base,180,Prizms Purple Wave,false,,JR Smith,
base,180,Prizms Red,false,,JR Smith,
base,180,Prizms Red Ice,false,,JR Smith,
base,180,Prizms Red White and Blue,false,,JR Smith,
base,180,Prizms Ruby Wave,false,,JR Smith,
base,180,Prizms Silver,false,,JR Smith,
base,180,Prizms White Sparkle,false,,JR Smith,
base,180,Prizms 1st Off the Line Blue Shimmer,false,,JR Smith,
base,180,Prizms 1st Off the Line Light Blue Shimmer,false,,JR Smith,
base,180,Prizms 1st Off the Line Red Shimmer,false,,JR Smith,
base,180,Prizms Black,false,,JR Smith,
base,180,Prizms Black Gold,false,,JR Smith,
base,240,Prizms Blue,false,,Tristan Thompson,
base,240,Prizms Blue Ice,false,,Tristan Thompson,
base,240,Prizms Choice Blue Yellow and Green,false,,Tristan Thompson,
base,240,Prizms Choice Green,false,,Tristan Thompson,
base,240,Prizms Choice Nebula,false,,Tristan Thompson,
base,240,Prizms Choice Red,false,,Tristan Thompson,
base,240,Prizms Choice Tiger Stripe,false,,Tristan Thompson,
base,240,Prizms Fast Break,false,,Tristan Thompson,
base,240,Prizms Fast Break Blue,false,,Tristan Thompson,
base,240,Prizms Fast Break Bronze,false,,Tristan Thompson,
base,240,Prizms Fast Break Neon Green,false,,Tristan Thompson,
base,240,Prizms Fast Break Pink,false,,Tristan Thompson,
base,240,Prizms Fast Break Purple,false,,Tristan Thompson,
base,240,Prizms Fast Break Red,false,,Tristan Thompson,
base,240,Prizms Gold,false,,Tristan Thompson,
base,240,Prizms Green,false,,Tristan Thompson,
base,240,Prizms Green Pulsar,false,,Tristan Thompson,
base,240,Prizms Hyper,false,,Tristan Thompson,
base,240,Prizms Mojo,false,,Tristan Thompson,
base,240,Prizms Orange,false,,Tristan Thompson,
base,240,Prizms Pink Ice,false,,Tristan Thompson,
base,240,Prizms Pink Pulsar,false,,Tristan Thompson,
base,240,Prizms Purple,false,,Tristan Thompson,
base,240,Prizms Purple Ice,false,,Tristan Thompson,
base,240,Prizms Purple Pulsar,false,,Tristan Thompson,
base,240,Prizms Purple Wave,false,,Tristan Thompson,
base,240,Prizms Red,false,,Tristan Thompson,
base,240,Prizms Red Ice,false,,Tristan Thompson,
base,240,Prizms Red White and Blue,false,,Tristan Thompson,
base,240,Prizms Ruby Wave,false,,Tristan Thompson,
base,240,Prizms Silver,false,,Tristan Thompson,
base,240,Prizms White Sparkle,false,,Tristan Thompson,
base,240,Prizms 1st Off the Line Blue Shimmer,false,,Tristan Thompson,
base,240,Prizms 1st Off the Line Light Blue Shimmer,false,,Tristan Thompson,
base,240,Prizms 1st Off the Line Red Shimmer,false,,Tristan Thompson,
base,240,Prizms Black,false,,Tristan Thompson,
base,240,Prizms Black Gold,false,,Tristan Thompson,
base,230,Prizms Blue,false,,Kevin Love,
base,230,Prizms Blue Ice,false,,Kevin Love,
base,230,Prizms Choice Blue Yellow and Green,false,,Kevin Love,
base,230,Prizms Choice Green,false,,Kevin Love,
base,230,Prizms Choice Nebula,false,,Kevin Love,
base,230,Prizms Choice Red,false,,Kevin Love,
base,230,Prizms Choice Tiger Stripe,false,,Kevin Love,
base,230,Prizms Fast Break,false,,Kevin Love,
base,230,Prizms Fast Break Blue,false,,Kevin Love,
base,230,Prizms Fast Break Bronze,false,,Kevin Love,
base,230,Prizms Fast Break Neon Green,false,,Kevin Love,
base,230,Prizms Fast Break Pink,false,,Kevin Love,
base,230,Prizms Fast Break Purple,false,,Kevin Love,
base,230,Prizms Fast Break Red,false,,Kevin Love,
base,230,Prizms Gold,false,,Kevin Love,
base,230,Prizms Green,false,,Kevin Love,
base,230,Prizms Green Pulsar,false,,Kevin Love,
base,230,Prizms Hyper,false,,Kevin Love,
base,230,Prizms Mojo,false,,Kevin Love,
base,230,Prizms Orange,false,,Kevin Love,
base,230,Prizms Pink Ice,false,,Kevin Love,
base,230,Prizms Pink Pulsar,false,,Kevin Love,
base,230,Prizms Purple,false,,Kevin Love,
base,230,Prizms Purple Ice,false,,Kevin Love,
base,230,Prizms Purple Pulsar,false,,Kevin Love,
base,230,Prizms Purple Wave,false,,Kevin Love,
base,230,Prizms Red,false,,Kevin Love,
base,230,Prizms Red Ice,false,,Kevin Love,
base,230,Prizms Red White and Blue,false,,Kevin Love,
base,230,Prizms Ruby Wave,false,,Kevin Love,
base,230,Prizms Silver,false,,Kevin Love,
base,230,Prizms White Sparkle,false,,Kevin Love,
base,230,Prizms 1st Off the Line Blue Shimmer,false,,Kevin Love,
base,230,Prizms 1st Off the Line Light Blue Shimmer,false,,Kevin Love,
base,230,Prizms 1st Off the Line Red Shimmer,false,,Kevin Love,
base,230,Prizms Black,false,,Kevin Love,
base,230,Prizms Black Gold,false,,Kevin Love,
insert-freshman-phenoms,18,Green,false,,Collin Sexton,
insert-freshman-phenoms,18,Silver,false,,Collin Sexton,
insert-luck-of-the-lottery,8,Hyper,false,,Collin Sexton,
insert-luck-of-the-lottery,8,Fast Break,false,,Collin Sexton,
insert-luck-of-the-lottery,8,Silver,false,,Collin Sexton,
insert-luck-of-the-lottery,8,Mojo,false,25,Collin Sexton,
insert-luck-of-the-lottery,8,Gold,false,10,Collin Sexton,
insert-luck-of-the-lottery,8,Black,false,1,Collin Sexton,
insert-sensational-swatches,28,Prime,false,10,Tristan Thompson,
auto-fastbreak-autographs,FB-JRS,Gold,true,10,JR Smith,
auto-fastbreak-autographs,FB-JRS,Black,true,1,JR Smith,
auto-sensational-signatures,SS-JBR,Prizms Choice,true,,Jalen Brunson,
auto-sensational-signatures,SS-JBR,Prizms Mojo,true,25,Jalen Brunson,
auto-sensational-signatures,SS-JBR,Prizms Gold,true,10,Jalen Brunson,
auto-sensational-signatures,SS-JBR,Prizms Choice Green,true,8,Jalen Brunson,
auto-sensational-signatures,SS-JBR,Prizms Black,true,1,Jalen Brunson,
base,250,Prizms Blue,false,,Jalen Brunson,
base,250,Prizms Blue Ice,false,,Jalen Brunson,
base,250,Prizms Choice Blue Yellow and Green,false,,Jalen Brunson,
base,250,Prizms Choice Green,false,,Jalen Brunson,
base,250,Prizms Choice Nebula,false,,Jalen Brunson,
base,250,Prizms Choice Red,false,,Jalen Brunson,
base,250,Prizms Choice Tiger Stripe,false,,Jalen Brunson,
base,250,Prizms Fast Break,false,,Jalen Brunson,
base,250,Prizms Fast Break Blue,false,,Jalen Brunson,
base,250,Prizms Fast Break Bronze,false,,Jalen Brunson,
base,250,Prizms Fast Break Neon Green,false,,Jalen Brunson,
base,250,Prizms Fast Break Pink,false,,Jalen Brunson,
base,250,Prizms Fast Break Purple,false,,Jalen Brunson,
base,250,Prizms Fast Break Red,false,,Jalen Brunson,
base,250,Prizms Gold,false,,Jalen Brunson,
base,250,Prizms Green,false,,Jalen Brunson,
base,250,Prizms Green Pulsar,false,,Jalen Brunson,
base,250,Prizms Hyper,false,,Jalen Brunson,
base,250,Prizms Mojo,false,,Jalen Brunson,
base,250,Prizms Orange,false,,Jalen Brunson,
base,250,Prizms Pink Ice,false,,Jalen Brunson,
base,250,Prizms Pink Pulsar,false,,Jalen Brunson,
base,250,Prizms Purple,false,,Jalen Brunson,
base,250,Prizms Purple Ice,false,,Jalen Brunson,
base,250,Prizms Purple Pulsar,false,,Jalen Brunson,
base,250,Prizms Purple Wave,false,,Jalen Brunson,
base,250,Prizms Red,false,,Jalen Brunson,
base,250,Prizms Red Ice,false,,Jalen Brunson,
base,250,Prizms Red White and Blue,false,,Jalen Brunson,
base,250,Prizms Ruby Wave,false,,Jalen Brunson,
base,250,Prizms Silver,false,,Jalen Brunson,
base,250,Prizms White Sparkle,false,,Jalen Brunson,
base,250,Prizms 1st Off the Line Blue Shimmer,false,,Jalen Brunson,
base,250,Prizms 1st Off the Line Light Blue Shimmer,false,,Jalen Brunson,
base,250,Prizms 1st Off the Line Red Shimmer,false,,Jalen Brunson,
base,250,Prizms Black,false,,Jalen Brunson,
base,250,Prizms Black Gold,false,,Jalen Brunson,
base,2,Prizms Blue,false,,Dirk Nowitzki,
base,2,Prizms Blue Ice,false,,Dirk Nowitzki,
base,2,Prizms Choice Blue Yellow and Green,false,,Dirk Nowitzki,
base,2,Prizms Choice Green,false,,Dirk Nowitzki,
base,2,Prizms Choice Nebula,false,,Dirk Nowitzki,
base,2,Prizms Choice Red,false,,Dirk Nowitzki,
base,2,Prizms Choice Tiger Stripe,false,,Dirk Nowitzki,
base,2,Prizms Fast Break,false,,Dirk Nowitzki,
base,2,Prizms Fast Break Blue,false,,Dirk Nowitzki,
base,2,Prizms Fast Break Bronze,false,,Dirk Nowitzki,
base,2,Prizms Fast Break Neon Green,false,,Dirk Nowitzki,
base,2,Prizms Fast Break Pink,false,,Dirk Nowitzki,
base,2,Prizms Fast Break Purple,false,,Dirk Nowitzki,
base,2,Prizms Fast Break Red,false,,Dirk Nowitzki,
base,2,Prizms Gold,false,,Dirk Nowitzki,
base,2,Prizms Green,false,,Dirk Nowitzki,
base,2,Prizms Green Pulsar,false,,Dirk Nowitzki,
base,2,Prizms Hyper,false,,Dirk Nowitzki,
base,2,Prizms Mojo,false,,Dirk Nowitzki,
base,2,Prizms Orange,false,,Dirk Nowitzki,
base,2,Prizms Pink Ice,false,,Dirk Nowitzki,
base,2,Prizms Pink Pulsar,false,,Dirk Nowitzki,
base,2,Prizms Purple,false,,Dirk Nowitzki,
base,2,Prizms Purple Ice,false,,Dirk Nowitzki,
base,2,Prizms Purple Pulsar,false,,Dirk Nowitzki,
base,2,Prizms Purple Wave,false,,Dirk Nowitzki,
base,2,Prizms Red,false,,Dirk Nowitzki,
base,2,Prizms Red Ice,false,,Dirk Nowitzki,
base,2,Prizms Red White and Blue,false,,Dirk Nowitzki,
base,2,Prizms Ruby Wave,false,,Dirk Nowitzki,
base,2,Prizms Silver,false,,Dirk Nowitzki,
base,2,Prizms White Sparkle,false,,Dirk Nowitzki,
base,2,Prizms 1st Off the Line Blue Shimmer,false,,Dirk Nowitzki,
base,2,Prizms 1st Off the Line Light Blue Shimmer,false,,Dirk Nowitzki,
base,2,Prizms 1st Off the Line Red Shimmer,false,,Dirk Nowitzki,
base,2,Prizms Black,false,,Dirk Nowitzki,
base,2,Prizms Black Gold,false,,Dirk Nowitzki,
base,12,Prizms Blue,false,,DeAndre Jordan,
base,12,Prizms Blue Ice,false,,DeAndre Jordan,
base,12,Prizms Choice Blue Yellow and Green,false,,DeAndre Jordan,
base,12,Prizms Choice Green,false,,DeAndre Jordan,
base,12,Prizms Choice Nebula,false,,DeAndre Jordan,
base,12,Prizms Choice Red,false,,DeAndre Jordan,
base,12,Prizms Choice Tiger Stripe,false,,DeAndre Jordan,
base,12,Prizms Fast Break,false,,DeAndre Jordan,
base,12,Prizms Fast Break Blue,false,,DeAndre Jordan,
base,12,Prizms Fast Break Bronze,false,,DeAndre Jordan,
base,12,Prizms Fast Break Neon Green,false,,DeAndre Jordan,
base,12,Prizms Fast Break Pink,false,,DeAndre Jordan,
base,12,Prizms Fast Break Purple,false,,DeAndre Jordan,
base,12,Prizms Fast Break Red,false,,DeAndre Jordan,
base,12,Prizms Gold,false,,DeAndre Jordan,
base,12,Prizms Green,false,,DeAndre Jordan,
base,12,Prizms Green Pulsar,false,,DeAndre Jordan,
base,12,Prizms Hyper,false,,DeAndre Jordan,
base,12,Prizms Mojo,false,,DeAndre Jordan,
base,12,Prizms Orange,false,,DeAndre Jordan,
base,12,Prizms Pink Ice,false,,DeAndre Jordan,
base,12,Prizms Pink Pulsar,false,,DeAndre Jordan,
base,12,Prizms Purple,false,,DeAndre Jordan,
base,12,Prizms Purple Ice,false,,DeAndre Jordan,
base,12,Prizms Purple Pulsar,false,,DeAndre Jordan,
base,12,Prizms Purple Wave,false,,DeAndre Jordan,
base,12,Prizms Red,false,,DeAndre Jordan,
base,12,Prizms Red Ice,false,,DeAndre Jordan,
base,12,Prizms Red White and Blue,false,,DeAndre Jordan,
base,12,Prizms Ruby Wave,false,,DeAndre Jordan,
base,12,Prizms Silver,false,,DeAndre Jordan,
base,12,Prizms White Sparkle,false,,DeAndre Jordan,
base,12,Prizms 1st Off the Line Blue Shimmer,false,,DeAndre Jordan,
base,12,Prizms 1st Off the Line Light Blue Shimmer,false,,DeAndre Jordan,
base,12,Prizms 1st Off the Line Red Shimmer,false,,DeAndre Jordan,
base,12,Prizms Black,false,,DeAndre Jordan,
base,12,Prizms Black Gold,false,,DeAndre Jordan,
base,22,Prizms Blue,false,,Kostas Antetokounmpo,
base,22,Prizms Blue Ice,false,,Kostas Antetokounmpo,
base,22,Prizms Choice Blue Yellow and Green,false,,Kostas Antetokounmpo,
base,22,Prizms Choice Green,false,,Kostas Antetokounmpo,
base,22,Prizms Choice Nebula,false,,Kostas Antetokounmpo,
base,22,Prizms Choice Red,false,,Kostas Antetokounmpo,
base,22,Prizms Choice Tiger Stripe,false,,Kostas Antetokounmpo,
base,22,Prizms Fast Break,false,,Kostas Antetokounmpo,
base,22,Prizms Fast Break Blue,false,,Kostas Antetokounmpo,
base,22,Prizms Fast Break Bronze,false,,Kostas Antetokounmpo,
base,22,Prizms Fast Break Neon Green,false,,Kostas Antetokounmpo,
base,22,Prizms Fast Break Pink,false,,Kostas Antetokounmpo,
base,22,Prizms Fast Break Purple,false,,Kostas Antetokounmpo,
base,22,Prizms Fast Break Red,false,,Kostas Antetokounmpo,
base,22,Prizms Gold,false,,Kostas Antetokounmpo,
base,22,Prizms Green,false,,Kostas Antetokounmpo,
base,22,Prizms Green Pulsar,false,,Kostas Antetokounmpo,
base,22,Prizms Hyper,false,,Kostas Antetokounmpo,
base,22,Prizms Mojo,false,,Kostas Antetokounmpo,
base,22,Prizms Orange,false,,Kostas Antetokounmpo,
base,22,Prizms Pink Ice,false,,Kostas Antetokounmpo,
base,22,Prizms Pink Pulsar,false,,Kostas Antetokounmpo,
base,22,Prizms Purple,false,,Kostas Antetokounmpo,
base,22,Prizms Purple Ice,false,,Kostas Antetokounmpo,
base,22,Prizms Purple Pulsar,false,,Kostas Antetokounmpo,
base,22,Prizms Purple Wave,false,,Kostas Antetokounmpo,
base,22,Prizms Red,false,,Kostas Antetokounmpo,
base,22,Prizms Red Ice,false,,Kostas Antetokounmpo,
base,22,Prizms Red White and Blue,false,,Kostas Antetokounmpo,
base,22,Prizms Ruby Wave,false,,Kostas Antetokounmpo,
base,22,Prizms Silver,false,,Kostas Antetokounmpo,
base,22,Prizms White Sparkle,false,,Kostas Antetokounmpo,
base,22,Prizms 1st Off the Line Blue Shimmer,false,,Kostas Antetokounmpo,
base,22,Prizms 1st Off the Line Light Blue Shimmer,false,,Kostas Antetokounmpo,
base,22,Prizms 1st Off the Line Red Shimmer,false,,Kostas Antetokounmpo,
base,22,Prizms Black,false,,Kostas Antetokounmpo,
base,22,Prizms Black Gold,false,,Kostas Antetokounmpo,
base,260,Prizms Blue,false,,Dennis Smith Jr.,
base,260,Prizms Blue Ice,false,,Dennis Smith Jr.,
base,260,Prizms Choice Blue Yellow and Green,false,,Dennis Smith Jr.,
base,260,Prizms Choice Green,false,,Dennis Smith Jr.,
base,260,Prizms Choice Nebula,false,,Dennis Smith Jr.,
base,260,Prizms Choice Red,false,,Dennis Smith Jr.,
base,260,Prizms Choice Tiger Stripe,false,,Dennis Smith Jr.,
base,260,Prizms Fast Break,false,,Dennis Smith Jr.,
base,260,Prizms Fast Break Blue,false,,Dennis Smith Jr.,
base,260,Prizms Fast Break Bronze,false,,Dennis Smith Jr.,
base,260,Prizms Fast Break Neon Green,false,,Dennis Smith Jr.,
base,260,Prizms Fast Break Pink,false,,Dennis Smith Jr.,
base,260,Prizms Fast Break Purple,false,,Dennis Smith Jr.,
base,260,Prizms Fast Break Red,false,,Dennis Smith Jr.,
base,260,Prizms Gold,false,,Dennis Smith Jr.,
base,260,Prizms Green,false,,Dennis Smith Jr.,
base,260,Prizms Green Pulsar,false,,Dennis Smith Jr.,
base,260,Prizms Hyper,false,,Dennis Smith Jr.,
base,260,Prizms Mojo,false,,Dennis Smith Jr.,
base,260,Prizms Orange,false,,Dennis Smith Jr.,
base,260,Prizms Pink Ice,false,,Dennis Smith Jr.,
base,260,Prizms Pink Pulsar,false,,Dennis Smith Jr.,
base,260,Prizms Purple,false,,Dennis Smith Jr.,
base,260,Prizms Purple Ice,false,,Dennis Smith Jr.,
base,260,Prizms Purple Pulsar,false,,Dennis Smith Jr.,
base,260,Prizms Purple Wave,false,,Dennis Smith Jr.,
base,260,Prizms Red,false,,Dennis Smith Jr.,
base,260,Prizms Red Ice,false,,Dennis Smith Jr.,
base,260,Prizms Red White and Blue,false,,Dennis Smith Jr.,
base,260,Prizms Ruby Wave,false,,Dennis Smith Jr.,
base,260,Prizms Silver,false,,Dennis Smith Jr.,
base,260,Prizms White Sparkle,false,,Dennis Smith Jr.,
base,260,Prizms 1st Off the Line Blue Shimmer,false,,Dennis Smith Jr.,
base,260,Prizms 1st Off the Line Light Blue Shimmer,false,,Dennis Smith Jr.,
base,260,Prizms 1st Off the Line Red Shimmer,false,,Dennis Smith Jr.,
base,260,Prizms Black,false,,Dennis Smith Jr.,
base,260,Prizms Black Gold,false,,Dennis Smith Jr.,
base,270,Prizms Blue,false,,J.J. Barea,
base,270,Prizms Blue Ice,false,,J.J. Barea,
base,270,Prizms Choice Blue Yellow and Green,false,,J.J. Barea,
base,270,Prizms Choice Green,false,,J.J. Barea,
base,270,Prizms Choice Nebula,false,,J.J. Barea,
base,270,Prizms Choice Red,false,,J.J. Barea,
base,270,Prizms Choice Tiger Stripe,false,,J.J. Barea,
base,270,Prizms Fast Break,false,,J.J. Barea,
base,270,Prizms Fast Break Blue,false,,J.J. Barea,
base,270,Prizms Fast Break Bronze,false,,J.J. Barea,
base,270,Prizms Fast Break Neon Green,false,,J.J. Barea,
base,270,Prizms Fast Break Pink,false,,J.J. Barea,
base,270,Prizms Fast Break Purple,false,,J.J. Barea,
base,270,Prizms Fast Break Red,false,,J.J. Barea,
base,270,Prizms Gold,false,,J.J. Barea,
base,270,Prizms Green,false,,J.J. Barea,
base,270,Prizms Green Pulsar,false,,J.J. Barea,
base,270,Prizms Hyper,false,,J.J. Barea,
base,270,Prizms Mojo,false,,J.J. Barea,
base,270,Prizms Orange,false,,J.J. Barea,
base,270,Prizms Pink Ice,false,,J.J. Barea,
base,270,Prizms Pink Pulsar,false,,J.J. Barea,
base,270,Prizms Purple,false,,J.J. Barea,
base,270,Prizms Purple Ice,false,,J.J. Barea,
base,270,Prizms Purple Pulsar,false,,J.J. Barea,
base,270,Prizms Purple Wave,false,,J.J. Barea,
base,270,Prizms Red,false,,J.J. Barea,
base,270,Prizms Red Ice,false,,J.J. Barea,
base,270,Prizms Red White and Blue,false,,J.J. Barea,
base,270,Prizms Ruby Wave,false,,J.J. Barea,
base,270,Prizms Silver,false,,J.J. Barea,
base,270,Prizms White Sparkle,false,,J.J. Barea,
base,270,Prizms 1st Off the Line Blue Shimmer,false,,J.J. Barea,
base,270,Prizms 1st Off the Line Light Blue Shimmer,false,,J.J. Barea,
base,270,Prizms 1st Off the Line Red Shimmer,false,,J.J. Barea,
base,270,Prizms Black,false,,J.J. Barea,
base,270,Prizms Black Gold,false,,J.J. Barea,
base,280,Prizms Blue,false,,Luka Doncic,
base,280,Prizms Blue Ice,false,,Luka Doncic,
base,280,Prizms Choice Blue Yellow and Green,false,,Luka Doncic,
base,280,Prizms Choice Green,false,,Luka Doncic,
base,280,Prizms Choice Nebula,false,,Luka Doncic,
base,280,Prizms Choice Red,false,,Luka Doncic,
base,280,Prizms Choice Tiger Stripe,false,,Luka Doncic,
base,280,Prizms Fast Break,false,,Luka Doncic,
base,280,Prizms Fast Break Blue,false,,Luka Doncic,
base,280,Prizms Fast Break Bronze,false,,Luka Doncic,
base,280,Prizms Fast Break Neon Green,false,,Luka Doncic,
base,280,Prizms Fast Break Pink,false,,Luka Doncic,
base,280,Prizms Fast Break Purple,false,,Luka Doncic,
base,280,Prizms Fast Break Red,false,,Luka Doncic,
base,280,Prizms Gold,false,,Luka Doncic,
base,280,Prizms Green,false,,Luka Doncic,
base,280,Prizms Green Pulsar,false,,Luka Doncic,
base,280,Prizms Hyper,false,,Luka Doncic,
base,280,Prizms Mojo,false,,Luka Doncic,
base,280,Prizms Orange,false,,Luka Doncic,
base,280,Prizms Pink Ice,false,,Luka Doncic,
base,280,Prizms Pink Pulsar,false,,Luka Doncic,
base,280,Prizms Purple,false,,Luka Doncic,
base,280,Prizms Purple Ice,false,,Luka Doncic,
base,280,Prizms Purple Pulsar,false,,Luka Doncic,
base,280,Prizms Purple Wave,false,,Luka Doncic,
base,280,Prizms Red,false,,Luka Doncic,
base,280,Prizms Red Ice,false,,Luka Doncic,
base,280,Prizms Red White and Blue,false,,Luka Doncic,
base,280,Prizms Ruby Wave,false,,Luka Doncic,
base,280,Prizms Silver,false,,Luka Doncic,
base,280,Prizms White Sparkle,false,,Luka Doncic,
base,280,Prizms 1st Off the Line Blue Shimmer,false,,Luka Doncic,
base,280,Prizms 1st Off the Line Light Blue Shimmer,false,,Luka Doncic,
base,280,Prizms 1st Off the Line Red Shimmer,false,,Luka Doncic,
base,280,Prizms Black,false,,Luka Doncic,
base,280,Prizms Black Gold,false,,Luka Doncic,
base,290,Prizms Blue,false,,Wesley Matthews,
base,290,Prizms Blue Ice,false,,Wesley Matthews,
base,290,Prizms Choice Blue Yellow and Green,false,,Wesley Matthews,
base,290,Prizms Choice Green,false,,Wesley Matthews,
base,290,Prizms Choice Nebula,false,,Wesley Matthews,
base,290,Prizms Choice Red,false,,Wesley Matthews,
base,290,Prizms Choice Tiger Stripe,false,,Wesley Matthews,
base,290,Prizms Fast Break,false,,Wesley Matthews,
base,290,Prizms Fast Break Blue,false,,Wesley Matthews,
base,290,Prizms Fast Break Bronze,false,,Wesley Matthews,
base,290,Prizms Fast Break Neon Green,false,,Wesley Matthews,
base,290,Prizms Fast Break Pink,false,,Wesley Matthews,
base,290,Prizms Fast Break Purple,false,,Wesley Matthews,
base,290,Prizms Fast Break Red,false,,Wesley Matthews,
base,290,Prizms Gold,false,,Wesley Matthews,
base,290,Prizms Green,false,,Wesley Matthews,
base,290,Prizms Green Pulsar,false,,Wesley Matthews,
base,290,Prizms Hyper,false,,Wesley Matthews,
base,290,Prizms Mojo,false,,Wesley Matthews,
base,290,Prizms Orange,false,,Wesley Matthews,
base,290,Prizms Pink Ice,false,,Wesley Matthews,
base,290,Prizms Pink Pulsar,false,,Wesley Matthews,
base,290,Prizms Purple,false,,Wesley Matthews,
base,290,Prizms Purple Ice,false,,Wesley Matthews,
base,290,Prizms Purple Pulsar,false,,Wesley Matthews,
base,290,Prizms Purple Wave,false,,Wesley Matthews,
base,290,Prizms Red,false,,Wesley Matthews,
base,290,Prizms Red Ice,false,,Wesley Matthews,
base,290,Prizms Red White and Blue,false,,Wesley Matthews,
base,290,Prizms Ruby Wave,false,,Wesley Matthews,
base,290,Prizms Silver,false,,Wesley Matthews,
base,290,Prizms White Sparkle,false,,Wesley Matthews,
base,290,Prizms 1st Off the Line Blue Shimmer,false,,Wesley Matthews,
base,290,Prizms 1st Off the Line Light Blue Shimmer,false,,Wesley Matthews,
base,290,Prizms 1st Off the Line Red Shimmer,false,,Wesley Matthews,
base,290,Prizms Black,false,,Wesley Matthews,
base,290,Prizms Black Gold,false,,Wesley Matthews,
base,300,Prizms Blue,false,,Harrison Barnes,
base,300,Prizms Blue Ice,false,,Harrison Barnes,
base,300,Prizms Choice Blue Yellow and Green,false,,Harrison Barnes,
base,300,Prizms Choice Green,false,,Harrison Barnes,
base,300,Prizms Choice Nebula,false,,Harrison Barnes,
base,300,Prizms Choice Red,false,,Harrison Barnes,
base,300,Prizms Choice Tiger Stripe,false,,Harrison Barnes,
base,300,Prizms Fast Break,false,,Harrison Barnes,
base,300,Prizms Fast Break Blue,false,,Harrison Barnes,
base,300,Prizms Fast Break Bronze,false,,Harrison Barnes,
base,300,Prizms Fast Break Neon Green,false,,Harrison Barnes,
base,300,Prizms Fast Break Pink,false,,Harrison Barnes,
base,300,Prizms Fast Break Purple,false,,Harrison Barnes,
base,300,Prizms Fast Break Red,false,,Harrison Barnes,
base,300,Prizms Gold,false,,Harrison Barnes,
base,300,Prizms Green,false,,Harrison Barnes,
base,300,Prizms Green Pulsar,false,,Harrison Barnes,
base,300,Prizms Hyper,false,,Harrison Barnes,
base,300,Prizms Mojo,false,,Harrison Barnes,
base,300,Prizms Orange,false,,Harrison Barnes,
base,300,Prizms Pink Ice,false,,Harrison Barnes,
base,300,Prizms Pink Pulsar,false,,Harrison Barnes,
base,300,Prizms Purple,false,,Harrison Barnes,
base,300,Prizms Purple Ice,false,,Harrison Barnes,
base,300,Prizms Purple Pulsar,false,,Harrison Barnes,
base,300,Prizms Purple Wave,false,,Harrison Barnes,
base,300,Prizms Red,false,,Harrison Barnes,
base,300,Prizms Red Ice,false,,Harrison Barnes,
base,300,Prizms Red White and Blue,false,,Harrison Barnes,
base,300,Prizms Ruby Wave,false,,Harrison Barnes,
base,300,Prizms Silver,false,,Harrison Barnes,
base,300,Prizms White Sparkle,false,,Harrison Barnes,
base,300,Prizms 1st Off the Line Blue Shimmer,false,,Harrison Barnes,
base,300,Prizms 1st Off the Line Light Blue Shimmer,false,,Harrison Barnes,
base,300,Prizms 1st Off the Line Red Shimmer,false,,Harrison Barnes,
base,300,Prizms Black,false,,Harrison Barnes,
base,300,Prizms Black Gold,false,,Harrison Barnes,
insert-all-day,6,Fast Break,false,,Dirk Nowitzki,
insert-all-day,6,Hyper,false,,Dirk Nowitzki,
insert-all-day,6,Silver,false,,Dirk Nowitzki,
insert-all-day,6,Mojo,false,25,Dirk Nowitzki,
insert-all-day,6,Gold,false,10,Dirk Nowitzki,
insert-all-day,6,Black,false,1,Dirk Nowitzki,
insert-dominance,13,Green,false,,Jason Kidd,
insert-dominance,13,Silver,false,,Jason Kidd,
insert-dominance,21,Green,false,,Dirk Nowitzki,
insert-dominance,21,Silver,false,,Dirk Nowitzki,
insert-emergent,3,Silver,false,,Luka Doncic,
insert-emergent,3,Green,false,,Luka Doncic,
auto-fastbreak-autographs,FB-MAG,Gold,true,10,Mark Aguirre,
auto-fastbreak-autographs,FB-MAG,Black,true,1,Mark Aguirre,
auto-fastbreak-autographs-rookies,FR-JBR,Gold,true,10,Jalen Brunson,
auto-fastbreak-autographs-rookies,FR-JBR,Black,true,1,Jalen Brunson,
auto-fastbreak-autographs-rookies,FR-LDC,Gold,true,10,Luka Doncic,
auto-fastbreak-autographs-rookies,FR-LDC,Black,true,1,Luka Doncic,
insert-fireworks,1,Silver,false,,Dennis Smith Jr.,
insert-fireworks,1,Fast Break,false,,Dennis Smith Jr.,
insert-fireworks,1,Hyper,false,,Dennis Smith Jr.,
insert-fireworks,1,Mojo,false,25,Dennis Smith Jr.,
insert-fireworks,1,Fast Gold,false,10,Dennis Smith Jr.,
insert-fireworks,1,Black,false,1,Dennis Smith Jr.,
insert-fireworks,29,Silver,false,,Dirk Nowitzki,
insert-fireworks,29,Fast Break,false,,Dirk Nowitzki,
insert-fireworks,29,Hyper,false,,Dirk Nowitzki,
insert-fireworks,29,Mojo,false,25,Dirk Nowitzki,
insert-fireworks,29,Fast Gold,false,10,Dirk Nowitzki,
insert-fireworks,29,Black,false,1,Dirk Nowitzki,
insert-freshman-phenoms,23,Green,false,,Luka Doncic,
insert-freshman-phenoms,23,Silver,false,,Luka Doncic,
insert-go-hard-or-go-home,18,Silver,false,,Dirk Nowitzki,
insert-go-hard-or-go-home,18,Fast Break,false,,Dirk Nowitzki,
insert-go-hard-or-go-home,18,Hyper,false,,Dirk Nowitzki,
insert-go-hard-or-go-home,18,Mojo,false,25,Dirk Nowitzki,
insert-go-hard-or-go-home,18,Gold,false,10,Dirk Nowitzki,
insert-go-hard-or-go-home,18,Black,false,1,Dirk Nowitzki,
insert-luck-of-the-lottery,3,Hyper,false,,Luka Doncic,
insert-luck-of-the-lottery,3,Fast Break,false,,Luka Doncic,
insert-luck-of-the-lottery,3,Silver,false,,Luka Doncic,
insert-luck-of-the-lottery,3,Mojo,false,25,Luka Doncic,
insert-luck-of-the-lottery,3,Gold,false,10,Luka Doncic,
insert-luck-of-the-lottery,3,Black,false,1,Luka Doncic,
auto-rookie-signatures,RS-KAN,Prizms Silver,true,,Kostas Antetokounmpo,
auto-rookie-signatures,RS-KAN,Prizms Choice,true,,Kostas Antetokounmpo,
auto-rookie-signatures,RS-KAN,Prizms Mojo,true,25,Kostas Antetokounmpo,
auto-rookie-signatures,RS-KAN,Prizms Gold,true,10,Kostas Antetokounmpo,
auto-rookie-signatures,RS-KAN,Prizms Choice Green,true,8,Kostas Antetokounmpo,
auto-rookie-signatures,RS-KAN,Prizms Black,true,1,Kostas Antetokounmpo,
auto-rookie-signatures,RS-KAN,Prizms White Sparkle,true,1,Kostas Antetokounmpo,
auto-rookie-signatures,RS-LDC,Prizms Silver,true,,Luka Doncic,
auto-rookie-signatures,RS-LDC,Prizms Choice,true,,Luka Doncic,
auto-rookie-signatures,RS-LDC,Prizms Mojo,true,25,Luka Doncic,
auto-rookie-signatures,RS-LDC,Prizms Gold,true,10,Luka Doncic,
auto-rookie-signatures,RS-LDC,Prizms Choice Green,true,8,Luka Doncic,
auto-rookie-signatures,RS-LDC,Prizms Black,true,1,Luka Doncic,
auto-rookie-signatures,RS-LDC,Prizms White Sparkle,true,1,Luka Doncic,
auto-sensational-signatures,SS-HBN,Prizms Choice,true,,Harrison Barnes,
auto-sensational-signatures,SS-HBN,Prizms Mojo,true,25,Harrison Barnes,
auto-sensational-signatures,SS-HBN,Prizms Gold,true,10,Harrison Barnes,
auto-sensational-signatures,SS-HBN,Prizms Choice Green,true,8,Harrison Barnes,
auto-sensational-signatures,SS-HBN,Prizms Black,true,1,Harrison Barnes,
auto-sensational-signatures,SS-JKD,Prizms Choice,true,,Jason Kidd,
auto-sensational-signatures,SS-JKD,Prizms Mojo,true,25,Jason Kidd,
auto-sensational-signatures,SS-JKD,Prizms Gold,true,10,Jason Kidd,
auto-sensational-signatures,SS-JKD,Prizms Choice Green,true,8,Jason Kidd,
auto-sensational-signatures,SS-JKD,Prizms Black,true,1,Jason Kidd,
auto-sensational-signatures,SS-LDC,Prizms Choice,true,,Luka Doncic,
auto-sensational-signatures,SS-LDC,Prizms Mojo,true,25,Luka Doncic,
auto-sensational-signatures,SS-LDC,Prizms Gold,true,10,Luka Doncic,
auto-sensational-signatures,SS-LDC,Prizms Choice Green,true,8,Luka Doncic,
auto-sensational-signatures,SS-LDC,Prizms Black,true,1,Luka Doncic,
insert-sensational-swatches,9,Prime,false,10,Wesley Matthews,
insert-sensational-swatches,13,Prime,false,10,Harrison Barnes,
insert-sensational-swatches,18,Prime,false,10,Shawn Marion,
insert-sensational-swatches,44,Prime,false,10,Dwight Powell,
insert-sensational-swatches,45,Prime,false,10,Dirk Nowitzki,
insert-sensational-swatches,47,Prime,false,10,DeAndre Jordan,
insert-sensational-swatches,76,Prime,false,10,Jalen Brunson,
insert-sensational-swatches,87,Prime,false,10,Luka Doncic,
insert-that-s-savage,1,Silver,false,,DeAndre Jordan,
insert-that-s-savage,1,Fast Break,false,,DeAndre Jordan,
insert-that-s-savage,1,Hyper,false,,DeAndre Jordan,
insert-that-s-savage,1,Mojo,false,25,DeAndre Jordan,
insert-that-s-savage,1,Gold,false,10,DeAndre Jordan,
insert-that-s-savage,1,Black,false,1,DeAndre Jordan,
insert-luck-of-the-lottery,14,Hyper,false,,Michael Porter Jr.,
insert-luck-of-the-lottery,14,Fast Break,false,,Michael Porter Jr.,
insert-luck-of-the-lottery,14,Silver,false,,Michael Porter Jr.,
insert-luck-of-the-lottery,14,Mojo,false,25,Michael Porter Jr.,
insert-luck-of-the-lottery,14,Gold,false,10,Michael Porter Jr.,
insert-luck-of-the-lottery,14,Black,false,1,Michael Porter Jr.,
insert-sensational-swatches,89,Prime,false,10,Michael Porter Jr.,
base,62,Prizms Blue,false,,Jamal Murray,
base,62,Prizms Blue Ice,false,,Jamal Murray,
base,62,Prizms Choice Blue Yellow and Green,false,,Jamal Murray,
base,62,Prizms Choice Green,false,,Jamal Murray,
base,62,Prizms Choice Nebula,false,,Jamal Murray,
base,62,Prizms Choice Red,false,,Jamal Murray,
base,62,Prizms Choice Tiger Stripe,false,,Jamal Murray,
base,62,Prizms Fast Break,false,,Jamal Murray,
base,62,Prizms Fast Break Blue,false,,Jamal Murray,
base,62,Prizms Fast Break Bronze,false,,Jamal Murray,
base,62,Prizms Fast Break Neon Green,false,,Jamal Murray,
base,62,Prizms Fast Break Pink,false,,Jamal Murray,
base,62,Prizms Fast Break Purple,false,,Jamal Murray,
base,62,Prizms Fast Break Red,false,,Jamal Murray,
base,62,Prizms Gold,false,,Jamal Murray,
base,62,Prizms Green,false,,Jamal Murray,
base,62,Prizms Green Pulsar,false,,Jamal Murray,
base,62,Prizms Hyper,false,,Jamal Murray,
base,62,Prizms Mojo,false,,Jamal Murray,
base,62,Prizms Orange,false,,Jamal Murray,
base,62,Prizms Pink Ice,false,,Jamal Murray,
base,62,Prizms Pink Pulsar,false,,Jamal Murray,
base,62,Prizms Purple,false,,Jamal Murray,
base,62,Prizms Purple Ice,false,,Jamal Murray,
base,62,Prizms Purple Pulsar,false,,Jamal Murray,
base,62,Prizms Purple Wave,false,,Jamal Murray,
base,62,Prizms Red,false,,Jamal Murray,
base,62,Prizms Red Ice,false,,Jamal Murray,
base,62,Prizms Red White and Blue,false,,Jamal Murray,
base,62,Prizms Ruby Wave,false,,Jamal Murray,
base,62,Prizms Silver,false,,Jamal Murray,
base,62,Prizms White Sparkle,false,,Jamal Murray,
base,62,Prizms 1st Off the Line Blue Shimmer,false,,Jamal Murray,
base,62,Prizms 1st Off the Line Light Blue Shimmer,false,,Jamal Murray,
base,62,Prizms 1st Off the Line Red Shimmer,false,,Jamal Murray,
base,62,Prizms Black,false,,Jamal Murray,
base,62,Prizms Black Gold,false,,Jamal Murray,
base,102,Prizms Blue,false,,Will Barton,
base,102,Prizms Blue Ice,false,,Will Barton,
base,102,Prizms Choice Blue Yellow and Green,false,,Will Barton,
base,102,Prizms Choice Green,false,,Will Barton,
base,102,Prizms Choice Nebula,false,,Will Barton,
base,102,Prizms Choice Red,false,,Will Barton,
base,102,Prizms Choice Tiger Stripe,false,,Will Barton,
base,102,Prizms Fast Break,false,,Will Barton,
base,102,Prizms Fast Break Blue,false,,Will Barton,
base,102,Prizms Fast Break Bronze,false,,Will Barton,
base,102,Prizms Fast Break Neon Green,false,,Will Barton,
base,102,Prizms Fast Break Pink,false,,Will Barton,
base,102,Prizms Fast Break Purple,false,,Will Barton,
base,102,Prizms Fast Break Red,false,,Will Barton,
base,102,Prizms Gold,false,,Will Barton,
base,102,Prizms Green,false,,Will Barton,
base,102,Prizms Green Pulsar,false,,Will Barton,
base,102,Prizms Hyper,false,,Will Barton,
base,102,Prizms Mojo,false,,Will Barton,
base,102,Prizms Orange,false,,Will Barton,
base,102,Prizms Pink Ice,false,,Will Barton,
base,102,Prizms Pink Pulsar,false,,Will Barton,
base,102,Prizms Purple,false,,Will Barton,
base,102,Prizms Purple Ice,false,,Will Barton,
base,102,Prizms Purple Pulsar,false,,Will Barton,
base,102,Prizms Purple Wave,false,,Will Barton,
base,102,Prizms Red,false,,Will Barton,
base,102,Prizms Red Ice,false,,Will Barton,
base,102,Prizms Red White and Blue,false,,Will Barton,
base,102,Prizms Ruby Wave,false,,Will Barton,
base,102,Prizms Silver,false,,Will Barton,
base,102,Prizms White Sparkle,false,,Will Barton,
base,102,Prizms 1st Off the Line Blue Shimmer,false,,Will Barton,
base,102,Prizms 1st Off the Line Light Blue Shimmer,false,,Will Barton,
base,102,Prizms 1st Off the Line Red Shimmer,false,,Will Barton,
base,102,Prizms Black,false,,Will Barton,
base,102,Prizms Black Gold,false,,Will Barton,
insert-freshman-phenoms,12,Green,false,,Michael Porter Jr.,
insert-freshman-phenoms,12,Silver,false,,Michael Porter Jr.,
auto-sensational-signatures,SS-ITH,Prizms Choice,true,,Isaiah Thomas,
auto-sensational-signatures,SS-ITH,Prizms Mojo,true,25,Isaiah Thomas,
auto-sensational-signatures,SS-ITH,Prizms Gold,true,10,Isaiah Thomas,
auto-sensational-signatures,SS-ITH,Prizms Choice Green,true,8,Isaiah Thomas,
auto-sensational-signatures,SS-ITH,Prizms Black,true,1,Isaiah Thomas,
auto-signatures,S-TLY,Prizms Choice,true,,Trey Lyles,
auto-signatures,S-TLY,Prizms Silver,true,,Trey Lyles,
auto-signatures,S-TLY,Prizms Mojo,true,25,Trey Lyles,
auto-signatures,S-TLY,Prizms Gold,true,10,Trey Lyles,
auto-signatures,S-TLY,Prizms Choice Green,true,8,Trey Lyles,
auto-signatures,S-TLY,Prizms Black,true,1,Trey Lyles,
base,72,Prizms Blue,false,,Gary Harris,
base,72,Prizms Blue Ice,false,,Gary Harris,
base,72,Prizms Choice Blue Yellow and Green,false,,Gary Harris,
base,72,Prizms Choice Green,false,,Gary Harris,
base,72,Prizms Choice Nebula,false,,Gary Harris,
base,72,Prizms Choice Red,false,,Gary Harris,
base,72,Prizms Choice Tiger Stripe,false,,Gary Harris,
base,72,Prizms Fast Break,false,,Gary Harris,
base,72,Prizms Fast Break Blue,false,,Gary Harris,
base,72,Prizms Fast Break Bronze,false,,Gary Harris,
base,72,Prizms Fast Break Neon Green,false,,Gary Harris,
base,72,Prizms Fast Break Pink,false,,Gary Harris,
base,72,Prizms Fast Break Purple,false,,Gary Harris,
base,72,Prizms Fast Break Red,false,,Gary Harris,
base,72,Prizms Gold,false,,Gary Harris,
base,72,Prizms Green,false,,Gary Harris,
base,72,Prizms Green Pulsar,false,,Gary Harris,
base,72,Prizms Hyper,false,,Gary Harris,
base,72,Prizms Mojo,false,,Gary Harris,
base,72,Prizms Orange,false,,Gary Harris,
base,72,Prizms Pink Ice,false,,Gary Harris,
base,72,Prizms Pink Pulsar,false,,Gary Harris,
base,72,Prizms Purple,false,,Gary Harris,
base,72,Prizms Purple Ice,false,,Gary Harris,
base,72,Prizms Purple Pulsar,false,,Gary Harris,
base,72,Prizms Purple Wave,false,,Gary Harris,
base,72,Prizms Red,false,,Gary Harris,
base,72,Prizms Red Ice,false,,Gary Harris,
base,72,Prizms Red White and Blue,false,,Gary Harris,
base,72,Prizms Ruby Wave,false,,Gary Harris,
base,72,Prizms Silver,false,,Gary Harris,
base,72,Prizms White Sparkle,false,,Gary Harris,
base,72,Prizms 1st Off the Line Blue Shimmer,false,,Gary Harris,
base,72,Prizms 1st Off the Line Light Blue Shimmer,false,,Gary Harris,
base,72,Prizms 1st Off the Line Red Shimmer,false,,Gary Harris,
base,72,Prizms Black,false,,Gary Harris,
base,72,Prizms Black Gold,false,,Gary Harris,
base,82,Prizms Blue,false,,Paul Millsap,
base,82,Prizms Blue Ice,false,,Paul Millsap,
base,82,Prizms Choice Blue Yellow and Green,false,,Paul Millsap,
base,82,Prizms Choice Green,false,,Paul Millsap,
base,82,Prizms Choice Nebula,false,,Paul Millsap,
base,82,Prizms Choice Red,false,,Paul Millsap,
base,82,Prizms Choice Tiger Stripe,false,,Paul Millsap,
base,82,Prizms Fast Break,false,,Paul Millsap,
base,82,Prizms Fast Break Blue,false,,Paul Millsap,
base,82,Prizms Fast Break Bronze,false,,Paul Millsap,
base,82,Prizms Fast Break Neon Green,false,,Paul Millsap,
base,82,Prizms Fast Break Pink,false,,Paul Millsap,
base,82,Prizms Fast Break Purple,false,,Paul Millsap,
base,82,Prizms Fast Break Red,false,,Paul Millsap,
base,82,Prizms Gold,false,,Paul Millsap,
base,82,Prizms Green,false,,Paul Millsap,
base,82,Prizms Green Pulsar,false,,Paul Millsap,
base,82,Prizms Hyper,false,,Paul Millsap,
base,82,Prizms Mojo,false,,Paul Millsap,
base,82,Prizms Orange,false,,Paul Millsap,
base,82,Prizms Pink Ice,false,,Paul Millsap,
base,82,Prizms Pink Pulsar,false,,Paul Millsap,
base,82,Prizms Purple,false,,Paul Millsap,
base,82,Prizms Purple Ice,false,,Paul Millsap,
base,82,Prizms Purple Pulsar,false,,Paul Millsap,
base,82,Prizms Purple Wave,false,,Paul Millsap,
base,82,Prizms Red,false,,Paul Millsap,
base,82,Prizms Red Ice,false,,Paul Millsap,
base,82,Prizms Red White and Blue,false,,Paul Millsap,
base,82,Prizms Ruby Wave,false,,Paul Millsap,
base,82,Prizms Silver,false,,Paul Millsap,
base,82,Prizms White Sparkle,false,,Paul Millsap,
base,82,Prizms 1st Off the Line Blue Shimmer,false,,Paul Millsap,
base,82,Prizms 1st Off the Line Light Blue Shimmer,false,,Paul Millsap,
base,82,Prizms 1st Off the Line Red Shimmer,false,,Paul Millsap,
base,82,Prizms Black,false,,Paul Millsap,
base,82,Prizms Black Gold,false,,Paul Millsap,
insert-fireworks,21,Silver,false,,Nikola Jokic,
insert-fireworks,21,Fast Break,false,,Nikola Jokic,
insert-fireworks,21,Hyper,false,,Nikola Jokic,
insert-fireworks,21,Mojo,false,25,Nikola Jokic,
insert-fireworks,21,Fast Gold,false,10,Nikola Jokic,
insert-fireworks,21,Black,false,1,Nikola Jokic,
auto-sensational-signatures,SS-JVB,Prizms Choice,true,,Jarred Vanderbilt,
auto-sensational-signatures,SS-JVB,Prizms Mojo,true,25,Jarred Vanderbilt,
auto-sensational-signatures,SS-JVB,Prizms Gold,true,10,Jarred Vanderbilt,
auto-sensational-signatures,SS-JVB,Prizms Choice Green,true,8,Jarred Vanderbilt,
auto-sensational-signatures,SS-JVB,Prizms Black,true,1,Jarred Vanderbilt,
base,112,Prizms Blue,false,,Trey Lyles,
base,112,Prizms Blue Ice,false,,Trey Lyles,
base,112,Prizms Choice Blue Yellow and Green,false,,Trey Lyles,
base,112,Prizms Choice Green,false,,Trey Lyles,
base,112,Prizms Choice Nebula,false,,Trey Lyles,
base,112,Prizms Choice Red,false,,Trey Lyles,
base,112,Prizms Choice Tiger Stripe,false,,Trey Lyles,
base,112,Prizms Fast Break,false,,Trey Lyles,
base,112,Prizms Fast Break Blue,false,,Trey Lyles,
base,112,Prizms Fast Break Bronze,false,,Trey Lyles,
base,112,Prizms Fast Break Neon Green,false,,Trey Lyles,
base,112,Prizms Fast Break Pink,false,,Trey Lyles,
base,112,Prizms Fast Break Purple,false,,Trey Lyles,
base,112,Prizms Fast Break Red,false,,Trey Lyles,
base,112,Prizms Gold,false,,Trey Lyles,
base,112,Prizms Green,false,,Trey Lyles,
base,112,Prizms Green Pulsar,false,,Trey Lyles,
base,112,Prizms Hyper,false,,Trey Lyles,
base,112,Prizms Mojo,false,,Trey Lyles,
base,112,Prizms Orange,false,,Trey Lyles,
base,112,Prizms Pink Ice,false,,Trey Lyles,
base,112,Prizms Pink Pulsar,false,,Trey Lyles,
base,112,Prizms Purple,false,,Trey Lyles,
base,112,Prizms Purple Ice,false,,Trey Lyles,
base,112,Prizms Purple Pulsar,false,,Trey Lyles,
base,112,Prizms Purple Wave,false,,Trey Lyles,
base,112,Prizms Red,false,,Trey Lyles,
base,112,Prizms Red Ice,false,,Trey Lyles,
base,112,Prizms Red White and Blue,false,,Trey Lyles,
base,112,Prizms Ruby Wave,false,,Trey Lyles,
base,112,Prizms Silver,false,,Trey Lyles,
base,112,Prizms White Sparkle,false,,Trey Lyles,
base,112,Prizms 1st Off the Line Blue Shimmer,false,,Trey Lyles,
base,112,Prizms 1st Off the Line Light Blue Shimmer,false,,Trey Lyles,
base,112,Prizms 1st Off the Line Red Shimmer,false,,Trey Lyles,
base,112,Prizms Black,false,,Trey Lyles,
base,112,Prizms Black Gold,false,,Trey Lyles,
base,52,Prizms Blue,false,,Isaiah Thomas,
base,52,Prizms Blue Ice,false,,Isaiah Thomas,
base,52,Prizms Choice Blue Yellow and Green,false,,Isaiah Thomas,
base,52,Prizms Choice Green,false,,Isaiah Thomas,
base,52,Prizms Choice Nebula,false,,Isaiah Thomas,
base,52,Prizms Choice Red,false,,Isaiah Thomas,
base,52,Prizms Choice Tiger Stripe,false,,Isaiah Thomas,
base,52,Prizms Fast Break,false,,Isaiah Thomas,
base,52,Prizms Fast Break Blue,false,,Isaiah Thomas,
base,52,Prizms Fast Break Bronze,false,,Isaiah Thomas,
base,52,Prizms Fast Break Neon Green,false,,Isaiah Thomas,
base,52,Prizms Fast Break Pink,false,,Isaiah Thomas,
base,52,Prizms Fast Break Purple,false,,Isaiah Thomas,
base,52,Prizms Fast Break Red,false,,Isaiah Thomas,
base,52,Prizms Gold,false,,Isaiah Thomas,
base,52,Prizms Green,false,,Isaiah Thomas,
base,52,Prizms Green Pulsar,false,,Isaiah Thomas,
base,52,Prizms Hyper,false,,Isaiah Thomas,
base,52,Prizms Mojo,false,,Isaiah Thomas,
base,52,Prizms Orange,false,,Isaiah Thomas,
base,52,Prizms Pink Ice,false,,Isaiah Thomas,
base,52,Prizms Pink Pulsar,false,,Isaiah Thomas,
base,52,Prizms Purple,false,,Isaiah Thomas,
base,52,Prizms Purple Ice,false,,Isaiah Thomas,
base,52,Prizms Purple Pulsar,false,,Isaiah Thomas,
base,52,Prizms Purple Wave,false,,Isaiah Thomas,
base,52,Prizms Red,false,,Isaiah Thomas,
base,52,Prizms Red Ice,false,,Isaiah Thomas,
base,52,Prizms Red White and Blue,false,,Isaiah Thomas,
base,52,Prizms Ruby Wave,false,,Isaiah Thomas,
base,52,Prizms Silver,false,,Isaiah Thomas,
base,52,Prizms White Sparkle,false,,Isaiah Thomas,
base,52,Prizms 1st Off the Line Blue Shimmer,false,,Isaiah Thomas,
base,52,Prizms 1st Off the Line Light Blue Shimmer,false,,Isaiah Thomas,
base,52,Prizms 1st Off the Line Red Shimmer,false,,Isaiah Thomas,
base,52,Prizms Black,false,,Isaiah Thomas,
base,52,Prizms Black Gold,false,,Isaiah Thomas,
auto-rookie-signatures,RS-MPJ,Prizms Silver,true,,Michael Porter Jr.,
auto-rookie-signatures,RS-MPJ,Prizms Choice,true,,Michael Porter Jr.,
auto-rookie-signatures,RS-MPJ,Prizms Mojo,true,25,Michael Porter Jr.,
auto-rookie-signatures,RS-MPJ,Prizms Gold,true,10,Michael Porter Jr.,
auto-rookie-signatures,RS-MPJ,Prizms Choice Green,true,8,Michael Porter Jr.,
auto-rookie-signatures,RS-MPJ,Prizms Black,true,1,Michael Porter Jr.,
auto-rookie-signatures,RS-MPJ,Prizms White Sparkle,true,1,Michael Porter Jr.,
auto-fastbreak-autographs-rookies,FR-MPJ,Gold,true,10,Michael Porter Jr.,
auto-fastbreak-autographs-rookies,FR-MPJ,Black,true,1,Michael Porter Jr.,
auto-sensational-signatures,SS-MPJ,Prizms Choice,true,,Michael Porter Jr.,
auto-sensational-signatures,SS-MPJ,Prizms Mojo,true,25,Michael Porter Jr.,
auto-sensational-signatures,SS-MPJ,Prizms Gold,true,10,Michael Porter Jr.,
auto-sensational-signatures,SS-MPJ,Prizms Choice Green,true,8,Michael Porter Jr.,
auto-sensational-signatures,SS-MPJ,Prizms Black,true,1,Michael Porter Jr.,
auto-fastbreak-autographs-rookies,FR-JVB,Gold,true,10,Jarred Vanderbilt,
auto-fastbreak-autographs-rookies,FR-JVB,Black,true,1,Jarred Vanderbilt,
base,92,Prizms Blue,false,,Nikola Jokic,
base,92,Prizms Blue Ice,false,,Nikola Jokic,
base,92,Prizms Choice Blue Yellow and Green,false,,Nikola Jokic,
base,92,Prizms Choice Green,false,,Nikola Jokic,
base,92,Prizms Choice Nebula,false,,Nikola Jokic,
base,92,Prizms Choice Red,false,,Nikola Jokic,
base,92,Prizms Choice Tiger Stripe,false,,Nikola Jokic,
base,92,Prizms Fast Break,false,,Nikola Jokic,
base,92,Prizms Fast Break Blue,false,,Nikola Jokic,
base,92,Prizms Fast Break Bronze,false,,Nikola Jokic,
base,92,Prizms Fast Break Neon Green,false,,Nikola Jokic,
base,92,Prizms Fast Break Pink,false,,Nikola Jokic,
base,92,Prizms Fast Break Purple,false,,Nikola Jokic,
base,92,Prizms Fast Break Red,false,,Nikola Jokic,
base,92,Prizms Gold,false,,Nikola Jokic,
base,92,Prizms Green,false,,Nikola Jokic,
base,92,Prizms Green Pulsar,false,,Nikola Jokic,
base,92,Prizms Hyper,false,,Nikola Jokic,
base,92,Prizms Mojo,false,,Nikola Jokic,
base,92,Prizms Orange,false,,Nikola Jokic,
base,92,Prizms Pink Ice,false,,Nikola Jokic,
base,92,Prizms Pink Pulsar,false,,Nikola Jokic,
base,92,Prizms Purple,false,,Nikola Jokic,
base,92,Prizms Purple Ice,false,,Nikola Jokic,
base,92,Prizms Purple Pulsar,false,,Nikola Jokic,
base,92,Prizms Purple Wave,false,,Nikola Jokic,
base,92,Prizms Red,false,,Nikola Jokic,
base,92,Prizms Red Ice,false,,Nikola Jokic,
base,92,Prizms Red White and Blue,false,,Nikola Jokic,
base,92,Prizms Ruby Wave,false,,Nikola Jokic,
base,92,Prizms Silver,false,,Nikola Jokic,
base,92,Prizms White Sparkle,false,,Nikola Jokic,
base,92,Prizms 1st Off the Line Blue Shimmer,false,,Nikola Jokic,
base,92,Prizms 1st Off the Line Light Blue Shimmer,false,,Nikola Jokic,
base,92,Prizms 1st Off the Line Red Shimmer,false,,Nikola Jokic,
base,92,Prizms Black,false,,Nikola Jokic,
base,92,Prizms Black Gold,false,,Nikola Jokic,
base,42,Prizms Blue,false,,Jarred Vanderbilt,
base,42,Prizms Blue Ice,false,,Jarred Vanderbilt,
base,42,Prizms Choice Blue Yellow and Green,false,,Jarred Vanderbilt,
base,42,Prizms Choice Green,false,,Jarred Vanderbilt,
base,42,Prizms Choice Nebula,false,,Jarred Vanderbilt,
base,42,Prizms Choice Red,false,,Jarred Vanderbilt,
base,42,Prizms Choice Tiger Stripe,false,,Jarred Vanderbilt,
base,42,Prizms Fast Break,false,,Jarred Vanderbilt,
base,42,Prizms Fast Break Blue,false,,Jarred Vanderbilt,
base,42,Prizms Fast Break Bronze,false,,Jarred Vanderbilt,
base,42,Prizms Fast Break Neon Green,false,,Jarred Vanderbilt,
base,42,Prizms Fast Break Pink,false,,Jarred Vanderbilt,
base,42,Prizms Fast Break Purple,false,,Jarred Vanderbilt,
base,42,Prizms Fast Break Red,false,,Jarred Vanderbilt,
base,42,Prizms Gold,false,,Jarred Vanderbilt,
base,42,Prizms Green,false,,Jarred Vanderbilt,
base,42,Prizms Green Pulsar,false,,Jarred Vanderbilt,
base,42,Prizms Hyper,false,,Jarred Vanderbilt,
base,42,Prizms Mojo,false,,Jarred Vanderbilt,
base,42,Prizms Orange,false,,Jarred Vanderbilt,
base,42,Prizms Pink Ice,false,,Jarred Vanderbilt,
base,42,Prizms Pink Pulsar,false,,Jarred Vanderbilt,
base,42,Prizms Purple,false,,Jarred Vanderbilt,
base,42,Prizms Purple Ice,false,,Jarred Vanderbilt,
base,42,Prizms Purple Pulsar,false,,Jarred Vanderbilt,
base,42,Prizms Purple Wave,false,,Jarred Vanderbilt,
base,42,Prizms Red,false,,Jarred Vanderbilt,
base,42,Prizms Red Ice,false,,Jarred Vanderbilt,
base,42,Prizms Red White and Blue,false,,Jarred Vanderbilt,
base,42,Prizms Ruby Wave,false,,Jarred Vanderbilt,
base,42,Prizms Silver,false,,Jarred Vanderbilt,
base,42,Prizms White Sparkle,false,,Jarred Vanderbilt,
base,42,Prizms 1st Off the Line Blue Shimmer,false,,Jarred Vanderbilt,
base,42,Prizms 1st Off the Line Light Blue Shimmer,false,,Jarred Vanderbilt,
base,42,Prizms 1st Off the Line Red Shimmer,false,,Jarred Vanderbilt,
base,42,Prizms Black,false,,Jarred Vanderbilt,
base,42,Prizms Black Gold,false,,Jarred Vanderbilt,
auto-fastbreak-autographs,FB-ITH,Gold,true,10,Isaiah Thomas,
auto-fastbreak-autographs,FB-ITH,Black,true,1,Isaiah Thomas,
auto-fastbreak-autographs,FB-DKM,Gold,true,10,Dikembe Mutombo,
auto-fastbreak-autographs,FB-DKM,Black,true,1,Dikembe Mutombo,
auto-signatures,S-MAD,Prizms Choice,true,,Michael Adams,
auto-signatures,S-MAD,Prizms Silver,true,,Michael Adams,
auto-signatures,S-MAD,Prizms Mojo,true,25,Michael Adams,
auto-signatures,S-MAD,Prizms Gold,true,10,Michael Adams,
auto-signatures,S-MAD,Prizms Choice Green,true,8,Michael Adams,
auto-signatures,S-MAD,Prizms Black,true,1,Michael Adams,
insert-sensational-swatches,31,Prime,false,10,Nikola Jokic,
insert-emergent,14,Silver,false,,Michael Porter Jr.,
insert-emergent,14,Green,false,,Michael Porter Jr.,
base,32,Prizms Blue,false,,Michael Porter Jr.,
base,32,Prizms Blue Ice,false,,Michael Porter Jr.,
base,32,Prizms Choice Blue Yellow and Green,false,,Michael Porter Jr.,
base,32,Prizms Choice Green,false,,Michael Porter Jr.,
base,32,Prizms Choice Nebula,false,,Michael Porter Jr.,
base,32,Prizms Choice Red,false,,Michael Porter Jr.,
base,32,Prizms Choice Tiger Stripe,false,,Michael Porter Jr.,
base,32,Prizms Fast Break,false,,Michael Porter Jr.,
base,32,Prizms Fast Break Blue,false,,Michael Porter Jr.,
base,32,Prizms Fast Break Bronze,false,,Michael Porter Jr.,
base,32,Prizms Fast Break Neon Green,false,,Michael Porter Jr.,
base,32,Prizms Fast Break Pink,false,,Michael Porter Jr.,
base,32,Prizms Fast Break Purple,false,,Michael Porter Jr.,
base,32,Prizms Fast Break Red,false,,Michael Porter Jr.,
base,32,Prizms Gold,false,,Michael Porter Jr.,
base,32,Prizms Green,false,,Michael Porter Jr.,
base,32,Prizms Green Pulsar,false,,Michael Porter Jr.,
base,32,Prizms Hyper,false,,Michael Porter Jr.,
base,32,Prizms Mojo,false,,Michael Porter Jr.,
base,32,Prizms Orange,false,,Michael Porter Jr.,
base,32,Prizms Pink Ice,false,,Michael Porter Jr.,
base,32,Prizms Pink Pulsar,false,,Michael Porter Jr.,
base,32,Prizms Purple,false,,Michael Porter Jr.,
base,32,Prizms Purple Ice,false,,Michael Porter Jr.,
base,32,Prizms Purple Pulsar,false,,Michael Porter Jr.,
base,32,Prizms Purple Wave,false,,Michael Porter Jr.,
base,32,Prizms Red,false,,Michael Porter Jr.,
base,32,Prizms Red Ice,false,,Michael Porter Jr.,
base,32,Prizms Red White and Blue,false,,Michael Porter Jr.,
base,32,Prizms Ruby Wave,false,,Michael Porter Jr.,
base,32,Prizms Silver,false,,Michael Porter Jr.,
base,32,Prizms White Sparkle,false,,Michael Porter Jr.,
base,32,Prizms 1st Off the Line Blue Shimmer,false,,Michael Porter Jr.,
base,32,Prizms 1st Off the Line Light Blue Shimmer,false,,Michael Porter Jr.,
base,32,Prizms 1st Off the Line Red Shimmer,false,,Michael Porter Jr.,
base,32,Prizms Black,false,,Michael Porter Jr.,
base,32,Prizms Black Gold,false,,Michael Porter Jr.,
auto-fastbreak-autographs-rookies,FR-BRN,Gold,true,10,Bruce Brown,
auto-fastbreak-autographs-rookies,FR-BRN,Black,true,1,Bruce Brown,
auto-fastbreak-autographs,FB-JCD,Gold,true,10,Jose Calderon,
auto-fastbreak-autographs,FB-JCD,Black,true,1,Jose Calderon,
base,152,Prizms Blue,false,,Luke Kennard,
base,152,Prizms Blue Ice,false,,Luke Kennard,
base,152,Prizms Choice Blue Yellow and Green,false,,Luke Kennard,
base,152,Prizms Choice Green,false,,Luke Kennard,
base,152,Prizms Choice Nebula,false,,Luke Kennard,
base,152,Prizms Choice Red,false,,Luke Kennard,
base,152,Prizms Choice Tiger Stripe,false,,Luke Kennard,
base,152,Prizms Fast Break,false,,Luke Kennard,
base,152,Prizms Fast Break Blue,false,,Luke Kennard,
base,152,Prizms Fast Break Bronze,false,,Luke Kennard,
base,152,Prizms Fast Break Neon Green,false,,Luke Kennard,
base,152,Prizms Fast Break Pink,false,,Luke Kennard,
base,152,Prizms Fast Break Purple,false,,Luke Kennard,
base,152,Prizms Fast Break Red,false,,Luke Kennard,
base,152,Prizms Gold,false,,Luke Kennard,
base,152,Prizms Green,false,,Luke Kennard,
base,152,Prizms Green Pulsar,false,,Luke Kennard,
base,152,Prizms Hyper,false,,Luke Kennard,
base,152,Prizms Mojo,false,,Luke Kennard,
base,152,Prizms Orange,false,,Luke Kennard,
base,152,Prizms Pink Ice,false,,Luke Kennard,
base,152,Prizms Pink Pulsar,false,,Luke Kennard,
base,152,Prizms Purple,false,,Luke Kennard,
base,152,Prizms Purple Ice,false,,Luke Kennard,
base,152,Prizms Purple Pulsar,false,,Luke Kennard,
base,152,Prizms Purple Wave,false,,Luke Kennard,
base,152,Prizms Red,false,,Luke Kennard,
base,152,Prizms Red Ice,false,,Luke Kennard,
base,152,Prizms Red White and Blue,false,,Luke Kennard,
base,152,Prizms Ruby Wave,false,,Luke Kennard,
base,152,Prizms Silver,false,,Luke Kennard,
base,152,Prizms White Sparkle,false,,Luke Kennard,
base,152,Prizms 1st Off the Line Blue Shimmer,false,,Luke Kennard,
base,152,Prizms 1st Off the Line Light Blue Shimmer,false,,Luke Kennard,
base,152,Prizms 1st Off the Line Red Shimmer,false,,Luke Kennard,
base,152,Prizms Black,false,,Luke Kennard,
base,152,Prizms Black Gold,false,,Luke Kennard,
auto-signatures,S-BLN,Prizms Choice,true,,Bob Lanier,
auto-signatures,S-BLN,Prizms Silver,true,,Bob Lanier,
auto-signatures,S-BLN,Prizms Mojo,true,25,Bob Lanier,
auto-signatures,S-BLN,Prizms Gold,true,10,Bob Lanier,
auto-signatures,S-BLN,Prizms Choice Green,true,8,Bob Lanier,
auto-signatures,S-BLN,Prizms Black,true,1,Bob Lanier,
insert-all-day,19,Fast Break,false,,Blake Griffin,
insert-all-day,19,Hyper,false,,Blake Griffin,
insert-all-day,19,Silver,false,,Blake Griffin,
insert-all-day,19,Mojo,false,25,Blake Griffin,
insert-all-day,19,Gold,false,10,Blake Griffin,
insert-all-day,19,Black,false,1,Blake Griffin,
base,162,Prizms Blue,false,,Stanley Johnson,
base,162,Prizms Blue Ice,false,,Stanley Johnson,
base,162,Prizms Choice Blue Yellow and Green,false,,Stanley Johnson,
base,162,Prizms Choice Green,false,,Stanley Johnson,
base,162,Prizms Choice Nebula,false,,Stanley Johnson,
base,162,Prizms Choice Red,false,,Stanley Johnson,
base,162,Prizms Choice Tiger Stripe,false,,Stanley Johnson,
base,162,Prizms Fast Break,false,,Stanley Johnson,
base,162,Prizms Fast Break Blue,false,,Stanley Johnson,
base,162,Prizms Fast Break Bronze,false,,Stanley Johnson,
base,162,Prizms Fast Break Neon Green,false,,Stanley Johnson,
base,162,Prizms Fast Break Pink,false,,Stanley Johnson,
base,162,Prizms Fast Break Purple,false,,Stanley Johnson,
base,162,Prizms Fast Break Red,false,,Stanley Johnson,
base,162,Prizms Gold,false,,Stanley Johnson,
base,162,Prizms Green,false,,Stanley Johnson,
base,162,Prizms Green Pulsar,false,,Stanley Johnson,
base,162,Prizms Hyper,false,,Stanley Johnson,
base,162,Prizms Mojo,false,,Stanley Johnson,
base,162,Prizms Orange,false,,Stanley Johnson,
base,162,Prizms Pink Ice,false,,Stanley Johnson,
base,162,Prizms Pink Pulsar,false,,Stanley Johnson,
base,162,Prizms Purple,false,,Stanley Johnson,
base,162,Prizms Purple Ice,false,,Stanley Johnson,
base,162,Prizms Purple Pulsar,false,,Stanley Johnson,
base,162,Prizms Purple Wave,false,,Stanley Johnson,
base,162,Prizms Red,false,,Stanley Johnson,
base,162,Prizms Red Ice,false,,Stanley Johnson,
base,162,Prizms Red White and Blue,false,,Stanley Johnson,
base,162,Prizms Ruby Wave,false,,Stanley Johnson,
base,162,Prizms Silver,false,,Stanley Johnson,
base,162,Prizms White Sparkle,false,,Stanley Johnson,
base,162,Prizms 1st Off the Line Blue Shimmer,false,,Stanley Johnson,
base,162,Prizms 1st Off the Line Light Blue Shimmer,false,,Stanley Johnson,
base,162,Prizms 1st Off the Line Red Shimmer,false,,Stanley Johnson,
base,162,Prizms Black,false,,Stanley Johnson,
base,162,Prizms Black Gold,false,,Stanley Johnson,
auto-signatures,S-LGW,Prizms Choice,true,,Langston Galloway,
auto-signatures,S-LGW,Prizms Silver,true,,Langston Galloway,
auto-signatures,S-LGW,Prizms Mojo,true,25,Langston Galloway,
auto-signatures,S-LGW,Prizms Gold,true,10,Langston Galloway,
auto-signatures,S-LGW,Prizms Choice Green,true,8,Langston Galloway,
auto-signatures,S-LGW,Prizms Black,true,1,Langston Galloway,
auto-fastbreak-autographs,FB-ZZP,Gold,true,10,Zaza Pachulia,
auto-fastbreak-autographs,FB-ZZP,Black,true,1,Zaza Pachulia,
base,192,Prizms Blue,false,,Zaza Pachulia,
base,192,Prizms Blue Ice,false,,Zaza Pachulia,
base,192,Prizms Choice Blue Yellow and Green,false,,Zaza Pachulia,
base,192,Prizms Choice Green,false,,Zaza Pachulia,
base,192,Prizms Choice Nebula,false,,Zaza Pachulia,
base,192,Prizms Choice Red,false,,Zaza Pachulia,
base,192,Prizms Choice Tiger Stripe,false,,Zaza Pachulia,
base,192,Prizms Fast Break,false,,Zaza Pachulia,
base,192,Prizms Fast Break Blue,false,,Zaza Pachulia,
base,192,Prizms Fast Break Bronze,false,,Zaza Pachulia,
base,192,Prizms Fast Break Neon Green,false,,Zaza Pachulia,
base,192,Prizms Fast Break Pink,false,,Zaza Pachulia,
base,192,Prizms Fast Break Purple,false,,Zaza Pachulia,
base,192,Prizms Fast Break Red,false,,Zaza Pachulia,
base,192,Prizms Gold,false,,Zaza Pachulia,
base,192,Prizms Green,false,,Zaza Pachulia,
base,192,Prizms Green Pulsar,false,,Zaza Pachulia,
base,192,Prizms Hyper,false,,Zaza Pachulia,
base,192,Prizms Mojo,false,,Zaza Pachulia,
base,192,Prizms Orange,false,,Zaza Pachulia,
base,192,Prizms Pink Ice,false,,Zaza Pachulia,
base,192,Prizms Pink Pulsar,false,,Zaza Pachulia,
base,192,Prizms Purple,false,,Zaza Pachulia,
base,192,Prizms Purple Ice,false,,Zaza Pachulia,
base,192,Prizms Purple Pulsar,false,,Zaza Pachulia,
base,192,Prizms Purple Wave,false,,Zaza Pachulia,
base,192,Prizms Red,false,,Zaza Pachulia,
base,192,Prizms Red Ice,false,,Zaza Pachulia,
base,192,Prizms Red White and Blue,false,,Zaza Pachulia,
base,192,Prizms Ruby Wave,false,,Zaza Pachulia,
base,192,Prizms Silver,false,,Zaza Pachulia,
base,192,Prizms White Sparkle,false,,Zaza Pachulia,
base,192,Prizms 1st Off the Line Blue Shimmer,false,,Zaza Pachulia,
base,192,Prizms 1st Off the Line Light Blue Shimmer,false,,Zaza Pachulia,
base,192,Prizms 1st Off the Line Red Shimmer,false,,Zaza Pachulia,
base,192,Prizms Black,false,,Zaza Pachulia,
base,192,Prizms Black Gold,false,,Zaza Pachulia,
auto-rookie-signatures,RS-KYT,Prizms Silver,true,,Khyri Thomas,
auto-rookie-signatures,RS-KYT,Prizms Choice,true,,Khyri Thomas,
auto-rookie-signatures,RS-KYT,Prizms Mojo,true,25,Khyri Thomas,
auto-rookie-signatures,RS-KYT,Prizms Gold,true,10,Khyri Thomas,
auto-rookie-signatures,RS-KYT,Prizms Choice Green,true,8,Khyri Thomas,
auto-rookie-signatures,RS-KYT,Prizms Black,true,1,Khyri Thomas,
auto-rookie-signatures,RS-KYT,Prizms White Sparkle,true,1,Khyri Thomas,
auto-signatures,S-ZZP,Prizms Choice,true,,Zaza Pachulia,
auto-signatures,S-ZZP,Prizms Silver,true,,Zaza Pachulia,
auto-signatures,S-ZZP,Prizms Mojo,true,25,Zaza Pachulia,
auto-signatures,S-ZZP,Prizms Gold,true,10,Zaza Pachulia,
auto-signatures,S-ZZP,Prizms Choice Green,true,8,Zaza Pachulia,
auto-signatures,S-ZZP,Prizms Black,true,1,Zaza Pachulia,
insert-sensational-swatches,42,Prime,false,10,Andre Drummond,
insert-that-s-savage,4,Silver,false,,Blake Griffin,
insert-that-s-savage,4,Fast Break,false,,Blake Griffin,
insert-that-s-savage,4,Hyper,false,,Blake Griffin,
insert-that-s-savage,4,Mojo,false,25,Blake Griffin,
insert-that-s-savage,4,Gold,false,10,Blake Griffin,
insert-that-s-savage,4,Black,false,1,Blake Griffin,
base,132,Prizms Blue,false,,Bruce Brown,
base,132,Prizms Blue Ice,false,,Bruce Brown,
base,132,Prizms Choice Blue Yellow and Green,false,,Bruce Brown,
base,132,Prizms Choice Green,false,,Bruce Brown,
base,132,Prizms Choice Nebula,false,,Bruce Brown,
base,132,Prizms Choice Red,false,,Bruce Brown,
base,132,Prizms Choice Tiger Stripe,false,,Bruce Brown,
base,132,Prizms Fast Break,false,,Bruce Brown,
base,132,Prizms Fast Break Blue,false,,Bruce Brown,
base,132,Prizms Fast Break Bronze,false,,Bruce Brown,
base,132,Prizms Fast Break Neon Green,false,,Bruce Brown,
base,132,Prizms Fast Break Pink,false,,Bruce Brown,
base,132,Prizms Fast Break Purple,false,,Bruce Brown,
base,132,Prizms Fast Break Red,false,,Bruce Brown,
base,132,Prizms Gold,false,,Bruce Brown,
base,132,Prizms Green,false,,Bruce Brown,
base,132,Prizms Green Pulsar,false,,Bruce Brown,
base,132,Prizms Hyper,false,,Bruce Brown,
base,132,Prizms Mojo,false,,Bruce Brown,
base,132,Prizms Orange,false,,Bruce Brown,
base,132,Prizms Pink Ice,false,,Bruce Brown,
base,132,Prizms Pink Pulsar,false,,Bruce Brown,
base,132,Prizms Purple,false,,Bruce Brown,
base,132,Prizms Purple Ice,false,,Bruce Brown,
base,132,Prizms Purple Pulsar,false,,Bruce Brown,
base,132,Prizms Purple Wave,false,,Bruce Brown,
base,132,Prizms Red,false,,Bruce Brown,
base,132,Prizms Red Ice,false,,Bruce Brown,
base,132,Prizms Red White and Blue,false,,Bruce Brown,
base,132,Prizms Ruby Wave,false,,Bruce Brown,
base,132,Prizms Silver,false,,Bruce Brown,
base,132,Prizms White Sparkle,false,,Bruce Brown,
base,132,Prizms 1st Off the Line Blue Shimmer,false,,Bruce Brown,
base,132,Prizms 1st Off the Line Light Blue Shimmer,false,,Bruce Brown,
base,132,Prizms 1st Off the Line Red Shimmer,false,,Bruce Brown,
base,132,Prizms Black,false,,Bruce Brown,
base,132,Prizms Black Gold,false,,Bruce Brown,
auto-sensational-signatures,SS-BRN,Prizms Choice,true,,Bruce Brown,
auto-sensational-signatures,SS-BRN,Prizms Mojo,true,25,Bruce Brown,
auto-sensational-signatures,SS-BRN,Prizms Gold,true,10,Bruce Brown,
auto-sensational-signatures,SS-BRN,Prizms Choice Green,true,8,Bruce Brown,
auto-sensational-signatures,SS-BRN,Prizms Black,true,1,Bruce Brown,
insert-go-hard-or-go-home,19,Silver,false,,Blake Griffin,
insert-go-hard-or-go-home,19,Fast Break,false,,Blake Griffin,
insert-go-hard-or-go-home,19,Hyper,false,,Blake Griffin,
insert-go-hard-or-go-home,19,Mojo,false,25,Blake Griffin,
insert-go-hard-or-go-home,19,Gold,false,10,Blake Griffin,
insert-go-hard-or-go-home,19,Black,false,1,Blake Griffin,
base,202,Prizms Blue,false,,Ish Smith,
base,202,Prizms Blue Ice,false,,Ish Smith,
base,202,Prizms Choice Blue Yellow and Green,false,,Ish Smith,
base,202,Prizms Choice Green,false,,Ish Smith,
base,202,Prizms Choice Nebula,false,,Ish Smith,
base,202,Prizms Choice Red,false,,Ish Smith,
base,202,Prizms Choice Tiger Stripe,false,,Ish Smith,
base,202,Prizms Fast Break,false,,Ish Smith,
base,202,Prizms Fast Break Blue,false,,Ish Smith,
base,202,Prizms Fast Break Bronze,false,,Ish Smith,
base,202,Prizms Fast Break Neon Green,false,,Ish Smith,
base,202,Prizms Fast Break Pink,false,,Ish Smith,
base,202,Prizms Fast Break Purple,false,,Ish Smith,
base,202,Prizms Fast Break Red,false,,Ish Smith,
base,202,Prizms Gold,false,,Ish Smith,
base,202,Prizms Green,false,,Ish Smith,
base,202,Prizms Green Pulsar,false,,Ish Smith,
base,202,Prizms Hyper,false,,Ish Smith,
base,202,Prizms Mojo,false,,Ish Smith,
base,202,Prizms Orange,false,,Ish Smith,
base,202,Prizms Pink Ice,false,,Ish Smith,
base,202,Prizms Pink Pulsar,false,,Ish Smith,
base,202,Prizms Purple,false,,Ish Smith,
base,202,Prizms Purple Ice,false,,Ish Smith,
base,202,Prizms Purple Pulsar,false,,Ish Smith,
base,202,Prizms Purple Wave,false,,Ish Smith,
base,202,Prizms Red,false,,Ish Smith,
base,202,Prizms Red Ice,false,,Ish Smith,
base,202,Prizms Red White and Blue,false,,Ish Smith,
base,202,Prizms Ruby Wave,false,,Ish Smith,
base,202,Prizms Silver,false,,Ish Smith,
base,202,Prizms White Sparkle,false,,Ish Smith,
base,202,Prizms 1st Off the Line Blue Shimmer,false,,Ish Smith,
base,202,Prizms 1st Off the Line Light Blue Shimmer,false,,Ish Smith,
base,202,Prizms 1st Off the Line Red Shimmer,false,,Ish Smith,
base,202,Prizms Black,false,,Ish Smith,
base,202,Prizms Black Gold,false,,Ish Smith,
insert-sensational-swatches,21,Prime,false,10,Grant Hill,
base,172,Prizms Blue,false,,Blake Griffin,
base,172,Prizms Blue Ice,false,,Blake Griffin,
base,172,Prizms Choice Blue Yellow and Green,false,,Blake Griffin,
base,172,Prizms Choice Green,false,,Blake Griffin,
base,172,Prizms Choice Nebula,false,,Blake Griffin,
base,172,Prizms Choice Red,false,,Blake Griffin,
base,172,Prizms Choice Tiger Stripe,false,,Blake Griffin,
base,172,Prizms Fast Break,false,,Blake Griffin,
base,172,Prizms Fast Break Blue,false,,Blake Griffin,
base,172,Prizms Fast Break Bronze,false,,Blake Griffin,
base,172,Prizms Fast Break Neon Green,false,,Blake Griffin,
base,172,Prizms Fast Break Pink,false,,Blake Griffin,
base,172,Prizms Fast Break Purple,false,,Blake Griffin,
base,172,Prizms Fast Break Red,false,,Blake Griffin,
base,172,Prizms Gold,false,,Blake Griffin,
base,172,Prizms Green,false,,Blake Griffin,
base,172,Prizms Green Pulsar,false,,Blake Griffin,
base,172,Prizms Hyper,false,,Blake Griffin,
base,172,Prizms Mojo,false,,Blake Griffin,
base,172,Prizms Orange,false,,Blake Griffin,
base,172,Prizms Pink Ice,false,,Blake Griffin,
base,172,Prizms Pink Pulsar,false,,Blake Griffin,
base,172,Prizms Purple,false,,Blake Griffin,
base,172,Prizms Purple Ice,false,,Blake Griffin,
base,172,Prizms Purple Pulsar,false,,Blake Griffin,
base,172,Prizms Purple Wave,false,,Blake Griffin,
base,172,Prizms Red,false,,Blake Griffin,
base,172,Prizms Red Ice,false,,Blake Griffin,
base,172,Prizms Red White and Blue,false,,Blake Griffin,
base,172,Prizms Ruby Wave,false,,Blake Griffin,
base,172,Prizms Silver,false,,Blake Griffin,
base,172,Prizms White Sparkle,false,,Blake Griffin,
base,172,Prizms 1st Off the Line Blue Shimmer,false,,Blake Griffin,
base,172,Prizms 1st Off the Line Light Blue Shimmer,false,,Blake Griffin,
base,172,Prizms 1st Off the Line Red Shimmer,false,,Blake Griffin,
base,172,Prizms Black,false,,Blake Griffin,
base,172,Prizms Black Gold,false,,Blake Griffin,
insert-sensational-swatches,63,Prime,false,10,Bruce Brown,
auto-sensational-signatures,SS-JCD,Prizms Choice,true,,Jose Calderon,
auto-sensational-signatures,SS-JCD,Prizms Mojo,true,25,Jose Calderon,
auto-sensational-signatures,SS-JCD,Prizms Gold,true,10,Jose Calderon,
auto-sensational-signatures,SS-JCD,Prizms Choice Green,true,8,Jose Calderon,
auto-sensational-signatures,SS-JCD,Prizms Black,true,1,Jose Calderon,
base,142,Prizms Blue,false,,Reggie Jackson,
base,142,Prizms Blue Ice,false,,Reggie Jackson,
base,142,Prizms Choice Blue Yellow and Green,false,,Reggie Jackson,
base,142,Prizms Choice Green,false,,Reggie Jackson,
base,142,Prizms Choice Nebula,false,,Reggie Jackson,
base,142,Prizms Choice Red,false,,Reggie Jackson,
base,142,Prizms Choice Tiger Stripe,false,,Reggie Jackson,
base,142,Prizms Fast Break,false,,Reggie Jackson,
base,142,Prizms Fast Break Blue,false,,Reggie Jackson,
base,142,Prizms Fast Break Bronze,false,,Reggie Jackson,
base,142,Prizms Fast Break Neon Green,false,,Reggie Jackson,
base,142,Prizms Fast Break Pink,false,,Reggie Jackson,
base,142,Prizms Fast Break Purple,false,,Reggie Jackson,
base,142,Prizms Fast Break Red,false,,Reggie Jackson,
base,142,Prizms Gold,false,,Reggie Jackson,
base,142,Prizms Green,false,,Reggie Jackson,
base,142,Prizms Green Pulsar,false,,Reggie Jackson,
base,142,Prizms Hyper,false,,Reggie Jackson,
base,142,Prizms Mojo,false,,Reggie Jackson,
base,142,Prizms Orange,false,,Reggie Jackson,
base,142,Prizms Pink Ice,false,,Reggie Jackson,
base,142,Prizms Pink Pulsar,false,,Reggie Jackson,
base,142,Prizms Purple,false,,Reggie Jackson,
base,142,Prizms Purple Ice,false,,Reggie Jackson,
base,142,Prizms Purple Pulsar,false,,Reggie Jackson,
base,142,Prizms Purple Wave,false,,Reggie Jackson,
base,142,Prizms Red,false,,Reggie Jackson,
base,142,Prizms Red Ice,false,,Reggie Jackson,
base,142,Prizms Red White and Blue,false,,Reggie Jackson,
base,142,Prizms Ruby Wave,false,,Reggie Jackson,
base,142,Prizms Silver,false,,Reggie Jackson,
base,142,Prizms White Sparkle,false,,Reggie Jackson,
base,142,Prizms 1st Off the Line Blue Shimmer,false,,Reggie Jackson,
base,142,Prizms 1st Off the Line Light Blue Shimmer,false,,Reggie Jackson,
base,142,Prizms 1st Off the Line Red Shimmer,false,,Reggie Jackson,
base,142,Prizms Black,false,,Reggie Jackson,
base,142,Prizms Black Gold,false,,Reggie Jackson,
base,182,Prizms Blue,false,,Andre Drummond,
base,182,Prizms Blue Ice,false,,Andre Drummond,
base,182,Prizms Choice Blue Yellow and Green,false,,Andre Drummond,
base,182,Prizms Choice Green,false,,Andre Drummond,
base,182,Prizms Choice Nebula,false,,Andre Drummond,
base,182,Prizms Choice Red,false,,Andre Drummond,
base,182,Prizms Choice Tiger Stripe,false,,Andre Drummond,
base,182,Prizms Fast Break,false,,Andre Drummond,
base,182,Prizms Fast Break Blue,false,,Andre Drummond,
base,182,Prizms Fast Break Bronze,false,,Andre Drummond,
base,182,Prizms Fast Break Neon Green,false,,Andre Drummond,
base,182,Prizms Fast Break Pink,false,,Andre Drummond,
base,182,Prizms Fast Break Purple,false,,Andre Drummond,
base,182,Prizms Fast Break Red,false,,Andre Drummond,
base,182,Prizms Gold,false,,Andre Drummond,
base,182,Prizms Green,false,,Andre Drummond,
base,182,Prizms Green Pulsar,false,,Andre Drummond,
base,182,Prizms Hyper,false,,Andre Drummond,
base,182,Prizms Mojo,false,,Andre Drummond,
base,182,Prizms Orange,false,,Andre Drummond,
base,182,Prizms Pink Ice,false,,Andre Drummond,
base,182,Prizms Pink Pulsar,false,,Andre Drummond,
base,182,Prizms Purple,false,,Andre Drummond,
base,182,Prizms Purple Ice,false,,Andre Drummond,
base,182,Prizms Purple Pulsar,false,,Andre Drummond,
base,182,Prizms Purple Wave,false,,Andre Drummond,
base,182,Prizms Red,false,,Andre Drummond,
base,182,Prizms Red Ice,false,,Andre Drummond,
base,182,Prizms Red White and Blue,false,,Andre Drummond,
base,182,Prizms Ruby Wave,false,,Andre Drummond,
base,182,Prizms Silver,false,,Andre Drummond,
base,182,Prizms White Sparkle,false,,Andre Drummond,
base,182,Prizms 1st Off the Line Blue Shimmer,false,,Andre Drummond,
base,182,Prizms 1st Off the Line Light Blue Shimmer,false,,Andre Drummond,
base,182,Prizms 1st Off the Line Red Shimmer,false,,Andre Drummond,
base,182,Prizms Black,false,,Andre Drummond,
base,182,Prizms Black Gold,false,,Andre Drummond,
insert-sensational-swatches,23,Prime,false,10,Blake Griffin,
base,122,Prizms Blue,false,,Khyri Thomas,
base,122,Prizms Blue Ice,false,,Khyri Thomas,
base,122,Prizms Choice Blue Yellow and Green,false,,Khyri Thomas,
base,122,Prizms Choice Green,false,,Khyri Thomas,
base,122,Prizms Choice Nebula,false,,Khyri Thomas,
base,122,Prizms Choice Red,false,,Khyri Thomas,
base,122,Prizms Choice Tiger Stripe,false,,Khyri Thomas,
base,122,Prizms Fast Break,false,,Khyri Thomas,
base,122,Prizms Fast Break Blue,false,,Khyri Thomas,
base,122,Prizms Fast Break Bronze,false,,Khyri Thomas,
base,122,Prizms Fast Break Neon Green,false,,Khyri Thomas,
base,122,Prizms Fast Break Pink,false,,Khyri Thomas,
base,122,Prizms Fast Break Purple,false,,Khyri Thomas,
base,122,Prizms Fast Break Red,false,,Khyri Thomas,
base,122,Prizms Gold,false,,Khyri Thomas,
base,122,Prizms Green,false,,Khyri Thomas,
base,122,Prizms Green Pulsar,false,,Khyri Thomas,
base,122,Prizms Hyper,false,,Khyri Thomas,
base,122,Prizms Mojo,false,,Khyri Thomas,
base,122,Prizms Orange,false,,Khyri Thomas,
base,122,Prizms Pink Ice,false,,Khyri Thomas,
base,122,Prizms Pink Pulsar,false,,Khyri Thomas,
base,122,Prizms Purple,false,,Khyri Thomas,
base,122,Prizms Purple Ice,false,,Khyri Thomas,
base,122,Prizms Purple Pulsar,false,,Khyri Thomas,
base,122,Prizms Purple Wave,false,,Khyri Thomas,
base,122,Prizms Red,false,,Khyri Thomas,
base,122,Prizms Red Ice,false,,Khyri Thomas,
base,122,Prizms Red White and Blue,false,,Khyri Thomas,
base,122,Prizms Ruby Wave,false,,Khyri Thomas,
base,122,Prizms Silver,false,,Khyri Thomas,
base,122,Prizms White Sparkle,false,,Khyri Thomas,
base,122,Prizms 1st Off the Line Blue Shimmer,false,,Khyri Thomas,
base,122,Prizms 1st Off the Line Light Blue Shimmer,false,,Khyri Thomas,
base,122,Prizms 1st Off the Line Red Shimmer,false,,Khyri Thomas,
base,122,Prizms Black,false,,Khyri Thomas,
base,122,Prizms Black Gold,false,,Khyri Thomas,
insert-fireworks,3,Silver,false,,Blake Griffin,
insert-fireworks,3,Fast Break,false,,Blake Griffin,
insert-fireworks,3,Hyper,false,,Blake Griffin,
insert-fireworks,3,Mojo,false,25,Blake Griffin,
insert-fireworks,3,Fast Gold,false,10,Blake Griffin,
insert-fireworks,3,Black,false,1,Blake Griffin,
auto-rookie-signatures,RS-BRN,Prizms Silver,true,,Bruce Brown,
auto-rookie-signatures,RS-BRN,Prizms Choice,true,,Bruce Brown,
auto-rookie-signatures,RS-BRN,Prizms Mojo,true,25,Bruce Brown,
auto-rookie-signatures,RS-BRN,Prizms Gold,true,10,Bruce Brown,
auto-rookie-signatures,RS-BRN,Prizms Choice Green,true,8,Bruce Brown,
auto-rookie-signatures,RS-BRN,Prizms Black,true,1,Bruce Brown,
auto-rookie-signatures,RS-BRN,Prizms White Sparkle,true,1,Bruce Brown,
insert-get-hyped,2,Green,false,,Stephen Curry,
insert-get-hyped,2,Silver,false,,Stephen Curry,
auto-rookie-signatures,RS-JEV,Prizms Silver,true,,Jacob Evans III,
auto-rookie-signatures,RS-JEV,Prizms Choice,true,,Jacob Evans III,
auto-rookie-signatures,RS-JEV,Prizms Mojo,true,25,Jacob Evans III,
auto-rookie-signatures,RS-JEV,Prizms Gold,true,10,Jacob Evans III,
auto-rookie-signatures,RS-JEV,Prizms Choice Green,true,8,Jacob Evans III,
auto-rookie-signatures,RS-JEV,Prizms Black,true,1,Jacob Evans III,
auto-rookie-signatures,RS-JEV,Prizms White Sparkle,true,1,Jacob Evans III,
base,232,Prizms Blue,false,,Quinn Cook,
base,232,Prizms Blue Ice,false,,Quinn Cook,
base,232,Prizms Choice Blue Yellow and Green,false,,Quinn Cook,
base,232,Prizms Choice Green,false,,Quinn Cook,
base,232,Prizms Choice Nebula,false,,Quinn Cook,
base,232,Prizms Choice Red,false,,Quinn Cook,
base,232,Prizms Choice Tiger Stripe,false,,Quinn Cook,
base,232,Prizms Fast Break,false,,Quinn Cook,
base,232,Prizms Fast Break Blue,false,,Quinn Cook,
base,232,Prizms Fast Break Bronze,false,,Quinn Cook,
base,232,Prizms Fast Break Neon Green,false,,Quinn Cook,
base,232,Prizms Fast Break Pink,false,,Quinn Cook,
base,232,Prizms Fast Break Purple,false,,Quinn Cook,
base,232,Prizms Fast Break Red,false,,Quinn Cook,
base,232,Prizms Gold,false,,Quinn Cook,
base,232,Prizms Green,false,,Quinn Cook,
base,232,Prizms Green Pulsar,false,,Quinn Cook,
base,232,Prizms Hyper,false,,Quinn Cook,
base,232,Prizms Mojo,false,,Quinn Cook,
base,232,Prizms Orange,false,,Quinn Cook,
base,232,Prizms Pink Ice,false,,Quinn Cook,
base,232,Prizms Pink Pulsar,false,,Quinn Cook,
base,232,Prizms Purple,false,,Quinn Cook,
base,232,Prizms Purple Ice,false,,Quinn Cook,
base,232,Prizms Purple Pulsar,false,,Quinn Cook,
base,232,Prizms Purple Wave,false,,Quinn Cook,
base,232,Prizms Red,false,,Quinn Cook,
base,232,Prizms Red Ice,false,,Quinn Cook,
base,232,Prizms Red White and Blue,false,,Quinn Cook,
base,232,Prizms Ruby Wave,false,,Quinn Cook,
base,232,Prizms Silver,false,,Quinn Cook,
base,232,Prizms White Sparkle,false,,Quinn Cook,
base,232,Prizms 1st Off the Line Blue Shimmer,false,,Quinn Cook,
base,232,Prizms 1st Off the Line Light Blue Shimmer,false,,Quinn Cook,
base,232,Prizms 1st Off the Line Red Shimmer,false,,Quinn Cook,
base,232,Prizms Black,false,,Quinn Cook,
base,232,Prizms Black Gold,false,,Quinn Cook,
insert-fireworks,23,Silver,false,,Stephen Curry,
insert-fireworks,23,Fast Break,false,,Stephen Curry,
insert-fireworks,23,Hyper,false,,Stephen Curry,
insert-fireworks,23,Mojo,false,25,Stephen Curry,
insert-fireworks,23,Fast Gold,false,10,Stephen Curry,
insert-fireworks,23,Black,false,1,Stephen Curry,
insert-dominance,9,Green,false,,Kevin Durant,
insert-dominance,9,Silver,false,,Kevin Durant,
auto-sensational-signatures,SS-JEV,Prizms Choice,true,,Jacob Evans III,
auto-sensational-signatures,SS-JEV,Prizms Mojo,true,25,Jacob Evans III,
auto-sensational-signatures,SS-JEV,Prizms Gold,true,10,Jacob Evans III,
auto-sensational-signatures,SS-JEV,Prizms Choice Green,true,8,Jacob Evans III,
auto-sensational-signatures,SS-JEV,Prizms Black,true,1,Jacob Evans III,
base,282,Prizms Blue,false,,DeMarcus Cousins,
base,282,Prizms Blue Ice,false,,DeMarcus Cousins,
base,282,Prizms Choice Blue Yellow and Green,false,,DeMarcus Cousins,
base,282,Prizms Choice Green,false,,DeMarcus Cousins,
base,282,Prizms Choice Nebula,false,,DeMarcus Cousins,
base,282,Prizms Choice Red,false,,DeMarcus Cousins,
base,282,Prizms Choice Tiger Stripe,false,,DeMarcus Cousins,
base,282,Prizms Fast Break,false,,DeMarcus Cousins,
base,282,Prizms Fast Break Blue,false,,DeMarcus Cousins,
base,282,Prizms Fast Break Bronze,false,,DeMarcus Cousins,
base,282,Prizms Fast Break Neon Green,false,,DeMarcus Cousins,
base,282,Prizms Fast Break Pink,false,,DeMarcus Cousins,
base,282,Prizms Fast Break Purple,false,,DeMarcus Cousins,
base,282,Prizms Fast Break Red,false,,DeMarcus Cousins,
base,282,Prizms Gold,false,,DeMarcus Cousins,
base,282,Prizms Green,false,,DeMarcus Cousins,
base,282,Prizms Green Pulsar,false,,DeMarcus Cousins,
base,282,Prizms Hyper,false,,DeMarcus Cousins,
base,282,Prizms Mojo,false,,DeMarcus Cousins,
base,282,Prizms Orange,false,,DeMarcus Cousins,
base,282,Prizms Pink Ice,false,,DeMarcus Cousins,
base,282,Prizms Pink Pulsar,false,,DeMarcus Cousins,
base,282,Prizms Purple,false,,DeMarcus Cousins,
base,282,Prizms Purple Ice,false,,DeMarcus Cousins,
base,282,Prizms Purple Pulsar,false,,DeMarcus Cousins,
base,282,Prizms Purple Wave,false,,DeMarcus Cousins,
base,282,Prizms Red,false,,DeMarcus Cousins,
base,282,Prizms Red Ice,false,,DeMarcus Cousins,
base,282,Prizms Red White and Blue,false,,DeMarcus Cousins,
base,282,Prizms Ruby Wave,false,,DeMarcus Cousins,
base,282,Prizms Silver,false,,DeMarcus Cousins,
base,282,Prizms White Sparkle,false,,DeMarcus Cousins,
base,282,Prizms 1st Off the Line Blue Shimmer,false,,DeMarcus Cousins,
base,282,Prizms 1st Off the Line Light Blue Shimmer,false,,DeMarcus Cousins,
base,282,Prizms 1st Off the Line Red Shimmer,false,,DeMarcus Cousins,
base,282,Prizms Black,false,,DeMarcus Cousins,
base,282,Prizms Black Gold,false,,DeMarcus Cousins,
insert-sensational-swatches,75,Prime,false,10,Jacob Evans III,
insert-fireworks,13,Silver,false,,Kevin Durant,
insert-fireworks,13,Fast Break,false,,Kevin Durant,
insert-fireworks,13,Hyper,false,,Kevin Durant,
insert-fireworks,13,Mojo,false,25,Kevin Durant,
insert-fireworks,13,Fast Gold,false,10,Kevin Durant,
insert-fireworks,13,Black,false,1,Kevin Durant,
base,242,Prizms Blue,false,,Klay Thompson,
base,242,Prizms Blue Ice,false,,Klay Thompson,
base,242,Prizms Choice Blue Yellow and Green,false,,Klay Thompson,
base,242,Prizms Choice Green,false,,Klay Thompson,
base,242,Prizms Choice Nebula,false,,Klay Thompson,
base,242,Prizms Choice Red,false,,Klay Thompson,
base,242,Prizms Choice Tiger Stripe,false,,Klay Thompson,
base,242,Prizms Fast Break,false,,Klay Thompson,
base,242,Prizms Fast Break Blue,false,,Klay Thompson,
base,242,Prizms Fast Break Bronze,false,,Klay Thompson,
base,242,Prizms Fast Break Neon Green,false,,Klay Thompson,
base,242,Prizms Fast Break Pink,false,,Klay Thompson,
base,242,Prizms Fast Break Purple,false,,Klay Thompson,
base,242,Prizms Fast Break Red,false,,Klay Thompson,
base,242,Prizms Gold,false,,Klay Thompson,
base,242,Prizms Green,false,,Klay Thompson,
base,242,Prizms Green Pulsar,false,,Klay Thompson,
base,242,Prizms Hyper,false,,Klay Thompson,
base,242,Prizms Mojo,false,,Klay Thompson,
base,242,Prizms Orange,false,,Klay Thompson,
base,242,Prizms Pink Ice,false,,Klay Thompson,
base,242,Prizms Pink Pulsar,false,,Klay Thompson,
base,242,Prizms Purple,false,,Klay Thompson,
base,242,Prizms Purple Ice,false,,Klay Thompson,
base,242,Prizms Purple Pulsar,false,,Klay Thompson,
base,242,Prizms Purple Wave,false,,Klay Thompson,
base,242,Prizms Red,false,,Klay Thompson,
base,242,Prizms Red Ice,false,,Klay Thompson,
base,242,Prizms Red White and Blue,false,,Klay Thompson,
base,242,Prizms Ruby Wave,false,,Klay Thompson,
base,242,Prizms Silver,false,,Klay Thompson,
base,242,Prizms White Sparkle,false,,Klay Thompson,
base,242,Prizms 1st Off the Line Blue Shimmer,false,,Klay Thompson,
base,242,Prizms 1st Off the Line Light Blue Shimmer,false,,Klay Thompson,
base,242,Prizms 1st Off the Line Red Shimmer,false,,Klay Thompson,
base,242,Prizms Black,false,,Klay Thompson,
base,242,Prizms Black Gold,false,,Klay Thompson,
auto-signatures,S-SCY,Prizms Choice,true,,Stephen Curry,
auto-signatures,S-SCY,Prizms Silver,true,,Stephen Curry,
auto-signatures,S-SCY,Prizms Mojo,true,25,Stephen Curry,
auto-signatures,S-SCY,Prizms Gold,true,10,Stephen Curry,
auto-signatures,S-SCY,Prizms Choice Green,true,8,Stephen Curry,
auto-signatures,S-SCY,Prizms Black,true,1,Stephen Curry,
base,222,Prizms Blue,false,,Stephen Curry,
base,222,Prizms Blue Ice,false,,Stephen Curry,
base,222,Prizms Choice Blue Yellow and Green,false,,Stephen Curry,
base,222,Prizms Choice Green,false,,Stephen Curry,
base,222,Prizms Choice Nebula,false,,Stephen Curry,
base,222,Prizms Choice Red,false,,Stephen Curry,
base,222,Prizms Choice Tiger Stripe,false,,Stephen Curry,
base,222,Prizms Fast Break,false,,Stephen Curry,
base,222,Prizms Fast Break Blue,false,,Stephen Curry,
base,222,Prizms Fast Break Bronze,false,,Stephen Curry,
base,222,Prizms Fast Break Neon Green,false,,Stephen Curry,
base,222,Prizms Fast Break Pink,false,,Stephen Curry,
base,222,Prizms Fast Break Purple,false,,Stephen Curry,
base,222,Prizms Fast Break Red,false,,Stephen Curry,
base,222,Prizms Gold,false,,Stephen Curry,
base,222,Prizms Green,false,,Stephen Curry,
base,222,Prizms Green Pulsar,false,,Stephen Curry,
base,222,Prizms Hyper,false,,Stephen Curry,
base,222,Prizms Mojo,false,,Stephen Curry,
base,222,Prizms Orange,false,,Stephen Curry,
base,222,Prizms Pink Ice,false,,Stephen Curry,
base,222,Prizms Pink Pulsar,false,,Stephen Curry,
base,222,Prizms Purple,false,,Stephen Curry,
base,222,Prizms Purple Ice,false,,Stephen Curry,
base,222,Prizms Purple Pulsar,false,,Stephen Curry,
base,222,Prizms Purple Wave,false,,Stephen Curry,
base,222,Prizms Red,false,,Stephen Curry,
base,222,Prizms Red Ice,false,,Stephen Curry,
base,222,Prizms Red White and Blue,false,,Stephen Curry,
base,222,Prizms Ruby Wave,false,,Stephen Curry,
base,222,Prizms Silver,false,,Stephen Curry,
base,222,Prizms White Sparkle,false,,Stephen Curry,
base,222,Prizms 1st Off the Line Blue Shimmer,false,,Stephen Curry,
base,222,Prizms 1st Off the Line Light Blue Shimmer,false,,Stephen Curry,
base,222,Prizms 1st Off the Line Red Shimmer,false,,Stephen Curry,
base,222,Prizms Black,false,,Stephen Curry,
base,222,Prizms Black Gold,false,,Stephen Curry,
base,212,Prizms Blue,false,,Jacob Evans III,
base,212,Prizms Blue Ice,false,,Jacob Evans III,
base,212,Prizms Choice Blue Yellow and Green,false,,Jacob Evans III,
base,212,Prizms Choice Green,false,,Jacob Evans III,
base,212,Prizms Choice Nebula,false,,Jacob Evans III,
base,212,Prizms Choice Red,false,,Jacob Evans III,
base,212,Prizms Choice Tiger Stripe,false,,Jacob Evans III,
base,212,Prizms Fast Break,false,,Jacob Evans III,
base,212,Prizms Fast Break Blue,false,,Jacob Evans III,
base,212,Prizms Fast Break Bronze,false,,Jacob Evans III,
base,212,Prizms Fast Break Neon Green,false,,Jacob Evans III,
base,212,Prizms Fast Break Pink,false,,Jacob Evans III,
base,212,Prizms Fast Break Purple,false,,Jacob Evans III,
base,212,Prizms Fast Break Red,false,,Jacob Evans III,
base,212,Prizms Gold,false,,Jacob Evans III,
base,212,Prizms Green,false,,Jacob Evans III,
base,212,Prizms Green Pulsar,false,,Jacob Evans III,
base,212,Prizms Hyper,false,,Jacob Evans III,
base,212,Prizms Mojo,false,,Jacob Evans III,
base,212,Prizms Orange,false,,Jacob Evans III,
base,212,Prizms Pink Ice,false,,Jacob Evans III,
base,212,Prizms Pink Pulsar,false,,Jacob Evans III,
base,212,Prizms Purple,false,,Jacob Evans III,
base,212,Prizms Purple Ice,false,,Jacob Evans III,
base,212,Prizms Purple Pulsar,false,,Jacob Evans III,
base,212,Prizms Purple Wave,false,,Jacob Evans III,
base,212,Prizms Red,false,,Jacob Evans III,
base,212,Prizms Red Ice,false,,Jacob Evans III,
base,212,Prizms Red White and Blue,false,,Jacob Evans III,
base,212,Prizms Ruby Wave,false,,Jacob Evans III,
base,212,Prizms Silver,false,,Jacob Evans III,
base,212,Prizms White Sparkle,false,,Jacob Evans III,
base,212,Prizms 1st Off the Line Blue Shimmer,false,,Jacob Evans III,
base,212,Prizms 1st Off the Line Light Blue Shimmer,false,,Jacob Evans III,
base,212,Prizms 1st Off the Line Red Shimmer,false,,Jacob Evans III,
base,212,Prizms Black,false,,Jacob Evans III,
base,212,Prizms Black Gold,false,,Jacob Evans III,
insert-that-s-savage,5,Silver,false,,Kevin Durant,
insert-that-s-savage,5,Fast Break,false,,Kevin Durant,
insert-that-s-savage,5,Hyper,false,,Kevin Durant,
insert-that-s-savage,5,Mojo,false,25,Kevin Durant,
insert-that-s-savage,5,Gold,false,10,Kevin Durant,
insert-that-s-savage,5,Black,false,1,Kevin Durant,
auto-signatures,S-KDR,Prizms Choice,true,,Kevin Durant,
auto-signatures,S-KDR,Prizms Silver,true,,Kevin Durant,
auto-signatures,S-KDR,Prizms Mojo,true,25,Kevin Durant,
auto-signatures,S-KDR,Prizms Gold,true,10,Kevin Durant,
auto-signatures,S-KDR,Prizms Choice Green,true,8,Kevin Durant,
auto-signatures,S-KDR,Prizms Black,true,1,Kevin Durant,
base,252,Prizms Blue,false,,Kevin Durant,
base,252,Prizms Blue Ice,false,,Kevin Durant,
base,252,Prizms Choice Blue Yellow and Green,false,,Kevin Durant,
base,252,Prizms Choice Green,false,,Kevin Durant,
base,252,Prizms Choice Nebula,false,,Kevin Durant,
base,252,Prizms Choice Red,false,,Kevin Durant,
base,252,Prizms Choice Tiger Stripe,false,,Kevin Durant,
base,252,Prizms Fast Break,false,,Kevin Durant,
base,252,Prizms Fast Break Blue,false,,Kevin Durant,
base,252,Prizms Fast Break Bronze,false,,Kevin Durant,
base,252,Prizms Fast Break Neon Green,false,,Kevin Durant,
base,252,Prizms Fast Break Pink,false,,Kevin Durant,
base,252,Prizms Fast Break Purple,false,,Kevin Durant,
base,252,Prizms Fast Break Red,false,,Kevin Durant,
base,252,Prizms Gold,false,,Kevin Durant,
base,252,Prizms Green,false,,Kevin Durant,
base,252,Prizms Green Pulsar,false,,Kevin Durant,
base,252,Prizms Hyper,false,,Kevin Durant,
base,252,Prizms Mojo,false,,Kevin Durant,
base,252,Prizms Orange,false,,Kevin Durant,
base,252,Prizms Pink Ice,false,,Kevin Durant,
base,252,Prizms Pink Pulsar,false,,Kevin Durant,
base,252,Prizms Purple,false,,Kevin Durant,
base,252,Prizms Purple Ice,false,,Kevin Durant,
base,252,Prizms Purple Pulsar,false,,Kevin Durant,
base,252,Prizms Purple Wave,false,,Kevin Durant,
base,252,Prizms Red,false,,Kevin Durant,
base,252,Prizms Red Ice,false,,Kevin Durant,
base,252,Prizms Red White and Blue,false,,Kevin Durant,
base,252,Prizms Ruby Wave,false,,Kevin Durant,
base,252,Prizms Silver,false,,Kevin Durant,
base,252,Prizms White Sparkle,false,,Kevin Durant,
base,252,Prizms 1st Off the Line Blue Shimmer,false,,Kevin Durant,
base,252,Prizms 1st Off the Line Light Blue Shimmer,false,,Kevin Durant,
base,252,Prizms 1st Off the Line Red Shimmer,false,,Kevin Durant,
base,252,Prizms Black,false,,Kevin Durant,
base,252,Prizms Black Gold,false,,Kevin Durant,
insert-sensational-swatches,46,Prime,false,10,Klay Thompson,
auto-signatures,S-PSH,Prizms Choice,true,,Purvis Short,
auto-signatures,S-PSH,Prizms Silver,true,,Purvis Short,
auto-signatures,S-PSH,Prizms Mojo,true,25,Purvis Short,
auto-signatures,S-PSH,Prizms Gold,true,10,Purvis Short,
auto-signatures,S-PSH,Prizms Choice Green,true,8,Purvis Short,
auto-signatures,S-PSH,Prizms Black,true,1,Purvis Short,
auto-fastbreak-autographs-rookies,FR-JEV,Gold,true,10,Jacob Evans III,
auto-fastbreak-autographs-rookies,FR-JEV,Black,true,1,Jacob Evans III,
auto-signatures,S-RBY,Prizms Choice,true,,Rick Barry,
auto-signatures,S-RBY,Prizms Silver,true,,Rick Barry,
auto-signatures,S-RBY,Prizms Mojo,true,25,Rick Barry,
auto-signatures,S-RBY,Prizms Gold,true,10,Rick Barry,
auto-signatures,S-RBY,Prizms Choice Green,true,8,Rick Barry,
auto-signatures,S-RBY,Prizms Black,true,1,Rick Barry,
auto-sensational-signatures,SS-SCY,Prizms Choice,true,,Stephen Curry,
auto-sensational-signatures,SS-SCY,Prizms Mojo,true,25,Stephen Curry,
auto-sensational-signatures,SS-SCY,Prizms Gold,true,10,Stephen Curry,
auto-sensational-signatures,SS-SCY,Prizms Choice Green,true,8,Stephen Curry,
auto-sensational-signatures,SS-SCY,Prizms Black,true,1,Stephen Curry,
base,262,Prizms Blue,false,,Andre Iguodala,
base,262,Prizms Blue Ice,false,,Andre Iguodala,
base,262,Prizms Choice Blue Yellow and Green,false,,Andre Iguodala,
base,262,Prizms Choice Green,false,,Andre Iguodala,
base,262,Prizms Choice Nebula,false,,Andre Iguodala,
base,262,Prizms Choice Red,false,,Andre Iguodala,
base,262,Prizms Choice Tiger Stripe,false,,Andre Iguodala,
base,262,Prizms Fast Break,false,,Andre Iguodala,
base,262,Prizms Fast Break Blue,false,,Andre Iguodala,
base,262,Prizms Fast Break Bronze,false,,Andre Iguodala,
base,262,Prizms Fast Break Neon Green,false,,Andre Iguodala,
base,262,Prizms Fast Break Pink,false,,Andre Iguodala,
base,262,Prizms Fast Break Purple,false,,Andre Iguodala,
base,262,Prizms Fast Break Red,false,,Andre Iguodala,
base,262,Prizms Gold,false,,Andre Iguodala,
base,262,Prizms Green,false,,Andre Iguodala,
base,262,Prizms Green Pulsar,false,,Andre Iguodala,
base,262,Prizms Hyper,false,,Andre Iguodala,
base,262,Prizms Mojo,false,,Andre Iguodala,
base,262,Prizms Orange,false,,Andre Iguodala,
base,262,Prizms Pink Ice,false,,Andre Iguodala,
base,262,Prizms Pink Pulsar,false,,Andre Iguodala,
base,262,Prizms Purple,false,,Andre Iguodala,
base,262,Prizms Purple Ice,false,,Andre Iguodala,
base,262,Prizms Purple Pulsar,false,,Andre Iguodala,
base,262,Prizms Purple Wave,false,,Andre Iguodala,
base,262,Prizms Red,false,,Andre Iguodala,
base,262,Prizms Red Ice,false,,Andre Iguodala,
base,262,Prizms Red White and Blue,false,,Andre Iguodala,
base,262,Prizms Ruby Wave,false,,Andre Iguodala,
base,262,Prizms Silver,false,,Andre Iguodala,
base,262,Prizms White Sparkle,false,,Andre Iguodala,
base,262,Prizms 1st Off the Line Blue Shimmer,false,,Andre Iguodala,
base,262,Prizms 1st Off the Line Light Blue Shimmer,false,,Andre Iguodala,
base,262,Prizms 1st Off the Line Red Shimmer,false,,Andre Iguodala,
base,262,Prizms Black,false,,Andre Iguodala,
base,262,Prizms Black Gold,false,,Andre Iguodala,
auto-sensational-signatures,SS-THD,Prizms Choice,true,,Tim Hardaway,
auto-sensational-signatures,SS-THD,Prizms Mojo,true,25,Tim Hardaway,
auto-sensational-signatures,SS-THD,Prizms Gold,true,10,Tim Hardaway,
auto-sensational-signatures,SS-THD,Prizms Choice Green,true,8,Tim Hardaway,
auto-sensational-signatures,SS-THD,Prizms Black,true,1,Tim Hardaway,
auto-signatures,S-JJB,Prizms Choice,true,,Jonas Jerebko,
auto-signatures,S-JJB,Prizms Silver,true,,Jonas Jerebko,
auto-signatures,S-JJB,Prizms Mojo,true,25,Jonas Jerebko,
auto-signatures,S-JJB,Prizms Gold,true,10,Jonas Jerebko,
auto-signatures,S-JJB,Prizms Choice Green,true,8,Jonas Jerebko,
auto-signatures,S-JJB,Prizms Black,true,1,Jonas Jerebko,
base,292,Prizms Blue,false,,Jordan Bell,
base,292,Prizms Blue Ice,false,,Jordan Bell,
base,292,Prizms Choice Blue Yellow and Green,false,,Jordan Bell,
base,292,Prizms Choice Green,false,,Jordan Bell,
base,292,Prizms Choice Nebula,false,,Jordan Bell,
base,292,Prizms Choice Red,false,,Jordan Bell,
base,292,Prizms Choice Tiger Stripe,false,,Jordan Bell,
base,292,Prizms Fast Break,false,,Jordan Bell,
base,292,Prizms Fast Break Blue,false,,Jordan Bell,
base,292,Prizms Fast Break Bronze,false,,Jordan Bell,
base,292,Prizms Fast Break Neon Green,false,,Jordan Bell,
base,292,Prizms Fast Break Pink,false,,Jordan Bell,
base,292,Prizms Fast Break Purple,false,,Jordan Bell,
base,292,Prizms Fast Break Red,false,,Jordan Bell,
base,292,Prizms Gold,false,,Jordan Bell,
base,292,Prizms Green,false,,Jordan Bell,
base,292,Prizms Green Pulsar,false,,Jordan Bell,
base,292,Prizms Hyper,false,,Jordan Bell,
base,292,Prizms Mojo,false,,Jordan Bell,
base,292,Prizms Orange,false,,Jordan Bell,
base,292,Prizms Pink Ice,false,,Jordan Bell,
base,292,Prizms Pink Pulsar,false,,Jordan Bell,
base,292,Prizms Purple,false,,Jordan Bell,
base,292,Prizms Purple Ice,false,,Jordan Bell,
base,292,Prizms Purple Pulsar,false,,Jordan Bell,
base,292,Prizms Purple Wave,false,,Jordan Bell,
base,292,Prizms Red,false,,Jordan Bell,
base,292,Prizms Red Ice,false,,Jordan Bell,
base,292,Prizms Red White and Blue,false,,Jordan Bell,
base,292,Prizms Ruby Wave,false,,Jordan Bell,
base,292,Prizms Silver,false,,Jordan Bell,
base,292,Prizms White Sparkle,false,,Jordan Bell,
base,292,Prizms 1st Off the Line Blue Shimmer,false,,Jordan Bell,
base,292,Prizms 1st Off the Line Light Blue Shimmer,false,,Jordan Bell,
base,292,Prizms 1st Off the Line Red Shimmer,false,,Jordan Bell,
base,292,Prizms Black,false,,Jordan Bell,
base,292,Prizms Black Gold,false,,Jordan Bell,
insert-sensational-swatches,2,Prime,false,10,Draymond Green,
auto-fastbreak-autographs,FB-KDR,Gold,true,10,Kevin Durant,
auto-fastbreak-autographs,FB-KDR,Black,true,1,Kevin Durant,
base,272,Prizms Blue,false,,Draymond Green,
base,272,Prizms Blue Ice,false,,Draymond Green,
base,272,Prizms Choice Blue Yellow and Green,false,,Draymond Green,
base,272,Prizms Choice Green,false,,Draymond Green,
base,272,Prizms Choice Nebula,false,,Draymond Green,
base,272,Prizms Choice Red,false,,Draymond Green,
base,272,Prizms Choice Tiger Stripe,false,,Draymond Green,
base,272,Prizms Fast Break,false,,Draymond Green,
base,272,Prizms Fast Break Blue,false,,Draymond Green,
base,272,Prizms Fast Break Bronze,false,,Draymond Green,
base,272,Prizms Fast Break Neon Green,false,,Draymond Green,
base,272,Prizms Fast Break Pink,false,,Draymond Green,
base,272,Prizms Fast Break Purple,false,,Draymond Green,
base,272,Prizms Fast Break Red,false,,Draymond Green,
base,272,Prizms Gold,false,,Draymond Green,
base,272,Prizms Green,false,,Draymond Green,
base,272,Prizms Green Pulsar,false,,Draymond Green,
base,272,Prizms Hyper,false,,Draymond Green,
base,272,Prizms Mojo,false,,Draymond Green,
base,272,Prizms Orange,false,,Draymond Green,
base,272,Prizms Pink Ice,false,,Draymond Green,
base,272,Prizms Pink Pulsar,false,,Draymond Green,
base,272,Prizms Purple,false,,Draymond Green,
base,272,Prizms Purple Ice,false,,Draymond Green,
base,272,Prizms Purple Pulsar,false,,Draymond Green,
base,272,Prizms Purple Wave,false,,Draymond Green,
base,272,Prizms Red,false,,Draymond Green,
base,272,Prizms Red Ice,false,,Draymond Green,
base,272,Prizms Red White and Blue,false,,Draymond Green,
base,272,Prizms Ruby Wave,false,,Draymond Green,
base,272,Prizms Silver,false,,Draymond Green,
base,272,Prizms White Sparkle,false,,Draymond Green,
base,272,Prizms 1st Off the Line Blue Shimmer,false,,Draymond Green,
base,272,Prizms 1st Off the Line Light Blue Shimmer,false,,Draymond Green,
base,272,Prizms 1st Off the Line Red Shimmer,false,,Draymond Green,
base,272,Prizms Black,false,,Draymond Green,
base,272,Prizms Black Gold,false,,Draymond Green,
insert-all-day,14,Fast Break,false,,Kevin Durant,
insert-all-day,14,Hyper,false,,Kevin Durant,
insert-all-day,14,Silver,false,,Kevin Durant,
insert-all-day,14,Mojo,false,25,Kevin Durant,
insert-all-day,14,Gold,false,10,Kevin Durant,
insert-all-day,14,Black,false,1,Kevin Durant,
insert-all-day,12,Fast Break,false,,Stephen Curry,
insert-all-day,12,Hyper,false,,Stephen Curry,
insert-all-day,12,Silver,false,,Stephen Curry,
insert-all-day,12,Mojo,false,25,Stephen Curry,
insert-all-day,12,Gold,false,10,Stephen Curry,
insert-all-day,12,Black,false,1,Stephen Curry,
insert-dominance,18,Green,false,,Stephen Curry,
insert-dominance,18,Silver,false,,Stephen Curry,
insert-go-hard-or-go-home,5,Silver,false,,Kevin Durant,
insert-go-hard-or-go-home,5,Fast Break,false,,Kevin Durant,
insert-go-hard-or-go-home,5,Hyper,false,,Kevin Durant,
insert-go-hard-or-go-home,5,Mojo,false,25,Kevin Durant,
insert-go-hard-or-go-home,5,Gold,false,10,Kevin Durant,
insert-go-hard-or-go-home,5,Black,false,1,Kevin Durant,
insert-go-hard-or-go-home,3,Silver,false,,Stephen Curry,
insert-go-hard-or-go-home,3,Fast Break,false,,Stephen Curry,
insert-go-hard-or-go-home,3,Hyper,false,,Stephen Curry,
insert-go-hard-or-go-home,3,Mojo,false,25,Stephen Curry,
insert-go-hard-or-go-home,3,Gold,false,10,Stephen Curry,
insert-go-hard-or-go-home,3,Black,false,1,Stephen Curry,
insert-get-hyped,6,Green,false,,Kevin Durant,
insert-get-hyped,6,Silver,false,,Kevin Durant,
base,44,Prizms Blue,false,,Michael Carter-Williams,
base,44,Prizms Blue Ice,false,,Michael Carter-Williams,
base,44,Prizms Choice Blue Yellow and Green,false,,Michael Carter-Williams,
base,44,Prizms Choice Green,false,,Michael Carter-Williams,
base,44,Prizms Choice Nebula,false,,Michael Carter-Williams,
base,44,Prizms Choice Red,false,,Michael Carter-Williams,
base,44,Prizms Choice Tiger Stripe,false,,Michael Carter-Williams,
base,44,Prizms Fast Break,false,,Michael Carter-Williams,
base,44,Prizms Fast Break Blue,false,,Michael Carter-Williams,
base,44,Prizms Fast Break Bronze,false,,Michael Carter-Williams,
base,44,Prizms Fast Break Neon Green,false,,Michael Carter-Williams,
base,44,Prizms Fast Break Pink,false,,Michael Carter-Williams,
base,44,Prizms Fast Break Purple,false,,Michael Carter-Williams,
base,44,Prizms Fast Break Red,false,,Michael Carter-Williams,
base,44,Prizms Gold,false,,Michael Carter-Williams,
base,44,Prizms Green,false,,Michael Carter-Williams,
base,44,Prizms Green Pulsar,false,,Michael Carter-Williams,
base,44,Prizms Hyper,false,,Michael Carter-Williams,
base,44,Prizms Mojo,false,,Michael Carter-Williams,
base,44,Prizms Orange,false,,Michael Carter-Williams,
base,44,Prizms Pink Ice,false,,Michael Carter-Williams,
base,44,Prizms Pink Pulsar,false,,Michael Carter-Williams,
base,44,Prizms Purple,false,,Michael Carter-Williams,
base,44,Prizms Purple Ice,false,,Michael Carter-Williams,
base,44,Prizms Purple Pulsar,false,,Michael Carter-Williams,
base,44,Prizms Purple Wave,false,,Michael Carter-Williams,
base,44,Prizms Red,false,,Michael Carter-Williams,
base,44,Prizms Red Ice,false,,Michael Carter-Williams,
base,44,Prizms Red White and Blue,false,,Michael Carter-Williams,
base,44,Prizms Ruby Wave,false,,Michael Carter-Williams,
base,44,Prizms Silver,false,,Michael Carter-Williams,
base,44,Prizms White Sparkle,false,,Michael Carter-Williams,
base,44,Prizms 1st Off the Line Blue Shimmer,false,,Michael Carter-Williams,
base,44,Prizms 1st Off the Line Light Blue Shimmer,false,,Michael Carter-Williams,
base,44,Prizms 1st Off the Line Red Shimmer,false,,Michael Carter-Williams,
base,44,Prizms Black,false,,Michael Carter-Williams,
base,44,Prizms Black Gold,false,,Michael Carter-Williams,
auto-rookie-signatures,RS-DML,Prizms Silver,true,,De'Anthony Melton,
auto-rookie-signatures,RS-DML,Prizms Choice,true,,De'Anthony Melton,
auto-rookie-signatures,RS-DML,Prizms Mojo,true,25,De'Anthony Melton,
auto-rookie-signatures,RS-DML,Prizms Gold,true,10,De'Anthony Melton,
auto-rookie-signatures,RS-DML,Prizms Choice Green,true,8,De'Anthony Melton,
auto-rookie-signatures,RS-DML,Prizms Black,true,1,De'Anthony Melton,
auto-rookie-signatures,RS-DML,Prizms White Sparkle,true,1,De'Anthony Melton,
base,84,Prizms Blue,false,,Gerald Green,
base,84,Prizms Blue Ice,false,,Gerald Green,
base,84,Prizms Choice Blue Yellow and Green,false,,Gerald Green,
base,84,Prizms Choice Green,false,,Gerald Green,
base,84,Prizms Choice Nebula,false,,Gerald Green,
base,84,Prizms Choice Red,false,,Gerald Green,
base,84,Prizms Choice Tiger Stripe,false,,Gerald Green,
base,84,Prizms Fast Break,false,,Gerald Green,
base,84,Prizms Fast Break Blue,false,,Gerald Green,
base,84,Prizms Fast Break Bronze,false,,Gerald Green,
base,84,Prizms Fast Break Neon Green,false,,Gerald Green,
base,84,Prizms Fast Break Pink,false,,Gerald Green,
base,84,Prizms Fast Break Purple,false,,Gerald Green,
base,84,Prizms Fast Break Red,false,,Gerald Green,
base,84,Prizms Gold,false,,Gerald Green,
base,84,Prizms Green,false,,Gerald Green,
base,84,Prizms Green Pulsar,false,,Gerald Green,
base,84,Prizms Hyper,false,,Gerald Green,
base,84,Prizms Mojo,false,,Gerald Green,
base,84,Prizms Orange,false,,Gerald Green,
base,84,Prizms Pink Ice,false,,Gerald Green,
base,84,Prizms Pink Pulsar,false,,Gerald Green,
base,84,Prizms Purple,false,,Gerald Green,
base,84,Prizms Purple Ice,false,,Gerald Green,
base,84,Prizms Purple Pulsar,false,,Gerald Green,
base,84,Prizms Purple Wave,false,,Gerald Green,
base,84,Prizms Red,false,,Gerald Green,
base,84,Prizms Red Ice,false,,Gerald Green,
base,84,Prizms Red White and Blue,false,,Gerald Green,
base,84,Prizms Ruby Wave,false,,Gerald Green,
base,84,Prizms Silver,false,,Gerald Green,
base,84,Prizms White Sparkle,false,,Gerald Green,
base,84,Prizms 1st Off the Line Blue Shimmer,false,,Gerald Green,
base,84,Prizms 1st Off the Line Light Blue Shimmer,false,,Gerald Green,
base,84,Prizms 1st Off the Line Red Shimmer,false,,Gerald Green,
base,84,Prizms Black,false,,Gerald Green,
base,84,Prizms Black Gold,false,,Gerald Green,
auto-signatures,S-KSM,Prizms Choice,true,,Kenny Smith,
auto-signatures,S-KSM,Prizms Silver,true,,Kenny Smith,
auto-signatures,S-KSM,Prizms Mojo,true,25,Kenny Smith,
auto-signatures,S-KSM,Prizms Gold,true,10,Kenny Smith,
auto-signatures,S-KSM,Prizms Choice Green,true,8,Kenny Smith,
auto-signatures,S-KSM,Prizms Black,true,1,Kenny Smith,
base,4,Prizms Blue,false,,De'Anthony Melton,
base,4,Prizms Blue Ice,false,,De'Anthony Melton,
base,4,Prizms Choice Blue Yellow and Green,false,,De'Anthony Melton,
base,4,Prizms Choice Green,false,,De'Anthony Melton,
base,4,Prizms Choice Nebula,false,,De'Anthony Melton,
base,4,Prizms Choice Red,false,,De'Anthony Melton,
base,4,Prizms Choice Tiger Stripe,false,,De'Anthony Melton,
base,4,Prizms Fast Break,false,,De'Anthony Melton,
base,4,Prizms Fast Break Blue,false,,De'Anthony Melton,
base,4,Prizms Fast Break Bronze,false,,De'Anthony Melton,
base,4,Prizms Fast Break Neon Green,false,,De'Anthony Melton,
base,4,Prizms Fast Break Pink,false,,De'Anthony Melton,
base,4,Prizms Fast Break Purple,false,,De'Anthony Melton,
base,4,Prizms Fast Break Red,false,,De'Anthony Melton,
base,4,Prizms Gold,false,,De'Anthony Melton,
base,4,Prizms Green,false,,De'Anthony Melton,
base,4,Prizms Green Pulsar,false,,De'Anthony Melton,
base,4,Prizms Hyper,false,,De'Anthony Melton,
base,4,Prizms Mojo,false,,De'Anthony Melton,
base,4,Prizms Orange,false,,De'Anthony Melton,
base,4,Prizms Pink Ice,false,,De'Anthony Melton,
base,4,Prizms Pink Pulsar,false,,De'Anthony Melton,
base,4,Prizms Purple,false,,De'Anthony Melton,
base,4,Prizms Purple Ice,false,,De'Anthony Melton,
base,4,Prizms Purple Pulsar,false,,De'Anthony Melton,
base,4,Prizms Purple Wave,false,,De'Anthony Melton,
base,4,Prizms Red,false,,De'Anthony Melton,
base,4,Prizms Red Ice,false,,De'Anthony Melton,
base,4,Prizms Red White and Blue,false,,De'Anthony Melton,
base,4,Prizms Ruby Wave,false,,De'Anthony Melton,
base,4,Prizms Silver,false,,De'Anthony Melton,
base,4,Prizms White Sparkle,false,,De'Anthony Melton,
base,4,Prizms 1st Off the Line Blue Shimmer,false,,De'Anthony Melton,
base,4,Prizms 1st Off the Line Light Blue Shimmer,false,,De'Anthony Melton,
base,4,Prizms 1st Off the Line Red Shimmer,false,,De'Anthony Melton,
base,4,Prizms Black,false,,De'Anthony Melton,
base,4,Prizms Black Gold,false,,De'Anthony Melton,
base,14,Prizms Blue,false,,Vincent Edwards,
base,14,Prizms Blue Ice,false,,Vincent Edwards,
base,14,Prizms Choice Blue Yellow and Green,false,,Vincent Edwards,
base,14,Prizms Choice Green,false,,Vincent Edwards,
base,14,Prizms Choice Nebula,false,,Vincent Edwards,
base,14,Prizms Choice Red,false,,Vincent Edwards,
base,14,Prizms Choice Tiger Stripe,false,,Vincent Edwards,
base,14,Prizms Fast Break,false,,Vincent Edwards,
base,14,Prizms Fast Break Blue,false,,Vincent Edwards,
base,14,Prizms Fast Break Bronze,false,,Vincent Edwards,
base,14,Prizms Fast Break Neon Green,false,,Vincent Edwards,
base,14,Prizms Fast Break Pink,false,,Vincent Edwards,
base,14,Prizms Fast Break Purple,false,,Vincent Edwards,
base,14,Prizms Fast Break Red,false,,Vincent Edwards,
base,14,Prizms Gold,false,,Vincent Edwards,
base,14,Prizms Green,false,,Vincent Edwards,
base,14,Prizms Green Pulsar,false,,Vincent Edwards,
base,14,Prizms Hyper,false,,Vincent Edwards,
base,14,Prizms Mojo,false,,Vincent Edwards,
base,14,Prizms Orange,false,,Vincent Edwards,
base,14,Prizms Pink Ice,false,,Vincent Edwards,
base,14,Prizms Pink Pulsar,false,,Vincent Edwards,
base,14,Prizms Purple,false,,Vincent Edwards,
base,14,Prizms Purple Ice,false,,Vincent Edwards,
base,14,Prizms Purple Pulsar,false,,Vincent Edwards,
base,14,Prizms Purple Wave,false,,Vincent Edwards,
base,14,Prizms Red,false,,Vincent Edwards,
base,14,Prizms Red Ice,false,,Vincent Edwards,
base,14,Prizms Red White and Blue,false,,Vincent Edwards,
base,14,Prizms Ruby Wave,false,,Vincent Edwards,
base,14,Prizms Silver,false,,Vincent Edwards,
base,14,Prizms White Sparkle,false,,Vincent Edwards,
base,14,Prizms 1st Off the Line Blue Shimmer,false,,Vincent Edwards,
base,14,Prizms 1st Off the Line Light Blue Shimmer,false,,Vincent Edwards,
base,14,Prizms 1st Off the Line Red Shimmer,false,,Vincent Edwards,
base,14,Prizms Black,false,,Vincent Edwards,
base,14,Prizms Black Gold,false,,Vincent Edwards,
insert-all-day,7,Fast Break,false,,Chris Paul,
insert-all-day,7,Hyper,false,,Chris Paul,
insert-all-day,7,Silver,false,,Chris Paul,
insert-all-day,7,Mojo,false,25,Chris Paul,
insert-all-day,7,Gold,false,10,Chris Paul,
insert-all-day,7,Black,false,1,Chris Paul,
insert-all-day,11,Fast Break,false,,James Harden,
insert-all-day,11,Hyper,false,,James Harden,
insert-all-day,11,Silver,false,,James Harden,
insert-all-day,11,Mojo,false,25,James Harden,
insert-all-day,11,Gold,false,10,James Harden,
insert-all-day,11,Black,false,1,James Harden,
base,24,Prizms Blue,false,,Chris Paul,
base,24,Prizms Blue Ice,false,,Chris Paul,
base,24,Prizms Choice Blue Yellow and Green,false,,Chris Paul,
base,24,Prizms Choice Green,false,,Chris Paul,
base,24,Prizms Choice Nebula,false,,Chris Paul,
base,24,Prizms Choice Red,false,,Chris Paul,
base,24,Prizms Choice Tiger Stripe,false,,Chris Paul,
base,24,Prizms Fast Break,false,,Chris Paul,
base,24,Prizms Fast Break Blue,false,,Chris Paul,
base,24,Prizms Fast Break Bronze,false,,Chris Paul,
base,24,Prizms Fast Break Neon Green,false,,Chris Paul,
base,24,Prizms Fast Break Pink,false,,Chris Paul,
base,24,Prizms Fast Break Purple,false,,Chris Paul,
base,24,Prizms Fast Break Red,false,,Chris Paul,
base,24,Prizms Gold,false,,Chris Paul,
base,24,Prizms Green,false,,Chris Paul,
base,24,Prizms Green Pulsar,false,,Chris Paul,
base,24,Prizms Hyper,false,,Chris Paul,
base,24,Prizms Mojo,false,,Chris Paul,
base,24,Prizms Orange,false,,Chris Paul,
base,24,Prizms Pink Ice,false,,Chris Paul,
base,24,Prizms Pink Pulsar,false,,Chris Paul,
base,24,Prizms Purple,false,,Chris Paul,
base,24,Prizms Purple Ice,false,,Chris Paul,
base,24,Prizms Purple Pulsar,false,,Chris Paul,
base,24,Prizms Purple Wave,false,,Chris Paul,
base,24,Prizms Red,false,,Chris Paul,
base,24,Prizms Red Ice,false,,Chris Paul,
base,24,Prizms Red White and Blue,false,,Chris Paul,
base,24,Prizms Ruby Wave,false,,Chris Paul,
base,24,Prizms Silver,false,,Chris Paul,
base,24,Prizms White Sparkle,false,,Chris Paul,
base,24,Prizms 1st Off the Line Blue Shimmer,false,,Chris Paul,
base,24,Prizms 1st Off the Line Light Blue Shimmer,false,,Chris Paul,
base,24,Prizms 1st Off the Line Red Shimmer,false,,Chris Paul,
base,24,Prizms Black,false,,Chris Paul,
base,24,Prizms Black Gold,false,,Chris Paul,
insert-sensational-swatches,67,Prime,false,10,De'Anthony Melton,
auto-signatures,S-NNE,Prizms Choice,true,,Nene,
auto-signatures,S-NNE,Prizms Silver,true,,Nene,
auto-signatures,S-NNE,Prizms Mojo,true,25,Nene,
auto-signatures,S-NNE,Prizms Gold,true,10,Nene,
auto-signatures,S-NNE,Prizms Choice Green,true,8,Nene,
auto-signatures,S-NNE,Prizms Black,true,1,Nene,
insert-dominance,22,Green,false,,Hakeem Olajuwon,
insert-dominance,22,Silver,false,,Hakeem Olajuwon,
base,34,Prizms Blue,false,,James Harden,
base,34,Prizms Blue Ice,false,,James Harden,
base,34,Prizms Choice Blue Yellow and Green,false,,James Harden,
base,34,Prizms Choice Green,false,,James Harden,
base,34,Prizms Choice Nebula,false,,James Harden,
base,34,Prizms Choice Red,false,,James Harden,
base,34,Prizms Choice Tiger Stripe,false,,James Harden,
base,34,Prizms Fast Break,false,,James Harden,
base,34,Prizms Fast Break Blue,false,,James Harden,
base,34,Prizms Fast Break Bronze,false,,James Harden,
base,34,Prizms Fast Break Neon Green,false,,James Harden,
base,34,Prizms Fast Break Pink,false,,James Harden,
base,34,Prizms Fast Break Purple,false,,James Harden,
base,34,Prizms Fast Break Red,false,,James Harden,
base,34,Prizms Gold,false,,James Harden,
base,34,Prizms Green,false,,James Harden,
base,34,Prizms Green Pulsar,false,,James Harden,
base,34,Prizms Hyper,false,,James Harden,
base,34,Prizms Mojo,false,,James Harden,
base,34,Prizms Orange,false,,James Harden,
base,34,Prizms Pink Ice,false,,James Harden,
base,34,Prizms Pink Pulsar,false,,James Harden,
base,34,Prizms Purple,false,,James Harden,
base,34,Prizms Purple Ice,false,,James Harden,
base,34,Prizms Purple Pulsar,false,,James Harden,
base,34,Prizms Purple Wave,false,,James Harden,
base,34,Prizms Red,false,,James Harden,
base,34,Prizms Red Ice,false,,James Harden,
base,34,Prizms Red White and Blue,false,,James Harden,
base,34,Prizms Ruby Wave,false,,James Harden,
base,34,Prizms Silver,false,,James Harden,
base,34,Prizms White Sparkle,false,,James Harden,
base,34,Prizms 1st Off the Line Blue Shimmer,false,,James Harden,
base,34,Prizms 1st Off the Line Light Blue Shimmer,false,,James Harden,
base,34,Prizms 1st Off the Line Red Shimmer,false,,James Harden,
base,34,Prizms Black,false,,James Harden,
base,34,Prizms Black Gold,false,,James Harden,
insert-sensational-swatches,30,Prime,false,10,Ryan Anderson,
base,135,Prizms Blue,false,,Yao Ming,
base,135,Prizms Blue Ice,false,,Yao Ming,
base,135,Prizms Choice Blue Yellow and Green,false,,Yao Ming,
base,135,Prizms Choice Green,false,,Yao Ming,
base,135,Prizms Choice Nebula,false,,Yao Ming,
base,135,Prizms Choice Red,false,,Yao Ming,
base,135,Prizms Choice Tiger Stripe,false,,Yao Ming,
base,135,Prizms Fast Break,false,,Yao Ming,
base,135,Prizms Fast Break Blue,false,,Yao Ming,
base,135,Prizms Fast Break Bronze,false,,Yao Ming,
base,135,Prizms Fast Break Neon Green,false,,Yao Ming,
base,135,Prizms Fast Break Pink,false,,Yao Ming,
base,135,Prizms Fast Break Purple,false,,Yao Ming,
base,135,Prizms Fast Break Red,false,,Yao Ming,
base,135,Prizms Gold,false,,Yao Ming,
base,135,Prizms Green,false,,Yao Ming,
base,135,Prizms Green Pulsar,false,,Yao Ming,
base,135,Prizms Hyper,false,,Yao Ming,
base,135,Prizms Mojo,false,,Yao Ming,
base,135,Prizms Orange,false,,Yao Ming,
base,135,Prizms Pink Ice,false,,Yao Ming,
base,135,Prizms Pink Pulsar,false,,Yao Ming,
base,135,Prizms Purple,false,,Yao Ming,
base,135,Prizms Purple Ice,false,,Yao Ming,
base,135,Prizms Purple Pulsar,false,,Yao Ming,
base,135,Prizms Purple Wave,false,,Yao Ming,
base,135,Prizms Red,false,,Yao Ming,
base,135,Prizms Red Ice,false,,Yao Ming,
base,135,Prizms Red White and Blue,false,,Yao Ming,
base,135,Prizms Ruby Wave,false,,Yao Ming,
base,135,Prizms Silver,false,,Yao Ming,
base,135,Prizms White Sparkle,false,,Yao Ming,
base,135,Prizms 1st Off the Line Blue Shimmer,false,,Yao Ming,
base,135,Prizms 1st Off the Line Light Blue Shimmer,false,,Yao Ming,
base,135,Prizms 1st Off the Line Red Shimmer,false,,Yao Ming,
base,135,Prizms Black,false,,Yao Ming,
base,135,Prizms Black Gold,false,,Yao Ming,
insert-sensational-swatches,27,Prime,false,10,Chris Paul,
insert-sensational-swatches,14,Prime,false,10,Hakeem Olajuwon,
auto-fastbreak-autographs,FB-KSM,Gold,true,10,Kenny Smith,
auto-fastbreak-autographs,FB-KSM,Black,true,1,Kenny Smith,
auto-fastbreak-autographs,FB-NNE,Gold,true,10,Nene,
auto-fastbreak-autographs,FB-NNE,Black,true,1,Nene,
auto-fastbreak-autographs-rookies,FR-DML,Gold,true,10,De'Anthony Melton,
auto-fastbreak-autographs-rookies,FR-DML,Black,true,1,De'Anthony Melton,
auto-sensational-signatures,SS-RBY,Prizms Choice,true,,Rick Barry,
auto-sensational-signatures,SS-RBY,Prizms Mojo,true,25,Rick Barry,
auto-sensational-signatures,SS-RBY,Prizms Gold,true,10,Rick Barry,
auto-sensational-signatures,SS-RBY,Prizms Choice Green,true,8,Rick Barry,
auto-sensational-signatures,SS-RBY,Prizms Black,true,1,Rick Barry,
auto-sensational-signatures,SS-KSM,Prizms Choice,true,,Kenny Smith,
auto-sensational-signatures,SS-KSM,Prizms Mojo,true,25,Kenny Smith,
auto-sensational-signatures,SS-KSM,Prizms Gold,true,10,Kenny Smith,
auto-sensational-signatures,SS-KSM,Prizms Choice Green,true,8,Kenny Smith,
auto-sensational-signatures,SS-KSM,Prizms Black,true,1,Kenny Smith,
base,54,Prizms Blue,false,,Eric Gordon,
base,54,Prizms Blue Ice,false,,Eric Gordon,
base,54,Prizms Choice Blue Yellow and Green,false,,Eric Gordon,
base,54,Prizms Choice Green,false,,Eric Gordon,
base,54,Prizms Choice Nebula,false,,Eric Gordon,
base,54,Prizms Choice Red,false,,Eric Gordon,
base,54,Prizms Choice Tiger Stripe,false,,Eric Gordon,
base,54,Prizms Fast Break,false,,Eric Gordon,
base,54,Prizms Fast Break Blue,false,,Eric Gordon,
base,54,Prizms Fast Break Bronze,false,,Eric Gordon,
base,54,Prizms Fast Break Neon Green,false,,Eric Gordon,
base,54,Prizms Fast Break Pink,false,,Eric Gordon,
base,54,Prizms Fast Break Purple,false,,Eric Gordon,
base,54,Prizms Fast Break Red,false,,Eric Gordon,
base,54,Prizms Gold,false,,Eric Gordon,
base,54,Prizms Green,false,,Eric Gordon,
base,54,Prizms Green Pulsar,false,,Eric Gordon,
base,54,Prizms Hyper,false,,Eric Gordon,
base,54,Prizms Mojo,false,,Eric Gordon,
base,54,Prizms Orange,false,,Eric Gordon,
base,54,Prizms Pink Ice,false,,Eric Gordon,
base,54,Prizms Pink Pulsar,false,,Eric Gordon,
base,54,Prizms Purple,false,,Eric Gordon,
base,54,Prizms Purple Ice,false,,Eric Gordon,
base,54,Prizms Purple Pulsar,false,,Eric Gordon,
base,54,Prizms Purple Wave,false,,Eric Gordon,
base,54,Prizms Red,false,,Eric Gordon,
base,54,Prizms Red Ice,false,,Eric Gordon,
base,54,Prizms Red White and Blue,false,,Eric Gordon,
base,54,Prizms Ruby Wave,false,,Eric Gordon,
base,54,Prizms Silver,false,,Eric Gordon,
base,54,Prizms White Sparkle,false,,Eric Gordon,
base,54,Prizms 1st Off the Line Blue Shimmer,false,,Eric Gordon,
base,54,Prizms 1st Off the Line Light Blue Shimmer,false,,Eric Gordon,
base,54,Prizms 1st Off the Line Red Shimmer,false,,Eric Gordon,
base,54,Prizms Black,false,,Eric Gordon,
base,54,Prizms Black Gold,false,,Eric Gordon,
insert-fireworks,5,Silver,false,,James Harden,
insert-fireworks,5,Fast Break,false,,James Harden,
insert-fireworks,5,Hyper,false,,James Harden,
insert-fireworks,5,Mojo,false,25,James Harden,
insert-fireworks,5,Fast Gold,false,10,James Harden,
insert-fireworks,5,Black,false,1,James Harden,
insert-fireworks,15,Silver,false,,Chris Paul,
insert-fireworks,15,Fast Break,false,,Chris Paul,
insert-fireworks,15,Hyper,false,,Chris Paul,
insert-fireworks,15,Mojo,false,25,Chris Paul,
insert-fireworks,15,Fast Gold,false,10,Chris Paul,
insert-fireworks,15,Black,false,1,Chris Paul,
base,59,Prizms Blue,false,,Carmelo Anthony,
base,59,Prizms Blue Ice,false,,Carmelo Anthony,
base,59,Prizms Choice Blue Yellow and Green,false,,Carmelo Anthony,
base,59,Prizms Choice Green,false,,Carmelo Anthony,
base,59,Prizms Choice Nebula,false,,Carmelo Anthony,
base,59,Prizms Choice Red,false,,Carmelo Anthony,
base,59,Prizms Choice Tiger Stripe,false,,Carmelo Anthony,
base,59,Prizms Fast Break,false,,Carmelo Anthony,
base,59,Prizms Fast Break Blue,false,,Carmelo Anthony,
base,59,Prizms Fast Break Bronze,false,,Carmelo Anthony,
base,59,Prizms Fast Break Neon Green,false,,Carmelo Anthony,
base,59,Prizms Fast Break Pink,false,,Carmelo Anthony,
base,59,Prizms Fast Break Purple,false,,Carmelo Anthony,
base,59,Prizms Fast Break Red,false,,Carmelo Anthony,
base,59,Prizms Gold,false,,Carmelo Anthony,
base,59,Prizms Green,false,,Carmelo Anthony,
base,59,Prizms Green Pulsar,false,,Carmelo Anthony,
base,59,Prizms Hyper,false,,Carmelo Anthony,
base,59,Prizms Mojo,false,,Carmelo Anthony,
base,59,Prizms Orange,false,,Carmelo Anthony,
base,59,Prizms Pink Ice,false,,Carmelo Anthony,
base,59,Prizms Pink Pulsar,false,,Carmelo Anthony,
base,59,Prizms Purple,false,,Carmelo Anthony,
base,59,Prizms Purple Ice,false,,Carmelo Anthony,
base,59,Prizms Purple Pulsar,false,,Carmelo Anthony,
base,59,Prizms Purple Wave,false,,Carmelo Anthony,
base,59,Prizms Red,false,,Carmelo Anthony,
base,59,Prizms Red Ice,false,,Carmelo Anthony,
base,59,Prizms Red White and Blue,false,,Carmelo Anthony,
base,59,Prizms Ruby Wave,false,,Carmelo Anthony,
base,59,Prizms Silver,false,,Carmelo Anthony,
base,59,Prizms White Sparkle,false,,Carmelo Anthony,
base,59,Prizms 1st Off the Line Blue Shimmer,false,,Carmelo Anthony,
base,59,Prizms 1st Off the Line Light Blue Shimmer,false,,Carmelo Anthony,
base,59,Prizms 1st Off the Line Red Shimmer,false,,Carmelo Anthony,
base,59,Prizms Black,false,,Carmelo Anthony,
base,59,Prizms Black Gold,false,,Carmelo Anthony,
auto-signatures,S-TMG,Prizms Choice,true,,Tracy McGrady,
auto-signatures,S-TMG,Prizms Silver,true,,Tracy McGrady,
auto-signatures,S-TMG,Prizms Mojo,true,25,Tracy McGrady,
auto-signatures,S-TMG,Prizms Gold,true,10,Tracy McGrady,
auto-signatures,S-TMG,Prizms Choice Green,true,8,Tracy McGrady,
auto-signatures,S-TMG,Prizms Black,true,1,Tracy McGrady,
auto-sensational-signatures,SS-DML,Prizms Choice,true,,De'Anthony Melton,
auto-sensational-signatures,SS-DML,Prizms Mojo,true,25,De'Anthony Melton,
auto-sensational-signatures,SS-DML,Prizms Gold,true,10,De'Anthony Melton,
auto-sensational-signatures,SS-DML,Prizms Choice Green,true,8,De'Anthony Melton,
auto-sensational-signatures,SS-DML,Prizms Black,true,1,De'Anthony Melton,
base,64,Prizms Blue,false,,Ryan Anderson,
base,64,Prizms Blue Ice,false,,Ryan Anderson,
base,64,Prizms Choice Blue Yellow and Green,false,,Ryan Anderson,
base,64,Prizms Choice Green,false,,Ryan Anderson,
base,64,Prizms Choice Nebula,false,,Ryan Anderson,
base,64,Prizms Choice Red,false,,Ryan Anderson,
base,64,Prizms Choice Tiger Stripe,false,,Ryan Anderson,
base,64,Prizms Fast Break,false,,Ryan Anderson,
base,64,Prizms Fast Break Blue,false,,Ryan Anderson,
base,64,Prizms Fast Break Bronze,false,,Ryan Anderson,
base,64,Prizms Fast Break Neon Green,false,,Ryan Anderson,
base,64,Prizms Fast Break Pink,false,,Ryan Anderson,
base,64,Prizms Fast Break Purple,false,,Ryan Anderson,
base,64,Prizms Fast Break Red,false,,Ryan Anderson,
base,64,Prizms Gold,false,,Ryan Anderson,
base,64,Prizms Green,false,,Ryan Anderson,
base,64,Prizms Green Pulsar,false,,Ryan Anderson,
base,64,Prizms Hyper,false,,Ryan Anderson,
base,64,Prizms Mojo,false,,Ryan Anderson,
base,64,Prizms Orange,false,,Ryan Anderson,
base,64,Prizms Pink Ice,false,,Ryan Anderson,
base,64,Prizms Pink Pulsar,false,,Ryan Anderson,
base,64,Prizms Purple,false,,Ryan Anderson,
base,64,Prizms Purple Ice,false,,Ryan Anderson,
base,64,Prizms Purple Pulsar,false,,Ryan Anderson,
base,64,Prizms Purple Wave,false,,Ryan Anderson,
base,64,Prizms Red,false,,Ryan Anderson,
base,64,Prizms Red Ice,false,,Ryan Anderson,
base,64,Prizms Red White and Blue,false,,Ryan Anderson,
base,64,Prizms Ruby Wave,false,,Ryan Anderson,
base,64,Prizms Silver,false,,Ryan Anderson,
base,64,Prizms White Sparkle,false,,Ryan Anderson,
base,64,Prizms 1st Off the Line Blue Shimmer,false,,Ryan Anderson,
base,64,Prizms 1st Off the Line Light Blue Shimmer,false,,Ryan Anderson,
base,64,Prizms 1st Off the Line Red Shimmer,false,,Ryan Anderson,
base,64,Prizms Black,false,,Ryan Anderson,
base,64,Prizms Black Gold,false,,Ryan Anderson,
insert-get-hyped,7,Green,false,,James Harden,
insert-get-hyped,7,Silver,false,,James Harden,
insert-go-hard-or-go-home,10,Silver,false,,Chris Paul,
insert-go-hard-or-go-home,10,Fast Break,false,,Chris Paul,
insert-go-hard-or-go-home,10,Hyper,false,,Chris Paul,
insert-go-hard-or-go-home,10,Mojo,false,25,Chris Paul,
insert-go-hard-or-go-home,10,Gold,false,10,Chris Paul,
insert-go-hard-or-go-home,10,Black,false,1,Chris Paul,
insert-go-hard-or-go-home,12,Silver,false,,James Harden,
insert-go-hard-or-go-home,12,Fast Break,false,,James Harden,
insert-go-hard-or-go-home,12,Hyper,false,,James Harden,
insert-go-hard-or-go-home,12,Mojo,false,25,James Harden,
insert-go-hard-or-go-home,12,Gold,false,10,James Harden,
insert-go-hard-or-go-home,12,Black,false,1,James Harden,
base,74,Prizms Blue,false,,Clint Capela,
base,74,Prizms Blue Ice,false,,Clint Capela,
base,74,Prizms Choice Blue Yellow and Green,false,,Clint Capela,
base,74,Prizms Choice Green,false,,Clint Capela,
base,74,Prizms Choice Nebula,false,,Clint Capela,
base,74,Prizms Choice Red,false,,Clint Capela,
base,74,Prizms Choice Tiger Stripe,false,,Clint Capela,
base,74,Prizms Fast Break,false,,Clint Capela,
base,74,Prizms Fast Break Blue,false,,Clint Capela,
base,74,Prizms Fast Break Bronze,false,,Clint Capela,
base,74,Prizms Fast Break Neon Green,false,,Clint Capela,
base,74,Prizms Fast Break Pink,false,,Clint Capela,
base,74,Prizms Fast Break Purple,false,,Clint Capela,
base,74,Prizms Fast Break Red,false,,Clint Capela,
base,74,Prizms Gold,false,,Clint Capela,
base,74,Prizms Green,false,,Clint Capela,
base,74,Prizms Green Pulsar,false,,Clint Capela,
base,74,Prizms Hyper,false,,Clint Capela,
base,74,Prizms Mojo,false,,Clint Capela,
base,74,Prizms Orange,false,,Clint Capela,
base,74,Prizms Pink Ice,false,,Clint Capela,
base,74,Prizms Pink Pulsar,false,,Clint Capela,
base,74,Prizms Purple,false,,Clint Capela,
base,74,Prizms Purple Ice,false,,Clint Capela,
base,74,Prizms Purple Pulsar,false,,Clint Capela,
base,74,Prizms Purple Wave,false,,Clint Capela,
base,74,Prizms Red,false,,Clint Capela,
base,74,Prizms Red Ice,false,,Clint Capela,
base,74,Prizms Red White and Blue,false,,Clint Capela,
base,74,Prizms Ruby Wave,false,,Clint Capela,
base,74,Prizms Silver,false,,Clint Capela,
base,74,Prizms White Sparkle,false,,Clint Capela,
base,74,Prizms 1st Off the Line Blue Shimmer,false,,Clint Capela,
base,74,Prizms 1st Off the Line Light Blue Shimmer,false,,Clint Capela,
base,74,Prizms 1st Off the Line Red Shimmer,false,,Clint Capela,
base,74,Prizms Black,false,,Clint Capela,
base,74,Prizms Black Gold,false,,Clint Capela,
insert-fireworks,25,Silver,false,,Victor Oladipo,
insert-fireworks,25,Fast Break,false,,Victor Oladipo,
insert-fireworks,25,Hyper,false,,Victor Oladipo,
insert-fireworks,25,Mojo,false,25,Victor Oladipo,
insert-fireworks,25,Fast Gold,false,10,Victor Oladipo,
insert-fireworks,25,Black,false,1,Victor Oladipo,
auto-sensational-signatures,SS-RML,Prizms Choice,true,,Reggie Miller,
auto-sensational-signatures,SS-RML,Prizms Mojo,true,25,Reggie Miller,
auto-sensational-signatures,SS-RML,Prizms Gold,true,10,Reggie Miller,
auto-sensational-signatures,SS-RML,Prizms Choice Green,true,8,Reggie Miller,
auto-sensational-signatures,SS-RML,Prizms Black,true,1,Reggie Miller,
auto-sensational-signatures,SS-RSM,Prizms Choice,true,,Rik Smits,
auto-sensational-signatures,SS-RSM,Prizms Mojo,true,25,Rik Smits,
auto-sensational-signatures,SS-RSM,Prizms Gold,true,10,Rik Smits,
auto-sensational-signatures,SS-RSM,Prizms Choice Green,true,8,Rik Smits,
auto-sensational-signatures,SS-RSM,Prizms Black,true,1,Rik Smits,
auto-fastbreak-autographs,FB-RSM,Gold,true,10,Rik Smits,
auto-fastbreak-autographs,FB-RSM,Black,true,1,Rik Smits,
base,124,Prizms Blue,false,,TJ Leaf,
base,124,Prizms Blue Ice,false,,TJ Leaf,
base,124,Prizms Choice Blue Yellow and Green,false,,TJ Leaf,
base,124,Prizms Choice Green,false,,TJ Leaf,
base,124,Prizms Choice Nebula,false,,TJ Leaf,
base,124,Prizms Choice Red,false,,TJ Leaf,
base,124,Prizms Choice Tiger Stripe,false,,TJ Leaf,
base,124,Prizms Fast Break,false,,TJ Leaf,
base,124,Prizms Fast Break Blue,false,,TJ Leaf,
base,124,Prizms Fast Break Bronze,false,,TJ Leaf,
base,124,Prizms Fast Break Neon Green,false,,TJ Leaf,
base,124,Prizms Fast Break Pink,false,,TJ Leaf,
base,124,Prizms Fast Break Purple,false,,TJ Leaf,
base,124,Prizms Fast Break Red,false,,TJ Leaf,
base,124,Prizms Gold,false,,TJ Leaf,
base,124,Prizms Green,false,,TJ Leaf,
base,124,Prizms Green Pulsar,false,,TJ Leaf,
base,124,Prizms Hyper,false,,TJ Leaf,
base,124,Prizms Mojo,false,,TJ Leaf,
base,124,Prizms Orange,false,,TJ Leaf,
base,124,Prizms Pink Ice,false,,TJ Leaf,
base,124,Prizms Pink Pulsar,false,,TJ Leaf,
base,124,Prizms Purple,false,,TJ Leaf,
base,124,Prizms Purple Ice,false,,TJ Leaf,
base,124,Prizms Purple Pulsar,false,,TJ Leaf,
base,124,Prizms Purple Wave,false,,TJ Leaf,
base,124,Prizms Red,false,,TJ Leaf,
base,124,Prizms Red Ice,false,,TJ Leaf,
base,124,Prizms Red White and Blue,false,,TJ Leaf,
base,124,Prizms Ruby Wave,false,,TJ Leaf,
base,124,Prizms Silver,false,,TJ Leaf,
base,124,Prizms White Sparkle,false,,TJ Leaf,
base,124,Prizms 1st Off the Line Blue Shimmer,false,,TJ Leaf,
base,124,Prizms 1st Off the Line Light Blue Shimmer,false,,TJ Leaf,
base,124,Prizms 1st Off the Line Red Shimmer,false,,TJ Leaf,
base,124,Prizms Black,false,,TJ Leaf,
base,124,Prizms Black Gold,false,,TJ Leaf,
auto-rookie-signatures,RS-AHD,Prizms Silver,true,,Aaron Holiday,
auto-rookie-signatures,RS-AHD,Prizms Choice,true,,Aaron Holiday,
auto-rookie-signatures,RS-AHD,Prizms Mojo,true,25,Aaron Holiday,
auto-rookie-signatures,RS-AHD,Prizms Gold,true,10,Aaron Holiday,
auto-rookie-signatures,RS-AHD,Prizms Choice Green,true,8,Aaron Holiday,
auto-rookie-signatures,RS-AHD,Prizms Black,true,1,Aaron Holiday,
auto-rookie-signatures,RS-AHD,Prizms White Sparkle,true,1,Aaron Holiday,
auto-fastbreak-autographs,FB-RML,Gold,true,10,Reggie Miller,
auto-fastbreak-autographs,FB-RML,Black,true,1,Reggie Miller,
auto-fastbreak-autographs,FB-MTN,Gold,true,10,Myles Turner,
auto-fastbreak-autographs,FB-MTN,Black,true,1,Myles Turner,
auto-sensational-signatures,SS-AHD,Prizms Choice,true,,Aaron Holiday,
auto-sensational-signatures,SS-AHD,Prizms Mojo,true,25,Aaron Holiday,
auto-sensational-signatures,SS-AHD,Prizms Gold,true,10,Aaron Holiday,
auto-sensational-signatures,SS-AHD,Prizms Choice Green,true,8,Aaron Holiday,
auto-sensational-signatures,SS-AHD,Prizms Black,true,1,Aaron Holiday,
insert-dominance,1,Green,false,,Reggie Miller,
insert-dominance,1,Silver,false,,Reggie Miller,
base,55,Prizms Blue,false,,Reggie Miller,
base,55,Prizms Blue Ice,false,,Reggie Miller,
base,55,Prizms Choice Blue Yellow and Green,false,,Reggie Miller,
base,55,Prizms Choice Green,false,,Reggie Miller,
base,55,Prizms Choice Nebula,false,,Reggie Miller,
base,55,Prizms Choice Red,false,,Reggie Miller,
base,55,Prizms Choice Tiger Stripe,false,,Reggie Miller,
base,55,Prizms Fast Break,false,,Reggie Miller,
base,55,Prizms Fast Break Blue,false,,Reggie Miller,
base,55,Prizms Fast Break Bronze,false,,Reggie Miller,
base,55,Prizms Fast Break Neon Green,false,,Reggie Miller,
base,55,Prizms Fast Break Pink,false,,Reggie Miller,
base,55,Prizms Fast Break Purple,false,,Reggie Miller,
base,55,Prizms Fast Break Red,false,,Reggie Miller,
base,55,Prizms Gold,false,,Reggie Miller,
base,55,Prizms Green,false,,Reggie Miller,
base,55,Prizms Green Pulsar,false,,Reggie Miller,
base,55,Prizms Hyper,false,,Reggie Miller,
base,55,Prizms Mojo,false,,Reggie Miller,
base,55,Prizms Orange,false,,Reggie Miller,
base,55,Prizms Pink Ice,false,,Reggie Miller,
base,55,Prizms Pink Pulsar,false,,Reggie Miller,
base,55,Prizms Purple,false,,Reggie Miller,
base,55,Prizms Purple Ice,false,,Reggie Miller,
base,55,Prizms Purple Pulsar,false,,Reggie Miller,
base,55,Prizms Purple Wave,false,,Reggie Miller,
base,55,Prizms Red,false,,Reggie Miller,
base,55,Prizms Red Ice,false,,Reggie Miller,
base,55,Prizms Red White and Blue,false,,Reggie Miller,
base,55,Prizms Ruby Wave,false,,Reggie Miller,
base,55,Prizms Silver,false,,Reggie Miller,
base,55,Prizms White Sparkle,false,,Reggie Miller,
base,55,Prizms 1st Off the Line Blue Shimmer,false,,Reggie Miller,
base,55,Prizms 1st Off the Line Light Blue Shimmer,false,,Reggie Miller,
base,55,Prizms 1st Off the Line Red Shimmer,false,,Reggie Miller,
base,55,Prizms Black,false,,Reggie Miller,
base,55,Prizms Black Gold,false,,Reggie Miller,
auto-fastbreak-autographs,FB-DMS,Gold,true,10,Domantas Sabonis,
auto-fastbreak-autographs,FB-DMS,Black,true,1,Domantas Sabonis,
insert-hall-monitors,10,Green,false,,Reggie Miller,
insert-hall-monitors,10,Silver,false,,Reggie Miller,
auto-signatures,S-MJK,Prizms Choice,true,,Mark Jackson,
auto-signatures,S-MJK,Prizms Silver,true,,Mark Jackson,
auto-signatures,S-MJK,Prizms Mojo,true,25,Mark Jackson,
auto-signatures,S-MJK,Prizms Gold,true,10,Mark Jackson,
auto-signatures,S-MJK,Prizms Choice Green,true,8,Mark Jackson,
auto-signatures,S-MJK,Prizms Black,true,1,Mark Jackson,
insert-all-day,4,Fast Break,false,,Victor Oladipo,
insert-all-day,4,Hyper,false,,Victor Oladipo,
insert-all-day,4,Silver,false,,Victor Oladipo,
insert-all-day,4,Mojo,false,25,Victor Oladipo,
insert-all-day,4,Gold,false,10,Victor Oladipo,
insert-all-day,4,Black,false,1,Victor Oladipo,
base,134,Prizms Blue,false,,Victor Oladipo,
base,134,Prizms Blue Ice,false,,Victor Oladipo,
base,134,Prizms Choice Blue Yellow and Green,false,,Victor Oladipo,
base,134,Prizms Choice Green,false,,Victor Oladipo,
base,134,Prizms Choice Nebula,false,,Victor Oladipo,
base,134,Prizms Choice Red,false,,Victor Oladipo,
base,134,Prizms Choice Tiger Stripe,false,,Victor Oladipo,
base,134,Prizms Fast Break,false,,Victor Oladipo,
base,134,Prizms Fast Break Blue,false,,Victor Oladipo,
base,134,Prizms Fast Break Bronze,false,,Victor Oladipo,
base,134,Prizms Fast Break Neon Green,false,,Victor Oladipo,
base,134,Prizms Fast Break Pink,false,,Victor Oladipo,
base,134,Prizms Fast Break Purple,false,,Victor Oladipo,
base,134,Prizms Fast Break Red,false,,Victor Oladipo,
base,134,Prizms Gold,false,,Victor Oladipo,
base,134,Prizms Green,false,,Victor Oladipo,
base,134,Prizms Green Pulsar,false,,Victor Oladipo,
base,134,Prizms Hyper,false,,Victor Oladipo,
base,134,Prizms Mojo,false,,Victor Oladipo,
base,134,Prizms Orange,false,,Victor Oladipo,
base,134,Prizms Pink Ice,false,,Victor Oladipo,
base,134,Prizms Pink Pulsar,false,,Victor Oladipo,
base,134,Prizms Purple,false,,Victor Oladipo,
base,134,Prizms Purple Ice,false,,Victor Oladipo,
base,134,Prizms Purple Pulsar,false,,Victor Oladipo,
base,134,Prizms Purple Wave,false,,Victor Oladipo,
base,134,Prizms Red,false,,Victor Oladipo,
base,134,Prizms Red Ice,false,,Victor Oladipo,
base,134,Prizms Red White and Blue,false,,Victor Oladipo,
base,134,Prizms Ruby Wave,false,,Victor Oladipo,
base,134,Prizms Silver,false,,Victor Oladipo,
base,134,Prizms White Sparkle,false,,Victor Oladipo,
base,134,Prizms 1st Off the Line Blue Shimmer,false,,Victor Oladipo,
base,134,Prizms 1st Off the Line Light Blue Shimmer,false,,Victor Oladipo,
base,134,Prizms 1st Off the Line Red Shimmer,false,,Victor Oladipo,
base,134,Prizms Black,false,,Victor Oladipo,
base,134,Prizms Black Gold,false,,Victor Oladipo,
insert-emergent,23,Silver,false,,Aaron Holiday,
insert-emergent,23,Green,false,,Aaron Holiday,
base,164,Prizms Blue,false,,Myles Turner,
base,164,Prizms Blue Ice,false,,Myles Turner,
base,164,Prizms Choice Blue Yellow and Green,false,,Myles Turner,
base,164,Prizms Choice Green,false,,Myles Turner,
base,164,Prizms Choice Nebula,false,,Myles Turner,
base,164,Prizms Choice Red,false,,Myles Turner,
base,164,Prizms Choice Tiger Stripe,false,,Myles Turner,
base,164,Prizms Fast Break,false,,Myles Turner,
base,164,Prizms Fast Break Blue,false,,Myles Turner,
base,164,Prizms Fast Break Bronze,false,,Myles Turner,
base,164,Prizms Fast Break Neon Green,false,,Myles Turner,
base,164,Prizms Fast Break Pink,false,,Myles Turner,
base,164,Prizms Fast Break Purple,false,,Myles Turner,
base,164,Prizms Fast Break Red,false,,Myles Turner,
base,164,Prizms Gold,false,,Myles Turner,
base,164,Prizms Green,false,,Myles Turner,
base,164,Prizms Green Pulsar,false,,Myles Turner,
base,164,Prizms Hyper,false,,Myles Turner,
base,164,Prizms Mojo,false,,Myles Turner,
base,164,Prizms Orange,false,,Myles Turner,
base,164,Prizms Pink Ice,false,,Myles Turner,
base,164,Prizms Pink Pulsar,false,,Myles Turner,
base,164,Prizms Purple,false,,Myles Turner,
base,164,Prizms Purple Ice,false,,Myles Turner,
base,164,Prizms Purple Pulsar,false,,Myles Turner,
base,164,Prizms Purple Wave,false,,Myles Turner,
base,164,Prizms Red,false,,Myles Turner,
base,164,Prizms Red Ice,false,,Myles Turner,
base,164,Prizms Red White and Blue,false,,Myles Turner,
base,164,Prizms Ruby Wave,false,,Myles Turner,
base,164,Prizms Silver,false,,Myles Turner,
base,164,Prizms White Sparkle,false,,Myles Turner,
base,164,Prizms 1st Off the Line Blue Shimmer,false,,Myles Turner,
base,164,Prizms 1st Off the Line Light Blue Shimmer,false,,Myles Turner,
base,164,Prizms 1st Off the Line Red Shimmer,false,,Myles Turner,
base,164,Prizms Black,false,,Myles Turner,
base,164,Prizms Black Gold,false,,Myles Turner,
insert-sensational-swatches,61,Prime,false,10,Aaron Holiday,
base,94,Prizms Blue,false,,Tyreke Evans,
base,94,Prizms Blue Ice,false,,Tyreke Evans,
base,94,Prizms Choice Blue Yellow and Green,false,,Tyreke Evans,
base,94,Prizms Choice Green,false,,Tyreke Evans,
base,94,Prizms Choice Nebula,false,,Tyreke Evans,
base,94,Prizms Choice Red,false,,Tyreke Evans,
base,94,Prizms Choice Tiger Stripe,false,,Tyreke Evans,
base,94,Prizms Fast Break,false,,Tyreke Evans,
base,94,Prizms Fast Break Blue,false,,Tyreke Evans,
base,94,Prizms Fast Break Bronze,false,,Tyreke Evans,
base,94,Prizms Fast Break Neon Green,false,,Tyreke Evans,
base,94,Prizms Fast Break Pink,false,,Tyreke Evans,
base,94,Prizms Fast Break Purple,false,,Tyreke Evans,
base,94,Prizms Fast Break Red,false,,Tyreke Evans,
base,94,Prizms Gold,false,,Tyreke Evans,
base,94,Prizms Green,false,,Tyreke Evans,
base,94,Prizms Green Pulsar,false,,Tyreke Evans,
base,94,Prizms Hyper,false,,Tyreke Evans,
base,94,Prizms Mojo,false,,Tyreke Evans,
base,94,Prizms Orange,false,,Tyreke Evans,
base,94,Prizms Pink Ice,false,,Tyreke Evans,
base,94,Prizms Pink Pulsar,false,,Tyreke Evans,
base,94,Prizms Purple,false,,Tyreke Evans,
base,94,Prizms Purple Ice,false,,Tyreke Evans,
base,94,Prizms Purple Pulsar,false,,Tyreke Evans,
base,94,Prizms Purple Wave,false,,Tyreke Evans,
base,94,Prizms Red,false,,Tyreke Evans,
base,94,Prizms Red Ice,false,,Tyreke Evans,
base,94,Prizms Red White and Blue,false,,Tyreke Evans,
base,94,Prizms Ruby Wave,false,,Tyreke Evans,
base,94,Prizms Silver,false,,Tyreke Evans,
base,94,Prizms White Sparkle,false,,Tyreke Evans,
base,94,Prizms 1st Off the Line Blue Shimmer,false,,Tyreke Evans,
base,94,Prizms 1st Off the Line Light Blue Shimmer,false,,Tyreke Evans,
base,94,Prizms 1st Off the Line Red Shimmer,false,,Tyreke Evans,
base,94,Prizms Black,false,,Tyreke Evans,
base,94,Prizms Black Gold,false,,Tyreke Evans,
base,144,Prizms Blue,false,,Bojan Bogdanovic,
base,144,Prizms Blue Ice,false,,Bojan Bogdanovic,
base,144,Prizms Choice Blue Yellow and Green,false,,Bojan Bogdanovic,
base,144,Prizms Choice Green,false,,Bojan Bogdanovic,
base,144,Prizms Choice Nebula,false,,Bojan Bogdanovic,
base,144,Prizms Choice Red,false,,Bojan Bogdanovic,
base,144,Prizms Choice Tiger Stripe,false,,Bojan Bogdanovic,
base,144,Prizms Fast Break,false,,Bojan Bogdanovic,
base,144,Prizms Fast Break Blue,false,,Bojan Bogdanovic,
base,144,Prizms Fast Break Bronze,false,,Bojan Bogdanovic,
base,144,Prizms Fast Break Neon Green,false,,Bojan Bogdanovic,
base,144,Prizms Fast Break Pink,false,,Bojan Bogdanovic,
base,144,Prizms Fast Break Purple,false,,Bojan Bogdanovic,
base,144,Prizms Fast Break Red,false,,Bojan Bogdanovic,
base,144,Prizms Gold,false,,Bojan Bogdanovic,
base,144,Prizms Green,false,,Bojan Bogdanovic,
base,144,Prizms Green Pulsar,false,,Bojan Bogdanovic,
base,144,Prizms Hyper,false,,Bojan Bogdanovic,
base,144,Prizms Mojo,false,,Bojan Bogdanovic,
base,144,Prizms Orange,false,,Bojan Bogdanovic,
base,144,Prizms Pink Ice,false,,Bojan Bogdanovic,
base,144,Prizms Pink Pulsar,false,,Bojan Bogdanovic,
base,144,Prizms Purple,false,,Bojan Bogdanovic,
base,144,Prizms Purple Ice,false,,Bojan Bogdanovic,
base,144,Prizms Purple Pulsar,false,,Bojan Bogdanovic,
base,144,Prizms Purple Wave,false,,Bojan Bogdanovic,
base,144,Prizms Red,false,,Bojan Bogdanovic,
base,144,Prizms Red Ice,false,,Bojan Bogdanovic,
base,144,Prizms Red White and Blue,false,,Bojan Bogdanovic,
base,144,Prizms Ruby Wave,false,,Bojan Bogdanovic,
base,144,Prizms Silver,false,,Bojan Bogdanovic,
base,144,Prizms White Sparkle,false,,Bojan Bogdanovic,
base,144,Prizms 1st Off the Line Blue Shimmer,false,,Bojan Bogdanovic,
base,144,Prizms 1st Off the Line Light Blue Shimmer,false,,Bojan Bogdanovic,
base,144,Prizms 1st Off the Line Red Shimmer,false,,Bojan Bogdanovic,
base,144,Prizms Black,false,,Bojan Bogdanovic,
base,144,Prizms Black Gold,false,,Bojan Bogdanovic,
auto-sensational-signatures,SS-MTN,Prizms Choice,true,,Myles Turner,
auto-sensational-signatures,SS-MTN,Prizms Mojo,true,25,Myles Turner,
auto-sensational-signatures,SS-MTN,Prizms Gold,true,10,Myles Turner,
auto-sensational-signatures,SS-MTN,Prizms Choice Green,true,8,Myles Turner,
auto-sensational-signatures,SS-MTN,Prizms Black,true,1,Myles Turner,
auto-signatures,S-RML,Prizms Choice,true,,Reggie Miller,
auto-signatures,S-RML,Prizms Silver,true,,Reggie Miller,
auto-signatures,S-RML,Prizms Mojo,true,25,Reggie Miller,
auto-signatures,S-RML,Prizms Gold,true,10,Reggie Miller,
auto-signatures,S-RML,Prizms Choice Green,true,8,Reggie Miller,
auto-signatures,S-RML,Prizms Black,true,1,Reggie Miller,
base,114,Prizms Blue,false,,Aaron Holiday,
base,114,Prizms Blue Ice,false,,Aaron Holiday,
base,114,Prizms Choice Blue Yellow and Green,false,,Aaron Holiday,
base,114,Prizms Choice Green,false,,Aaron Holiday,
base,114,Prizms Choice Nebula,false,,Aaron Holiday,
base,114,Prizms Choice Red,false,,Aaron Holiday,
base,114,Prizms Choice Tiger Stripe,false,,Aaron Holiday,
base,114,Prizms Fast Break,false,,Aaron Holiday,
base,114,Prizms Fast Break Blue,false,,Aaron Holiday,
base,114,Prizms Fast Break Bronze,false,,Aaron Holiday,
base,114,Prizms Fast Break Neon Green,false,,Aaron Holiday,
base,114,Prizms Fast Break Pink,false,,Aaron Holiday,
base,114,Prizms Fast Break Purple,false,,Aaron Holiday,
base,114,Prizms Fast Break Red,false,,Aaron Holiday,
base,114,Prizms Gold,false,,Aaron Holiday,
base,114,Prizms Green,false,,Aaron Holiday,
base,114,Prizms Green Pulsar,false,,Aaron Holiday,
base,114,Prizms Hyper,false,,Aaron Holiday,
base,114,Prizms Mojo,false,,Aaron Holiday,
base,114,Prizms Orange,false,,Aaron Holiday,
base,114,Prizms Pink Ice,false,,Aaron Holiday,
base,114,Prizms Pink Pulsar,false,,Aaron Holiday,
base,114,Prizms Purple,false,,Aaron Holiday,
base,114,Prizms Purple Ice,false,,Aaron Holiday,
base,114,Prizms Purple Pulsar,false,,Aaron Holiday,
base,114,Prizms Purple Wave,false,,Aaron Holiday,
base,114,Prizms Red,false,,Aaron Holiday,
base,114,Prizms Red Ice,false,,Aaron Holiday,
base,114,Prizms Red White and Blue,false,,Aaron Holiday,
base,114,Prizms Ruby Wave,false,,Aaron Holiday,
base,114,Prizms Silver,false,,Aaron Holiday,
base,114,Prizms White Sparkle,false,,Aaron Holiday,
base,114,Prizms 1st Off the Line Blue Shimmer,false,,Aaron Holiday,
base,114,Prizms 1st Off the Line Light Blue Shimmer,false,,Aaron Holiday,
base,114,Prizms 1st Off the Line Red Shimmer,false,,Aaron Holiday,
base,114,Prizms Black,false,,Aaron Holiday,
base,114,Prizms Black Gold,false,,Aaron Holiday,
base,174,Prizms Blue,false,,Domantas Sabonis,
base,174,Prizms Blue Ice,false,,Domantas Sabonis,
base,174,Prizms Choice Blue Yellow and Green,false,,Domantas Sabonis,
base,174,Prizms Choice Green,false,,Domantas Sabonis,
base,174,Prizms Choice Nebula,false,,Domantas Sabonis,
base,174,Prizms Choice Red,false,,Domantas Sabonis,
base,174,Prizms Choice Tiger Stripe,false,,Domantas Sabonis,
base,174,Prizms Fast Break,false,,Domantas Sabonis,
base,174,Prizms Fast Break Blue,false,,Domantas Sabonis,
base,174,Prizms Fast Break Bronze,false,,Domantas Sabonis,
base,174,Prizms Fast Break Neon Green,false,,Domantas Sabonis,
base,174,Prizms Fast Break Pink,false,,Domantas Sabonis,
base,174,Prizms Fast Break Purple,false,,Domantas Sabonis,
base,174,Prizms Fast Break Red,false,,Domantas Sabonis,
base,174,Prizms Gold,false,,Domantas Sabonis,
base,174,Prizms Green,false,,Domantas Sabonis,
base,174,Prizms Green Pulsar,false,,Domantas Sabonis,
base,174,Prizms Hyper,false,,Domantas Sabonis,
base,174,Prizms Mojo,false,,Domantas Sabonis,
base,174,Prizms Orange,false,,Domantas Sabonis,
base,174,Prizms Pink Ice,false,,Domantas Sabonis,
base,174,Prizms Pink Pulsar,false,,Domantas Sabonis,
base,174,Prizms Purple,false,,Domantas Sabonis,
base,174,Prizms Purple Ice,false,,Domantas Sabonis,
base,174,Prizms Purple Pulsar,false,,Domantas Sabonis,
base,174,Prizms Purple Wave,false,,Domantas Sabonis,
base,174,Prizms Red,false,,Domantas Sabonis,
base,174,Prizms Red Ice,false,,Domantas Sabonis,
base,174,Prizms Red White and Blue,false,,Domantas Sabonis,
base,174,Prizms Ruby Wave,false,,Domantas Sabonis,
base,174,Prizms Silver,false,,Domantas Sabonis,
base,174,Prizms White Sparkle,false,,Domantas Sabonis,
base,174,Prizms 1st Off the Line Blue Shimmer,false,,Domantas Sabonis,
base,174,Prizms 1st Off the Line Light Blue Shimmer,false,,Domantas Sabonis,
base,174,Prizms 1st Off the Line Red Shimmer,false,,Domantas Sabonis,
base,174,Prizms Black,false,,Domantas Sabonis,
base,174,Prizms Black Gold,false,,Domantas Sabonis,
base,154,Prizms Blue,false,,Thaddeus Young,
base,154,Prizms Blue Ice,false,,Thaddeus Young,
base,154,Prizms Choice Blue Yellow and Green,false,,Thaddeus Young,
base,154,Prizms Choice Green,false,,Thaddeus Young,
base,154,Prizms Choice Nebula,false,,Thaddeus Young,
base,154,Prizms Choice Red,false,,Thaddeus Young,
base,154,Prizms Choice Tiger Stripe,false,,Thaddeus Young,
base,154,Prizms Fast Break,false,,Thaddeus Young,
base,154,Prizms Fast Break Blue,false,,Thaddeus Young,
base,154,Prizms Fast Break Bronze,false,,Thaddeus Young,
base,154,Prizms Fast Break Neon Green,false,,Thaddeus Young,
base,154,Prizms Fast Break Pink,false,,Thaddeus Young,
base,154,Prizms Fast Break Purple,false,,Thaddeus Young,
base,154,Prizms Fast Break Red,false,,Thaddeus Young,
base,154,Prizms Gold,false,,Thaddeus Young,
base,154,Prizms Green,false,,Thaddeus Young,
base,154,Prizms Green Pulsar,false,,Thaddeus Young,
base,154,Prizms Hyper,false,,Thaddeus Young,
base,154,Prizms Mojo,false,,Thaddeus Young,
base,154,Prizms Orange,false,,Thaddeus Young,
base,154,Prizms Pink Ice,false,,Thaddeus Young,
base,154,Prizms Pink Pulsar,false,,Thaddeus Young,
base,154,Prizms Purple,false,,Thaddeus Young,
base,154,Prizms Purple Ice,false,,Thaddeus Young,
base,154,Prizms Purple Pulsar,false,,Thaddeus Young,
base,154,Prizms Purple Wave,false,,Thaddeus Young,
base,154,Prizms Red,false,,Thaddeus Young,
base,154,Prizms Red Ice,false,,Thaddeus Young,
base,154,Prizms Red White and Blue,false,,Thaddeus Young,
base,154,Prizms Ruby Wave,false,,Thaddeus Young,
base,154,Prizms Silver,false,,Thaddeus Young,
base,154,Prizms White Sparkle,false,,Thaddeus Young,
base,154,Prizms 1st Off the Line Blue Shimmer,false,,Thaddeus Young,
base,154,Prizms 1st Off the Line Light Blue Shimmer,false,,Thaddeus Young,
base,154,Prizms 1st Off the Line Red Shimmer,false,,Thaddeus Young,
base,154,Prizms Black,false,,Thaddeus Young,
base,154,Prizms Black Gold,false,,Thaddeus Young,
auto-fastbreak-autographs-rookies,FR-AHD,Gold,true,10,Aaron Holiday,
auto-fastbreak-autographs-rookies,FR-AHD,Black,true,1,Aaron Holiday,
base,104,Prizms Blue,false,,Darren Collison,
base,104,Prizms Blue Ice,false,,Darren Collison,
base,104,Prizms Choice Blue Yellow and Green,false,,Darren Collison,
base,104,Prizms Choice Green,false,,Darren Collison,
base,104,Prizms Choice Nebula,false,,Darren Collison,
base,104,Prizms Choice Red,false,,Darren Collison,
base,104,Prizms Choice Tiger Stripe,false,,Darren Collison,
base,104,Prizms Fast Break,false,,Darren Collison,
base,104,Prizms Fast Break Blue,false,,Darren Collison,
base,104,Prizms Fast Break Bronze,false,,Darren Collison,
base,104,Prizms Fast Break Neon Green,false,,Darren Collison,
base,104,Prizms Fast Break Pink,false,,Darren Collison,
base,104,Prizms Fast Break Purple,false,,Darren Collison,
base,104,Prizms Fast Break Red,false,,Darren Collison,
base,104,Prizms Gold,false,,Darren Collison,
base,104,Prizms Green,false,,Darren Collison,
base,104,Prizms Green Pulsar,false,,Darren Collison,
base,104,Prizms Hyper,false,,Darren Collison,
base,104,Prizms Mojo,false,,Darren Collison,
base,104,Prizms Orange,false,,Darren Collison,
base,104,Prizms Pink Ice,false,,Darren Collison,
base,104,Prizms Pink Pulsar,false,,Darren Collison,
base,104,Prizms Purple,false,,Darren Collison,
base,104,Prizms Purple Ice,false,,Darren Collison,
base,104,Prizms Purple Pulsar,false,,Darren Collison,
base,104,Prizms Purple Wave,false,,Darren Collison,
base,104,Prizms Red,false,,Darren Collison,
base,104,Prizms Red Ice,false,,Darren Collison,
base,104,Prizms Red White and Blue,false,,Darren Collison,
base,104,Prizms Ruby Wave,false,,Darren Collison,
base,104,Prizms Silver,false,,Darren Collison,
base,104,Prizms White Sparkle,false,,Darren Collison,
base,104,Prizms 1st Off the Line Blue Shimmer,false,,Darren Collison,
base,104,Prizms 1st Off the Line Light Blue Shimmer,false,,Darren Collison,
base,104,Prizms 1st Off the Line Red Shimmer,false,,Darren Collison,
base,104,Prizms Black,false,,Darren Collison,
base,104,Prizms Black Gold,false,,Darren Collison,
insert-freshman-phenoms,3,Green,false,,Aaron Holiday,
insert-freshman-phenoms,3,Silver,false,,Aaron Holiday,
auto-sensational-signatures,SS-DSB,Prizms Choice,true,,Domantas Sabonis,
auto-sensational-signatures,SS-DSB,Prizms Mojo,true,25,Domantas Sabonis,
auto-sensational-signatures,SS-DSB,Prizms Gold,true,10,Domantas Sabonis,
auto-sensational-signatures,SS-DSB,Prizms Choice Green,true,8,Domantas Sabonis,
auto-sensational-signatures,SS-DSB,Prizms Black,true,1,Domantas Sabonis,
auto-fastbreak-autographs-rookies,FR-JRB,Gold,true,10,Jerome Robinson,
auto-fastbreak-autographs-rookies,FR-JRB,Black,true,1,Jerome Robinson,
auto-sensational-signatures,SS-SGA,Prizms Choice,true,,Shai Gilgeous-Alexander,
auto-sensational-signatures,SS-SGA,Prizms Mojo,true,25,Shai Gilgeous-Alexander,
auto-sensational-signatures,SS-SGA,Prizms Gold,true,10,Shai Gilgeous-Alexander,
auto-sensational-signatures,SS-SGA,Prizms Choice Green,true,8,Shai Gilgeous-Alexander,
auto-sensational-signatures,SS-SGA,Prizms Black,true,1,Shai Gilgeous-Alexander,
base,264,Prizms Blue,false,,Marcin Gortat,
base,264,Prizms Blue Ice,false,,Marcin Gortat,
base,264,Prizms Choice Blue Yellow and Green,false,,Marcin Gortat,
base,264,Prizms Choice Green,false,,Marcin Gortat,
base,264,Prizms Choice Nebula,false,,Marcin Gortat,
base,264,Prizms Choice Red,false,,Marcin Gortat,
base,264,Prizms Choice Tiger Stripe,false,,Marcin Gortat,
base,264,Prizms Fast Break,false,,Marcin Gortat,
base,264,Prizms Fast Break Blue,false,,Marcin Gortat,
base,264,Prizms Fast Break Bronze,false,,Marcin Gortat,
base,264,Prizms Fast Break Neon Green,false,,Marcin Gortat,
base,264,Prizms Fast Break Pink,false,,Marcin Gortat,
base,264,Prizms Fast Break Purple,false,,Marcin Gortat,
base,264,Prizms Fast Break Red,false,,Marcin Gortat,
base,264,Prizms Gold,false,,Marcin Gortat,
base,264,Prizms Green,false,,Marcin Gortat,
base,264,Prizms Green Pulsar,false,,Marcin Gortat,
base,264,Prizms Hyper,false,,Marcin Gortat,
base,264,Prizms Mojo,false,,Marcin Gortat,
base,264,Prizms Orange,false,,Marcin Gortat,
base,264,Prizms Pink Ice,false,,Marcin Gortat,
base,264,Prizms Pink Pulsar,false,,Marcin Gortat,
base,264,Prizms Purple,false,,Marcin Gortat,
base,264,Prizms Purple Ice,false,,Marcin Gortat,
base,264,Prizms Purple Pulsar,false,,Marcin Gortat,
base,264,Prizms Purple Wave,false,,Marcin Gortat,
base,264,Prizms Red,false,,Marcin Gortat,
base,264,Prizms Red Ice,false,,Marcin Gortat,
base,264,Prizms Red White and Blue,false,,Marcin Gortat,
base,264,Prizms Ruby Wave,false,,Marcin Gortat,
base,264,Prizms Silver,false,,Marcin Gortat,
base,264,Prizms White Sparkle,false,,Marcin Gortat,
base,264,Prizms 1st Off the Line Blue Shimmer,false,,Marcin Gortat,
base,264,Prizms 1st Off the Line Light Blue Shimmer,false,,Marcin Gortat,
base,264,Prizms 1st Off the Line Red Shimmer,false,,Marcin Gortat,
base,264,Prizms Black,false,,Marcin Gortat,
base,264,Prizms Black Gold,false,,Marcin Gortat,
auto-fastbreak-autographs,FB-MTD,Gold,true,10,Milos Teodosic,
auto-fastbreak-autographs,FB-MTD,Black,true,1,Milos Teodosic,
base,234,Prizms Blue,false,,Avery Bradley,
base,234,Prizms Blue Ice,false,,Avery Bradley,
base,234,Prizms Choice Blue Yellow and Green,false,,Avery Bradley,
base,234,Prizms Choice Green,false,,Avery Bradley,
base,234,Prizms Choice Nebula,false,,Avery Bradley,
base,234,Prizms Choice Red,false,,Avery Bradley,
base,234,Prizms Choice Tiger Stripe,false,,Avery Bradley,
base,234,Prizms Fast Break,false,,Avery Bradley,
base,234,Prizms Fast Break Blue,false,,Avery Bradley,
base,234,Prizms Fast Break Bronze,false,,Avery Bradley,
base,234,Prizms Fast Break Neon Green,false,,Avery Bradley,
base,234,Prizms Fast Break Pink,false,,Avery Bradley,
base,234,Prizms Fast Break Purple,false,,Avery Bradley,
base,234,Prizms Fast Break Red,false,,Avery Bradley,
base,234,Prizms Gold,false,,Avery Bradley,
base,234,Prizms Green,false,,Avery Bradley,
base,234,Prizms Green Pulsar,false,,Avery Bradley,
base,234,Prizms Hyper,false,,Avery Bradley,
base,234,Prizms Mojo,false,,Avery Bradley,
base,234,Prizms Orange,false,,Avery Bradley,
base,234,Prizms Pink Ice,false,,Avery Bradley,
base,234,Prizms Pink Pulsar,false,,Avery Bradley,
base,234,Prizms Purple,false,,Avery Bradley,
base,234,Prizms Purple Ice,false,,Avery Bradley,
base,234,Prizms Purple Pulsar,false,,Avery Bradley,
base,234,Prizms Purple Wave,false,,Avery Bradley,
base,234,Prizms Red,false,,Avery Bradley,
base,234,Prizms Red Ice,false,,Avery Bradley,
base,234,Prizms Red White and Blue,false,,Avery Bradley,
base,234,Prizms Ruby Wave,false,,Avery Bradley,
base,234,Prizms Silver,false,,Avery Bradley,
base,234,Prizms White Sparkle,false,,Avery Bradley,
base,234,Prizms 1st Off the Line Blue Shimmer,false,,Avery Bradley,
base,234,Prizms 1st Off the Line Light Blue Shimmer,false,,Avery Bradley,
base,234,Prizms 1st Off the Line Red Shimmer,false,,Avery Bradley,
base,234,Prizms Black,false,,Avery Bradley,
base,234,Prizms Black Gold,false,,Avery Bradley,
auto-fastbreak-autographs,FB-MJK,Gold,true,10,Mark Jackson,
auto-fastbreak-autographs,FB-MJK,Black,true,1,Mark Jackson,
auto-signatures,S-QRS,Prizms Choice,true,,Quentin Richardson,
auto-signatures,S-QRS,Prizms Silver,true,,Quentin Richardson,
auto-signatures,S-QRS,Prizms Mojo,true,25,Quentin Richardson,
auto-signatures,S-QRS,Prizms Gold,true,10,Quentin Richardson,
auto-signatures,S-QRS,Prizms Choice Green,true,8,Quentin Richardson,
auto-signatures,S-QRS,Prizms Black,true,1,Quentin Richardson,
base,214,Prizms Blue,false,,Milos Teodosic,
base,214,Prizms Blue Ice,false,,Milos Teodosic,
base,214,Prizms Choice Blue Yellow and Green,false,,Milos Teodosic,
base,214,Prizms Choice Green,false,,Milos Teodosic,
base,214,Prizms Choice Nebula,false,,Milos Teodosic,
base,214,Prizms Choice Red,false,,Milos Teodosic,
base,214,Prizms Choice Tiger Stripe,false,,Milos Teodosic,
base,214,Prizms Fast Break,false,,Milos Teodosic,
base,214,Prizms Fast Break Blue,false,,Milos Teodosic,
base,214,Prizms Fast Break Bronze,false,,Milos Teodosic,
base,214,Prizms Fast Break Neon Green,false,,Milos Teodosic,
base,214,Prizms Fast Break Pink,false,,Milos Teodosic,
base,214,Prizms Fast Break Purple,false,,Milos Teodosic,
base,214,Prizms Fast Break Red,false,,Milos Teodosic,
base,214,Prizms Gold,false,,Milos Teodosic,
base,214,Prizms Green,false,,Milos Teodosic,
base,214,Prizms Green Pulsar,false,,Milos Teodosic,
base,214,Prizms Hyper,false,,Milos Teodosic,
base,214,Prizms Mojo,false,,Milos Teodosic,
base,214,Prizms Orange,false,,Milos Teodosic,
base,214,Prizms Pink Ice,false,,Milos Teodosic,
base,214,Prizms Pink Pulsar,false,,Milos Teodosic,
base,214,Prizms Purple,false,,Milos Teodosic,
base,214,Prizms Purple Ice,false,,Milos Teodosic,
base,214,Prizms Purple Pulsar,false,,Milos Teodosic,
base,214,Prizms Purple Wave,false,,Milos Teodosic,
base,214,Prizms Red,false,,Milos Teodosic,
base,214,Prizms Red Ice,false,,Milos Teodosic,
base,214,Prizms Red White and Blue,false,,Milos Teodosic,
base,214,Prizms Ruby Wave,false,,Milos Teodosic,
base,214,Prizms Silver,false,,Milos Teodosic,
base,214,Prizms White Sparkle,false,,Milos Teodosic,
base,214,Prizms 1st Off the Line Blue Shimmer,false,,Milos Teodosic,
base,214,Prizms 1st Off the Line Light Blue Shimmer,false,,Milos Teodosic,
base,214,Prizms 1st Off the Line Red Shimmer,false,,Milos Teodosic,
base,214,Prizms Black,false,,Milos Teodosic,
base,214,Prizms Black Gold,false,,Milos Teodosic,
base,194,Prizms Blue,false,,Jerome Robinson,
base,194,Prizms Blue Ice,false,,Jerome Robinson,
base,194,Prizms Choice Blue Yellow and Green,false,,Jerome Robinson,
base,194,Prizms Choice Green,false,,Jerome Robinson,
base,194,Prizms Choice Nebula,false,,Jerome Robinson,
base,194,Prizms Choice Red,false,,Jerome Robinson,
base,194,Prizms Choice Tiger Stripe,false,,Jerome Robinson,
base,194,Prizms Fast Break,false,,Jerome Robinson,
base,194,Prizms Fast Break Blue,false,,Jerome Robinson,
base,194,Prizms Fast Break Bronze,false,,Jerome Robinson,
base,194,Prizms Fast Break Neon Green,false,,Jerome Robinson,
base,194,Prizms Fast Break Pink,false,,Jerome Robinson,
base,194,Prizms Fast Break Purple,false,,Jerome Robinson,
base,194,Prizms Fast Break Red,false,,Jerome Robinson,
base,194,Prizms Gold,false,,Jerome Robinson,
base,194,Prizms Green,false,,Jerome Robinson,
base,194,Prizms Green Pulsar,false,,Jerome Robinson,
base,194,Prizms Hyper,false,,Jerome Robinson,
base,194,Prizms Mojo,false,,Jerome Robinson,
base,194,Prizms Orange,false,,Jerome Robinson,
base,194,Prizms Pink Ice,false,,Jerome Robinson,
base,194,Prizms Pink Pulsar,false,,Jerome Robinson,
base,194,Prizms Purple,false,,Jerome Robinson,
base,194,Prizms Purple Ice,false,,Jerome Robinson,
base,194,Prizms Purple Pulsar,false,,Jerome Robinson,
base,194,Prizms Purple Wave,false,,Jerome Robinson,
base,194,Prizms Red,false,,Jerome Robinson,
base,194,Prizms Red Ice,false,,Jerome Robinson,
base,194,Prizms Red White and Blue,false,,Jerome Robinson,
base,194,Prizms Ruby Wave,false,,Jerome Robinson,
base,194,Prizms Silver,false,,Jerome Robinson,
base,194,Prizms White Sparkle,false,,Jerome Robinson,
base,194,Prizms 1st Off the Line Blue Shimmer,false,,Jerome Robinson,
base,194,Prizms 1st Off the Line Light Blue Shimmer,false,,Jerome Robinson,
base,194,Prizms 1st Off the Line Red Shimmer,false,,Jerome Robinson,
base,194,Prizms Black,false,,Jerome Robinson,
base,194,Prizms Black Gold,false,,Jerome Robinson,
insert-freshman-phenoms,15,Green,false,,Shai Gilgeous-Alexander,
insert-freshman-phenoms,15,Silver,false,,Shai Gilgeous-Alexander,
insert-freshman-phenoms,13,Green,false,,Jerome Robinson,
insert-freshman-phenoms,13,Silver,false,,Jerome Robinson,
base,204,Prizms Blue,false,,Patrick Beverley,
base,204,Prizms Blue Ice,false,,Patrick Beverley,
base,204,Prizms Choice Blue Yellow and Green,false,,Patrick Beverley,
base,204,Prizms Choice Green,false,,Patrick Beverley,
base,204,Prizms Choice Nebula,false,,Patrick Beverley,
base,204,Prizms Choice Red,false,,Patrick Beverley,
base,204,Prizms Choice Tiger Stripe,false,,Patrick Beverley,
base,204,Prizms Fast Break,false,,Patrick Beverley,
base,204,Prizms Fast Break Blue,false,,Patrick Beverley,
base,204,Prizms Fast Break Bronze,false,,Patrick Beverley,
base,204,Prizms Fast Break Neon Green,false,,Patrick Beverley,
base,204,Prizms Fast Break Pink,false,,Patrick Beverley,
base,204,Prizms Fast Break Purple,false,,Patrick Beverley,
base,204,Prizms Fast Break Red,false,,Patrick Beverley,
base,204,Prizms Gold,false,,Patrick Beverley,
base,204,Prizms Green,false,,Patrick Beverley,
base,204,Prizms Green Pulsar,false,,Patrick Beverley,
base,204,Prizms Hyper,false,,Patrick Beverley,
base,204,Prizms Mojo,false,,Patrick Beverley,
base,204,Prizms Orange,false,,Patrick Beverley,
base,204,Prizms Pink Ice,false,,Patrick Beverley,
base,204,Prizms Pink Pulsar,false,,Patrick Beverley,
base,204,Prizms Purple,false,,Patrick Beverley,
base,204,Prizms Purple Ice,false,,Patrick Beverley,
base,204,Prizms Purple Pulsar,false,,Patrick Beverley,
base,204,Prizms Purple Wave,false,,Patrick Beverley,
base,204,Prizms Red,false,,Patrick Beverley,
base,204,Prizms Red Ice,false,,Patrick Beverley,
base,204,Prizms Red White and Blue,false,,Patrick Beverley,
base,204,Prizms Ruby Wave,false,,Patrick Beverley,
base,204,Prizms Silver,false,,Patrick Beverley,
base,204,Prizms White Sparkle,false,,Patrick Beverley,
base,204,Prizms 1st Off the Line Blue Shimmer,false,,Patrick Beverley,
base,204,Prizms 1st Off the Line Light Blue Shimmer,false,,Patrick Beverley,
base,204,Prizms 1st Off the Line Red Shimmer,false,,Patrick Beverley,
base,204,Prizms Black,false,,Patrick Beverley,
base,204,Prizms Black Gold,false,,Patrick Beverley,
base,184,Prizms Blue,false,,Shai Gilgeous-Alexander,
base,184,Prizms Blue Ice,false,,Shai Gilgeous-Alexander,
base,184,Prizms Choice Blue Yellow and Green,false,,Shai Gilgeous-Alexander,
base,184,Prizms Choice Green,false,,Shai Gilgeous-Alexander,
base,184,Prizms Choice Nebula,false,,Shai Gilgeous-Alexander,
base,184,Prizms Choice Red,false,,Shai Gilgeous-Alexander,
base,184,Prizms Choice Tiger Stripe,false,,Shai Gilgeous-Alexander,
base,184,Prizms Fast Break,false,,Shai Gilgeous-Alexander,
base,184,Prizms Fast Break Blue,false,,Shai Gilgeous-Alexander,
base,184,Prizms Fast Break Bronze,false,,Shai Gilgeous-Alexander,
base,184,Prizms Fast Break Neon Green,false,,Shai Gilgeous-Alexander,
base,184,Prizms Fast Break Pink,false,,Shai Gilgeous-Alexander,
base,184,Prizms Fast Break Purple,false,,Shai Gilgeous-Alexander,
base,184,Prizms Fast Break Red,false,,Shai Gilgeous-Alexander,
base,184,Prizms Gold,false,,Shai Gilgeous-Alexander,
base,184,Prizms Green,false,,Shai Gilgeous-Alexander,
base,184,Prizms Green Pulsar,false,,Shai Gilgeous-Alexander,
base,184,Prizms Hyper,false,,Shai Gilgeous-Alexander,
base,184,Prizms Mojo,false,,Shai Gilgeous-Alexander,
base,184,Prizms Orange,false,,Shai Gilgeous-Alexander,
base,184,Prizms Pink Ice,false,,Shai Gilgeous-Alexander,
base,184,Prizms Pink Pulsar,false,,Shai Gilgeous-Alexander,
base,184,Prizms Purple,false,,Shai Gilgeous-Alexander,
base,184,Prizms Purple Ice,false,,Shai Gilgeous-Alexander,
base,184,Prizms Purple Pulsar,false,,Shai Gilgeous-Alexander,
base,184,Prizms Purple Wave,false,,Shai Gilgeous-Alexander,
base,184,Prizms Red,false,,Shai Gilgeous-Alexander,
base,184,Prizms Red Ice,false,,Shai Gilgeous-Alexander,
base,184,Prizms Red White and Blue,false,,Shai Gilgeous-Alexander,
base,184,Prizms Ruby Wave,false,,Shai Gilgeous-Alexander,
base,184,Prizms Silver,false,,Shai Gilgeous-Alexander,
base,184,Prizms White Sparkle,false,,Shai Gilgeous-Alexander,
base,184,Prizms 1st Off the Line Blue Shimmer,false,,Shai Gilgeous-Alexander,
base,184,Prizms 1st Off the Line Light Blue Shimmer,false,,Shai Gilgeous-Alexander,
base,184,Prizms 1st Off the Line Red Shimmer,false,,Shai Gilgeous-Alexander,
base,184,Prizms Black,false,,Shai Gilgeous-Alexander,
base,184,Prizms Black Gold,false,,Shai Gilgeous-Alexander,
insert-luck-of-the-lottery,11,Hyper,false,,Shai Gilgeous-Alexander,
insert-luck-of-the-lottery,11,Fast Break,false,,Shai Gilgeous-Alexander,
insert-luck-of-the-lottery,11,Silver,false,,Shai Gilgeous-Alexander,
insert-luck-of-the-lottery,11,Mojo,false,25,Shai Gilgeous-Alexander,
insert-luck-of-the-lottery,11,Gold,false,10,Shai Gilgeous-Alexander,
insert-luck-of-the-lottery,11,Black,false,1,Shai Gilgeous-Alexander,
insert-luck-of-the-lottery,13,Hyper,false,,Jerome Robinson,
insert-luck-of-the-lottery,13,Fast Break,false,,Jerome Robinson,
insert-luck-of-the-lottery,13,Silver,false,,Jerome Robinson,
insert-luck-of-the-lottery,13,Mojo,false,25,Jerome Robinson,
insert-luck-of-the-lottery,13,Gold,false,10,Jerome Robinson,
insert-luck-of-the-lottery,13,Black,false,1,Jerome Robinson,
base,224,Prizms Blue,false,,Lou Williams,
base,224,Prizms Blue Ice,false,,Lou Williams,
base,224,Prizms Choice Blue Yellow and Green,false,,Lou Williams,
base,224,Prizms Choice Green,false,,Lou Williams,
base,224,Prizms Choice Nebula,false,,Lou Williams,
base,224,Prizms Choice Red,false,,Lou Williams,
base,224,Prizms Choice Tiger Stripe,false,,Lou Williams,
base,224,Prizms Fast Break,false,,Lou Williams,
base,224,Prizms Fast Break Blue,false,,Lou Williams,
base,224,Prizms Fast Break Bronze,false,,Lou Williams,
base,224,Prizms Fast Break Neon Green,false,,Lou Williams,
base,224,Prizms Fast Break Pink,false,,Lou Williams,
base,224,Prizms Fast Break Purple,false,,Lou Williams,
base,224,Prizms Fast Break Red,false,,Lou Williams,
base,224,Prizms Gold,false,,Lou Williams,
base,224,Prizms Green,false,,Lou Williams,
base,224,Prizms Green Pulsar,false,,Lou Williams,
base,224,Prizms Hyper,false,,Lou Williams,
base,224,Prizms Mojo,false,,Lou Williams,
base,224,Prizms Orange,false,,Lou Williams,
base,224,Prizms Pink Ice,false,,Lou Williams,
base,224,Prizms Pink Pulsar,false,,Lou Williams,
base,224,Prizms Purple,false,,Lou Williams,
base,224,Prizms Purple Ice,false,,Lou Williams,
base,224,Prizms Purple Pulsar,false,,Lou Williams,
base,224,Prizms Purple Wave,false,,Lou Williams,
base,224,Prizms Red,false,,Lou Williams,
base,224,Prizms Red Ice,false,,Lou Williams,
base,224,Prizms Red White and Blue,false,,Lou Williams,
base,224,Prizms Ruby Wave,false,,Lou Williams,
base,224,Prizms Silver,false,,Lou Williams,
base,224,Prizms White Sparkle,false,,Lou Williams,
base,224,Prizms 1st Off the Line Blue Shimmer,false,,Lou Williams,
base,224,Prizms 1st Off the Line Light Blue Shimmer,false,,Lou Williams,
base,224,Prizms 1st Off the Line Red Shimmer,false,,Lou Williams,
base,224,Prizms Black,false,,Lou Williams,
base,224,Prizms Black Gold,false,,Lou Williams,
insert-sensational-swatches,39,Prime,false,10,Paul Pierce,
insert-emergent,11,Silver,false,,Shai Gilgeous-Alexander,
insert-emergent,11,Green,false,,Shai Gilgeous-Alexander,
insert-emergent,13,Silver,false,,Jerome Robinson,
insert-emergent,13,Green,false,,Jerome Robinson,
auto-sensational-signatures,SS-JRB,Prizms Choice,true,,Jerome Robinson,
auto-sensational-signatures,SS-JRB,Prizms Mojo,true,25,Jerome Robinson,
auto-sensational-signatures,SS-JRB,Prizms Gold,true,10,Jerome Robinson,
auto-sensational-signatures,SS-JRB,Prizms Choice Green,true,8,Jerome Robinson,
auto-sensational-signatures,SS-JRB,Prizms Black,true,1,Jerome Robinson,
base,244,Prizms Blue,false,,Tobias Harris,
base,244,Prizms Blue Ice,false,,Tobias Harris,
base,244,Prizms Choice Blue Yellow and Green,false,,Tobias Harris,
base,244,Prizms Choice Green,false,,Tobias Harris,
base,244,Prizms Choice Nebula,false,,Tobias Harris,
base,244,Prizms Choice Red,false,,Tobias Harris,
base,244,Prizms Choice Tiger Stripe,false,,Tobias Harris,
base,244,Prizms Fast Break,false,,Tobias Harris,
base,244,Prizms Fast Break Blue,false,,Tobias Harris,
base,244,Prizms Fast Break Bronze,false,,Tobias Harris,
base,244,Prizms Fast Break Neon Green,false,,Tobias Harris,
base,244,Prizms Fast Break Pink,false,,Tobias Harris,
base,244,Prizms Fast Break Purple,false,,Tobias Harris,
base,244,Prizms Fast Break Red,false,,Tobias Harris,
base,244,Prizms Gold,false,,Tobias Harris,
base,244,Prizms Green,false,,Tobias Harris,
base,244,Prizms Green Pulsar,false,,Tobias Harris,
base,244,Prizms Hyper,false,,Tobias Harris,
base,244,Prizms Mojo,false,,Tobias Harris,
base,244,Prizms Orange,false,,Tobias Harris,
base,244,Prizms Pink Ice,false,,Tobias Harris,
base,244,Prizms Pink Pulsar,false,,Tobias Harris,
base,244,Prizms Purple,false,,Tobias Harris,
base,244,Prizms Purple Ice,false,,Tobias Harris,
base,244,Prizms Purple Pulsar,false,,Tobias Harris,
base,244,Prizms Purple Wave,false,,Tobias Harris,
base,244,Prizms Red,false,,Tobias Harris,
base,244,Prizms Red Ice,false,,Tobias Harris,
base,244,Prizms Red White and Blue,false,,Tobias Harris,
base,244,Prizms Ruby Wave,false,,Tobias Harris,
base,244,Prizms Silver,false,,Tobias Harris,
base,244,Prizms White Sparkle,false,,Tobias Harris,
base,244,Prizms 1st Off the Line Blue Shimmer,false,,Tobias Harris,
base,244,Prizms 1st Off the Line Light Blue Shimmer,false,,Tobias Harris,
base,244,Prizms 1st Off the Line Red Shimmer,false,,Tobias Harris,
base,244,Prizms Black,false,,Tobias Harris,
base,244,Prizms Black Gold,false,,Tobias Harris,
auto-fastbreak-autographs-rookies,FR-SGA,Gold,true,10,Shai Gilgeous-Alexander,
auto-fastbreak-autographs-rookies,FR-SGA,Black,true,1,Shai Gilgeous-Alexander,
insert-sensational-swatches,79,Prime,false,10,Jerome Robinson,
insert-sensational-swatches,95,Prime,false,10,Shai Gilgeous-Alexander,
base,254,Prizms Blue,false,,Danilo Gallinari,
base,254,Prizms Blue Ice,false,,Danilo Gallinari,
base,254,Prizms Choice Blue Yellow and Green,false,,Danilo Gallinari,
base,254,Prizms Choice Green,false,,Danilo Gallinari,
base,254,Prizms Choice Nebula,false,,Danilo Gallinari,
base,254,Prizms Choice Red,false,,Danilo Gallinari,
base,254,Prizms Choice Tiger Stripe,false,,Danilo Gallinari,
base,254,Prizms Fast Break,false,,Danilo Gallinari,
base,254,Prizms Fast Break Blue,false,,Danilo Gallinari,
base,254,Prizms Fast Break Bronze,false,,Danilo Gallinari,
base,254,Prizms Fast Break Neon Green,false,,Danilo Gallinari,
base,254,Prizms Fast Break Pink,false,,Danilo Gallinari,
base,254,Prizms Fast Break Purple,false,,Danilo Gallinari,
base,254,Prizms Fast Break Red,false,,Danilo Gallinari,
base,254,Prizms Gold,false,,Danilo Gallinari,
base,254,Prizms Green,false,,Danilo Gallinari,
base,254,Prizms Green Pulsar,false,,Danilo Gallinari,
base,254,Prizms Hyper,false,,Danilo Gallinari,
base,254,Prizms Mojo,false,,Danilo Gallinari,
base,254,Prizms Orange,false,,Danilo Gallinari,
base,254,Prizms Pink Ice,false,,Danilo Gallinari,
base,254,Prizms Pink Pulsar,false,,Danilo Gallinari,
base,254,Prizms Purple,false,,Danilo Gallinari,
base,254,Prizms Purple Ice,false,,Danilo Gallinari,
base,254,Prizms Purple Pulsar,false,,Danilo Gallinari,
base,254,Prizms Purple Wave,false,,Danilo Gallinari,
base,254,Prizms Red,false,,Danilo Gallinari,
base,254,Prizms Red Ice,false,,Danilo Gallinari,
base,254,Prizms Red White and Blue,false,,Danilo Gallinari,
base,254,Prizms Ruby Wave,false,,Danilo Gallinari,
base,254,Prizms Silver,false,,Danilo Gallinari,
base,254,Prizms White Sparkle,false,,Danilo Gallinari,
base,254,Prizms 1st Off the Line Blue Shimmer,false,,Danilo Gallinari,
base,254,Prizms 1st Off the Line Light Blue Shimmer,false,,Danilo Gallinari,
base,254,Prizms 1st Off the Line Red Shimmer,false,,Danilo Gallinari,
base,254,Prizms Black,false,,Danilo Gallinari,
base,254,Prizms Black Gold,false,,Danilo Gallinari,
auto-signatures,S-DML,Prizms Choice,true,,Darius Miles,
auto-signatures,S-DML,Prizms Silver,true,,Darius Miles,
auto-signatures,S-DML,Prizms Mojo,true,25,Darius Miles,
auto-signatures,S-DML,Prizms Gold,true,10,Darius Miles,
auto-signatures,S-DML,Prizms Choice Green,true,8,Darius Miles,
auto-signatures,S-DML,Prizms Black,true,1,Darius Miles,
auto-rookie-signatures,RS-SGA,Prizms Silver,true,,Shai Gilgeous-Alexander,
auto-rookie-signatures,RS-SGA,Prizms Choice,true,,Shai Gilgeous-Alexander,
auto-rookie-signatures,RS-SGA,Prizms Mojo,true,25,Shai Gilgeous-Alexander,
auto-rookie-signatures,RS-SGA,Prizms Gold,true,10,Shai Gilgeous-Alexander,
auto-rookie-signatures,RS-SGA,Prizms Choice Green,true,8,Shai Gilgeous-Alexander,
auto-rookie-signatures,RS-SGA,Prizms Black,true,1,Shai Gilgeous-Alexander,
auto-rookie-signatures,RS-SGA,Prizms White Sparkle,true,1,Shai Gilgeous-Alexander,
insert-dominance,6,Green,false,,Kobe Bryant,
insert-dominance,6,Silver,false,,Kobe Bryant,
base,16,Prizms Blue,false,,Kyle Kuzma,
base,16,Prizms Blue Ice,false,,Kyle Kuzma,
base,16,Prizms Choice Blue Yellow and Green,false,,Kyle Kuzma,
base,16,Prizms Choice Green,false,,Kyle Kuzma,
base,16,Prizms Choice Nebula,false,,Kyle Kuzma,
base,16,Prizms Choice Red,false,,Kyle Kuzma,
base,16,Prizms Choice Tiger Stripe,false,,Kyle Kuzma,
base,16,Prizms Fast Break,false,,Kyle Kuzma,
base,16,Prizms Fast Break Blue,false,,Kyle Kuzma,
base,16,Prizms Fast Break Bronze,false,,Kyle Kuzma,
base,16,Prizms Fast Break Neon Green,false,,Kyle Kuzma,
base,16,Prizms Fast Break Pink,false,,Kyle Kuzma,
base,16,Prizms Fast Break Purple,false,,Kyle Kuzma,
base,16,Prizms Fast Break Red,false,,Kyle Kuzma,
base,16,Prizms Gold,false,,Kyle Kuzma,
base,16,Prizms Green,false,,Kyle Kuzma,
base,16,Prizms Green Pulsar,false,,Kyle Kuzma,
base,16,Prizms Hyper,false,,Kyle Kuzma,
base,16,Prizms Mojo,false,,Kyle Kuzma,
base,16,Prizms Orange,false,,Kyle Kuzma,
base,16,Prizms Pink Ice,false,,Kyle Kuzma,
base,16,Prizms Pink Pulsar,false,,Kyle Kuzma,
base,16,Prizms Purple,false,,Kyle Kuzma,
base,16,Prizms Purple Ice,false,,Kyle Kuzma,
base,16,Prizms Purple Pulsar,false,,Kyle Kuzma,
base,16,Prizms Purple Wave,false,,Kyle Kuzma,
base,16,Prizms Red,false,,Kyle Kuzma,
base,16,Prizms Red Ice,false,,Kyle Kuzma,
base,16,Prizms Red White and Blue,false,,Kyle Kuzma,
base,16,Prizms Ruby Wave,false,,Kyle Kuzma,
base,16,Prizms Silver,false,,Kyle Kuzma,
base,16,Prizms White Sparkle,false,,Kyle Kuzma,
base,16,Prizms 1st Off the Line Blue Shimmer,false,,Kyle Kuzma,
base,16,Prizms 1st Off the Line Light Blue Shimmer,false,,Kyle Kuzma,
base,16,Prizms 1st Off the Line Red Shimmer,false,,Kyle Kuzma,
base,16,Prizms Black,false,,Kyle Kuzma,
base,16,Prizms Black Gold,false,,Kyle Kuzma,
base,26,Prizms Blue,false,,Brandon Ingram,
base,26,Prizms Blue Ice,false,,Brandon Ingram,
base,26,Prizms Choice Blue Yellow and Green,false,,Brandon Ingram,
base,26,Prizms Choice Green,false,,Brandon Ingram,
base,26,Prizms Choice Nebula,false,,Brandon Ingram,
base,26,Prizms Choice Red,false,,Brandon Ingram,
base,26,Prizms Choice Tiger Stripe,false,,Brandon Ingram,
base,26,Prizms Fast Break,false,,Brandon Ingram,
base,26,Prizms Fast Break Blue,false,,Brandon Ingram,
base,26,Prizms Fast Break Bronze,false,,Brandon Ingram,
base,26,Prizms Fast Break Neon Green,false,,Brandon Ingram,
base,26,Prizms Fast Break Pink,false,,Brandon Ingram,
base,26,Prizms Fast Break Purple,false,,Brandon Ingram,
base,26,Prizms Fast Break Red,false,,Brandon Ingram,
base,26,Prizms Gold,false,,Brandon Ingram,
base,26,Prizms Green,false,,Brandon Ingram,
base,26,Prizms Green Pulsar,false,,Brandon Ingram,
base,26,Prizms Hyper,false,,Brandon Ingram,
base,26,Prizms Mojo,false,,Brandon Ingram,
base,26,Prizms Orange,false,,Brandon Ingram,
base,26,Prizms Pink Ice,false,,Brandon Ingram,
base,26,Prizms Pink Pulsar,false,,Brandon Ingram,
base,26,Prizms Purple,false,,Brandon Ingram,
base,26,Prizms Purple Ice,false,,Brandon Ingram,
base,26,Prizms Purple Pulsar,false,,Brandon Ingram,
base,26,Prizms Purple Wave,false,,Brandon Ingram,
base,26,Prizms Red,false,,Brandon Ingram,
base,26,Prizms Red Ice,false,,Brandon Ingram,
base,26,Prizms Red White and Blue,false,,Brandon Ingram,
base,26,Prizms Ruby Wave,false,,Brandon Ingram,
base,26,Prizms Silver,false,,Brandon Ingram,
base,26,Prizms White Sparkle,false,,Brandon Ingram,
base,26,Prizms 1st Off the Line Blue Shimmer,false,,Brandon Ingram,
base,26,Prizms 1st Off the Line Light Blue Shimmer,false,,Brandon Ingram,
base,26,Prizms 1st Off the Line Red Shimmer,false,,Brandon Ingram,
base,26,Prizms Black,false,,Brandon Ingram,
base,26,Prizms Black Gold,false,,Brandon Ingram,
base,145,Prizms Blue,false,,Jerry West,
base,145,Prizms Blue Ice,false,,Jerry West,
base,145,Prizms Choice Blue Yellow and Green,false,,Jerry West,
base,145,Prizms Choice Green,false,,Jerry West,
base,145,Prizms Choice Nebula,false,,Jerry West,
base,145,Prizms Choice Red,false,,Jerry West,
base,145,Prizms Choice Tiger Stripe,false,,Jerry West,
base,145,Prizms Fast Break,false,,Jerry West,
base,145,Prizms Fast Break Blue,false,,Jerry West,
base,145,Prizms Fast Break Bronze,false,,Jerry West,
base,145,Prizms Fast Break Neon Green,false,,Jerry West,
base,145,Prizms Fast Break Pink,false,,Jerry West,
base,145,Prizms Fast Break Purple,false,,Jerry West,
base,145,Prizms Fast Break Red,false,,Jerry West,
base,145,Prizms Gold,false,,Jerry West,
base,145,Prizms Green,false,,Jerry West,
base,145,Prizms Green Pulsar,false,,Jerry West,
base,145,Prizms Hyper,false,,Jerry West,
base,145,Prizms Mojo,false,,Jerry West,
base,145,Prizms Orange,false,,Jerry West,
base,145,Prizms Pink Ice,false,,Jerry West,
base,145,Prizms Pink Pulsar,false,,Jerry West,
base,145,Prizms Purple,false,,Jerry West,
base,145,Prizms Purple Ice,false,,Jerry West,
base,145,Prizms Purple Pulsar,false,,Jerry West,
base,145,Prizms Purple Wave,false,,Jerry West,
base,145,Prizms Red,false,,Jerry West,
base,145,Prizms Red Ice,false,,Jerry West,
base,145,Prizms Red White and Blue,false,,Jerry West,
base,145,Prizms Ruby Wave,false,,Jerry West,
base,145,Prizms Silver,false,,Jerry West,
base,145,Prizms White Sparkle,false,,Jerry West,
base,145,Prizms 1st Off the Line Blue Shimmer,false,,Jerry West,
base,145,Prizms 1st Off the Line Light Blue Shimmer,false,,Jerry West,
base,145,Prizms 1st Off the Line Red Shimmer,false,,Jerry West,
base,145,Prizms Black,false,,Jerry West,
base,145,Prizms Black Gold,false,,Jerry West,
base,15,Prizms Blue,false,,Kobe Bryant,
base,15,Prizms Blue Ice,false,,Kobe Bryant,
base,15,Prizms Choice Blue Yellow and Green,false,,Kobe Bryant,
base,15,Prizms Choice Green,false,,Kobe Bryant,
base,15,Prizms Choice Nebula,false,,Kobe Bryant,
base,15,Prizms Choice Red,false,,Kobe Bryant,
base,15,Prizms Choice Tiger Stripe,false,,Kobe Bryant,
base,15,Prizms Fast Break,false,,Kobe Bryant,
base,15,Prizms Fast Break Blue,false,,Kobe Bryant,
base,15,Prizms Fast Break Bronze,false,,Kobe Bryant,
base,15,Prizms Fast Break Neon Green,false,,Kobe Bryant,
base,15,Prizms Fast Break Pink,false,,Kobe Bryant,
base,15,Prizms Fast Break Purple,false,,Kobe Bryant,
base,15,Prizms Fast Break Red,false,,Kobe Bryant,
base,15,Prizms Gold,false,,Kobe Bryant,
base,15,Prizms Green,false,,Kobe Bryant,
base,15,Prizms Green Pulsar,false,,Kobe Bryant,
base,15,Prizms Hyper,false,,Kobe Bryant,
base,15,Prizms Mojo,false,,Kobe Bryant,
base,15,Prizms Orange,false,,Kobe Bryant,
base,15,Prizms Pink Ice,false,,Kobe Bryant,
base,15,Prizms Pink Pulsar,false,,Kobe Bryant,
base,15,Prizms Purple,false,,Kobe Bryant,
base,15,Prizms Purple Ice,false,,Kobe Bryant,
base,15,Prizms Purple Pulsar,false,,Kobe Bryant,
base,15,Prizms Purple Wave,false,,Kobe Bryant,
base,15,Prizms Red,false,,Kobe Bryant,
base,15,Prizms Red Ice,false,,Kobe Bryant,
base,15,Prizms Red White and Blue,false,,Kobe Bryant,
base,15,Prizms Ruby Wave,false,,Kobe Bryant,
base,15,Prizms Silver,false,,Kobe Bryant,
base,15,Prizms White Sparkle,false,,Kobe Bryant,
base,15,Prizms 1st Off the Line Blue Shimmer,false,,Kobe Bryant,
base,15,Prizms 1st Off the Line Light Blue Shimmer,false,,Kobe Bryant,
base,15,Prizms 1st Off the Line Red Shimmer,false,,Kobe Bryant,
base,15,Prizms Black,false,,Kobe Bryant,
base,15,Prizms Black Gold,false,,Kobe Bryant,
base,294,Prizms Blue,false,,Lonzo Ball,
base,294,Prizms Blue Ice,false,,Lonzo Ball,
base,294,Prizms Choice Blue Yellow and Green,false,,Lonzo Ball,
base,294,Prizms Choice Green,false,,Lonzo Ball,
base,294,Prizms Choice Nebula,false,,Lonzo Ball,
base,294,Prizms Choice Red,false,,Lonzo Ball,
base,294,Prizms Choice Tiger Stripe,false,,Lonzo Ball,
base,294,Prizms Fast Break,false,,Lonzo Ball,
base,294,Prizms Fast Break Blue,false,,Lonzo Ball,
base,294,Prizms Fast Break Bronze,false,,Lonzo Ball,
base,294,Prizms Fast Break Neon Green,false,,Lonzo Ball,
base,294,Prizms Fast Break Pink,false,,Lonzo Ball,
base,294,Prizms Fast Break Purple,false,,Lonzo Ball,
base,294,Prizms Fast Break Red,false,,Lonzo Ball,
base,294,Prizms Gold,false,,Lonzo Ball,
base,294,Prizms Green,false,,Lonzo Ball,
base,294,Prizms Green Pulsar,false,,Lonzo Ball,
base,294,Prizms Hyper,false,,Lonzo Ball,
base,294,Prizms Mojo,false,,Lonzo Ball,
base,294,Prizms Orange,false,,Lonzo Ball,
base,294,Prizms Pink Ice,false,,Lonzo Ball,
base,294,Prizms Pink Pulsar,false,,Lonzo Ball,
base,294,Prizms Purple,false,,Lonzo Ball,
base,294,Prizms Purple Ice,false,,Lonzo Ball,
base,294,Prizms Purple Pulsar,false,,Lonzo Ball,
base,294,Prizms Purple Wave,false,,Lonzo Ball,
base,294,Prizms Red,false,,Lonzo Ball,
base,294,Prizms Red Ice,false,,Lonzo Ball,
base,294,Prizms Red White and Blue,false,,Lonzo Ball,
base,294,Prizms Ruby Wave,false,,Lonzo Ball,
base,294,Prizms Silver,false,,Lonzo Ball,
base,294,Prizms White Sparkle,false,,Lonzo Ball,
base,294,Prizms 1st Off the Line Blue Shimmer,false,,Lonzo Ball,
base,294,Prizms 1st Off the Line Light Blue Shimmer,false,,Lonzo Ball,
base,294,Prizms 1st Off the Line Red Shimmer,false,,Lonzo Ball,
base,294,Prizms Black,false,,Lonzo Ball,
base,294,Prizms Black Gold,false,,Lonzo Ball,
insert-sensational-swatches,59,Prime,false,10,LeBron James,
insert-go-hard-or-go-home,2,Silver,false,,LeBron James,
insert-go-hard-or-go-home,2,Fast Break,false,,LeBron James,
insert-go-hard-or-go-home,2,Hyper,false,,LeBron James,
insert-go-hard-or-go-home,2,Mojo,false,25,LeBron James,
insert-go-hard-or-go-home,2,Gold,false,10,LeBron James,
insert-go-hard-or-go-home,2,Black,false,1,LeBron James,
insert-dominance,29,Green,false,,LeBron James,
insert-dominance,29,Silver,false,,LeBron James,
insert-sensational-swatches,49,Prime,false,10,Shaquille O'Neal,
base,284,Prizms Blue,false,,Moritz Wagner,
base,284,Prizms Blue Ice,false,,Moritz Wagner,
base,284,Prizms Choice Blue Yellow and Green,false,,Moritz Wagner,
base,284,Prizms Choice Green,false,,Moritz Wagner,
base,284,Prizms Choice Nebula,false,,Moritz Wagner,
base,284,Prizms Choice Red,false,,Moritz Wagner,
base,284,Prizms Choice Tiger Stripe,false,,Moritz Wagner,
base,284,Prizms Fast Break,false,,Moritz Wagner,
base,284,Prizms Fast Break Blue,false,,Moritz Wagner,
base,284,Prizms Fast Break Bronze,false,,Moritz Wagner,
base,284,Prizms Fast Break Neon Green,false,,Moritz Wagner,
base,284,Prizms Fast Break Pink,false,,Moritz Wagner,
base,284,Prizms Fast Break Purple,false,,Moritz Wagner,
base,284,Prizms Fast Break Red,false,,Moritz Wagner,
base,284,Prizms Gold,false,,Moritz Wagner,
base,284,Prizms Green,false,,Moritz Wagner,
base,284,Prizms Green Pulsar,false,,Moritz Wagner,
base,284,Prizms Hyper,false,,Moritz Wagner,
base,284,Prizms Mojo,false,,Moritz Wagner,
base,284,Prizms Orange,false,,Moritz Wagner,
base,284,Prizms Pink Ice,false,,Moritz Wagner,
base,284,Prizms Pink Pulsar,false,,Moritz Wagner,
base,284,Prizms Purple,false,,Moritz Wagner,
base,284,Prizms Purple Ice,false,,Moritz Wagner,
base,284,Prizms Purple Pulsar,false,,Moritz Wagner,
base,284,Prizms Purple Wave,false,,Moritz Wagner,
base,284,Prizms Red,false,,Moritz Wagner,
base,284,Prizms Red Ice,false,,Moritz Wagner,
base,284,Prizms Red White and Blue,false,,Moritz Wagner,
base,284,Prizms Ruby Wave,false,,Moritz Wagner,
base,284,Prizms Silver,false,,Moritz Wagner,
base,284,Prizms White Sparkle,false,,Moritz Wagner,
base,284,Prizms 1st Off the Line Blue Shimmer,false,,Moritz Wagner,
base,284,Prizms 1st Off the Line Light Blue Shimmer,false,,Moritz Wagner,
base,284,Prizms 1st Off the Line Red Shimmer,false,,Moritz Wagner,
base,284,Prizms Black,false,,Moritz Wagner,
base,284,Prizms Black Gold,false,,Moritz Wagner,
base,35,Prizms Blue,false,,Shaquille O'Neal,
base,35,Prizms Blue Ice,false,,Shaquille O'Neal,
base,35,Prizms Choice Blue Yellow and Green,false,,Shaquille O'Neal,
base,35,Prizms Choice Green,false,,Shaquille O'Neal,
base,35,Prizms Choice Nebula,false,,Shaquille O'Neal,
base,35,Prizms Choice Red,false,,Shaquille O'Neal,
base,35,Prizms Choice Tiger Stripe,false,,Shaquille O'Neal,
base,35,Prizms Fast Break,false,,Shaquille O'Neal,
base,35,Prizms Fast Break Blue,false,,Shaquille O'Neal,
base,35,Prizms Fast Break Bronze,false,,Shaquille O'Neal,
base,35,Prizms Fast Break Neon Green,false,,Shaquille O'Neal,
base,35,Prizms Fast Break Pink,false,,Shaquille O'Neal,
base,35,Prizms Fast Break Purple,false,,Shaquille O'Neal,
base,35,Prizms Fast Break Red,false,,Shaquille O'Neal,
base,35,Prizms Gold,false,,Shaquille O'Neal,
base,35,Prizms Green,false,,Shaquille O'Neal,
base,35,Prizms Green Pulsar,false,,Shaquille O'Neal,
base,35,Prizms Hyper,false,,Shaquille O'Neal,
base,35,Prizms Mojo,false,,Shaquille O'Neal,
base,35,Prizms Orange,false,,Shaquille O'Neal,
base,35,Prizms Pink Ice,false,,Shaquille O'Neal,
base,35,Prizms Pink Pulsar,false,,Shaquille O'Neal,
base,35,Prizms Purple,false,,Shaquille O'Neal,
base,35,Prizms Purple Ice,false,,Shaquille O'Neal,
base,35,Prizms Purple Pulsar,false,,Shaquille O'Neal,
base,35,Prizms Purple Wave,false,,Shaquille O'Neal,
base,35,Prizms Red,false,,Shaquille O'Neal,
base,35,Prizms Red Ice,false,,Shaquille O'Neal,
base,35,Prizms Red White and Blue,false,,Shaquille O'Neal,
base,35,Prizms Ruby Wave,false,,Shaquille O'Neal,
base,35,Prizms Silver,false,,Shaquille O'Neal,
base,35,Prizms White Sparkle,false,,Shaquille O'Neal,
base,35,Prizms 1st Off the Line Blue Shimmer,false,,Shaquille O'Neal,
base,35,Prizms 1st Off the Line Light Blue Shimmer,false,,Shaquille O'Neal,
base,35,Prizms 1st Off the Line Red Shimmer,false,,Shaquille O'Neal,
base,35,Prizms Black,false,,Shaquille O'Neal,
base,35,Prizms Black Gold,false,,Shaquille O'Neal,
insert-emergent,25,Silver,false,,Moritz Wagner,
insert-emergent,25,Green,false,,Moritz Wagner,
base,36,Prizms Blue,false,,Rajon Rondo,
base,36,Prizms Blue Ice,false,,Rajon Rondo,
base,36,Prizms Choice Blue Yellow and Green,false,,Rajon Rondo,
base,36,Prizms Choice Green,false,,Rajon Rondo,
base,36,Prizms Choice Nebula,false,,Rajon Rondo,
base,36,Prizms Choice Red,false,,Rajon Rondo,
base,36,Prizms Choice Tiger Stripe,false,,Rajon Rondo,
base,36,Prizms Fast Break,false,,Rajon Rondo,
base,36,Prizms Fast Break Blue,false,,Rajon Rondo,
base,36,Prizms Fast Break Bronze,false,,Rajon Rondo,
base,36,Prizms Fast Break Neon Green,false,,Rajon Rondo,
base,36,Prizms Fast Break Pink,false,,Rajon Rondo,
base,36,Prizms Fast Break Purple,false,,Rajon Rondo,
base,36,Prizms Fast Break Red,false,,Rajon Rondo,
base,36,Prizms Gold,false,,Rajon Rondo,
base,36,Prizms Green,false,,Rajon Rondo,
base,36,Prizms Green Pulsar,false,,Rajon Rondo,
base,36,Prizms Hyper,false,,Rajon Rondo,
base,36,Prizms Mojo,false,,Rajon Rondo,
base,36,Prizms Orange,false,,Rajon Rondo,
base,36,Prizms Pink Ice,false,,Rajon Rondo,
base,36,Prizms Pink Pulsar,false,,Rajon Rondo,
base,36,Prizms Purple,false,,Rajon Rondo,
base,36,Prizms Purple Ice,false,,Rajon Rondo,
base,36,Prizms Purple Pulsar,false,,Rajon Rondo,
base,36,Prizms Purple Wave,false,,Rajon Rondo,
base,36,Prizms Red,false,,Rajon Rondo,
base,36,Prizms Red Ice,false,,Rajon Rondo,
base,36,Prizms Red White and Blue,false,,Rajon Rondo,
base,36,Prizms Ruby Wave,false,,Rajon Rondo,
base,36,Prizms Silver,false,,Rajon Rondo,
base,36,Prizms White Sparkle,false,,Rajon Rondo,
base,36,Prizms 1st Off the Line Blue Shimmer,false,,Rajon Rondo,
base,36,Prizms 1st Off the Line Light Blue Shimmer,false,,Rajon Rondo,
base,36,Prizms 1st Off the Line Red Shimmer,false,,Rajon Rondo,
base,36,Prizms Black,false,,Rajon Rondo,
base,36,Prizms Black Gold,false,,Rajon Rondo,
insert-sensational-swatches,19,Prime,false,10,Kobe Bryant,
auto-fastbreak-autographs,FB-GRC,Gold,true,10,Glen Rice,
auto-fastbreak-autographs,FB-GRC,Black,true,1,Glen Rice,
base,274,Prizms Blue,false,,Svi Mykhailiuk,
base,274,Prizms Blue Ice,false,,Svi Mykhailiuk,
base,274,Prizms Choice Blue Yellow and Green,false,,Svi Mykhailiuk,
base,274,Prizms Choice Green,false,,Svi Mykhailiuk,
base,274,Prizms Choice Nebula,false,,Svi Mykhailiuk,
base,274,Prizms Choice Red,false,,Svi Mykhailiuk,
base,274,Prizms Choice Tiger Stripe,false,,Svi Mykhailiuk,
base,274,Prizms Fast Break,false,,Svi Mykhailiuk,
base,274,Prizms Fast Break Blue,false,,Svi Mykhailiuk,
base,274,Prizms Fast Break Bronze,false,,Svi Mykhailiuk,
base,274,Prizms Fast Break Neon Green,false,,Svi Mykhailiuk,
base,274,Prizms Fast Break Pink,false,,Svi Mykhailiuk,
base,274,Prizms Fast Break Purple,false,,Svi Mykhailiuk,
base,274,Prizms Fast Break Red,false,,Svi Mykhailiuk,
base,274,Prizms Gold,false,,Svi Mykhailiuk,
base,274,Prizms Green,false,,Svi Mykhailiuk,
base,274,Prizms Green Pulsar,false,,Svi Mykhailiuk,
base,274,Prizms Hyper,false,,Svi Mykhailiuk,
base,274,Prizms Mojo,false,,Svi Mykhailiuk,
base,274,Prizms Orange,false,,Svi Mykhailiuk,
base,274,Prizms Pink Ice,false,,Svi Mykhailiuk,
base,274,Prizms Pink Pulsar,false,,Svi Mykhailiuk,
base,274,Prizms Purple,false,,Svi Mykhailiuk,
base,274,Prizms Purple Ice,false,,Svi Mykhailiuk,
base,274,Prizms Purple Pulsar,false,,Svi Mykhailiuk,
base,274,Prizms Purple Wave,false,,Svi Mykhailiuk,
base,274,Prizms Red,false,,Svi Mykhailiuk,
base,274,Prizms Red Ice,false,,Svi Mykhailiuk,
base,274,Prizms Red White and Blue,false,,Svi Mykhailiuk,
base,274,Prizms Ruby Wave,false,,Svi Mykhailiuk,
base,274,Prizms Silver,false,,Svi Mykhailiuk,
base,274,Prizms White Sparkle,false,,Svi Mykhailiuk,
base,274,Prizms 1st Off the Line Blue Shimmer,false,,Svi Mykhailiuk,
base,274,Prizms 1st Off the Line Light Blue Shimmer,false,,Svi Mykhailiuk,
base,274,Prizms 1st Off the Line Red Shimmer,false,,Svi Mykhailiuk,
base,274,Prizms Black,false,,Svi Mykhailiuk,
base,274,Prizms Black Gold,false,,Svi Mykhailiuk,
auto-fastbreak-autographs,FB-IZB,Gold,true,10,Ivica Zubac,
auto-fastbreak-autographs,FB-IZB,Black,true,1,Ivica Zubac,
auto-fastbreak-autographs,FB-KBR,Gold,true,10,Kobe Bryant,
auto-fastbreak-autographs,FB-KBR,Black,true,1,Kobe Bryant,
base,6,Prizms Blue,false,,LeBron James,
base,6,Prizms Blue Ice,false,,LeBron James,
base,6,Prizms Choice Blue Yellow and Green,false,,LeBron James,
base,6,Prizms Choice Green,false,,LeBron James,
base,6,Prizms Choice Nebula,false,,LeBron James,
base,6,Prizms Choice Red,false,,LeBron James,
base,6,Prizms Choice Tiger Stripe,false,,LeBron James,
base,6,Prizms Fast Break,false,,LeBron James,
base,6,Prizms Fast Break Blue,false,,LeBron James,
base,6,Prizms Fast Break Bronze,false,,LeBron James,
base,6,Prizms Fast Break Neon Green,false,,LeBron James,
base,6,Prizms Fast Break Pink,false,,LeBron James,
base,6,Prizms Fast Break Purple,false,,LeBron James,
base,6,Prizms Fast Break Red,false,,LeBron James,
base,6,Prizms Gold,false,,LeBron James,
base,6,Prizms Green,false,,LeBron James,
base,6,Prizms Green Pulsar,false,,LeBron James,
base,6,Prizms Hyper,false,,LeBron James,
base,6,Prizms Mojo,false,,LeBron James,
base,6,Prizms Orange,false,,LeBron James,
base,6,Prizms Pink Ice,false,,LeBron James,
base,6,Prizms Pink Pulsar,false,,LeBron James,
base,6,Prizms Purple,false,,LeBron James,
base,6,Prizms Purple Ice,false,,LeBron James,
base,6,Prizms Purple Pulsar,false,,LeBron James,
base,6,Prizms Purple Wave,false,,LeBron James,
base,6,Prizms Red,false,,LeBron James,
base,6,Prizms Red Ice,false,,LeBron James,
base,6,Prizms Red White and Blue,false,,LeBron James,
base,6,Prizms Ruby Wave,false,,LeBron James,
base,6,Prizms Silver,false,,LeBron James,
base,6,Prizms White Sparkle,false,,LeBron James,
base,6,Prizms 1st Off the Line Blue Shimmer,false,,LeBron James,
base,6,Prizms 1st Off the Line Light Blue Shimmer,false,,LeBron James,
base,6,Prizms 1st Off the Line Red Shimmer,false,,LeBron James,
base,6,Prizms Black,false,,LeBron James,
base,6,Prizms Black Gold,false,,LeBron James,
insert-that-s-savage,2,Silver,false,,LeBron James,
insert-that-s-savage,2,Fast Break,false,,LeBron James,
insert-that-s-savage,2,Hyper,false,,LeBron James,
insert-that-s-savage,2,Mojo,false,25,LeBron James,
insert-that-s-savage,2,Gold,false,10,LeBron James,
insert-that-s-savage,2,Black,false,1,LeBron James,
auto-signatures,S-LWT,Prizms Choice,true,,Luke Walton,
auto-signatures,S-LWT,Prizms Silver,true,,Luke Walton,
auto-signatures,S-LWT,Prizms Mojo,true,25,Luke Walton,
auto-signatures,S-LWT,Prizms Gold,true,10,Luke Walton,
auto-signatures,S-LWT,Prizms Choice Green,true,8,Luke Walton,
auto-signatures,S-LWT,Prizms Black,true,1,Luke Walton,
insert-hall-monitors,9,Green,false,,Kareem Abdul-Jabbar,
insert-hall-monitors,9,Silver,false,,Kareem Abdul-Jabbar,
auto-fastbreak-autographs,FB-LWT,Gold,true,10,Luke Walton,
auto-fastbreak-autographs,FB-LWT,Black,true,1,Luke Walton,
auto-fastbreak-autographs,FB-MJS,Gold,true,10,Magic Johnson,
auto-fastbreak-autographs,FB-MJS,Black,true,1,Magic Johnson,
auto-sensational-signatures,SS-SVI,Prizms Choice,true,,Svi Mykhailiuk,
auto-sensational-signatures,SS-SVI,Prizms Mojo,true,25,Svi Mykhailiuk,
auto-sensational-signatures,SS-SVI,Prizms Gold,true,10,Svi Mykhailiuk,
auto-sensational-signatures,SS-SVI,Prizms Choice Green,true,8,Svi Mykhailiuk,
auto-sensational-signatures,SS-SVI,Prizms Black,true,1,Svi Mykhailiuk,
auto-signatures,S-KAJ,Prizms Choice,true,,Kareem Abdul-Jabbar,
auto-signatures,S-KAJ,Prizms Silver,true,,Kareem Abdul-Jabbar,
auto-signatures,S-KAJ,Prizms Mojo,true,25,Kareem Abdul-Jabbar,
auto-signatures,S-KAJ,Prizms Gold,true,10,Kareem Abdul-Jabbar,
auto-signatures,S-KAJ,Prizms Choice Green,true,8,Kareem Abdul-Jabbar,
auto-signatures,S-KAJ,Prizms Black,true,1,Kareem Abdul-Jabbar,
base,46,Prizms Blue,false,,Josh Hart,
base,46,Prizms Blue Ice,false,,Josh Hart,
base,46,Prizms Choice Blue Yellow and Green,false,,Josh Hart,
base,46,Prizms Choice Green,false,,Josh Hart,
base,46,Prizms Choice Nebula,false,,Josh Hart,
base,46,Prizms Choice Red,false,,Josh Hart,
base,46,Prizms Choice Tiger Stripe,false,,Josh Hart,
base,46,Prizms Fast Break,false,,Josh Hart,
base,46,Prizms Fast Break Blue,false,,Josh Hart,
base,46,Prizms Fast Break Bronze,false,,Josh Hart,
base,46,Prizms Fast Break Neon Green,false,,Josh Hart,
base,46,Prizms Fast Break Pink,false,,Josh Hart,
base,46,Prizms Fast Break Purple,false,,Josh Hart,
base,46,Prizms Fast Break Red,false,,Josh Hart,
base,46,Prizms Gold,false,,Josh Hart,
base,46,Prizms Green,false,,Josh Hart,
base,46,Prizms Green Pulsar,false,,Josh Hart,
base,46,Prizms Hyper,false,,Josh Hart,
base,46,Prizms Mojo,false,,Josh Hart,
base,46,Prizms Orange,false,,Josh Hart,
base,46,Prizms Pink Ice,false,,Josh Hart,
base,46,Prizms Pink Pulsar,false,,Josh Hart,
base,46,Prizms Purple,false,,Josh Hart,
base,46,Prizms Purple Ice,false,,Josh Hart,
base,46,Prizms Purple Pulsar,false,,Josh Hart,
base,46,Prizms Purple Wave,false,,Josh Hart,
base,46,Prizms Red,false,,Josh Hart,
base,46,Prizms Red Ice,false,,Josh Hart,
base,46,Prizms Red White and Blue,false,,Josh Hart,
base,46,Prizms Ruby Wave,false,,Josh Hart,
base,46,Prizms Silver,false,,Josh Hart,
base,46,Prizms White Sparkle,false,,Josh Hart,
base,46,Prizms 1st Off the Line Blue Shimmer,false,,Josh Hart,
base,46,Prizms 1st Off the Line Light Blue Shimmer,false,,Josh Hart,
base,46,Prizms 1st Off the Line Red Shimmer,false,,Josh Hart,
base,46,Prizms Black,false,,Josh Hart,
base,46,Prizms Black Gold,false,,Josh Hart,
insert-hall-monitors,1,Green,false,,Magic Johnson,
insert-hall-monitors,1,Silver,false,,Magic Johnson,
base,115,Prizms Blue,false,,Kareem Abdul-Jabbar,
base,115,Prizms Blue Ice,false,,Kareem Abdul-Jabbar,
base,115,Prizms Choice Blue Yellow and Green,false,,Kareem Abdul-Jabbar,
base,115,Prizms Choice Green,false,,Kareem Abdul-Jabbar,
base,115,Prizms Choice Nebula,false,,Kareem Abdul-Jabbar,
base,115,Prizms Choice Red,false,,Kareem Abdul-Jabbar,
base,115,Prizms Choice Tiger Stripe,false,,Kareem Abdul-Jabbar,
base,115,Prizms Fast Break,false,,Kareem Abdul-Jabbar,
base,115,Prizms Fast Break Blue,false,,Kareem Abdul-Jabbar,
base,115,Prizms Fast Break Bronze,false,,Kareem Abdul-Jabbar,
base,115,Prizms Fast Break Neon Green,false,,Kareem Abdul-Jabbar,
base,115,Prizms Fast Break Pink,false,,Kareem Abdul-Jabbar,
base,115,Prizms Fast Break Purple,false,,Kareem Abdul-Jabbar,
base,115,Prizms Fast Break Red,false,,Kareem Abdul-Jabbar,
base,115,Prizms Gold,false,,Kareem Abdul-Jabbar,
base,115,Prizms Green,false,,Kareem Abdul-Jabbar,
base,115,Prizms Green Pulsar,false,,Kareem Abdul-Jabbar,
base,115,Prizms Hyper,false,,Kareem Abdul-Jabbar,
base,115,Prizms Mojo,false,,Kareem Abdul-Jabbar,
base,115,Prizms Orange,false,,Kareem Abdul-Jabbar,
base,115,Prizms Pink Ice,false,,Kareem Abdul-Jabbar,
base,115,Prizms Pink Pulsar,false,,Kareem Abdul-Jabbar,
base,115,Prizms Purple,false,,Kareem Abdul-Jabbar,
base,115,Prizms Purple Ice,false,,Kareem Abdul-Jabbar,
base,115,Prizms Purple Pulsar,false,,Kareem Abdul-Jabbar,
base,115,Prizms Purple Wave,false,,Kareem Abdul-Jabbar,
base,115,Prizms Red,false,,Kareem Abdul-Jabbar,
base,115,Prizms Red Ice,false,,Kareem Abdul-Jabbar,
base,115,Prizms Red White and Blue,false,,Kareem Abdul-Jabbar,
base,115,Prizms Ruby Wave,false,,Kareem Abdul-Jabbar,
base,115,Prizms Silver,false,,Kareem Abdul-Jabbar,
base,115,Prizms White Sparkle,false,,Kareem Abdul-Jabbar,
base,115,Prizms 1st Off the Line Blue Shimmer,false,,Kareem Abdul-Jabbar,
base,115,Prizms 1st Off the Line Light Blue Shimmer,false,,Kareem Abdul-Jabbar,
base,115,Prizms 1st Off the Line Red Shimmer,false,,Kareem Abdul-Jabbar,
base,115,Prizms Black,false,,Kareem Abdul-Jabbar,
base,115,Prizms Black Gold,false,,Kareem Abdul-Jabbar,
auto-sensational-signatures,SS-MWG,Prizms Choice,true,,Moritz Wagner,
auto-sensational-signatures,SS-MWG,Prizms Mojo,true,25,Moritz Wagner,
auto-sensational-signatures,SS-MWG,Prizms Gold,true,10,Moritz Wagner,
auto-sensational-signatures,SS-MWG,Prizms Choice Green,true,8,Moritz Wagner,
auto-sensational-signatures,SS-MWG,Prizms Black,true,1,Moritz Wagner,
auto-signatures,S-KBR,Prizms Choice,true,,Kobe Bryant,
auto-signatures,S-KBR,Prizms Silver,true,,Kobe Bryant,
auto-signatures,S-KBR,Prizms Mojo,true,25,Kobe Bryant,
auto-signatures,S-KBR,Prizms Gold,true,10,Kobe Bryant,
auto-signatures,S-KBR,Prizms Choice Green,true,8,Kobe Bryant,
auto-signatures,S-KBR,Prizms Black,true,1,Kobe Bryant,
auto-fastbreak-autographs-rookies,FR-MWG,Gold,true,10,Moritz Wagner,
auto-fastbreak-autographs-rookies,FR-MWG,Black,true,1,Moritz Wagner,
auto-sensational-signatures,SS-KAJ,Prizms Choice,true,,Kareem Abdul-Jabbar,
auto-sensational-signatures,SS-KAJ,Prizms Mojo,true,25,Kareem Abdul-Jabbar,
auto-sensational-signatures,SS-KAJ,Prizms Gold,true,10,Kareem Abdul-Jabbar,
auto-sensational-signatures,SS-KAJ,Prizms Choice Green,true,8,Kareem Abdul-Jabbar,
auto-sensational-signatures,SS-KAJ,Prizms Black,true,1,Kareem Abdul-Jabbar,
insert-fireworks,7,Silver,false,,Lonzo Ball,
insert-fireworks,7,Fast Break,false,,Lonzo Ball,
insert-fireworks,7,Hyper,false,,Lonzo Ball,
insert-fireworks,7,Mojo,false,25,Lonzo Ball,
insert-fireworks,7,Fast Gold,false,10,Lonzo Ball,
insert-fireworks,7,Black,false,1,Lonzo Ball,
insert-fireworks,17,Silver,false,,Kyle Kuzma,
insert-fireworks,17,Fast Break,false,,Kyle Kuzma,
insert-fireworks,17,Hyper,false,,Kyle Kuzma,
insert-fireworks,17,Mojo,false,25,Kyle Kuzma,
insert-fireworks,17,Fast Gold,false,10,Kyle Kuzma,
insert-fireworks,17,Black,false,1,Kyle Kuzma,
insert-fireworks,19,Silver,false,,LeBron James,
insert-fireworks,19,Fast Break,false,,LeBron James,
insert-fireworks,19,Hyper,false,,LeBron James,
insert-fireworks,19,Mojo,false,25,LeBron James,
insert-fireworks,19,Fast Gold,false,10,LeBron James,
insert-fireworks,19,Black,false,1,LeBron James,
insert-freshman-phenoms,1,Green,false,,Moritz Wagner,
insert-freshman-phenoms,1,Silver,false,,Moritz Wagner,
base,56,Prizms Blue,false,,Kentavious Caldwell-Pope,
base,56,Prizms Blue Ice,false,,Kentavious Caldwell-Pope,
base,56,Prizms Choice Blue Yellow and Green,false,,Kentavious Caldwell-Pope,
base,56,Prizms Choice Green,false,,Kentavious Caldwell-Pope,
base,56,Prizms Choice Nebula,false,,Kentavious Caldwell-Pope,
base,56,Prizms Choice Red,false,,Kentavious Caldwell-Pope,
base,56,Prizms Choice Tiger Stripe,false,,Kentavious Caldwell-Pope,
base,56,Prizms Fast Break,false,,Kentavious Caldwell-Pope,
base,56,Prizms Fast Break Blue,false,,Kentavious Caldwell-Pope,
base,56,Prizms Fast Break Bronze,false,,Kentavious Caldwell-Pope,
base,56,Prizms Fast Break Neon Green,false,,Kentavious Caldwell-Pope,
base,56,Prizms Fast Break Pink,false,,Kentavious Caldwell-Pope,
base,56,Prizms Fast Break Purple,false,,Kentavious Caldwell-Pope,
base,56,Prizms Fast Break Red,false,,Kentavious Caldwell-Pope,
base,56,Prizms Gold,false,,Kentavious Caldwell-Pope,
base,56,Prizms Green,false,,Kentavious Caldwell-Pope,
base,56,Prizms Green Pulsar,false,,Kentavious Caldwell-Pope,
base,56,Prizms Hyper,false,,Kentavious Caldwell-Pope,
base,56,Prizms Mojo,false,,Kentavious Caldwell-Pope,
base,56,Prizms Orange,false,,Kentavious Caldwell-Pope,
base,56,Prizms Pink Ice,false,,Kentavious Caldwell-Pope,
base,56,Prizms Pink Pulsar,false,,Kentavious Caldwell-Pope,
base,56,Prizms Purple,false,,Kentavious Caldwell-Pope,
base,56,Prizms Purple Ice,false,,Kentavious Caldwell-Pope,
base,56,Prizms Purple Pulsar,false,,Kentavious Caldwell-Pope,
base,56,Prizms Purple Wave,false,,Kentavious Caldwell-Pope,
base,56,Prizms Red,false,,Kentavious Caldwell-Pope,
base,56,Prizms Red Ice,false,,Kentavious Caldwell-Pope,
base,56,Prizms Red White and Blue,false,,Kentavious Caldwell-Pope,
base,56,Prizms Ruby Wave,false,,Kentavious Caldwell-Pope,
base,56,Prizms Silver,false,,Kentavious Caldwell-Pope,
base,56,Prizms White Sparkle,false,,Kentavious Caldwell-Pope,
base,56,Prizms 1st Off the Line Blue Shimmer,false,,Kentavious Caldwell-Pope,
base,56,Prizms 1st Off the Line Light Blue Shimmer,false,,Kentavious Caldwell-Pope,
base,56,Prizms 1st Off the Line Red Shimmer,false,,Kentavious Caldwell-Pope,
base,56,Prizms Black,false,,Kentavious Caldwell-Pope,
base,56,Prizms Black Gold,false,,Kentavious Caldwell-Pope,
auto-sensational-signatures,SS-IZB,Prizms Choice,true,,Ivica Zubac,
auto-sensational-signatures,SS-IZB,Prizms Mojo,true,25,Ivica Zubac,
auto-sensational-signatures,SS-IZB,Prizms Gold,true,10,Ivica Zubac,
auto-sensational-signatures,SS-IZB,Prizms Choice Green,true,8,Ivica Zubac,
auto-sensational-signatures,SS-IZB,Prizms Black,true,1,Ivica Zubac,
insert-hall-monitors,6,Green,false,,Shaquille O'Neal,
insert-hall-monitors,6,Silver,false,,Shaquille O'Neal,
auto-rookie-signatures,RS-MWG,Prizms Silver,true,,Moritz Wagner,
auto-rookie-signatures,RS-MWG,Prizms Choice,true,,Moritz Wagner,
auto-rookie-signatures,RS-MWG,Prizms Mojo,true,25,Moritz Wagner,
auto-rookie-signatures,RS-MWG,Prizms Gold,true,10,Moritz Wagner,
auto-rookie-signatures,RS-MWG,Prizms Choice Green,true,8,Moritz Wagner,
auto-rookie-signatures,RS-MWG,Prizms Black,true,1,Moritz Wagner,
auto-rookie-signatures,RS-MWG,Prizms White Sparkle,true,1,Moritz Wagner,
insert-get-hyped,4,Green,false,,LeBron James,
insert-get-hyped,4,Silver,false,,LeBron James,
insert-all-day,8,Fast Break,false,,Kyle Kuzma,
insert-all-day,8,Hyper,false,,Kyle Kuzma,
insert-all-day,8,Silver,false,,Kyle Kuzma,
insert-all-day,8,Mojo,false,25,Kyle Kuzma,
insert-all-day,8,Gold,false,10,Kyle Kuzma,
insert-all-day,8,Black,false,1,Kyle Kuzma,
insert-all-day,10,Fast Break,false,,LeBron James,
insert-all-day,10,Hyper,false,,LeBron James,
insert-all-day,10,Silver,false,,LeBron James,
insert-all-day,10,Mojo,false,25,LeBron James,
insert-all-day,10,Gold,false,10,LeBron James,
insert-all-day,10,Black,false,1,LeBron James,
base,205,Prizms Blue,false,,Wilt Chamberlain,
base,205,Prizms Blue Ice,false,,Wilt Chamberlain,
base,205,Prizms Choice Blue Yellow and Green,false,,Wilt Chamberlain,
base,205,Prizms Choice Green,false,,Wilt Chamberlain,
base,205,Prizms Choice Nebula,false,,Wilt Chamberlain,
base,205,Prizms Choice Red,false,,Wilt Chamberlain,
base,205,Prizms Choice Tiger Stripe,false,,Wilt Chamberlain,
base,205,Prizms Fast Break,false,,Wilt Chamberlain,
base,205,Prizms Fast Break Blue,false,,Wilt Chamberlain,
base,205,Prizms Fast Break Bronze,false,,Wilt Chamberlain,
base,205,Prizms Fast Break Neon Green,false,,Wilt Chamberlain,
base,205,Prizms Fast Break Pink,false,,Wilt Chamberlain,
base,205,Prizms Fast Break Purple,false,,Wilt Chamberlain,
base,205,Prizms Fast Break Red,false,,Wilt Chamberlain,
base,205,Prizms Gold,false,,Wilt Chamberlain,
base,205,Prizms Green,false,,Wilt Chamberlain,
base,205,Prizms Green Pulsar,false,,Wilt Chamberlain,
base,205,Prizms Hyper,false,,Wilt Chamberlain,
base,205,Prizms Mojo,false,,Wilt Chamberlain,
base,205,Prizms Orange,false,,Wilt Chamberlain,
base,205,Prizms Pink Ice,false,,Wilt Chamberlain,
base,205,Prizms Pink Pulsar,false,,Wilt Chamberlain,
base,205,Prizms Purple,false,,Wilt Chamberlain,
base,205,Prizms Purple Ice,false,,Wilt Chamberlain,
base,205,Prizms Purple Pulsar,false,,Wilt Chamberlain,
base,205,Prizms Purple Wave,false,,Wilt Chamberlain,
base,205,Prizms Red,false,,Wilt Chamberlain,
base,205,Prizms Red Ice,false,,Wilt Chamberlain,
base,205,Prizms Red White and Blue,false,,Wilt Chamberlain,
base,205,Prizms Ruby Wave,false,,Wilt Chamberlain,
base,205,Prizms Silver,false,,Wilt Chamberlain,
base,205,Prizms White Sparkle,false,,Wilt Chamberlain,
base,205,Prizms 1st Off the Line Blue Shimmer,false,,Wilt Chamberlain,
base,205,Prizms 1st Off the Line Light Blue Shimmer,false,,Wilt Chamberlain,
base,205,Prizms 1st Off the Line Red Shimmer,false,,Wilt Chamberlain,
base,205,Prizms Black,false,,Wilt Chamberlain,
base,205,Prizms Black Gold,false,,Wilt Chamberlain,
insert-sensational-swatches,96,Prime,false,10,Svi Mykhailiuk,
insert-dominance,2,Green,false,,Magic Johnson,
insert-dominance,2,Silver,false,,Magic Johnson,
base,86,Prizms Blue,false,,Mike Conley,
base,86,Prizms Blue Ice,false,,Mike Conley,
base,86,Prizms Choice Blue Yellow and Green,false,,Mike Conley,
base,86,Prizms Choice Green,false,,Mike Conley,
base,86,Prizms Choice Nebula,false,,Mike Conley,
base,86,Prizms Choice Red,false,,Mike Conley,
base,86,Prizms Choice Tiger Stripe,false,,Mike Conley,
base,86,Prizms Fast Break,false,,Mike Conley,
base,86,Prizms Fast Break Blue,false,,Mike Conley,
base,86,Prizms Fast Break Bronze,false,,Mike Conley,
base,86,Prizms Fast Break Neon Green,false,,Mike Conley,
base,86,Prizms Fast Break Pink,false,,Mike Conley,
base,86,Prizms Fast Break Purple,false,,Mike Conley,
base,86,Prizms Fast Break Red,false,,Mike Conley,
base,86,Prizms Gold,false,,Mike Conley,
base,86,Prizms Green,false,,Mike Conley,
base,86,Prizms Green Pulsar,false,,Mike Conley,
base,86,Prizms Hyper,false,,Mike Conley,
base,86,Prizms Mojo,false,,Mike Conley,
base,86,Prizms Orange,false,,Mike Conley,
base,86,Prizms Pink Ice,false,,Mike Conley,
base,86,Prizms Pink Pulsar,false,,Mike Conley,
base,86,Prizms Purple,false,,Mike Conley,
base,86,Prizms Purple Ice,false,,Mike Conley,
base,86,Prizms Purple Pulsar,false,,Mike Conley,
base,86,Prizms Purple Wave,false,,Mike Conley,
base,86,Prizms Red,false,,Mike Conley,
base,86,Prizms Red Ice,false,,Mike Conley,
base,86,Prizms Red White and Blue,false,,Mike Conley,
base,86,Prizms Ruby Wave,false,,Mike Conley,
base,86,Prizms Silver,false,,Mike Conley,
base,86,Prizms White Sparkle,false,,Mike Conley,
base,86,Prizms 1st Off the Line Blue Shimmer,false,,Mike Conley,
base,86,Prizms 1st Off the Line Light Blue Shimmer,false,,Mike Conley,
base,86,Prizms 1st Off the Line Red Shimmer,false,,Mike Conley,
base,86,Prizms Black,false,,Mike Conley,
base,86,Prizms Black Gold,false,,Mike Conley,
insert-sensational-swatches,77,Prime,false,10,Jaren Jackson Jr.,
base,146,Prizms Blue,false,,Yuta Watanabe,
base,146,Prizms Blue Ice,false,,Yuta Watanabe,
base,146,Prizms Choice Blue Yellow and Green,false,,Yuta Watanabe,
base,146,Prizms Choice Green,false,,Yuta Watanabe,
base,146,Prizms Choice Nebula,false,,Yuta Watanabe,
base,146,Prizms Choice Red,false,,Yuta Watanabe,
base,146,Prizms Choice Tiger Stripe,false,,Yuta Watanabe,
base,146,Prizms Fast Break,false,,Yuta Watanabe,
base,146,Prizms Fast Break Blue,false,,Yuta Watanabe,
base,146,Prizms Fast Break Bronze,false,,Yuta Watanabe,
base,146,Prizms Fast Break Neon Green,false,,Yuta Watanabe,
base,146,Prizms Fast Break Pink,false,,Yuta Watanabe,
base,146,Prizms Fast Break Purple,false,,Yuta Watanabe,
base,146,Prizms Fast Break Red,false,,Yuta Watanabe,
base,146,Prizms Gold,false,,Yuta Watanabe,
base,146,Prizms Green,false,,Yuta Watanabe,
base,146,Prizms Green Pulsar,false,,Yuta Watanabe,
base,146,Prizms Hyper,false,,Yuta Watanabe,
base,146,Prizms Mojo,false,,Yuta Watanabe,
base,146,Prizms Orange,false,,Yuta Watanabe,
base,146,Prizms Pink Ice,false,,Yuta Watanabe,
base,146,Prizms Pink Pulsar,false,,Yuta Watanabe,
base,146,Prizms Purple,false,,Yuta Watanabe,
base,146,Prizms Purple Ice,false,,Yuta Watanabe,
base,146,Prizms Purple Pulsar,false,,Yuta Watanabe,
base,146,Prizms Purple Wave,false,,Yuta Watanabe,
base,146,Prizms Red,false,,Yuta Watanabe,
base,146,Prizms Red Ice,false,,Yuta Watanabe,
base,146,Prizms Red White and Blue,false,,Yuta Watanabe,
base,146,Prizms Ruby Wave,false,,Yuta Watanabe,
base,146,Prizms Silver,false,,Yuta Watanabe,
base,146,Prizms White Sparkle,false,,Yuta Watanabe,
base,146,Prizms 1st Off the Line Blue Shimmer,false,,Yuta Watanabe,
base,146,Prizms 1st Off the Line Light Blue Shimmer,false,,Yuta Watanabe,
base,146,Prizms 1st Off the Line Red Shimmer,false,,Yuta Watanabe,
base,146,Prizms Black,false,,Yuta Watanabe,
base,146,Prizms Black Gold,false,,Yuta Watanabe,
insert-fireworks,27,Silver,false,,Marc Gasol,
insert-fireworks,27,Fast Break,false,,Marc Gasol,
insert-fireworks,27,Hyper,false,,Marc Gasol,
insert-fireworks,27,Mojo,false,25,Marc Gasol,
insert-fireworks,27,Fast Gold,false,10,Marc Gasol,
insert-fireworks,27,Black,false,1,Marc Gasol,
base,106,Prizms Blue,false,,Dillon Brooks,
base,106,Prizms Blue Ice,false,,Dillon Brooks,
base,106,Prizms Choice Blue Yellow and Green,false,,Dillon Brooks,
base,106,Prizms Choice Green,false,,Dillon Brooks,
base,106,Prizms Choice Nebula,false,,Dillon Brooks,
base,106,Prizms Choice Red,false,,Dillon Brooks,
base,106,Prizms Choice Tiger Stripe,false,,Dillon Brooks,
base,106,Prizms Fast Break,false,,Dillon Brooks,
base,106,Prizms Fast Break Blue,false,,Dillon Brooks,
base,106,Prizms Fast Break Bronze,false,,Dillon Brooks,
base,106,Prizms Fast Break Neon Green,false,,Dillon Brooks,
base,106,Prizms Fast Break Pink,false,,Dillon Brooks,
base,106,Prizms Fast Break Purple,false,,Dillon Brooks,
base,106,Prizms Fast Break Red,false,,Dillon Brooks,
base,106,Prizms Gold,false,,Dillon Brooks,
base,106,Prizms Green,false,,Dillon Brooks,
base,106,Prizms Green Pulsar,false,,Dillon Brooks,
base,106,Prizms Hyper,false,,Dillon Brooks,
base,106,Prizms Mojo,false,,Dillon Brooks,
base,106,Prizms Orange,false,,Dillon Brooks,
base,106,Prizms Pink Ice,false,,Dillon Brooks,
base,106,Prizms Pink Pulsar,false,,Dillon Brooks,
base,106,Prizms Purple,false,,Dillon Brooks,
base,106,Prizms Purple Ice,false,,Dillon Brooks,
base,106,Prizms Purple Pulsar,false,,Dillon Brooks,
base,106,Prizms Purple Wave,false,,Dillon Brooks,
base,106,Prizms Red,false,,Dillon Brooks,
base,106,Prizms Red Ice,false,,Dillon Brooks,
base,106,Prizms Red White and Blue,false,,Dillon Brooks,
base,106,Prizms Ruby Wave,false,,Dillon Brooks,
base,106,Prizms Silver,false,,Dillon Brooks,
base,106,Prizms White Sparkle,false,,Dillon Brooks,
base,106,Prizms 1st Off the Line Blue Shimmer,false,,Dillon Brooks,
base,106,Prizms 1st Off the Line Light Blue Shimmer,false,,Dillon Brooks,
base,106,Prizms 1st Off the Line Red Shimmer,false,,Dillon Brooks,
base,106,Prizms Black,false,,Dillon Brooks,
base,106,Prizms Black Gold,false,,Dillon Brooks,
base,136,Prizms Blue,false,,Marc Gasol,
base,136,Prizms Blue Ice,false,,Marc Gasol,
base,136,Prizms Choice Blue Yellow and Green,false,,Marc Gasol,
base,136,Prizms Choice Green,false,,Marc Gasol,
base,136,Prizms Choice Nebula,false,,Marc Gasol,
base,136,Prizms Choice Red,false,,Marc Gasol,
base,136,Prizms Choice Tiger Stripe,false,,Marc Gasol,
base,136,Prizms Fast Break,false,,Marc Gasol,
base,136,Prizms Fast Break Blue,false,,Marc Gasol,
base,136,Prizms Fast Break Bronze,false,,Marc Gasol,
base,136,Prizms Fast Break Neon Green,false,,Marc Gasol,
base,136,Prizms Fast Break Pink,false,,Marc Gasol,
base,136,Prizms Fast Break Purple,false,,Marc Gasol,
base,136,Prizms Fast Break Red,false,,Marc Gasol,
base,136,Prizms Gold,false,,Marc Gasol,
base,136,Prizms Green,false,,Marc Gasol,
base,136,Prizms Green Pulsar,false,,Marc Gasol,
base,136,Prizms Hyper,false,,Marc Gasol,
base,136,Prizms Mojo,false,,Marc Gasol,
base,136,Prizms Orange,false,,Marc Gasol,
base,136,Prizms Pink Ice,false,,Marc Gasol,
base,136,Prizms Pink Pulsar,false,,Marc Gasol,
base,136,Prizms Purple,false,,Marc Gasol,
base,136,Prizms Purple Ice,false,,Marc Gasol,
base,136,Prizms Purple Pulsar,false,,Marc Gasol,
base,136,Prizms Purple Wave,false,,Marc Gasol,
base,136,Prizms Red,false,,Marc Gasol,
base,136,Prizms Red Ice,false,,Marc Gasol,
base,136,Prizms Red White and Blue,false,,Marc Gasol,
base,136,Prizms Ruby Wave,false,,Marc Gasol,
base,136,Prizms Silver,false,,Marc Gasol,
base,136,Prizms White Sparkle,false,,Marc Gasol,
base,136,Prizms 1st Off the Line Blue Shimmer,false,,Marc Gasol,
base,136,Prizms 1st Off the Line Light Blue Shimmer,false,,Marc Gasol,
base,136,Prizms 1st Off the Line Red Shimmer,false,,Marc Gasol,
base,136,Prizms Black,false,,Marc Gasol,
base,136,Prizms Black Gold,false,,Marc Gasol,
auto-sensational-signatures,SS-JJJ,Prizms Choice,true,,Jaren Jackson Jr.,
auto-sensational-signatures,SS-JJJ,Prizms Mojo,true,25,Jaren Jackson Jr.,
auto-sensational-signatures,SS-JJJ,Prizms Gold,true,10,Jaren Jackson Jr.,
auto-sensational-signatures,SS-JJJ,Prizms Choice Green,true,8,Jaren Jackson Jr.,
auto-sensational-signatures,SS-JJJ,Prizms Black,true,1,Jaren Jackson Jr.,
auto-fastbreak-autographs-rookies,FR-JCT,Gold,true,10,Jevon Carter,
auto-fastbreak-autographs-rookies,FR-JCT,Black,true,1,Jevon Carter,
auto-fastbreak-autographs-rookies,FR-JJJ,Gold,true,10,Jaren Jackson Jr.,
auto-fastbreak-autographs-rookies,FR-JJJ,Black,true,1,Jaren Jackson Jr.,
base,126,Prizms Blue,false,,JaMychal Green,
base,126,Prizms Blue Ice,false,,JaMychal Green,
base,126,Prizms Choice Blue Yellow and Green,false,,JaMychal Green,
base,126,Prizms Choice Green,false,,JaMychal Green,
base,126,Prizms Choice Nebula,false,,JaMychal Green,
base,126,Prizms Choice Red,false,,JaMychal Green,
base,126,Prizms Choice Tiger Stripe,false,,JaMychal Green,
base,126,Prizms Fast Break,false,,JaMychal Green,
base,126,Prizms Fast Break Blue,false,,JaMychal Green,
base,126,Prizms Fast Break Bronze,false,,JaMychal Green,
base,126,Prizms Fast Break Neon Green,false,,JaMychal Green,
base,126,Prizms Fast Break Pink,false,,JaMychal Green,
base,126,Prizms Fast Break Purple,false,,JaMychal Green,
base,126,Prizms Fast Break Red,false,,JaMychal Green,
base,126,Prizms Gold,false,,JaMychal Green,
base,126,Prizms Green,false,,JaMychal Green,
base,126,Prizms Green Pulsar,false,,JaMychal Green,
base,126,Prizms Hyper,false,,JaMychal Green,
base,126,Prizms Mojo,false,,JaMychal Green,
base,126,Prizms Orange,false,,JaMychal Green,
base,126,Prizms Pink Ice,false,,JaMychal Green,
base,126,Prizms Pink Pulsar,false,,JaMychal Green,
base,126,Prizms Purple,false,,JaMychal Green,
base,126,Prizms Purple Ice,false,,JaMychal Green,
base,126,Prizms Purple Pulsar,false,,JaMychal Green,
base,126,Prizms Purple Wave,false,,JaMychal Green,
base,126,Prizms Red,false,,JaMychal Green,
base,126,Prizms Red Ice,false,,JaMychal Green,
base,126,Prizms Red White and Blue,false,,JaMychal Green,
base,126,Prizms Ruby Wave,false,,JaMychal Green,
base,126,Prizms Silver,false,,JaMychal Green,
base,126,Prizms White Sparkle,false,,JaMychal Green,
base,126,Prizms 1st Off the Line Blue Shimmer,false,,JaMychal Green,
base,126,Prizms 1st Off the Line Light Blue Shimmer,false,,JaMychal Green,
base,126,Prizms 1st Off the Line Red Shimmer,false,,JaMychal Green,
base,126,Prizms Black,false,,JaMychal Green,
base,126,Prizms Black Gold,false,,JaMychal Green,
insert-freshman-phenoms,22,Green,false,,Jaren Jackson Jr.,
insert-freshman-phenoms,22,Silver,false,,Jaren Jackson Jr.,
insert-luck-of-the-lottery,4,Hyper,false,,Jaren Jackson Jr.,
insert-luck-of-the-lottery,4,Fast Break,false,,Jaren Jackson Jr.,
insert-luck-of-the-lottery,4,Silver,false,,Jaren Jackson Jr.,
insert-luck-of-the-lottery,4,Mojo,false,25,Jaren Jackson Jr.,
insert-luck-of-the-lottery,4,Gold,false,10,Jaren Jackson Jr.,
insert-luck-of-the-lottery,4,Black,false,1,Jaren Jackson Jr.,
base,76,Prizms Blue,false,,Jevon Carter,
base,76,Prizms Blue Ice,false,,Jevon Carter,
base,76,Prizms Choice Blue Yellow and Green,false,,Jevon Carter,
base,76,Prizms Choice Green,false,,Jevon Carter,
base,76,Prizms Choice Nebula,false,,Jevon Carter,
base,76,Prizms Choice Red,false,,Jevon Carter,
base,76,Prizms Choice Tiger Stripe,false,,Jevon Carter,
base,76,Prizms Fast Break,false,,Jevon Carter,
base,76,Prizms Fast Break Blue,false,,Jevon Carter,
base,76,Prizms Fast Break Bronze,false,,Jevon Carter,
base,76,Prizms Fast Break Neon Green,false,,Jevon Carter,
base,76,Prizms Fast Break Pink,false,,Jevon Carter,
base,76,Prizms Fast Break Purple,false,,Jevon Carter,
base,76,Prizms Fast Break Red,false,,Jevon Carter,
base,76,Prizms Gold,false,,Jevon Carter,
base,76,Prizms Green,false,,Jevon Carter,
base,76,Prizms Green Pulsar,false,,Jevon Carter,
base,76,Prizms Hyper,false,,Jevon Carter,
base,76,Prizms Mojo,false,,Jevon Carter,
base,76,Prizms Orange,false,,Jevon Carter,
base,76,Prizms Pink Ice,false,,Jevon Carter,
base,76,Prizms Pink Pulsar,false,,Jevon Carter,
base,76,Prizms Purple,false,,Jevon Carter,
base,76,Prizms Purple Ice,false,,Jevon Carter,
base,76,Prizms Purple Pulsar,false,,Jevon Carter,
base,76,Prizms Purple Wave,false,,Jevon Carter,
base,76,Prizms Red,false,,Jevon Carter,
base,76,Prizms Red Ice,false,,Jevon Carter,
base,76,Prizms Red White and Blue,false,,Jevon Carter,
base,76,Prizms Ruby Wave,false,,Jevon Carter,
base,76,Prizms Silver,false,,Jevon Carter,
base,76,Prizms White Sparkle,false,,Jevon Carter,
base,76,Prizms 1st Off the Line Blue Shimmer,false,,Jevon Carter,
base,76,Prizms 1st Off the Line Light Blue Shimmer,false,,Jevon Carter,
base,76,Prizms 1st Off the Line Red Shimmer,false,,Jevon Carter,
base,76,Prizms Black,false,,Jevon Carter,
base,76,Prizms Black Gold,false,,Jevon Carter,
base,66,Prizms Blue,false,,Jaren Jackson Jr.,
base,66,Prizms Blue Ice,false,,Jaren Jackson Jr.,
base,66,Prizms Choice Blue Yellow and Green,false,,Jaren Jackson Jr.,
base,66,Prizms Choice Green,false,,Jaren Jackson Jr.,
base,66,Prizms Choice Nebula,false,,Jaren Jackson Jr.,
base,66,Prizms Choice Red,false,,Jaren Jackson Jr.,
base,66,Prizms Choice Tiger Stripe,false,,Jaren Jackson Jr.,
base,66,Prizms Fast Break,false,,Jaren Jackson Jr.,
base,66,Prizms Fast Break Blue,false,,Jaren Jackson Jr.,
base,66,Prizms Fast Break Bronze,false,,Jaren Jackson Jr.,
base,66,Prizms Fast Break Neon Green,false,,Jaren Jackson Jr.,
base,66,Prizms Fast Break Pink,false,,Jaren Jackson Jr.,
base,66,Prizms Fast Break Purple,false,,Jaren Jackson Jr.,
base,66,Prizms Fast Break Red,false,,Jaren Jackson Jr.,
base,66,Prizms Gold,false,,Jaren Jackson Jr.,
base,66,Prizms Green,false,,Jaren Jackson Jr.,
base,66,Prizms Green Pulsar,false,,Jaren Jackson Jr.,
base,66,Prizms Hyper,false,,Jaren Jackson Jr.,
base,66,Prizms Mojo,false,,Jaren Jackson Jr.,
base,66,Prizms Orange,false,,Jaren Jackson Jr.,
base,66,Prizms Pink Ice,false,,Jaren Jackson Jr.,
base,66,Prizms Pink Pulsar,false,,Jaren Jackson Jr.,
base,66,Prizms Purple,false,,Jaren Jackson Jr.,
base,66,Prizms Purple Ice,false,,Jaren Jackson Jr.,
base,66,Prizms Purple Pulsar,false,,Jaren Jackson Jr.,
base,66,Prizms Purple Wave,false,,Jaren Jackson Jr.,
base,66,Prizms Red,false,,Jaren Jackson Jr.,
base,66,Prizms Red Ice,false,,Jaren Jackson Jr.,
base,66,Prizms Red White and Blue,false,,Jaren Jackson Jr.,
base,66,Prizms Ruby Wave,false,,Jaren Jackson Jr.,
base,66,Prizms Silver,false,,Jaren Jackson Jr.,
base,66,Prizms White Sparkle,false,,Jaren Jackson Jr.,
base,66,Prizms 1st Off the Line Blue Shimmer,false,,Jaren Jackson Jr.,
base,66,Prizms 1st Off the Line Light Blue Shimmer,false,,Jaren Jackson Jr.,
base,66,Prizms 1st Off the Line Red Shimmer,false,,Jaren Jackson Jr.,
base,66,Prizms Black,false,,Jaren Jackson Jr.,
base,66,Prizms Black Gold,false,,Jaren Jackson Jr.,
base,116,Prizms Blue,false,,Chandler Parsons,
base,116,Prizms Blue Ice,false,,Chandler Parsons,
base,116,Prizms Choice Blue Yellow and Green,false,,Chandler Parsons,
base,116,Prizms Choice Green,false,,Chandler Parsons,
base,116,Prizms Choice Nebula,false,,Chandler Parsons,
base,116,Prizms Choice Red,false,,Chandler Parsons,
base,116,Prizms Choice Tiger Stripe,false,,Chandler Parsons,
base,116,Prizms Fast Break,false,,Chandler Parsons,
base,116,Prizms Fast Break Blue,false,,Chandler Parsons,
base,116,Prizms Fast Break Bronze,false,,Chandler Parsons,
base,116,Prizms Fast Break Neon Green,false,,Chandler Parsons,
base,116,Prizms Fast Break Pink,false,,Chandler Parsons,
base,116,Prizms Fast Break Purple,false,,Chandler Parsons,
base,116,Prizms Fast Break Red,false,,Chandler Parsons,
base,116,Prizms Gold,false,,Chandler Parsons,
base,116,Prizms Green,false,,Chandler Parsons,
base,116,Prizms Green Pulsar,false,,Chandler Parsons,
base,116,Prizms Hyper,false,,Chandler Parsons,
base,116,Prizms Mojo,false,,Chandler Parsons,
base,116,Prizms Orange,false,,Chandler Parsons,
base,116,Prizms Pink Ice,false,,Chandler Parsons,
base,116,Prizms Pink Pulsar,false,,Chandler Parsons,
base,116,Prizms Purple,false,,Chandler Parsons,
base,116,Prizms Purple Ice,false,,Chandler Parsons,
base,116,Prizms Purple Pulsar,false,,Chandler Parsons,
base,116,Prizms Purple Wave,false,,Chandler Parsons,
base,116,Prizms Red,false,,Chandler Parsons,
base,116,Prizms Red Ice,false,,Chandler Parsons,
base,116,Prizms Red White and Blue,false,,Chandler Parsons,
base,116,Prizms Ruby Wave,false,,Chandler Parsons,
base,116,Prizms Silver,false,,Chandler Parsons,
base,116,Prizms White Sparkle,false,,Chandler Parsons,
base,116,Prizms 1st Off the Line Blue Shimmer,false,,Chandler Parsons,
base,116,Prizms 1st Off the Line Light Blue Shimmer,false,,Chandler Parsons,
base,116,Prizms 1st Off the Line Red Shimmer,false,,Chandler Parsons,
base,116,Prizms Black,false,,Chandler Parsons,
base,116,Prizms Black Gold,false,,Chandler Parsons,
auto-rookie-signatures,RS-JJJ,Prizms Silver,true,,Jaren Jackson Jr.,
auto-rookie-signatures,RS-JJJ,Prizms Choice,true,,Jaren Jackson Jr.,
auto-rookie-signatures,RS-JJJ,Prizms Mojo,true,25,Jaren Jackson Jr.,
auto-rookie-signatures,RS-JJJ,Prizms Gold,true,10,Jaren Jackson Jr.,
auto-rookie-signatures,RS-JJJ,Prizms Choice Green,true,8,Jaren Jackson Jr.,
auto-rookie-signatures,RS-JJJ,Prizms Black,true,1,Jaren Jackson Jr.,
auto-rookie-signatures,RS-JJJ,Prizms White Sparkle,true,1,Jaren Jackson Jr.,
base,96,Prizms Blue,false,,MarShon Brooks,
base,96,Prizms Blue Ice,false,,MarShon Brooks,
base,96,Prizms Choice Blue Yellow and Green,false,,MarShon Brooks,
base,96,Prizms Choice Green,false,,MarShon Brooks,
base,96,Prizms Choice Nebula,false,,MarShon Brooks,
base,96,Prizms Choice Red,false,,MarShon Brooks,
base,96,Prizms Choice Tiger Stripe,false,,MarShon Brooks,
base,96,Prizms Fast Break,false,,MarShon Brooks,
base,96,Prizms Fast Break Blue,false,,MarShon Brooks,
base,96,Prizms Fast Break Bronze,false,,MarShon Brooks,
base,96,Prizms Fast Break Neon Green,false,,MarShon Brooks,
base,96,Prizms Fast Break Pink,false,,MarShon Brooks,
base,96,Prizms Fast Break Purple,false,,MarShon Brooks,
base,96,Prizms Fast Break Red,false,,MarShon Brooks,
base,96,Prizms Gold,false,,MarShon Brooks,
base,96,Prizms Green,false,,MarShon Brooks,
base,96,Prizms Green Pulsar,false,,MarShon Brooks,
base,96,Prizms Hyper,false,,MarShon Brooks,
base,96,Prizms Mojo,false,,MarShon Brooks,
base,96,Prizms Orange,false,,MarShon Brooks,
base,96,Prizms Pink Ice,false,,MarShon Brooks,
base,96,Prizms Pink Pulsar,false,,MarShon Brooks,
base,96,Prizms Purple,false,,MarShon Brooks,
base,96,Prizms Purple Ice,false,,MarShon Brooks,
base,96,Prizms Purple Pulsar,false,,MarShon Brooks,
base,96,Prizms Purple Wave,false,,MarShon Brooks,
base,96,Prizms Red,false,,MarShon Brooks,
base,96,Prizms Red Ice,false,,MarShon Brooks,
base,96,Prizms Red White and Blue,false,,MarShon Brooks,
base,96,Prizms Ruby Wave,false,,MarShon Brooks,
base,96,Prizms Silver,false,,MarShon Brooks,
base,96,Prizms White Sparkle,false,,MarShon Brooks,
base,96,Prizms 1st Off the Line Blue Shimmer,false,,MarShon Brooks,
base,96,Prizms 1st Off the Line Light Blue Shimmer,false,,MarShon Brooks,
base,96,Prizms 1st Off the Line Red Shimmer,false,,MarShon Brooks,
base,96,Prizms Black,false,,MarShon Brooks,
base,96,Prizms Black Gold,false,,MarShon Brooks,
insert-emergent,4,Silver,false,,Jaren Jackson Jr.,
insert-emergent,4,Green,false,,Jaren Jackson Jr.,
auto-signatures,S-PJB,Prizms Choice,true,,P.J. Brown,
auto-signatures,S-PJB,Prizms Silver,true,,P.J. Brown,
auto-signatures,S-PJB,Prizms Mojo,true,25,P.J. Brown,
auto-signatures,S-PJB,Prizms Gold,true,10,P.J. Brown,
auto-signatures,S-PJB,Prizms Choice Green,true,8,P.J. Brown,
auto-signatures,S-PJB,Prizms Black,true,1,P.J. Brown,
insert-sensational-swatches,100,Prime,false,10,Jermaine O'Neal,
auto-fastbreak-autographs,FB-DWD,Gold,true,10,Dwyane Wade,
auto-fastbreak-autographs,FB-DWD,Black,true,1,Dwyane Wade,
auto-sensational-signatures,SS-GDR,Prizms Choice,true,,Goran Dragic,
auto-sensational-signatures,SS-GDR,Prizms Mojo,true,25,Goran Dragic,
auto-sensational-signatures,SS-GDR,Prizms Gold,true,10,Goran Dragic,
auto-sensational-signatures,SS-GDR,Prizms Choice Green,true,8,Goran Dragic,
auto-sensational-signatures,SS-GDR,Prizms Black,true,1,Goran Dragic,
insert-sensational-swatches,10,Prime,false,10,Ray Allen,
base,206,Prizms Blue,false,,Dwyane Wade,
base,206,Prizms Blue Ice,false,,Dwyane Wade,
base,206,Prizms Choice Blue Yellow and Green,false,,Dwyane Wade,
base,206,Prizms Choice Green,false,,Dwyane Wade,
base,206,Prizms Choice Nebula,false,,Dwyane Wade,
base,206,Prizms Choice Red,false,,Dwyane Wade,
base,206,Prizms Choice Tiger Stripe,false,,Dwyane Wade,
base,206,Prizms Fast Break,false,,Dwyane Wade,
base,206,Prizms Fast Break Blue,false,,Dwyane Wade,
base,206,Prizms Fast Break Bronze,false,,Dwyane Wade,
base,206,Prizms Fast Break Neon Green,false,,Dwyane Wade,
base,206,Prizms Fast Break Pink,false,,Dwyane Wade,
base,206,Prizms Fast Break Purple,false,,Dwyane Wade,
base,206,Prizms Fast Break Red,false,,Dwyane Wade,
base,206,Prizms Gold,false,,Dwyane Wade,
base,206,Prizms Green,false,,Dwyane Wade,
base,206,Prizms Green Pulsar,false,,Dwyane Wade,
base,206,Prizms Hyper,false,,Dwyane Wade,
base,206,Prizms Mojo,false,,Dwyane Wade,
base,206,Prizms Orange,false,,Dwyane Wade,
base,206,Prizms Pink Ice,false,,Dwyane Wade,
base,206,Prizms Pink Pulsar,false,,Dwyane Wade,
base,206,Prizms Purple,false,,Dwyane Wade,
base,206,Prizms Purple Ice,false,,Dwyane Wade,
base,206,Prizms Purple Pulsar,false,,Dwyane Wade,
base,206,Prizms Purple Wave,false,,Dwyane Wade,
base,206,Prizms Red,false,,Dwyane Wade,
base,206,Prizms Red Ice,false,,Dwyane Wade,
base,206,Prizms Red White and Blue,false,,Dwyane Wade,
base,206,Prizms Ruby Wave,false,,Dwyane Wade,
base,206,Prizms Silver,false,,Dwyane Wade,
base,206,Prizms White Sparkle,false,,Dwyane Wade,
base,206,Prizms 1st Off the Line Blue Shimmer,false,,Dwyane Wade,
base,206,Prizms 1st Off the Line Light Blue Shimmer,false,,Dwyane Wade,
base,206,Prizms 1st Off the Line Red Shimmer,false,,Dwyane Wade,
base,206,Prizms Black,false,,Dwyane Wade,
base,206,Prizms Black Gold,false,,Dwyane Wade,
auto-fastbreak-autographs,FB-JWL,Gold,true,10,Justise Winslow,
auto-fastbreak-autographs,FB-JWL,Black,true,1,Justise Winslow,
insert-dominance,23,Green,false,,Dwyane Wade,
insert-dominance,23,Silver,false,,Dwyane Wade,
base,236,Prizms Blue,false,,Kelly Olynyk,
base,236,Prizms Blue Ice,false,,Kelly Olynyk,
base,236,Prizms Choice Blue Yellow and Green,false,,Kelly Olynyk,
base,236,Prizms Choice Green,false,,Kelly Olynyk,
base,236,Prizms Choice Nebula,false,,Kelly Olynyk,
base,236,Prizms Choice Red,false,,Kelly Olynyk,
base,236,Prizms Choice Tiger Stripe,false,,Kelly Olynyk,
base,236,Prizms Fast Break,false,,Kelly Olynyk,
base,236,Prizms Fast Break Blue,false,,Kelly Olynyk,
base,236,Prizms Fast Break Bronze,false,,Kelly Olynyk,
base,236,Prizms Fast Break Neon Green,false,,Kelly Olynyk,
base,236,Prizms Fast Break Pink,false,,Kelly Olynyk,
base,236,Prizms Fast Break Purple,false,,Kelly Olynyk,
base,236,Prizms Fast Break Red,false,,Kelly Olynyk,
base,236,Prizms Gold,false,,Kelly Olynyk,
base,236,Prizms Green,false,,Kelly Olynyk,
base,236,Prizms Green Pulsar,false,,Kelly Olynyk,
base,236,Prizms Hyper,false,,Kelly Olynyk,
base,236,Prizms Mojo,false,,Kelly Olynyk,
base,236,Prizms Orange,false,,Kelly Olynyk,
base,236,Prizms Pink Ice,false,,Kelly Olynyk,
base,236,Prizms Pink Pulsar,false,,Kelly Olynyk,
base,236,Prizms Purple,false,,Kelly Olynyk,
base,236,Prizms Purple Ice,false,,Kelly Olynyk,
base,236,Prizms Purple Pulsar,false,,Kelly Olynyk,
base,236,Prizms Purple Wave,false,,Kelly Olynyk,
base,236,Prizms Red,false,,Kelly Olynyk,
base,236,Prizms Red Ice,false,,Kelly Olynyk,
base,236,Prizms Red White and Blue,false,,Kelly Olynyk,
base,236,Prizms Ruby Wave,false,,Kelly Olynyk,
base,236,Prizms Silver,false,,Kelly Olynyk,
base,236,Prizms White Sparkle,false,,Kelly Olynyk,
base,236,Prizms 1st Off the Line Blue Shimmer,false,,Kelly Olynyk,
base,236,Prizms 1st Off the Line Light Blue Shimmer,false,,Kelly Olynyk,
base,236,Prizms 1st Off the Line Red Shimmer,false,,Kelly Olynyk,
base,236,Prizms Black,false,,Kelly Olynyk,
base,236,Prizms Black Gold,false,,Kelly Olynyk,
base,216,Prizms Blue,false,,Tyler Johnson,
base,216,Prizms Blue Ice,false,,Tyler Johnson,
base,216,Prizms Choice Blue Yellow and Green,false,,Tyler Johnson,
base,216,Prizms Choice Green,false,,Tyler Johnson,
base,216,Prizms Choice Nebula,false,,Tyler Johnson,
base,216,Prizms Choice Red,false,,Tyler Johnson,
base,216,Prizms Choice Tiger Stripe,false,,Tyler Johnson,
base,216,Prizms Fast Break,false,,Tyler Johnson,
base,216,Prizms Fast Break Blue,false,,Tyler Johnson,
base,216,Prizms Fast Break Bronze,false,,Tyler Johnson,
base,216,Prizms Fast Break Neon Green,false,,Tyler Johnson,
base,216,Prizms Fast Break Pink,false,,Tyler Johnson,
base,216,Prizms Fast Break Purple,false,,Tyler Johnson,
base,216,Prizms Fast Break Red,false,,Tyler Johnson,
base,216,Prizms Gold,false,,Tyler Johnson,
base,216,Prizms Green,false,,Tyler Johnson,
base,216,Prizms Green Pulsar,false,,Tyler Johnson,
base,216,Prizms Hyper,false,,Tyler Johnson,
base,216,Prizms Mojo,false,,Tyler Johnson,
base,216,Prizms Orange,false,,Tyler Johnson,
base,216,Prizms Pink Ice,false,,Tyler Johnson,
base,216,Prizms Pink Pulsar,false,,Tyler Johnson,
base,216,Prizms Purple,false,,Tyler Johnson,
base,216,Prizms Purple Ice,false,,Tyler Johnson,
base,216,Prizms Purple Pulsar,false,,Tyler Johnson,
base,216,Prizms Purple Wave,false,,Tyler Johnson,
base,216,Prizms Red,false,,Tyler Johnson,
base,216,Prizms Red Ice,false,,Tyler Johnson,
base,216,Prizms Red White and Blue,false,,Tyler Johnson,
base,216,Prizms Ruby Wave,false,,Tyler Johnson,
base,216,Prizms Silver,false,,Tyler Johnson,
base,216,Prizms White Sparkle,false,,Tyler Johnson,
base,216,Prizms 1st Off the Line Blue Shimmer,false,,Tyler Johnson,
base,216,Prizms 1st Off the Line Light Blue Shimmer,false,,Tyler Johnson,
base,216,Prizms 1st Off the Line Red Shimmer,false,,Tyler Johnson,
base,216,Prizms Black,false,,Tyler Johnson,
base,216,Prizms Black Gold,false,,Tyler Johnson,
auto-sensational-signatures,SS-DWD,Prizms Choice,true,,Dwyane Wade,
auto-sensational-signatures,SS-DWD,Prizms Mojo,true,25,Dwyane Wade,
auto-sensational-signatures,SS-DWD,Prizms Gold,true,10,Dwyane Wade,
auto-sensational-signatures,SS-DWD,Prizms Choice Green,true,8,Dwyane Wade,
auto-sensational-signatures,SS-DWD,Prizms Black,true,1,Dwyane Wade,
auto-fastbreak-autographs,FB-GDR,Gold,true,10,Goran Dragic,
auto-fastbreak-autographs,FB-GDR,Black,true,1,Goran Dragic,
insert-sensational-swatches,38,Prime,false,10,Dwyane Wade,
base,166,Prizms Blue,false,,Dion Waiters,
base,166,Prizms Blue Ice,false,,Dion Waiters,
base,166,Prizms Choice Blue Yellow and Green,false,,Dion Waiters,
base,166,Prizms Choice Green,false,,Dion Waiters,
base,166,Prizms Choice Nebula,false,,Dion Waiters,
base,166,Prizms Choice Red,false,,Dion Waiters,
base,166,Prizms Choice Tiger Stripe,false,,Dion Waiters,
base,166,Prizms Fast Break,false,,Dion Waiters,
base,166,Prizms Fast Break Blue,false,,Dion Waiters,
base,166,Prizms Fast Break Bronze,false,,Dion Waiters,
base,166,Prizms Fast Break Neon Green,false,,Dion Waiters,
base,166,Prizms Fast Break Pink,false,,Dion Waiters,
base,166,Prizms Fast Break Purple,false,,Dion Waiters,
base,166,Prizms Fast Break Red,false,,Dion Waiters,
base,166,Prizms Gold,false,,Dion Waiters,
base,166,Prizms Green,false,,Dion Waiters,
base,166,Prizms Green Pulsar,false,,Dion Waiters,
base,166,Prizms Hyper,false,,Dion Waiters,
base,166,Prizms Mojo,false,,Dion Waiters,
base,166,Prizms Orange,false,,Dion Waiters,
base,166,Prizms Pink Ice,false,,Dion Waiters,
base,166,Prizms Pink Pulsar,false,,Dion Waiters,
base,166,Prizms Purple,false,,Dion Waiters,
base,166,Prizms Purple Ice,false,,Dion Waiters,
base,166,Prizms Purple Pulsar,false,,Dion Waiters,
base,166,Prizms Purple Wave,false,,Dion Waiters,
base,166,Prizms Red,false,,Dion Waiters,
base,166,Prizms Red Ice,false,,Dion Waiters,
base,166,Prizms Red White and Blue,false,,Dion Waiters,
base,166,Prizms Ruby Wave,false,,Dion Waiters,
base,166,Prizms Silver,false,,Dion Waiters,
base,166,Prizms White Sparkle,false,,Dion Waiters,
base,166,Prizms 1st Off the Line Blue Shimmer,false,,Dion Waiters,
base,166,Prizms 1st Off the Line Light Blue Shimmer,false,,Dion Waiters,
base,166,Prizms 1st Off the Line Red Shimmer,false,,Dion Waiters,
base,166,Prizms Black,false,,Dion Waiters,
base,166,Prizms Black Gold,false,,Dion Waiters,
base,186,Prizms Blue,false,,James Johnson,
base,186,Prizms Blue Ice,false,,James Johnson,
base,186,Prizms Choice Blue Yellow and Green,false,,James Johnson,
base,186,Prizms Choice Green,false,,James Johnson,
base,186,Prizms Choice Nebula,false,,James Johnson,
base,186,Prizms Choice Red,false,,James Johnson,
base,186,Prizms Choice Tiger Stripe,false,,James Johnson,
base,186,Prizms Fast Break,false,,James Johnson,
base,186,Prizms Fast Break Blue,false,,James Johnson,
base,186,Prizms Fast Break Bronze,false,,James Johnson,
base,186,Prizms Fast Break Neon Green,false,,James Johnson,
base,186,Prizms Fast Break Pink,false,,James Johnson,
base,186,Prizms Fast Break Purple,false,,James Johnson,
base,186,Prizms Fast Break Red,false,,James Johnson,
base,186,Prizms Gold,false,,James Johnson,
base,186,Prizms Green,false,,James Johnson,
base,186,Prizms Green Pulsar,false,,James Johnson,
base,186,Prizms Hyper,false,,James Johnson,
base,186,Prizms Mojo,false,,James Johnson,
base,186,Prizms Orange,false,,James Johnson,
base,186,Prizms Pink Ice,false,,James Johnson,
base,186,Prizms Pink Pulsar,false,,James Johnson,
base,186,Prizms Purple,false,,James Johnson,
base,186,Prizms Purple Ice,false,,James Johnson,
base,186,Prizms Purple Pulsar,false,,James Johnson,
base,186,Prizms Purple Wave,false,,James Johnson,
base,186,Prizms Red,false,,James Johnson,
base,186,Prizms Red Ice,false,,James Johnson,
base,186,Prizms Red White and Blue,false,,James Johnson,
base,186,Prizms Ruby Wave,false,,James Johnson,
base,186,Prizms Silver,false,,James Johnson,
base,186,Prizms White Sparkle,false,,James Johnson,
base,186,Prizms 1st Off the Line Blue Shimmer,false,,James Johnson,
base,186,Prizms 1st Off the Line Light Blue Shimmer,false,,James Johnson,
base,186,Prizms 1st Off the Line Red Shimmer,false,,James Johnson,
base,186,Prizms Black,false,,James Johnson,
base,186,Prizms Black Gold,false,,James Johnson,
insert-fireworks,8,Silver,false,,Dwyane Wade,
insert-fireworks,8,Fast Break,false,,Dwyane Wade,
insert-fireworks,8,Hyper,false,,Dwyane Wade,
insert-fireworks,8,Mojo,false,25,Dwyane Wade,
insert-fireworks,8,Fast Gold,false,10,Dwyane Wade,
insert-fireworks,8,Black,false,1,Dwyane Wade,
auto-sensational-signatures,SS-DWT,Prizms Choice,true,,Dion Waiters,
auto-sensational-signatures,SS-DWT,Prizms Mojo,true,25,Dion Waiters,
auto-sensational-signatures,SS-DWT,Prizms Gold,true,10,Dion Waiters,
auto-sensational-signatures,SS-DWT,Prizms Choice Green,true,8,Dion Waiters,
auto-sensational-signatures,SS-DWT,Prizms Black,true,1,Dion Waiters,
base,196,Prizms Blue,false,,Hassan Whiteside,
base,196,Prizms Blue Ice,false,,Hassan Whiteside,
base,196,Prizms Choice Blue Yellow and Green,false,,Hassan Whiteside,
base,196,Prizms Choice Green,false,,Hassan Whiteside,
base,196,Prizms Choice Nebula,false,,Hassan Whiteside,
base,196,Prizms Choice Red,false,,Hassan Whiteside,
base,196,Prizms Choice Tiger Stripe,false,,Hassan Whiteside,
base,196,Prizms Fast Break,false,,Hassan Whiteside,
base,196,Prizms Fast Break Blue,false,,Hassan Whiteside,
base,196,Prizms Fast Break Bronze,false,,Hassan Whiteside,
base,196,Prizms Fast Break Neon Green,false,,Hassan Whiteside,
base,196,Prizms Fast Break Pink,false,,Hassan Whiteside,
base,196,Prizms Fast Break Purple,false,,Hassan Whiteside,
base,196,Prizms Fast Break Red,false,,Hassan Whiteside,
base,196,Prizms Gold,false,,Hassan Whiteside,
base,196,Prizms Green,false,,Hassan Whiteside,
base,196,Prizms Green Pulsar,false,,Hassan Whiteside,
base,196,Prizms Hyper,false,,Hassan Whiteside,
base,196,Prizms Mojo,false,,Hassan Whiteside,
base,196,Prizms Orange,false,,Hassan Whiteside,
base,196,Prizms Pink Ice,false,,Hassan Whiteside,
base,196,Prizms Pink Pulsar,false,,Hassan Whiteside,
base,196,Prizms Purple,false,,Hassan Whiteside,
base,196,Prizms Purple Ice,false,,Hassan Whiteside,
base,196,Prizms Purple Pulsar,false,,Hassan Whiteside,
base,196,Prizms Purple Wave,false,,Hassan Whiteside,
base,196,Prizms Red,false,,Hassan Whiteside,
base,196,Prizms Red Ice,false,,Hassan Whiteside,
base,196,Prizms Red White and Blue,false,,Hassan Whiteside,
base,196,Prizms Ruby Wave,false,,Hassan Whiteside,
base,196,Prizms Silver,false,,Hassan Whiteside,
base,196,Prizms White Sparkle,false,,Hassan Whiteside,
base,196,Prizms 1st Off the Line Blue Shimmer,false,,Hassan Whiteside,
base,196,Prizms 1st Off the Line Light Blue Shimmer,false,,Hassan Whiteside,
base,196,Prizms 1st Off the Line Red Shimmer,false,,Hassan Whiteside,
base,196,Prizms Black,false,,Hassan Whiteside,
base,196,Prizms Black Gold,false,,Hassan Whiteside,
auto-signatures,S-JWL,Prizms Choice,true,,Justise Winslow,
auto-signatures,S-JWL,Prizms Silver,true,,Justise Winslow,
auto-signatures,S-JWL,Prizms Mojo,true,25,Justise Winslow,
auto-signatures,S-JWL,Prizms Gold,true,10,Justise Winslow,
auto-signatures,S-JWL,Prizms Choice Green,true,8,Justise Winslow,
auto-signatures,S-JWL,Prizms Black,true,1,Justise Winslow,
base,226,Prizms Blue,false,,Bam Adebayo,
base,226,Prizms Blue Ice,false,,Bam Adebayo,
base,226,Prizms Choice Blue Yellow and Green,false,,Bam Adebayo,
base,226,Prizms Choice Green,false,,Bam Adebayo,
base,226,Prizms Choice Nebula,false,,Bam Adebayo,
base,226,Prizms Choice Red,false,,Bam Adebayo,
base,226,Prizms Choice Tiger Stripe,false,,Bam Adebayo,
base,226,Prizms Fast Break,false,,Bam Adebayo,
base,226,Prizms Fast Break Blue,false,,Bam Adebayo,
base,226,Prizms Fast Break Bronze,false,,Bam Adebayo,
base,226,Prizms Fast Break Neon Green,false,,Bam Adebayo,
base,226,Prizms Fast Break Pink,false,,Bam Adebayo,
base,226,Prizms Fast Break Purple,false,,Bam Adebayo,
base,226,Prizms Fast Break Red,false,,Bam Adebayo,
base,226,Prizms Gold,false,,Bam Adebayo,
base,226,Prizms Green,false,,Bam Adebayo,
base,226,Prizms Green Pulsar,false,,Bam Adebayo,
base,226,Prizms Hyper,false,,Bam Adebayo,
base,226,Prizms Mojo,false,,Bam Adebayo,
base,226,Prizms Orange,false,,Bam Adebayo,
base,226,Prizms Pink Ice,false,,Bam Adebayo,
base,226,Prizms Pink Pulsar,false,,Bam Adebayo,
base,226,Prizms Purple,false,,Bam Adebayo,
base,226,Prizms Purple Ice,false,,Bam Adebayo,
base,226,Prizms Purple Pulsar,false,,Bam Adebayo,
base,226,Prizms Purple Wave,false,,Bam Adebayo,
base,226,Prizms Red,false,,Bam Adebayo,
base,226,Prizms Red Ice,false,,Bam Adebayo,
base,226,Prizms Red White and Blue,false,,Bam Adebayo,
base,226,Prizms Ruby Wave,false,,Bam Adebayo,
base,226,Prizms Silver,false,,Bam Adebayo,
base,226,Prizms White Sparkle,false,,Bam Adebayo,
base,226,Prizms 1st Off the Line Blue Shimmer,false,,Bam Adebayo,
base,226,Prizms 1st Off the Line Light Blue Shimmer,false,,Bam Adebayo,
base,226,Prizms 1st Off the Line Red Shimmer,false,,Bam Adebayo,
base,226,Prizms Black,false,,Bam Adebayo,
base,226,Prizms Black Gold,false,,Bam Adebayo,
auto-sensational-signatures,SS-JWL,Prizms Choice,true,,Justise Winslow,
auto-sensational-signatures,SS-JWL,Prizms Mojo,true,25,Justise Winslow,
auto-sensational-signatures,SS-JWL,Prizms Gold,true,10,Justise Winslow,
auto-sensational-signatures,SS-JWL,Prizms Choice Green,true,8,Justise Winslow,
auto-sensational-signatures,SS-JWL,Prizms Black,true,1,Justise Winslow,
base,176,Prizms Blue,false,,Josh Richardson,
base,176,Prizms Blue Ice,false,,Josh Richardson,
base,176,Prizms Choice Blue Yellow and Green,false,,Josh Richardson,
base,176,Prizms Choice Green,false,,Josh Richardson,
base,176,Prizms Choice Nebula,false,,Josh Richardson,
base,176,Prizms Choice Red,false,,Josh Richardson,
base,176,Prizms Choice Tiger Stripe,false,,Josh Richardson,
base,176,Prizms Fast Break,false,,Josh Richardson,
base,176,Prizms Fast Break Blue,false,,Josh Richardson,
base,176,Prizms Fast Break Bronze,false,,Josh Richardson,
base,176,Prizms Fast Break Neon Green,false,,Josh Richardson,
base,176,Prizms Fast Break Pink,false,,Josh Richardson,
base,176,Prizms Fast Break Purple,false,,Josh Richardson,
base,176,Prizms Fast Break Red,false,,Josh Richardson,
base,176,Prizms Gold,false,,Josh Richardson,
base,176,Prizms Green,false,,Josh Richardson,
base,176,Prizms Green Pulsar,false,,Josh Richardson,
base,176,Prizms Hyper,false,,Josh Richardson,
base,176,Prizms Mojo,false,,Josh Richardson,
base,176,Prizms Orange,false,,Josh Richardson,
base,176,Prizms Pink Ice,false,,Josh Richardson,
base,176,Prizms Pink Pulsar,false,,Josh Richardson,
base,176,Prizms Purple,false,,Josh Richardson,
base,176,Prizms Purple Ice,false,,Josh Richardson,
base,176,Prizms Purple Pulsar,false,,Josh Richardson,
base,176,Prizms Purple Wave,false,,Josh Richardson,
base,176,Prizms Red,false,,Josh Richardson,
base,176,Prizms Red Ice,false,,Josh Richardson,
base,176,Prizms Red White and Blue,false,,Josh Richardson,
base,176,Prizms Ruby Wave,false,,Josh Richardson,
base,176,Prizms Silver,false,,Josh Richardson,
base,176,Prizms White Sparkle,false,,Josh Richardson,
base,176,Prizms 1st Off the Line Blue Shimmer,false,,Josh Richardson,
base,176,Prizms 1st Off the Line Light Blue Shimmer,false,,Josh Richardson,
base,176,Prizms 1st Off the Line Red Shimmer,false,,Josh Richardson,
base,176,Prizms Black,false,,Josh Richardson,
base,176,Prizms Black Gold,false,,Josh Richardson,
insert-go-hard-or-go-home,15,Silver,false,,Dwyane Wade,
insert-go-hard-or-go-home,15,Fast Break,false,,Dwyane Wade,
insert-go-hard-or-go-home,15,Hyper,false,,Dwyane Wade,
insert-go-hard-or-go-home,15,Mojo,false,25,Dwyane Wade,
insert-go-hard-or-go-home,15,Gold,false,10,Dwyane Wade,
insert-go-hard-or-go-home,15,Black,false,1,Dwyane Wade,
auto-fastbreak-autographs,FB-THW,Gold,true,10,Tim Hardaway,
auto-fastbreak-autographs,FB-THW,Black,true,1,Tim Hardaway,
base,156,Prizms Blue,false,,Goran Dragic,
base,156,Prizms Blue Ice,false,,Goran Dragic,
base,156,Prizms Choice Blue Yellow and Green,false,,Goran Dragic,
base,156,Prizms Choice Green,false,,Goran Dragic,
base,156,Prizms Choice Nebula,false,,Goran Dragic,
base,156,Prizms Choice Red,false,,Goran Dragic,
base,156,Prizms Choice Tiger Stripe,false,,Goran Dragic,
base,156,Prizms Fast Break,false,,Goran Dragic,
base,156,Prizms Fast Break Blue,false,,Goran Dragic,
base,156,Prizms Fast Break Bronze,false,,Goran Dragic,
base,156,Prizms Fast Break Neon Green,false,,Goran Dragic,
base,156,Prizms Fast Break Pink,false,,Goran Dragic,
base,156,Prizms Fast Break Purple,false,,Goran Dragic,
base,156,Prizms Fast Break Red,false,,Goran Dragic,
base,156,Prizms Gold,false,,Goran Dragic,
base,156,Prizms Green,false,,Goran Dragic,
base,156,Prizms Green Pulsar,false,,Goran Dragic,
base,156,Prizms Hyper,false,,Goran Dragic,
base,156,Prizms Mojo,false,,Goran Dragic,
base,156,Prizms Orange,false,,Goran Dragic,
base,156,Prizms Pink Ice,false,,Goran Dragic,
base,156,Prizms Pink Pulsar,false,,Goran Dragic,
base,156,Prizms Purple,false,,Goran Dragic,
base,156,Prizms Purple Ice,false,,Goran Dragic,
base,156,Prizms Purple Pulsar,false,,Goran Dragic,
base,156,Prizms Purple Wave,false,,Goran Dragic,
base,156,Prizms Red,false,,Goran Dragic,
base,156,Prizms Red Ice,false,,Goran Dragic,
base,156,Prizms Red White and Blue,false,,Goran Dragic,
base,156,Prizms Ruby Wave,false,,Goran Dragic,
base,156,Prizms Silver,false,,Goran Dragic,
base,156,Prizms White Sparkle,false,,Goran Dragic,
base,156,Prizms 1st Off the Line Blue Shimmer,false,,Goran Dragic,
base,156,Prizms 1st Off the Line Light Blue Shimmer,false,,Goran Dragic,
base,156,Prizms 1st Off the Line Red Shimmer,false,,Goran Dragic,
base,156,Prizms Black,false,,Goran Dragic,
base,156,Prizms Black Gold,false,,Goran Dragic,
auto-signatures,S-GDR,Prizms Choice,true,,Goran Dragic,
auto-signatures,S-GDR,Prizms Silver,true,,Goran Dragic,
auto-signatures,S-GDR,Prizms Mojo,true,25,Goran Dragic,
auto-signatures,S-GDR,Prizms Gold,true,10,Goran Dragic,
auto-signatures,S-GDR,Prizms Choice Green,true,8,Goran Dragic,
auto-signatures,S-GDR,Prizms Black,true,1,Goran Dragic,
insert-all-day,2,Fast Break,false,,Dwyane Wade,
insert-all-day,2,Hyper,false,,Dwyane Wade,
insert-all-day,2,Silver,false,,Dwyane Wade,
insert-all-day,2,Mojo,false,25,Dwyane Wade,
insert-all-day,2,Gold,false,10,Dwyane Wade,
insert-all-day,2,Black,false,1,Dwyane Wade,
base,296,Prizms Blue,false,,Giannis Antetokounmpo,
base,296,Prizms Blue Ice,false,,Giannis Antetokounmpo,
base,296,Prizms Choice Blue Yellow and Green,false,,Giannis Antetokounmpo,
base,296,Prizms Choice Green,false,,Giannis Antetokounmpo,
base,296,Prizms Choice Nebula,false,,Giannis Antetokounmpo,
base,296,Prizms Choice Red,false,,Giannis Antetokounmpo,
base,296,Prizms Choice Tiger Stripe,false,,Giannis Antetokounmpo,
base,296,Prizms Fast Break,false,,Giannis Antetokounmpo,
base,296,Prizms Fast Break Blue,false,,Giannis Antetokounmpo,
base,296,Prizms Fast Break Bronze,false,,Giannis Antetokounmpo,
base,296,Prizms Fast Break Neon Green,false,,Giannis Antetokounmpo,
base,296,Prizms Fast Break Pink,false,,Giannis Antetokounmpo,
base,296,Prizms Fast Break Purple,false,,Giannis Antetokounmpo,
base,296,Prizms Fast Break Red,false,,Giannis Antetokounmpo,
base,296,Prizms Gold,false,,Giannis Antetokounmpo,
base,296,Prizms Green,false,,Giannis Antetokounmpo,
base,296,Prizms Green Pulsar,false,,Giannis Antetokounmpo,
base,296,Prizms Hyper,false,,Giannis Antetokounmpo,
base,296,Prizms Mojo,false,,Giannis Antetokounmpo,
base,296,Prizms Orange,false,,Giannis Antetokounmpo,
base,296,Prizms Pink Ice,false,,Giannis Antetokounmpo,
base,296,Prizms Pink Pulsar,false,,Giannis Antetokounmpo,
base,296,Prizms Purple,false,,Giannis Antetokounmpo,
base,296,Prizms Purple Ice,false,,Giannis Antetokounmpo,
base,296,Prizms Purple Pulsar,false,,Giannis Antetokounmpo,
base,296,Prizms Purple Wave,false,,Giannis Antetokounmpo,
base,296,Prizms Red,false,,Giannis Antetokounmpo,
base,296,Prizms Red Ice,false,,Giannis Antetokounmpo,
base,296,Prizms Red White and Blue,false,,Giannis Antetokounmpo,
base,296,Prizms Ruby Wave,false,,Giannis Antetokounmpo,
base,296,Prizms Silver,false,,Giannis Antetokounmpo,
base,296,Prizms White Sparkle,false,,Giannis Antetokounmpo,
base,296,Prizms 1st Off the Line Blue Shimmer,false,,Giannis Antetokounmpo,
base,296,Prizms 1st Off the Line Light Blue Shimmer,false,,Giannis Antetokounmpo,
base,296,Prizms 1st Off the Line Red Shimmer,false,,Giannis Antetokounmpo,
base,296,Prizms Black,false,,Giannis Antetokounmpo,
base,296,Prizms Black Gold,false,,Giannis Antetokounmpo,
base,27,Prizms Blue,false,,Thon Maker,
base,27,Prizms Blue Ice,false,,Thon Maker,
base,27,Prizms Choice Blue Yellow and Green,false,,Thon Maker,
base,27,Prizms Choice Green,false,,Thon Maker,
base,27,Prizms Choice Nebula,false,,Thon Maker,
base,27,Prizms Choice Red,false,,Thon Maker,
base,27,Prizms Choice Tiger Stripe,false,,Thon Maker,
base,27,Prizms Fast Break,false,,Thon Maker,
base,27,Prizms Fast Break Blue,false,,Thon Maker,
base,27,Prizms Fast Break Bronze,false,,Thon Maker,
base,27,Prizms Fast Break Neon Green,false,,Thon Maker,
base,27,Prizms Fast Break Pink,false,,Thon Maker,
base,27,Prizms Fast Break Purple,false,,Thon Maker,
base,27,Prizms Fast Break Red,false,,Thon Maker,
base,27,Prizms Gold,false,,Thon Maker,
base,27,Prizms Green,false,,Thon Maker,
base,27,Prizms Green Pulsar,false,,Thon Maker,
base,27,Prizms Hyper,false,,Thon Maker,
base,27,Prizms Mojo,false,,Thon Maker,
base,27,Prizms Orange,false,,Thon Maker,
base,27,Prizms Pink Ice,false,,Thon Maker,
base,27,Prizms Pink Pulsar,false,,Thon Maker,
base,27,Prizms Purple,false,,Thon Maker,
base,27,Prizms Purple Ice,false,,Thon Maker,
base,27,Prizms Purple Pulsar,false,,Thon Maker,
base,27,Prizms Purple Wave,false,,Thon Maker,
base,27,Prizms Red,false,,Thon Maker,
base,27,Prizms Red Ice,false,,Thon Maker,
base,27,Prizms Red White and Blue,false,,Thon Maker,
base,27,Prizms Ruby Wave,false,,Thon Maker,
base,27,Prizms Silver,false,,Thon Maker,
base,27,Prizms White Sparkle,false,,Thon Maker,
base,27,Prizms 1st Off the Line Blue Shimmer,false,,Thon Maker,
base,27,Prizms 1st Off the Line Light Blue Shimmer,false,,Thon Maker,
base,27,Prizms 1st Off the Line Red Shimmer,false,,Thon Maker,
base,27,Prizms Black,false,,Thon Maker,
base,27,Prizms Black Gold,false,,Thon Maker,
insert-get-hyped,8,Green,false,,Giannis Antetokounmpo,
insert-get-hyped,8,Silver,false,,Giannis Antetokounmpo,
base,7,Prizms Blue,false,,Ersan Ilyasova,
base,7,Prizms Blue Ice,false,,Ersan Ilyasova,
base,7,Prizms Choice Blue Yellow and Green,false,,Ersan Ilyasova,
base,7,Prizms Choice Green,false,,Ersan Ilyasova,
base,7,Prizms Choice Nebula,false,,Ersan Ilyasova,
base,7,Prizms Choice Red,false,,Ersan Ilyasova,
base,7,Prizms Choice Tiger Stripe,false,,Ersan Ilyasova,
base,7,Prizms Fast Break,false,,Ersan Ilyasova,
base,7,Prizms Fast Break Blue,false,,Ersan Ilyasova,
base,7,Prizms Fast Break Bronze,false,,Ersan Ilyasova,
base,7,Prizms Fast Break Neon Green,false,,Ersan Ilyasova,
base,7,Prizms Fast Break Pink,false,,Ersan Ilyasova,
base,7,Prizms Fast Break Purple,false,,Ersan Ilyasova,
base,7,Prizms Fast Break Red,false,,Ersan Ilyasova,
base,7,Prizms Gold,false,,Ersan Ilyasova,
base,7,Prizms Green,false,,Ersan Ilyasova,
base,7,Prizms Green Pulsar,false,,Ersan Ilyasova,
base,7,Prizms Hyper,false,,Ersan Ilyasova,
base,7,Prizms Mojo,false,,Ersan Ilyasova,
base,7,Prizms Orange,false,,Ersan Ilyasova,
base,7,Prizms Pink Ice,false,,Ersan Ilyasova,
base,7,Prizms Pink Pulsar,false,,Ersan Ilyasova,
base,7,Prizms Purple,false,,Ersan Ilyasova,
base,7,Prizms Purple Ice,false,,Ersan Ilyasova,
base,7,Prizms Purple Pulsar,false,,Ersan Ilyasova,
base,7,Prizms Purple Wave,false,,Ersan Ilyasova,
base,7,Prizms Red,false,,Ersan Ilyasova,
base,7,Prizms Red Ice,false,,Ersan Ilyasova,
base,7,Prizms Red White and Blue,false,,Ersan Ilyasova,
base,7,Prizms Ruby Wave,false,,Ersan Ilyasova,
base,7,Prizms Silver,false,,Ersan Ilyasova,
base,7,Prizms White Sparkle,false,,Ersan Ilyasova,
base,7,Prizms 1st Off the Line Blue Shimmer,false,,Ersan Ilyasova,
base,7,Prizms 1st Off the Line Light Blue Shimmer,false,,Ersan Ilyasova,
base,7,Prizms 1st Off the Line Red Shimmer,false,,Ersan Ilyasova,
base,7,Prizms Black,false,,Ersan Ilyasova,
base,7,Prizms Black Gold,false,,Ersan Ilyasova,
auto-fastbreak-autographs-rookies,FR-DDV,Gold,true,10,Donte DiVincenzo,
auto-fastbreak-autographs-rookies,FR-DDV,Black,true,1,Donte DiVincenzo,
base,276,Prizms Blue,false,,Malcolm Brogdon,
base,276,Prizms Blue Ice,false,,Malcolm Brogdon,
base,276,Prizms Choice Blue Yellow and Green,false,,Malcolm Brogdon,
base,276,Prizms Choice Green,false,,Malcolm Brogdon,
base,276,Prizms Choice Nebula,false,,Malcolm Brogdon,
base,276,Prizms Choice Red,false,,Malcolm Brogdon,
base,276,Prizms Choice Tiger Stripe,false,,Malcolm Brogdon,
base,276,Prizms Fast Break,false,,Malcolm Brogdon,
base,276,Prizms Fast Break Blue,false,,Malcolm Brogdon,
base,276,Prizms Fast Break Bronze,false,,Malcolm Brogdon,
base,276,Prizms Fast Break Neon Green,false,,Malcolm Brogdon,
base,276,Prizms Fast Break Pink,false,,Malcolm Brogdon,
base,276,Prizms Fast Break Purple,false,,Malcolm Brogdon,
base,276,Prizms Fast Break Red,false,,Malcolm Brogdon,
base,276,Prizms Gold,false,,Malcolm Brogdon,
base,276,Prizms Green,false,,Malcolm Brogdon,
base,276,Prizms Green Pulsar,false,,Malcolm Brogdon,
base,276,Prizms Hyper,false,,Malcolm Brogdon,
base,276,Prizms Mojo,false,,Malcolm Brogdon,
base,276,Prizms Orange,false,,Malcolm Brogdon,
base,276,Prizms Pink Ice,false,,Malcolm Brogdon,
base,276,Prizms Pink Pulsar,false,,Malcolm Brogdon,
base,276,Prizms Purple,false,,Malcolm Brogdon,
base,276,Prizms Purple Ice,false,,Malcolm Brogdon,
base,276,Prizms Purple Pulsar,false,,Malcolm Brogdon,
base,276,Prizms Purple Wave,false,,Malcolm Brogdon,
base,276,Prizms Red,false,,Malcolm Brogdon,
base,276,Prizms Red Ice,false,,Malcolm Brogdon,
base,276,Prizms Red White and Blue,false,,Malcolm Brogdon,
base,276,Prizms Ruby Wave,false,,Malcolm Brogdon,
base,276,Prizms Silver,false,,Malcolm Brogdon,
base,276,Prizms White Sparkle,false,,Malcolm Brogdon,
base,276,Prizms 1st Off the Line Blue Shimmer,false,,Malcolm Brogdon,
base,276,Prizms 1st Off the Line Light Blue Shimmer,false,,Malcolm Brogdon,
base,276,Prizms 1st Off the Line Red Shimmer,false,,Malcolm Brogdon,
base,276,Prizms Black,false,,Malcolm Brogdon,
base,276,Prizms Black Gold,false,,Malcolm Brogdon,
auto-sensational-signatures,SS-BLP,Prizms Choice,true,,Brook Lopez,
auto-sensational-signatures,SS-BLP,Prizms Mojo,true,25,Brook Lopez,
auto-sensational-signatures,SS-BLP,Prizms Gold,true,10,Brook Lopez,
auto-sensational-signatures,SS-BLP,Prizms Choice Green,true,8,Brook Lopez,
auto-sensational-signatures,SS-BLP,Prizms Black,true,1,Brook Lopez,
base,256,Prizms Blue,false,,Eric Bledsoe,
base,256,Prizms Blue Ice,false,,Eric Bledsoe,
base,256,Prizms Choice Blue Yellow and Green,false,,Eric Bledsoe,
base,256,Prizms Choice Green,false,,Eric Bledsoe,
base,256,Prizms Choice Nebula,false,,Eric Bledsoe,
base,256,Prizms Choice Red,false,,Eric Bledsoe,
base,256,Prizms Choice Tiger Stripe,false,,Eric Bledsoe,
base,256,Prizms Fast Break,false,,Eric Bledsoe,
base,256,Prizms Fast Break Blue,false,,Eric Bledsoe,
base,256,Prizms Fast Break Bronze,false,,Eric Bledsoe,
base,256,Prizms Fast Break Neon Green,false,,Eric Bledsoe,
base,256,Prizms Fast Break Pink,false,,Eric Bledsoe,
base,256,Prizms Fast Break Purple,false,,Eric Bledsoe,
base,256,Prizms Fast Break Red,false,,Eric Bledsoe,
base,256,Prizms Gold,false,,Eric Bledsoe,
base,256,Prizms Green,false,,Eric Bledsoe,
base,256,Prizms Green Pulsar,false,,Eric Bledsoe,
base,256,Prizms Hyper,false,,Eric Bledsoe,
base,256,Prizms Mojo,false,,Eric Bledsoe,
base,256,Prizms Orange,false,,Eric Bledsoe,
base,256,Prizms Pink Ice,false,,Eric Bledsoe,
base,256,Prizms Pink Pulsar,false,,Eric Bledsoe,
base,256,Prizms Purple,false,,Eric Bledsoe,
base,256,Prizms Purple Ice,false,,Eric Bledsoe,
base,256,Prizms Purple Pulsar,false,,Eric Bledsoe,
base,256,Prizms Purple Wave,false,,Eric Bledsoe,
base,256,Prizms Red,false,,Eric Bledsoe,
base,256,Prizms Red Ice,false,,Eric Bledsoe,
base,256,Prizms Red White and Blue,false,,Eric Bledsoe,
base,256,Prizms Ruby Wave,false,,Eric Bledsoe,
base,256,Prizms Silver,false,,Eric Bledsoe,
base,256,Prizms White Sparkle,false,,Eric Bledsoe,
base,256,Prizms 1st Off the Line Blue Shimmer,false,,Eric Bledsoe,
base,256,Prizms 1st Off the Line Light Blue Shimmer,false,,Eric Bledsoe,
base,256,Prizms 1st Off the Line Red Shimmer,false,,Eric Bledsoe,
base,256,Prizms Black,false,,Eric Bledsoe,
base,256,Prizms Black Gold,false,,Eric Bledsoe,
auto-signatures,S-BLP,Prizms Choice,true,,Brook Lopez,
auto-signatures,S-BLP,Prizms Silver,true,,Brook Lopez,
auto-signatures,S-BLP,Prizms Mojo,true,25,Brook Lopez,
auto-signatures,S-BLP,Prizms Gold,true,10,Brook Lopez,
auto-signatures,S-BLP,Prizms Choice Green,true,8,Brook Lopez,
auto-signatures,S-BLP,Prizms Black,true,1,Brook Lopez,
auto-sensational-signatures,SS-MDL,Prizms Choice,true,,Matthew Dellavedova,
auto-sensational-signatures,SS-MDL,Prizms Mojo,true,25,Matthew Dellavedova,
auto-sensational-signatures,SS-MDL,Prizms Gold,true,10,Matthew Dellavedova,
auto-sensational-signatures,SS-MDL,Prizms Choice Green,true,8,Matthew Dellavedova,
auto-sensational-signatures,SS-MDL,Prizms Black,true,1,Matthew Dellavedova,
auto-sensational-signatures,SS-KMD,Prizms Choice,true,,Khris Middleton,
auto-sensational-signatures,SS-KMD,Prizms Mojo,true,25,Khris Middleton,
auto-sensational-signatures,SS-KMD,Prizms Gold,true,10,Khris Middleton,
auto-sensational-signatures,SS-KMD,Prizms Choice Green,true,8,Khris Middleton,
auto-sensational-signatures,SS-KMD,Prizms Black,true,1,Khris Middleton,
base,246,Prizms Blue,false,,Donte DiVincenzo,
base,246,Prizms Blue Ice,false,,Donte DiVincenzo,
base,246,Prizms Choice Blue Yellow and Green,false,,Donte DiVincenzo,
base,246,Prizms Choice Green,false,,Donte DiVincenzo,
base,246,Prizms Choice Nebula,false,,Donte DiVincenzo,
base,246,Prizms Choice Red,false,,Donte DiVincenzo,
base,246,Prizms Choice Tiger Stripe,false,,Donte DiVincenzo,
base,246,Prizms Fast Break,false,,Donte DiVincenzo,
base,246,Prizms Fast Break Blue,false,,Donte DiVincenzo,
base,246,Prizms Fast Break Bronze,false,,Donte DiVincenzo,
base,246,Prizms Fast Break Neon Green,false,,Donte DiVincenzo,
base,246,Prizms Fast Break Pink,false,,Donte DiVincenzo,
base,246,Prizms Fast Break Purple,false,,Donte DiVincenzo,
base,246,Prizms Fast Break Red,false,,Donte DiVincenzo,
base,246,Prizms Gold,false,,Donte DiVincenzo,
base,246,Prizms Green,false,,Donte DiVincenzo,
base,246,Prizms Green Pulsar,false,,Donte DiVincenzo,
base,246,Prizms Hyper,false,,Donte DiVincenzo,
base,246,Prizms Mojo,false,,Donte DiVincenzo,
base,246,Prizms Orange,false,,Donte DiVincenzo,
base,246,Prizms Pink Ice,false,,Donte DiVincenzo,
base,246,Prizms Pink Pulsar,false,,Donte DiVincenzo,
base,246,Prizms Purple,false,,Donte DiVincenzo,
base,246,Prizms Purple Ice,false,,Donte DiVincenzo,
base,246,Prizms Purple Pulsar,false,,Donte DiVincenzo,
base,246,Prizms Purple Wave,false,,Donte DiVincenzo,
base,246,Prizms Red,false,,Donte DiVincenzo,
base,246,Prizms Red Ice,false,,Donte DiVincenzo,
base,246,Prizms Red White and Blue,false,,Donte DiVincenzo,
base,246,Prizms Ruby Wave,false,,Donte DiVincenzo,
base,246,Prizms Silver,false,,Donte DiVincenzo,
base,246,Prizms White Sparkle,false,,Donte DiVincenzo,
base,246,Prizms 1st Off the Line Blue Shimmer,false,,Donte DiVincenzo,
base,246,Prizms 1st Off the Line Light Blue Shimmer,false,,Donte DiVincenzo,
base,246,Prizms 1st Off the Line Red Shimmer,false,,Donte DiVincenzo,
base,246,Prizms Black,false,,Donte DiVincenzo,
base,246,Prizms Black Gold,false,,Donte DiVincenzo,
auto-sensational-signatures,SS-BLN,Prizms Choice,true,,Bob Lanier,
auto-sensational-signatures,SS-BLN,Prizms Mojo,true,25,Bob Lanier,
auto-sensational-signatures,SS-BLN,Prizms Gold,true,10,Bob Lanier,
auto-sensational-signatures,SS-BLN,Prizms Choice Green,true,8,Bob Lanier,
auto-sensational-signatures,SS-BLN,Prizms Black,true,1,Bob Lanier,
insert-emergent,17,Silver,false,,Donte DiVincenzo,
insert-emergent,17,Green,false,,Donte DiVincenzo,
insert-all-day,18,Fast Break,false,,Giannis Antetokounmpo,
insert-all-day,18,Hyper,false,,Giannis Antetokounmpo,
insert-all-day,18,Silver,false,,Giannis Antetokounmpo,
insert-all-day,18,Mojo,false,25,Giannis Antetokounmpo,
insert-all-day,18,Gold,false,10,Giannis Antetokounmpo,
insert-all-day,18,Black,false,1,Giannis Antetokounmpo,
insert-dominance,5,Green,false,,Oscar Robertson,
insert-dominance,5,Silver,false,,Oscar Robertson,
insert-fireworks,18,Silver,false,,Giannis Antetokounmpo,
insert-fireworks,18,Fast Break,false,,Giannis Antetokounmpo,
insert-fireworks,18,Hyper,false,,Giannis Antetokounmpo,
insert-fireworks,18,Mojo,false,25,Giannis Antetokounmpo,
insert-fireworks,18,Fast Gold,false,10,Giannis Antetokounmpo,
insert-fireworks,18,Black,false,1,Giannis Antetokounmpo,
base,286,Prizms Blue,false,,Khris Middleton,
base,286,Prizms Blue Ice,false,,Khris Middleton,
base,286,Prizms Choice Blue Yellow and Green,false,,Khris Middleton,
base,286,Prizms Choice Green,false,,Khris Middleton,
base,286,Prizms Choice Nebula,false,,Khris Middleton,
base,286,Prizms Choice Red,false,,Khris Middleton,
base,286,Prizms Choice Tiger Stripe,false,,Khris Middleton,
base,286,Prizms Fast Break,false,,Khris Middleton,
base,286,Prizms Fast Break Blue,false,,Khris Middleton,
base,286,Prizms Fast Break Bronze,false,,Khris Middleton,
base,286,Prizms Fast Break Neon Green,false,,Khris Middleton,
base,286,Prizms Fast Break Pink,false,,Khris Middleton,
base,286,Prizms Fast Break Purple,false,,Khris Middleton,
base,286,Prizms Fast Break Red,false,,Khris Middleton,
base,286,Prizms Gold,false,,Khris Middleton,
base,286,Prizms Green,false,,Khris Middleton,
base,286,Prizms Green Pulsar,false,,Khris Middleton,
base,286,Prizms Hyper,false,,Khris Middleton,
base,286,Prizms Mojo,false,,Khris Middleton,
base,286,Prizms Orange,false,,Khris Middleton,
base,286,Prizms Pink Ice,false,,Khris Middleton,
base,286,Prizms Pink Pulsar,false,,Khris Middleton,
base,286,Prizms Purple,false,,Khris Middleton,
base,286,Prizms Purple Ice,false,,Khris Middleton,
base,286,Prizms Purple Pulsar,false,,Khris Middleton,
base,286,Prizms Purple Wave,false,,Khris Middleton,
base,286,Prizms Red,false,,Khris Middleton,
base,286,Prizms Red Ice,false,,Khris Middleton,
base,286,Prizms Red White and Blue,false,,Khris Middleton,
base,286,Prizms Ruby Wave,false,,Khris Middleton,
base,286,Prizms Silver,false,,Khris Middleton,
base,286,Prizms White Sparkle,false,,Khris Middleton,
base,286,Prizms 1st Off the Line Blue Shimmer,false,,Khris Middleton,
base,286,Prizms 1st Off the Line Light Blue Shimmer,false,,Khris Middleton,
base,286,Prizms 1st Off the Line Red Shimmer,false,,Khris Middleton,
base,286,Prizms Black,false,,Khris Middleton,
base,286,Prizms Black Gold,false,,Khris Middleton,
auto-rookie-signatures,RS-DDV,Prizms Silver,true,,Donte DiVincenzo,
auto-rookie-signatures,RS-DDV,Prizms Choice,true,,Donte DiVincenzo,
auto-rookie-signatures,RS-DDV,Prizms Mojo,true,25,Donte DiVincenzo,
auto-rookie-signatures,RS-DDV,Prizms Gold,true,10,Donte DiVincenzo,
auto-rookie-signatures,RS-DDV,Prizms Choice Green,true,8,Donte DiVincenzo,
auto-rookie-signatures,RS-DDV,Prizms Black,true,1,Donte DiVincenzo,
auto-rookie-signatures,RS-DDV,Prizms White Sparkle,true,1,Donte DiVincenzo,
insert-that-s-savage,8,Silver,false,,Giannis Antetokounmpo,
insert-that-s-savage,8,Fast Break,false,,Giannis Antetokounmpo,
insert-that-s-savage,8,Hyper,false,,Giannis Antetokounmpo,
insert-that-s-savage,8,Mojo,false,25,Giannis Antetokounmpo,
insert-that-s-savage,8,Gold,false,10,Giannis Antetokounmpo,
insert-that-s-savage,8,Black,false,1,Giannis Antetokounmpo,
auto-signatures,S-BDR,Prizms Choice,true,,Bob Dandridge,
auto-signatures,S-BDR,Prizms Silver,true,,Bob Dandridge,
auto-signatures,S-BDR,Prizms Mojo,true,25,Bob Dandridge,
auto-signatures,S-BDR,Prizms Gold,true,10,Bob Dandridge,
auto-signatures,S-BDR,Prizms Choice Green,true,8,Bob Dandridge,
auto-signatures,S-BDR,Prizms Black,true,1,Bob Dandridge,
insert-freshman-phenoms,9,Green,false,,Donte DiVincenzo,
insert-freshman-phenoms,9,Silver,false,,Donte DiVincenzo,
auto-signatures,S-MBG,Prizms Choice,true,,Malcolm Brogdon,
auto-signatures,S-MBG,Prizms Silver,true,,Malcolm Brogdon,
auto-signatures,S-MBG,Prizms Mojo,true,25,Malcolm Brogdon,
auto-signatures,S-MBG,Prizms Gold,true,10,Malcolm Brogdon,
auto-signatures,S-MBG,Prizms Choice Green,true,8,Malcolm Brogdon,
auto-signatures,S-MBG,Prizms Black,true,1,Malcolm Brogdon,
auto-signatures,S-TMK,Prizms Choice,true,,Thon Maker,
auto-signatures,S-TMK,Prizms Silver,true,,Thon Maker,
auto-signatures,S-TMK,Prizms Mojo,true,25,Thon Maker,
auto-signatures,S-TMK,Prizms Gold,true,10,Thon Maker,
auto-signatures,S-TMK,Prizms Choice Green,true,8,Thon Maker,
auto-signatures,S-TMK,Prizms Black,true,1,Thon Maker,
auto-fastbreak-autographs,FB-JHS,Gold,true,10,John Henson,
auto-fastbreak-autographs,FB-JHS,Black,true,1,John Henson,
auto-fastbreak-autographs,FB-KAJ,Gold,true,10,Kareem Abdul-Jabbar,
auto-fastbreak-autographs,FB-KAJ,Black,true,1,Kareem Abdul-Jabbar,
insert-sensational-swatches,69,Prime,false,10,Donte DiVincenzo,
auto-sensational-signatures,SS-DDV,Prizms Choice,true,,Donte DiVincenzo,
auto-sensational-signatures,SS-DDV,Prizms Mojo,true,25,Donte DiVincenzo,
auto-sensational-signatures,SS-DDV,Prizms Gold,true,10,Donte DiVincenzo,
auto-sensational-signatures,SS-DDV,Prizms Choice Green,true,8,Donte DiVincenzo,
auto-sensational-signatures,SS-DDV,Prizms Black,true,1,Donte DiVincenzo,
auto-fastbreak-autographs,FB-KMD,Gold,true,10,Khris Middleton,
auto-fastbreak-autographs,FB-KMD,Black,true,1,Khris Middleton,
base,17,Prizms Blue,false,,John Henson,
base,17,Prizms Blue Ice,false,,John Henson,
base,17,Prizms Choice Blue Yellow and Green,false,,John Henson,
base,17,Prizms Choice Green,false,,John Henson,
base,17,Prizms Choice Nebula,false,,John Henson,
base,17,Prizms Choice Red,false,,John Henson,
base,17,Prizms Choice Tiger Stripe,false,,John Henson,
base,17,Prizms Fast Break,false,,John Henson,
base,17,Prizms Fast Break Blue,false,,John Henson,
base,17,Prizms Fast Break Bronze,false,,John Henson,
base,17,Prizms Fast Break Neon Green,false,,John Henson,
base,17,Prizms Fast Break Pink,false,,John Henson,
base,17,Prizms Fast Break Purple,false,,John Henson,
base,17,Prizms Fast Break Red,false,,John Henson,
base,17,Prizms Gold,false,,John Henson,
base,17,Prizms Green,false,,John Henson,
base,17,Prizms Green Pulsar,false,,John Henson,
base,17,Prizms Hyper,false,,John Henson,
base,17,Prizms Mojo,false,,John Henson,
base,17,Prizms Orange,false,,John Henson,
base,17,Prizms Pink Ice,false,,John Henson,
base,17,Prizms Pink Pulsar,false,,John Henson,
base,17,Prizms Purple,false,,John Henson,
base,17,Prizms Purple Ice,false,,John Henson,
base,17,Prizms Purple Pulsar,false,,John Henson,
base,17,Prizms Purple Wave,false,,John Henson,
base,17,Prizms Red,false,,John Henson,
base,17,Prizms Red Ice,false,,John Henson,
base,17,Prizms Red White and Blue,false,,John Henson,
base,17,Prizms Ruby Wave,false,,John Henson,
base,17,Prizms Silver,false,,John Henson,
base,17,Prizms White Sparkle,false,,John Henson,
base,17,Prizms 1st Off the Line Blue Shimmer,false,,John Henson,
base,17,Prizms 1st Off the Line Light Blue Shimmer,false,,John Henson,
base,17,Prizms 1st Off the Line Red Shimmer,false,,John Henson,
base,17,Prizms Black,false,,John Henson,
base,17,Prizms Black Gold,false,,John Henson,
insert-dominance,7,Green,false,,Kareem Abdul-Jabbar,
insert-dominance,7,Silver,false,,Kareem Abdul-Jabbar,
base,125,Prizms Blue,false,,Oscar Robertson,
base,125,Prizms Blue Ice,false,,Oscar Robertson,
base,125,Prizms Choice Blue Yellow and Green,false,,Oscar Robertson,
base,125,Prizms Choice Green,false,,Oscar Robertson,
base,125,Prizms Choice Nebula,false,,Oscar Robertson,
base,125,Prizms Choice Red,false,,Oscar Robertson,
base,125,Prizms Choice Tiger Stripe,false,,Oscar Robertson,
base,125,Prizms Fast Break,false,,Oscar Robertson,
base,125,Prizms Fast Break Blue,false,,Oscar Robertson,
base,125,Prizms Fast Break Bronze,false,,Oscar Robertson,
base,125,Prizms Fast Break Neon Green,false,,Oscar Robertson,
base,125,Prizms Fast Break Pink,false,,Oscar Robertson,
base,125,Prizms Fast Break Purple,false,,Oscar Robertson,
base,125,Prizms Fast Break Red,false,,Oscar Robertson,
base,125,Prizms Gold,false,,Oscar Robertson,
base,125,Prizms Green,false,,Oscar Robertson,
base,125,Prizms Green Pulsar,false,,Oscar Robertson,
base,125,Prizms Hyper,false,,Oscar Robertson,
base,125,Prizms Mojo,false,,Oscar Robertson,
base,125,Prizms Orange,false,,Oscar Robertson,
base,125,Prizms Pink Ice,false,,Oscar Robertson,
base,125,Prizms Pink Pulsar,false,,Oscar Robertson,
base,125,Prizms Purple,false,,Oscar Robertson,
base,125,Prizms Purple Ice,false,,Oscar Robertson,
base,125,Prizms Purple Pulsar,false,,Oscar Robertson,
base,125,Prizms Purple Wave,false,,Oscar Robertson,
base,125,Prizms Red,false,,Oscar Robertson,
base,125,Prizms Red Ice,false,,Oscar Robertson,
base,125,Prizms Red White and Blue,false,,Oscar Robertson,
base,125,Prizms Ruby Wave,false,,Oscar Robertson,
base,125,Prizms Silver,false,,Oscar Robertson,
base,125,Prizms White Sparkle,false,,Oscar Robertson,
base,125,Prizms 1st Off the Line Blue Shimmer,false,,Oscar Robertson,
base,125,Prizms 1st Off the Line Light Blue Shimmer,false,,Oscar Robertson,
base,125,Prizms 1st Off the Line Red Shimmer,false,,Oscar Robertson,
base,125,Prizms Black,false,,Oscar Robertson,
base,125,Prizms Black Gold,false,,Oscar Robertson,
insert-go-hard-or-go-home,9,Silver,false,,Giannis Antetokounmpo,
insert-go-hard-or-go-home,9,Fast Break,false,,Giannis Antetokounmpo,
insert-go-hard-or-go-home,9,Hyper,false,,Giannis Antetokounmpo,
insert-go-hard-or-go-home,9,Mojo,false,25,Giannis Antetokounmpo,
insert-go-hard-or-go-home,9,Gold,false,10,Giannis Antetokounmpo,
insert-go-hard-or-go-home,9,Black,false,1,Giannis Antetokounmpo,
auto-fastbreak-autographs,FB-ORB,Gold,true,10,Oscar Robertson,
auto-fastbreak-autographs,FB-ORB,Black,true,1,Oscar Robertson,
auto-signatures,S-JET,Prizms Choice,true,,Jason Terry,
auto-signatures,S-JET,Prizms Silver,true,,Jason Terry,
auto-signatures,S-JET,Prizms Mojo,true,25,Jason Terry,
auto-signatures,S-JET,Prizms Gold,true,10,Jason Terry,
auto-signatures,S-JET,Prizms Choice Green,true,8,Jason Terry,
auto-signatures,S-JET,Prizms Black,true,1,Jason Terry,
base,266,Prizms Blue,false,,Matthew Dellavedova,
base,266,Prizms Blue Ice,false,,Matthew Dellavedova,
base,266,Prizms Choice Blue Yellow and Green,false,,Matthew Dellavedova,
base,266,Prizms Choice Green,false,,Matthew Dellavedova,
base,266,Prizms Choice Nebula,false,,Matthew Dellavedova,
base,266,Prizms Choice Red,false,,Matthew Dellavedova,
base,266,Prizms Choice Tiger Stripe,false,,Matthew Dellavedova,
base,266,Prizms Fast Break,false,,Matthew Dellavedova,
base,266,Prizms Fast Break Blue,false,,Matthew Dellavedova,
base,266,Prizms Fast Break Bronze,false,,Matthew Dellavedova,
base,266,Prizms Fast Break Neon Green,false,,Matthew Dellavedova,
base,266,Prizms Fast Break Pink,false,,Matthew Dellavedova,
base,266,Prizms Fast Break Purple,false,,Matthew Dellavedova,
base,266,Prizms Fast Break Red,false,,Matthew Dellavedova,
base,266,Prizms Gold,false,,Matthew Dellavedova,
base,266,Prizms Green,false,,Matthew Dellavedova,
base,266,Prizms Green Pulsar,false,,Matthew Dellavedova,
base,266,Prizms Hyper,false,,Matthew Dellavedova,
base,266,Prizms Mojo,false,,Matthew Dellavedova,
base,266,Prizms Orange,false,,Matthew Dellavedova,
base,266,Prizms Pink Ice,false,,Matthew Dellavedova,
base,266,Prizms Pink Pulsar,false,,Matthew Dellavedova,
base,266,Prizms Purple,false,,Matthew Dellavedova,
base,266,Prizms Purple Ice,false,,Matthew Dellavedova,
base,266,Prizms Purple Pulsar,false,,Matthew Dellavedova,
base,266,Prizms Purple Wave,false,,Matthew Dellavedova,
base,266,Prizms Red,false,,Matthew Dellavedova,
base,266,Prizms Red Ice,false,,Matthew Dellavedova,
base,266,Prizms Red White and Blue,false,,Matthew Dellavedova,
base,266,Prizms Ruby Wave,false,,Matthew Dellavedova,
base,266,Prizms Silver,false,,Matthew Dellavedova,
base,266,Prizms White Sparkle,false,,Matthew Dellavedova,
base,266,Prizms 1st Off the Line Blue Shimmer,false,,Matthew Dellavedova,
base,266,Prizms 1st Off the Line Light Blue Shimmer,false,,Matthew Dellavedova,
base,266,Prizms 1st Off the Line Red Shimmer,false,,Matthew Dellavedova,
base,266,Prizms Black,false,,Matthew Dellavedova,
base,266,Prizms Black Gold,false,,Matthew Dellavedova,
auto-fastbreak-autographs,FB-TMK,Gold,true,10,Thon Maker,
auto-fastbreak-autographs,FB-TMK,Black,true,1,Thon Maker,
base,285,Prizms Blue,false,,George Mikan,
base,285,Prizms Blue Ice,false,,George Mikan,
base,285,Prizms Choice Blue Yellow and Green,false,,George Mikan,
base,285,Prizms Choice Green,false,,George Mikan,
base,285,Prizms Choice Nebula,false,,George Mikan,
base,285,Prizms Choice Red,false,,George Mikan,
base,285,Prizms Choice Tiger Stripe,false,,George Mikan,
base,285,Prizms Fast Break,false,,George Mikan,
base,285,Prizms Fast Break Blue,false,,George Mikan,
base,285,Prizms Fast Break Bronze,false,,George Mikan,
base,285,Prizms Fast Break Neon Green,false,,George Mikan,
base,285,Prizms Fast Break Pink,false,,George Mikan,
base,285,Prizms Fast Break Purple,false,,George Mikan,
base,285,Prizms Fast Break Red,false,,George Mikan,
base,285,Prizms Gold,false,,George Mikan,
base,285,Prizms Green,false,,George Mikan,
base,285,Prizms Green Pulsar,false,,George Mikan,
base,285,Prizms Hyper,false,,George Mikan,
base,285,Prizms Mojo,false,,George Mikan,
base,285,Prizms Orange,false,,George Mikan,
base,285,Prizms Pink Ice,false,,George Mikan,
base,285,Prizms Pink Pulsar,false,,George Mikan,
base,285,Prizms Purple,false,,George Mikan,
base,285,Prizms Purple Ice,false,,George Mikan,
base,285,Prizms Purple Pulsar,false,,George Mikan,
base,285,Prizms Purple Wave,false,,George Mikan,
base,285,Prizms Red,false,,George Mikan,
base,285,Prizms Red Ice,false,,George Mikan,
base,285,Prizms Red White and Blue,false,,George Mikan,
base,285,Prizms Ruby Wave,false,,George Mikan,
base,285,Prizms Silver,false,,George Mikan,
base,285,Prizms White Sparkle,false,,George Mikan,
base,285,Prizms 1st Off the Line Blue Shimmer,false,,George Mikan,
base,285,Prizms 1st Off the Line Light Blue Shimmer,false,,George Mikan,
base,285,Prizms 1st Off the Line Red Shimmer,false,,George Mikan,
base,285,Prizms Black,false,,George Mikan,
base,285,Prizms Black Gold,false,,George Mikan,
base,57,Prizms Blue,false,,Jeff Teague,
base,57,Prizms Blue Ice,false,,Jeff Teague,
base,57,Prizms Choice Blue Yellow and Green,false,,Jeff Teague,
base,57,Prizms Choice Green,false,,Jeff Teague,
base,57,Prizms Choice Nebula,false,,Jeff Teague,
base,57,Prizms Choice Red,false,,Jeff Teague,
base,57,Prizms Choice Tiger Stripe,false,,Jeff Teague,
base,57,Prizms Fast Break,false,,Jeff Teague,
base,57,Prizms Fast Break Blue,false,,Jeff Teague,
base,57,Prizms Fast Break Bronze,false,,Jeff Teague,
base,57,Prizms Fast Break Neon Green,false,,Jeff Teague,
base,57,Prizms Fast Break Pink,false,,Jeff Teague,
base,57,Prizms Fast Break Purple,false,,Jeff Teague,
base,57,Prizms Fast Break Red,false,,Jeff Teague,
base,57,Prizms Gold,false,,Jeff Teague,
base,57,Prizms Green,false,,Jeff Teague,
base,57,Prizms Green Pulsar,false,,Jeff Teague,
base,57,Prizms Hyper,false,,Jeff Teague,
base,57,Prizms Mojo,false,,Jeff Teague,
base,57,Prizms Orange,false,,Jeff Teague,
base,57,Prizms Pink Ice,false,,Jeff Teague,
base,57,Prizms Pink Pulsar,false,,Jeff Teague,
base,57,Prizms Purple,false,,Jeff Teague,
base,57,Prizms Purple Ice,false,,Jeff Teague,
base,57,Prizms Purple Pulsar,false,,Jeff Teague,
base,57,Prizms Purple Wave,false,,Jeff Teague,
base,57,Prizms Red,false,,Jeff Teague,
base,57,Prizms Red Ice,false,,Jeff Teague,
base,57,Prizms Red White and Blue,false,,Jeff Teague,
base,57,Prizms Ruby Wave,false,,Jeff Teague,
base,57,Prizms Silver,false,,Jeff Teague,
base,57,Prizms White Sparkle,false,,Jeff Teague,
base,57,Prizms 1st Off the Line Blue Shimmer,false,,Jeff Teague,
base,57,Prizms 1st Off the Line Light Blue Shimmer,false,,Jeff Teague,
base,57,Prizms 1st Off the Line Red Shimmer,false,,Jeff Teague,
base,57,Prizms Black,false,,Jeff Teague,
base,57,Prizms Black Gold,false,,Jeff Teague,
base,37,Prizms Blue,false,,Josh Okogie,
base,37,Prizms Blue Ice,false,,Josh Okogie,
base,37,Prizms Choice Blue Yellow and Green,false,,Josh Okogie,
base,37,Prizms Choice Green,false,,Josh Okogie,
base,37,Prizms Choice Nebula,false,,Josh Okogie,
base,37,Prizms Choice Red,false,,Josh Okogie,
base,37,Prizms Choice Tiger Stripe,false,,Josh Okogie,
base,37,Prizms Fast Break,false,,Josh Okogie,
base,37,Prizms Fast Break Blue,false,,Josh Okogie,
base,37,Prizms Fast Break Bronze,false,,Josh Okogie,
base,37,Prizms Fast Break Neon Green,false,,Josh Okogie,
base,37,Prizms Fast Break Pink,false,,Josh Okogie,
base,37,Prizms Fast Break Purple,false,,Josh Okogie,
base,37,Prizms Fast Break Red,false,,Josh Okogie,
base,37,Prizms Gold,false,,Josh Okogie,
base,37,Prizms Green,false,,Josh Okogie,
base,37,Prizms Green Pulsar,false,,Josh Okogie,
base,37,Prizms Hyper,false,,Josh Okogie,
base,37,Prizms Mojo,false,,Josh Okogie,
base,37,Prizms Orange,false,,Josh Okogie,
base,37,Prizms Pink Ice,false,,Josh Okogie,
base,37,Prizms Pink Pulsar,false,,Josh Okogie,
base,37,Prizms Purple,false,,Josh Okogie,
base,37,Prizms Purple Ice,false,,Josh Okogie,
base,37,Prizms Purple Pulsar,false,,Josh Okogie,
base,37,Prizms Purple Wave,false,,Josh Okogie,
base,37,Prizms Red,false,,Josh Okogie,
base,37,Prizms Red Ice,false,,Josh Okogie,
base,37,Prizms Red White and Blue,false,,Josh Okogie,
base,37,Prizms Ruby Wave,false,,Josh Okogie,
base,37,Prizms Silver,false,,Josh Okogie,
base,37,Prizms White Sparkle,false,,Josh Okogie,
base,37,Prizms 1st Off the Line Blue Shimmer,false,,Josh Okogie,
base,37,Prizms 1st Off the Line Light Blue Shimmer,false,,Josh Okogie,
base,37,Prizms 1st Off the Line Red Shimmer,false,,Josh Okogie,
base,37,Prizms Black,false,,Josh Okogie,
base,37,Prizms Black Gold,false,,Josh Okogie,
base,87,Prizms Blue,false,,Andrew Wiggins,
base,87,Prizms Blue Ice,false,,Andrew Wiggins,
base,87,Prizms Choice Blue Yellow and Green,false,,Andrew Wiggins,
base,87,Prizms Choice Green,false,,Andrew Wiggins,
base,87,Prizms Choice Nebula,false,,Andrew Wiggins,
base,87,Prizms Choice Red,false,,Andrew Wiggins,
base,87,Prizms Choice Tiger Stripe,false,,Andrew Wiggins,
base,87,Prizms Fast Break,false,,Andrew Wiggins,
base,87,Prizms Fast Break Blue,false,,Andrew Wiggins,
base,87,Prizms Fast Break Bronze,false,,Andrew Wiggins,
base,87,Prizms Fast Break Neon Green,false,,Andrew Wiggins,
base,87,Prizms Fast Break Pink,false,,Andrew Wiggins,
base,87,Prizms Fast Break Purple,false,,Andrew Wiggins,
base,87,Prizms Fast Break Red,false,,Andrew Wiggins,
base,87,Prizms Gold,false,,Andrew Wiggins,
base,87,Prizms Green,false,,Andrew Wiggins,
base,87,Prizms Green Pulsar,false,,Andrew Wiggins,
base,87,Prizms Hyper,false,,Andrew Wiggins,
base,87,Prizms Mojo,false,,Andrew Wiggins,
base,87,Prizms Orange,false,,Andrew Wiggins,
base,87,Prizms Pink Ice,false,,Andrew Wiggins,
base,87,Prizms Pink Pulsar,false,,Andrew Wiggins,
base,87,Prizms Purple,false,,Andrew Wiggins,
base,87,Prizms Purple Ice,false,,Andrew Wiggins,
base,87,Prizms Purple Pulsar,false,,Andrew Wiggins,
base,87,Prizms Purple Wave,false,,Andrew Wiggins,
base,87,Prizms Red,false,,Andrew Wiggins,
base,87,Prizms Red Ice,false,,Andrew Wiggins,
base,87,Prizms Red White and Blue,false,,Andrew Wiggins,
base,87,Prizms Ruby Wave,false,,Andrew Wiggins,
base,87,Prizms Silver,false,,Andrew Wiggins,
base,87,Prizms White Sparkle,false,,Andrew Wiggins,
base,87,Prizms 1st Off the Line Blue Shimmer,false,,Andrew Wiggins,
base,87,Prizms 1st Off the Line Light Blue Shimmer,false,,Andrew Wiggins,
base,87,Prizms 1st Off the Line Red Shimmer,false,,Andrew Wiggins,
base,87,Prizms Black,false,,Andrew Wiggins,
base,87,Prizms Black Gold,false,,Andrew Wiggins,
base,77,Prizms Blue,false,,Derrick Rose,
base,77,Prizms Blue Ice,false,,Derrick Rose,
base,77,Prizms Choice Blue Yellow and Green,false,,Derrick Rose,
base,77,Prizms Choice Green,false,,Derrick Rose,
base,77,Prizms Choice Nebula,false,,Derrick Rose,
base,77,Prizms Choice Red,false,,Derrick Rose,
base,77,Prizms Choice Tiger Stripe,false,,Derrick Rose,
base,77,Prizms Fast Break,false,,Derrick Rose,
base,77,Prizms Fast Break Blue,false,,Derrick Rose,
base,77,Prizms Fast Break Bronze,false,,Derrick Rose,
base,77,Prizms Fast Break Neon Green,false,,Derrick Rose,
base,77,Prizms Fast Break Pink,false,,Derrick Rose,
base,77,Prizms Fast Break Purple,false,,Derrick Rose,
base,77,Prizms Fast Break Red,false,,Derrick Rose,
base,77,Prizms Gold,false,,Derrick Rose,
base,77,Prizms Green,false,,Derrick Rose,
base,77,Prizms Green Pulsar,false,,Derrick Rose,
base,77,Prizms Hyper,false,,Derrick Rose,
base,77,Prizms Mojo,false,,Derrick Rose,
base,77,Prizms Orange,false,,Derrick Rose,
base,77,Prizms Pink Ice,false,,Derrick Rose,
base,77,Prizms Pink Pulsar,false,,Derrick Rose,
base,77,Prizms Purple,false,,Derrick Rose,
base,77,Prizms Purple Ice,false,,Derrick Rose,
base,77,Prizms Purple Pulsar,false,,Derrick Rose,
base,77,Prizms Purple Wave,false,,Derrick Rose,
base,77,Prizms Red,false,,Derrick Rose,
base,77,Prizms Red Ice,false,,Derrick Rose,
base,77,Prizms Red White and Blue,false,,Derrick Rose,
base,77,Prizms Ruby Wave,false,,Derrick Rose,
base,77,Prizms Silver,false,,Derrick Rose,
base,77,Prizms White Sparkle,false,,Derrick Rose,
base,77,Prizms 1st Off the Line Blue Shimmer,false,,Derrick Rose,
base,77,Prizms 1st Off the Line Light Blue Shimmer,false,,Derrick Rose,
base,77,Prizms 1st Off the Line Red Shimmer,false,,Derrick Rose,
base,77,Prizms Black,false,,Derrick Rose,
base,77,Prizms Black Gold,false,,Derrick Rose,
insert-emergent,20,Silver,false,,Josh Okogie,
insert-emergent,20,Green,false,,Josh Okogie,
base,67,Prizms Blue,false,,Jimmy Butler,
base,67,Prizms Blue Ice,false,,Jimmy Butler,
base,67,Prizms Choice Blue Yellow and Green,false,,Jimmy Butler,
base,67,Prizms Choice Green,false,,Jimmy Butler,
base,67,Prizms Choice Nebula,false,,Jimmy Butler,
base,67,Prizms Choice Red,false,,Jimmy Butler,
base,67,Prizms Choice Tiger Stripe,false,,Jimmy Butler,
base,67,Prizms Fast Break,false,,Jimmy Butler,
base,67,Prizms Fast Break Blue,false,,Jimmy Butler,
base,67,Prizms Fast Break Bronze,false,,Jimmy Butler,
base,67,Prizms Fast Break Neon Green,false,,Jimmy Butler,
base,67,Prizms Fast Break Pink,false,,Jimmy Butler,
base,67,Prizms Fast Break Purple,false,,Jimmy Butler,
base,67,Prizms Fast Break Red,false,,Jimmy Butler,
base,67,Prizms Gold,false,,Jimmy Butler,
base,67,Prizms Green,false,,Jimmy Butler,
base,67,Prizms Green Pulsar,false,,Jimmy Butler,
base,67,Prizms Hyper,false,,Jimmy Butler,
base,67,Prizms Mojo,false,,Jimmy Butler,
base,67,Prizms Orange,false,,Jimmy Butler,
base,67,Prizms Pink Ice,false,,Jimmy Butler,
base,67,Prizms Pink Pulsar,false,,Jimmy Butler,
base,67,Prizms Purple,false,,Jimmy Butler,
base,67,Prizms Purple Ice,false,,Jimmy Butler,
base,67,Prizms Purple Pulsar,false,,Jimmy Butler,
base,67,Prizms Purple Wave,false,,Jimmy Butler,
base,67,Prizms Red,false,,Jimmy Butler,
base,67,Prizms Red Ice,false,,Jimmy Butler,
base,67,Prizms Red White and Blue,false,,Jimmy Butler,
base,67,Prizms Ruby Wave,false,,Jimmy Butler,
base,67,Prizms Silver,false,,Jimmy Butler,
base,67,Prizms White Sparkle,false,,Jimmy Butler,
base,67,Prizms 1st Off the Line Blue Shimmer,false,,Jimmy Butler,
base,67,Prizms 1st Off the Line Light Blue Shimmer,false,,Jimmy Butler,
base,67,Prizms 1st Off the Line Red Shimmer,false,,Jimmy Butler,
base,67,Prizms Black,false,,Jimmy Butler,
base,67,Prizms Black Gold,false,,Jimmy Butler,
insert-sensational-swatches,81,Prime,false,10,Josh Okogie,
auto-fastbreak-autographs,FB-AWG,Gold,true,10,Andrew Wiggins,
auto-fastbreak-autographs,FB-AWG,Black,true,1,Andrew Wiggins,
insert-sensational-swatches,25,Prime,false,10,Jimmy Butler,
auto-signatures,S-AWG,Prizms Choice,true,,Andrew Wiggins,
auto-signatures,S-AWG,Prizms Silver,true,,Andrew Wiggins,
auto-signatures,S-AWG,Prizms Mojo,true,25,Andrew Wiggins,
auto-signatures,S-AWG,Prizms Gold,true,10,Andrew Wiggins,
auto-signatures,S-AWG,Prizms Choice Green,true,8,Andrew Wiggins,
auto-signatures,S-AWG,Prizms Black,true,1,Andrew Wiggins,
base,47,Prizms Blue,false,,Keita Bates-Diop,
base,47,Prizms Blue Ice,false,,Keita Bates-Diop,
base,47,Prizms Choice Blue Yellow and Green,false,,Keita Bates-Diop,
base,47,Prizms Choice Green,false,,Keita Bates-Diop,
base,47,Prizms Choice Nebula,false,,Keita Bates-Diop,
base,47,Prizms Choice Red,false,,Keita Bates-Diop,
base,47,Prizms Choice Tiger Stripe,false,,Keita Bates-Diop,
base,47,Prizms Fast Break,false,,Keita Bates-Diop,
base,47,Prizms Fast Break Blue,false,,Keita Bates-Diop,
base,47,Prizms Fast Break Bronze,false,,Keita Bates-Diop,
base,47,Prizms Fast Break Neon Green,false,,Keita Bates-Diop,
base,47,Prizms Fast Break Pink,false,,Keita Bates-Diop,
base,47,Prizms Fast Break Purple,false,,Keita Bates-Diop,
base,47,Prizms Fast Break Red,false,,Keita Bates-Diop,
base,47,Prizms Gold,false,,Keita Bates-Diop,
base,47,Prizms Green,false,,Keita Bates-Diop,
base,47,Prizms Green Pulsar,false,,Keita Bates-Diop,
base,47,Prizms Hyper,false,,Keita Bates-Diop,
base,47,Prizms Mojo,false,,Keita Bates-Diop,
base,47,Prizms Orange,false,,Keita Bates-Diop,
base,47,Prizms Pink Ice,false,,Keita Bates-Diop,
base,47,Prizms Pink Pulsar,false,,Keita Bates-Diop,
base,47,Prizms Purple,false,,Keita Bates-Diop,
base,47,Prizms Purple Ice,false,,Keita Bates-Diop,
base,47,Prizms Purple Pulsar,false,,Keita Bates-Diop,
base,47,Prizms Purple Wave,false,,Keita Bates-Diop,
base,47,Prizms Red,false,,Keita Bates-Diop,
base,47,Prizms Red Ice,false,,Keita Bates-Diop,
base,47,Prizms Red White and Blue,false,,Keita Bates-Diop,
base,47,Prizms Ruby Wave,false,,Keita Bates-Diop,
base,47,Prizms Silver,false,,Keita Bates-Diop,
base,47,Prizms White Sparkle,false,,Keita Bates-Diop,
base,47,Prizms 1st Off the Line Blue Shimmer,false,,Keita Bates-Diop,
base,47,Prizms 1st Off the Line Light Blue Shimmer,false,,Keita Bates-Diop,
base,47,Prizms 1st Off the Line Red Shimmer,false,,Keita Bates-Diop,
base,47,Prizms Black,false,,Keita Bates-Diop,
base,47,Prizms Black Gold,false,,Keita Bates-Diop,
auto-rookie-signatures,RS-JOK,Prizms Silver,true,,Josh Okogie,
auto-rookie-signatures,RS-JOK,Prizms Choice,true,,Josh Okogie,
auto-rookie-signatures,RS-JOK,Prizms Mojo,true,25,Josh Okogie,
auto-rookie-signatures,RS-JOK,Prizms Gold,true,10,Josh Okogie,
auto-rookie-signatures,RS-JOK,Prizms Choice Green,true,8,Josh Okogie,
auto-rookie-signatures,RS-JOK,Prizms Black,true,1,Josh Okogie,
auto-rookie-signatures,RS-JOK,Prizms White Sparkle,true,1,Josh Okogie,
auto-fastbreak-autographs-rookies,FR-KBD,Gold,true,10,Keita Bates-Diop,
auto-fastbreak-autographs-rookies,FR-KBD,Black,true,1,Keita Bates-Diop,
base,235,Prizms Blue,false,,Kevin Garnett,
base,235,Prizms Blue Ice,false,,Kevin Garnett,
base,235,Prizms Choice Blue Yellow and Green,false,,Kevin Garnett,
base,235,Prizms Choice Green,false,,Kevin Garnett,
base,235,Prizms Choice Nebula,false,,Kevin Garnett,
base,235,Prizms Choice Red,false,,Kevin Garnett,
base,235,Prizms Choice Tiger Stripe,false,,Kevin Garnett,
base,235,Prizms Fast Break,false,,Kevin Garnett,
base,235,Prizms Fast Break Blue,false,,Kevin Garnett,
base,235,Prizms Fast Break Bronze,false,,Kevin Garnett,
base,235,Prizms Fast Break Neon Green,false,,Kevin Garnett,
base,235,Prizms Fast Break Pink,false,,Kevin Garnett,
base,235,Prizms Fast Break Purple,false,,Kevin Garnett,
base,235,Prizms Fast Break Red,false,,Kevin Garnett,
base,235,Prizms Gold,false,,Kevin Garnett,
base,235,Prizms Green,false,,Kevin Garnett,
base,235,Prizms Green Pulsar,false,,Kevin Garnett,
base,235,Prizms Hyper,false,,Kevin Garnett,
base,235,Prizms Mojo,false,,Kevin Garnett,
base,235,Prizms Orange,false,,Kevin Garnett,
base,235,Prizms Pink Ice,false,,Kevin Garnett,
base,235,Prizms Pink Pulsar,false,,Kevin Garnett,
base,235,Prizms Purple,false,,Kevin Garnett,
base,235,Prizms Purple Ice,false,,Kevin Garnett,
base,235,Prizms Purple Pulsar,false,,Kevin Garnett,
base,235,Prizms Purple Wave,false,,Kevin Garnett,
base,235,Prizms Red,false,,Kevin Garnett,
base,235,Prizms Red Ice,false,,Kevin Garnett,
base,235,Prizms Red White and Blue,false,,Kevin Garnett,
base,235,Prizms Ruby Wave,false,,Kevin Garnett,
base,235,Prizms Silver,false,,Kevin Garnett,
base,235,Prizms White Sparkle,false,,Kevin Garnett,
base,235,Prizms 1st Off the Line Blue Shimmer,false,,Kevin Garnett,
base,235,Prizms 1st Off the Line Light Blue Shimmer,false,,Kevin Garnett,
base,235,Prizms 1st Off the Line Red Shimmer,false,,Kevin Garnett,
base,235,Prizms Black,false,,Kevin Garnett,
base,235,Prizms Black Gold,false,,Kevin Garnett,
base,117,Prizms Blue,false,,Gorgui Dieng,
base,117,Prizms Blue Ice,false,,Gorgui Dieng,
base,117,Prizms Choice Blue Yellow and Green,false,,Gorgui Dieng,
base,117,Prizms Choice Green,false,,Gorgui Dieng,
base,117,Prizms Choice Nebula,false,,Gorgui Dieng,
base,117,Prizms Choice Red,false,,Gorgui Dieng,
base,117,Prizms Choice Tiger Stripe,false,,Gorgui Dieng,
base,117,Prizms Fast Break,false,,Gorgui Dieng,
base,117,Prizms Fast Break Blue,false,,Gorgui Dieng,
base,117,Prizms Fast Break Bronze,false,,Gorgui Dieng,
base,117,Prizms Fast Break Neon Green,false,,Gorgui Dieng,
base,117,Prizms Fast Break Pink,false,,Gorgui Dieng,
base,117,Prizms Fast Break Purple,false,,Gorgui Dieng,
base,117,Prizms Fast Break Red,false,,Gorgui Dieng,
base,117,Prizms Gold,false,,Gorgui Dieng,
base,117,Prizms Green,false,,Gorgui Dieng,
base,117,Prizms Green Pulsar,false,,Gorgui Dieng,
base,117,Prizms Hyper,false,,Gorgui Dieng,
base,117,Prizms Mojo,false,,Gorgui Dieng,
base,117,Prizms Orange,false,,Gorgui Dieng,
base,117,Prizms Pink Ice,false,,Gorgui Dieng,
base,117,Prizms Pink Pulsar,false,,Gorgui Dieng,
base,117,Prizms Purple,false,,Gorgui Dieng,
base,117,Prizms Purple Ice,false,,Gorgui Dieng,
base,117,Prizms Purple Pulsar,false,,Gorgui Dieng,
base,117,Prizms Purple Wave,false,,Gorgui Dieng,
base,117,Prizms Red,false,,Gorgui Dieng,
base,117,Prizms Red Ice,false,,Gorgui Dieng,
base,117,Prizms Red White and Blue,false,,Gorgui Dieng,
base,117,Prizms Ruby Wave,false,,Gorgui Dieng,
base,117,Prizms Silver,false,,Gorgui Dieng,
base,117,Prizms White Sparkle,false,,Gorgui Dieng,
base,117,Prizms 1st Off the Line Blue Shimmer,false,,Gorgui Dieng,
base,117,Prizms 1st Off the Line Light Blue Shimmer,false,,Gorgui Dieng,
base,117,Prizms 1st Off the Line Red Shimmer,false,,Gorgui Dieng,
base,117,Prizms Black,false,,Gorgui Dieng,
base,117,Prizms Black Gold,false,,Gorgui Dieng,
insert-sensational-swatches,82,Prime,false,10,Keita Bates-Diop,
auto-fastbreak-autographs-rookies,FR-JOK,Gold,true,10,Josh Okogie,
auto-fastbreak-autographs-rookies,FR-JOK,Black,true,1,Josh Okogie,
auto-rookie-signatures,RS-KBD,Prizms Silver,true,,Keita Bates-Diop,
auto-rookie-signatures,RS-KBD,Prizms Choice,true,,Keita Bates-Diop,
auto-rookie-signatures,RS-KBD,Prizms Mojo,true,25,Keita Bates-Diop,
auto-rookie-signatures,RS-KBD,Prizms Gold,true,10,Keita Bates-Diop,
auto-rookie-signatures,RS-KBD,Prizms Choice Green,true,8,Keita Bates-Diop,
auto-rookie-signatures,RS-KBD,Prizms Black,true,1,Keita Bates-Diop,
auto-rookie-signatures,RS-KBD,Prizms White Sparkle,true,1,Keita Bates-Diop,
auto-sensational-signatures,SS-JOK,Prizms Choice,true,,Josh Okogie,
auto-sensational-signatures,SS-JOK,Prizms Mojo,true,25,Josh Okogie,
auto-sensational-signatures,SS-JOK,Prizms Gold,true,10,Josh Okogie,
auto-sensational-signatures,SS-JOK,Prizms Choice Green,true,8,Josh Okogie,
auto-sensational-signatures,SS-JOK,Prizms Black,true,1,Josh Okogie,
insert-sensational-swatches,17,Prime,false,10,Kevin Garnett,
insert-fireworks,10,Silver,false,,Andrew Wiggins,
insert-fireworks,10,Fast Break,false,,Andrew Wiggins,
insert-fireworks,10,Hyper,false,,Andrew Wiggins,
insert-fireworks,10,Mojo,false,25,Andrew Wiggins,
insert-fireworks,10,Fast Gold,false,10,Andrew Wiggins,
insert-fireworks,10,Black,false,1,Andrew Wiggins,
base,107,Prizms Blue,false,,Karl-Anthony Towns,
base,107,Prizms Blue Ice,false,,Karl-Anthony Towns,
base,107,Prizms Choice Blue Yellow and Green,false,,Karl-Anthony Towns,
base,107,Prizms Choice Green,false,,Karl-Anthony Towns,
base,107,Prizms Choice Nebula,false,,Karl-Anthony Towns,
base,107,Prizms Choice Red,false,,Karl-Anthony Towns,
base,107,Prizms Choice Tiger Stripe,false,,Karl-Anthony Towns,
base,107,Prizms Fast Break,false,,Karl-Anthony Towns,
base,107,Prizms Fast Break Blue,false,,Karl-Anthony Towns,
base,107,Prizms Fast Break Bronze,false,,Karl-Anthony Towns,
base,107,Prizms Fast Break Neon Green,false,,Karl-Anthony Towns,
base,107,Prizms Fast Break Pink,false,,Karl-Anthony Towns,
base,107,Prizms Fast Break Purple,false,,Karl-Anthony Towns,
base,107,Prizms Fast Break Red,false,,Karl-Anthony Towns,
base,107,Prizms Gold,false,,Karl-Anthony Towns,
base,107,Prizms Green,false,,Karl-Anthony Towns,
base,107,Prizms Green Pulsar,false,,Karl-Anthony Towns,
base,107,Prizms Hyper,false,,Karl-Anthony Towns,
base,107,Prizms Mojo,false,,Karl-Anthony Towns,
base,107,Prizms Orange,false,,Karl-Anthony Towns,
base,107,Prizms Pink Ice,false,,Karl-Anthony Towns,
base,107,Prizms Pink Pulsar,false,,Karl-Anthony Towns,
base,107,Prizms Purple,false,,Karl-Anthony Towns,
base,107,Prizms Purple Ice,false,,Karl-Anthony Towns,
base,107,Prizms Purple Pulsar,false,,Karl-Anthony Towns,
base,107,Prizms Purple Wave,false,,Karl-Anthony Towns,
base,107,Prizms Red,false,,Karl-Anthony Towns,
base,107,Prizms Red Ice,false,,Karl-Anthony Towns,
base,107,Prizms Red White and Blue,false,,Karl-Anthony Towns,
base,107,Prizms Ruby Wave,false,,Karl-Anthony Towns,
base,107,Prizms Silver,false,,Karl-Anthony Towns,
base,107,Prizms White Sparkle,false,,Karl-Anthony Towns,
base,107,Prizms 1st Off the Line Blue Shimmer,false,,Karl-Anthony Towns,
base,107,Prizms 1st Off the Line Light Blue Shimmer,false,,Karl-Anthony Towns,
base,107,Prizms 1st Off the Line Red Shimmer,false,,Karl-Anthony Towns,
base,107,Prizms Black,false,,Karl-Anthony Towns,
base,107,Prizms Black Gold,false,,Karl-Anthony Towns,
insert-fireworks,28,Silver,false,,Karl-Anthony Towns,
insert-fireworks,28,Fast Break,false,,Karl-Anthony Towns,
insert-fireworks,28,Hyper,false,,Karl-Anthony Towns,
insert-fireworks,28,Mojo,false,25,Karl-Anthony Towns,
insert-fireworks,28,Fast Gold,false,10,Karl-Anthony Towns,
insert-fireworks,28,Black,false,1,Karl-Anthony Towns,
insert-sensational-swatches,5,Prime,false,10,Andrew Wiggins,
insert-sensational-swatches,15,Prime,false,10,Karl-Anthony Towns,
insert-go-hard-or-go-home,4,Silver,false,,Karl-Anthony Towns,
insert-go-hard-or-go-home,4,Fast Break,false,,Karl-Anthony Towns,
insert-go-hard-or-go-home,4,Hyper,false,,Karl-Anthony Towns,
insert-go-hard-or-go-home,4,Mojo,false,25,Karl-Anthony Towns,
insert-go-hard-or-go-home,4,Gold,false,10,Karl-Anthony Towns,
insert-go-hard-or-go-home,4,Black,false,1,Karl-Anthony Towns,
insert-freshman-phenoms,6,Green,false,,Josh Okogie,
insert-freshman-phenoms,6,Silver,false,,Josh Okogie,
auto-sensational-signatures,SS-KBD,Prizms Choice,true,,Keita Bates-Diop,
auto-sensational-signatures,SS-KBD,Prizms Mojo,true,25,Keita Bates-Diop,
auto-sensational-signatures,SS-KBD,Prizms Gold,true,10,Keita Bates-Diop,
auto-sensational-signatures,SS-KBD,Prizms Choice Green,true,8,Keita Bates-Diop,
auto-sensational-signatures,SS-KBD,Prizms Black,true,1,Keita Bates-Diop,
base,97,Prizms Blue,false,,Taj Gibson,
base,97,Prizms Blue Ice,false,,Taj Gibson,
base,97,Prizms Choice Blue Yellow and Green,false,,Taj Gibson,
base,97,Prizms Choice Green,false,,Taj Gibson,
base,97,Prizms Choice Nebula,false,,Taj Gibson,
base,97,Prizms Choice Red,false,,Taj Gibson,
base,97,Prizms Choice Tiger Stripe,false,,Taj Gibson,
base,97,Prizms Fast Break,false,,Taj Gibson,
base,97,Prizms Fast Break Blue,false,,Taj Gibson,
base,97,Prizms Fast Break Bronze,false,,Taj Gibson,
base,97,Prizms Fast Break Neon Green,false,,Taj Gibson,
base,97,Prizms Fast Break Pink,false,,Taj Gibson,
base,97,Prizms Fast Break Purple,false,,Taj Gibson,
base,97,Prizms Fast Break Red,false,,Taj Gibson,
base,97,Prizms Gold,false,,Taj Gibson,
base,97,Prizms Green,false,,Taj Gibson,
base,97,Prizms Green Pulsar,false,,Taj Gibson,
base,97,Prizms Hyper,false,,Taj Gibson,
base,97,Prizms Mojo,false,,Taj Gibson,
base,97,Prizms Orange,false,,Taj Gibson,
base,97,Prizms Pink Ice,false,,Taj Gibson,
base,97,Prizms Pink Pulsar,false,,Taj Gibson,
base,97,Prizms Purple,false,,Taj Gibson,
base,97,Prizms Purple Ice,false,,Taj Gibson,
base,97,Prizms Purple Pulsar,false,,Taj Gibson,
base,97,Prizms Purple Wave,false,,Taj Gibson,
base,97,Prizms Red,false,,Taj Gibson,
base,97,Prizms Red Ice,false,,Taj Gibson,
base,97,Prizms Red White and Blue,false,,Taj Gibson,
base,97,Prizms Ruby Wave,false,,Taj Gibson,
base,97,Prizms Silver,false,,Taj Gibson,
base,97,Prizms White Sparkle,false,,Taj Gibson,
base,97,Prizms 1st Off the Line Blue Shimmer,false,,Taj Gibson,
base,97,Prizms 1st Off the Line Light Blue Shimmer,false,,Taj Gibson,
base,97,Prizms 1st Off the Line Red Shimmer,false,,Taj Gibson,
base,97,Prizms Black,false,,Taj Gibson,
base,97,Prizms Black Gold,false,,Taj Gibson,
insert-all-day,24,Fast Break,false,,Karl-Anthony Towns,
insert-all-day,24,Hyper,false,,Karl-Anthony Towns,
insert-all-day,24,Silver,false,,Karl-Anthony Towns,
insert-all-day,24,Mojo,false,25,Karl-Anthony Towns,
insert-all-day,24,Gold,false,10,Karl-Anthony Towns,
insert-all-day,24,Black,false,1,Karl-Anthony Towns,
insert-sensational-swatches,57,Prime,false,10,Derrick Rose,
base,215,Prizms Blue,false,,Baron Davis,
base,215,Prizms Blue Ice,false,,Baron Davis,
base,215,Prizms Choice Blue Yellow and Green,false,,Baron Davis,
base,215,Prizms Choice Green,false,,Baron Davis,
base,215,Prizms Choice Nebula,false,,Baron Davis,
base,215,Prizms Choice Red,false,,Baron Davis,
base,215,Prizms Choice Tiger Stripe,false,,Baron Davis,
base,215,Prizms Fast Break,false,,Baron Davis,
base,215,Prizms Fast Break Blue,false,,Baron Davis,
base,215,Prizms Fast Break Bronze,false,,Baron Davis,
base,215,Prizms Fast Break Neon Green,false,,Baron Davis,
base,215,Prizms Fast Break Pink,false,,Baron Davis,
base,215,Prizms Fast Break Purple,false,,Baron Davis,
base,215,Prizms Fast Break Red,false,,Baron Davis,
base,215,Prizms Gold,false,,Baron Davis,
base,215,Prizms Green,false,,Baron Davis,
base,215,Prizms Green Pulsar,false,,Baron Davis,
base,215,Prizms Hyper,false,,Baron Davis,
base,215,Prizms Mojo,false,,Baron Davis,
base,215,Prizms Orange,false,,Baron Davis,
base,215,Prizms Pink Ice,false,,Baron Davis,
base,215,Prizms Pink Pulsar,false,,Baron Davis,
base,215,Prizms Purple,false,,Baron Davis,
base,215,Prizms Purple Ice,false,,Baron Davis,
base,215,Prizms Purple Pulsar,false,,Baron Davis,
base,215,Prizms Purple Wave,false,,Baron Davis,
base,215,Prizms Red,false,,Baron Davis,
base,215,Prizms Red Ice,false,,Baron Davis,
base,215,Prizms Red White and Blue,false,,Baron Davis,
base,215,Prizms Ruby Wave,false,,Baron Davis,
base,215,Prizms Silver,false,,Baron Davis,
base,215,Prizms White Sparkle,false,,Baron Davis,
base,215,Prizms 1st Off the Line Blue Shimmer,false,,Baron Davis,
base,215,Prizms 1st Off the Line Light Blue Shimmer,false,,Baron Davis,
base,215,Prizms 1st Off the Line Red Shimmer,false,,Baron Davis,
base,215,Prizms Black,false,,Baron Davis,
base,215,Prizms Black Gold,false,,Baron Davis,
base,167,Prizms Blue,false,,Julius Randle,
base,167,Prizms Blue Ice,false,,Julius Randle,
base,167,Prizms Choice Blue Yellow and Green,false,,Julius Randle,
base,167,Prizms Choice Green,false,,Julius Randle,
base,167,Prizms Choice Nebula,false,,Julius Randle,
base,167,Prizms Choice Red,false,,Julius Randle,
base,167,Prizms Choice Tiger Stripe,false,,Julius Randle,
base,167,Prizms Fast Break,false,,Julius Randle,
base,167,Prizms Fast Break Blue,false,,Julius Randle,
base,167,Prizms Fast Break Bronze,false,,Julius Randle,
base,167,Prizms Fast Break Neon Green,false,,Julius Randle,
base,167,Prizms Fast Break Pink,false,,Julius Randle,
base,167,Prizms Fast Break Purple,false,,Julius Randle,
base,167,Prizms Fast Break Red,false,,Julius Randle,
base,167,Prizms Gold,false,,Julius Randle,
base,167,Prizms Green,false,,Julius Randle,
base,167,Prizms Green Pulsar,false,,Julius Randle,
base,167,Prizms Hyper,false,,Julius Randle,
base,167,Prizms Mojo,false,,Julius Randle,
base,167,Prizms Orange,false,,Julius Randle,
base,167,Prizms Pink Ice,false,,Julius Randle,
base,167,Prizms Pink Pulsar,false,,Julius Randle,
base,167,Prizms Purple,false,,Julius Randle,
base,167,Prizms Purple Ice,false,,Julius Randle,
base,167,Prizms Purple Pulsar,false,,Julius Randle,
base,167,Prizms Purple Wave,false,,Julius Randle,
base,167,Prizms Red,false,,Julius Randle,
base,167,Prizms Red Ice,false,,Julius Randle,
base,167,Prizms Red White and Blue,false,,Julius Randle,
base,167,Prizms Ruby Wave,false,,Julius Randle,
base,167,Prizms Silver,false,,Julius Randle,
base,167,Prizms White Sparkle,false,,Julius Randle,
base,167,Prizms 1st Off the Line Blue Shimmer,false,,Julius Randle,
base,167,Prizms 1st Off the Line Light Blue Shimmer,false,,Julius Randle,
base,167,Prizms 1st Off the Line Red Shimmer,false,,Julius Randle,
base,167,Prizms Black,false,,Julius Randle,
base,167,Prizms Black Gold,false,,Julius Randle,
base,197,Prizms Blue,false,,Solomon Hill,
base,197,Prizms Blue Ice,false,,Solomon Hill,
base,197,Prizms Choice Blue Yellow and Green,false,,Solomon Hill,
base,197,Prizms Choice Green,false,,Solomon Hill,
base,197,Prizms Choice Nebula,false,,Solomon Hill,
base,197,Prizms Choice Red,false,,Solomon Hill,
base,197,Prizms Choice Tiger Stripe,false,,Solomon Hill,
base,197,Prizms Fast Break,false,,Solomon Hill,
base,197,Prizms Fast Break Blue,false,,Solomon Hill,
base,197,Prizms Fast Break Bronze,false,,Solomon Hill,
base,197,Prizms Fast Break Neon Green,false,,Solomon Hill,
base,197,Prizms Fast Break Pink,false,,Solomon Hill,
base,197,Prizms Fast Break Purple,false,,Solomon Hill,
base,197,Prizms Fast Break Red,false,,Solomon Hill,
base,197,Prizms Gold,false,,Solomon Hill,
base,197,Prizms Green,false,,Solomon Hill,
base,197,Prizms Green Pulsar,false,,Solomon Hill,
base,197,Prizms Hyper,false,,Solomon Hill,
base,197,Prizms Mojo,false,,Solomon Hill,
base,197,Prizms Orange,false,,Solomon Hill,
base,197,Prizms Pink Ice,false,,Solomon Hill,
base,197,Prizms Pink Pulsar,false,,Solomon Hill,
base,197,Prizms Purple,false,,Solomon Hill,
base,197,Prizms Purple Ice,false,,Solomon Hill,
base,197,Prizms Purple Pulsar,false,,Solomon Hill,
base,197,Prizms Purple Wave,false,,Solomon Hill,
base,197,Prizms Red,false,,Solomon Hill,
base,197,Prizms Red Ice,false,,Solomon Hill,
base,197,Prizms Red White and Blue,false,,Solomon Hill,
base,197,Prizms Ruby Wave,false,,Solomon Hill,
base,197,Prizms Silver,false,,Solomon Hill,
base,197,Prizms White Sparkle,false,,Solomon Hill,
base,197,Prizms 1st Off the Line Blue Shimmer,false,,Solomon Hill,
base,197,Prizms 1st Off the Line Light Blue Shimmer,false,,Solomon Hill,
base,197,Prizms 1st Off the Line Red Shimmer,false,,Solomon Hill,
base,197,Prizms Black,false,,Solomon Hill,
base,197,Prizms Black Gold,false,,Solomon Hill,
insert-all-day,20,Fast Break,false,,Anthony Davis,
insert-all-day,20,Hyper,false,,Anthony Davis,
insert-all-day,20,Silver,false,,Anthony Davis,
insert-all-day,20,Mojo,false,25,Anthony Davis,
insert-all-day,20,Gold,false,10,Anthony Davis,
insert-all-day,20,Black,false,1,Anthony Davis,
insert-fireworks,20,Silver,false,,Anthony Davis,
insert-fireworks,20,Fast Break,false,,Anthony Davis,
insert-fireworks,20,Hyper,false,,Anthony Davis,
insert-fireworks,20,Mojo,false,25,Anthony Davis,
insert-fireworks,20,Fast Gold,false,10,Anthony Davis,
insert-fireworks,20,Black,false,1,Anthony Davis,
base,127,Prizms Blue,false,,Elfrid Payton,
base,127,Prizms Blue Ice,false,,Elfrid Payton,
base,127,Prizms Choice Blue Yellow and Green,false,,Elfrid Payton,
base,127,Prizms Choice Green,false,,Elfrid Payton,
base,127,Prizms Choice Nebula,false,,Elfrid Payton,
base,127,Prizms Choice Red,false,,Elfrid Payton,
base,127,Prizms Choice Tiger Stripe,false,,Elfrid Payton,
base,127,Prizms Fast Break,false,,Elfrid Payton,
base,127,Prizms Fast Break Blue,false,,Elfrid Payton,
base,127,Prizms Fast Break Bronze,false,,Elfrid Payton,
base,127,Prizms Fast Break Neon Green,false,,Elfrid Payton,
base,127,Prizms Fast Break Pink,false,,Elfrid Payton,
base,127,Prizms Fast Break Purple,false,,Elfrid Payton,
base,127,Prizms Fast Break Red,false,,Elfrid Payton,
base,127,Prizms Gold,false,,Elfrid Payton,
base,127,Prizms Green,false,,Elfrid Payton,
base,127,Prizms Green Pulsar,false,,Elfrid Payton,
base,127,Prizms Hyper,false,,Elfrid Payton,
base,127,Prizms Mojo,false,,Elfrid Payton,
base,127,Prizms Orange,false,,Elfrid Payton,
base,127,Prizms Pink Ice,false,,Elfrid Payton,
base,127,Prizms Pink Pulsar,false,,Elfrid Payton,
base,127,Prizms Purple,false,,Elfrid Payton,
base,127,Prizms Purple Ice,false,,Elfrid Payton,
base,127,Prizms Purple Pulsar,false,,Elfrid Payton,
base,127,Prizms Purple Wave,false,,Elfrid Payton,
base,127,Prizms Red,false,,Elfrid Payton,
base,127,Prizms Red Ice,false,,Elfrid Payton,
base,127,Prizms Red White and Blue,false,,Elfrid Payton,
base,127,Prizms Ruby Wave,false,,Elfrid Payton,
base,127,Prizms Silver,false,,Elfrid Payton,
base,127,Prizms White Sparkle,false,,Elfrid Payton,
base,127,Prizms 1st Off the Line Blue Shimmer,false,,Elfrid Payton,
base,127,Prizms 1st Off the Line Light Blue Shimmer,false,,Elfrid Payton,
base,127,Prizms 1st Off the Line Red Shimmer,false,,Elfrid Payton,
base,127,Prizms Black,false,,Elfrid Payton,
base,127,Prizms Black Gold,false,,Elfrid Payton,
base,177,Prizms Blue,false,,Anthony Davis,
base,177,Prizms Blue Ice,false,,Anthony Davis,
base,177,Prizms Choice Blue Yellow and Green,false,,Anthony Davis,
base,177,Prizms Choice Green,false,,Anthony Davis,
base,177,Prizms Choice Nebula,false,,Anthony Davis,
base,177,Prizms Choice Red,false,,Anthony Davis,
base,177,Prizms Choice Tiger Stripe,false,,Anthony Davis,
base,177,Prizms Fast Break,false,,Anthony Davis,
base,177,Prizms Fast Break Blue,false,,Anthony Davis,
base,177,Prizms Fast Break Bronze,false,,Anthony Davis,
base,177,Prizms Fast Break Neon Green,false,,Anthony Davis,
base,177,Prizms Fast Break Pink,false,,Anthony Davis,
base,177,Prizms Fast Break Purple,false,,Anthony Davis,
base,177,Prizms Fast Break Red,false,,Anthony Davis,
base,177,Prizms Gold,false,,Anthony Davis,
base,177,Prizms Green,false,,Anthony Davis,
base,177,Prizms Green Pulsar,false,,Anthony Davis,
base,177,Prizms Hyper,false,,Anthony Davis,
base,177,Prizms Mojo,false,,Anthony Davis,
base,177,Prizms Orange,false,,Anthony Davis,
base,177,Prizms Pink Ice,false,,Anthony Davis,
base,177,Prizms Pink Pulsar,false,,Anthony Davis,
base,177,Prizms Purple,false,,Anthony Davis,
base,177,Prizms Purple Ice,false,,Anthony Davis,
base,177,Prizms Purple Pulsar,false,,Anthony Davis,
base,177,Prizms Purple Wave,false,,Anthony Davis,
base,177,Prizms Red,false,,Anthony Davis,
base,177,Prizms Red Ice,false,,Anthony Davis,
base,177,Prizms Red White and Blue,false,,Anthony Davis,
base,177,Prizms Ruby Wave,false,,Anthony Davis,
base,177,Prizms Silver,false,,Anthony Davis,
base,177,Prizms White Sparkle,false,,Anthony Davis,
base,177,Prizms 1st Off the Line Blue Shimmer,false,,Anthony Davis,
base,177,Prizms 1st Off the Line Light Blue Shimmer,false,,Anthony Davis,
base,177,Prizms 1st Off the Line Red Shimmer,false,,Anthony Davis,
base,177,Prizms Black,false,,Anthony Davis,
base,177,Prizms Black Gold,false,,Anthony Davis,
base,137,Prizms Blue,false,,Jrue Holiday,
base,137,Prizms Blue Ice,false,,Jrue Holiday,
base,137,Prizms Choice Blue Yellow and Green,false,,Jrue Holiday,
base,137,Prizms Choice Green,false,,Jrue Holiday,
base,137,Prizms Choice Nebula,false,,Jrue Holiday,
base,137,Prizms Choice Red,false,,Jrue Holiday,
base,137,Prizms Choice Tiger Stripe,false,,Jrue Holiday,
base,137,Prizms Fast Break,false,,Jrue Holiday,
base,137,Prizms Fast Break Blue,false,,Jrue Holiday,
base,137,Prizms Fast Break Bronze,false,,Jrue Holiday,
base,137,Prizms Fast Break Neon Green,false,,Jrue Holiday,
base,137,Prizms Fast Break Pink,false,,Jrue Holiday,
base,137,Prizms Fast Break Purple,false,,Jrue Holiday,
base,137,Prizms Fast Break Red,false,,Jrue Holiday,
base,137,Prizms Gold,false,,Jrue Holiday,
base,137,Prizms Green,false,,Jrue Holiday,
base,137,Prizms Green Pulsar,false,,Jrue Holiday,
base,137,Prizms Hyper,false,,Jrue Holiday,
base,137,Prizms Mojo,false,,Jrue Holiday,
base,137,Prizms Orange,false,,Jrue Holiday,
base,137,Prizms Pink Ice,false,,Jrue Holiday,
base,137,Prizms Pink Pulsar,false,,Jrue Holiday,
base,137,Prizms Purple,false,,Jrue Holiday,
base,137,Prizms Purple Ice,false,,Jrue Holiday,
base,137,Prizms Purple Pulsar,false,,Jrue Holiday,
base,137,Prizms Purple Wave,false,,Jrue Holiday,
base,137,Prizms Red,false,,Jrue Holiday,
base,137,Prizms Red Ice,false,,Jrue Holiday,
base,137,Prizms Red White and Blue,false,,Jrue Holiday,
base,137,Prizms Ruby Wave,false,,Jrue Holiday,
base,137,Prizms Silver,false,,Jrue Holiday,
base,137,Prizms White Sparkle,false,,Jrue Holiday,
base,137,Prizms 1st Off the Line Blue Shimmer,false,,Jrue Holiday,
base,137,Prizms 1st Off the Line Light Blue Shimmer,false,,Jrue Holiday,
base,137,Prizms 1st Off the Line Red Shimmer,false,,Jrue Holiday,
base,137,Prizms Black,false,,Jrue Holiday,
base,137,Prizms Black Gold,false,,Jrue Holiday,
insert-go-hard-or-go-home,1,Silver,false,,Anthony Davis,
insert-go-hard-or-go-home,1,Fast Break,false,,Anthony Davis,
insert-go-hard-or-go-home,1,Hyper,false,,Anthony Davis,
insert-go-hard-or-go-home,1,Mojo,false,25,Anthony Davis,
insert-go-hard-or-go-home,1,Gold,false,10,Anthony Davis,
insert-go-hard-or-go-home,1,Black,false,1,Anthony Davis,
insert-sensational-swatches,54,Prime,false,10,Anthony Davis,
insert-that-s-savage,3,Silver,false,,Anthony Davis,
insert-that-s-savage,3,Fast Break,false,,Anthony Davis,
insert-that-s-savage,3,Hyper,false,,Anthony Davis,
insert-that-s-savage,3,Mojo,false,25,Anthony Davis,
insert-that-s-savage,3,Gold,false,10,Anthony Davis,
insert-that-s-savage,3,Black,false,1,Anthony Davis,
base,157,Prizms Blue,false,,Nikola Mirotic,
base,157,Prizms Blue Ice,false,,Nikola Mirotic,
base,157,Prizms Choice Blue Yellow and Green,false,,Nikola Mirotic,
base,157,Prizms Choice Green,false,,Nikola Mirotic,
base,157,Prizms Choice Nebula,false,,Nikola Mirotic,
base,157,Prizms Choice Red,false,,Nikola Mirotic,
base,157,Prizms Choice Tiger Stripe,false,,Nikola Mirotic,
base,157,Prizms Fast Break,false,,Nikola Mirotic,
base,157,Prizms Fast Break Blue,false,,Nikola Mirotic,
base,157,Prizms Fast Break Bronze,false,,Nikola Mirotic,
base,157,Prizms Fast Break Neon Green,false,,Nikola Mirotic,
base,157,Prizms Fast Break Pink,false,,Nikola Mirotic,
base,157,Prizms Fast Break Purple,false,,Nikola Mirotic,
base,157,Prizms Fast Break Red,false,,Nikola Mirotic,
base,157,Prizms Gold,false,,Nikola Mirotic,
base,157,Prizms Green,false,,Nikola Mirotic,
base,157,Prizms Green Pulsar,false,,Nikola Mirotic,
base,157,Prizms Hyper,false,,Nikola Mirotic,
base,157,Prizms Mojo,false,,Nikola Mirotic,
base,157,Prizms Orange,false,,Nikola Mirotic,
base,157,Prizms Pink Ice,false,,Nikola Mirotic,
base,157,Prizms Pink Pulsar,false,,Nikola Mirotic,
base,157,Prizms Purple,false,,Nikola Mirotic,
base,157,Prizms Purple Ice,false,,Nikola Mirotic,
base,157,Prizms Purple Pulsar,false,,Nikola Mirotic,
base,157,Prizms Purple Wave,false,,Nikola Mirotic,
base,157,Prizms Red,false,,Nikola Mirotic,
base,157,Prizms Red Ice,false,,Nikola Mirotic,
base,157,Prizms Red White and Blue,false,,Nikola Mirotic,
base,157,Prizms Ruby Wave,false,,Nikola Mirotic,
base,157,Prizms Silver,false,,Nikola Mirotic,
base,157,Prizms White Sparkle,false,,Nikola Mirotic,
base,157,Prizms 1st Off the Line Blue Shimmer,false,,Nikola Mirotic,
base,157,Prizms 1st Off the Line Light Blue Shimmer,false,,Nikola Mirotic,
base,157,Prizms 1st Off the Line Red Shimmer,false,,Nikola Mirotic,
base,157,Prizms Black,false,,Nikola Mirotic,
base,157,Prizms Black Gold,false,,Nikola Mirotic,
base,207,Prizms Blue,false,,Ian Clark,
base,207,Prizms Blue Ice,false,,Ian Clark,
base,207,Prizms Choice Blue Yellow and Green,false,,Ian Clark,
base,207,Prizms Choice Green,false,,Ian Clark,
base,207,Prizms Choice Nebula,false,,Ian Clark,
base,207,Prizms Choice Red,false,,Ian Clark,
base,207,Prizms Choice Tiger Stripe,false,,Ian Clark,
base,207,Prizms Fast Break,false,,Ian Clark,
base,207,Prizms Fast Break Blue,false,,Ian Clark,
base,207,Prizms Fast Break Bronze,false,,Ian Clark,
base,207,Prizms Fast Break Neon Green,false,,Ian Clark,
base,207,Prizms Fast Break Pink,false,,Ian Clark,
base,207,Prizms Fast Break Purple,false,,Ian Clark,
base,207,Prizms Fast Break Red,false,,Ian Clark,
base,207,Prizms Gold,false,,Ian Clark,
base,207,Prizms Green,false,,Ian Clark,
base,207,Prizms Green Pulsar,false,,Ian Clark,
base,207,Prizms Hyper,false,,Ian Clark,
base,207,Prizms Mojo,false,,Ian Clark,
base,207,Prizms Orange,false,,Ian Clark,
base,207,Prizms Pink Ice,false,,Ian Clark,
base,207,Prizms Pink Pulsar,false,,Ian Clark,
base,207,Prizms Purple,false,,Ian Clark,
base,207,Prizms Purple Ice,false,,Ian Clark,
base,207,Prizms Purple Pulsar,false,,Ian Clark,
base,207,Prizms Purple Wave,false,,Ian Clark,
base,207,Prizms Red,false,,Ian Clark,
base,207,Prizms Red Ice,false,,Ian Clark,
base,207,Prizms Red White and Blue,false,,Ian Clark,
base,207,Prizms Ruby Wave,false,,Ian Clark,
base,207,Prizms Silver,false,,Ian Clark,
base,207,Prizms White Sparkle,false,,Ian Clark,
base,207,Prizms 1st Off the Line Blue Shimmer,false,,Ian Clark,
base,207,Prizms 1st Off the Line Light Blue Shimmer,false,,Ian Clark,
base,207,Prizms 1st Off the Line Red Shimmer,false,,Ian Clark,
base,207,Prizms Black,false,,Ian Clark,
base,207,Prizms Black Gold,false,,Ian Clark,
base,187,Prizms Blue,false,,Emeka Okafor,
base,187,Prizms Blue Ice,false,,Emeka Okafor,
base,187,Prizms Choice Blue Yellow and Green,false,,Emeka Okafor,
base,187,Prizms Choice Green,false,,Emeka Okafor,
base,187,Prizms Choice Nebula,false,,Emeka Okafor,
base,187,Prizms Choice Red,false,,Emeka Okafor,
base,187,Prizms Choice Tiger Stripe,false,,Emeka Okafor,
base,187,Prizms Fast Break,false,,Emeka Okafor,
base,187,Prizms Fast Break Blue,false,,Emeka Okafor,
base,187,Prizms Fast Break Bronze,false,,Emeka Okafor,
base,187,Prizms Fast Break Neon Green,false,,Emeka Okafor,
base,187,Prizms Fast Break Pink,false,,Emeka Okafor,
base,187,Prizms Fast Break Purple,false,,Emeka Okafor,
base,187,Prizms Fast Break Red,false,,Emeka Okafor,
base,187,Prizms Gold,false,,Emeka Okafor,
base,187,Prizms Green,false,,Emeka Okafor,
base,187,Prizms Green Pulsar,false,,Emeka Okafor,
base,187,Prizms Hyper,false,,Emeka Okafor,
base,187,Prizms Mojo,false,,Emeka Okafor,
base,187,Prizms Orange,false,,Emeka Okafor,
base,187,Prizms Pink Ice,false,,Emeka Okafor,
base,187,Prizms Pink Pulsar,false,,Emeka Okafor,
base,187,Prizms Purple,false,,Emeka Okafor,
base,187,Prizms Purple Ice,false,,Emeka Okafor,
base,187,Prizms Purple Pulsar,false,,Emeka Okafor,
base,187,Prizms Purple Wave,false,,Emeka Okafor,
base,187,Prizms Red,false,,Emeka Okafor,
base,187,Prizms Red Ice,false,,Emeka Okafor,
base,187,Prizms Red White and Blue,false,,Emeka Okafor,
base,187,Prizms Ruby Wave,false,,Emeka Okafor,
base,187,Prizms Silver,false,,Emeka Okafor,
base,187,Prizms White Sparkle,false,,Emeka Okafor,
base,187,Prizms 1st Off the Line Blue Shimmer,false,,Emeka Okafor,
base,187,Prizms 1st Off the Line Light Blue Shimmer,false,,Emeka Okafor,
base,187,Prizms 1st Off the Line Red Shimmer,false,,Emeka Okafor,
base,187,Prizms Black,false,,Emeka Okafor,
base,187,Prizms Black Gold,false,,Emeka Okafor,
auto-signatures,S-JHD,Prizms Choice,true,,Jrue Holiday,
auto-signatures,S-JHD,Prizms Silver,true,,Jrue Holiday,
auto-signatures,S-JHD,Prizms Mojo,true,25,Jrue Holiday,
auto-signatures,S-JHD,Prizms Gold,true,10,Jrue Holiday,
auto-signatures,S-JHD,Prizms Choice Green,true,8,Jrue Holiday,
auto-signatures,S-JHD,Prizms Black,true,1,Jrue Holiday,
base,147,Prizms Blue,false,,E'Twaun Moore,
base,147,Prizms Blue Ice,false,,E'Twaun Moore,
base,147,Prizms Choice Blue Yellow and Green,false,,E'Twaun Moore,
base,147,Prizms Choice Green,false,,E'Twaun Moore,
base,147,Prizms Choice Nebula,false,,E'Twaun Moore,
base,147,Prizms Choice Red,false,,E'Twaun Moore,
base,147,Prizms Choice Tiger Stripe,false,,E'Twaun Moore,
base,147,Prizms Fast Break,false,,E'Twaun Moore,
base,147,Prizms Fast Break Blue,false,,E'Twaun Moore,
base,147,Prizms Fast Break Bronze,false,,E'Twaun Moore,
base,147,Prizms Fast Break Neon Green,false,,E'Twaun Moore,
base,147,Prizms Fast Break Pink,false,,E'Twaun Moore,
base,147,Prizms Fast Break Purple,false,,E'Twaun Moore,
base,147,Prizms Fast Break Red,false,,E'Twaun Moore,
base,147,Prizms Gold,false,,E'Twaun Moore,
base,147,Prizms Green,false,,E'Twaun Moore,
base,147,Prizms Green Pulsar,false,,E'Twaun Moore,
base,147,Prizms Hyper,false,,E'Twaun Moore,
base,147,Prizms Mojo,false,,E'Twaun Moore,
base,147,Prizms Orange,false,,E'Twaun Moore,
base,147,Prizms Pink Ice,false,,E'Twaun Moore,
base,147,Prizms Pink Pulsar,false,,E'Twaun Moore,
base,147,Prizms Purple,false,,E'Twaun Moore,
base,147,Prizms Purple Ice,false,,E'Twaun Moore,
base,147,Prizms Purple Pulsar,false,,E'Twaun Moore,
base,147,Prizms Purple Wave,false,,E'Twaun Moore,
base,147,Prizms Red,false,,E'Twaun Moore,
base,147,Prizms Red Ice,false,,E'Twaun Moore,
base,147,Prizms Red White and Blue,false,,E'Twaun Moore,
base,147,Prizms Ruby Wave,false,,E'Twaun Moore,
base,147,Prizms Silver,false,,E'Twaun Moore,
base,147,Prizms White Sparkle,false,,E'Twaun Moore,
base,147,Prizms 1st Off the Line Blue Shimmer,false,,E'Twaun Moore,
base,147,Prizms 1st Off the Line Light Blue Shimmer,false,,E'Twaun Moore,
base,147,Prizms 1st Off the Line Red Shimmer,false,,E'Twaun Moore,
base,147,Prizms Black,false,,E'Twaun Moore,
base,147,Prizms Black Gold,false,,E'Twaun Moore,
insert-sensational-swatches,24,Prime,false,10,Elfrid Payton,
auto-signatures,S-NMT,Prizms Choice,true,,Nikola Mirotic,
auto-signatures,S-NMT,Prizms Silver,true,,Nikola Mirotic,
auto-signatures,S-NMT,Prizms Mojo,true,25,Nikola Mirotic,
auto-signatures,S-NMT,Prizms Gold,true,10,Nikola Mirotic,
auto-signatures,S-NMT,Prizms Choice Green,true,8,Nikola Mirotic,
auto-signatures,S-NMT,Prizms Black,true,1,Nikola Mirotic,
base,297,Prizms Blue,false,,Courtney Lee,
base,297,Prizms Blue Ice,false,,Courtney Lee,
base,297,Prizms Choice Blue Yellow and Green,false,,Courtney Lee,
base,297,Prizms Choice Green,false,,Courtney Lee,
base,297,Prizms Choice Nebula,false,,Courtney Lee,
base,297,Prizms Choice Red,false,,Courtney Lee,
base,297,Prizms Choice Tiger Stripe,false,,Courtney Lee,
base,297,Prizms Fast Break,false,,Courtney Lee,
base,297,Prizms Fast Break Blue,false,,Courtney Lee,
base,297,Prizms Fast Break Bronze,false,,Courtney Lee,
base,297,Prizms Fast Break Neon Green,false,,Courtney Lee,
base,297,Prizms Fast Break Pink,false,,Courtney Lee,
base,297,Prizms Fast Break Purple,false,,Courtney Lee,
base,297,Prizms Fast Break Red,false,,Courtney Lee,
base,297,Prizms Gold,false,,Courtney Lee,
base,297,Prizms Green,false,,Courtney Lee,
base,297,Prizms Green Pulsar,false,,Courtney Lee,
base,297,Prizms Hyper,false,,Courtney Lee,
base,297,Prizms Mojo,false,,Courtney Lee,
base,297,Prizms Orange,false,,Courtney Lee,
base,297,Prizms Pink Ice,false,,Courtney Lee,
base,297,Prizms Pink Pulsar,false,,Courtney Lee,
base,297,Prizms Purple,false,,Courtney Lee,
base,297,Prizms Purple Ice,false,,Courtney Lee,
base,297,Prizms Purple Pulsar,false,,Courtney Lee,
base,297,Prizms Purple Wave,false,,Courtney Lee,
base,297,Prizms Red,false,,Courtney Lee,
base,297,Prizms Red Ice,false,,Courtney Lee,
base,297,Prizms Red White and Blue,false,,Courtney Lee,
base,297,Prizms Ruby Wave,false,,Courtney Lee,
base,297,Prizms Silver,false,,Courtney Lee,
base,297,Prizms White Sparkle,false,,Courtney Lee,
base,297,Prizms 1st Off the Line Blue Shimmer,false,,Courtney Lee,
base,297,Prizms 1st Off the Line Light Blue Shimmer,false,,Courtney Lee,
base,297,Prizms 1st Off the Line Red Shimmer,false,,Courtney Lee,
base,297,Prizms Black,false,,Courtney Lee,
base,297,Prizms Black Gold,false,,Courtney Lee,
base,217,Prizms Blue,false,,Kevin Knox,
base,217,Prizms Blue Ice,false,,Kevin Knox,
base,217,Prizms Choice Blue Yellow and Green,false,,Kevin Knox,
base,217,Prizms Choice Green,false,,Kevin Knox,
base,217,Prizms Choice Nebula,false,,Kevin Knox,
base,217,Prizms Choice Red,false,,Kevin Knox,
base,217,Prizms Choice Tiger Stripe,false,,Kevin Knox,
base,217,Prizms Fast Break,false,,Kevin Knox,
base,217,Prizms Fast Break Blue,false,,Kevin Knox,
base,217,Prizms Fast Break Bronze,false,,Kevin Knox,
base,217,Prizms Fast Break Neon Green,false,,Kevin Knox,
base,217,Prizms Fast Break Pink,false,,Kevin Knox,
base,217,Prizms Fast Break Purple,false,,Kevin Knox,
base,217,Prizms Fast Break Red,false,,Kevin Knox,
base,217,Prizms Gold,false,,Kevin Knox,
base,217,Prizms Green,false,,Kevin Knox,
base,217,Prizms Green Pulsar,false,,Kevin Knox,
base,217,Prizms Hyper,false,,Kevin Knox,
base,217,Prizms Mojo,false,,Kevin Knox,
base,217,Prizms Orange,false,,Kevin Knox,
base,217,Prizms Pink Ice,false,,Kevin Knox,
base,217,Prizms Pink Pulsar,false,,Kevin Knox,
base,217,Prizms Purple,false,,Kevin Knox,
base,217,Prizms Purple Ice,false,,Kevin Knox,
base,217,Prizms Purple Pulsar,false,,Kevin Knox,
base,217,Prizms Purple Wave,false,,Kevin Knox,
base,217,Prizms Red,false,,Kevin Knox,
base,217,Prizms Red Ice,false,,Kevin Knox,
base,217,Prizms Red White and Blue,false,,Kevin Knox,
base,217,Prizms Ruby Wave,false,,Kevin Knox,
base,217,Prizms Silver,false,,Kevin Knox,
base,217,Prizms White Sparkle,false,,Kevin Knox,
base,217,Prizms 1st Off the Line Blue Shimmer,false,,Kevin Knox,
base,217,Prizms 1st Off the Line Light Blue Shimmer,false,,Kevin Knox,
base,217,Prizms 1st Off the Line Red Shimmer,false,,Kevin Knox,
base,217,Prizms Black,false,,Kevin Knox,
base,217,Prizms Black Gold,false,,Kevin Knox,
base,227,Prizms Blue,false,,Mitchell Robinson,
base,227,Prizms Blue Ice,false,,Mitchell Robinson,
base,227,Prizms Choice Blue Yellow and Green,false,,Mitchell Robinson,
base,227,Prizms Choice Green,false,,Mitchell Robinson,
base,227,Prizms Choice Nebula,false,,Mitchell Robinson,
base,227,Prizms Choice Red,false,,Mitchell Robinson,
base,227,Prizms Choice Tiger Stripe,false,,Mitchell Robinson,
base,227,Prizms Fast Break,false,,Mitchell Robinson,
base,227,Prizms Fast Break Blue,false,,Mitchell Robinson,
base,227,Prizms Fast Break Bronze,false,,Mitchell Robinson,
base,227,Prizms Fast Break Neon Green,false,,Mitchell Robinson,
base,227,Prizms Fast Break Pink,false,,Mitchell Robinson,
base,227,Prizms Fast Break Purple,false,,Mitchell Robinson,
base,227,Prizms Fast Break Red,false,,Mitchell Robinson,
base,227,Prizms Gold,false,,Mitchell Robinson,
base,227,Prizms Green,false,,Mitchell Robinson,
base,227,Prizms Green Pulsar,false,,Mitchell Robinson,
base,227,Prizms Hyper,false,,Mitchell Robinson,
base,227,Prizms Mojo,false,,Mitchell Robinson,
base,227,Prizms Orange,false,,Mitchell Robinson,
base,227,Prizms Pink Ice,false,,Mitchell Robinson,
base,227,Prizms Pink Pulsar,false,,Mitchell Robinson,
base,227,Prizms Purple,false,,Mitchell Robinson,
base,227,Prizms Purple Ice,false,,Mitchell Robinson,
base,227,Prizms Purple Pulsar,false,,Mitchell Robinson,
base,227,Prizms Purple Wave,false,,Mitchell Robinson,
base,227,Prizms Red,false,,Mitchell Robinson,
base,227,Prizms Red Ice,false,,Mitchell Robinson,
base,227,Prizms Red White and Blue,false,,Mitchell Robinson,
base,227,Prizms Ruby Wave,false,,Mitchell Robinson,
base,227,Prizms Silver,false,,Mitchell Robinson,
base,227,Prizms White Sparkle,false,,Mitchell Robinson,
base,227,Prizms 1st Off the Line Blue Shimmer,false,,Mitchell Robinson,
base,227,Prizms 1st Off the Line Light Blue Shimmer,false,,Mitchell Robinson,
base,227,Prizms 1st Off the Line Red Shimmer,false,,Mitchell Robinson,
base,227,Prizms Black,false,,Mitchell Robinson,
base,227,Prizms Black Gold,false,,Mitchell Robinson,
base,237,Prizms Blue,false,,Tim Hardaway Jr.,
base,237,Prizms Blue Ice,false,,Tim Hardaway Jr.,
base,237,Prizms Choice Blue Yellow and Green,false,,Tim Hardaway Jr.,
base,237,Prizms Choice Green,false,,Tim Hardaway Jr.,
base,237,Prizms Choice Nebula,false,,Tim Hardaway Jr.,
base,237,Prizms Choice Red,false,,Tim Hardaway Jr.,
base,237,Prizms Choice Tiger Stripe,false,,Tim Hardaway Jr.,
base,237,Prizms Fast Break,false,,Tim Hardaway Jr.,
base,237,Prizms Fast Break Blue,false,,Tim Hardaway Jr.,
base,237,Prizms Fast Break Bronze,false,,Tim Hardaway Jr.,
base,237,Prizms Fast Break Neon Green,false,,Tim Hardaway Jr.,
base,237,Prizms Fast Break Pink,false,,Tim Hardaway Jr.,
base,237,Prizms Fast Break Purple,false,,Tim Hardaway Jr.,
base,237,Prizms Fast Break Red,false,,Tim Hardaway Jr.,
base,237,Prizms Gold,false,,Tim Hardaway Jr.,
base,237,Prizms Green,false,,Tim Hardaway Jr.,
base,237,Prizms Green Pulsar,false,,Tim Hardaway Jr.,
base,237,Prizms Hyper,false,,Tim Hardaway Jr.,
base,237,Prizms Mojo,false,,Tim Hardaway Jr.,
base,237,Prizms Orange,false,,Tim Hardaway Jr.,
base,237,Prizms Pink Ice,false,,Tim Hardaway Jr.,
base,237,Prizms Pink Pulsar,false,,Tim Hardaway Jr.,
base,237,Prizms Purple,false,,Tim Hardaway Jr.,
base,237,Prizms Purple Ice,false,,Tim Hardaway Jr.,
base,237,Prizms Purple Pulsar,false,,Tim Hardaway Jr.,
base,237,Prizms Purple Wave,false,,Tim Hardaway Jr.,
base,237,Prizms Red,false,,Tim Hardaway Jr.,
base,237,Prizms Red Ice,false,,Tim Hardaway Jr.,
base,237,Prizms Red White and Blue,false,,Tim Hardaway Jr.,
base,237,Prizms Ruby Wave,false,,Tim Hardaway Jr.,
base,237,Prizms Silver,false,,Tim Hardaway Jr.,
base,237,Prizms White Sparkle,false,,Tim Hardaway Jr.,
base,237,Prizms 1st Off the Line Blue Shimmer,false,,Tim Hardaway Jr.,
base,237,Prizms 1st Off the Line Light Blue Shimmer,false,,Tim Hardaway Jr.,
base,237,Prizms 1st Off the Line Red Shimmer,false,,Tim Hardaway Jr.,
base,237,Prizms Black,false,,Tim Hardaway Jr.,
base,237,Prizms Black Gold,false,,Tim Hardaway Jr.,
base,247,Prizms Blue,false,,Frank Ntilikina,
base,247,Prizms Blue Ice,false,,Frank Ntilikina,
base,247,Prizms Choice Blue Yellow and Green,false,,Frank Ntilikina,
base,247,Prizms Choice Green,false,,Frank Ntilikina,
base,247,Prizms Choice Nebula,false,,Frank Ntilikina,
base,247,Prizms Choice Red,false,,Frank Ntilikina,
base,247,Prizms Choice Tiger Stripe,false,,Frank Ntilikina,
base,247,Prizms Fast Break,false,,Frank Ntilikina,
base,247,Prizms Fast Break Blue,false,,Frank Ntilikina,
base,247,Prizms Fast Break Bronze,false,,Frank Ntilikina,
base,247,Prizms Fast Break Neon Green,false,,Frank Ntilikina,
base,247,Prizms Fast Break Pink,false,,Frank Ntilikina,
base,247,Prizms Fast Break Purple,false,,Frank Ntilikina,
base,247,Prizms Fast Break Red,false,,Frank Ntilikina,
base,247,Prizms Gold,false,,Frank Ntilikina,
base,247,Prizms Green,false,,Frank Ntilikina,
base,247,Prizms Green Pulsar,false,,Frank Ntilikina,
base,247,Prizms Hyper,false,,Frank Ntilikina,
base,247,Prizms Mojo,false,,Frank Ntilikina,
base,247,Prizms Orange,false,,Frank Ntilikina,
base,247,Prizms Pink Ice,false,,Frank Ntilikina,
base,247,Prizms Pink Pulsar,false,,Frank Ntilikina,
base,247,Prizms Purple,false,,Frank Ntilikina,
base,247,Prizms Purple Ice,false,,Frank Ntilikina,
base,247,Prizms Purple Pulsar,false,,Frank Ntilikina,
base,247,Prizms Purple Wave,false,,Frank Ntilikina,
base,247,Prizms Red,false,,Frank Ntilikina,
base,247,Prizms Red Ice,false,,Frank Ntilikina,
base,247,Prizms Red White and Blue,false,,Frank Ntilikina,
base,247,Prizms Ruby Wave,false,,Frank Ntilikina,
base,247,Prizms Silver,false,,Frank Ntilikina,
base,247,Prizms White Sparkle,false,,Frank Ntilikina,
base,247,Prizms 1st Off the Line Blue Shimmer,false,,Frank Ntilikina,
base,247,Prizms 1st Off the Line Light Blue Shimmer,false,,Frank Ntilikina,
base,247,Prizms 1st Off the Line Red Shimmer,false,,Frank Ntilikina,
base,247,Prizms Black,false,,Frank Ntilikina,
base,247,Prizms Black Gold,false,,Frank Ntilikina,
base,257,Prizms Blue,false,,Mario Hezonja,
base,257,Prizms Blue Ice,false,,Mario Hezonja,
base,257,Prizms Choice Blue Yellow and Green,false,,Mario Hezonja,
base,257,Prizms Choice Green,false,,Mario Hezonja,
base,257,Prizms Choice Nebula,false,,Mario Hezonja,
base,257,Prizms Choice Red,false,,Mario Hezonja,
base,257,Prizms Choice Tiger Stripe,false,,Mario Hezonja,
base,257,Prizms Fast Break,false,,Mario Hezonja,
base,257,Prizms Fast Break Blue,false,,Mario Hezonja,
base,257,Prizms Fast Break Bronze,false,,Mario Hezonja,
base,257,Prizms Fast Break Neon Green,false,,Mario Hezonja,
base,257,Prizms Fast Break Pink,false,,Mario Hezonja,
base,257,Prizms Fast Break Purple,false,,Mario Hezonja,
base,257,Prizms Fast Break Red,false,,Mario Hezonja,
base,257,Prizms Gold,false,,Mario Hezonja,
base,257,Prizms Green,false,,Mario Hezonja,
base,257,Prizms Green Pulsar,false,,Mario Hezonja,
base,257,Prizms Hyper,false,,Mario Hezonja,
base,257,Prizms Mojo,false,,Mario Hezonja,
base,257,Prizms Orange,false,,Mario Hezonja,
base,257,Prizms Pink Ice,false,,Mario Hezonja,
base,257,Prizms Pink Pulsar,false,,Mario Hezonja,
base,257,Prizms Purple,false,,Mario Hezonja,
base,257,Prizms Purple Ice,false,,Mario Hezonja,
base,257,Prizms Purple Pulsar,false,,Mario Hezonja,
base,257,Prizms Purple Wave,false,,Mario Hezonja,
base,257,Prizms Red,false,,Mario Hezonja,
base,257,Prizms Red Ice,false,,Mario Hezonja,
base,257,Prizms Red White and Blue,false,,Mario Hezonja,
base,257,Prizms Ruby Wave,false,,Mario Hezonja,
base,257,Prizms Silver,false,,Mario Hezonja,
base,257,Prizms White Sparkle,false,,Mario Hezonja,
base,257,Prizms 1st Off the Line Blue Shimmer,false,,Mario Hezonja,
base,257,Prizms 1st Off the Line Light Blue Shimmer,false,,Mario Hezonja,
base,257,Prizms 1st Off the Line Red Shimmer,false,,Mario Hezonja,
base,257,Prizms Black,false,,Mario Hezonja,
base,257,Prizms Black Gold,false,,Mario Hezonja,
base,267,Prizms Blue,false,,Kristaps Porzingis,
base,267,Prizms Blue Ice,false,,Kristaps Porzingis,
base,267,Prizms Choice Blue Yellow and Green,false,,Kristaps Porzingis,
base,267,Prizms Choice Green,false,,Kristaps Porzingis,
base,267,Prizms Choice Nebula,false,,Kristaps Porzingis,
base,267,Prizms Choice Red,false,,Kristaps Porzingis,
base,267,Prizms Choice Tiger Stripe,false,,Kristaps Porzingis,
base,267,Prizms Fast Break,false,,Kristaps Porzingis,
base,267,Prizms Fast Break Blue,false,,Kristaps Porzingis,
base,267,Prizms Fast Break Bronze,false,,Kristaps Porzingis,
base,267,Prizms Fast Break Neon Green,false,,Kristaps Porzingis,
base,267,Prizms Fast Break Pink,false,,Kristaps Porzingis,
base,267,Prizms Fast Break Purple,false,,Kristaps Porzingis,
base,267,Prizms Fast Break Red,false,,Kristaps Porzingis,
base,267,Prizms Gold,false,,Kristaps Porzingis,
base,267,Prizms Green,false,,Kristaps Porzingis,
base,267,Prizms Green Pulsar,false,,Kristaps Porzingis,
base,267,Prizms Hyper,false,,Kristaps Porzingis,
base,267,Prizms Mojo,false,,Kristaps Porzingis,
base,267,Prizms Orange,false,,Kristaps Porzingis,
base,267,Prizms Pink Ice,false,,Kristaps Porzingis,
base,267,Prizms Pink Pulsar,false,,Kristaps Porzingis,
base,267,Prizms Purple,false,,Kristaps Porzingis,
base,267,Prizms Purple Ice,false,,Kristaps Porzingis,
base,267,Prizms Purple Pulsar,false,,Kristaps Porzingis,
base,267,Prizms Purple Wave,false,,Kristaps Porzingis,
base,267,Prizms Red,false,,Kristaps Porzingis,
base,267,Prizms Red Ice,false,,Kristaps Porzingis,
base,267,Prizms Red White and Blue,false,,Kristaps Porzingis,
base,267,Prizms Ruby Wave,false,,Kristaps Porzingis,
base,267,Prizms Silver,false,,Kristaps Porzingis,
base,267,Prizms White Sparkle,false,,Kristaps Porzingis,
base,267,Prizms 1st Off the Line Blue Shimmer,false,,Kristaps Porzingis,
base,267,Prizms 1st Off the Line Light Blue Shimmer,false,,Kristaps Porzingis,
base,267,Prizms 1st Off the Line Red Shimmer,false,,Kristaps Porzingis,
base,267,Prizms Black,false,,Kristaps Porzingis,
base,267,Prizms Black Gold,false,,Kristaps Porzingis,
base,277,Prizms Blue,false,,Enes Kanter,
base,277,Prizms Blue Ice,false,,Enes Kanter,
base,277,Prizms Choice Blue Yellow and Green,false,,Enes Kanter,
base,277,Prizms Choice Green,false,,Enes Kanter,
base,277,Prizms Choice Nebula,false,,Enes Kanter,
base,277,Prizms Choice Red,false,,Enes Kanter,
base,277,Prizms Choice Tiger Stripe,false,,Enes Kanter,
base,277,Prizms Fast Break,false,,Enes Kanter,
base,277,Prizms Fast Break Blue,false,,Enes Kanter,
base,277,Prizms Fast Break Bronze,false,,Enes Kanter,
base,277,Prizms Fast Break Neon Green,false,,Enes Kanter,
base,277,Prizms Fast Break Pink,false,,Enes Kanter,
base,277,Prizms Fast Break Purple,false,,Enes Kanter,
base,277,Prizms Fast Break Red,false,,Enes Kanter,
base,277,Prizms Gold,false,,Enes Kanter,
base,277,Prizms Green,false,,Enes Kanter,
base,277,Prizms Green Pulsar,false,,Enes Kanter,
base,277,Prizms Hyper,false,,Enes Kanter,
base,277,Prizms Mojo,false,,Enes Kanter,
base,277,Prizms Orange,false,,Enes Kanter,
base,277,Prizms Pink Ice,false,,Enes Kanter,
base,277,Prizms Pink Pulsar,false,,Enes Kanter,
base,277,Prizms Purple,false,,Enes Kanter,
base,277,Prizms Purple Ice,false,,Enes Kanter,
base,277,Prizms Purple Pulsar,false,,Enes Kanter,
base,277,Prizms Purple Wave,false,,Enes Kanter,
base,277,Prizms Red,false,,Enes Kanter,
base,277,Prizms Red Ice,false,,Enes Kanter,
base,277,Prizms Red White and Blue,false,,Enes Kanter,
base,277,Prizms Ruby Wave,false,,Enes Kanter,
base,277,Prizms Silver,false,,Enes Kanter,
base,277,Prizms White Sparkle,false,,Enes Kanter,
base,277,Prizms 1st Off the Line Blue Shimmer,false,,Enes Kanter,
base,277,Prizms 1st Off the Line Light Blue Shimmer,false,,Enes Kanter,
base,277,Prizms 1st Off the Line Red Shimmer,false,,Enes Kanter,
base,277,Prizms Black,false,,Enes Kanter,
base,277,Prizms Black Gold,false,,Enes Kanter,
base,287,Prizms Blue,false,,Trey Burke,
base,287,Prizms Blue Ice,false,,Trey Burke,
base,287,Prizms Choice Blue Yellow and Green,false,,Trey Burke,
base,287,Prizms Choice Green,false,,Trey Burke,
base,287,Prizms Choice Nebula,false,,Trey Burke,
base,287,Prizms Choice Red,false,,Trey Burke,
base,287,Prizms Choice Tiger Stripe,false,,Trey Burke,
base,287,Prizms Fast Break,false,,Trey Burke,
base,287,Prizms Fast Break Blue,false,,Trey Burke,
base,287,Prizms Fast Break Bronze,false,,Trey Burke,
base,287,Prizms Fast Break Neon Green,false,,Trey Burke,
base,287,Prizms Fast Break Pink,false,,Trey Burke,
base,287,Prizms Fast Break Purple,false,,Trey Burke,
base,287,Prizms Fast Break Red,false,,Trey Burke,
base,287,Prizms Gold,false,,Trey Burke,
base,287,Prizms Green,false,,Trey Burke,
base,287,Prizms Green Pulsar,false,,Trey Burke,
base,287,Prizms Hyper,false,,Trey Burke,
base,287,Prizms Mojo,false,,Trey Burke,
base,287,Prizms Orange,false,,Trey Burke,
base,287,Prizms Pink Ice,false,,Trey Burke,
base,287,Prizms Pink Pulsar,false,,Trey Burke,
base,287,Prizms Purple,false,,Trey Burke,
base,287,Prizms Purple Ice,false,,Trey Burke,
base,287,Prizms Purple Pulsar,false,,Trey Burke,
base,287,Prizms Purple Wave,false,,Trey Burke,
base,287,Prizms Red,false,,Trey Burke,
base,287,Prizms Red Ice,false,,Trey Burke,
base,287,Prizms Red White and Blue,false,,Trey Burke,
base,287,Prizms Ruby Wave,false,,Trey Burke,
base,287,Prizms Silver,false,,Trey Burke,
base,287,Prizms White Sparkle,false,,Trey Burke,
base,287,Prizms 1st Off the Line Blue Shimmer,false,,Trey Burke,
base,287,Prizms 1st Off the Line Light Blue Shimmer,false,,Trey Burke,
base,287,Prizms 1st Off the Line Red Shimmer,false,,Trey Burke,
base,287,Prizms Black,false,,Trey Burke,
base,287,Prizms Black Gold,false,,Trey Burke,
insert-all-day,16,Fast Break,false,,Kristaps Porzingis,
insert-all-day,16,Hyper,false,,Kristaps Porzingis,
insert-all-day,16,Silver,false,,Kristaps Porzingis,
insert-all-day,16,Mojo,false,25,Kristaps Porzingis,
insert-all-day,16,Gold,false,10,Kristaps Porzingis,
insert-all-day,16,Black,false,1,Kristaps Porzingis,
insert-dominance,10,Green,false,,Walt Frazier,
insert-dominance,10,Silver,false,,Walt Frazier,
insert-dominance,28,Green,false,,Patrick Ewing,
insert-dominance,28,Silver,false,,Patrick Ewing,
insert-emergent,9,Silver,false,,Kevin Knox,
insert-emergent,9,Green,false,,Kevin Knox,
auto-fastbreak-autographs,FB-CLE,Gold,true,10,Courtney Lee,
auto-fastbreak-autographs,FB-CLE,Black,true,1,Courtney Lee,
auto-fastbreak-autographs,FB-EMD,Gold,true,10,Emmanuel Mudiay,
auto-fastbreak-autographs,FB-EMD,Black,true,1,Emmanuel Mudiay,
auto-fastbreak-autographs,FB-KPZ,Gold,true,10,Kristaps Porzingis,
auto-fastbreak-autographs,FB-KPZ,Black,true,1,Kristaps Porzingis,
auto-fastbreak-autographs,FB-THJ,Gold,true,10,Tim Hardaway Jr.,
auto-fastbreak-autographs,FB-THJ,Black,true,1,Tim Hardaway Jr.,
auto-fastbreak-autographs-rookies,FR-KNX,Gold,true,10,Kevin Knox,
auto-fastbreak-autographs-rookies,FR-KNX,Black,true,1,Kevin Knox,
auto-fastbreak-autographs-rookies,FR-MRO,Gold,true,10,Mitchell Robinson,
auto-fastbreak-autographs-rookies,FR-MRO,Black,true,1,Mitchell Robinson,
base,105,Prizms Blue,false,,Patrick Ewing,
base,105,Prizms Blue Ice,false,,Patrick Ewing,
base,105,Prizms Choice Blue Yellow and Green,false,,Patrick Ewing,
base,105,Prizms Choice Green,false,,Patrick Ewing,
base,105,Prizms Choice Nebula,false,,Patrick Ewing,
base,105,Prizms Choice Red,false,,Patrick Ewing,
base,105,Prizms Choice Tiger Stripe,false,,Patrick Ewing,
base,105,Prizms Fast Break,false,,Patrick Ewing,
base,105,Prizms Fast Break Blue,false,,Patrick Ewing,
base,105,Prizms Fast Break Bronze,false,,Patrick Ewing,
base,105,Prizms Fast Break Neon Green,false,,Patrick Ewing,
base,105,Prizms Fast Break Pink,false,,Patrick Ewing,
base,105,Prizms Fast Break Purple,false,,Patrick Ewing,
base,105,Prizms Fast Break Red,false,,Patrick Ewing,
base,105,Prizms Gold,false,,Patrick Ewing,
base,105,Prizms Green,false,,Patrick Ewing,
base,105,Prizms Green Pulsar,false,,Patrick Ewing,
base,105,Prizms Hyper,false,,Patrick Ewing,
base,105,Prizms Mojo,false,,Patrick Ewing,
base,105,Prizms Orange,false,,Patrick Ewing,
base,105,Prizms Pink Ice,false,,Patrick Ewing,
base,105,Prizms Pink Pulsar,false,,Patrick Ewing,
base,105,Prizms Purple,false,,Patrick Ewing,
base,105,Prizms Purple Ice,false,,Patrick Ewing,
base,105,Prizms Purple Pulsar,false,,Patrick Ewing,
base,105,Prizms Purple Wave,false,,Patrick Ewing,
base,105,Prizms Red,false,,Patrick Ewing,
base,105,Prizms Red Ice,false,,Patrick Ewing,
base,105,Prizms Red White and Blue,false,,Patrick Ewing,
base,105,Prizms Ruby Wave,false,,Patrick Ewing,
base,105,Prizms Silver,false,,Patrick Ewing,
base,105,Prizms White Sparkle,false,,Patrick Ewing,
base,105,Prizms 1st Off the Line Blue Shimmer,false,,Patrick Ewing,
base,105,Prizms 1st Off the Line Light Blue Shimmer,false,,Patrick Ewing,
base,105,Prizms 1st Off the Line Red Shimmer,false,,Patrick Ewing,
base,105,Prizms Black,false,,Patrick Ewing,
base,105,Prizms Black Gold,false,,Patrick Ewing,
insert-fireworks,30,Silver,false,,Kristaps Porzingis,
insert-fireworks,30,Fast Break,false,,Kristaps Porzingis,
insert-fireworks,30,Hyper,false,,Kristaps Porzingis,
insert-fireworks,30,Mojo,false,25,Kristaps Porzingis,
insert-fireworks,30,Fast Gold,false,10,Kristaps Porzingis,
insert-fireworks,30,Black,false,1,Kristaps Porzingis,
insert-freshman-phenoms,17,Green,false,,Kevin Knox,
insert-freshman-phenoms,17,Silver,false,,Kevin Knox,
insert-get-hyped,3,Green,false,,Kristaps Porzingis,
insert-get-hyped,3,Silver,false,,Kristaps Porzingis,
insert-go-hard-or-go-home,7,Silver,false,,Kristaps Porzingis,
insert-go-hard-or-go-home,7,Fast Break,false,,Kristaps Porzingis,
insert-go-hard-or-go-home,7,Hyper,false,,Kristaps Porzingis,
insert-go-hard-or-go-home,7,Mojo,false,25,Kristaps Porzingis,
insert-go-hard-or-go-home,7,Gold,false,10,Kristaps Porzingis,
insert-go-hard-or-go-home,7,Black,false,1,Kristaps Porzingis,
insert-luck-of-the-lottery,9,Hyper,false,,Kevin Knox,
insert-luck-of-the-lottery,9,Fast Break,false,,Kevin Knox,
insert-luck-of-the-lottery,9,Silver,false,,Kevin Knox,
insert-luck-of-the-lottery,9,Mojo,false,25,Kevin Knox,
insert-luck-of-the-lottery,9,Gold,false,10,Kevin Knox,
insert-luck-of-the-lottery,9,Black,false,1,Kevin Knox,
auto-rookie-signatures,RS-KNX,Prizms Silver,true,,Kevin Knox,
auto-rookie-signatures,RS-KNX,Prizms Choice,true,,Kevin Knox,
auto-rookie-signatures,RS-KNX,Prizms Mojo,true,25,Kevin Knox,
auto-rookie-signatures,RS-KNX,Prizms Gold,true,10,Kevin Knox,
auto-rookie-signatures,RS-KNX,Prizms Choice Green,true,8,Kevin Knox,
auto-rookie-signatures,RS-KNX,Prizms Black,true,1,Kevin Knox,
auto-rookie-signatures,RS-KNX,Prizms White Sparkle,true,1,Kevin Knox,
auto-sensational-signatures,SS-BKG,Prizms Choice,true,,Bernard King,
auto-sensational-signatures,SS-BKG,Prizms Mojo,true,25,Bernard King,
auto-sensational-signatures,SS-BKG,Prizms Gold,true,10,Bernard King,
auto-sensational-signatures,SS-BKG,Prizms Choice Green,true,8,Bernard King,
auto-sensational-signatures,SS-BKG,Prizms Black,true,1,Bernard King,
auto-sensational-signatures,SS-CLE,Prizms Choice,true,,Courtney Lee,
auto-sensational-signatures,SS-CLE,Prizms Mojo,true,25,Courtney Lee,
auto-sensational-signatures,SS-CLE,Prizms Gold,true,10,Courtney Lee,
auto-sensational-signatures,SS-CLE,Prizms Choice Green,true,8,Courtney Lee,
auto-sensational-signatures,SS-CLE,Prizms Black,true,1,Courtney Lee,
auto-sensational-signatures,SS-EMD,Prizms Choice,true,,Emmanuel Mudiay,
auto-sensational-signatures,SS-EMD,Prizms Mojo,true,25,Emmanuel Mudiay,
auto-sensational-signatures,SS-EMD,Prizms Gold,true,10,Emmanuel Mudiay,
auto-sensational-signatures,SS-EMD,Prizms Choice Green,true,8,Emmanuel Mudiay,
auto-sensational-signatures,SS-EMD,Prizms Black,true,1,Emmanuel Mudiay,
auto-sensational-signatures,SS-KNX,Prizms Choice,true,,Kevin Knox,
auto-sensational-signatures,SS-KNX,Prizms Mojo,true,25,Kevin Knox,
auto-sensational-signatures,SS-KNX,Prizms Gold,true,10,Kevin Knox,
auto-sensational-signatures,SS-KNX,Prizms Choice Green,true,8,Kevin Knox,
auto-sensational-signatures,SS-KNX,Prizms Black,true,1,Kevin Knox,
auto-sensational-signatures,SS-KPZ,Prizms Choice,true,,Kristaps Porzingis,
auto-sensational-signatures,SS-KPZ,Prizms Mojo,true,25,Kristaps Porzingis,
auto-sensational-signatures,SS-KPZ,Prizms Gold,true,10,Kristaps Porzingis,
auto-sensational-signatures,SS-KPZ,Prizms Choice Green,true,8,Kristaps Porzingis,
auto-sensational-signatures,SS-KPZ,Prizms Black,true,1,Kristaps Porzingis,
auto-sensational-signatures,SS-MJK,Prizms Choice,true,,Mark Jackson,
auto-sensational-signatures,SS-MJK,Prizms Mojo,true,25,Mark Jackson,
auto-sensational-signatures,SS-MJK,Prizms Gold,true,10,Mark Jackson,
auto-sensational-signatures,SS-MJK,Prizms Choice Green,true,8,Mark Jackson,
auto-sensational-signatures,SS-MJK,Prizms Black,true,1,Mark Jackson,
auto-sensational-signatures,SS-THJ,Prizms Choice,true,,Tim Hardaway Jr.,
auto-sensational-signatures,SS-THJ,Prizms Mojo,true,25,Tim Hardaway Jr.,
auto-sensational-signatures,SS-THJ,Prizms Gold,true,10,Tim Hardaway Jr.,
auto-sensational-signatures,SS-THJ,Prizms Choice Green,true,8,Tim Hardaway Jr.,
auto-sensational-signatures,SS-THJ,Prizms Black,true,1,Tim Hardaway Jr.,
insert-sensational-swatches,4,Prime,false,10,Courtney Lee,
insert-sensational-swatches,8,Prime,false,10,Amar'e Stoudemire,
insert-sensational-swatches,20,Prime,false,10,Jason Kidd,
insert-sensational-swatches,29,Prime,false,10,Kristaps Porzingis,
insert-sensational-swatches,40,Prime,false,10,Tim Hardaway Jr.,
insert-sensational-swatches,84,Prime,false,10,Kevin Knox,
auto-signatures,S-KPZ,Prizms Choice,true,,Kristaps Porzingis,
auto-signatures,S-KPZ,Prizms Silver,true,,Kristaps Porzingis,
auto-signatures,S-KPZ,Prizms Mojo,true,25,Kristaps Porzingis,
auto-signatures,S-KPZ,Prizms Gold,true,10,Kristaps Porzingis,
auto-signatures,S-KPZ,Prizms Choice Green,true,8,Kristaps Porzingis,
auto-signatures,S-KPZ,Prizms Black,true,1,Kristaps Porzingis,
base,209,Prizms Blue,false,,Allonzo Trier,
base,209,Prizms Blue Ice,false,,Allonzo Trier,
base,209,Prizms Choice Blue Yellow and Green,false,,Allonzo Trier,
base,209,Prizms Choice Green,false,,Allonzo Trier,
base,209,Prizms Choice Nebula,false,,Allonzo Trier,
base,209,Prizms Choice Red,false,,Allonzo Trier,
base,209,Prizms Choice Tiger Stripe,false,,Allonzo Trier,
base,209,Prizms Fast Break,false,,Allonzo Trier,
base,209,Prizms Fast Break Blue,false,,Allonzo Trier,
base,209,Prizms Fast Break Bronze,false,,Allonzo Trier,
base,209,Prizms Fast Break Neon Green,false,,Allonzo Trier,
base,209,Prizms Fast Break Pink,false,,Allonzo Trier,
base,209,Prizms Fast Break Purple,false,,Allonzo Trier,
base,209,Prizms Fast Break Red,false,,Allonzo Trier,
base,209,Prizms Gold,false,,Allonzo Trier,
base,209,Prizms Green,false,,Allonzo Trier,
base,209,Prizms Green Pulsar,false,,Allonzo Trier,
base,209,Prizms Hyper,false,,Allonzo Trier,
base,209,Prizms Mojo,false,,Allonzo Trier,
base,209,Prizms Orange,false,,Allonzo Trier,
base,209,Prizms Pink Ice,false,,Allonzo Trier,
base,209,Prizms Pink Pulsar,false,,Allonzo Trier,
base,209,Prizms Purple,false,,Allonzo Trier,
base,209,Prizms Purple Ice,false,,Allonzo Trier,
base,209,Prizms Purple Pulsar,false,,Allonzo Trier,
base,209,Prizms Purple Wave,false,,Allonzo Trier,
base,209,Prizms Red,false,,Allonzo Trier,
base,209,Prizms Red Ice,false,,Allonzo Trier,
base,209,Prizms Red White and Blue,false,,Allonzo Trier,
base,209,Prizms Ruby Wave,false,,Allonzo Trier,
base,209,Prizms Silver,false,,Allonzo Trier,
base,209,Prizms White Sparkle,false,,Allonzo Trier,
base,209,Prizms 1st Off the Line Blue Shimmer,false,,Allonzo Trier,
base,209,Prizms 1st Off the Line Light Blue Shimmer,false,,Allonzo Trier,
base,209,Prizms 1st Off the Line Red Shimmer,false,,Allonzo Trier,
base,209,Prizms Black,false,,Allonzo Trier,
base,209,Prizms Black Gold,false,,Allonzo Trier,
base,39,Prizms Blue,false,,Russell Westbrook,
base,39,Prizms Blue Ice,false,,Russell Westbrook,
base,39,Prizms Choice Blue Yellow and Green,false,,Russell Westbrook,
base,39,Prizms Choice Green,false,,Russell Westbrook,
base,39,Prizms Choice Nebula,false,,Russell Westbrook,
base,39,Prizms Choice Red,false,,Russell Westbrook,
base,39,Prizms Choice Tiger Stripe,false,,Russell Westbrook,
base,39,Prizms Fast Break,false,,Russell Westbrook,
base,39,Prizms Fast Break Blue,false,,Russell Westbrook,
base,39,Prizms Fast Break Bronze,false,,Russell Westbrook,
base,39,Prizms Fast Break Neon Green,false,,Russell Westbrook,
base,39,Prizms Fast Break Pink,false,,Russell Westbrook,
base,39,Prizms Fast Break Purple,false,,Russell Westbrook,
base,39,Prizms Fast Break Red,false,,Russell Westbrook,
base,39,Prizms Gold,false,,Russell Westbrook,
base,39,Prizms Green,false,,Russell Westbrook,
base,39,Prizms Green Pulsar,false,,Russell Westbrook,
base,39,Prizms Hyper,false,,Russell Westbrook,
base,39,Prizms Mojo,false,,Russell Westbrook,
base,39,Prizms Orange,false,,Russell Westbrook,
base,39,Prizms Pink Ice,false,,Russell Westbrook,
base,39,Prizms Pink Pulsar,false,,Russell Westbrook,
base,39,Prizms Purple,false,,Russell Westbrook,
base,39,Prizms Purple Ice,false,,Russell Westbrook,
base,39,Prizms Purple Pulsar,false,,Russell Westbrook,
base,39,Prizms Purple Wave,false,,Russell Westbrook,
base,39,Prizms Red,false,,Russell Westbrook,
base,39,Prizms Red Ice,false,,Russell Westbrook,
base,39,Prizms Red White and Blue,false,,Russell Westbrook,
base,39,Prizms Ruby Wave,false,,Russell Westbrook,
base,39,Prizms Silver,false,,Russell Westbrook,
base,39,Prizms White Sparkle,false,,Russell Westbrook,
base,39,Prizms 1st Off the Line Blue Shimmer,false,,Russell Westbrook,
base,39,Prizms 1st Off the Line Light Blue Shimmer,false,,Russell Westbrook,
base,39,Prizms 1st Off the Line Red Shimmer,false,,Russell Westbrook,
base,39,Prizms Black,false,,Russell Westbrook,
base,39,Prizms Black Gold,false,,Russell Westbrook,
auto-sensational-signatures,SS-JGT,Prizms Choice,true,,Jerami Grant,
auto-sensational-signatures,SS-JGT,Prizms Mojo,true,25,Jerami Grant,
auto-sensational-signatures,SS-JGT,Prizms Gold,true,10,Jerami Grant,
auto-sensational-signatures,SS-JGT,Prizms Choice Green,true,8,Jerami Grant,
auto-sensational-signatures,SS-JGT,Prizms Black,true,1,Jerami Grant,
insert-sensational-swatches,74,Prime,false,10,Hamidou Diallo,
auto-sensational-signatures,SS-HDL,Prizms Choice,true,,Hamidou Diallo,
auto-sensational-signatures,SS-HDL,Prizms Mojo,true,25,Hamidou Diallo,
auto-sensational-signatures,SS-HDL,Prizms Gold,true,10,Hamidou Diallo,
auto-sensational-signatures,SS-HDL,Prizms Choice Green,true,8,Hamidou Diallo,
auto-sensational-signatures,SS-HDL,Prizms Black,true,1,Hamidou Diallo,
insert-all-day,9,Fast Break,false,,Russell Westbrook,
insert-all-day,9,Hyper,false,,Russell Westbrook,
insert-all-day,9,Silver,false,,Russell Westbrook,
insert-all-day,9,Mojo,false,25,Russell Westbrook,
insert-all-day,9,Gold,false,10,Russell Westbrook,
insert-all-day,9,Black,false,1,Russell Westbrook,
insert-all-day,5,Fast Break,false,,Paul George,
insert-all-day,5,Hyper,false,,Paul George,
insert-all-day,5,Silver,false,,Paul George,
insert-all-day,5,Mojo,false,25,Paul George,
insert-all-day,5,Gold,false,10,Paul George,
insert-all-day,5,Black,false,1,Paul George,
base,9,Prizms Blue,false,,Hamidou Diallo,
base,9,Prizms Blue Ice,false,,Hamidou Diallo,
base,9,Prizms Choice Blue Yellow and Green,false,,Hamidou Diallo,
base,9,Prizms Choice Green,false,,Hamidou Diallo,
base,9,Prizms Choice Nebula,false,,Hamidou Diallo,
base,9,Prizms Choice Red,false,,Hamidou Diallo,
base,9,Prizms Choice Tiger Stripe,false,,Hamidou Diallo,
base,9,Prizms Fast Break,false,,Hamidou Diallo,
base,9,Prizms Fast Break Blue,false,,Hamidou Diallo,
base,9,Prizms Fast Break Bronze,false,,Hamidou Diallo,
base,9,Prizms Fast Break Neon Green,false,,Hamidou Diallo,
base,9,Prizms Fast Break Pink,false,,Hamidou Diallo,
base,9,Prizms Fast Break Purple,false,,Hamidou Diallo,
base,9,Prizms Fast Break Red,false,,Hamidou Diallo,
base,9,Prizms Gold,false,,Hamidou Diallo,
base,9,Prizms Green,false,,Hamidou Diallo,
base,9,Prizms Green Pulsar,false,,Hamidou Diallo,
base,9,Prizms Hyper,false,,Hamidou Diallo,
base,9,Prizms Mojo,false,,Hamidou Diallo,
base,9,Prizms Orange,false,,Hamidou Diallo,
base,9,Prizms Pink Ice,false,,Hamidou Diallo,
base,9,Prizms Pink Pulsar,false,,Hamidou Diallo,
base,9,Prizms Purple,false,,Hamidou Diallo,
base,9,Prizms Purple Ice,false,,Hamidou Diallo,
base,9,Prizms Purple Pulsar,false,,Hamidou Diallo,
base,9,Prizms Purple Wave,false,,Hamidou Diallo,
base,9,Prizms Red,false,,Hamidou Diallo,
base,9,Prizms Red Ice,false,,Hamidou Diallo,
base,9,Prizms Red White and Blue,false,,Hamidou Diallo,
base,9,Prizms Ruby Wave,false,,Hamidou Diallo,
base,9,Prizms Silver,false,,Hamidou Diallo,
base,9,Prizms White Sparkle,false,,Hamidou Diallo,
base,9,Prizms 1st Off the Line Blue Shimmer,false,,Hamidou Diallo,
base,9,Prizms 1st Off the Line Light Blue Shimmer,false,,Hamidou Diallo,
base,9,Prizms 1st Off the Line Red Shimmer,false,,Hamidou Diallo,
base,9,Prizms Black,false,,Hamidou Diallo,
base,9,Prizms Black Gold,false,,Hamidou Diallo,
insert-get-hyped,1,Green,false,,Russell Westbrook,
insert-get-hyped,1,Silver,false,,Russell Westbrook,
base,69,Prizms Blue,false,,Steven Adams,
base,69,Prizms Blue Ice,false,,Steven Adams,
base,69,Prizms Choice Blue Yellow and Green,false,,Steven Adams,
base,69,Prizms Choice Green,false,,Steven Adams,
base,69,Prizms Choice Nebula,false,,Steven Adams,
base,69,Prizms Choice Red,false,,Steven Adams,
base,69,Prizms Choice Tiger Stripe,false,,Steven Adams,
base,69,Prizms Fast Break,false,,Steven Adams,
base,69,Prizms Fast Break Blue,false,,Steven Adams,
base,69,Prizms Fast Break Bronze,false,,Steven Adams,
base,69,Prizms Fast Break Neon Green,false,,Steven Adams,
base,69,Prizms Fast Break Pink,false,,Steven Adams,
base,69,Prizms Fast Break Purple,false,,Steven Adams,
base,69,Prizms Fast Break Red,false,,Steven Adams,
base,69,Prizms Gold,false,,Steven Adams,
base,69,Prizms Green,false,,Steven Adams,
base,69,Prizms Green Pulsar,false,,Steven Adams,
base,69,Prizms Hyper,false,,Steven Adams,
base,69,Prizms Mojo,false,,Steven Adams,
base,69,Prizms Orange,false,,Steven Adams,
base,69,Prizms Pink Ice,false,,Steven Adams,
base,69,Prizms Pink Pulsar,false,,Steven Adams,
base,69,Prizms Purple,false,,Steven Adams,
base,69,Prizms Purple Ice,false,,Steven Adams,
base,69,Prizms Purple Pulsar,false,,Steven Adams,
base,69,Prizms Purple Wave,false,,Steven Adams,
base,69,Prizms Red,false,,Steven Adams,
base,69,Prizms Red Ice,false,,Steven Adams,
base,69,Prizms Red White and Blue,false,,Steven Adams,
base,69,Prizms Ruby Wave,false,,Steven Adams,
base,69,Prizms Silver,false,,Steven Adams,
base,69,Prizms White Sparkle,false,,Steven Adams,
base,69,Prizms 1st Off the Line Blue Shimmer,false,,Steven Adams,
base,69,Prizms 1st Off the Line Light Blue Shimmer,false,,Steven Adams,
base,69,Prizms 1st Off the Line Red Shimmer,false,,Steven Adams,
base,69,Prizms Black,false,,Steven Adams,
base,69,Prizms Black Gold,false,,Steven Adams,
auto-fastbreak-autographs,FB-PPS,Gold,true,10,Patrick Patterson,
auto-fastbreak-autographs,FB-PPS,Black,true,1,Patrick Patterson,
auto-rookie-signatures,RS-HDL,Prizms Silver,true,,Hamidou Diallo,
auto-rookie-signatures,RS-HDL,Prizms Choice,true,,Hamidou Diallo,
auto-rookie-signatures,RS-HDL,Prizms Mojo,true,25,Hamidou Diallo,
auto-rookie-signatures,RS-HDL,Prizms Gold,true,10,Hamidou Diallo,
auto-rookie-signatures,RS-HDL,Prizms Choice Green,true,8,Hamidou Diallo,
auto-rookie-signatures,RS-HDL,Prizms Black,true,1,Hamidou Diallo,
auto-rookie-signatures,RS-HDL,Prizms White Sparkle,true,1,Hamidou Diallo,
base,89,Prizms Blue,false,,Jerami Grant,
base,89,Prizms Blue Ice,false,,Jerami Grant,
base,89,Prizms Choice Blue Yellow and Green,false,,Jerami Grant,
base,89,Prizms Choice Green,false,,Jerami Grant,
base,89,Prizms Choice Nebula,false,,Jerami Grant,
base,89,Prizms Choice Red,false,,Jerami Grant,
base,89,Prizms Choice Tiger Stripe,false,,Jerami Grant,
base,89,Prizms Fast Break,false,,Jerami Grant,
base,89,Prizms Fast Break Blue,false,,Jerami Grant,
base,89,Prizms Fast Break Bronze,false,,Jerami Grant,
base,89,Prizms Fast Break Neon Green,false,,Jerami Grant,
base,89,Prizms Fast Break Pink,false,,Jerami Grant,
base,89,Prizms Fast Break Purple,false,,Jerami Grant,
base,89,Prizms Fast Break Red,false,,Jerami Grant,
base,89,Prizms Gold,false,,Jerami Grant,
base,89,Prizms Green,false,,Jerami Grant,
base,89,Prizms Green Pulsar,false,,Jerami Grant,
base,89,Prizms Hyper,false,,Jerami Grant,
base,89,Prizms Mojo,false,,Jerami Grant,
base,89,Prizms Orange,false,,Jerami Grant,
base,89,Prizms Pink Ice,false,,Jerami Grant,
base,89,Prizms Pink Pulsar,false,,Jerami Grant,
base,89,Prizms Purple,false,,Jerami Grant,
base,89,Prizms Purple Ice,false,,Jerami Grant,
base,89,Prizms Purple Pulsar,false,,Jerami Grant,
base,89,Prizms Purple Wave,false,,Jerami Grant,
base,89,Prizms Red,false,,Jerami Grant,
base,89,Prizms Red Ice,false,,Jerami Grant,
base,89,Prizms Red White and Blue,false,,Jerami Grant,
base,89,Prizms Ruby Wave,false,,Jerami Grant,
base,89,Prizms Silver,false,,Jerami Grant,
base,89,Prizms White Sparkle,false,,Jerami Grant,
base,89,Prizms 1st Off the Line Blue Shimmer,false,,Jerami Grant,
base,89,Prizms 1st Off the Line Light Blue Shimmer,false,,Jerami Grant,
base,89,Prizms 1st Off the Line Red Shimmer,false,,Jerami Grant,
base,89,Prizms Black,false,,Jerami Grant,
base,89,Prizms Black Gold,false,,Jerami Grant,
insert-that-s-savage,10,Silver,false,,Russell Westbrook,
insert-that-s-savage,10,Fast Break,false,,Russell Westbrook,
insert-that-s-savage,10,Hyper,false,,Russell Westbrook,
insert-that-s-savage,10,Mojo,false,25,Russell Westbrook,
insert-that-s-savage,10,Gold,false,10,Russell Westbrook,
insert-that-s-savage,10,Black,false,1,Russell Westbrook,
insert-go-hard-or-go-home,20,Silver,false,,Russell Westbrook,
insert-go-hard-or-go-home,20,Fast Break,false,,Russell Westbrook,
insert-go-hard-or-go-home,20,Hyper,false,,Russell Westbrook,
insert-go-hard-or-go-home,20,Mojo,false,25,Russell Westbrook,
insert-go-hard-or-go-home,20,Gold,false,10,Russell Westbrook,
insert-go-hard-or-go-home,20,Black,false,1,Russell Westbrook,
base,49,Prizms Blue,false,,Paul George,
base,49,Prizms Blue Ice,false,,Paul George,
base,49,Prizms Choice Blue Yellow and Green,false,,Paul George,
base,49,Prizms Choice Green,false,,Paul George,
base,49,Prizms Choice Nebula,false,,Paul George,
base,49,Prizms Choice Red,false,,Paul George,
base,49,Prizms Choice Tiger Stripe,false,,Paul George,
base,49,Prizms Fast Break,false,,Paul George,
base,49,Prizms Fast Break Blue,false,,Paul George,
base,49,Prizms Fast Break Bronze,false,,Paul George,
base,49,Prizms Fast Break Neon Green,false,,Paul George,
base,49,Prizms Fast Break Pink,false,,Paul George,
base,49,Prizms Fast Break Purple,false,,Paul George,
base,49,Prizms Fast Break Red,false,,Paul George,
base,49,Prizms Gold,false,,Paul George,
base,49,Prizms Green,false,,Paul George,
base,49,Prizms Green Pulsar,false,,Paul George,
base,49,Prizms Hyper,false,,Paul George,
base,49,Prizms Mojo,false,,Paul George,
base,49,Prizms Orange,false,,Paul George,
base,49,Prizms Pink Ice,false,,Paul George,
base,49,Prizms Pink Pulsar,false,,Paul George,
base,49,Prizms Purple,false,,Paul George,
base,49,Prizms Purple Ice,false,,Paul George,
base,49,Prizms Purple Pulsar,false,,Paul George,
base,49,Prizms Purple Wave,false,,Paul George,
base,49,Prizms Red,false,,Paul George,
base,49,Prizms Red Ice,false,,Paul George,
base,49,Prizms Red White and Blue,false,,Paul George,
base,49,Prizms Ruby Wave,false,,Paul George,
base,49,Prizms Silver,false,,Paul George,
base,49,Prizms White Sparkle,false,,Paul George,
base,49,Prizms 1st Off the Line Blue Shimmer,false,,Paul George,
base,49,Prizms 1st Off the Line Light Blue Shimmer,false,,Paul George,
base,49,Prizms 1st Off the Line Red Shimmer,false,,Paul George,
base,49,Prizms Black,false,,Paul George,
base,49,Prizms Black Gold,false,,Paul George,
auto-fastbreak-autographs,FB-JGT,Gold,true,10,Jerami Grant,
auto-fastbreak-autographs,FB-JGT,Black,true,1,Jerami Grant,
auto-sensational-signatures,SS-PPS,Prizms Choice,true,,Patrick Patterson,
auto-sensational-signatures,SS-PPS,Prizms Mojo,true,25,Patrick Patterson,
auto-sensational-signatures,SS-PPS,Prizms Gold,true,10,Patrick Patterson,
auto-sensational-signatures,SS-PPS,Prizms Choice Green,true,8,Patrick Patterson,
auto-sensational-signatures,SS-PPS,Prizms Black,true,1,Patrick Patterson,
insert-sensational-swatches,41,Prime,false,10,Nerlens Noel,
base,79,Prizms Blue,false,,Nerlens Noel,
base,79,Prizms Blue Ice,false,,Nerlens Noel,
base,79,Prizms Choice Blue Yellow and Green,false,,Nerlens Noel,
base,79,Prizms Choice Green,false,,Nerlens Noel,
base,79,Prizms Choice Nebula,false,,Nerlens Noel,
base,79,Prizms Choice Red,false,,Nerlens Noel,
base,79,Prizms Choice Tiger Stripe,false,,Nerlens Noel,
base,79,Prizms Fast Break,false,,Nerlens Noel,
base,79,Prizms Fast Break Blue,false,,Nerlens Noel,
base,79,Prizms Fast Break Bronze,false,,Nerlens Noel,
base,79,Prizms Fast Break Neon Green,false,,Nerlens Noel,
base,79,Prizms Fast Break Pink,false,,Nerlens Noel,
base,79,Prizms Fast Break Purple,false,,Nerlens Noel,
base,79,Prizms Fast Break Red,false,,Nerlens Noel,
base,79,Prizms Gold,false,,Nerlens Noel,
base,79,Prizms Green,false,,Nerlens Noel,
base,79,Prizms Green Pulsar,false,,Nerlens Noel,
base,79,Prizms Hyper,false,,Nerlens Noel,
base,79,Prizms Mojo,false,,Nerlens Noel,
base,79,Prizms Orange,false,,Nerlens Noel,
base,79,Prizms Pink Ice,false,,Nerlens Noel,
base,79,Prizms Pink Pulsar,false,,Nerlens Noel,
base,79,Prizms Purple,false,,Nerlens Noel,
base,79,Prizms Purple Ice,false,,Nerlens Noel,
base,79,Prizms Purple Pulsar,false,,Nerlens Noel,
base,79,Prizms Purple Wave,false,,Nerlens Noel,
base,79,Prizms Red,false,,Nerlens Noel,
base,79,Prizms Red Ice,false,,Nerlens Noel,
base,79,Prizms Red White and Blue,false,,Nerlens Noel,
base,79,Prizms Ruby Wave,false,,Nerlens Noel,
base,79,Prizms Silver,false,,Nerlens Noel,
base,79,Prizms White Sparkle,false,,Nerlens Noel,
base,79,Prizms 1st Off the Line Blue Shimmer,false,,Nerlens Noel,
base,79,Prizms 1st Off the Line Light Blue Shimmer,false,,Nerlens Noel,
base,79,Prizms 1st Off the Line Red Shimmer,false,,Nerlens Noel,
base,79,Prizms Black,false,,Nerlens Noel,
base,79,Prizms Black Gold,false,,Nerlens Noel,
auto-fastbreak-autographs-rookies,FR-HDL,Gold,true,10,Hamidou Diallo,
auto-fastbreak-autographs-rookies,FR-HDL,Black,true,1,Hamidou Diallo,
insert-fireworks,2,Silver,false,,Russell Westbrook,
insert-fireworks,2,Fast Break,false,,Russell Westbrook,
insert-fireworks,2,Hyper,false,,Russell Westbrook,
insert-fireworks,2,Mojo,false,25,Russell Westbrook,
insert-fireworks,2,Fast Gold,false,10,Russell Westbrook,
insert-fireworks,2,Black,false,1,Russell Westbrook,
insert-fireworks,12,Silver,false,,Paul George,
insert-fireworks,12,Fast Break,false,,Paul George,
insert-fireworks,12,Hyper,false,,Paul George,
insert-fireworks,12,Mojo,false,25,Paul George,
insert-fireworks,12,Fast Gold,false,10,Paul George,
insert-fireworks,12,Black,false,1,Paul George,
base,29,Prizms Blue,false,,Kevin Hervey,
base,29,Prizms Blue Ice,false,,Kevin Hervey,
base,29,Prizms Choice Blue Yellow and Green,false,,Kevin Hervey,
base,29,Prizms Choice Green,false,,Kevin Hervey,
base,29,Prizms Choice Nebula,false,,Kevin Hervey,
base,29,Prizms Choice Red,false,,Kevin Hervey,
base,29,Prizms Choice Tiger Stripe,false,,Kevin Hervey,
base,29,Prizms Fast Break,false,,Kevin Hervey,
base,29,Prizms Fast Break Blue,false,,Kevin Hervey,
base,29,Prizms Fast Break Bronze,false,,Kevin Hervey,
base,29,Prizms Fast Break Neon Green,false,,Kevin Hervey,
base,29,Prizms Fast Break Pink,false,,Kevin Hervey,
base,29,Prizms Fast Break Purple,false,,Kevin Hervey,
base,29,Prizms Fast Break Red,false,,Kevin Hervey,
base,29,Prizms Gold,false,,Kevin Hervey,
base,29,Prizms Green,false,,Kevin Hervey,
base,29,Prizms Green Pulsar,false,,Kevin Hervey,
base,29,Prizms Hyper,false,,Kevin Hervey,
base,29,Prizms Mojo,false,,Kevin Hervey,
base,29,Prizms Orange,false,,Kevin Hervey,
base,29,Prizms Pink Ice,false,,Kevin Hervey,
base,29,Prizms Pink Pulsar,false,,Kevin Hervey,
base,29,Prizms Purple,false,,Kevin Hervey,
base,29,Prizms Purple Ice,false,,Kevin Hervey,
base,29,Prizms Purple Pulsar,false,,Kevin Hervey,
base,29,Prizms Purple Wave,false,,Kevin Hervey,
base,29,Prizms Red,false,,Kevin Hervey,
base,29,Prizms Red Ice,false,,Kevin Hervey,
base,29,Prizms Red White and Blue,false,,Kevin Hervey,
base,29,Prizms Ruby Wave,false,,Kevin Hervey,
base,29,Prizms Silver,false,,Kevin Hervey,
base,29,Prizms White Sparkle,false,,Kevin Hervey,
base,29,Prizms 1st Off the Line Blue Shimmer,false,,Kevin Hervey,
base,29,Prizms 1st Off the Line Light Blue Shimmer,false,,Kevin Hervey,
base,29,Prizms 1st Off the Line Red Shimmer,false,,Kevin Hervey,
base,29,Prizms Black,false,,Kevin Hervey,
base,29,Prizms Black Gold,false,,Kevin Hervey,
insert-sensational-swatches,51,Prime,false,10,Aaron Gordon,
base,119,Prizms Blue,false,,Justin Jackson,
base,119,Prizms Blue Ice,false,,Justin Jackson,
base,119,Prizms Choice Blue Yellow and Green,false,,Justin Jackson,
base,119,Prizms Choice Green,false,,Justin Jackson,
base,119,Prizms Choice Nebula,false,,Justin Jackson,
base,119,Prizms Choice Red,false,,Justin Jackson,
base,119,Prizms Choice Tiger Stripe,false,,Justin Jackson,
base,119,Prizms Fast Break,false,,Justin Jackson,
base,119,Prizms Fast Break Blue,false,,Justin Jackson,
base,119,Prizms Fast Break Bronze,false,,Justin Jackson,
base,119,Prizms Fast Break Neon Green,false,,Justin Jackson,
base,119,Prizms Fast Break Pink,false,,Justin Jackson,
base,119,Prizms Fast Break Purple,false,,Justin Jackson,
base,119,Prizms Fast Break Red,false,,Justin Jackson,
base,119,Prizms Gold,false,,Justin Jackson,
base,119,Prizms Green,false,,Justin Jackson,
base,119,Prizms Green Pulsar,false,,Justin Jackson,
base,119,Prizms Hyper,false,,Justin Jackson,
base,119,Prizms Mojo,false,,Justin Jackson,
base,119,Prizms Orange,false,,Justin Jackson,
base,119,Prizms Pink Ice,false,,Justin Jackson,
base,119,Prizms Pink Pulsar,false,,Justin Jackson,
base,119,Prizms Purple,false,,Justin Jackson,
base,119,Prizms Purple Ice,false,,Justin Jackson,
base,119,Prizms Purple Pulsar,false,,Justin Jackson,
base,119,Prizms Purple Wave,false,,Justin Jackson,
base,119,Prizms Red,false,,Justin Jackson,
base,119,Prizms Red Ice,false,,Justin Jackson,
base,119,Prizms Red White and Blue,false,,Justin Jackson,
base,119,Prizms Ruby Wave,false,,Justin Jackson,
base,119,Prizms Silver,false,,Justin Jackson,
base,119,Prizms White Sparkle,false,,Justin Jackson,
base,119,Prizms 1st Off the Line Blue Shimmer,false,,Justin Jackson,
base,119,Prizms 1st Off the Line Light Blue Shimmer,false,,Justin Jackson,
base,119,Prizms 1st Off the Line Red Shimmer,false,,Justin Jackson,
base,119,Prizms Black,false,,Justin Jackson,
base,119,Prizms Black Gold,false,,Justin Jackson,
insert-sensational-swatches,1,Prime,false,10,Shaquille O'Neal,
auto-sensational-signatures,SS-TMG,Prizms Choice,true,,Tracy McGrady,
auto-sensational-signatures,SS-TMG,Prizms Mojo,true,25,Tracy McGrady,
auto-sensational-signatures,SS-TMG,Prizms Gold,true,10,Tracy McGrady,
auto-sensational-signatures,SS-TMG,Prizms Choice Green,true,8,Tracy McGrady,
auto-sensational-signatures,SS-TMG,Prizms Black,true,1,Tracy McGrady,
auto-fastbreak-autographs,FB-TRS,Gold,true,10,Terrence Ross,
auto-fastbreak-autographs,FB-TRS,Black,true,1,Terrence Ross,
base,159,Prizms Blue,false,,Aaron Gordon,
base,159,Prizms Blue Ice,false,,Aaron Gordon,
base,159,Prizms Choice Blue Yellow and Green,false,,Aaron Gordon,
base,159,Prizms Choice Green,false,,Aaron Gordon,
base,159,Prizms Choice Nebula,false,,Aaron Gordon,
base,159,Prizms Choice Red,false,,Aaron Gordon,
base,159,Prizms Choice Tiger Stripe,false,,Aaron Gordon,
base,159,Prizms Fast Break,false,,Aaron Gordon,
base,159,Prizms Fast Break Blue,false,,Aaron Gordon,
base,159,Prizms Fast Break Bronze,false,,Aaron Gordon,
base,159,Prizms Fast Break Neon Green,false,,Aaron Gordon,
base,159,Prizms Fast Break Pink,false,,Aaron Gordon,
base,159,Prizms Fast Break Purple,false,,Aaron Gordon,
base,159,Prizms Fast Break Red,false,,Aaron Gordon,
base,159,Prizms Gold,false,,Aaron Gordon,
base,159,Prizms Green,false,,Aaron Gordon,
base,159,Prizms Green Pulsar,false,,Aaron Gordon,
base,159,Prizms Hyper,false,,Aaron Gordon,
base,159,Prizms Mojo,false,,Aaron Gordon,
base,159,Prizms Orange,false,,Aaron Gordon,
base,159,Prizms Pink Ice,false,,Aaron Gordon,
base,159,Prizms Pink Pulsar,false,,Aaron Gordon,
base,159,Prizms Purple,false,,Aaron Gordon,
base,159,Prizms Purple Ice,false,,Aaron Gordon,
base,159,Prizms Purple Pulsar,false,,Aaron Gordon,
base,159,Prizms Purple Wave,false,,Aaron Gordon,
base,159,Prizms Red,false,,Aaron Gordon,
base,159,Prizms Red Ice,false,,Aaron Gordon,
base,159,Prizms Red White and Blue,false,,Aaron Gordon,
base,159,Prizms Ruby Wave,false,,Aaron Gordon,
base,159,Prizms Silver,false,,Aaron Gordon,
base,159,Prizms White Sparkle,false,,Aaron Gordon,
base,159,Prizms 1st Off the Line Blue Shimmer,false,,Aaron Gordon,
base,159,Prizms 1st Off the Line Light Blue Shimmer,false,,Aaron Gordon,
base,159,Prizms 1st Off the Line Red Shimmer,false,,Aaron Gordon,
base,159,Prizms Black,false,,Aaron Gordon,
base,159,Prizms Black Gold,false,,Aaron Gordon,
base,179,Prizms Blue,false,,Jonathan Isaac,
base,179,Prizms Blue Ice,false,,Jonathan Isaac,
base,179,Prizms Choice Blue Yellow and Green,false,,Jonathan Isaac,
base,179,Prizms Choice Green,false,,Jonathan Isaac,
base,179,Prizms Choice Nebula,false,,Jonathan Isaac,
base,179,Prizms Choice Red,false,,Jonathan Isaac,
base,179,Prizms Choice Tiger Stripe,false,,Jonathan Isaac,
base,179,Prizms Fast Break,false,,Jonathan Isaac,
base,179,Prizms Fast Break Blue,false,,Jonathan Isaac,
base,179,Prizms Fast Break Bronze,false,,Jonathan Isaac,
base,179,Prizms Fast Break Neon Green,false,,Jonathan Isaac,
base,179,Prizms Fast Break Pink,false,,Jonathan Isaac,
base,179,Prizms Fast Break Purple,false,,Jonathan Isaac,
base,179,Prizms Fast Break Red,false,,Jonathan Isaac,
base,179,Prizms Gold,false,,Jonathan Isaac,
base,179,Prizms Green,false,,Jonathan Isaac,
base,179,Prizms Green Pulsar,false,,Jonathan Isaac,
base,179,Prizms Hyper,false,,Jonathan Isaac,
base,179,Prizms Mojo,false,,Jonathan Isaac,
base,179,Prizms Orange,false,,Jonathan Isaac,
base,179,Prizms Pink Ice,false,,Jonathan Isaac,
base,179,Prizms Pink Pulsar,false,,Jonathan Isaac,
base,179,Prizms Purple,false,,Jonathan Isaac,
base,179,Prizms Purple Ice,false,,Jonathan Isaac,
base,179,Prizms Purple Pulsar,false,,Jonathan Isaac,
base,179,Prizms Purple Wave,false,,Jonathan Isaac,
base,179,Prizms Red,false,,Jonathan Isaac,
base,179,Prizms Red Ice,false,,Jonathan Isaac,
base,179,Prizms Red White and Blue,false,,Jonathan Isaac,
base,179,Prizms Ruby Wave,false,,Jonathan Isaac,
base,179,Prizms Silver,false,,Jonathan Isaac,
base,179,Prizms White Sparkle,false,,Jonathan Isaac,
base,179,Prizms 1st Off the Line Blue Shimmer,false,,Jonathan Isaac,
base,179,Prizms 1st Off the Line Light Blue Shimmer,false,,Jonathan Isaac,
base,179,Prizms 1st Off the Line Red Shimmer,false,,Jonathan Isaac,
base,179,Prizms Black,false,,Jonathan Isaac,
base,179,Prizms Black Gold,false,,Jonathan Isaac,
auto-sensational-signatures,SS-AHW,Prizms Choice,true,,Anfernee Hardaway,
auto-sensational-signatures,SS-AHW,Prizms Mojo,true,25,Anfernee Hardaway,
auto-sensational-signatures,SS-AHW,Prizms Gold,true,10,Anfernee Hardaway,
auto-sensational-signatures,SS-AHW,Prizms Choice Green,true,8,Anfernee Hardaway,
auto-sensational-signatures,SS-AHW,Prizms Black,true,1,Anfernee Hardaway,
base,169,Prizms Blue,false,,Nikola Vucevic,
base,169,Prizms Blue Ice,false,,Nikola Vucevic,
base,169,Prizms Choice Blue Yellow and Green,false,,Nikola Vucevic,
base,169,Prizms Choice Green,false,,Nikola Vucevic,
base,169,Prizms Choice Nebula,false,,Nikola Vucevic,
base,169,Prizms Choice Red,false,,Nikola Vucevic,
base,169,Prizms Choice Tiger Stripe,false,,Nikola Vucevic,
base,169,Prizms Fast Break,false,,Nikola Vucevic,
base,169,Prizms Fast Break Blue,false,,Nikola Vucevic,
base,169,Prizms Fast Break Bronze,false,,Nikola Vucevic,
base,169,Prizms Fast Break Neon Green,false,,Nikola Vucevic,
base,169,Prizms Fast Break Pink,false,,Nikola Vucevic,
base,169,Prizms Fast Break Purple,false,,Nikola Vucevic,
base,169,Prizms Fast Break Red,false,,Nikola Vucevic,
base,169,Prizms Gold,false,,Nikola Vucevic,
base,169,Prizms Green,false,,Nikola Vucevic,
base,169,Prizms Green Pulsar,false,,Nikola Vucevic,
base,169,Prizms Hyper,false,,Nikola Vucevic,
base,169,Prizms Mojo,false,,Nikola Vucevic,
base,169,Prizms Orange,false,,Nikola Vucevic,
base,169,Prizms Pink Ice,false,,Nikola Vucevic,
base,169,Prizms Pink Pulsar,false,,Nikola Vucevic,
base,169,Prizms Purple,false,,Nikola Vucevic,
base,169,Prizms Purple Ice,false,,Nikola Vucevic,
base,169,Prizms Purple Pulsar,false,,Nikola Vucevic,
base,169,Prizms Purple Wave,false,,Nikola Vucevic,
base,169,Prizms Red,false,,Nikola Vucevic,
base,169,Prizms Red Ice,false,,Nikola Vucevic,
base,169,Prizms Red White and Blue,false,,Nikola Vucevic,
base,169,Prizms Ruby Wave,false,,Nikola Vucevic,
base,169,Prizms Silver,false,,Nikola Vucevic,
base,169,Prizms White Sparkle,false,,Nikola Vucevic,
base,169,Prizms 1st Off the Line Blue Shimmer,false,,Nikola Vucevic,
base,169,Prizms 1st Off the Line Light Blue Shimmer,false,,Nikola Vucevic,
base,169,Prizms 1st Off the Line Red Shimmer,false,,Nikola Vucevic,
base,169,Prizms Black,false,,Nikola Vucevic,
base,169,Prizms Black Gold,false,,Nikola Vucevic,
auto-signatures,S-TRS,Prizms Choice,true,,Terrence Ross,
auto-signatures,S-TRS,Prizms Silver,true,,Terrence Ross,
auto-signatures,S-TRS,Prizms Mojo,true,25,Terrence Ross,
auto-signatures,S-TRS,Prizms Gold,true,10,Terrence Ross,
auto-signatures,S-TRS,Prizms Choice Green,true,8,Terrence Ross,
auto-signatures,S-TRS,Prizms Black,true,1,Terrence Ross,
auto-signatures,S-AHW,Prizms Choice,true,,Anfernee Hardaway,
auto-signatures,S-AHW,Prizms Silver,true,,Anfernee Hardaway,
auto-signatures,S-AHW,Prizms Mojo,true,25,Anfernee Hardaway,
auto-signatures,S-AHW,Prizms Gold,true,10,Anfernee Hardaway,
auto-signatures,S-AHW,Prizms Choice Green,true,8,Anfernee Hardaway,
auto-signatures,S-AHW,Prizms Black,true,1,Anfernee Hardaway,
insert-freshman-phenoms,20,Green,false,,Mo Bamba,
insert-freshman-phenoms,20,Silver,false,,Mo Bamba,
base,99,Prizms Blue,false,,Mo Bamba,
base,99,Prizms Blue Ice,false,,Mo Bamba,
base,99,Prizms Choice Blue Yellow and Green,false,,Mo Bamba,
base,99,Prizms Choice Green,false,,Mo Bamba,
base,99,Prizms Choice Nebula,false,,Mo Bamba,
base,99,Prizms Choice Red,false,,Mo Bamba,
base,99,Prizms Choice Tiger Stripe,false,,Mo Bamba,
base,99,Prizms Fast Break,false,,Mo Bamba,
base,99,Prizms Fast Break Blue,false,,Mo Bamba,
base,99,Prizms Fast Break Bronze,false,,Mo Bamba,
base,99,Prizms Fast Break Neon Green,false,,Mo Bamba,
base,99,Prizms Fast Break Pink,false,,Mo Bamba,
base,99,Prizms Fast Break Purple,false,,Mo Bamba,
base,99,Prizms Fast Break Red,false,,Mo Bamba,
base,99,Prizms Gold,false,,Mo Bamba,
base,99,Prizms Green,false,,Mo Bamba,
base,99,Prizms Green Pulsar,false,,Mo Bamba,
base,99,Prizms Hyper,false,,Mo Bamba,
base,99,Prizms Mojo,false,,Mo Bamba,
base,99,Prizms Orange,false,,Mo Bamba,
base,99,Prizms Pink Ice,false,,Mo Bamba,
base,99,Prizms Pink Pulsar,false,,Mo Bamba,
base,99,Prizms Purple,false,,Mo Bamba,
base,99,Prizms Purple Ice,false,,Mo Bamba,
base,99,Prizms Purple Pulsar,false,,Mo Bamba,
base,99,Prizms Purple Wave,false,,Mo Bamba,
base,99,Prizms Red,false,,Mo Bamba,
base,99,Prizms Red Ice,false,,Mo Bamba,
base,99,Prizms Red White and Blue,false,,Mo Bamba,
base,99,Prizms Ruby Wave,false,,Mo Bamba,
base,99,Prizms Silver,false,,Mo Bamba,
base,99,Prizms White Sparkle,false,,Mo Bamba,
base,99,Prizms 1st Off the Line Blue Shimmer,false,,Mo Bamba,
base,99,Prizms 1st Off the Line Light Blue Shimmer,false,,Mo Bamba,
base,99,Prizms 1st Off the Line Red Shimmer,false,,Mo Bamba,
base,99,Prizms Black,false,,Mo Bamba,
base,99,Prizms Black Gold,false,,Mo Bamba,
insert-luck-of-the-lottery,6,Hyper,false,,Mo Bamba,
insert-luck-of-the-lottery,6,Fast Break,false,,Mo Bamba,
insert-luck-of-the-lottery,6,Silver,false,,Mo Bamba,
insert-luck-of-the-lottery,6,Mojo,false,25,Mo Bamba,
insert-luck-of-the-lottery,6,Gold,false,10,Mo Bamba,
insert-luck-of-the-lottery,6,Black,false,1,Mo Bamba,
auto-rookie-signatures,RS-MBB,Prizms Silver,true,,Mo Bamba,
auto-rookie-signatures,RS-MBB,Prizms Choice,true,,Mo Bamba,
auto-rookie-signatures,RS-MBB,Prizms Mojo,true,25,Mo Bamba,
auto-rookie-signatures,RS-MBB,Prizms Gold,true,10,Mo Bamba,
auto-rookie-signatures,RS-MBB,Prizms Choice Green,true,8,Mo Bamba,
auto-rookie-signatures,RS-MBB,Prizms Black,true,1,Mo Bamba,
auto-rookie-signatures,RS-MBB,Prizms White Sparkle,true,1,Mo Bamba,
insert-sensational-swatches,91,Prime,false,10,Mo Bamba,
insert-that-s-savage,9,Silver,false,,Aaron Gordon,
insert-that-s-savage,9,Fast Break,false,,Aaron Gordon,
insert-that-s-savage,9,Hyper,false,,Aaron Gordon,
insert-that-s-savage,9,Mojo,false,25,Aaron Gordon,
insert-that-s-savage,9,Gold,false,10,Aaron Gordon,
insert-that-s-savage,9,Black,false,1,Aaron Gordon,
base,149,Prizms Blue,false,,Terrence Ross,
base,149,Prizms Blue Ice,false,,Terrence Ross,
base,149,Prizms Choice Blue Yellow and Green,false,,Terrence Ross,
base,149,Prizms Choice Green,false,,Terrence Ross,
base,149,Prizms Choice Nebula,false,,Terrence Ross,
base,149,Prizms Choice Red,false,,Terrence Ross,
base,149,Prizms Choice Tiger Stripe,false,,Terrence Ross,
base,149,Prizms Fast Break,false,,Terrence Ross,
base,149,Prizms Fast Break Blue,false,,Terrence Ross,
base,149,Prizms Fast Break Bronze,false,,Terrence Ross,
base,149,Prizms Fast Break Neon Green,false,,Terrence Ross,
base,149,Prizms Fast Break Pink,false,,Terrence Ross,
base,149,Prizms Fast Break Purple,false,,Terrence Ross,
base,149,Prizms Fast Break Red,false,,Terrence Ross,
base,149,Prizms Gold,false,,Terrence Ross,
base,149,Prizms Green,false,,Terrence Ross,
base,149,Prizms Green Pulsar,false,,Terrence Ross,
base,149,Prizms Hyper,false,,Terrence Ross,
base,149,Prizms Mojo,false,,Terrence Ross,
base,149,Prizms Orange,false,,Terrence Ross,
base,149,Prizms Pink Ice,false,,Terrence Ross,
base,149,Prizms Pink Pulsar,false,,Terrence Ross,
base,149,Prizms Purple,false,,Terrence Ross,
base,149,Prizms Purple Ice,false,,Terrence Ross,
base,149,Prizms Purple Pulsar,false,,Terrence Ross,
base,149,Prizms Purple Wave,false,,Terrence Ross,
base,149,Prizms Red,false,,Terrence Ross,
base,149,Prizms Red Ice,false,,Terrence Ross,
base,149,Prizms Red White and Blue,false,,Terrence Ross,
base,149,Prizms Ruby Wave,false,,Terrence Ross,
base,149,Prizms Silver,false,,Terrence Ross,
base,149,Prizms White Sparkle,false,,Terrence Ross,
base,149,Prizms 1st Off the Line Blue Shimmer,false,,Terrence Ross,
base,149,Prizms 1st Off the Line Light Blue Shimmer,false,,Terrence Ross,
base,149,Prizms 1st Off the Line Red Shimmer,false,,Terrence Ross,
base,149,Prizms Black,false,,Terrence Ross,
base,149,Prizms Black Gold,false,,Terrence Ross,
insert-dominance,4,Green,false,,Shaquille O'Neal,
insert-dominance,4,Silver,false,,Shaquille O'Neal,
base,109,Prizms Blue,false,,Melvin Frazier Jr.,
base,109,Prizms Blue Ice,false,,Melvin Frazier Jr.,
base,109,Prizms Choice Blue Yellow and Green,false,,Melvin Frazier Jr.,
base,109,Prizms Choice Green,false,,Melvin Frazier Jr.,
base,109,Prizms Choice Nebula,false,,Melvin Frazier Jr.,
base,109,Prizms Choice Red,false,,Melvin Frazier Jr.,
base,109,Prizms Choice Tiger Stripe,false,,Melvin Frazier Jr.,
base,109,Prizms Fast Break,false,,Melvin Frazier Jr.,
base,109,Prizms Fast Break Blue,false,,Melvin Frazier Jr.,
base,109,Prizms Fast Break Bronze,false,,Melvin Frazier Jr.,
base,109,Prizms Fast Break Neon Green,false,,Melvin Frazier Jr.,
base,109,Prizms Fast Break Pink,false,,Melvin Frazier Jr.,
base,109,Prizms Fast Break Purple,false,,Melvin Frazier Jr.,
base,109,Prizms Fast Break Red,false,,Melvin Frazier Jr.,
base,109,Prizms Gold,false,,Melvin Frazier Jr.,
base,109,Prizms Green,false,,Melvin Frazier Jr.,
base,109,Prizms Green Pulsar,false,,Melvin Frazier Jr.,
base,109,Prizms Hyper,false,,Melvin Frazier Jr.,
base,109,Prizms Mojo,false,,Melvin Frazier Jr.,
base,109,Prizms Orange,false,,Melvin Frazier Jr.,
base,109,Prizms Pink Ice,false,,Melvin Frazier Jr.,
base,109,Prizms Pink Pulsar,false,,Melvin Frazier Jr.,
base,109,Prizms Purple,false,,Melvin Frazier Jr.,
base,109,Prizms Purple Ice,false,,Melvin Frazier Jr.,
base,109,Prizms Purple Pulsar,false,,Melvin Frazier Jr.,
base,109,Prizms Purple Wave,false,,Melvin Frazier Jr.,
base,109,Prizms Red,false,,Melvin Frazier Jr.,
base,109,Prizms Red Ice,false,,Melvin Frazier Jr.,
base,109,Prizms Red White and Blue,false,,Melvin Frazier Jr.,
base,109,Prizms Ruby Wave,false,,Melvin Frazier Jr.,
base,109,Prizms Silver,false,,Melvin Frazier Jr.,
base,109,Prizms White Sparkle,false,,Melvin Frazier Jr.,
base,109,Prizms 1st Off the Line Blue Shimmer,false,,Melvin Frazier Jr.,
base,109,Prizms 1st Off the Line Light Blue Shimmer,false,,Melvin Frazier Jr.,
base,109,Prizms 1st Off the Line Red Shimmer,false,,Melvin Frazier Jr.,
base,109,Prizms Black,false,,Melvin Frazier Jr.,
base,109,Prizms Black Gold,false,,Melvin Frazier Jr.,
insert-emergent,6,Silver,false,,Mo Bamba,
insert-emergent,6,Green,false,,Mo Bamba,
base,139,Prizms Blue,false,,Evan Fournier,
base,139,Prizms Blue Ice,false,,Evan Fournier,
base,139,Prizms Choice Blue Yellow and Green,false,,Evan Fournier,
base,139,Prizms Choice Green,false,,Evan Fournier,
base,139,Prizms Choice Nebula,false,,Evan Fournier,
base,139,Prizms Choice Red,false,,Evan Fournier,
base,139,Prizms Choice Tiger Stripe,false,,Evan Fournier,
base,139,Prizms Fast Break,false,,Evan Fournier,
base,139,Prizms Fast Break Blue,false,,Evan Fournier,
base,139,Prizms Fast Break Bronze,false,,Evan Fournier,
base,139,Prizms Fast Break Neon Green,false,,Evan Fournier,
base,139,Prizms Fast Break Pink,false,,Evan Fournier,
base,139,Prizms Fast Break Purple,false,,Evan Fournier,
base,139,Prizms Fast Break Red,false,,Evan Fournier,
base,139,Prizms Gold,false,,Evan Fournier,
base,139,Prizms Green,false,,Evan Fournier,
base,139,Prizms Green Pulsar,false,,Evan Fournier,
base,139,Prizms Hyper,false,,Evan Fournier,
base,139,Prizms Mojo,false,,Evan Fournier,
base,139,Prizms Orange,false,,Evan Fournier,
base,139,Prizms Pink Ice,false,,Evan Fournier,
base,139,Prizms Pink Pulsar,false,,Evan Fournier,
base,139,Prizms Purple,false,,Evan Fournier,
base,139,Prizms Purple Ice,false,,Evan Fournier,
base,139,Prizms Purple Pulsar,false,,Evan Fournier,
base,139,Prizms Purple Wave,false,,Evan Fournier,
base,139,Prizms Red,false,,Evan Fournier,
base,139,Prizms Red Ice,false,,Evan Fournier,
base,139,Prizms Red White and Blue,false,,Evan Fournier,
base,139,Prizms Ruby Wave,false,,Evan Fournier,
base,139,Prizms Silver,false,,Evan Fournier,
base,139,Prizms White Sparkle,false,,Evan Fournier,
base,139,Prizms 1st Off the Line Blue Shimmer,false,,Evan Fournier,
base,139,Prizms 1st Off the Line Light Blue Shimmer,false,,Evan Fournier,
base,139,Prizms 1st Off the Line Red Shimmer,false,,Evan Fournier,
base,139,Prizms Black,false,,Evan Fournier,
base,139,Prizms Black Gold,false,,Evan Fournier,
auto-rookie-signatures,RS-MLF,Prizms Silver,true,,Melvin Frazier Jr.,
auto-rookie-signatures,RS-MLF,Prizms Choice,true,,Melvin Frazier Jr.,
auto-rookie-signatures,RS-MLF,Prizms Mojo,true,25,Melvin Frazier Jr.,
auto-rookie-signatures,RS-MLF,Prizms Gold,true,10,Melvin Frazier Jr.,
auto-rookie-signatures,RS-MLF,Prizms Choice Green,true,8,Melvin Frazier Jr.,
auto-rookie-signatures,RS-MLF,Prizms Black,true,1,Melvin Frazier Jr.,
auto-rookie-signatures,RS-MLF,Prizms White Sparkle,true,1,Melvin Frazier Jr.,
auto-fastbreak-autographs-rookies,FR-MBB,Gold,true,10,Mo Bamba,
auto-fastbreak-autographs-rookies,FR-MBB,Black,true,1,Mo Bamba,
auto-sensational-signatures,SS-MBB,Prizms Choice,true,,Mo Bamba,
auto-sensational-signatures,SS-MBB,Prizms Mojo,true,25,Mo Bamba,
auto-sensational-signatures,SS-MBB,Prizms Gold,true,10,Mo Bamba,
auto-sensational-signatures,SS-MBB,Prizms Choice Green,true,8,Mo Bamba,
auto-sensational-signatures,SS-MBB,Prizms Black,true,1,Mo Bamba,
base,129,Prizms Blue,false,,D.J. Augustin,
base,129,Prizms Blue Ice,false,,D.J. Augustin,
base,129,Prizms Choice Blue Yellow and Green,false,,D.J. Augustin,
base,129,Prizms Choice Green,false,,D.J. Augustin,
base,129,Prizms Choice Nebula,false,,D.J. Augustin,
base,129,Prizms Choice Red,false,,D.J. Augustin,
base,129,Prizms Choice Tiger Stripe,false,,D.J. Augustin,
base,129,Prizms Fast Break,false,,D.J. Augustin,
base,129,Prizms Fast Break Blue,false,,D.J. Augustin,
base,129,Prizms Fast Break Bronze,false,,D.J. Augustin,
base,129,Prizms Fast Break Neon Green,false,,D.J. Augustin,
base,129,Prizms Fast Break Pink,false,,D.J. Augustin,
base,129,Prizms Fast Break Purple,false,,D.J. Augustin,
base,129,Prizms Fast Break Red,false,,D.J. Augustin,
base,129,Prizms Gold,false,,D.J. Augustin,
base,129,Prizms Green,false,,D.J. Augustin,
base,129,Prizms Green Pulsar,false,,D.J. Augustin,
base,129,Prizms Hyper,false,,D.J. Augustin,
base,129,Prizms Mojo,false,,D.J. Augustin,
base,129,Prizms Orange,false,,D.J. Augustin,
base,129,Prizms Pink Ice,false,,D.J. Augustin,
base,129,Prizms Pink Pulsar,false,,D.J. Augustin,
base,129,Prizms Purple,false,,D.J. Augustin,
base,129,Prizms Purple Ice,false,,D.J. Augustin,
base,129,Prizms Purple Pulsar,false,,D.J. Augustin,
base,129,Prizms Purple Wave,false,,D.J. Augustin,
base,129,Prizms Red,false,,D.J. Augustin,
base,129,Prizms Red Ice,false,,D.J. Augustin,
base,129,Prizms Red White and Blue,false,,D.J. Augustin,
base,129,Prizms Ruby Wave,false,,D.J. Augustin,
base,129,Prizms Silver,false,,D.J. Augustin,
base,129,Prizms White Sparkle,false,,D.J. Augustin,
base,129,Prizms 1st Off the Line Blue Shimmer,false,,D.J. Augustin,
base,129,Prizms 1st Off the Line Light Blue Shimmer,false,,D.J. Augustin,
base,129,Prizms 1st Off the Line Red Shimmer,false,,D.J. Augustin,
base,129,Prizms Black,false,,D.J. Augustin,
base,129,Prizms Black Gold,false,,D.J. Augustin,
insert-emergent,16,Silver,false,,Zhaire Smith,
insert-emergent,16,Green,false,,Zhaire Smith,
auto-fastbreak-autographs,FB-AMK,Gold,true,10,Aaron McKie,
auto-fastbreak-autographs,FB-AMK,Black,true,1,Aaron McKie,
base,269,Prizms Blue,false,,Robert Covington,
base,269,Prizms Blue Ice,false,,Robert Covington,
base,269,Prizms Choice Blue Yellow and Green,false,,Robert Covington,
base,269,Prizms Choice Green,false,,Robert Covington,
base,269,Prizms Choice Nebula,false,,Robert Covington,
base,269,Prizms Choice Red,false,,Robert Covington,
base,269,Prizms Choice Tiger Stripe,false,,Robert Covington,
base,269,Prizms Fast Break,false,,Robert Covington,
base,269,Prizms Fast Break Blue,false,,Robert Covington,
base,269,Prizms Fast Break Bronze,false,,Robert Covington,
base,269,Prizms Fast Break Neon Green,false,,Robert Covington,
base,269,Prizms Fast Break Pink,false,,Robert Covington,
base,269,Prizms Fast Break Purple,false,,Robert Covington,
base,269,Prizms Fast Break Red,false,,Robert Covington,
base,269,Prizms Gold,false,,Robert Covington,
base,269,Prizms Green,false,,Robert Covington,
base,269,Prizms Green Pulsar,false,,Robert Covington,
base,269,Prizms Hyper,false,,Robert Covington,
base,269,Prizms Mojo,false,,Robert Covington,
base,269,Prizms Orange,false,,Robert Covington,
base,269,Prizms Pink Ice,false,,Robert Covington,
base,269,Prizms Pink Pulsar,false,,Robert Covington,
base,269,Prizms Purple,false,,Robert Covington,
base,269,Prizms Purple Ice,false,,Robert Covington,
base,269,Prizms Purple Pulsar,false,,Robert Covington,
base,269,Prizms Purple Wave,false,,Robert Covington,
base,269,Prizms Red,false,,Robert Covington,
base,269,Prizms Red Ice,false,,Robert Covington,
base,269,Prizms Red White and Blue,false,,Robert Covington,
base,269,Prizms Ruby Wave,false,,Robert Covington,
base,269,Prizms Silver,false,,Robert Covington,
base,269,Prizms White Sparkle,false,,Robert Covington,
base,269,Prizms 1st Off the Line Blue Shimmer,false,,Robert Covington,
base,269,Prizms 1st Off the Line Light Blue Shimmer,false,,Robert Covington,
base,269,Prizms 1st Off the Line Red Shimmer,false,,Robert Covington,
base,269,Prizms Black,false,,Robert Covington,
base,269,Prizms Black Gold,false,,Robert Covington,
insert-freshman-phenoms,10,Green,false,,Zhaire Smith,
insert-freshman-phenoms,10,Silver,false,,Zhaire Smith,
base,45,Prizms Blue,false,,Allen Iverson,
base,45,Prizms Blue Ice,false,,Allen Iverson,
base,45,Prizms Choice Blue Yellow and Green,false,,Allen Iverson,
base,45,Prizms Choice Green,false,,Allen Iverson,
base,45,Prizms Choice Nebula,false,,Allen Iverson,
base,45,Prizms Choice Red,false,,Allen Iverson,
base,45,Prizms Choice Tiger Stripe,false,,Allen Iverson,
base,45,Prizms Fast Break,false,,Allen Iverson,
base,45,Prizms Fast Break Blue,false,,Allen Iverson,
base,45,Prizms Fast Break Bronze,false,,Allen Iverson,
base,45,Prizms Fast Break Neon Green,false,,Allen Iverson,
base,45,Prizms Fast Break Pink,false,,Allen Iverson,
base,45,Prizms Fast Break Purple,false,,Allen Iverson,
base,45,Prizms Fast Break Red,false,,Allen Iverson,
base,45,Prizms Gold,false,,Allen Iverson,
base,45,Prizms Green,false,,Allen Iverson,
base,45,Prizms Green Pulsar,false,,Allen Iverson,
base,45,Prizms Hyper,false,,Allen Iverson,
base,45,Prizms Mojo,false,,Allen Iverson,
base,45,Prizms Orange,false,,Allen Iverson,
base,45,Prizms Pink Ice,false,,Allen Iverson,
base,45,Prizms Pink Pulsar,false,,Allen Iverson,
base,45,Prizms Purple,false,,Allen Iverson,
base,45,Prizms Purple Ice,false,,Allen Iverson,
base,45,Prizms Purple Pulsar,false,,Allen Iverson,
base,45,Prizms Purple Wave,false,,Allen Iverson,
base,45,Prizms Red,false,,Allen Iverson,
base,45,Prizms Red Ice,false,,Allen Iverson,
base,45,Prizms Red White and Blue,false,,Allen Iverson,
base,45,Prizms Ruby Wave,false,,Allen Iverson,
base,45,Prizms Silver,false,,Allen Iverson,
base,45,Prizms White Sparkle,false,,Allen Iverson,
base,45,Prizms 1st Off the Line Blue Shimmer,false,,Allen Iverson,
base,45,Prizms 1st Off the Line Light Blue Shimmer,false,,Allen Iverson,
base,45,Prizms 1st Off the Line Red Shimmer,false,,Allen Iverson,
base,45,Prizms Black,false,,Allen Iverson,
base,45,Prizms Black Gold,false,,Allen Iverson,
auto-signatures,S-JEV,Prizms Choice,true,,Julius Erving,
auto-signatures,S-JEV,Prizms Silver,true,,Julius Erving,
auto-signatures,S-JEV,Prizms Mojo,true,25,Julius Erving,
auto-signatures,S-JEV,Prizms Gold,true,10,Julius Erving,
auto-signatures,S-JEV,Prizms Choice Green,true,8,Julius Erving,
auto-signatures,S-JEV,Prizms Black,true,1,Julius Erving,
insert-sensational-swatches,85,Prime,false,10,Landry Shamet,
base,219,Prizms Blue,false,,Ben Simmons,
base,219,Prizms Blue Ice,false,,Ben Simmons,
base,219,Prizms Choice Blue Yellow and Green,false,,Ben Simmons,
base,219,Prizms Choice Green,false,,Ben Simmons,
base,219,Prizms Choice Nebula,false,,Ben Simmons,
base,219,Prizms Choice Red,false,,Ben Simmons,
base,219,Prizms Choice Tiger Stripe,false,,Ben Simmons,
base,219,Prizms Fast Break,false,,Ben Simmons,
base,219,Prizms Fast Break Blue,false,,Ben Simmons,
base,219,Prizms Fast Break Bronze,false,,Ben Simmons,
base,219,Prizms Fast Break Neon Green,false,,Ben Simmons,
base,219,Prizms Fast Break Pink,false,,Ben Simmons,
base,219,Prizms Fast Break Purple,false,,Ben Simmons,
base,219,Prizms Fast Break Red,false,,Ben Simmons,
base,219,Prizms Gold,false,,Ben Simmons,
base,219,Prizms Green,false,,Ben Simmons,
base,219,Prizms Green Pulsar,false,,Ben Simmons,
base,219,Prizms Hyper,false,,Ben Simmons,
base,219,Prizms Mojo,false,,Ben Simmons,
base,219,Prizms Orange,false,,Ben Simmons,
base,219,Prizms Pink Ice,false,,Ben Simmons,
base,219,Prizms Pink Pulsar,false,,Ben Simmons,
base,219,Prizms Purple,false,,Ben Simmons,
base,219,Prizms Purple Ice,false,,Ben Simmons,
base,219,Prizms Purple Pulsar,false,,Ben Simmons,
base,219,Prizms Purple Wave,false,,Ben Simmons,
base,219,Prizms Red,false,,Ben Simmons,
base,219,Prizms Red Ice,false,,Ben Simmons,
base,219,Prizms Red White and Blue,false,,Ben Simmons,
base,219,Prizms Ruby Wave,false,,Ben Simmons,
base,219,Prizms Silver,false,,Ben Simmons,
base,219,Prizms White Sparkle,false,,Ben Simmons,
base,219,Prizms 1st Off the Line Blue Shimmer,false,,Ben Simmons,
base,219,Prizms 1st Off the Line Light Blue Shimmer,false,,Ben Simmons,
base,219,Prizms 1st Off the Line Red Shimmer,false,,Ben Simmons,
base,219,Prizms Black,false,,Ben Simmons,
base,219,Prizms Black Gold,false,,Ben Simmons,
base,229,Prizms Blue,false,,Markelle Fultz,
base,229,Prizms Blue Ice,false,,Markelle Fultz,
base,229,Prizms Choice Blue Yellow and Green,false,,Markelle Fultz,
base,229,Prizms Choice Green,false,,Markelle Fultz,
base,229,Prizms Choice Nebula,false,,Markelle Fultz,
base,229,Prizms Choice Red,false,,Markelle Fultz,
base,229,Prizms Choice Tiger Stripe,false,,Markelle Fultz,
base,229,Prizms Fast Break,false,,Markelle Fultz,
base,229,Prizms Fast Break Blue,false,,Markelle Fultz,
base,229,Prizms Fast Break Bronze,false,,Markelle Fultz,
base,229,Prizms Fast Break Neon Green,false,,Markelle Fultz,
base,229,Prizms Fast Break Pink,false,,Markelle Fultz,
base,229,Prizms Fast Break Purple,false,,Markelle Fultz,
base,229,Prizms Fast Break Red,false,,Markelle Fultz,
base,229,Prizms Gold,false,,Markelle Fultz,
base,229,Prizms Green,false,,Markelle Fultz,
base,229,Prizms Green Pulsar,false,,Markelle Fultz,
base,229,Prizms Hyper,false,,Markelle Fultz,
base,229,Prizms Mojo,false,,Markelle Fultz,
base,229,Prizms Orange,false,,Markelle Fultz,
base,229,Prizms Pink Ice,false,,Markelle Fultz,
base,229,Prizms Pink Pulsar,false,,Markelle Fultz,
base,229,Prizms Purple,false,,Markelle Fultz,
base,229,Prizms Purple Ice,false,,Markelle Fultz,
base,229,Prizms Purple Pulsar,false,,Markelle Fultz,
base,229,Prizms Purple Wave,false,,Markelle Fultz,
base,229,Prizms Red,false,,Markelle Fultz,
base,229,Prizms Red Ice,false,,Markelle Fultz,
base,229,Prizms Red White and Blue,false,,Markelle Fultz,
base,229,Prizms Ruby Wave,false,,Markelle Fultz,
base,229,Prizms Silver,false,,Markelle Fultz,
base,229,Prizms White Sparkle,false,,Markelle Fultz,
base,229,Prizms 1st Off the Line Blue Shimmer,false,,Markelle Fultz,
base,229,Prizms 1st Off the Line Light Blue Shimmer,false,,Markelle Fultz,
base,229,Prizms 1st Off the Line Red Shimmer,false,,Markelle Fultz,
base,229,Prizms Black,false,,Markelle Fultz,
base,229,Prizms Black Gold,false,,Markelle Fultz,
insert-hall-monitors,3,Green,false,,Charles Barkley,
insert-hall-monitors,3,Silver,false,,Charles Barkley,
auto-sensational-signatures,SS-JEV,Prizms Choice,true,,Julius Erving,
auto-sensational-signatures,SS-JEV,Prizms Mojo,true,25,Julius Erving,
auto-sensational-signatures,SS-JEV,Prizms Gold,true,10,Julius Erving,
auto-sensational-signatures,SS-JEV,Prizms Choice Green,true,8,Julius Erving,
auto-sensational-signatures,SS-JEV,Prizms Black,true,1,Julius Erving,
insert-fireworks,22,Silver,false,,Ben Simmons,
insert-fireworks,22,Fast Break,false,,Ben Simmons,
insert-fireworks,22,Hyper,false,,Ben Simmons,
insert-fireworks,22,Mojo,false,25,Ben Simmons,
insert-fireworks,22,Fast Gold,false,10,Ben Simmons,
insert-fireworks,22,Black,false,1,Ben Simmons,
base,259,Prizms Blue,false,,Joel Embiid,
base,259,Prizms Blue Ice,false,,Joel Embiid,
base,259,Prizms Choice Blue Yellow and Green,false,,Joel Embiid,
base,259,Prizms Choice Green,false,,Joel Embiid,
base,259,Prizms Choice Nebula,false,,Joel Embiid,
base,259,Prizms Choice Red,false,,Joel Embiid,
base,259,Prizms Choice Tiger Stripe,false,,Joel Embiid,
base,259,Prizms Fast Break,false,,Joel Embiid,
base,259,Prizms Fast Break Blue,false,,Joel Embiid,
base,259,Prizms Fast Break Bronze,false,,Joel Embiid,
base,259,Prizms Fast Break Neon Green,false,,Joel Embiid,
base,259,Prizms Fast Break Pink,false,,Joel Embiid,
base,259,Prizms Fast Break Purple,false,,Joel Embiid,
base,259,Prizms Fast Break Red,false,,Joel Embiid,
base,259,Prizms Gold,false,,Joel Embiid,
base,259,Prizms Green,false,,Joel Embiid,
base,259,Prizms Green Pulsar,false,,Joel Embiid,
base,259,Prizms Hyper,false,,Joel Embiid,
base,259,Prizms Mojo,false,,Joel Embiid,
base,259,Prizms Orange,false,,Joel Embiid,
base,259,Prizms Pink Ice,false,,Joel Embiid,
base,259,Prizms Pink Pulsar,false,,Joel Embiid,
base,259,Prizms Purple,false,,Joel Embiid,
base,259,Prizms Purple Ice,false,,Joel Embiid,
base,259,Prizms Purple Pulsar,false,,Joel Embiid,
base,259,Prizms Purple Wave,false,,Joel Embiid,
base,259,Prizms Red,false,,Joel Embiid,
base,259,Prizms Red Ice,false,,Joel Embiid,
base,259,Prizms Red White and Blue,false,,Joel Embiid,
base,259,Prizms Ruby Wave,false,,Joel Embiid,
base,259,Prizms Silver,false,,Joel Embiid,
base,259,Prizms White Sparkle,false,,Joel Embiid,
base,259,Prizms 1st Off the Line Blue Shimmer,false,,Joel Embiid,
base,259,Prizms 1st Off the Line Light Blue Shimmer,false,,Joel Embiid,
base,259,Prizms 1st Off the Line Red Shimmer,false,,Joel Embiid,
base,259,Prizms Black,false,,Joel Embiid,
base,259,Prizms Black Gold,false,,Joel Embiid,
base,249,Prizms Blue,false,,Wilson Chandler,
base,249,Prizms Blue Ice,false,,Wilson Chandler,
base,249,Prizms Choice Blue Yellow and Green,false,,Wilson Chandler,
base,249,Prizms Choice Green,false,,Wilson Chandler,
base,249,Prizms Choice Nebula,false,,Wilson Chandler,
base,249,Prizms Choice Red,false,,Wilson Chandler,
base,249,Prizms Choice Tiger Stripe,false,,Wilson Chandler,
base,249,Prizms Fast Break,false,,Wilson Chandler,
base,249,Prizms Fast Break Blue,false,,Wilson Chandler,
base,249,Prizms Fast Break Bronze,false,,Wilson Chandler,
base,249,Prizms Fast Break Neon Green,false,,Wilson Chandler,
base,249,Prizms Fast Break Pink,false,,Wilson Chandler,
base,249,Prizms Fast Break Purple,false,,Wilson Chandler,
base,249,Prizms Fast Break Red,false,,Wilson Chandler,
base,249,Prizms Gold,false,,Wilson Chandler,
base,249,Prizms Green,false,,Wilson Chandler,
base,249,Prizms Green Pulsar,false,,Wilson Chandler,
base,249,Prizms Hyper,false,,Wilson Chandler,
base,249,Prizms Mojo,false,,Wilson Chandler,
base,249,Prizms Orange,false,,Wilson Chandler,
base,249,Prizms Pink Ice,false,,Wilson Chandler,
base,249,Prizms Pink Pulsar,false,,Wilson Chandler,
base,249,Prizms Purple,false,,Wilson Chandler,
base,249,Prizms Purple Ice,false,,Wilson Chandler,
base,249,Prizms Purple Pulsar,false,,Wilson Chandler,
base,249,Prizms Purple Wave,false,,Wilson Chandler,
base,249,Prizms Red,false,,Wilson Chandler,
base,249,Prizms Red Ice,false,,Wilson Chandler,
base,249,Prizms Red White and Blue,false,,Wilson Chandler,
base,249,Prizms Ruby Wave,false,,Wilson Chandler,
base,249,Prizms Silver,false,,Wilson Chandler,
base,249,Prizms White Sparkle,false,,Wilson Chandler,
base,249,Prizms 1st Off the Line Blue Shimmer,false,,Wilson Chandler,
base,249,Prizms 1st Off the Line Light Blue Shimmer,false,,Wilson Chandler,
base,249,Prizms 1st Off the Line Red Shimmer,false,,Wilson Chandler,
base,249,Prizms Black,false,,Wilson Chandler,
base,249,Prizms Black Gold,false,,Wilson Chandler,
insert-dominance,17,Green,false,,Julius Erving,
insert-dominance,17,Silver,false,,Julius Erving,
auto-sensational-signatures,SS-AMK,Prizms Choice,true,,Aaron McKie,
auto-sensational-signatures,SS-AMK,Prizms Mojo,true,25,Aaron McKie,
auto-sensational-signatures,SS-AMK,Prizms Gold,true,10,Aaron McKie,
auto-sensational-signatures,SS-AMK,Prizms Choice Green,true,8,Aaron McKie,
auto-sensational-signatures,SS-AMK,Prizms Black,true,1,Aaron McKie,
insert-dominance,19,Green,false,,Allen Iverson,
insert-dominance,19,Silver,false,,Allen Iverson,
insert-fireworks,4,Silver,false,,Joel Embiid,
insert-fireworks,4,Fast Break,false,,Joel Embiid,
insert-fireworks,4,Hyper,false,,Joel Embiid,
insert-fireworks,4,Mojo,false,25,Joel Embiid,
insert-fireworks,4,Fast Gold,false,10,Joel Embiid,
insert-fireworks,4,Black,false,1,Joel Embiid,
auto-sensational-signatures,SS-AJN,Prizms Choice,true,,Amir Johnson,
auto-sensational-signatures,SS-AJN,Prizms Mojo,true,25,Amir Johnson,
auto-sensational-signatures,SS-AJN,Prizms Gold,true,10,Amir Johnson,
auto-sensational-signatures,SS-AJN,Prizms Choice Green,true,8,Amir Johnson,
auto-sensational-signatures,SS-AJN,Prizms Black,true,1,Amir Johnson,
auto-fastbreak-autographs-rookies,FR-ZSM,Gold,true,10,Zhaire Smith,
auto-fastbreak-autographs-rookies,FR-ZSM,Black,true,1,Zhaire Smith,
insert-hall-monitors,8,Green,false,,Allen Iverson,
insert-hall-monitors,8,Silver,false,,Allen Iverson,
insert-dominance,26,Green,false,,Wilt Chamberlain,
insert-dominance,26,Silver,false,,Wilt Chamberlain,
base,95,Prizms Blue,false,,Julius Erving,
base,95,Prizms Blue Ice,false,,Julius Erving,
base,95,Prizms Choice Blue Yellow and Green,false,,Julius Erving,
base,95,Prizms Choice Green,false,,Julius Erving,
base,95,Prizms Choice Nebula,false,,Julius Erving,
base,95,Prizms Choice Red,false,,Julius Erving,
base,95,Prizms Choice Tiger Stripe,false,,Julius Erving,
base,95,Prizms Fast Break,false,,Julius Erving,
base,95,Prizms Fast Break Blue,false,,Julius Erving,
base,95,Prizms Fast Break Bronze,false,,Julius Erving,
base,95,Prizms Fast Break Neon Green,false,,Julius Erving,
base,95,Prizms Fast Break Pink,false,,Julius Erving,
base,95,Prizms Fast Break Purple,false,,Julius Erving,
base,95,Prizms Fast Break Red,false,,Julius Erving,
base,95,Prizms Gold,false,,Julius Erving,
base,95,Prizms Green,false,,Julius Erving,
base,95,Prizms Green Pulsar,false,,Julius Erving,
base,95,Prizms Hyper,false,,Julius Erving,
base,95,Prizms Mojo,false,,Julius Erving,
base,95,Prizms Orange,false,,Julius Erving,
base,95,Prizms Pink Ice,false,,Julius Erving,
base,95,Prizms Pink Pulsar,false,,Julius Erving,
base,95,Prizms Purple,false,,Julius Erving,
base,95,Prizms Purple Ice,false,,Julius Erving,
base,95,Prizms Purple Pulsar,false,,Julius Erving,
base,95,Prizms Purple Wave,false,,Julius Erving,
base,95,Prizms Red,false,,Julius Erving,
base,95,Prizms Red Ice,false,,Julius Erving,
base,95,Prizms Red White and Blue,false,,Julius Erving,
base,95,Prizms Ruby Wave,false,,Julius Erving,
base,95,Prizms Silver,false,,Julius Erving,
base,95,Prizms White Sparkle,false,,Julius Erving,
base,95,Prizms 1st Off the Line Blue Shimmer,false,,Julius Erving,
base,95,Prizms 1st Off the Line Light Blue Shimmer,false,,Julius Erving,
base,95,Prizms 1st Off the Line Red Shimmer,false,,Julius Erving,
base,95,Prizms Black,false,,Julius Erving,
base,95,Prizms Black Gold,false,,Julius Erving,
auto-fastbreak-autographs,FB-JEM,Gold,true,10,Joel Embiid,
auto-fastbreak-autographs,FB-JEM,Black,true,1,Joel Embiid,
auto-fastbreak-autographs-rookies,FR-LSH,Gold,true,10,Landry Shamet,
auto-fastbreak-autographs-rookies,FR-LSH,Black,true,1,Landry Shamet,
auto-signatures,S-WBF,Prizms Choice,true,,World B. Free,
auto-signatures,S-WBF,Prizms Silver,true,,World B. Free,
auto-signatures,S-WBF,Prizms Mojo,true,25,World B. Free,
auto-signatures,S-WBF,Prizms Gold,true,10,World B. Free,
auto-signatures,S-WBF,Prizms Choice Green,true,8,World B. Free,
auto-signatures,S-WBF,Prizms Black,true,1,World B. Free,
auto-sensational-signatures,SS-ZSM,Prizms Choice,true,,Zhaire Smith,
auto-sensational-signatures,SS-ZSM,Prizms Mojo,true,25,Zhaire Smith,
auto-sensational-signatures,SS-ZSM,Prizms Gold,true,10,Zhaire Smith,
auto-sensational-signatures,SS-ZSM,Prizms Choice Green,true,8,Zhaire Smith,
auto-sensational-signatures,SS-ZSM,Prizms Black,true,1,Zhaire Smith,
auto-rookie-signatures,RS-ZSM,Prizms Silver,true,,Zhaire Smith,
auto-rookie-signatures,RS-ZSM,Prizms Choice,true,,Zhaire Smith,
auto-rookie-signatures,RS-ZSM,Prizms Mojo,true,25,Zhaire Smith,
auto-rookie-signatures,RS-ZSM,Prizms Gold,true,10,Zhaire Smith,
auto-rookie-signatures,RS-ZSM,Prizms Choice Green,true,8,Zhaire Smith,
auto-rookie-signatures,RS-ZSM,Prizms Black,true,1,Zhaire Smith,
auto-rookie-signatures,RS-ZSM,Prizms White Sparkle,true,1,Zhaire Smith,
insert-go-hard-or-go-home,6,Silver,false,,Joel Embiid,
insert-go-hard-or-go-home,6,Fast Break,false,,Joel Embiid,
insert-go-hard-or-go-home,6,Hyper,false,,Joel Embiid,
insert-go-hard-or-go-home,6,Mojo,false,25,Joel Embiid,
insert-go-hard-or-go-home,6,Gold,false,10,Joel Embiid,
insert-go-hard-or-go-home,6,Black,false,1,Joel Embiid,
auto-rookie-signatures,RS-LSH,Prizms Silver,true,,Landry Shamet,
auto-rookie-signatures,RS-LSH,Prizms Choice,true,,Landry Shamet,
auto-rookie-signatures,RS-LSH,Prizms Mojo,true,25,Landry Shamet,
auto-rookie-signatures,RS-LSH,Prizms Gold,true,10,Landry Shamet,
auto-rookie-signatures,RS-LSH,Prizms Choice Green,true,8,Landry Shamet,
auto-rookie-signatures,RS-LSH,Prizms Black,true,1,Landry Shamet,
auto-rookie-signatures,RS-LSH,Prizms White Sparkle,true,1,Landry Shamet,
insert-get-hyped,9,Green,false,,Ben Simmons,
insert-get-hyped,9,Silver,false,,Ben Simmons,
insert-get-hyped,5,Green,false,,Joel Embiid,
insert-get-hyped,5,Silver,false,,Joel Embiid,
auto-signatures,S-HHK,Prizms Choice,true,,Hersey Hawkins,
auto-signatures,S-HHK,Prizms Silver,true,,Hersey Hawkins,
auto-signatures,S-HHK,Prizms Mojo,true,25,Hersey Hawkins,
auto-signatures,S-HHK,Prizms Gold,true,10,Hersey Hawkins,
auto-signatures,S-HHK,Prizms Choice Green,true,8,Hersey Hawkins,
auto-signatures,S-HHK,Prizms Black,true,1,Hersey Hawkins,
auto-signatures,S-ESN,Prizms Choice,true,,Eric Snow,
auto-signatures,S-ESN,Prizms Silver,true,,Eric Snow,
auto-signatures,S-ESN,Prizms Mojo,true,25,Eric Snow,
auto-signatures,S-ESN,Prizms Gold,true,10,Eric Snow,
auto-signatures,S-ESN,Prizms Choice Green,true,8,Eric Snow,
auto-signatures,S-ESN,Prizms Black,true,1,Eric Snow,
auto-signatures,S-JEM,Prizms Choice,true,,Joel Embiid,
auto-signatures,S-JEM,Prizms Silver,true,,Joel Embiid,
auto-signatures,S-JEM,Prizms Mojo,true,25,Joel Embiid,
auto-signatures,S-JEM,Prizms Gold,true,10,Joel Embiid,
auto-signatures,S-JEM,Prizms Choice Green,true,8,Joel Embiid,
auto-signatures,S-JEM,Prizms Black,true,1,Joel Embiid,
auto-signatures,S-CBK,Prizms Choice,true,,Charles Barkley,
auto-signatures,S-CBK,Prizms Silver,true,,Charles Barkley,
auto-signatures,S-CBK,Prizms Mojo,true,25,Charles Barkley,
auto-signatures,S-CBK,Prizms Gold,true,10,Charles Barkley,
auto-signatures,S-CBK,Prizms Choice Green,true,8,Charles Barkley,
auto-signatures,S-CBK,Prizms Black,true,1,Charles Barkley,
insert-sensational-swatches,32,Prime,false,10,Allen Iverson,
auto-fastbreak-autographs,FB-JEV,Gold,true,10,Julius Erving,
auto-fastbreak-autographs,FB-JEV,Black,true,1,Julius Erving,
base,189,Prizms Blue,false,,Zhaire Smith,
base,189,Prizms Blue Ice,false,,Zhaire Smith,
base,189,Prizms Choice Blue Yellow and Green,false,,Zhaire Smith,
base,189,Prizms Choice Green,false,,Zhaire Smith,
base,189,Prizms Choice Nebula,false,,Zhaire Smith,
base,189,Prizms Choice Red,false,,Zhaire Smith,
base,189,Prizms Choice Tiger Stripe,false,,Zhaire Smith,
base,189,Prizms Fast Break,false,,Zhaire Smith,
base,189,Prizms Fast Break Blue,false,,Zhaire Smith,
base,189,Prizms Fast Break Bronze,false,,Zhaire Smith,
base,189,Prizms Fast Break Neon Green,false,,Zhaire Smith,
base,189,Prizms Fast Break Pink,false,,Zhaire Smith,
base,189,Prizms Fast Break Purple,false,,Zhaire Smith,
base,189,Prizms Fast Break Red,false,,Zhaire Smith,
base,189,Prizms Gold,false,,Zhaire Smith,
base,189,Prizms Green,false,,Zhaire Smith,
base,189,Prizms Green Pulsar,false,,Zhaire Smith,
base,189,Prizms Hyper,false,,Zhaire Smith,
base,189,Prizms Mojo,false,,Zhaire Smith,
base,189,Prizms Orange,false,,Zhaire Smith,
base,189,Prizms Pink Ice,false,,Zhaire Smith,
base,189,Prizms Pink Pulsar,false,,Zhaire Smith,
base,189,Prizms Purple,false,,Zhaire Smith,
base,189,Prizms Purple Ice,false,,Zhaire Smith,
base,189,Prizms Purple Pulsar,false,,Zhaire Smith,
base,189,Prizms Purple Wave,false,,Zhaire Smith,
base,189,Prizms Red,false,,Zhaire Smith,
base,189,Prizms Red Ice,false,,Zhaire Smith,
base,189,Prizms Red White and Blue,false,,Zhaire Smith,
base,189,Prizms Ruby Wave,false,,Zhaire Smith,
base,189,Prizms Silver,false,,Zhaire Smith,
base,189,Prizms White Sparkle,false,,Zhaire Smith,
base,189,Prizms 1st Off the Line Blue Shimmer,false,,Zhaire Smith,
base,189,Prizms 1st Off the Line Light Blue Shimmer,false,,Zhaire Smith,
base,189,Prizms 1st Off the Line Red Shimmer,false,,Zhaire Smith,
base,189,Prizms Black,false,,Zhaire Smith,
base,189,Prizms Black Gold,false,,Zhaire Smith,
base,239,Prizms Blue,false,,JJ Redick,
base,239,Prizms Blue Ice,false,,JJ Redick,
base,239,Prizms Choice Blue Yellow and Green,false,,JJ Redick,
base,239,Prizms Choice Green,false,,JJ Redick,
base,239,Prizms Choice Nebula,false,,JJ Redick,
base,239,Prizms Choice Red,false,,JJ Redick,
base,239,Prizms Choice Tiger Stripe,false,,JJ Redick,
base,239,Prizms Fast Break,false,,JJ Redick,
base,239,Prizms Fast Break Blue,false,,JJ Redick,
base,239,Prizms Fast Break Bronze,false,,JJ Redick,
base,239,Prizms Fast Break Neon Green,false,,JJ Redick,
base,239,Prizms Fast Break Pink,false,,JJ Redick,
base,239,Prizms Fast Break Purple,false,,JJ Redick,
base,239,Prizms Fast Break Red,false,,JJ Redick,
base,239,Prizms Gold,false,,JJ Redick,
base,239,Prizms Green,false,,JJ Redick,
base,239,Prizms Green Pulsar,false,,JJ Redick,
base,239,Prizms Hyper,false,,JJ Redick,
base,239,Prizms Mojo,false,,JJ Redick,
base,239,Prizms Orange,false,,JJ Redick,
base,239,Prizms Pink Ice,false,,JJ Redick,
base,239,Prizms Pink Pulsar,false,,JJ Redick,
base,239,Prizms Purple,false,,JJ Redick,
base,239,Prizms Purple Ice,false,,JJ Redick,
base,239,Prizms Purple Pulsar,false,,JJ Redick,
base,239,Prizms Purple Wave,false,,JJ Redick,
base,239,Prizms Red,false,,JJ Redick,
base,239,Prizms Red Ice,false,,JJ Redick,
base,239,Prizms Red White and Blue,false,,JJ Redick,
base,239,Prizms Ruby Wave,false,,JJ Redick,
base,239,Prizms Silver,false,,JJ Redick,
base,239,Prizms White Sparkle,false,,JJ Redick,
base,239,Prizms 1st Off the Line Blue Shimmer,false,,JJ Redick,
base,239,Prizms 1st Off the Line Light Blue Shimmer,false,,JJ Redick,
base,239,Prizms 1st Off the Line Red Shimmer,false,,JJ Redick,
base,239,Prizms Black,false,,JJ Redick,
base,239,Prizms Black Gold,false,,JJ Redick,
insert-all-day,1,Fast Break,false,,Joel Embiid,
insert-all-day,1,Hyper,false,,Joel Embiid,
insert-all-day,1,Silver,false,,Joel Embiid,
insert-all-day,1,Mojo,false,25,Joel Embiid,
insert-all-day,1,Gold,false,10,Joel Embiid,
insert-all-day,1,Black,false,1,Joel Embiid,
insert-all-day,3,Fast Break,false,,Ben Simmons,
insert-all-day,3,Hyper,false,,Ben Simmons,
insert-all-day,3,Silver,false,,Ben Simmons,
insert-all-day,3,Mojo,false,25,Ben Simmons,
insert-all-day,3,Gold,false,10,Ben Simmons,
insert-all-day,3,Black,false,1,Ben Simmons,
base,199,Prizms Blue,false,,Landry Shamet,
base,199,Prizms Blue Ice,false,,Landry Shamet,
base,199,Prizms Choice Blue Yellow and Green,false,,Landry Shamet,
base,199,Prizms Choice Green,false,,Landry Shamet,
base,199,Prizms Choice Nebula,false,,Landry Shamet,
base,199,Prizms Choice Red,false,,Landry Shamet,
base,199,Prizms Choice Tiger Stripe,false,,Landry Shamet,
base,199,Prizms Fast Break,false,,Landry Shamet,
base,199,Prizms Fast Break Blue,false,,Landry Shamet,
base,199,Prizms Fast Break Bronze,false,,Landry Shamet,
base,199,Prizms Fast Break Neon Green,false,,Landry Shamet,
base,199,Prizms Fast Break Pink,false,,Landry Shamet,
base,199,Prizms Fast Break Purple,false,,Landry Shamet,
base,199,Prizms Fast Break Red,false,,Landry Shamet,
base,199,Prizms Gold,false,,Landry Shamet,
base,199,Prizms Green,false,,Landry Shamet,
base,199,Prizms Green Pulsar,false,,Landry Shamet,
base,199,Prizms Hyper,false,,Landry Shamet,
base,199,Prizms Mojo,false,,Landry Shamet,
base,199,Prizms Orange,false,,Landry Shamet,
base,199,Prizms Pink Ice,false,,Landry Shamet,
base,199,Prizms Pink Pulsar,false,,Landry Shamet,
base,199,Prizms Purple,false,,Landry Shamet,
base,199,Prizms Purple Ice,false,,Landry Shamet,
base,199,Prizms Purple Pulsar,false,,Landry Shamet,
base,199,Prizms Purple Wave,false,,Landry Shamet,
base,199,Prizms Red,false,,Landry Shamet,
base,199,Prizms Red Ice,false,,Landry Shamet,
base,199,Prizms Red White and Blue,false,,Landry Shamet,
base,199,Prizms Ruby Wave,false,,Landry Shamet,
base,199,Prizms Silver,false,,Landry Shamet,
base,199,Prizms White Sparkle,false,,Landry Shamet,
base,199,Prizms 1st Off the Line Blue Shimmer,false,,Landry Shamet,
base,199,Prizms 1st Off the Line Light Blue Shimmer,false,,Landry Shamet,
base,199,Prizms 1st Off the Line Red Shimmer,false,,Landry Shamet,
base,199,Prizms Black,false,,Landry Shamet,
base,199,Prizms Black Gold,false,,Landry Shamet,
auto-sensational-signatures,SS-LSH,Prizms Choice,true,,Landry Shamet,
auto-sensational-signatures,SS-LSH,Prizms Mojo,true,25,Landry Shamet,
auto-sensational-signatures,SS-LSH,Prizms Gold,true,10,Landry Shamet,
auto-sensational-signatures,SS-LSH,Prizms Choice Green,true,8,Landry Shamet,
auto-sensational-signatures,SS-LSH,Prizms Black,true,1,Landry Shamet,
insert-go-hard-or-go-home,8,Silver,false,,Ben Simmons,
insert-go-hard-or-go-home,8,Fast Break,false,,Ben Simmons,
insert-go-hard-or-go-home,8,Hyper,false,,Ben Simmons,
insert-go-hard-or-go-home,8,Mojo,false,25,Ben Simmons,
insert-go-hard-or-go-home,8,Gold,false,10,Ben Simmons,
insert-go-hard-or-go-home,8,Black,false,1,Ben Simmons,
auto-sensational-signatures,SS-TJW,Prizms Choice,true,,TJ Warren,
auto-sensational-signatures,SS-TJW,Prizms Mojo,true,25,TJ Warren,
auto-sensational-signatures,SS-TJW,Prizms Gold,true,10,TJ Warren,
auto-sensational-signatures,SS-TJW,Prizms Choice Green,true,8,TJ Warren,
auto-sensational-signatures,SS-TJW,Prizms Black,true,1,TJ Warren,
auto-rookie-signatures,RS-MKB,Prizms Silver,true,,Mikal Bridges,
auto-rookie-signatures,RS-MKB,Prizms Choice,true,,Mikal Bridges,
auto-rookie-signatures,RS-MKB,Prizms Mojo,true,25,Mikal Bridges,
auto-rookie-signatures,RS-MKB,Prizms Gold,true,10,Mikal Bridges,
auto-rookie-signatures,RS-MKB,Prizms Choice Green,true,8,Mikal Bridges,
auto-rookie-signatures,RS-MKB,Prizms Black,true,1,Mikal Bridges,
auto-rookie-signatures,RS-MKB,Prizms White Sparkle,true,1,Mikal Bridges,
auto-sensational-signatures,SS-DAY,Prizms Choice,true,,Deandre Ayton,
auto-sensational-signatures,SS-DAY,Prizms Mojo,true,25,Deandre Ayton,
auto-sensational-signatures,SS-DAY,Prizms Gold,true,10,Deandre Ayton,
auto-sensational-signatures,SS-DAY,Prizms Choice Green,true,8,Deandre Ayton,
auto-sensational-signatures,SS-DAY,Prizms Black,true,1,Deandre Ayton,
insert-freshman-phenoms,25,Green,false,,Deandre Ayton,
insert-freshman-phenoms,25,Silver,false,,Deandre Ayton,
auto-sensational-signatures,SS-EOK,Prizms Choice,true,,Elie Okobo,
auto-sensational-signatures,SS-EOK,Prizms Mojo,true,25,Elie Okobo,
auto-sensational-signatures,SS-EOK,Prizms Gold,true,10,Elie Okobo,
auto-sensational-signatures,SS-EOK,Prizms Choice Green,true,8,Elie Okobo,
auto-sensational-signatures,SS-EOK,Prizms Black,true,1,Elie Okobo,
insert-freshman-phenoms,16,Green,false,,Mikal Bridges,
insert-freshman-phenoms,16,Silver,false,,Mikal Bridges,
auto-fastbreak-autographs-rookies,FR-MKB,Gold,true,10,Mikal Bridges,
auto-fastbreak-autographs-rookies,FR-MKB,Black,true,1,Mikal Bridges,
base,51,Prizms Blue,false,,Dragan Bender,
base,51,Prizms Blue Ice,false,,Dragan Bender,
base,51,Prizms Choice Blue Yellow and Green,false,,Dragan Bender,
base,51,Prizms Choice Green,false,,Dragan Bender,
base,51,Prizms Choice Nebula,false,,Dragan Bender,
base,51,Prizms Choice Red,false,,Dragan Bender,
base,51,Prizms Choice Tiger Stripe,false,,Dragan Bender,
base,51,Prizms Fast Break,false,,Dragan Bender,
base,51,Prizms Fast Break Blue,false,,Dragan Bender,
base,51,Prizms Fast Break Bronze,false,,Dragan Bender,
base,51,Prizms Fast Break Neon Green,false,,Dragan Bender,
base,51,Prizms Fast Break Pink,false,,Dragan Bender,
base,51,Prizms Fast Break Purple,false,,Dragan Bender,
base,51,Prizms Fast Break Red,false,,Dragan Bender,
base,51,Prizms Gold,false,,Dragan Bender,
base,51,Prizms Green,false,,Dragan Bender,
base,51,Prizms Green Pulsar,false,,Dragan Bender,
base,51,Prizms Hyper,false,,Dragan Bender,
base,51,Prizms Mojo,false,,Dragan Bender,
base,51,Prizms Orange,false,,Dragan Bender,
base,51,Prizms Pink Ice,false,,Dragan Bender,
base,51,Prizms Pink Pulsar,false,,Dragan Bender,
base,51,Prizms Purple,false,,Dragan Bender,
base,51,Prizms Purple Ice,false,,Dragan Bender,
base,51,Prizms Purple Pulsar,false,,Dragan Bender,
base,51,Prizms Purple Wave,false,,Dragan Bender,
base,51,Prizms Red,false,,Dragan Bender,
base,51,Prizms Red Ice,false,,Dragan Bender,
base,51,Prizms Red White and Blue,false,,Dragan Bender,
base,51,Prizms Ruby Wave,false,,Dragan Bender,
base,51,Prizms Silver,false,,Dragan Bender,
base,51,Prizms White Sparkle,false,,Dragan Bender,
base,51,Prizms 1st Off the Line Blue Shimmer,false,,Dragan Bender,
base,51,Prizms 1st Off the Line Light Blue Shimmer,false,,Dragan Bender,
base,51,Prizms 1st Off the Line Red Shimmer,false,,Dragan Bender,
base,51,Prizms Black,false,,Dragan Bender,
base,51,Prizms Black Gold,false,,Dragan Bender,
auto-sensational-signatures,SS-MKB,Prizms Choice,true,,Mikal Bridges,
auto-sensational-signatures,SS-MKB,Prizms Mojo,true,25,Mikal Bridges,
auto-sensational-signatures,SS-MKB,Prizms Gold,true,10,Mikal Bridges,
auto-sensational-signatures,SS-MKB,Prizms Choice Green,true,8,Mikal Bridges,
auto-sensational-signatures,SS-MKB,Prizms Black,true,1,Mikal Bridges,
auto-fastbreak-autographs-rookies,FR-EOK,Gold,true,10,Elie Okobo,
auto-fastbreak-autographs-rookies,FR-EOK,Black,true,1,Elie Okobo,
auto-fastbreak-autographs-rookies,FR-DAY,Gold,true,10,Deandre Ayton,
auto-fastbreak-autographs-rookies,FR-DAY,Black,true,1,Deandre Ayton,
base,41,Prizms Blue,false,,Trevor Ariza,
base,41,Prizms Blue Ice,false,,Trevor Ariza,
base,41,Prizms Choice Blue Yellow and Green,false,,Trevor Ariza,
base,41,Prizms Choice Green,false,,Trevor Ariza,
base,41,Prizms Choice Nebula,false,,Trevor Ariza,
base,41,Prizms Choice Red,false,,Trevor Ariza,
base,41,Prizms Choice Tiger Stripe,false,,Trevor Ariza,
base,41,Prizms Fast Break,false,,Trevor Ariza,
base,41,Prizms Fast Break Blue,false,,Trevor Ariza,
base,41,Prizms Fast Break Bronze,false,,Trevor Ariza,
base,41,Prizms Fast Break Neon Green,false,,Trevor Ariza,
base,41,Prizms Fast Break Pink,false,,Trevor Ariza,
base,41,Prizms Fast Break Purple,false,,Trevor Ariza,
base,41,Prizms Fast Break Red,false,,Trevor Ariza,
base,41,Prizms Gold,false,,Trevor Ariza,
base,41,Prizms Green,false,,Trevor Ariza,
base,41,Prizms Green Pulsar,false,,Trevor Ariza,
base,41,Prizms Hyper,false,,Trevor Ariza,
base,41,Prizms Mojo,false,,Trevor Ariza,
base,41,Prizms Orange,false,,Trevor Ariza,
base,41,Prizms Pink Ice,false,,Trevor Ariza,
base,41,Prizms Pink Pulsar,false,,Trevor Ariza,
base,41,Prizms Purple,false,,Trevor Ariza,
base,41,Prizms Purple Ice,false,,Trevor Ariza,
base,41,Prizms Purple Pulsar,false,,Trevor Ariza,
base,41,Prizms Purple Wave,false,,Trevor Ariza,
base,41,Prizms Red,false,,Trevor Ariza,
base,41,Prizms Red Ice,false,,Trevor Ariza,
base,41,Prizms Red White and Blue,false,,Trevor Ariza,
base,41,Prizms Ruby Wave,false,,Trevor Ariza,
base,41,Prizms Silver,false,,Trevor Ariza,
base,41,Prizms White Sparkle,false,,Trevor Ariza,
base,41,Prizms 1st Off the Line Blue Shimmer,false,,Trevor Ariza,
base,41,Prizms 1st Off the Line Light Blue Shimmer,false,,Trevor Ariza,
base,41,Prizms 1st Off the Line Red Shimmer,false,,Trevor Ariza,
base,41,Prizms Black,false,,Trevor Ariza,
base,41,Prizms Black Gold,false,,Trevor Ariza,
auto-fastbreak-autographs,FB-KJN,Gold,true,10,Kevin Johnson,
auto-fastbreak-autographs,FB-KJN,Black,true,1,Kevin Johnson,
auto-fastbreak-autographs,FB-CBK,Gold,true,10,Charles Barkley,
auto-fastbreak-autographs,FB-CBK,Black,true,1,Charles Barkley,
insert-emergent,10,Silver,false,,Mikal Bridges,
insert-emergent,10,Green,false,,Mikal Bridges,
insert-emergent,1,Silver,false,,Deandre Ayton,
insert-emergent,1,Green,false,,Deandre Ayton,
base,31,Prizms Blue,false,,Josh Jackson,
base,31,Prizms Blue Ice,false,,Josh Jackson,
base,31,Prizms Choice Blue Yellow and Green,false,,Josh Jackson,
base,31,Prizms Choice Green,false,,Josh Jackson,
base,31,Prizms Choice Nebula,false,,Josh Jackson,
base,31,Prizms Choice Red,false,,Josh Jackson,
base,31,Prizms Choice Tiger Stripe,false,,Josh Jackson,
base,31,Prizms Fast Break,false,,Josh Jackson,
base,31,Prizms Fast Break Blue,false,,Josh Jackson,
base,31,Prizms Fast Break Bronze,false,,Josh Jackson,
base,31,Prizms Fast Break Neon Green,false,,Josh Jackson,
base,31,Prizms Fast Break Pink,false,,Josh Jackson,
base,31,Prizms Fast Break Purple,false,,Josh Jackson,
base,31,Prizms Fast Break Red,false,,Josh Jackson,
base,31,Prizms Gold,false,,Josh Jackson,
base,31,Prizms Green,false,,Josh Jackson,
base,31,Prizms Green Pulsar,false,,Josh Jackson,
base,31,Prizms Hyper,false,,Josh Jackson,
base,31,Prizms Mojo,false,,Josh Jackson,
base,31,Prizms Orange,false,,Josh Jackson,
base,31,Prizms Pink Ice,false,,Josh Jackson,
base,31,Prizms Pink Pulsar,false,,Josh Jackson,
base,31,Prizms Purple,false,,Josh Jackson,
base,31,Prizms Purple Ice,false,,Josh Jackson,
base,31,Prizms Purple Pulsar,false,,Josh Jackson,
base,31,Prizms Purple Wave,false,,Josh Jackson,
base,31,Prizms Red,false,,Josh Jackson,
base,31,Prizms Red Ice,false,,Josh Jackson,
base,31,Prizms Red White and Blue,false,,Josh Jackson,
base,31,Prizms Ruby Wave,false,,Josh Jackson,
base,31,Prizms Silver,false,,Josh Jackson,
base,31,Prizms White Sparkle,false,,Josh Jackson,
base,31,Prizms 1st Off the Line Blue Shimmer,false,,Josh Jackson,
base,31,Prizms 1st Off the Line Light Blue Shimmer,false,,Josh Jackson,
base,31,Prizms 1st Off the Line Red Shimmer,false,,Josh Jackson,
base,31,Prizms Black,false,,Josh Jackson,
base,31,Prizms Black Gold,false,,Josh Jackson,
insert-sensational-swatches,66,Prime,false,10,Deandre Ayton,
insert-dominance,11,Green,false,,Steve Nash,
insert-dominance,11,Silver,false,,Steve Nash,
insert-sensational-swatches,71,Prime,false,10,Elie Okobo,
insert-sensational-swatches,90,Prime,false,10,Mikal Bridges,
base,21,Prizms Blue,false,,TJ Warren,
base,21,Prizms Blue Ice,false,,TJ Warren,
base,21,Prizms Choice Blue Yellow and Green,false,,TJ Warren,
base,21,Prizms Choice Green,false,,TJ Warren,
base,21,Prizms Choice Nebula,false,,TJ Warren,
base,21,Prizms Choice Red,false,,TJ Warren,
base,21,Prizms Choice Tiger Stripe,false,,TJ Warren,
base,21,Prizms Fast Break,false,,TJ Warren,
base,21,Prizms Fast Break Blue,false,,TJ Warren,
base,21,Prizms Fast Break Bronze,false,,TJ Warren,
base,21,Prizms Fast Break Neon Green,false,,TJ Warren,
base,21,Prizms Fast Break Pink,false,,TJ Warren,
base,21,Prizms Fast Break Purple,false,,TJ Warren,
base,21,Prizms Fast Break Red,false,,TJ Warren,
base,21,Prizms Gold,false,,TJ Warren,
base,21,Prizms Green,false,,TJ Warren,
base,21,Prizms Green Pulsar,false,,TJ Warren,
base,21,Prizms Hyper,false,,TJ Warren,
base,21,Prizms Mojo,false,,TJ Warren,
base,21,Prizms Orange,false,,TJ Warren,
base,21,Prizms Pink Ice,false,,TJ Warren,
base,21,Prizms Pink Pulsar,false,,TJ Warren,
base,21,Prizms Purple,false,,TJ Warren,
base,21,Prizms Purple Ice,false,,TJ Warren,
base,21,Prizms Purple Pulsar,false,,TJ Warren,
base,21,Prizms Purple Wave,false,,TJ Warren,
base,21,Prizms Red,false,,TJ Warren,
base,21,Prizms Red Ice,false,,TJ Warren,
base,21,Prizms Red White and Blue,false,,TJ Warren,
base,21,Prizms Ruby Wave,false,,TJ Warren,
base,21,Prizms Silver,false,,TJ Warren,
base,21,Prizms White Sparkle,false,,TJ Warren,
base,21,Prizms 1st Off the Line Blue Shimmer,false,,TJ Warren,
base,21,Prizms 1st Off the Line Light Blue Shimmer,false,,TJ Warren,
base,21,Prizms 1st Off the Line Red Shimmer,false,,TJ Warren,
base,21,Prizms Black,false,,TJ Warren,
base,21,Prizms Black Gold,false,,TJ Warren,
base,299,Prizms Blue,false,,Elie Okobo,
base,299,Prizms Blue Ice,false,,Elie Okobo,
base,299,Prizms Choice Blue Yellow and Green,false,,Elie Okobo,
base,299,Prizms Choice Green,false,,Elie Okobo,
base,299,Prizms Choice Nebula,false,,Elie Okobo,
base,299,Prizms Choice Red,false,,Elie Okobo,
base,299,Prizms Choice Tiger Stripe,false,,Elie Okobo,
base,299,Prizms Fast Break,false,,Elie Okobo,
base,299,Prizms Fast Break Blue,false,,Elie Okobo,
base,299,Prizms Fast Break Bronze,false,,Elie Okobo,
base,299,Prizms Fast Break Neon Green,false,,Elie Okobo,
base,299,Prizms Fast Break Pink,false,,Elie Okobo,
base,299,Prizms Fast Break Purple,false,,Elie Okobo,
base,299,Prizms Fast Break Red,false,,Elie Okobo,
base,299,Prizms Gold,false,,Elie Okobo,
base,299,Prizms Green,false,,Elie Okobo,
base,299,Prizms Green Pulsar,false,,Elie Okobo,
base,299,Prizms Hyper,false,,Elie Okobo,
base,299,Prizms Mojo,false,,Elie Okobo,
base,299,Prizms Orange,false,,Elie Okobo,
base,299,Prizms Pink Ice,false,,Elie Okobo,
base,299,Prizms Pink Pulsar,false,,Elie Okobo,
base,299,Prizms Purple,false,,Elie Okobo,
base,299,Prizms Purple Ice,false,,Elie Okobo,
base,299,Prizms Purple Pulsar,false,,Elie Okobo,
base,299,Prizms Purple Wave,false,,Elie Okobo,
base,299,Prizms Red,false,,Elie Okobo,
base,299,Prizms Red Ice,false,,Elie Okobo,
base,299,Prizms Red White and Blue,false,,Elie Okobo,
base,299,Prizms Ruby Wave,false,,Elie Okobo,
base,299,Prizms Silver,false,,Elie Okobo,
base,299,Prizms White Sparkle,false,,Elie Okobo,
base,299,Prizms 1st Off the Line Blue Shimmer,false,,Elie Okobo,
base,299,Prizms 1st Off the Line Light Blue Shimmer,false,,Elie Okobo,
base,299,Prizms 1st Off the Line Red Shimmer,false,,Elie Okobo,
base,299,Prizms Black,false,,Elie Okobo,
base,299,Prizms Black Gold,false,,Elie Okobo,
base,295,Prizms Blue,false,,Amar'e Stoudemire,
base,295,Prizms Blue Ice,false,,Amar'e Stoudemire,
base,295,Prizms Choice Blue Yellow and Green,false,,Amar'e Stoudemire,
base,295,Prizms Choice Green,false,,Amar'e Stoudemire,
base,295,Prizms Choice Nebula,false,,Amar'e Stoudemire,
base,295,Prizms Choice Red,false,,Amar'e Stoudemire,
base,295,Prizms Choice Tiger Stripe,false,,Amar'e Stoudemire,
base,295,Prizms Fast Break,false,,Amar'e Stoudemire,
base,295,Prizms Fast Break Blue,false,,Amar'e Stoudemire,
base,295,Prizms Fast Break Bronze,false,,Amar'e Stoudemire,
base,295,Prizms Fast Break Neon Green,false,,Amar'e Stoudemire,
base,295,Prizms Fast Break Pink,false,,Amar'e Stoudemire,
base,295,Prizms Fast Break Purple,false,,Amar'e Stoudemire,
base,295,Prizms Fast Break Red,false,,Amar'e Stoudemire,
base,295,Prizms Gold,false,,Amar'e Stoudemire,
base,295,Prizms Green,false,,Amar'e Stoudemire,
base,295,Prizms Green Pulsar,false,,Amar'e Stoudemire,
base,295,Prizms Hyper,false,,Amar'e Stoudemire,
base,295,Prizms Mojo,false,,Amar'e Stoudemire,
base,295,Prizms Orange,false,,Amar'e Stoudemire,
base,295,Prizms Pink Ice,false,,Amar'e Stoudemire,
base,295,Prizms Pink Pulsar,false,,Amar'e Stoudemire,
base,295,Prizms Purple,false,,Amar'e Stoudemire,
base,295,Prizms Purple Ice,false,,Amar'e Stoudemire,
base,295,Prizms Purple Pulsar,false,,Amar'e Stoudemire,
base,295,Prizms Purple Wave,false,,Amar'e Stoudemire,
base,295,Prizms Red,false,,Amar'e Stoudemire,
base,295,Prizms Red Ice,false,,Amar'e Stoudemire,
base,295,Prizms Red White and Blue,false,,Amar'e Stoudemire,
base,295,Prizms Ruby Wave,false,,Amar'e Stoudemire,
base,295,Prizms Silver,false,,Amar'e Stoudemire,
base,295,Prizms White Sparkle,false,,Amar'e Stoudemire,
base,295,Prizms 1st Off the Line Blue Shimmer,false,,Amar'e Stoudemire,
base,295,Prizms 1st Off the Line Light Blue Shimmer,false,,Amar'e Stoudemire,
base,295,Prizms 1st Off the Line Red Shimmer,false,,Amar'e Stoudemire,
base,295,Prizms Black,false,,Amar'e Stoudemire,
base,295,Prizms Black Gold,false,,Amar'e Stoudemire,
base,289,Prizms Blue,false,,Mikal Bridges,
base,289,Prizms Blue Ice,false,,Mikal Bridges,
base,289,Prizms Choice Blue Yellow and Green,false,,Mikal Bridges,
base,289,Prizms Choice Green,false,,Mikal Bridges,
base,289,Prizms Choice Nebula,false,,Mikal Bridges,
base,289,Prizms Choice Red,false,,Mikal Bridges,
base,289,Prizms Choice Tiger Stripe,false,,Mikal Bridges,
base,289,Prizms Fast Break,false,,Mikal Bridges,
base,289,Prizms Fast Break Blue,false,,Mikal Bridges,
base,289,Prizms Fast Break Bronze,false,,Mikal Bridges,
base,289,Prizms Fast Break Neon Green,false,,Mikal Bridges,
base,289,Prizms Fast Break Pink,false,,Mikal Bridges,
base,289,Prizms Fast Break Purple,false,,Mikal Bridges,
base,289,Prizms Fast Break Red,false,,Mikal Bridges,
base,289,Prizms Gold,false,,Mikal Bridges,
base,289,Prizms Green,false,,Mikal Bridges,
base,289,Prizms Green Pulsar,false,,Mikal Bridges,
base,289,Prizms Hyper,false,,Mikal Bridges,
base,289,Prizms Mojo,false,,Mikal Bridges,
base,289,Prizms Orange,false,,Mikal Bridges,
base,289,Prizms Pink Ice,false,,Mikal Bridges,
base,289,Prizms Pink Pulsar,false,,Mikal Bridges,
base,289,Prizms Purple,false,,Mikal Bridges,
base,289,Prizms Purple Ice,false,,Mikal Bridges,
base,289,Prizms Purple Pulsar,false,,Mikal Bridges,
base,289,Prizms Purple Wave,false,,Mikal Bridges,
base,289,Prizms Red,false,,Mikal Bridges,
base,289,Prizms Red Ice,false,,Mikal Bridges,
base,289,Prizms Red White and Blue,false,,Mikal Bridges,
base,289,Prizms Ruby Wave,false,,Mikal Bridges,
base,289,Prizms Silver,false,,Mikal Bridges,
base,289,Prizms White Sparkle,false,,Mikal Bridges,
base,289,Prizms 1st Off the Line Blue Shimmer,false,,Mikal Bridges,
base,289,Prizms 1st Off the Line Light Blue Shimmer,false,,Mikal Bridges,
base,289,Prizms 1st Off the Line Red Shimmer,false,,Mikal Bridges,
base,289,Prizms Black,false,,Mikal Bridges,
base,289,Prizms Black Gold,false,,Mikal Bridges,
auto-signatures,S-CST,Prizms Choice,true,,Charlie Scott,
auto-signatures,S-CST,Prizms Silver,true,,Charlie Scott,
auto-signatures,S-CST,Prizms Mojo,true,25,Charlie Scott,
auto-signatures,S-CST,Prizms Gold,true,10,Charlie Scott,
auto-signatures,S-CST,Prizms Choice Green,true,8,Charlie Scott,
auto-signatures,S-CST,Prizms Black,true,1,Charlie Scott,
base,11,Prizms Blue,false,,Devin Booker,
base,11,Prizms Blue Ice,false,,Devin Booker,
base,11,Prizms Choice Blue Yellow and Green,false,,Devin Booker,
base,11,Prizms Choice Green,false,,Devin Booker,
base,11,Prizms Choice Nebula,false,,Devin Booker,
base,11,Prizms Choice Red,false,,Devin Booker,
base,11,Prizms Choice Tiger Stripe,false,,Devin Booker,
base,11,Prizms Fast Break,false,,Devin Booker,
base,11,Prizms Fast Break Blue,false,,Devin Booker,
base,11,Prizms Fast Break Bronze,false,,Devin Booker,
base,11,Prizms Fast Break Neon Green,false,,Devin Booker,
base,11,Prizms Fast Break Pink,false,,Devin Booker,
base,11,Prizms Fast Break Purple,false,,Devin Booker,
base,11,Prizms Fast Break Red,false,,Devin Booker,
base,11,Prizms Gold,false,,Devin Booker,
base,11,Prizms Green,false,,Devin Booker,
base,11,Prizms Green Pulsar,false,,Devin Booker,
base,11,Prizms Hyper,false,,Devin Booker,
base,11,Prizms Mojo,false,,Devin Booker,
base,11,Prizms Orange,false,,Devin Booker,
base,11,Prizms Pink Ice,false,,Devin Booker,
base,11,Prizms Pink Pulsar,false,,Devin Booker,
base,11,Prizms Purple,false,,Devin Booker,
base,11,Prizms Purple Ice,false,,Devin Booker,
base,11,Prizms Purple Pulsar,false,,Devin Booker,
base,11,Prizms Purple Wave,false,,Devin Booker,
base,11,Prizms Red,false,,Devin Booker,
base,11,Prizms Red Ice,false,,Devin Booker,
base,11,Prizms Red White and Blue,false,,Devin Booker,
base,11,Prizms Ruby Wave,false,,Devin Booker,
base,11,Prizms Silver,false,,Devin Booker,
base,11,Prizms White Sparkle,false,,Devin Booker,
base,11,Prizms 1st Off the Line Blue Shimmer,false,,Devin Booker,
base,11,Prizms 1st Off the Line Light Blue Shimmer,false,,Devin Booker,
base,11,Prizms 1st Off the Line Red Shimmer,false,,Devin Booker,
base,11,Prizms Black,false,,Devin Booker,
base,11,Prizms Black Gold,false,,Devin Booker,
base,279,Prizms Blue,false,,Deandre Ayton,
base,279,Prizms Blue Ice,false,,Deandre Ayton,
base,279,Prizms Choice Blue Yellow and Green,false,,Deandre Ayton,
base,279,Prizms Choice Green,false,,Deandre Ayton,
base,279,Prizms Choice Nebula,false,,Deandre Ayton,
base,279,Prizms Choice Red,false,,Deandre Ayton,
base,279,Prizms Choice Tiger Stripe,false,,Deandre Ayton,
base,279,Prizms Fast Break,false,,Deandre Ayton,
base,279,Prizms Fast Break Blue,false,,Deandre Ayton,
base,279,Prizms Fast Break Bronze,false,,Deandre Ayton,
base,279,Prizms Fast Break Neon Green,false,,Deandre Ayton,
base,279,Prizms Fast Break Pink,false,,Deandre Ayton,
base,279,Prizms Fast Break Purple,false,,Deandre Ayton,
base,279,Prizms Fast Break Red,false,,Deandre Ayton,
base,279,Prizms Gold,false,,Deandre Ayton,
base,279,Prizms Green,false,,Deandre Ayton,
base,279,Prizms Green Pulsar,false,,Deandre Ayton,
base,279,Prizms Hyper,false,,Deandre Ayton,
base,279,Prizms Mojo,false,,Deandre Ayton,
base,279,Prizms Orange,false,,Deandre Ayton,
base,279,Prizms Pink Ice,false,,Deandre Ayton,
base,279,Prizms Pink Pulsar,false,,Deandre Ayton,
base,279,Prizms Purple,false,,Deandre Ayton,
base,279,Prizms Purple Ice,false,,Deandre Ayton,
base,279,Prizms Purple Pulsar,false,,Deandre Ayton,
base,279,Prizms Purple Wave,false,,Deandre Ayton,
base,279,Prizms Red,false,,Deandre Ayton,
base,279,Prizms Red Ice,false,,Deandre Ayton,
base,279,Prizms Red White and Blue,false,,Deandre Ayton,
base,279,Prizms Ruby Wave,false,,Deandre Ayton,
base,279,Prizms Silver,false,,Deandre Ayton,
base,279,Prizms White Sparkle,false,,Deandre Ayton,
base,279,Prizms 1st Off the Line Blue Shimmer,false,,Deandre Ayton,
base,279,Prizms 1st Off the Line Light Blue Shimmer,false,,Deandre Ayton,
base,279,Prizms 1st Off the Line Red Shimmer,false,,Deandre Ayton,
base,279,Prizms Black,false,,Deandre Ayton,
base,279,Prizms Black Gold,false,,Deandre Ayton,
base,155,Prizms Blue,false,,Steve Nash,
base,155,Prizms Blue Ice,false,,Steve Nash,
base,155,Prizms Choice Blue Yellow and Green,false,,Steve Nash,
base,155,Prizms Choice Green,false,,Steve Nash,
base,155,Prizms Choice Nebula,false,,Steve Nash,
base,155,Prizms Choice Red,false,,Steve Nash,
base,155,Prizms Choice Tiger Stripe,false,,Steve Nash,
base,155,Prizms Fast Break,false,,Steve Nash,
base,155,Prizms Fast Break Blue,false,,Steve Nash,
base,155,Prizms Fast Break Bronze,false,,Steve Nash,
base,155,Prizms Fast Break Neon Green,false,,Steve Nash,
base,155,Prizms Fast Break Pink,false,,Steve Nash,
base,155,Prizms Fast Break Purple,false,,Steve Nash,
base,155,Prizms Fast Break Red,false,,Steve Nash,
base,155,Prizms Gold,false,,Steve Nash,
base,155,Prizms Green,false,,Steve Nash,
base,155,Prizms Green Pulsar,false,,Steve Nash,
base,155,Prizms Hyper,false,,Steve Nash,
base,155,Prizms Mojo,false,,Steve Nash,
base,155,Prizms Orange,false,,Steve Nash,
base,155,Prizms Pink Ice,false,,Steve Nash,
base,155,Prizms Pink Pulsar,false,,Steve Nash,
base,155,Prizms Purple,false,,Steve Nash,
base,155,Prizms Purple Ice,false,,Steve Nash,
base,155,Prizms Purple Pulsar,false,,Steve Nash,
base,155,Prizms Purple Wave,false,,Steve Nash,
base,155,Prizms Red,false,,Steve Nash,
base,155,Prizms Red Ice,false,,Steve Nash,
base,155,Prizms Red White and Blue,false,,Steve Nash,
base,155,Prizms Ruby Wave,false,,Steve Nash,
base,155,Prizms Silver,false,,Steve Nash,
base,155,Prizms White Sparkle,false,,Steve Nash,
base,155,Prizms 1st Off the Line Blue Shimmer,false,,Steve Nash,
base,155,Prizms 1st Off the Line Light Blue Shimmer,false,,Steve Nash,
base,155,Prizms 1st Off the Line Red Shimmer,false,,Steve Nash,
base,155,Prizms Black,false,,Steve Nash,
base,155,Prizms Black Gold,false,,Steve Nash,
base,265,Prizms Blue,false,,Stephon Marbury,
base,265,Prizms Blue Ice,false,,Stephon Marbury,
base,265,Prizms Choice Blue Yellow and Green,false,,Stephon Marbury,
base,265,Prizms Choice Green,false,,Stephon Marbury,
base,265,Prizms Choice Nebula,false,,Stephon Marbury,
base,265,Prizms Choice Red,false,,Stephon Marbury,
base,265,Prizms Choice Tiger Stripe,false,,Stephon Marbury,
base,265,Prizms Fast Break,false,,Stephon Marbury,
base,265,Prizms Fast Break Blue,false,,Stephon Marbury,
base,265,Prizms Fast Break Bronze,false,,Stephon Marbury,
base,265,Prizms Fast Break Neon Green,false,,Stephon Marbury,
base,265,Prizms Fast Break Pink,false,,Stephon Marbury,
base,265,Prizms Fast Break Purple,false,,Stephon Marbury,
base,265,Prizms Fast Break Red,false,,Stephon Marbury,
base,265,Prizms Gold,false,,Stephon Marbury,
base,265,Prizms Green,false,,Stephon Marbury,
base,265,Prizms Green Pulsar,false,,Stephon Marbury,
base,265,Prizms Hyper,false,,Stephon Marbury,
base,265,Prizms Mojo,false,,Stephon Marbury,
base,265,Prizms Orange,false,,Stephon Marbury,
base,265,Prizms Pink Ice,false,,Stephon Marbury,
base,265,Prizms Pink Pulsar,false,,Stephon Marbury,
base,265,Prizms Purple,false,,Stephon Marbury,
base,265,Prizms Purple Ice,false,,Stephon Marbury,
base,265,Prizms Purple Pulsar,false,,Stephon Marbury,
base,265,Prizms Purple Wave,false,,Stephon Marbury,
base,265,Prizms Red,false,,Stephon Marbury,
base,265,Prizms Red Ice,false,,Stephon Marbury,
base,265,Prizms Red White and Blue,false,,Stephon Marbury,
base,265,Prizms Ruby Wave,false,,Stephon Marbury,
base,265,Prizms Silver,false,,Stephon Marbury,
base,265,Prizms White Sparkle,false,,Stephon Marbury,
base,265,Prizms 1st Off the Line Blue Shimmer,false,,Stephon Marbury,
base,265,Prizms 1st Off the Line Light Blue Shimmer,false,,Stephon Marbury,
base,265,Prizms 1st Off the Line Red Shimmer,false,,Stephon Marbury,
base,265,Prizms Black,false,,Stephon Marbury,
base,265,Prizms Black Gold,false,,Stephon Marbury,
base,5,Prizms Blue,false,,Charles Barkley,
base,5,Prizms Blue Ice,false,,Charles Barkley,
base,5,Prizms Choice Blue Yellow and Green,false,,Charles Barkley,
base,5,Prizms Choice Green,false,,Charles Barkley,
base,5,Prizms Choice Nebula,false,,Charles Barkley,
base,5,Prizms Choice Red,false,,Charles Barkley,
base,5,Prizms Choice Tiger Stripe,false,,Charles Barkley,
base,5,Prizms Fast Break,false,,Charles Barkley,
base,5,Prizms Fast Break Blue,false,,Charles Barkley,
base,5,Prizms Fast Break Bronze,false,,Charles Barkley,
base,5,Prizms Fast Break Neon Green,false,,Charles Barkley,
base,5,Prizms Fast Break Pink,false,,Charles Barkley,
base,5,Prizms Fast Break Purple,false,,Charles Barkley,
base,5,Prizms Fast Break Red,false,,Charles Barkley,
base,5,Prizms Gold,false,,Charles Barkley,
base,5,Prizms Green,false,,Charles Barkley,
base,5,Prizms Green Pulsar,false,,Charles Barkley,
base,5,Prizms Hyper,false,,Charles Barkley,
base,5,Prizms Mojo,false,,Charles Barkley,
base,5,Prizms Orange,false,,Charles Barkley,
base,5,Prizms Pink Ice,false,,Charles Barkley,
base,5,Prizms Pink Pulsar,false,,Charles Barkley,
base,5,Prizms Purple,false,,Charles Barkley,
base,5,Prizms Purple Ice,false,,Charles Barkley,
base,5,Prizms Purple Pulsar,false,,Charles Barkley,
base,5,Prizms Purple Wave,false,,Charles Barkley,
base,5,Prizms Red,false,,Charles Barkley,
base,5,Prizms Red Ice,false,,Charles Barkley,
base,5,Prizms Red White and Blue,false,,Charles Barkley,
base,5,Prizms Ruby Wave,false,,Charles Barkley,
base,5,Prizms Silver,false,,Charles Barkley,
base,5,Prizms White Sparkle,false,,Charles Barkley,
base,5,Prizms 1st Off the Line Blue Shimmer,false,,Charles Barkley,
base,5,Prizms 1st Off the Line Light Blue Shimmer,false,,Charles Barkley,
base,5,Prizms 1st Off the Line Red Shimmer,false,,Charles Barkley,
base,5,Prizms Black,false,,Charles Barkley,
base,5,Prizms Black Gold,false,,Charles Barkley,
base,1,Prizms Blue,false,,Brandon Knight,
base,1,Prizms Blue Ice,false,,Brandon Knight,
base,1,Prizms Choice Blue Yellow and Green,false,,Brandon Knight,
base,1,Prizms Choice Green,false,,Brandon Knight,
base,1,Prizms Choice Nebula,false,,Brandon Knight,
base,1,Prizms Choice Red,false,,Brandon Knight,
base,1,Prizms Choice Tiger Stripe,false,,Brandon Knight,
base,1,Prizms Fast Break,false,,Brandon Knight,
base,1,Prizms Fast Break Blue,false,,Brandon Knight,
base,1,Prizms Fast Break Bronze,false,,Brandon Knight,
base,1,Prizms Fast Break Neon Green,false,,Brandon Knight,
base,1,Prizms Fast Break Pink,false,,Brandon Knight,
base,1,Prizms Fast Break Purple,false,,Brandon Knight,
base,1,Prizms Fast Break Red,false,,Brandon Knight,
base,1,Prizms Gold,false,,Brandon Knight,
base,1,Prizms Green,false,,Brandon Knight,
base,1,Prizms Green Pulsar,false,,Brandon Knight,
base,1,Prizms Hyper,false,,Brandon Knight,
base,1,Prizms Mojo,false,,Brandon Knight,
base,1,Prizms Orange,false,,Brandon Knight,
base,1,Prizms Pink Ice,false,,Brandon Knight,
base,1,Prizms Pink Pulsar,false,,Brandon Knight,
base,1,Prizms Purple,false,,Brandon Knight,
base,1,Prizms Purple Ice,false,,Brandon Knight,
base,1,Prizms Purple Pulsar,false,,Brandon Knight,
base,1,Prizms Purple Wave,false,,Brandon Knight,
base,1,Prizms Red,false,,Brandon Knight,
base,1,Prizms Red Ice,false,,Brandon Knight,
base,1,Prizms Red White and Blue,false,,Brandon Knight,
base,1,Prizms Ruby Wave,false,,Brandon Knight,
base,1,Prizms Silver,false,,Brandon Knight,
base,1,Prizms White Sparkle,false,,Brandon Knight,
base,1,Prizms 1st Off the Line Blue Shimmer,false,,Brandon Knight,
base,1,Prizms 1st Off the Line Light Blue Shimmer,false,,Brandon Knight,
base,1,Prizms 1st Off the Line Red Shimmer,false,,Brandon Knight,
base,1,Prizms Black,false,,Brandon Knight,
base,1,Prizms Black Gold,false,,Brandon Knight,
auto-rookie-signatures,RS-DAY,Prizms Silver,true,,Deandre Ayton,
auto-rookie-signatures,RS-DAY,Prizms Choice,true,,Deandre Ayton,
auto-rookie-signatures,RS-DAY,Prizms Mojo,true,25,Deandre Ayton,
auto-rookie-signatures,RS-DAY,Prizms Gold,true,10,Deandre Ayton,
auto-rookie-signatures,RS-DAY,Prizms Choice Green,true,8,Deandre Ayton,
auto-rookie-signatures,RS-DAY,Prizms Black,true,1,Deandre Ayton,
auto-rookie-signatures,RS-DAY,Prizms White Sparkle,true,1,Deandre Ayton,
insert-luck-of-the-lottery,10,Hyper,false,,Mikal Bridges,
insert-luck-of-the-lottery,10,Fast Break,false,,Mikal Bridges,
insert-luck-of-the-lottery,10,Silver,false,,Mikal Bridges,
insert-luck-of-the-lottery,10,Mojo,false,25,Mikal Bridges,
insert-luck-of-the-lottery,10,Gold,false,10,Mikal Bridges,
insert-luck-of-the-lottery,10,Black,false,1,Mikal Bridges,
auto-rookie-signatures,RS-EOK,Prizms Silver,true,,Elie Okobo,
auto-rookie-signatures,RS-EOK,Prizms Choice,true,,Elie Okobo,
auto-rookie-signatures,RS-EOK,Prizms Mojo,true,25,Elie Okobo,
auto-rookie-signatures,RS-EOK,Prizms Gold,true,10,Elie Okobo,
auto-rookie-signatures,RS-EOK,Prizms Choice Green,true,8,Elie Okobo,
auto-rookie-signatures,RS-EOK,Prizms Black,true,1,Elie Okobo,
auto-rookie-signatures,RS-EOK,Prizms White Sparkle,true,1,Elie Okobo,
insert-luck-of-the-lottery,1,Hyper,false,,Deandre Ayton,
insert-luck-of-the-lottery,1,Fast Break,false,,Deandre Ayton,
insert-luck-of-the-lottery,1,Silver,false,,Deandre Ayton,
insert-luck-of-the-lottery,1,Mojo,false,25,Deandre Ayton,
insert-luck-of-the-lottery,1,Gold,false,10,Deandre Ayton,
insert-luck-of-the-lottery,1,Black,false,1,Deandre Ayton,
base,111,Prizms Blue,false,,Al-Farouq Aminu,
base,111,Prizms Blue Ice,false,,Al-Farouq Aminu,
base,111,Prizms Choice Blue Yellow and Green,false,,Al-Farouq Aminu,
base,111,Prizms Choice Green,false,,Al-Farouq Aminu,
base,111,Prizms Choice Nebula,false,,Al-Farouq Aminu,
base,111,Prizms Choice Red,false,,Al-Farouq Aminu,
base,111,Prizms Choice Tiger Stripe,false,,Al-Farouq Aminu,
base,111,Prizms Fast Break,false,,Al-Farouq Aminu,
base,111,Prizms Fast Break Blue,false,,Al-Farouq Aminu,
base,111,Prizms Fast Break Bronze,false,,Al-Farouq Aminu,
base,111,Prizms Fast Break Neon Green,false,,Al-Farouq Aminu,
base,111,Prizms Fast Break Pink,false,,Al-Farouq Aminu,
base,111,Prizms Fast Break Purple,false,,Al-Farouq Aminu,
base,111,Prizms Fast Break Red,false,,Al-Farouq Aminu,
base,111,Prizms Gold,false,,Al-Farouq Aminu,
base,111,Prizms Green,false,,Al-Farouq Aminu,
base,111,Prizms Green Pulsar,false,,Al-Farouq Aminu,
base,111,Prizms Hyper,false,,Al-Farouq Aminu,
base,111,Prizms Mojo,false,,Al-Farouq Aminu,
base,111,Prizms Orange,false,,Al-Farouq Aminu,
base,111,Prizms Pink Ice,false,,Al-Farouq Aminu,
base,111,Prizms Pink Pulsar,false,,Al-Farouq Aminu,
base,111,Prizms Purple,false,,Al-Farouq Aminu,
base,111,Prizms Purple Ice,false,,Al-Farouq Aminu,
base,111,Prizms Purple Pulsar,false,,Al-Farouq Aminu,
base,111,Prizms Purple Wave,false,,Al-Farouq Aminu,
base,111,Prizms Red,false,,Al-Farouq Aminu,
base,111,Prizms Red Ice,false,,Al-Farouq Aminu,
base,111,Prizms Red White and Blue,false,,Al-Farouq Aminu,
base,111,Prizms Ruby Wave,false,,Al-Farouq Aminu,
base,111,Prizms Silver,false,,Al-Farouq Aminu,
base,111,Prizms White Sparkle,false,,Al-Farouq Aminu,
base,111,Prizms 1st Off the Line Blue Shimmer,false,,Al-Farouq Aminu,
base,111,Prizms 1st Off the Line Light Blue Shimmer,false,,Al-Farouq Aminu,
base,111,Prizms 1st Off the Line Red Shimmer,false,,Al-Farouq Aminu,
base,111,Prizms Black,false,,Al-Farouq Aminu,
base,111,Prizms Black Gold,false,,Al-Farouq Aminu,
auto-signatures,S-WB4,Prizms Choice,true,,Wade Baldwin IV,
auto-signatures,S-WB4,Prizms Silver,true,,Wade Baldwin IV,
auto-signatures,S-WB4,Prizms Mojo,true,25,Wade Baldwin IV,
auto-signatures,S-WB4,Prizms Gold,true,10,Wade Baldwin IV,
auto-signatures,S-WB4,Prizms Choice Green,true,8,Wade Baldwin IV,
auto-signatures,S-WB4,Prizms Black,true,1,Wade Baldwin IV,
insert-dominance,25,Green,false,,Bill Walton,
insert-dominance,25,Silver,false,,Bill Walton,
base,91,Prizms Blue,false,,C.J. McCollum,
base,91,Prizms Blue Ice,false,,C.J. McCollum,
base,91,Prizms Choice Blue Yellow and Green,false,,C.J. McCollum,
base,91,Prizms Choice Green,false,,C.J. McCollum,
base,91,Prizms Choice Nebula,false,,C.J. McCollum,
base,91,Prizms Choice Red,false,,C.J. McCollum,
base,91,Prizms Choice Tiger Stripe,false,,C.J. McCollum,
base,91,Prizms Fast Break,false,,C.J. McCollum,
base,91,Prizms Fast Break Blue,false,,C.J. McCollum,
base,91,Prizms Fast Break Bronze,false,,C.J. McCollum,
base,91,Prizms Fast Break Neon Green,false,,C.J. McCollum,
base,91,Prizms Fast Break Pink,false,,C.J. McCollum,
base,91,Prizms Fast Break Purple,false,,C.J. McCollum,
base,91,Prizms Fast Break Red,false,,C.J. McCollum,
base,91,Prizms Gold,false,,C.J. McCollum,
base,91,Prizms Green,false,,C.J. McCollum,
base,91,Prizms Green Pulsar,false,,C.J. McCollum,
base,91,Prizms Hyper,false,,C.J. McCollum,
base,91,Prizms Mojo,false,,C.J. McCollum,
base,91,Prizms Orange,false,,C.J. McCollum,
base,91,Prizms Pink Ice,false,,C.J. McCollum,
base,91,Prizms Pink Pulsar,false,,C.J. McCollum,
base,91,Prizms Purple,false,,C.J. McCollum,
base,91,Prizms Purple Ice,false,,C.J. McCollum,
base,91,Prizms Purple Pulsar,false,,C.J. McCollum,
base,91,Prizms Purple Wave,false,,C.J. McCollum,
base,91,Prizms Red,false,,C.J. McCollum,
base,91,Prizms Red Ice,false,,C.J. McCollum,
base,91,Prizms Red White and Blue,false,,C.J. McCollum,
base,91,Prizms Ruby Wave,false,,C.J. McCollum,
base,91,Prizms Silver,false,,C.J. McCollum,
base,91,Prizms White Sparkle,false,,C.J. McCollum,
base,91,Prizms 1st Off the Line Blue Shimmer,false,,C.J. McCollum,
base,91,Prizms 1st Off the Line Light Blue Shimmer,false,,C.J. McCollum,
base,91,Prizms 1st Off the Line Red Shimmer,false,,C.J. McCollum,
base,91,Prizms Black,false,,C.J. McCollum,
base,91,Prizms Black Gold,false,,C.J. McCollum,
insert-sensational-swatches,33,Prime,false,10,Scottie Pippen,
base,131,Prizms Blue,false,,Seth Curry,
base,131,Prizms Blue Ice,false,,Seth Curry,
base,131,Prizms Choice Blue Yellow and Green,false,,Seth Curry,
base,131,Prizms Choice Green,false,,Seth Curry,
base,131,Prizms Choice Nebula,false,,Seth Curry,
base,131,Prizms Choice Red,false,,Seth Curry,
base,131,Prizms Choice Tiger Stripe,false,,Seth Curry,
base,131,Prizms Fast Break,false,,Seth Curry,
base,131,Prizms Fast Break Blue,false,,Seth Curry,
base,131,Prizms Fast Break Bronze,false,,Seth Curry,
base,131,Prizms Fast Break Neon Green,false,,Seth Curry,
base,131,Prizms Fast Break Pink,false,,Seth Curry,
base,131,Prizms Fast Break Purple,false,,Seth Curry,
base,131,Prizms Fast Break Red,false,,Seth Curry,
base,131,Prizms Gold,false,,Seth Curry,
base,131,Prizms Green,false,,Seth Curry,
base,131,Prizms Green Pulsar,false,,Seth Curry,
base,131,Prizms Hyper,false,,Seth Curry,
base,131,Prizms Mojo,false,,Seth Curry,
base,131,Prizms Orange,false,,Seth Curry,
base,131,Prizms Pink Ice,false,,Seth Curry,
base,131,Prizms Pink Pulsar,false,,Seth Curry,
base,131,Prizms Purple,false,,Seth Curry,
base,131,Prizms Purple Ice,false,,Seth Curry,
base,131,Prizms Purple Pulsar,false,,Seth Curry,
base,131,Prizms Purple Wave,false,,Seth Curry,
base,131,Prizms Red,false,,Seth Curry,
base,131,Prizms Red Ice,false,,Seth Curry,
base,131,Prizms Red White and Blue,false,,Seth Curry,
base,131,Prizms Ruby Wave,false,,Seth Curry,
base,131,Prizms Silver,false,,Seth Curry,
base,131,Prizms White Sparkle,false,,Seth Curry,
base,131,Prizms 1st Off the Line Blue Shimmer,false,,Seth Curry,
base,131,Prizms 1st Off the Line Light Blue Shimmer,false,,Seth Curry,
base,131,Prizms 1st Off the Line Red Shimmer,false,,Seth Curry,
base,131,Prizms Black,false,,Seth Curry,
base,131,Prizms Black Gold,false,,Seth Curry,
insert-go-hard-or-go-home,13,Silver,false,,Damian Lillard,
insert-go-hard-or-go-home,13,Fast Break,false,,Damian Lillard,
insert-go-hard-or-go-home,13,Hyper,false,,Damian Lillard,
insert-go-hard-or-go-home,13,Mojo,false,25,Damian Lillard,
insert-go-hard-or-go-home,13,Gold,false,10,Damian Lillard,
insert-go-hard-or-go-home,13,Black,false,1,Damian Lillard,
base,71,Prizms Blue,false,,Gary Trent Jr.,
base,71,Prizms Blue Ice,false,,Gary Trent Jr.,
base,71,Prizms Choice Blue Yellow and Green,false,,Gary Trent Jr.,
base,71,Prizms Choice Green,false,,Gary Trent Jr.,
base,71,Prizms Choice Nebula,false,,Gary Trent Jr.,
base,71,Prizms Choice Red,false,,Gary Trent Jr.,
base,71,Prizms Choice Tiger Stripe,false,,Gary Trent Jr.,
base,71,Prizms Fast Break,false,,Gary Trent Jr.,
base,71,Prizms Fast Break Blue,false,,Gary Trent Jr.,
base,71,Prizms Fast Break Bronze,false,,Gary Trent Jr.,
base,71,Prizms Fast Break Neon Green,false,,Gary Trent Jr.,
base,71,Prizms Fast Break Pink,false,,Gary Trent Jr.,
base,71,Prizms Fast Break Purple,false,,Gary Trent Jr.,
base,71,Prizms Fast Break Red,false,,Gary Trent Jr.,
base,71,Prizms Gold,false,,Gary Trent Jr.,
base,71,Prizms Green,false,,Gary Trent Jr.,
base,71,Prizms Green Pulsar,false,,Gary Trent Jr.,
base,71,Prizms Hyper,false,,Gary Trent Jr.,
base,71,Prizms Mojo,false,,Gary Trent Jr.,
base,71,Prizms Orange,false,,Gary Trent Jr.,
base,71,Prizms Pink Ice,false,,Gary Trent Jr.,
base,71,Prizms Pink Pulsar,false,,Gary Trent Jr.,
base,71,Prizms Purple,false,,Gary Trent Jr.,
base,71,Prizms Purple Ice,false,,Gary Trent Jr.,
base,71,Prizms Purple Pulsar,false,,Gary Trent Jr.,
base,71,Prizms Purple Wave,false,,Gary Trent Jr.,
base,71,Prizms Red,false,,Gary Trent Jr.,
base,71,Prizms Red Ice,false,,Gary Trent Jr.,
base,71,Prizms Red White and Blue,false,,Gary Trent Jr.,
base,71,Prizms Ruby Wave,false,,Gary Trent Jr.,
base,71,Prizms Silver,false,,Gary Trent Jr.,
base,71,Prizms White Sparkle,false,,Gary Trent Jr.,
base,71,Prizms 1st Off the Line Blue Shimmer,false,,Gary Trent Jr.,
base,71,Prizms 1st Off the Line Light Blue Shimmer,false,,Gary Trent Jr.,
base,71,Prizms 1st Off the Line Red Shimmer,false,,Gary Trent Jr.,
base,71,Prizms Black,false,,Gary Trent Jr.,
base,71,Prizms Black Gold,false,,Gary Trent Jr.,
insert-sensational-swatches,62,Prime,false,10,Anfernee Simons,
insert-fireworks,14,Silver,false,,Damian Lillard,
insert-fireworks,14,Fast Break,false,,Damian Lillard,
insert-fireworks,14,Hyper,false,,Damian Lillard,
insert-fireworks,14,Mojo,false,25,Damian Lillard,
insert-fireworks,14,Fast Gold,false,10,Damian Lillard,
insert-fireworks,14,Black,false,1,Damian Lillard,
base,275,Prizms Blue,false,,Drazen Petrovic,
base,275,Prizms Blue Ice,false,,Drazen Petrovic,
base,275,Prizms Choice Blue Yellow and Green,false,,Drazen Petrovic,
base,275,Prizms Choice Green,false,,Drazen Petrovic,
base,275,Prizms Choice Nebula,false,,Drazen Petrovic,
base,275,Prizms Choice Red,false,,Drazen Petrovic,
base,275,Prizms Choice Tiger Stripe,false,,Drazen Petrovic,
base,275,Prizms Fast Break,false,,Drazen Petrovic,
base,275,Prizms Fast Break Blue,false,,Drazen Petrovic,
base,275,Prizms Fast Break Bronze,false,,Drazen Petrovic,
base,275,Prizms Fast Break Neon Green,false,,Drazen Petrovic,
base,275,Prizms Fast Break Pink,false,,Drazen Petrovic,
base,275,Prizms Fast Break Purple,false,,Drazen Petrovic,
base,275,Prizms Fast Break Red,false,,Drazen Petrovic,
base,275,Prizms Gold,false,,Drazen Petrovic,
base,275,Prizms Green,false,,Drazen Petrovic,
base,275,Prizms Green Pulsar,false,,Drazen Petrovic,
base,275,Prizms Hyper,false,,Drazen Petrovic,
base,275,Prizms Mojo,false,,Drazen Petrovic,
base,275,Prizms Orange,false,,Drazen Petrovic,
base,275,Prizms Pink Ice,false,,Drazen Petrovic,
base,275,Prizms Pink Pulsar,false,,Drazen Petrovic,
base,275,Prizms Purple,false,,Drazen Petrovic,
base,275,Prizms Purple Ice,false,,Drazen Petrovic,
base,275,Prizms Purple Pulsar,false,,Drazen Petrovic,
base,275,Prizms Purple Wave,false,,Drazen Petrovic,
base,275,Prizms Red,false,,Drazen Petrovic,
base,275,Prizms Red Ice,false,,Drazen Petrovic,
base,275,Prizms Red White and Blue,false,,Drazen Petrovic,
base,275,Prizms Ruby Wave,false,,Drazen Petrovic,
base,275,Prizms Silver,false,,Drazen Petrovic,
base,275,Prizms White Sparkle,false,,Drazen Petrovic,
base,275,Prizms 1st Off the Line Blue Shimmer,false,,Drazen Petrovic,
base,275,Prizms 1st Off the Line Light Blue Shimmer,false,,Drazen Petrovic,
base,275,Prizms 1st Off the Line Red Shimmer,false,,Drazen Petrovic,
base,275,Prizms Black,false,,Drazen Petrovic,
base,275,Prizms Black Gold,false,,Drazen Petrovic,
auto-sensational-signatures,SS-DLL,Prizms Choice,true,,Damian Lillard,
auto-sensational-signatures,SS-DLL,Prizms Mojo,true,25,Damian Lillard,
auto-sensational-signatures,SS-DLL,Prizms Gold,true,10,Damian Lillard,
auto-sensational-signatures,SS-DLL,Prizms Choice Green,true,8,Damian Lillard,
auto-sensational-signatures,SS-DLL,Prizms Black,true,1,Damian Lillard,
insert-sensational-swatches,6,Prime,false,10,Damian Lillard,
base,81,Prizms Blue,false,,Damian Lillard,
base,81,Prizms Blue Ice,false,,Damian Lillard,
base,81,Prizms Choice Blue Yellow and Green,false,,Damian Lillard,
base,81,Prizms Choice Green,false,,Damian Lillard,
base,81,Prizms Choice Nebula,false,,Damian Lillard,
base,81,Prizms Choice Red,false,,Damian Lillard,
base,81,Prizms Choice Tiger Stripe,false,,Damian Lillard,
base,81,Prizms Fast Break,false,,Damian Lillard,
base,81,Prizms Fast Break Blue,false,,Damian Lillard,
base,81,Prizms Fast Break Bronze,false,,Damian Lillard,
base,81,Prizms Fast Break Neon Green,false,,Damian Lillard,
base,81,Prizms Fast Break Pink,false,,Damian Lillard,
base,81,Prizms Fast Break Purple,false,,Damian Lillard,
base,81,Prizms Fast Break Red,false,,Damian Lillard,
base,81,Prizms Gold,false,,Damian Lillard,
base,81,Prizms Green,false,,Damian Lillard,
base,81,Prizms Green Pulsar,false,,Damian Lillard,
base,81,Prizms Hyper,false,,Damian Lillard,
base,81,Prizms Mojo,false,,Damian Lillard,
base,81,Prizms Orange,false,,Damian Lillard,
base,81,Prizms Pink Ice,false,,Damian Lillard,
base,81,Prizms Pink Pulsar,false,,Damian Lillard,
base,81,Prizms Purple,false,,Damian Lillard,
base,81,Prizms Purple Ice,false,,Damian Lillard,
base,81,Prizms Purple Pulsar,false,,Damian Lillard,
base,81,Prizms Purple Wave,false,,Damian Lillard,
base,81,Prizms Red,false,,Damian Lillard,
base,81,Prizms Red Ice,false,,Damian Lillard,
base,81,Prizms Red White and Blue,false,,Damian Lillard,
base,81,Prizms Ruby Wave,false,,Damian Lillard,
base,81,Prizms Silver,false,,Damian Lillard,
base,81,Prizms White Sparkle,false,,Damian Lillard,
base,81,Prizms 1st Off the Line Blue Shimmer,false,,Damian Lillard,
base,81,Prizms 1st Off the Line Light Blue Shimmer,false,,Damian Lillard,
base,81,Prizms 1st Off the Line Red Shimmer,false,,Damian Lillard,
base,81,Prizms Black,false,,Damian Lillard,
base,81,Prizms Black Gold,false,,Damian Lillard,
auto-sensational-signatures,SS-SCR,Prizms Choice,true,,Seth Curry,
auto-sensational-signatures,SS-SCR,Prizms Mojo,true,25,Seth Curry,
auto-sensational-signatures,SS-SCR,Prizms Gold,true,10,Seth Curry,
auto-sensational-signatures,SS-SCR,Prizms Choice Green,true,8,Seth Curry,
auto-sensational-signatures,SS-SCR,Prizms Black,true,1,Seth Curry,
insert-dominance,8,Green,false,,Clyde Drexler,
insert-dominance,8,Silver,false,,Clyde Drexler,
auto-fastbreak-autographs-rookies,FR-ASM,Gold,true,10,Anfernee Simons,
auto-fastbreak-autographs-rookies,FR-ASM,Black,true,1,Anfernee Simons,
base,121,Prizms Blue,false,,Jusuf Nurkic,
base,121,Prizms Blue Ice,false,,Jusuf Nurkic,
base,121,Prizms Choice Blue Yellow and Green,false,,Jusuf Nurkic,
base,121,Prizms Choice Green,false,,Jusuf Nurkic,
base,121,Prizms Choice Nebula,false,,Jusuf Nurkic,
base,121,Prizms Choice Red,false,,Jusuf Nurkic,
base,121,Prizms Choice Tiger Stripe,false,,Jusuf Nurkic,
base,121,Prizms Fast Break,false,,Jusuf Nurkic,
base,121,Prizms Fast Break Blue,false,,Jusuf Nurkic,
base,121,Prizms Fast Break Bronze,false,,Jusuf Nurkic,
base,121,Prizms Fast Break Neon Green,false,,Jusuf Nurkic,
base,121,Prizms Fast Break Pink,false,,Jusuf Nurkic,
base,121,Prizms Fast Break Purple,false,,Jusuf Nurkic,
base,121,Prizms Fast Break Red,false,,Jusuf Nurkic,
base,121,Prizms Gold,false,,Jusuf Nurkic,
base,121,Prizms Green,false,,Jusuf Nurkic,
base,121,Prizms Green Pulsar,false,,Jusuf Nurkic,
base,121,Prizms Hyper,false,,Jusuf Nurkic,
base,121,Prizms Mojo,false,,Jusuf Nurkic,
base,121,Prizms Orange,false,,Jusuf Nurkic,
base,121,Prizms Pink Ice,false,,Jusuf Nurkic,
base,121,Prizms Pink Pulsar,false,,Jusuf Nurkic,
base,121,Prizms Purple,false,,Jusuf Nurkic,
base,121,Prizms Purple Ice,false,,Jusuf Nurkic,
base,121,Prizms Purple Pulsar,false,,Jusuf Nurkic,
base,121,Prizms Purple Wave,false,,Jusuf Nurkic,
base,121,Prizms Red,false,,Jusuf Nurkic,
base,121,Prizms Red Ice,false,,Jusuf Nurkic,
base,121,Prizms Red White and Blue,false,,Jusuf Nurkic,
base,121,Prizms Ruby Wave,false,,Jusuf Nurkic,
base,121,Prizms Silver,false,,Jusuf Nurkic,
base,121,Prizms White Sparkle,false,,Jusuf Nurkic,
base,121,Prizms 1st Off the Line Blue Shimmer,false,,Jusuf Nurkic,
base,121,Prizms 1st Off the Line Light Blue Shimmer,false,,Jusuf Nurkic,
base,121,Prizms 1st Off the Line Red Shimmer,false,,Jusuf Nurkic,
base,121,Prizms Black,false,,Jusuf Nurkic,
base,121,Prizms Black Gold,false,,Jusuf Nurkic,
insert-sensational-swatches,72,Prime,false,10,Gary Trent Jr.,
auto-fastbreak-autographs,FB-ZCL,Gold,true,10,Zach Collins,
auto-fastbreak-autographs,FB-ZCL,Black,true,1,Zach Collins,
insert-freshman-phenoms,2,Green,false,,Anfernee Simons,
insert-freshman-phenoms,2,Silver,false,,Anfernee Simons,
insert-all-day,25,Fast Break,false,,Damian Lillard,
insert-all-day,25,Hyper,false,,Damian Lillard,
insert-all-day,25,Silver,false,,Damian Lillard,
insert-all-day,25,Mojo,false,25,Damian Lillard,
insert-all-day,25,Gold,false,10,Damian Lillard,
insert-all-day,25,Black,false,1,Damian Lillard,
insert-sensational-swatches,11,Prime,false,10,C.J. McCollum,
base,101,Prizms Blue,false,,Evan Turner,
base,101,Prizms Blue Ice,false,,Evan Turner,
base,101,Prizms Choice Blue Yellow and Green,false,,Evan Turner,
base,101,Prizms Choice Green,false,,Evan Turner,
base,101,Prizms Choice Nebula,false,,Evan Turner,
base,101,Prizms Choice Red,false,,Evan Turner,
base,101,Prizms Choice Tiger Stripe,false,,Evan Turner,
base,101,Prizms Fast Break,false,,Evan Turner,
base,101,Prizms Fast Break Blue,false,,Evan Turner,
base,101,Prizms Fast Break Bronze,false,,Evan Turner,
base,101,Prizms Fast Break Neon Green,false,,Evan Turner,
base,101,Prizms Fast Break Pink,false,,Evan Turner,
base,101,Prizms Fast Break Purple,false,,Evan Turner,
base,101,Prizms Fast Break Red,false,,Evan Turner,
base,101,Prizms Gold,false,,Evan Turner,
base,101,Prizms Green,false,,Evan Turner,
base,101,Prizms Green Pulsar,false,,Evan Turner,
base,101,Prizms Hyper,false,,Evan Turner,
base,101,Prizms Mojo,false,,Evan Turner,
base,101,Prizms Orange,false,,Evan Turner,
base,101,Prizms Pink Ice,false,,Evan Turner,
base,101,Prizms Pink Pulsar,false,,Evan Turner,
base,101,Prizms Purple,false,,Evan Turner,
base,101,Prizms Purple Ice,false,,Evan Turner,
base,101,Prizms Purple Pulsar,false,,Evan Turner,
base,101,Prizms Purple Wave,false,,Evan Turner,
base,101,Prizms Red,false,,Evan Turner,
base,101,Prizms Red Ice,false,,Evan Turner,
base,101,Prizms Red White and Blue,false,,Evan Turner,
base,101,Prizms Ruby Wave,false,,Evan Turner,
base,101,Prizms Silver,false,,Evan Turner,
base,101,Prizms White Sparkle,false,,Evan Turner,
base,101,Prizms 1st Off the Line Blue Shimmer,false,,Evan Turner,
base,101,Prizms 1st Off the Line Light Blue Shimmer,false,,Evan Turner,
base,101,Prizms 1st Off the Line Red Shimmer,false,,Evan Turner,
base,101,Prizms Black,false,,Evan Turner,
base,101,Prizms Black Gold,false,,Evan Turner,
auto-sensational-signatures,SS-ZCL,Prizms Choice,true,,Zach Collins,
auto-sensational-signatures,SS-ZCL,Prizms Mojo,true,25,Zach Collins,
auto-sensational-signatures,SS-ZCL,Prizms Gold,true,10,Zach Collins,
auto-sensational-signatures,SS-ZCL,Prizms Choice Green,true,8,Zach Collins,
auto-sensational-signatures,SS-ZCL,Prizms Black,true,1,Zach Collins,
insert-sensational-swatches,43,Prime,false,10,Clyde Drexler,
auto-fastbreak-autographs,FB-SCR,Gold,true,10,Seth Curry,
auto-fastbreak-autographs,FB-SCR,Black,true,1,Seth Curry,
insert-sensational-swatches,92,Prime,false,10,Maurice Harkless,
base,141,Prizms Blue,false,,Zach Collins,
base,141,Prizms Blue Ice,false,,Zach Collins,
base,141,Prizms Choice Blue Yellow and Green,false,,Zach Collins,
base,141,Prizms Choice Green,false,,Zach Collins,
base,141,Prizms Choice Nebula,false,,Zach Collins,
base,141,Prizms Choice Red,false,,Zach Collins,
base,141,Prizms Choice Tiger Stripe,false,,Zach Collins,
base,141,Prizms Fast Break,false,,Zach Collins,
base,141,Prizms Fast Break Blue,false,,Zach Collins,
base,141,Prizms Fast Break Bronze,false,,Zach Collins,
base,141,Prizms Fast Break Neon Green,false,,Zach Collins,
base,141,Prizms Fast Break Pink,false,,Zach Collins,
base,141,Prizms Fast Break Purple,false,,Zach Collins,
base,141,Prizms Fast Break Red,false,,Zach Collins,
base,141,Prizms Gold,false,,Zach Collins,
base,141,Prizms Green,false,,Zach Collins,
base,141,Prizms Green Pulsar,false,,Zach Collins,
base,141,Prizms Hyper,false,,Zach Collins,
base,141,Prizms Mojo,false,,Zach Collins,
base,141,Prizms Orange,false,,Zach Collins,
base,141,Prizms Pink Ice,false,,Zach Collins,
base,141,Prizms Pink Pulsar,false,,Zach Collins,
base,141,Prizms Purple,false,,Zach Collins,
base,141,Prizms Purple Ice,false,,Zach Collins,
base,141,Prizms Purple Pulsar,false,,Zach Collins,
base,141,Prizms Purple Wave,false,,Zach Collins,
base,141,Prizms Red,false,,Zach Collins,
base,141,Prizms Red Ice,false,,Zach Collins,
base,141,Prizms Red White and Blue,false,,Zach Collins,
base,141,Prizms Ruby Wave,false,,Zach Collins,
base,141,Prizms Silver,false,,Zach Collins,
base,141,Prizms White Sparkle,false,,Zach Collins,
base,141,Prizms 1st Off the Line Blue Shimmer,false,,Zach Collins,
base,141,Prizms 1st Off the Line Light Blue Shimmer,false,,Zach Collins,
base,141,Prizms 1st Off the Line Red Shimmer,false,,Zach Collins,
base,141,Prizms Black,false,,Zach Collins,
base,141,Prizms Black Gold,false,,Zach Collins,
insert-emergent,24,Silver,false,,Anfernee Simons,
insert-emergent,24,Green,false,,Anfernee Simons,
base,61,Prizms Blue,false,,Anfernee Simons,
base,61,Prizms Blue Ice,false,,Anfernee Simons,
base,61,Prizms Choice Blue Yellow and Green,false,,Anfernee Simons,
base,61,Prizms Choice Green,false,,Anfernee Simons,
base,61,Prizms Choice Nebula,false,,Anfernee Simons,
base,61,Prizms Choice Red,false,,Anfernee Simons,
base,61,Prizms Choice Tiger Stripe,false,,Anfernee Simons,
base,61,Prizms Fast Break,false,,Anfernee Simons,
base,61,Prizms Fast Break Blue,false,,Anfernee Simons,
base,61,Prizms Fast Break Bronze,false,,Anfernee Simons,
base,61,Prizms Fast Break Neon Green,false,,Anfernee Simons,
base,61,Prizms Fast Break Pink,false,,Anfernee Simons,
base,61,Prizms Fast Break Purple,false,,Anfernee Simons,
base,61,Prizms Fast Break Red,false,,Anfernee Simons,
base,61,Prizms Gold,false,,Anfernee Simons,
base,61,Prizms Green,false,,Anfernee Simons,
base,61,Prizms Green Pulsar,false,,Anfernee Simons,
base,61,Prizms Hyper,false,,Anfernee Simons,
base,61,Prizms Mojo,false,,Anfernee Simons,
base,61,Prizms Orange,false,,Anfernee Simons,
base,61,Prizms Pink Ice,false,,Anfernee Simons,
base,61,Prizms Pink Pulsar,false,,Anfernee Simons,
base,61,Prizms Purple,false,,Anfernee Simons,
base,61,Prizms Purple Ice,false,,Anfernee Simons,
base,61,Prizms Purple Pulsar,false,,Anfernee Simons,
base,61,Prizms Purple Wave,false,,Anfernee Simons,
base,61,Prizms Red,false,,Anfernee Simons,
base,61,Prizms Red Ice,false,,Anfernee Simons,
base,61,Prizms Red White and Blue,false,,Anfernee Simons,
base,61,Prizms Ruby Wave,false,,Anfernee Simons,
base,61,Prizms Silver,false,,Anfernee Simons,
base,61,Prizms White Sparkle,false,,Anfernee Simons,
base,61,Prizms 1st Off the Line Blue Shimmer,false,,Anfernee Simons,
base,61,Prizms 1st Off the Line Light Blue Shimmer,false,,Anfernee Simons,
base,61,Prizms 1st Off the Line Red Shimmer,false,,Anfernee Simons,
base,61,Prizms Black,false,,Anfernee Simons,
base,61,Prizms Black Gold,false,,Anfernee Simons,
auto-fastbreak-autographs-rookies,FR-GTJ,Gold,true,10,Gary Trent Jr.,
auto-fastbreak-autographs-rookies,FR-GTJ,Black,true,1,Gary Trent Jr.,
auto-sensational-signatures,SS-ASM,Prizms Choice,true,,Anfernee Simons,
auto-sensational-signatures,SS-ASM,Prizms Mojo,true,25,Anfernee Simons,
auto-sensational-signatures,SS-ASM,Prizms Gold,true,10,Anfernee Simons,
auto-sensational-signatures,SS-ASM,Prizms Choice Green,true,8,Anfernee Simons,
auto-sensational-signatures,SS-ASM,Prizms Black,true,1,Anfernee Simons,
auto-rookie-signatures,RS-ASM,Prizms Silver,true,,Anfernee Simons,
auto-rookie-signatures,RS-ASM,Prizms Choice,true,,Anfernee Simons,
auto-rookie-signatures,RS-ASM,Prizms Mojo,true,25,Anfernee Simons,
auto-rookie-signatures,RS-ASM,Prizms Gold,true,10,Anfernee Simons,
auto-rookie-signatures,RS-ASM,Prizms Choice Green,true,8,Anfernee Simons,
auto-rookie-signatures,RS-ASM,Prizms Black,true,1,Anfernee Simons,
auto-rookie-signatures,RS-ASM,Prizms White Sparkle,true,1,Anfernee Simons,
auto-sensational-signatures,SS-GTJ,Prizms Choice,true,,Gary Trent Jr.,
auto-sensational-signatures,SS-GTJ,Prizms Mojo,true,25,Gary Trent Jr.,
auto-sensational-signatures,SS-GTJ,Prizms Gold,true,10,Gary Trent Jr.,
auto-sensational-signatures,SS-GTJ,Prizms Choice Green,true,8,Gary Trent Jr.,
auto-sensational-signatures,SS-GTJ,Prizms Black,true,1,Gary Trent Jr.,
insert-sensational-swatches,12,Prime,false,10,Seth Curry,
insert-emergent,2,Silver,false,,Marvin Bagley III,
insert-emergent,2,Green,false,,Marvin Bagley III,
base,151,Prizms Blue,false,,De'Aaron Fox,
base,151,Prizms Blue Ice,false,,De'Aaron Fox,
base,151,Prizms Choice Blue Yellow and Green,false,,De'Aaron Fox,
base,151,Prizms Choice Green,false,,De'Aaron Fox,
base,151,Prizms Choice Nebula,false,,De'Aaron Fox,
base,151,Prizms Choice Red,false,,De'Aaron Fox,
base,151,Prizms Choice Tiger Stripe,false,,De'Aaron Fox,
base,151,Prizms Fast Break,false,,De'Aaron Fox,
base,151,Prizms Fast Break Blue,false,,De'Aaron Fox,
base,151,Prizms Fast Break Bronze,false,,De'Aaron Fox,
base,151,Prizms Fast Break Neon Green,false,,De'Aaron Fox,
base,151,Prizms Fast Break Pink,false,,De'Aaron Fox,
base,151,Prizms Fast Break Purple,false,,De'Aaron Fox,
base,151,Prizms Fast Break Red,false,,De'Aaron Fox,
base,151,Prizms Gold,false,,De'Aaron Fox,
base,151,Prizms Green,false,,De'Aaron Fox,
base,151,Prizms Green Pulsar,false,,De'Aaron Fox,
base,151,Prizms Hyper,false,,De'Aaron Fox,
base,151,Prizms Mojo,false,,De'Aaron Fox,
base,151,Prizms Orange,false,,De'Aaron Fox,
base,151,Prizms Pink Ice,false,,De'Aaron Fox,
base,151,Prizms Pink Pulsar,false,,De'Aaron Fox,
base,151,Prizms Purple,false,,De'Aaron Fox,
base,151,Prizms Purple Ice,false,,De'Aaron Fox,
base,151,Prizms Purple Pulsar,false,,De'Aaron Fox,
base,151,Prizms Purple Wave,false,,De'Aaron Fox,
base,151,Prizms Red,false,,De'Aaron Fox,
base,151,Prizms Red Ice,false,,De'Aaron Fox,
base,151,Prizms Red White and Blue,false,,De'Aaron Fox,
base,151,Prizms Ruby Wave,false,,De'Aaron Fox,
base,151,Prizms Silver,false,,De'Aaron Fox,
base,151,Prizms White Sparkle,false,,De'Aaron Fox,
base,151,Prizms 1st Off the Line Blue Shimmer,false,,De'Aaron Fox,
base,151,Prizms 1st Off the Line Light Blue Shimmer,false,,De'Aaron Fox,
base,151,Prizms 1st Off the Line Red Shimmer,false,,De'Aaron Fox,
base,151,Prizms Black,false,,De'Aaron Fox,
base,151,Prizms Black Gold,false,,De'Aaron Fox,
base,221,Prizms Blue,false,,Willie Cauley-Stein,
base,221,Prizms Blue Ice,false,,Willie Cauley-Stein,
base,221,Prizms Choice Blue Yellow and Green,false,,Willie Cauley-Stein,
base,221,Prizms Choice Green,false,,Willie Cauley-Stein,
base,221,Prizms Choice Nebula,false,,Willie Cauley-Stein,
base,221,Prizms Choice Red,false,,Willie Cauley-Stein,
base,221,Prizms Choice Tiger Stripe,false,,Willie Cauley-Stein,
base,221,Prizms Fast Break,false,,Willie Cauley-Stein,
base,221,Prizms Fast Break Blue,false,,Willie Cauley-Stein,
base,221,Prizms Fast Break Bronze,false,,Willie Cauley-Stein,
base,221,Prizms Fast Break Neon Green,false,,Willie Cauley-Stein,
base,221,Prizms Fast Break Pink,false,,Willie Cauley-Stein,
base,221,Prizms Fast Break Purple,false,,Willie Cauley-Stein,
base,221,Prizms Fast Break Red,false,,Willie Cauley-Stein,
base,221,Prizms Gold,false,,Willie Cauley-Stein,
base,221,Prizms Green,false,,Willie Cauley-Stein,
base,221,Prizms Green Pulsar,false,,Willie Cauley-Stein,
base,221,Prizms Hyper,false,,Willie Cauley-Stein,
base,221,Prizms Mojo,false,,Willie Cauley-Stein,
base,221,Prizms Orange,false,,Willie Cauley-Stein,
base,221,Prizms Pink Ice,false,,Willie Cauley-Stein,
base,221,Prizms Pink Pulsar,false,,Willie Cauley-Stein,
base,221,Prizms Purple,false,,Willie Cauley-Stein,
base,221,Prizms Purple Ice,false,,Willie Cauley-Stein,
base,221,Prizms Purple Pulsar,false,,Willie Cauley-Stein,
base,221,Prizms Purple Wave,false,,Willie Cauley-Stein,
base,221,Prizms Red,false,,Willie Cauley-Stein,
base,221,Prizms Red Ice,false,,Willie Cauley-Stein,
base,221,Prizms Red White and Blue,false,,Willie Cauley-Stein,
base,221,Prizms Ruby Wave,false,,Willie Cauley-Stein,
base,221,Prizms Silver,false,,Willie Cauley-Stein,
base,221,Prizms White Sparkle,false,,Willie Cauley-Stein,
base,221,Prizms 1st Off the Line Blue Shimmer,false,,Willie Cauley-Stein,
base,221,Prizms 1st Off the Line Light Blue Shimmer,false,,Willie Cauley-Stein,
base,221,Prizms 1st Off the Line Red Shimmer,false,,Willie Cauley-Stein,
base,221,Prizms Black,false,,Willie Cauley-Stein,
base,221,Prizms Black Gold,false,,Willie Cauley-Stein,
base,211,Prizms Blue,false,,Zach Randolph,
base,211,Prizms Blue Ice,false,,Zach Randolph,
base,211,Prizms Choice Blue Yellow and Green,false,,Zach Randolph,
base,211,Prizms Choice Green,false,,Zach Randolph,
base,211,Prizms Choice Nebula,false,,Zach Randolph,
base,211,Prizms Choice Red,false,,Zach Randolph,
base,211,Prizms Choice Tiger Stripe,false,,Zach Randolph,
base,211,Prizms Fast Break,false,,Zach Randolph,
base,211,Prizms Fast Break Blue,false,,Zach Randolph,
base,211,Prizms Fast Break Bronze,false,,Zach Randolph,
base,211,Prizms Fast Break Neon Green,false,,Zach Randolph,
base,211,Prizms Fast Break Pink,false,,Zach Randolph,
base,211,Prizms Fast Break Purple,false,,Zach Randolph,
base,211,Prizms Fast Break Red,false,,Zach Randolph,
base,211,Prizms Gold,false,,Zach Randolph,
base,211,Prizms Green,false,,Zach Randolph,
base,211,Prizms Green Pulsar,false,,Zach Randolph,
base,211,Prizms Hyper,false,,Zach Randolph,
base,211,Prizms Mojo,false,,Zach Randolph,
base,211,Prizms Orange,false,,Zach Randolph,
base,211,Prizms Pink Ice,false,,Zach Randolph,
base,211,Prizms Pink Pulsar,false,,Zach Randolph,
base,211,Prizms Purple,false,,Zach Randolph,
base,211,Prizms Purple Ice,false,,Zach Randolph,
base,211,Prizms Purple Pulsar,false,,Zach Randolph,
base,211,Prizms Purple Wave,false,,Zach Randolph,
base,211,Prizms Red,false,,Zach Randolph,
base,211,Prizms Red Ice,false,,Zach Randolph,
base,211,Prizms Red White and Blue,false,,Zach Randolph,
base,211,Prizms Ruby Wave,false,,Zach Randolph,
base,211,Prizms Silver,false,,Zach Randolph,
base,211,Prizms White Sparkle,false,,Zach Randolph,
base,211,Prizms 1st Off the Line Blue Shimmer,false,,Zach Randolph,
base,211,Prizms 1st Off the Line Light Blue Shimmer,false,,Zach Randolph,
base,211,Prizms 1st Off the Line Red Shimmer,false,,Zach Randolph,
base,211,Prizms Black,false,,Zach Randolph,
base,211,Prizms Black Gold,false,,Zach Randolph,
auto-fastbreak-autographs-rookies,FR-MB3,Gold,true,10,Marvin Bagley III,
auto-fastbreak-autographs-rookies,FR-MB3,Black,true,1,Marvin Bagley III,
insert-sensational-swatches,88,Prime,false,10,Marvin Bagley III,
base,201,Prizms Blue,false,,Harry Giles,
base,201,Prizms Blue Ice,false,,Harry Giles,
base,201,Prizms Choice Blue Yellow and Green,false,,Harry Giles,
base,201,Prizms Choice Green,false,,Harry Giles,
base,201,Prizms Choice Nebula,false,,Harry Giles,
base,201,Prizms Choice Red,false,,Harry Giles,
base,201,Prizms Choice Tiger Stripe,false,,Harry Giles,
base,201,Prizms Fast Break,false,,Harry Giles,
base,201,Prizms Fast Break Blue,false,,Harry Giles,
base,201,Prizms Fast Break Bronze,false,,Harry Giles,
base,201,Prizms Fast Break Neon Green,false,,Harry Giles,
base,201,Prizms Fast Break Pink,false,,Harry Giles,
base,201,Prizms Fast Break Purple,false,,Harry Giles,
base,201,Prizms Fast Break Red,false,,Harry Giles,
base,201,Prizms Gold,false,,Harry Giles,
base,201,Prizms Green,false,,Harry Giles,
base,201,Prizms Green Pulsar,false,,Harry Giles,
base,201,Prizms Hyper,false,,Harry Giles,
base,201,Prizms Mojo,false,,Harry Giles,
base,201,Prizms Orange,false,,Harry Giles,
base,201,Prizms Pink Ice,false,,Harry Giles,
base,201,Prizms Pink Pulsar,false,,Harry Giles,
base,201,Prizms Purple,false,,Harry Giles,
base,201,Prizms Purple Ice,false,,Harry Giles,
base,201,Prizms Purple Pulsar,false,,Harry Giles,
base,201,Prizms Purple Wave,false,,Harry Giles,
base,201,Prizms Red,false,,Harry Giles,
base,201,Prizms Red Ice,false,,Harry Giles,
base,201,Prizms Red White and Blue,false,,Harry Giles,
base,201,Prizms Ruby Wave,false,,Harry Giles,
base,201,Prizms Silver,false,,Harry Giles,
base,201,Prizms White Sparkle,false,,Harry Giles,
base,201,Prizms 1st Off the Line Blue Shimmer,false,,Harry Giles,
base,201,Prizms 1st Off the Line Light Blue Shimmer,false,,Harry Giles,
base,201,Prizms 1st Off the Line Red Shimmer,false,,Harry Giles,
base,201,Prizms Black,false,,Harry Giles,
base,201,Prizms Black Gold,false,,Harry Giles,
base,171,Prizms Blue,false,,Buddy Hield,
base,171,Prizms Blue Ice,false,,Buddy Hield,
base,171,Prizms Choice Blue Yellow and Green,false,,Buddy Hield,
base,171,Prizms Choice Green,false,,Buddy Hield,
base,171,Prizms Choice Nebula,false,,Buddy Hield,
base,171,Prizms Choice Red,false,,Buddy Hield,
base,171,Prizms Choice Tiger Stripe,false,,Buddy Hield,
base,171,Prizms Fast Break,false,,Buddy Hield,
base,171,Prizms Fast Break Blue,false,,Buddy Hield,
base,171,Prizms Fast Break Bronze,false,,Buddy Hield,
base,171,Prizms Fast Break Neon Green,false,,Buddy Hield,
base,171,Prizms Fast Break Pink,false,,Buddy Hield,
base,171,Prizms Fast Break Purple,false,,Buddy Hield,
base,171,Prizms Fast Break Red,false,,Buddy Hield,
base,171,Prizms Gold,false,,Buddy Hield,
base,171,Prizms Green,false,,Buddy Hield,
base,171,Prizms Green Pulsar,false,,Buddy Hield,
base,171,Prizms Hyper,false,,Buddy Hield,
base,171,Prizms Mojo,false,,Buddy Hield,
base,171,Prizms Orange,false,,Buddy Hield,
base,171,Prizms Pink Ice,false,,Buddy Hield,
base,171,Prizms Pink Pulsar,false,,Buddy Hield,
base,171,Prizms Purple,false,,Buddy Hield,
base,171,Prizms Purple Ice,false,,Buddy Hield,
base,171,Prizms Purple Pulsar,false,,Buddy Hield,
base,171,Prizms Purple Wave,false,,Buddy Hield,
base,171,Prizms Red,false,,Buddy Hield,
base,171,Prizms Red Ice,false,,Buddy Hield,
base,171,Prizms Red White and Blue,false,,Buddy Hield,
base,171,Prizms Ruby Wave,false,,Buddy Hield,
base,171,Prizms Silver,false,,Buddy Hield,
base,171,Prizms White Sparkle,false,,Buddy Hield,
base,171,Prizms 1st Off the Line Blue Shimmer,false,,Buddy Hield,
base,171,Prizms 1st Off the Line Light Blue Shimmer,false,,Buddy Hield,
base,171,Prizms 1st Off the Line Red Shimmer,false,,Buddy Hield,
base,171,Prizms Black,false,,Buddy Hield,
base,171,Prizms Black Gold,false,,Buddy Hield,
base,165,Prizms Blue,false,,Chris Webber,
base,165,Prizms Blue Ice,false,,Chris Webber,
base,165,Prizms Choice Blue Yellow and Green,false,,Chris Webber,
base,165,Prizms Choice Green,false,,Chris Webber,
base,165,Prizms Choice Nebula,false,,Chris Webber,
base,165,Prizms Choice Red,false,,Chris Webber,
base,165,Prizms Choice Tiger Stripe,false,,Chris Webber,
base,165,Prizms Fast Break,false,,Chris Webber,
base,165,Prizms Fast Break Blue,false,,Chris Webber,
base,165,Prizms Fast Break Bronze,false,,Chris Webber,
base,165,Prizms Fast Break Neon Green,false,,Chris Webber,
base,165,Prizms Fast Break Pink,false,,Chris Webber,
base,165,Prizms Fast Break Purple,false,,Chris Webber,
base,165,Prizms Fast Break Red,false,,Chris Webber,
base,165,Prizms Gold,false,,Chris Webber,
base,165,Prizms Green,false,,Chris Webber,
base,165,Prizms Green Pulsar,false,,Chris Webber,
base,165,Prizms Hyper,false,,Chris Webber,
base,165,Prizms Mojo,false,,Chris Webber,
base,165,Prizms Orange,false,,Chris Webber,
base,165,Prizms Pink Ice,false,,Chris Webber,
base,165,Prizms Pink Pulsar,false,,Chris Webber,
base,165,Prizms Purple,false,,Chris Webber,
base,165,Prizms Purple Ice,false,,Chris Webber,
base,165,Prizms Purple Pulsar,false,,Chris Webber,
base,165,Prizms Purple Wave,false,,Chris Webber,
base,165,Prizms Red,false,,Chris Webber,
base,165,Prizms Red Ice,false,,Chris Webber,
base,165,Prizms Red White and Blue,false,,Chris Webber,
base,165,Prizms Ruby Wave,false,,Chris Webber,
base,165,Prizms Silver,false,,Chris Webber,
base,165,Prizms White Sparkle,false,,Chris Webber,
base,165,Prizms 1st Off the Line Blue Shimmer,false,,Chris Webber,
base,165,Prizms 1st Off the Line Light Blue Shimmer,false,,Chris Webber,
base,165,Prizms 1st Off the Line Red Shimmer,false,,Chris Webber,
base,165,Prizms Black,false,,Chris Webber,
base,165,Prizms Black Gold,false,,Chris Webber,
base,161,Prizms Blue,false,,Bogdan Bogdanovic,
base,161,Prizms Blue Ice,false,,Bogdan Bogdanovic,
base,161,Prizms Choice Blue Yellow and Green,false,,Bogdan Bogdanovic,
base,161,Prizms Choice Green,false,,Bogdan Bogdanovic,
base,161,Prizms Choice Nebula,false,,Bogdan Bogdanovic,
base,161,Prizms Choice Red,false,,Bogdan Bogdanovic,
base,161,Prizms Choice Tiger Stripe,false,,Bogdan Bogdanovic,
base,161,Prizms Fast Break,false,,Bogdan Bogdanovic,
base,161,Prizms Fast Break Blue,false,,Bogdan Bogdanovic,
base,161,Prizms Fast Break Bronze,false,,Bogdan Bogdanovic,
base,161,Prizms Fast Break Neon Green,false,,Bogdan Bogdanovic,
base,161,Prizms Fast Break Pink,false,,Bogdan Bogdanovic,
base,161,Prizms Fast Break Purple,false,,Bogdan Bogdanovic,
base,161,Prizms Fast Break Red,false,,Bogdan Bogdanovic,
base,161,Prizms Gold,false,,Bogdan Bogdanovic,
base,161,Prizms Green,false,,Bogdan Bogdanovic,
base,161,Prizms Green Pulsar,false,,Bogdan Bogdanovic,
base,161,Prizms Hyper,false,,Bogdan Bogdanovic,
base,161,Prizms Mojo,false,,Bogdan Bogdanovic,
base,161,Prizms Orange,false,,Bogdan Bogdanovic,
base,161,Prizms Pink Ice,false,,Bogdan Bogdanovic,
base,161,Prizms Pink Pulsar,false,,Bogdan Bogdanovic,
base,161,Prizms Purple,false,,Bogdan Bogdanovic,
base,161,Prizms Purple Ice,false,,Bogdan Bogdanovic,
base,161,Prizms Purple Pulsar,false,,Bogdan Bogdanovic,
base,161,Prizms Purple Wave,false,,Bogdan Bogdanovic,
base,161,Prizms Red,false,,Bogdan Bogdanovic,
base,161,Prizms Red Ice,false,,Bogdan Bogdanovic,
base,161,Prizms Red White and Blue,false,,Bogdan Bogdanovic,
base,161,Prizms Ruby Wave,false,,Bogdan Bogdanovic,
base,161,Prizms Silver,false,,Bogdan Bogdanovic,
base,161,Prizms White Sparkle,false,,Bogdan Bogdanovic,
base,161,Prizms 1st Off the Line Blue Shimmer,false,,Bogdan Bogdanovic,
base,161,Prizms 1st Off the Line Light Blue Shimmer,false,,Bogdan Bogdanovic,
base,161,Prizms 1st Off the Line Red Shimmer,false,,Bogdan Bogdanovic,
base,161,Prizms Black,false,,Bogdan Bogdanovic,
base,161,Prizms Black Gold,false,,Bogdan Bogdanovic,
base,181,Prizms Blue,false,,Marvin Bagley III,
base,181,Prizms Blue Ice,false,,Marvin Bagley III,
base,181,Prizms Choice Blue Yellow and Green,false,,Marvin Bagley III,
base,181,Prizms Choice Green,false,,Marvin Bagley III,
base,181,Prizms Choice Nebula,false,,Marvin Bagley III,
base,181,Prizms Choice Red,false,,Marvin Bagley III,
base,181,Prizms Choice Tiger Stripe,false,,Marvin Bagley III,
base,181,Prizms Fast Break,false,,Marvin Bagley III,
base,181,Prizms Fast Break Blue,false,,Marvin Bagley III,
base,181,Prizms Fast Break Bronze,false,,Marvin Bagley III,
base,181,Prizms Fast Break Neon Green,false,,Marvin Bagley III,
base,181,Prizms Fast Break Pink,false,,Marvin Bagley III,
base,181,Prizms Fast Break Purple,false,,Marvin Bagley III,
base,181,Prizms Fast Break Red,false,,Marvin Bagley III,
base,181,Prizms Gold,false,,Marvin Bagley III,
base,181,Prizms Green,false,,Marvin Bagley III,
base,181,Prizms Green Pulsar,false,,Marvin Bagley III,
base,181,Prizms Hyper,false,,Marvin Bagley III,
base,181,Prizms Mojo,false,,Marvin Bagley III,
base,181,Prizms Orange,false,,Marvin Bagley III,
base,181,Prizms Pink Ice,false,,Marvin Bagley III,
base,181,Prizms Pink Pulsar,false,,Marvin Bagley III,
base,181,Prizms Purple,false,,Marvin Bagley III,
base,181,Prizms Purple Ice,false,,Marvin Bagley III,
base,181,Prizms Purple Pulsar,false,,Marvin Bagley III,
base,181,Prizms Purple Wave,false,,Marvin Bagley III,
base,181,Prizms Red,false,,Marvin Bagley III,
base,181,Prizms Red Ice,false,,Marvin Bagley III,
base,181,Prizms Red White and Blue,false,,Marvin Bagley III,
base,181,Prizms Ruby Wave,false,,Marvin Bagley III,
base,181,Prizms Silver,false,,Marvin Bagley III,
base,181,Prizms White Sparkle,false,,Marvin Bagley III,
base,181,Prizms 1st Off the Line Blue Shimmer,false,,Marvin Bagley III,
base,181,Prizms 1st Off the Line Light Blue Shimmer,false,,Marvin Bagley III,
base,181,Prizms 1st Off the Line Red Shimmer,false,,Marvin Bagley III,
base,181,Prizms Black,false,,Marvin Bagley III,
base,181,Prizms Black Gold,false,,Marvin Bagley III,
base,191,Prizms Blue,false,,Justin Jackson,
base,191,Prizms Blue Ice,false,,Justin Jackson,
base,191,Prizms Choice Blue Yellow and Green,false,,Justin Jackson,
base,191,Prizms Choice Green,false,,Justin Jackson,
base,191,Prizms Choice Nebula,false,,Justin Jackson,
base,191,Prizms Choice Red,false,,Justin Jackson,
base,191,Prizms Choice Tiger Stripe,false,,Justin Jackson,
base,191,Prizms Fast Break,false,,Justin Jackson,
base,191,Prizms Fast Break Blue,false,,Justin Jackson,
base,191,Prizms Fast Break Bronze,false,,Justin Jackson,
base,191,Prizms Fast Break Neon Green,false,,Justin Jackson,
base,191,Prizms Fast Break Pink,false,,Justin Jackson,
base,191,Prizms Fast Break Purple,false,,Justin Jackson,
base,191,Prizms Fast Break Red,false,,Justin Jackson,
base,191,Prizms Gold,false,,Justin Jackson,
base,191,Prizms Green,false,,Justin Jackson,
base,191,Prizms Green Pulsar,false,,Justin Jackson,
base,191,Prizms Hyper,false,,Justin Jackson,
base,191,Prizms Mojo,false,,Justin Jackson,
base,191,Prizms Orange,false,,Justin Jackson,
base,191,Prizms Pink Ice,false,,Justin Jackson,
base,191,Prizms Pink Pulsar,false,,Justin Jackson,
base,191,Prizms Purple,false,,Justin Jackson,
base,191,Prizms Purple Ice,false,,Justin Jackson,
base,191,Prizms Purple Pulsar,false,,Justin Jackson,
base,191,Prizms Purple Wave,false,,Justin Jackson,
base,191,Prizms Red,false,,Justin Jackson,
base,191,Prizms Red Ice,false,,Justin Jackson,
base,191,Prizms Red White and Blue,false,,Justin Jackson,
base,191,Prizms Ruby Wave,false,,Justin Jackson,
base,191,Prizms Silver,false,,Justin Jackson,
base,191,Prizms White Sparkle,false,,Justin Jackson,
base,191,Prizms 1st Off the Line Blue Shimmer,false,,Justin Jackson,
base,191,Prizms 1st Off the Line Light Blue Shimmer,false,,Justin Jackson,
base,191,Prizms 1st Off the Line Red Shimmer,false,,Justin Jackson,
base,191,Prizms Black,false,,Justin Jackson,
base,191,Prizms Black Gold,false,,Justin Jackson,
auto-sensational-signatures,SS-BGB,Prizms Choice,true,,Bogdan Bogdanovic,
auto-sensational-signatures,SS-BGB,Prizms Mojo,true,25,Bogdan Bogdanovic,
auto-sensational-signatures,SS-BGB,Prizms Gold,true,10,Bogdan Bogdanovic,
auto-sensational-signatures,SS-BGB,Prizms Choice Green,true,8,Bogdan Bogdanovic,
auto-sensational-signatures,SS-BGB,Prizms Black,true,1,Bogdan Bogdanovic,
insert-sensational-swatches,52,Prime,false,10,Willie Cauley-Stein,
auto-sensational-signatures,SS-BHD,Prizms Choice,true,,Buddy Hield,
auto-sensational-signatures,SS-BHD,Prizms Mojo,true,25,Buddy Hield,
auto-sensational-signatures,SS-BHD,Prizms Gold,true,10,Buddy Hield,
auto-sensational-signatures,SS-BHD,Prizms Choice Green,true,8,Buddy Hield,
auto-sensational-signatures,SS-BHD,Prizms Black,true,1,Buddy Hield,
auto-rookie-signatures,RS-MB3,Prizms Silver,true,,Marvin Bagley III,
auto-rookie-signatures,RS-MB3,Prizms Choice,true,,Marvin Bagley III,
auto-rookie-signatures,RS-MB3,Prizms Mojo,true,25,Marvin Bagley III,
auto-rookie-signatures,RS-MB3,Prizms Gold,true,10,Marvin Bagley III,
auto-rookie-signatures,RS-MB3,Prizms Choice Green,true,8,Marvin Bagley III,
auto-rookie-signatures,RS-MB3,Prizms Black,true,1,Marvin Bagley III,
auto-rookie-signatures,RS-MB3,Prizms White Sparkle,true,1,Marvin Bagley III,
auto-fastbreak-autographs,FB-BHD,Gold,true,10,Buddy Hield,
auto-fastbreak-autographs,FB-BHD,Black,true,1,Buddy Hield,
base,231,Prizms Blue,false,,Frank Mason III,
base,231,Prizms Blue Ice,false,,Frank Mason III,
base,231,Prizms Choice Blue Yellow and Green,false,,Frank Mason III,
base,231,Prizms Choice Green,false,,Frank Mason III,
base,231,Prizms Choice Nebula,false,,Frank Mason III,
base,231,Prizms Choice Red,false,,Frank Mason III,
base,231,Prizms Choice Tiger Stripe,false,,Frank Mason III,
base,231,Prizms Fast Break,false,,Frank Mason III,
base,231,Prizms Fast Break Blue,false,,Frank Mason III,
base,231,Prizms Fast Break Bronze,false,,Frank Mason III,
base,231,Prizms Fast Break Neon Green,false,,Frank Mason III,
base,231,Prizms Fast Break Pink,false,,Frank Mason III,
base,231,Prizms Fast Break Purple,false,,Frank Mason III,
base,231,Prizms Fast Break Red,false,,Frank Mason III,
base,231,Prizms Gold,false,,Frank Mason III,
base,231,Prizms Green,false,,Frank Mason III,
base,231,Prizms Green Pulsar,false,,Frank Mason III,
base,231,Prizms Hyper,false,,Frank Mason III,
base,231,Prizms Mojo,false,,Frank Mason III,
base,231,Prizms Orange,false,,Frank Mason III,
base,231,Prizms Pink Ice,false,,Frank Mason III,
base,231,Prizms Pink Pulsar,false,,Frank Mason III,
base,231,Prizms Purple,false,,Frank Mason III,
base,231,Prizms Purple Ice,false,,Frank Mason III,
base,231,Prizms Purple Pulsar,false,,Frank Mason III,
base,231,Prizms Purple Wave,false,,Frank Mason III,
base,231,Prizms Red,false,,Frank Mason III,
base,231,Prizms Red Ice,false,,Frank Mason III,
base,231,Prizms Red White and Blue,false,,Frank Mason III,
base,231,Prizms Ruby Wave,false,,Frank Mason III,
base,231,Prizms Silver,false,,Frank Mason III,
base,231,Prizms White Sparkle,false,,Frank Mason III,
base,231,Prizms 1st Off the Line Blue Shimmer,false,,Frank Mason III,
base,231,Prizms 1st Off the Line Light Blue Shimmer,false,,Frank Mason III,
base,231,Prizms 1st Off the Line Red Shimmer,false,,Frank Mason III,
base,231,Prizms Black,false,,Frank Mason III,
base,231,Prizms Black Gold,false,,Frank Mason III,
insert-freshman-phenoms,24,Green,false,,Marvin Bagley III,
insert-freshman-phenoms,24,Silver,false,,Marvin Bagley III,
auto-fastbreak-autographs,FB-BDB,Gold,true,10,Bogdan Bogdanovic,
auto-fastbreak-autographs,FB-BDB,Black,true,1,Bogdan Bogdanovic,
auto-sensational-signatures,SS-MB3,Prizms Choice,true,,Marvin Bagley III,
auto-sensational-signatures,SS-MB3,Prizms Mojo,true,25,Marvin Bagley III,
auto-sensational-signatures,SS-MB3,Prizms Gold,true,10,Marvin Bagley III,
auto-sensational-signatures,SS-MB3,Prizms Choice Green,true,8,Marvin Bagley III,
auto-sensational-signatures,SS-MB3,Prizms Black,true,1,Marvin Bagley III,
insert-luck-of-the-lottery,2,Hyper,false,,Marvin Bagley III,
insert-luck-of-the-lottery,2,Fast Break,false,,Marvin Bagley III,
insert-luck-of-the-lottery,2,Silver,false,,Marvin Bagley III,
insert-luck-of-the-lottery,2,Mojo,false,25,Marvin Bagley III,
insert-luck-of-the-lottery,2,Gold,false,10,Marvin Bagley III,
insert-luck-of-the-lottery,2,Black,false,1,Marvin Bagley III,
base,225,Prizms Blue,false,,Tim Duncan,
base,225,Prizms Blue Ice,false,,Tim Duncan,
base,225,Prizms Choice Blue Yellow and Green,false,,Tim Duncan,
base,225,Prizms Choice Green,false,,Tim Duncan,
base,225,Prizms Choice Nebula,false,,Tim Duncan,
base,225,Prizms Choice Red,false,,Tim Duncan,
base,225,Prizms Choice Tiger Stripe,false,,Tim Duncan,
base,225,Prizms Fast Break,false,,Tim Duncan,
base,225,Prizms Fast Break Blue,false,,Tim Duncan,
base,225,Prizms Fast Break Bronze,false,,Tim Duncan,
base,225,Prizms Fast Break Neon Green,false,,Tim Duncan,
base,225,Prizms Fast Break Pink,false,,Tim Duncan,
base,225,Prizms Fast Break Purple,false,,Tim Duncan,
base,225,Prizms Fast Break Red,false,,Tim Duncan,
base,225,Prizms Gold,false,,Tim Duncan,
base,225,Prizms Green,false,,Tim Duncan,
base,225,Prizms Green Pulsar,false,,Tim Duncan,
base,225,Prizms Hyper,false,,Tim Duncan,
base,225,Prizms Mojo,false,,Tim Duncan,
base,225,Prizms Orange,false,,Tim Duncan,
base,225,Prizms Pink Ice,false,,Tim Duncan,
base,225,Prizms Pink Pulsar,false,,Tim Duncan,
base,225,Prizms Purple,false,,Tim Duncan,
base,225,Prizms Purple Ice,false,,Tim Duncan,
base,225,Prizms Purple Pulsar,false,,Tim Duncan,
base,225,Prizms Purple Wave,false,,Tim Duncan,
base,225,Prizms Red,false,,Tim Duncan,
base,225,Prizms Red Ice,false,,Tim Duncan,
base,225,Prizms Red White and Blue,false,,Tim Duncan,
base,225,Prizms Ruby Wave,false,,Tim Duncan,
base,225,Prizms Silver,false,,Tim Duncan,
base,225,Prizms White Sparkle,false,,Tim Duncan,
base,225,Prizms 1st Off the Line Blue Shimmer,false,,Tim Duncan,
base,225,Prizms 1st Off the Line Light Blue Shimmer,false,,Tim Duncan,
base,225,Prizms 1st Off the Line Red Shimmer,false,,Tim Duncan,
base,225,Prizms Black,false,,Tim Duncan,
base,225,Prizms Black Gold,false,,Tim Duncan,
insert-sensational-swatches,22,Prime,false,10,DeMar DeRozan,
insert-emergent,18,Silver,false,,Lonnie Walker IV,
insert-emergent,18,Green,false,,Lonnie Walker IV,
auto-sensational-signatures,SS-LW4,Prizms Choice,true,,Lonnie Walker IV,
auto-sensational-signatures,SS-LW4,Prizms Mojo,true,25,Lonnie Walker IV,
auto-sensational-signatures,SS-LW4,Prizms Gold,true,10,Lonnie Walker IV,
auto-sensational-signatures,SS-LW4,Prizms Choice Green,true,8,Lonnie Walker IV,
auto-sensational-signatures,SS-LW4,Prizms Black,true,1,Lonnie Walker IV,
insert-sensational-swatches,34,Prime,false,10,David Robinson,
insert-dominance,27,Green,false,,Tim Duncan,
insert-dominance,27,Silver,false,,Tim Duncan,
insert-dominance,20,Green,false,,George Gervin,
insert-dominance,20,Silver,false,,George Gervin,
insert-fireworks,24,Silver,false,,DeMar DeRozan,
insert-fireworks,24,Fast Break,false,,DeMar DeRozan,
insert-fireworks,24,Hyper,false,,DeMar DeRozan,
insert-fireworks,24,Mojo,false,25,DeMar DeRozan,
insert-fireworks,24,Fast Gold,false,10,DeMar DeRozan,
insert-fireworks,24,Black,false,1,DeMar DeRozan,
base,195,Prizms Blue,false,,David Robinson,
base,195,Prizms Blue Ice,false,,David Robinson,
base,195,Prizms Choice Blue Yellow and Green,false,,David Robinson,
base,195,Prizms Choice Green,false,,David Robinson,
base,195,Prizms Choice Nebula,false,,David Robinson,
base,195,Prizms Choice Red,false,,David Robinson,
base,195,Prizms Choice Tiger Stripe,false,,David Robinson,
base,195,Prizms Fast Break,false,,David Robinson,
base,195,Prizms Fast Break Blue,false,,David Robinson,
base,195,Prizms Fast Break Bronze,false,,David Robinson,
base,195,Prizms Fast Break Neon Green,false,,David Robinson,
base,195,Prizms Fast Break Pink,false,,David Robinson,
base,195,Prizms Fast Break Purple,false,,David Robinson,
base,195,Prizms Fast Break Red,false,,David Robinson,
base,195,Prizms Gold,false,,David Robinson,
base,195,Prizms Green,false,,David Robinson,
base,195,Prizms Green Pulsar,false,,David Robinson,
base,195,Prizms Hyper,false,,David Robinson,
base,195,Prizms Mojo,false,,David Robinson,
base,195,Prizms Orange,false,,David Robinson,
base,195,Prizms Pink Ice,false,,David Robinson,
base,195,Prizms Pink Pulsar,false,,David Robinson,
base,195,Prizms Purple,false,,David Robinson,
base,195,Prizms Purple Ice,false,,David Robinson,
base,195,Prizms Purple Pulsar,false,,David Robinson,
base,195,Prizms Purple Wave,false,,David Robinson,
base,195,Prizms Red,false,,David Robinson,
base,195,Prizms Red Ice,false,,David Robinson,
base,195,Prizms Red White and Blue,false,,David Robinson,
base,195,Prizms Ruby Wave,false,,David Robinson,
base,195,Prizms Silver,false,,David Robinson,
base,195,Prizms White Sparkle,false,,David Robinson,
base,195,Prizms 1st Off the Line Blue Shimmer,false,,David Robinson,
base,195,Prizms 1st Off the Line Light Blue Shimmer,false,,David Robinson,
base,195,Prizms 1st Off the Line Red Shimmer,false,,David Robinson,
base,195,Prizms Black,false,,David Robinson,
base,195,Prizms Black Gold,false,,David Robinson,
insert-all-day,22,Fast Break,false,,DeMar DeRozan,
insert-all-day,22,Hyper,false,,DeMar DeRozan,
insert-all-day,22,Silver,false,,DeMar DeRozan,
insert-all-day,22,Mojo,false,25,DeMar DeRozan,
insert-all-day,22,Gold,false,10,DeMar DeRozan,
insert-all-day,22,Black,false,1,DeMar DeRozan,
insert-sensational-swatches,78,Prime,false,10,Pau Gasol,
base,23,Prizms Blue,false,,Patty Mills,
base,23,Prizms Blue Ice,false,,Patty Mills,
base,23,Prizms Choice Blue Yellow and Green,false,,Patty Mills,
base,23,Prizms Choice Green,false,,Patty Mills,
base,23,Prizms Choice Nebula,false,,Patty Mills,
base,23,Prizms Choice Red,false,,Patty Mills,
base,23,Prizms Choice Tiger Stripe,false,,Patty Mills,
base,23,Prizms Fast Break,false,,Patty Mills,
base,23,Prizms Fast Break Blue,false,,Patty Mills,
base,23,Prizms Fast Break Bronze,false,,Patty Mills,
base,23,Prizms Fast Break Neon Green,false,,Patty Mills,
base,23,Prizms Fast Break Pink,false,,Patty Mills,
base,23,Prizms Fast Break Purple,false,,Patty Mills,
base,23,Prizms Fast Break Red,false,,Patty Mills,
base,23,Prizms Gold,false,,Patty Mills,
base,23,Prizms Green,false,,Patty Mills,
base,23,Prizms Green Pulsar,false,,Patty Mills,
base,23,Prizms Hyper,false,,Patty Mills,
base,23,Prizms Mojo,false,,Patty Mills,
base,23,Prizms Orange,false,,Patty Mills,
base,23,Prizms Pink Ice,false,,Patty Mills,
base,23,Prizms Pink Pulsar,false,,Patty Mills,
base,23,Prizms Purple,false,,Patty Mills,
base,23,Prizms Purple Ice,false,,Patty Mills,
base,23,Prizms Purple Pulsar,false,,Patty Mills,
base,23,Prizms Purple Wave,false,,Patty Mills,
base,23,Prizms Red,false,,Patty Mills,
base,23,Prizms Red Ice,false,,Patty Mills,
base,23,Prizms Red White and Blue,false,,Patty Mills,
base,23,Prizms Ruby Wave,false,,Patty Mills,
base,23,Prizms Silver,false,,Patty Mills,
base,23,Prizms White Sparkle,false,,Patty Mills,
base,23,Prizms 1st Off the Line Blue Shimmer,false,,Patty Mills,
base,23,Prizms 1st Off the Line Light Blue Shimmer,false,,Patty Mills,
base,23,Prizms 1st Off the Line Red Shimmer,false,,Patty Mills,
base,23,Prizms Black,false,,Patty Mills,
base,23,Prizms Black Gold,false,,Patty Mills,
insert-sensational-swatches,86,Prime,false,10,Lonnie Walker IV,
insert-freshman-phenoms,8,Green,false,,Lonnie Walker IV,
insert-freshman-phenoms,8,Silver,false,,Lonnie Walker IV,
base,291,Prizms Blue,false,,LaMarcus Aldridge,
base,291,Prizms Blue Ice,false,,LaMarcus Aldridge,
base,291,Prizms Choice Blue Yellow and Green,false,,LaMarcus Aldridge,
base,291,Prizms Choice Green,false,,LaMarcus Aldridge,
base,291,Prizms Choice Nebula,false,,LaMarcus Aldridge,
base,291,Prizms Choice Red,false,,LaMarcus Aldridge,
base,291,Prizms Choice Tiger Stripe,false,,LaMarcus Aldridge,
base,291,Prizms Fast Break,false,,LaMarcus Aldridge,
base,291,Prizms Fast Break Blue,false,,LaMarcus Aldridge,
base,291,Prizms Fast Break Bronze,false,,LaMarcus Aldridge,
base,291,Prizms Fast Break Neon Green,false,,LaMarcus Aldridge,
base,291,Prizms Fast Break Pink,false,,LaMarcus Aldridge,
base,291,Prizms Fast Break Purple,false,,LaMarcus Aldridge,
base,291,Prizms Fast Break Red,false,,LaMarcus Aldridge,
base,291,Prizms Gold,false,,LaMarcus Aldridge,
base,291,Prizms Green,false,,LaMarcus Aldridge,
base,291,Prizms Green Pulsar,false,,LaMarcus Aldridge,
base,291,Prizms Hyper,false,,LaMarcus Aldridge,
base,291,Prizms Mojo,false,,LaMarcus Aldridge,
base,291,Prizms Orange,false,,LaMarcus Aldridge,
base,291,Prizms Pink Ice,false,,LaMarcus Aldridge,
base,291,Prizms Pink Pulsar,false,,LaMarcus Aldridge,
base,291,Prizms Purple,false,,LaMarcus Aldridge,
base,291,Prizms Purple Ice,false,,LaMarcus Aldridge,
base,291,Prizms Purple Pulsar,false,,LaMarcus Aldridge,
base,291,Prizms Purple Wave,false,,LaMarcus Aldridge,
base,291,Prizms Red,false,,LaMarcus Aldridge,
base,291,Prizms Red Ice,false,,LaMarcus Aldridge,
base,291,Prizms Red White and Blue,false,,LaMarcus Aldridge,
base,291,Prizms Ruby Wave,false,,LaMarcus Aldridge,
base,291,Prizms Silver,false,,LaMarcus Aldridge,
base,291,Prizms White Sparkle,false,,LaMarcus Aldridge,
base,291,Prizms 1st Off the Line Blue Shimmer,false,,LaMarcus Aldridge,
base,291,Prizms 1st Off the Line Light Blue Shimmer,false,,LaMarcus Aldridge,
base,291,Prizms 1st Off the Line Red Shimmer,false,,LaMarcus Aldridge,
base,291,Prizms Black,false,,LaMarcus Aldridge,
base,291,Prizms Black Gold,false,,LaMarcus Aldridge,
base,13,Prizms Blue,false,,Pau Gasol,
base,13,Prizms Blue Ice,false,,Pau Gasol,
base,13,Prizms Choice Blue Yellow and Green,false,,Pau Gasol,
base,13,Prizms Choice Green,false,,Pau Gasol,
base,13,Prizms Choice Nebula,false,,Pau Gasol,
base,13,Prizms Choice Red,false,,Pau Gasol,
base,13,Prizms Choice Tiger Stripe,false,,Pau Gasol,
base,13,Prizms Fast Break,false,,Pau Gasol,
base,13,Prizms Fast Break Blue,false,,Pau Gasol,
base,13,Prizms Fast Break Bronze,false,,Pau Gasol,
base,13,Prizms Fast Break Neon Green,false,,Pau Gasol,
base,13,Prizms Fast Break Pink,false,,Pau Gasol,
base,13,Prizms Fast Break Purple,false,,Pau Gasol,
base,13,Prizms Fast Break Red,false,,Pau Gasol,
base,13,Prizms Gold,false,,Pau Gasol,
base,13,Prizms Green,false,,Pau Gasol,
base,13,Prizms Green Pulsar,false,,Pau Gasol,
base,13,Prizms Hyper,false,,Pau Gasol,
base,13,Prizms Mojo,false,,Pau Gasol,
base,13,Prizms Orange,false,,Pau Gasol,
base,13,Prizms Pink Ice,false,,Pau Gasol,
base,13,Prizms Pink Pulsar,false,,Pau Gasol,
base,13,Prizms Purple,false,,Pau Gasol,
base,13,Prizms Purple Ice,false,,Pau Gasol,
base,13,Prizms Purple Pulsar,false,,Pau Gasol,
base,13,Prizms Purple Wave,false,,Pau Gasol,
base,13,Prizms Red,false,,Pau Gasol,
base,13,Prizms Red Ice,false,,Pau Gasol,
base,13,Prizms Red White and Blue,false,,Pau Gasol,
base,13,Prizms Ruby Wave,false,,Pau Gasol,
base,13,Prizms Silver,false,,Pau Gasol,
base,13,Prizms White Sparkle,false,,Pau Gasol,
base,13,Prizms 1st Off the Line Blue Shimmer,false,,Pau Gasol,
base,13,Prizms 1st Off the Line Light Blue Shimmer,false,,Pau Gasol,
base,13,Prizms 1st Off the Line Red Shimmer,false,,Pau Gasol,
base,13,Prizms Black,false,,Pau Gasol,
base,13,Prizms Black Gold,false,,Pau Gasol,
base,281,Prizms Blue,false,,Manu Ginobili,
base,281,Prizms Blue Ice,false,,Manu Ginobili,
base,281,Prizms Choice Blue Yellow and Green,false,,Manu Ginobili,
base,281,Prizms Choice Green,false,,Manu Ginobili,
base,281,Prizms Choice Nebula,false,,Manu Ginobili,
base,281,Prizms Choice Red,false,,Manu Ginobili,
base,281,Prizms Choice Tiger Stripe,false,,Manu Ginobili,
base,281,Prizms Fast Break,false,,Manu Ginobili,
base,281,Prizms Fast Break Blue,false,,Manu Ginobili,
base,281,Prizms Fast Break Bronze,false,,Manu Ginobili,
base,281,Prizms Fast Break Neon Green,false,,Manu Ginobili,
base,281,Prizms Fast Break Pink,false,,Manu Ginobili,
base,281,Prizms Fast Break Purple,false,,Manu Ginobili,
base,281,Prizms Fast Break Red,false,,Manu Ginobili,
base,281,Prizms Gold,false,,Manu Ginobili,
base,281,Prizms Green,false,,Manu Ginobili,
base,281,Prizms Green Pulsar,false,,Manu Ginobili,
base,281,Prizms Hyper,false,,Manu Ginobili,
base,281,Prizms Mojo,false,,Manu Ginobili,
base,281,Prizms Orange,false,,Manu Ginobili,
base,281,Prizms Pink Ice,false,,Manu Ginobili,
base,281,Prizms Pink Pulsar,false,,Manu Ginobili,
base,281,Prizms Purple,false,,Manu Ginobili,
base,281,Prizms Purple Ice,false,,Manu Ginobili,
base,281,Prizms Purple Pulsar,false,,Manu Ginobili,
base,281,Prizms Purple Wave,false,,Manu Ginobili,
base,281,Prizms Red,false,,Manu Ginobili,
base,281,Prizms Red Ice,false,,Manu Ginobili,
base,281,Prizms Red White and Blue,false,,Manu Ginobili,
base,281,Prizms Ruby Wave,false,,Manu Ginobili,
base,281,Prizms Silver,false,,Manu Ginobili,
base,281,Prizms White Sparkle,false,,Manu Ginobili,
base,281,Prizms 1st Off the Line Blue Shimmer,false,,Manu Ginobili,
base,281,Prizms 1st Off the Line Light Blue Shimmer,false,,Manu Ginobili,
base,281,Prizms 1st Off the Line Red Shimmer,false,,Manu Ginobili,
base,281,Prizms Black,false,,Manu Ginobili,
base,281,Prizms Black Gold,false,,Manu Ginobili,
base,271,Prizms Blue,false,,DeMar DeRozan,
base,271,Prizms Blue Ice,false,,DeMar DeRozan,
base,271,Prizms Choice Blue Yellow and Green,false,,DeMar DeRozan,
base,271,Prizms Choice Green,false,,DeMar DeRozan,
base,271,Prizms Choice Nebula,false,,DeMar DeRozan,
base,271,Prizms Choice Red,false,,DeMar DeRozan,
base,271,Prizms Choice Tiger Stripe,false,,DeMar DeRozan,
base,271,Prizms Fast Break,false,,DeMar DeRozan,
base,271,Prizms Fast Break Blue,false,,DeMar DeRozan,
base,271,Prizms Fast Break Bronze,false,,DeMar DeRozan,
base,271,Prizms Fast Break Neon Green,false,,DeMar DeRozan,
base,271,Prizms Fast Break Pink,false,,DeMar DeRozan,
base,271,Prizms Fast Break Purple,false,,DeMar DeRozan,
base,271,Prizms Fast Break Red,false,,DeMar DeRozan,
base,271,Prizms Gold,false,,DeMar DeRozan,
base,271,Prizms Green,false,,DeMar DeRozan,
base,271,Prizms Green Pulsar,false,,DeMar DeRozan,
base,271,Prizms Hyper,false,,DeMar DeRozan,
base,271,Prizms Mojo,false,,DeMar DeRozan,
base,271,Prizms Orange,false,,DeMar DeRozan,
base,271,Prizms Pink Ice,false,,DeMar DeRozan,
base,271,Prizms Pink Pulsar,false,,DeMar DeRozan,
base,271,Prizms Purple,false,,DeMar DeRozan,
base,271,Prizms Purple Ice,false,,DeMar DeRozan,
base,271,Prizms Purple Pulsar,false,,DeMar DeRozan,
base,271,Prizms Purple Wave,false,,DeMar DeRozan,
base,271,Prizms Red,false,,DeMar DeRozan,
base,271,Prizms Red Ice,false,,DeMar DeRozan,
base,271,Prizms Red White and Blue,false,,DeMar DeRozan,
base,271,Prizms Ruby Wave,false,,DeMar DeRozan,
base,271,Prizms Silver,false,,DeMar DeRozan,
base,271,Prizms White Sparkle,false,,DeMar DeRozan,
base,271,Prizms 1st Off the Line Blue Shimmer,false,,DeMar DeRozan,
base,271,Prizms 1st Off the Line Light Blue Shimmer,false,,DeMar DeRozan,
base,271,Prizms 1st Off the Line Red Shimmer,false,,DeMar DeRozan,
base,271,Prizms Black,false,,DeMar DeRozan,
base,271,Prizms Black Gold,false,,DeMar DeRozan,
insert-go-hard-or-go-home,11,Silver,false,,DeMar DeRozan,
insert-go-hard-or-go-home,11,Fast Break,false,,DeMar DeRozan,
insert-go-hard-or-go-home,11,Hyper,false,,DeMar DeRozan,
insert-go-hard-or-go-home,11,Mojo,false,25,DeMar DeRozan,
insert-go-hard-or-go-home,11,Gold,false,10,DeMar DeRozan,
insert-go-hard-or-go-home,11,Black,false,1,DeMar DeRozan,
base,261,Prizms Blue,false,,Dejounte Murray,
base,261,Prizms Blue Ice,false,,Dejounte Murray,
base,261,Prizms Choice Blue Yellow and Green,false,,Dejounte Murray,
base,261,Prizms Choice Green,false,,Dejounte Murray,
base,261,Prizms Choice Nebula,false,,Dejounte Murray,
base,261,Prizms Choice Red,false,,Dejounte Murray,
base,261,Prizms Choice Tiger Stripe,false,,Dejounte Murray,
base,261,Prizms Fast Break,false,,Dejounte Murray,
base,261,Prizms Fast Break Blue,false,,Dejounte Murray,
base,261,Prizms Fast Break Bronze,false,,Dejounte Murray,
base,261,Prizms Fast Break Neon Green,false,,Dejounte Murray,
base,261,Prizms Fast Break Pink,false,,Dejounte Murray,
base,261,Prizms Fast Break Purple,false,,Dejounte Murray,
base,261,Prizms Fast Break Red,false,,Dejounte Murray,
base,261,Prizms Gold,false,,Dejounte Murray,
base,261,Prizms Green,false,,Dejounte Murray,
base,261,Prizms Green Pulsar,false,,Dejounte Murray,
base,261,Prizms Hyper,false,,Dejounte Murray,
base,261,Prizms Mojo,false,,Dejounte Murray,
base,261,Prizms Orange,false,,Dejounte Murray,
base,261,Prizms Pink Ice,false,,Dejounte Murray,
base,261,Prizms Pink Pulsar,false,,Dejounte Murray,
base,261,Prizms Purple,false,,Dejounte Murray,
base,261,Prizms Purple Ice,false,,Dejounte Murray,
base,261,Prizms Purple Pulsar,false,,Dejounte Murray,
base,261,Prizms Purple Wave,false,,Dejounte Murray,
base,261,Prizms Red,false,,Dejounte Murray,
base,261,Prizms Red Ice,false,,Dejounte Murray,
base,261,Prizms Red White and Blue,false,,Dejounte Murray,
base,261,Prizms Ruby Wave,false,,Dejounte Murray,
base,261,Prizms Silver,false,,Dejounte Murray,
base,261,Prizms White Sparkle,false,,Dejounte Murray,
base,261,Prizms 1st Off the Line Blue Shimmer,false,,Dejounte Murray,
base,261,Prizms 1st Off the Line Light Blue Shimmer,false,,Dejounte Murray,
base,261,Prizms 1st Off the Line Red Shimmer,false,,Dejounte Murray,
base,261,Prizms Black,false,,Dejounte Murray,
base,261,Prizms Black Gold,false,,Dejounte Murray,
base,251,Prizms Blue,false,,Lonnie Walker IV,
base,251,Prizms Blue Ice,false,,Lonnie Walker IV,
base,251,Prizms Choice Blue Yellow and Green,false,,Lonnie Walker IV,
base,251,Prizms Choice Green,false,,Lonnie Walker IV,
base,251,Prizms Choice Nebula,false,,Lonnie Walker IV,
base,251,Prizms Choice Red,false,,Lonnie Walker IV,
base,251,Prizms Choice Tiger Stripe,false,,Lonnie Walker IV,
base,251,Prizms Fast Break,false,,Lonnie Walker IV,
base,251,Prizms Fast Break Blue,false,,Lonnie Walker IV,
base,251,Prizms Fast Break Bronze,false,,Lonnie Walker IV,
base,251,Prizms Fast Break Neon Green,false,,Lonnie Walker IV,
base,251,Prizms Fast Break Pink,false,,Lonnie Walker IV,
base,251,Prizms Fast Break Purple,false,,Lonnie Walker IV,
base,251,Prizms Fast Break Red,false,,Lonnie Walker IV,
base,251,Prizms Gold,false,,Lonnie Walker IV,
base,251,Prizms Green,false,,Lonnie Walker IV,
base,251,Prizms Green Pulsar,false,,Lonnie Walker IV,
base,251,Prizms Hyper,false,,Lonnie Walker IV,
base,251,Prizms Mojo,false,,Lonnie Walker IV,
base,251,Prizms Orange,false,,Lonnie Walker IV,
base,251,Prizms Pink Ice,false,,Lonnie Walker IV,
base,251,Prizms Pink Pulsar,false,,Lonnie Walker IV,
base,251,Prizms Purple,false,,Lonnie Walker IV,
base,251,Prizms Purple Ice,false,,Lonnie Walker IV,
base,251,Prizms Purple Pulsar,false,,Lonnie Walker IV,
base,251,Prizms Purple Wave,false,,Lonnie Walker IV,
base,251,Prizms Red,false,,Lonnie Walker IV,
base,251,Prizms Red Ice,false,,Lonnie Walker IV,
base,251,Prizms Red White and Blue,false,,Lonnie Walker IV,
base,251,Prizms Ruby Wave,false,,Lonnie Walker IV,
base,251,Prizms Silver,false,,Lonnie Walker IV,
base,251,Prizms White Sparkle,false,,Lonnie Walker IV,
base,251,Prizms 1st Off the Line Blue Shimmer,false,,Lonnie Walker IV,
base,251,Prizms 1st Off the Line Light Blue Shimmer,false,,Lonnie Walker IV,
base,251,Prizms 1st Off the Line Red Shimmer,false,,Lonnie Walker IV,
base,251,Prizms Black,false,,Lonnie Walker IV,
base,251,Prizms Black Gold,false,,Lonnie Walker IV,
base,3,Prizms Blue,false,,Rudy Gay,
base,3,Prizms Blue Ice,false,,Rudy Gay,
base,3,Prizms Choice Blue Yellow and Green,false,,Rudy Gay,
base,3,Prizms Choice Green,false,,Rudy Gay,
base,3,Prizms Choice Nebula,false,,Rudy Gay,
base,3,Prizms Choice Red,false,,Rudy Gay,
base,3,Prizms Choice Tiger Stripe,false,,Rudy Gay,
base,3,Prizms Fast Break,false,,Rudy Gay,
base,3,Prizms Fast Break Blue,false,,Rudy Gay,
base,3,Prizms Fast Break Bronze,false,,Rudy Gay,
base,3,Prizms Fast Break Neon Green,false,,Rudy Gay,
base,3,Prizms Fast Break Pink,false,,Rudy Gay,
base,3,Prizms Fast Break Purple,false,,Rudy Gay,
base,3,Prizms Fast Break Red,false,,Rudy Gay,
base,3,Prizms Gold,false,,Rudy Gay,
base,3,Prizms Green,false,,Rudy Gay,
base,3,Prizms Green Pulsar,false,,Rudy Gay,
base,3,Prizms Hyper,false,,Rudy Gay,
base,3,Prizms Mojo,false,,Rudy Gay,
base,3,Prizms Orange,false,,Rudy Gay,
base,3,Prizms Pink Ice,false,,Rudy Gay,
base,3,Prizms Pink Pulsar,false,,Rudy Gay,
base,3,Prizms Purple,false,,Rudy Gay,
base,3,Prizms Purple Ice,false,,Rudy Gay,
base,3,Prizms Purple Pulsar,false,,Rudy Gay,
base,3,Prizms Purple Wave,false,,Rudy Gay,
base,3,Prizms Red,false,,Rudy Gay,
base,3,Prizms Red Ice,false,,Rudy Gay,
base,3,Prizms Red White and Blue,false,,Rudy Gay,
base,3,Prizms Ruby Wave,false,,Rudy Gay,
base,3,Prizms Silver,false,,Rudy Gay,
base,3,Prizms White Sparkle,false,,Rudy Gay,
base,3,Prizms 1st Off the Line Blue Shimmer,false,,Rudy Gay,
base,3,Prizms 1st Off the Line Light Blue Shimmer,false,,Rudy Gay,
base,3,Prizms 1st Off the Line Red Shimmer,false,,Rudy Gay,
base,3,Prizms Black,false,,Rudy Gay,
base,3,Prizms Black Gold,false,,Rudy Gay,
auto-rookie-signatures,RS-LW4,Prizms Silver,true,,Lonnie Walker IV,
auto-rookie-signatures,RS-LW4,Prizms Choice,true,,Lonnie Walker IV,
auto-rookie-signatures,RS-LW4,Prizms Mojo,true,25,Lonnie Walker IV,
auto-rookie-signatures,RS-LW4,Prizms Gold,true,10,Lonnie Walker IV,
auto-rookie-signatures,RS-LW4,Prizms Choice Green,true,8,Lonnie Walker IV,
auto-rookie-signatures,RS-LW4,Prizms Black,true,1,Lonnie Walker IV,
auto-rookie-signatures,RS-LW4,Prizms White Sparkle,true,1,Lonnie Walker IV,
base,241,Prizms Blue,false,,Chimezie Metu,
base,241,Prizms Blue Ice,false,,Chimezie Metu,
base,241,Prizms Choice Blue Yellow and Green,false,,Chimezie Metu,
base,241,Prizms Choice Green,false,,Chimezie Metu,
base,241,Prizms Choice Nebula,false,,Chimezie Metu,
base,241,Prizms Choice Red,false,,Chimezie Metu,
base,241,Prizms Choice Tiger Stripe,false,,Chimezie Metu,
base,241,Prizms Fast Break,false,,Chimezie Metu,
base,241,Prizms Fast Break Blue,false,,Chimezie Metu,
base,241,Prizms Fast Break Bronze,false,,Chimezie Metu,
base,241,Prizms Fast Break Neon Green,false,,Chimezie Metu,
base,241,Prizms Fast Break Pink,false,,Chimezie Metu,
base,241,Prizms Fast Break Purple,false,,Chimezie Metu,
base,241,Prizms Fast Break Red,false,,Chimezie Metu,
base,241,Prizms Gold,false,,Chimezie Metu,
base,241,Prizms Green,false,,Chimezie Metu,
base,241,Prizms Green Pulsar,false,,Chimezie Metu,
base,241,Prizms Hyper,false,,Chimezie Metu,
base,241,Prizms Mojo,false,,Chimezie Metu,
base,241,Prizms Orange,false,,Chimezie Metu,
base,241,Prizms Pink Ice,false,,Chimezie Metu,
base,241,Prizms Pink Pulsar,false,,Chimezie Metu,
base,241,Prizms Purple,false,,Chimezie Metu,
base,241,Prizms Purple Ice,false,,Chimezie Metu,
base,241,Prizms Purple Pulsar,false,,Chimezie Metu,
base,241,Prizms Purple Wave,false,,Chimezie Metu,
base,241,Prizms Red,false,,Chimezie Metu,
base,241,Prizms Red Ice,false,,Chimezie Metu,
base,241,Prizms Red White and Blue,false,,Chimezie Metu,
base,241,Prizms Ruby Wave,false,,Chimezie Metu,
base,241,Prizms Silver,false,,Chimezie Metu,
base,241,Prizms White Sparkle,false,,Chimezie Metu,
base,241,Prizms 1st Off the Line Blue Shimmer,false,,Chimezie Metu,
base,241,Prizms 1st Off the Line Light Blue Shimmer,false,,Chimezie Metu,
base,241,Prizms 1st Off the Line Red Shimmer,false,,Chimezie Metu,
base,241,Prizms Black,false,,Chimezie Metu,
base,241,Prizms Black Gold,false,,Chimezie Metu,
auto-fastbreak-autographs-rookies,FR-LW4,Gold,true,10,Lonnie Walker IV,
auto-fastbreak-autographs-rookies,FR-LW4,Black,true,1,Lonnie Walker IV,
auto-fastbreak-autographs,FB-DRO,Gold,true,10,David Robinson,
auto-fastbreak-autographs,FB-DRO,Black,true,1,David Robinson,
base,103,Prizms Blue,false,,Fred VanVleet,
base,103,Prizms Blue Ice,false,,Fred VanVleet,
base,103,Prizms Choice Blue Yellow and Green,false,,Fred VanVleet,
base,103,Prizms Choice Green,false,,Fred VanVleet,
base,103,Prizms Choice Nebula,false,,Fred VanVleet,
base,103,Prizms Choice Red,false,,Fred VanVleet,
base,103,Prizms Choice Tiger Stripe,false,,Fred VanVleet,
base,103,Prizms Fast Break,false,,Fred VanVleet,
base,103,Prizms Fast Break Blue,false,,Fred VanVleet,
base,103,Prizms Fast Break Bronze,false,,Fred VanVleet,
base,103,Prizms Fast Break Neon Green,false,,Fred VanVleet,
base,103,Prizms Fast Break Pink,false,,Fred VanVleet,
base,103,Prizms Fast Break Purple,false,,Fred VanVleet,
base,103,Prizms Fast Break Red,false,,Fred VanVleet,
base,103,Prizms Gold,false,,Fred VanVleet,
base,103,Prizms Green,false,,Fred VanVleet,
base,103,Prizms Green Pulsar,false,,Fred VanVleet,
base,103,Prizms Hyper,false,,Fred VanVleet,
base,103,Prizms Mojo,false,,Fred VanVleet,
base,103,Prizms Orange,false,,Fred VanVleet,
base,103,Prizms Pink Ice,false,,Fred VanVleet,
base,103,Prizms Pink Pulsar,false,,Fred VanVleet,
base,103,Prizms Purple,false,,Fred VanVleet,
base,103,Prizms Purple Ice,false,,Fred VanVleet,
base,103,Prizms Purple Pulsar,false,,Fred VanVleet,
base,103,Prizms Purple Wave,false,,Fred VanVleet,
base,103,Prizms Red,false,,Fred VanVleet,
base,103,Prizms Red Ice,false,,Fred VanVleet,
base,103,Prizms Red White and Blue,false,,Fred VanVleet,
base,103,Prizms Ruby Wave,false,,Fred VanVleet,
base,103,Prizms Silver,false,,Fred VanVleet,
base,103,Prizms White Sparkle,false,,Fred VanVleet,
base,103,Prizms 1st Off the Line Blue Shimmer,false,,Fred VanVleet,
base,103,Prizms 1st Off the Line Light Blue Shimmer,false,,Fred VanVleet,
base,103,Prizms 1st Off the Line Red Shimmer,false,,Fred VanVleet,
base,103,Prizms Black,false,,Fred VanVleet,
base,103,Prizms Black Gold,false,,Fred VanVleet,
base,83,Prizms Blue,false,,Pascal Siakam,
base,83,Prizms Blue Ice,false,,Pascal Siakam,
base,83,Prizms Choice Blue Yellow and Green,false,,Pascal Siakam,
base,83,Prizms Choice Green,false,,Pascal Siakam,
base,83,Prizms Choice Nebula,false,,Pascal Siakam,
base,83,Prizms Choice Red,false,,Pascal Siakam,
base,83,Prizms Choice Tiger Stripe,false,,Pascal Siakam,
base,83,Prizms Fast Break,false,,Pascal Siakam,
base,83,Prizms Fast Break Blue,false,,Pascal Siakam,
base,83,Prizms Fast Break Bronze,false,,Pascal Siakam,
base,83,Prizms Fast Break Neon Green,false,,Pascal Siakam,
base,83,Prizms Fast Break Pink,false,,Pascal Siakam,
base,83,Prizms Fast Break Purple,false,,Pascal Siakam,
base,83,Prizms Fast Break Red,false,,Pascal Siakam,
base,83,Prizms Gold,false,,Pascal Siakam,
base,83,Prizms Green,false,,Pascal Siakam,
base,83,Prizms Green Pulsar,false,,Pascal Siakam,
base,83,Prizms Hyper,false,,Pascal Siakam,
base,83,Prizms Mojo,false,,Pascal Siakam,
base,83,Prizms Orange,false,,Pascal Siakam,
base,83,Prizms Pink Ice,false,,Pascal Siakam,
base,83,Prizms Pink Pulsar,false,,Pascal Siakam,
base,83,Prizms Purple,false,,Pascal Siakam,
base,83,Prizms Purple Ice,false,,Pascal Siakam,
base,83,Prizms Purple Pulsar,false,,Pascal Siakam,
base,83,Prizms Purple Wave,false,,Pascal Siakam,
base,83,Prizms Red,false,,Pascal Siakam,
base,83,Prizms Red Ice,false,,Pascal Siakam,
base,83,Prizms Red White and Blue,false,,Pascal Siakam,
base,83,Prizms Ruby Wave,false,,Pascal Siakam,
base,83,Prizms Silver,false,,Pascal Siakam,
base,83,Prizms White Sparkle,false,,Pascal Siakam,
base,83,Prizms 1st Off the Line Blue Shimmer,false,,Pascal Siakam,
base,83,Prizms 1st Off the Line Light Blue Shimmer,false,,Pascal Siakam,
base,83,Prizms 1st Off the Line Red Shimmer,false,,Pascal Siakam,
base,83,Prizms Black,false,,Pascal Siakam,
base,83,Prizms Black Gold,false,,Pascal Siakam,
base,43,Prizms Blue,false,,Danny Green,
base,43,Prizms Blue Ice,false,,Danny Green,
base,43,Prizms Choice Blue Yellow and Green,false,,Danny Green,
base,43,Prizms Choice Green,false,,Danny Green,
base,43,Prizms Choice Nebula,false,,Danny Green,
base,43,Prizms Choice Red,false,,Danny Green,
base,43,Prizms Choice Tiger Stripe,false,,Danny Green,
base,43,Prizms Fast Break,false,,Danny Green,
base,43,Prizms Fast Break Blue,false,,Danny Green,
base,43,Prizms Fast Break Bronze,false,,Danny Green,
base,43,Prizms Fast Break Neon Green,false,,Danny Green,
base,43,Prizms Fast Break Pink,false,,Danny Green,
base,43,Prizms Fast Break Purple,false,,Danny Green,
base,43,Prizms Fast Break Red,false,,Danny Green,
base,43,Prizms Gold,false,,Danny Green,
base,43,Prizms Green,false,,Danny Green,
base,43,Prizms Green Pulsar,false,,Danny Green,
base,43,Prizms Hyper,false,,Danny Green,
base,43,Prizms Mojo,false,,Danny Green,
base,43,Prizms Orange,false,,Danny Green,
base,43,Prizms Pink Ice,false,,Danny Green,
base,43,Prizms Pink Pulsar,false,,Danny Green,
base,43,Prizms Purple,false,,Danny Green,
base,43,Prizms Purple Ice,false,,Danny Green,
base,43,Prizms Purple Pulsar,false,,Danny Green,
base,43,Prizms Purple Wave,false,,Danny Green,
base,43,Prizms Red,false,,Danny Green,
base,43,Prizms Red Ice,false,,Danny Green,
base,43,Prizms Red White and Blue,false,,Danny Green,
base,43,Prizms Ruby Wave,false,,Danny Green,
base,43,Prizms Silver,false,,Danny Green,
base,43,Prizms White Sparkle,false,,Danny Green,
base,43,Prizms 1st Off the Line Blue Shimmer,false,,Danny Green,
base,43,Prizms 1st Off the Line Light Blue Shimmer,false,,Danny Green,
base,43,Prizms 1st Off the Line Red Shimmer,false,,Danny Green,
base,43,Prizms Black,false,,Danny Green,
base,43,Prizms Black Gold,false,,Danny Green,
base,113,Prizms Blue,false,,Delon Wright,
base,113,Prizms Blue Ice,false,,Delon Wright,
base,113,Prizms Choice Blue Yellow and Green,false,,Delon Wright,
base,113,Prizms Choice Green,false,,Delon Wright,
base,113,Prizms Choice Nebula,false,,Delon Wright,
base,113,Prizms Choice Red,false,,Delon Wright,
base,113,Prizms Choice Tiger Stripe,false,,Delon Wright,
base,113,Prizms Fast Break,false,,Delon Wright,
base,113,Prizms Fast Break Blue,false,,Delon Wright,
base,113,Prizms Fast Break Bronze,false,,Delon Wright,
base,113,Prizms Fast Break Neon Green,false,,Delon Wright,
base,113,Prizms Fast Break Pink,false,,Delon Wright,
base,113,Prizms Fast Break Purple,false,,Delon Wright,
base,113,Prizms Fast Break Red,false,,Delon Wright,
base,113,Prizms Gold,false,,Delon Wright,
base,113,Prizms Green,false,,Delon Wright,
base,113,Prizms Green Pulsar,false,,Delon Wright,
base,113,Prizms Hyper,false,,Delon Wright,
base,113,Prizms Mojo,false,,Delon Wright,
base,113,Prizms Orange,false,,Delon Wright,
base,113,Prizms Pink Ice,false,,Delon Wright,
base,113,Prizms Pink Pulsar,false,,Delon Wright,
base,113,Prizms Purple,false,,Delon Wright,
base,113,Prizms Purple Ice,false,,Delon Wright,
base,113,Prizms Purple Pulsar,false,,Delon Wright,
base,113,Prizms Purple Wave,false,,Delon Wright,
base,113,Prizms Red,false,,Delon Wright,
base,113,Prizms Red Ice,false,,Delon Wright,
base,113,Prizms Red White and Blue,false,,Delon Wright,
base,113,Prizms Ruby Wave,false,,Delon Wright,
base,113,Prizms Silver,false,,Delon Wright,
base,113,Prizms White Sparkle,false,,Delon Wright,
base,113,Prizms 1st Off the Line Blue Shimmer,false,,Delon Wright,
base,113,Prizms 1st Off the Line Light Blue Shimmer,false,,Delon Wright,
base,113,Prizms 1st Off the Line Red Shimmer,false,,Delon Wright,
base,113,Prizms Black,false,,Delon Wright,
base,113,Prizms Black Gold,false,,Delon Wright,
base,63,Prizms Blue,false,,OG Anunoby,
base,63,Prizms Blue Ice,false,,OG Anunoby,
base,63,Prizms Choice Blue Yellow and Green,false,,OG Anunoby,
base,63,Prizms Choice Green,false,,OG Anunoby,
base,63,Prizms Choice Nebula,false,,OG Anunoby,
base,63,Prizms Choice Red,false,,OG Anunoby,
base,63,Prizms Choice Tiger Stripe,false,,OG Anunoby,
base,63,Prizms Fast Break,false,,OG Anunoby,
base,63,Prizms Fast Break Blue,false,,OG Anunoby,
base,63,Prizms Fast Break Bronze,false,,OG Anunoby,
base,63,Prizms Fast Break Neon Green,false,,OG Anunoby,
base,63,Prizms Fast Break Pink,false,,OG Anunoby,
base,63,Prizms Fast Break Purple,false,,OG Anunoby,
base,63,Prizms Fast Break Red,false,,OG Anunoby,
base,63,Prizms Gold,false,,OG Anunoby,
base,63,Prizms Green,false,,OG Anunoby,
base,63,Prizms Green Pulsar,false,,OG Anunoby,
base,63,Prizms Hyper,false,,OG Anunoby,
base,63,Prizms Mojo,false,,OG Anunoby,
base,63,Prizms Orange,false,,OG Anunoby,
base,63,Prizms Pink Ice,false,,OG Anunoby,
base,63,Prizms Pink Pulsar,false,,OG Anunoby,
base,63,Prizms Purple,false,,OG Anunoby,
base,63,Prizms Purple Ice,false,,OG Anunoby,
base,63,Prizms Purple Pulsar,false,,OG Anunoby,
base,63,Prizms Purple Wave,false,,OG Anunoby,
base,63,Prizms Red,false,,OG Anunoby,
base,63,Prizms Red Ice,false,,OG Anunoby,
base,63,Prizms Red White and Blue,false,,OG Anunoby,
base,63,Prizms Ruby Wave,false,,OG Anunoby,
base,63,Prizms Silver,false,,OG Anunoby,
base,63,Prizms White Sparkle,false,,OG Anunoby,
base,63,Prizms 1st Off the Line Blue Shimmer,false,,OG Anunoby,
base,63,Prizms 1st Off the Line Light Blue Shimmer,false,,OG Anunoby,
base,63,Prizms 1st Off the Line Red Shimmer,false,,OG Anunoby,
base,63,Prizms Black,false,,OG Anunoby,
base,63,Prizms Black Gold,false,,OG Anunoby,
base,33,Prizms Blue,false,,Kyle Lowry,
base,33,Prizms Blue Ice,false,,Kyle Lowry,
base,33,Prizms Choice Blue Yellow and Green,false,,Kyle Lowry,
base,33,Prizms Choice Green,false,,Kyle Lowry,
base,33,Prizms Choice Nebula,false,,Kyle Lowry,
base,33,Prizms Choice Red,false,,Kyle Lowry,
base,33,Prizms Choice Tiger Stripe,false,,Kyle Lowry,
base,33,Prizms Fast Break,false,,Kyle Lowry,
base,33,Prizms Fast Break Blue,false,,Kyle Lowry,
base,33,Prizms Fast Break Bronze,false,,Kyle Lowry,
base,33,Prizms Fast Break Neon Green,false,,Kyle Lowry,
base,33,Prizms Fast Break Pink,false,,Kyle Lowry,
base,33,Prizms Fast Break Purple,false,,Kyle Lowry,
base,33,Prizms Fast Break Red,false,,Kyle Lowry,
base,33,Prizms Gold,false,,Kyle Lowry,
base,33,Prizms Green,false,,Kyle Lowry,
base,33,Prizms Green Pulsar,false,,Kyle Lowry,
base,33,Prizms Hyper,false,,Kyle Lowry,
base,33,Prizms Mojo,false,,Kyle Lowry,
base,33,Prizms Orange,false,,Kyle Lowry,
base,33,Prizms Pink Ice,false,,Kyle Lowry,
base,33,Prizms Pink Pulsar,false,,Kyle Lowry,
base,33,Prizms Purple,false,,Kyle Lowry,
base,33,Prizms Purple Ice,false,,Kyle Lowry,
base,33,Prizms Purple Pulsar,false,,Kyle Lowry,
base,33,Prizms Purple Wave,false,,Kyle Lowry,
base,33,Prizms Red,false,,Kyle Lowry,
base,33,Prizms Red Ice,false,,Kyle Lowry,
base,33,Prizms Red White and Blue,false,,Kyle Lowry,
base,33,Prizms Ruby Wave,false,,Kyle Lowry,
base,33,Prizms Silver,false,,Kyle Lowry,
base,33,Prizms White Sparkle,false,,Kyle Lowry,
base,33,Prizms 1st Off the Line Blue Shimmer,false,,Kyle Lowry,
base,33,Prizms 1st Off the Line Light Blue Shimmer,false,,Kyle Lowry,
base,33,Prizms 1st Off the Line Red Shimmer,false,,Kyle Lowry,
base,33,Prizms Black,false,,Kyle Lowry,
base,33,Prizms Black Gold,false,,Kyle Lowry,
auto-fastbreak-autographs,FB-TMG,Gold,true,10,Tracy McGrady,
auto-fastbreak-autographs,FB-TMG,Black,true,1,Tracy McGrady,
base,73,Prizms Blue,false,,Serge Ibaka,
base,73,Prizms Blue Ice,false,,Serge Ibaka,
base,73,Prizms Choice Blue Yellow and Green,false,,Serge Ibaka,
base,73,Prizms Choice Green,false,,Serge Ibaka,
base,73,Prizms Choice Nebula,false,,Serge Ibaka,
base,73,Prizms Choice Red,false,,Serge Ibaka,
base,73,Prizms Choice Tiger Stripe,false,,Serge Ibaka,
base,73,Prizms Fast Break,false,,Serge Ibaka,
base,73,Prizms Fast Break Blue,false,,Serge Ibaka,
base,73,Prizms Fast Break Bronze,false,,Serge Ibaka,
base,73,Prizms Fast Break Neon Green,false,,Serge Ibaka,
base,73,Prizms Fast Break Pink,false,,Serge Ibaka,
base,73,Prizms Fast Break Purple,false,,Serge Ibaka,
base,73,Prizms Fast Break Red,false,,Serge Ibaka,
base,73,Prizms Gold,false,,Serge Ibaka,
base,73,Prizms Green,false,,Serge Ibaka,
base,73,Prizms Green Pulsar,false,,Serge Ibaka,
base,73,Prizms Hyper,false,,Serge Ibaka,
base,73,Prizms Mojo,false,,Serge Ibaka,
base,73,Prizms Orange,false,,Serge Ibaka,
base,73,Prizms Pink Ice,false,,Serge Ibaka,
base,73,Prizms Pink Pulsar,false,,Serge Ibaka,
base,73,Prizms Purple,false,,Serge Ibaka,
base,73,Prizms Purple Ice,false,,Serge Ibaka,
base,73,Prizms Purple Pulsar,false,,Serge Ibaka,
base,73,Prizms Purple Wave,false,,Serge Ibaka,
base,73,Prizms Red,false,,Serge Ibaka,
base,73,Prizms Red Ice,false,,Serge Ibaka,
base,73,Prizms Red White and Blue,false,,Serge Ibaka,
base,73,Prizms Ruby Wave,false,,Serge Ibaka,
base,73,Prizms Silver,false,,Serge Ibaka,
base,73,Prizms White Sparkle,false,,Serge Ibaka,
base,73,Prizms 1st Off the Line Blue Shimmer,false,,Serge Ibaka,
base,73,Prizms 1st Off the Line Light Blue Shimmer,false,,Serge Ibaka,
base,73,Prizms 1st Off the Line Red Shimmer,false,,Serge Ibaka,
base,73,Prizms Black,false,,Serge Ibaka,
base,73,Prizms Black Gold,false,,Serge Ibaka,
base,53,Prizms Blue,false,,Kawhi Leonard,
base,53,Prizms Blue Ice,false,,Kawhi Leonard,
base,53,Prizms Choice Blue Yellow and Green,false,,Kawhi Leonard,
base,53,Prizms Choice Green,false,,Kawhi Leonard,
base,53,Prizms Choice Nebula,false,,Kawhi Leonard,
base,53,Prizms Choice Red,false,,Kawhi Leonard,
base,53,Prizms Choice Tiger Stripe,false,,Kawhi Leonard,
base,53,Prizms Fast Break,false,,Kawhi Leonard,
base,53,Prizms Fast Break Blue,false,,Kawhi Leonard,
base,53,Prizms Fast Break Bronze,false,,Kawhi Leonard,
base,53,Prizms Fast Break Neon Green,false,,Kawhi Leonard,
base,53,Prizms Fast Break Pink,false,,Kawhi Leonard,
base,53,Prizms Fast Break Purple,false,,Kawhi Leonard,
base,53,Prizms Fast Break Red,false,,Kawhi Leonard,
base,53,Prizms Gold,false,,Kawhi Leonard,
base,53,Prizms Green,false,,Kawhi Leonard,
base,53,Prizms Green Pulsar,false,,Kawhi Leonard,
base,53,Prizms Hyper,false,,Kawhi Leonard,
base,53,Prizms Mojo,false,,Kawhi Leonard,
base,53,Prizms Orange,false,,Kawhi Leonard,
base,53,Prizms Pink Ice,false,,Kawhi Leonard,
base,53,Prizms Pink Pulsar,false,,Kawhi Leonard,
base,53,Prizms Purple,false,,Kawhi Leonard,
base,53,Prizms Purple Ice,false,,Kawhi Leonard,
base,53,Prizms Purple Pulsar,false,,Kawhi Leonard,
base,53,Prizms Purple Wave,false,,Kawhi Leonard,
base,53,Prizms Red,false,,Kawhi Leonard,
base,53,Prizms Red Ice,false,,Kawhi Leonard,
base,53,Prizms Red White and Blue,false,,Kawhi Leonard,
base,53,Prizms Ruby Wave,false,,Kawhi Leonard,
base,53,Prizms Silver,false,,Kawhi Leonard,
base,53,Prizms White Sparkle,false,,Kawhi Leonard,
base,53,Prizms 1st Off the Line Blue Shimmer,false,,Kawhi Leonard,
base,53,Prizms 1st Off the Line Light Blue Shimmer,false,,Kawhi Leonard,
base,53,Prizms 1st Off the Line Red Shimmer,false,,Kawhi Leonard,
base,53,Prizms Black,false,,Kawhi Leonard,
base,53,Prizms Black Gold,false,,Kawhi Leonard,
base,93,Prizms Blue,false,,Jonas Valanciunas,
base,93,Prizms Blue Ice,false,,Jonas Valanciunas,
base,93,Prizms Choice Blue Yellow and Green,false,,Jonas Valanciunas,
base,93,Prizms Choice Green,false,,Jonas Valanciunas,
base,93,Prizms Choice Nebula,false,,Jonas Valanciunas,
base,93,Prizms Choice Red,false,,Jonas Valanciunas,
base,93,Prizms Choice Tiger Stripe,false,,Jonas Valanciunas,
base,93,Prizms Fast Break,false,,Jonas Valanciunas,
base,93,Prizms Fast Break Blue,false,,Jonas Valanciunas,
base,93,Prizms Fast Break Bronze,false,,Jonas Valanciunas,
base,93,Prizms Fast Break Neon Green,false,,Jonas Valanciunas,
base,93,Prizms Fast Break Pink,false,,Jonas Valanciunas,
base,93,Prizms Fast Break Purple,false,,Jonas Valanciunas,
base,93,Prizms Fast Break Red,false,,Jonas Valanciunas,
base,93,Prizms Gold,false,,Jonas Valanciunas,
base,93,Prizms Green,false,,Jonas Valanciunas,
base,93,Prizms Green Pulsar,false,,Jonas Valanciunas,
base,93,Prizms Hyper,false,,Jonas Valanciunas,
base,93,Prizms Mojo,false,,Jonas Valanciunas,
base,93,Prizms Orange,false,,Jonas Valanciunas,
base,93,Prizms Pink Ice,false,,Jonas Valanciunas,
base,93,Prizms Pink Pulsar,false,,Jonas Valanciunas,
base,93,Prizms Purple,false,,Jonas Valanciunas,
base,93,Prizms Purple Ice,false,,Jonas Valanciunas,
base,93,Prizms Purple Pulsar,false,,Jonas Valanciunas,
base,93,Prizms Purple Wave,false,,Jonas Valanciunas,
base,93,Prizms Red,false,,Jonas Valanciunas,
base,93,Prizms Red Ice,false,,Jonas Valanciunas,
base,93,Prizms Red White and Blue,false,,Jonas Valanciunas,
base,93,Prizms Ruby Wave,false,,Jonas Valanciunas,
base,93,Prizms Silver,false,,Jonas Valanciunas,
base,93,Prizms White Sparkle,false,,Jonas Valanciunas,
base,93,Prizms 1st Off the Line Blue Shimmer,false,,Jonas Valanciunas,
base,93,Prizms 1st Off the Line Light Blue Shimmer,false,,Jonas Valanciunas,
base,93,Prizms 1st Off the Line Red Shimmer,false,,Jonas Valanciunas,
base,93,Prizms Black,false,,Jonas Valanciunas,
base,93,Prizms Black Gold,false,,Jonas Valanciunas,
insert-fireworks,16,Silver,false,,Donovan Mitchell,
insert-fireworks,16,Fast Break,false,,Donovan Mitchell,
insert-fireworks,16,Hyper,false,,Donovan Mitchell,
insert-fireworks,16,Mojo,false,25,Donovan Mitchell,
insert-fireworks,16,Fast Gold,false,10,Donovan Mitchell,
insert-fireworks,16,Black,false,1,Donovan Mitchell,
base,133,Prizms Blue,false,,Ricky Rubio,
base,133,Prizms Blue Ice,false,,Ricky Rubio,
base,133,Prizms Choice Blue Yellow and Green,false,,Ricky Rubio,
base,133,Prizms Choice Green,false,,Ricky Rubio,
base,133,Prizms Choice Nebula,false,,Ricky Rubio,
base,133,Prizms Choice Red,false,,Ricky Rubio,
base,133,Prizms Choice Tiger Stripe,false,,Ricky Rubio,
base,133,Prizms Fast Break,false,,Ricky Rubio,
base,133,Prizms Fast Break Blue,false,,Ricky Rubio,
base,133,Prizms Fast Break Bronze,false,,Ricky Rubio,
base,133,Prizms Fast Break Neon Green,false,,Ricky Rubio,
base,133,Prizms Fast Break Pink,false,,Ricky Rubio,
base,133,Prizms Fast Break Purple,false,,Ricky Rubio,
base,133,Prizms Fast Break Red,false,,Ricky Rubio,
base,133,Prizms Gold,false,,Ricky Rubio,
base,133,Prizms Green,false,,Ricky Rubio,
base,133,Prizms Green Pulsar,false,,Ricky Rubio,
base,133,Prizms Hyper,false,,Ricky Rubio,
base,133,Prizms Mojo,false,,Ricky Rubio,
base,133,Prizms Orange,false,,Ricky Rubio,
base,133,Prizms Pink Ice,false,,Ricky Rubio,
base,133,Prizms Pink Pulsar,false,,Ricky Rubio,
base,133,Prizms Purple,false,,Ricky Rubio,
base,133,Prizms Purple Ice,false,,Ricky Rubio,
base,133,Prizms Purple Pulsar,false,,Ricky Rubio,
base,133,Prizms Purple Wave,false,,Ricky Rubio,
base,133,Prizms Red,false,,Ricky Rubio,
base,133,Prizms Red Ice,false,,Ricky Rubio,
base,133,Prizms Red White and Blue,false,,Ricky Rubio,
base,133,Prizms Ruby Wave,false,,Ricky Rubio,
base,133,Prizms Silver,false,,Ricky Rubio,
base,133,Prizms White Sparkle,false,,Ricky Rubio,
base,133,Prizms 1st Off the Line Blue Shimmer,false,,Ricky Rubio,
base,133,Prizms 1st Off the Line Light Blue Shimmer,false,,Ricky Rubio,
base,133,Prizms 1st Off the Line Red Shimmer,false,,Ricky Rubio,
base,133,Prizms Black,false,,Ricky Rubio,
base,133,Prizms Black Gold,false,,Ricky Rubio,
base,173,Prizms Blue,false,,Derrick Favors,
base,173,Prizms Blue Ice,false,,Derrick Favors,
base,173,Prizms Choice Blue Yellow and Green,false,,Derrick Favors,
base,173,Prizms Choice Green,false,,Derrick Favors,
base,173,Prizms Choice Nebula,false,,Derrick Favors,
base,173,Prizms Choice Red,false,,Derrick Favors,
base,173,Prizms Choice Tiger Stripe,false,,Derrick Favors,
base,173,Prizms Fast Break,false,,Derrick Favors,
base,173,Prizms Fast Break Blue,false,,Derrick Favors,
base,173,Prizms Fast Break Bronze,false,,Derrick Favors,
base,173,Prizms Fast Break Neon Green,false,,Derrick Favors,
base,173,Prizms Fast Break Pink,false,,Derrick Favors,
base,173,Prizms Fast Break Purple,false,,Derrick Favors,
base,173,Prizms Fast Break Red,false,,Derrick Favors,
base,173,Prizms Gold,false,,Derrick Favors,
base,173,Prizms Green,false,,Derrick Favors,
base,173,Prizms Green Pulsar,false,,Derrick Favors,
base,173,Prizms Hyper,false,,Derrick Favors,
base,173,Prizms Mojo,false,,Derrick Favors,
base,173,Prizms Orange,false,,Derrick Favors,
base,173,Prizms Pink Ice,false,,Derrick Favors,
base,173,Prizms Pink Pulsar,false,,Derrick Favors,
base,173,Prizms Purple,false,,Derrick Favors,
base,173,Prizms Purple Ice,false,,Derrick Favors,
base,173,Prizms Purple Pulsar,false,,Derrick Favors,
base,173,Prizms Purple Wave,false,,Derrick Favors,
base,173,Prizms Red,false,,Derrick Favors,
base,173,Prizms Red Ice,false,,Derrick Favors,
base,173,Prizms Red White and Blue,false,,Derrick Favors,
base,173,Prizms Ruby Wave,false,,Derrick Favors,
base,173,Prizms Silver,false,,Derrick Favors,
base,173,Prizms White Sparkle,false,,Derrick Favors,
base,173,Prizms 1st Off the Line Blue Shimmer,false,,Derrick Favors,
base,173,Prizms 1st Off the Line Light Blue Shimmer,false,,Derrick Favors,
base,173,Prizms 1st Off the Line Red Shimmer,false,,Derrick Favors,
base,173,Prizms Black,false,,Derrick Favors,
base,173,Prizms Black Gold,false,,Derrick Favors,
base,123,Prizms Blue,false,,Grayson Allen,
base,123,Prizms Blue Ice,false,,Grayson Allen,
base,123,Prizms Choice Blue Yellow and Green,false,,Grayson Allen,
base,123,Prizms Choice Green,false,,Grayson Allen,
base,123,Prizms Choice Nebula,false,,Grayson Allen,
base,123,Prizms Choice Red,false,,Grayson Allen,
base,123,Prizms Choice Tiger Stripe,false,,Grayson Allen,
base,123,Prizms Fast Break,false,,Grayson Allen,
base,123,Prizms Fast Break Blue,false,,Grayson Allen,
base,123,Prizms Fast Break Bronze,false,,Grayson Allen,
base,123,Prizms Fast Break Neon Green,false,,Grayson Allen,
base,123,Prizms Fast Break Pink,false,,Grayson Allen,
base,123,Prizms Fast Break Purple,false,,Grayson Allen,
base,123,Prizms Fast Break Red,false,,Grayson Allen,
base,123,Prizms Gold,false,,Grayson Allen,
base,123,Prizms Green,false,,Grayson Allen,
base,123,Prizms Green Pulsar,false,,Grayson Allen,
base,123,Prizms Hyper,false,,Grayson Allen,
base,123,Prizms Mojo,false,,Grayson Allen,
base,123,Prizms Orange,false,,Grayson Allen,
base,123,Prizms Pink Ice,false,,Grayson Allen,
base,123,Prizms Pink Pulsar,false,,Grayson Allen,
base,123,Prizms Purple,false,,Grayson Allen,
base,123,Prizms Purple Ice,false,,Grayson Allen,
base,123,Prizms Purple Pulsar,false,,Grayson Allen,
base,123,Prizms Purple Wave,false,,Grayson Allen,
base,123,Prizms Red,false,,Grayson Allen,
base,123,Prizms Red Ice,false,,Grayson Allen,
base,123,Prizms Red White and Blue,false,,Grayson Allen,
base,123,Prizms Ruby Wave,false,,Grayson Allen,
base,123,Prizms Silver,false,,Grayson Allen,
base,123,Prizms White Sparkle,false,,Grayson Allen,
base,123,Prizms 1st Off the Line Blue Shimmer,false,,Grayson Allen,
base,123,Prizms 1st Off the Line Light Blue Shimmer,false,,Grayson Allen,
base,123,Prizms 1st Off the Line Red Shimmer,false,,Grayson Allen,
base,123,Prizms Black,false,,Grayson Allen,
base,123,Prizms Black Gold,false,,Grayson Allen,
insert-hall-monitors,7,Green,false,,John Stockton,
insert-hall-monitors,7,Silver,false,,John Stockton,
base,163,Prizms Blue,false,,Dante Exum,
base,163,Prizms Blue Ice,false,,Dante Exum,
base,163,Prizms Choice Blue Yellow and Green,false,,Dante Exum,
base,163,Prizms Choice Green,false,,Dante Exum,
base,163,Prizms Choice Nebula,false,,Dante Exum,
base,163,Prizms Choice Red,false,,Dante Exum,
base,163,Prizms Choice Tiger Stripe,false,,Dante Exum,
base,163,Prizms Fast Break,false,,Dante Exum,
base,163,Prizms Fast Break Blue,false,,Dante Exum,
base,163,Prizms Fast Break Bronze,false,,Dante Exum,
base,163,Prizms Fast Break Neon Green,false,,Dante Exum,
base,163,Prizms Fast Break Pink,false,,Dante Exum,
base,163,Prizms Fast Break Purple,false,,Dante Exum,
base,163,Prizms Fast Break Red,false,,Dante Exum,
base,163,Prizms Gold,false,,Dante Exum,
base,163,Prizms Green,false,,Dante Exum,
base,163,Prizms Green Pulsar,false,,Dante Exum,
base,163,Prizms Hyper,false,,Dante Exum,
base,163,Prizms Mojo,false,,Dante Exum,
base,163,Prizms Orange,false,,Dante Exum,
base,163,Prizms Pink Ice,false,,Dante Exum,
base,163,Prizms Pink Pulsar,false,,Dante Exum,
base,163,Prizms Purple,false,,Dante Exum,
base,163,Prizms Purple Ice,false,,Dante Exum,
base,163,Prizms Purple Pulsar,false,,Dante Exum,
base,163,Prizms Purple Wave,false,,Dante Exum,
base,163,Prizms Red,false,,Dante Exum,
base,163,Prizms Red Ice,false,,Dante Exum,
base,163,Prizms Red White and Blue,false,,Dante Exum,
base,163,Prizms Ruby Wave,false,,Dante Exum,
base,163,Prizms Silver,false,,Dante Exum,
base,163,Prizms White Sparkle,false,,Dante Exum,
base,163,Prizms 1st Off the Line Blue Shimmer,false,,Dante Exum,
base,163,Prizms 1st Off the Line Light Blue Shimmer,false,,Dante Exum,
base,163,Prizms 1st Off the Line Red Shimmer,false,,Dante Exum,
base,163,Prizms Black,false,,Dante Exum,
base,163,Prizms Black Gold,false,,Dante Exum,
base,143,Prizms Blue,false,,Donovan Mitchell,
base,143,Prizms Blue Ice,false,,Donovan Mitchell,
base,143,Prizms Choice Blue Yellow and Green,false,,Donovan Mitchell,
base,143,Prizms Choice Green,false,,Donovan Mitchell,
base,143,Prizms Choice Nebula,false,,Donovan Mitchell,
base,143,Prizms Choice Red,false,,Donovan Mitchell,
base,143,Prizms Choice Tiger Stripe,false,,Donovan Mitchell,
base,143,Prizms Fast Break,false,,Donovan Mitchell,
base,143,Prizms Fast Break Blue,false,,Donovan Mitchell,
base,143,Prizms Fast Break Bronze,false,,Donovan Mitchell,
base,143,Prizms Fast Break Neon Green,false,,Donovan Mitchell,
base,143,Prizms Fast Break Pink,false,,Donovan Mitchell,
base,143,Prizms Fast Break Purple,false,,Donovan Mitchell,
base,143,Prizms Fast Break Red,false,,Donovan Mitchell,
base,143,Prizms Gold,false,,Donovan Mitchell,
base,143,Prizms Green,false,,Donovan Mitchell,
base,143,Prizms Green Pulsar,false,,Donovan Mitchell,
base,143,Prizms Hyper,false,,Donovan Mitchell,
base,143,Prizms Mojo,false,,Donovan Mitchell,
base,143,Prizms Orange,false,,Donovan Mitchell,
base,143,Prizms Pink Ice,false,,Donovan Mitchell,
base,143,Prizms Pink Pulsar,false,,Donovan Mitchell,
base,143,Prizms Purple,false,,Donovan Mitchell,
base,143,Prizms Purple Ice,false,,Donovan Mitchell,
base,143,Prizms Purple Pulsar,false,,Donovan Mitchell,
base,143,Prizms Purple Wave,false,,Donovan Mitchell,
base,143,Prizms Red,false,,Donovan Mitchell,
base,143,Prizms Red Ice,false,,Donovan Mitchell,
base,143,Prizms Red White and Blue,false,,Donovan Mitchell,
base,143,Prizms Ruby Wave,false,,Donovan Mitchell,
base,143,Prizms Silver,false,,Donovan Mitchell,
base,143,Prizms White Sparkle,false,,Donovan Mitchell,
base,143,Prizms 1st Off the Line Blue Shimmer,false,,Donovan Mitchell,
base,143,Prizms 1st Off the Line Light Blue Shimmer,false,,Donovan Mitchell,
base,143,Prizms 1st Off the Line Red Shimmer,false,,Donovan Mitchell,
base,143,Prizms Black,false,,Donovan Mitchell,
base,143,Prizms Black Gold,false,,Donovan Mitchell,
auto-signatures,S-JSK,Prizms Choice,true,,John Stockton,
auto-signatures,S-JSK,Prizms Silver,true,,John Stockton,
auto-signatures,S-JSK,Prizms Mojo,true,25,John Stockton,
auto-signatures,S-JSK,Prizms Gold,true,10,John Stockton,
auto-signatures,S-JSK,Prizms Choice Green,true,8,John Stockton,
auto-signatures,S-JSK,Prizms Black,true,1,John Stockton,
insert-emergent,21,Silver,false,,Grayson Allen,
insert-emergent,21,Green,false,,Grayson Allen,
auto-fastbreak-autographs,FB-JSK,Gold,true,10,John Stockton,
auto-fastbreak-autographs,FB-JSK,Black,true,1,John Stockton,
auto-fastbreak-autographs-rookies,FR-GAL,Gold,true,10,Grayson Allen,
auto-fastbreak-autographs-rookies,FR-GAL,Black,true,1,Grayson Allen,
insert-sensational-swatches,35,Prime,false,10,Rudy Gobert,
auto-signatures,S-AKL,Prizms Choice,true,,Andrei Kirilenko,
auto-signatures,S-AKL,Prizms Silver,true,,Andrei Kirilenko,
auto-signatures,S-AKL,Prizms Mojo,true,25,Andrei Kirilenko,
auto-signatures,S-AKL,Prizms Gold,true,10,Andrei Kirilenko,
auto-signatures,S-AKL,Prizms Choice Green,true,8,Andrei Kirilenko,
auto-signatures,S-AKL,Prizms Black,true,1,Andrei Kirilenko,
insert-dominance,12,Green,false,,Karl Malone,
insert-dominance,12,Silver,false,,Karl Malone,
insert-sensational-swatches,7,Prime,false,10,Derrick Favors,
base,153,Prizms Blue,false,,Joe Ingles,
base,153,Prizms Blue Ice,false,,Joe Ingles,
base,153,Prizms Choice Blue Yellow and Green,false,,Joe Ingles,
base,153,Prizms Choice Green,false,,Joe Ingles,
base,153,Prizms Choice Nebula,false,,Joe Ingles,
base,153,Prizms Choice Red,false,,Joe Ingles,
base,153,Prizms Choice Tiger Stripe,false,,Joe Ingles,
base,153,Prizms Fast Break,false,,Joe Ingles,
base,153,Prizms Fast Break Blue,false,,Joe Ingles,
base,153,Prizms Fast Break Bronze,false,,Joe Ingles,
base,153,Prizms Fast Break Neon Green,false,,Joe Ingles,
base,153,Prizms Fast Break Pink,false,,Joe Ingles,
base,153,Prizms Fast Break Purple,false,,Joe Ingles,
base,153,Prizms Fast Break Red,false,,Joe Ingles,
base,153,Prizms Gold,false,,Joe Ingles,
base,153,Prizms Green,false,,Joe Ingles,
base,153,Prizms Green Pulsar,false,,Joe Ingles,
base,153,Prizms Hyper,false,,Joe Ingles,
base,153,Prizms Mojo,false,,Joe Ingles,
base,153,Prizms Orange,false,,Joe Ingles,
base,153,Prizms Pink Ice,false,,Joe Ingles,
base,153,Prizms Pink Pulsar,false,,Joe Ingles,
base,153,Prizms Purple,false,,Joe Ingles,
base,153,Prizms Purple Ice,false,,Joe Ingles,
base,153,Prizms Purple Pulsar,false,,Joe Ingles,
base,153,Prizms Purple Wave,false,,Joe Ingles,
base,153,Prizms Red,false,,Joe Ingles,
base,153,Prizms Red Ice,false,,Joe Ingles,
base,153,Prizms Red White and Blue,false,,Joe Ingles,
base,153,Prizms Ruby Wave,false,,Joe Ingles,
base,153,Prizms Silver,false,,Joe Ingles,
base,153,Prizms White Sparkle,false,,Joe Ingles,
base,153,Prizms 1st Off the Line Blue Shimmer,false,,Joe Ingles,
base,153,Prizms 1st Off the Line Light Blue Shimmer,false,,Joe Ingles,
base,153,Prizms 1st Off the Line Red Shimmer,false,,Joe Ingles,
base,153,Prizms Black,false,,Joe Ingles,
base,153,Prizms Black Gold,false,,Joe Ingles,
auto-sensational-signatures,SS-DML,Prizms Choice,true,,Donovan Mitchell,
auto-sensational-signatures,SS-DML,Prizms Mojo,true,25,Donovan Mitchell,
auto-sensational-signatures,SS-DML,Prizms Gold,true,10,Donovan Mitchell,
auto-sensational-signatures,SS-DML,Prizms Choice Green,true,8,Donovan Mitchell,
auto-sensational-signatures,SS-DML,Prizms Black,true,1,Donovan Mitchell,
base,75,Prizms Blue,false,,Karl Malone,
base,75,Prizms Blue Ice,false,,Karl Malone,
base,75,Prizms Choice Blue Yellow and Green,false,,Karl Malone,
base,75,Prizms Choice Green,false,,Karl Malone,
base,75,Prizms Choice Nebula,false,,Karl Malone,
base,75,Prizms Choice Red,false,,Karl Malone,
base,75,Prizms Choice Tiger Stripe,false,,Karl Malone,
base,75,Prizms Fast Break,false,,Karl Malone,
base,75,Prizms Fast Break Blue,false,,Karl Malone,
base,75,Prizms Fast Break Bronze,false,,Karl Malone,
base,75,Prizms Fast Break Neon Green,false,,Karl Malone,
base,75,Prizms Fast Break Pink,false,,Karl Malone,
base,75,Prizms Fast Break Purple,false,,Karl Malone,
base,75,Prizms Fast Break Red,false,,Karl Malone,
base,75,Prizms Gold,false,,Karl Malone,
base,75,Prizms Green,false,,Karl Malone,
base,75,Prizms Green Pulsar,false,,Karl Malone,
base,75,Prizms Hyper,false,,Karl Malone,
base,75,Prizms Mojo,false,,Karl Malone,
base,75,Prizms Orange,false,,Karl Malone,
base,75,Prizms Pink Ice,false,,Karl Malone,
base,75,Prizms Pink Pulsar,false,,Karl Malone,
base,75,Prizms Purple,false,,Karl Malone,
base,75,Prizms Purple Ice,false,,Karl Malone,
base,75,Prizms Purple Pulsar,false,,Karl Malone,
base,75,Prizms Purple Wave,false,,Karl Malone,
base,75,Prizms Red,false,,Karl Malone,
base,75,Prizms Red Ice,false,,Karl Malone,
base,75,Prizms Red White and Blue,false,,Karl Malone,
base,75,Prizms Ruby Wave,false,,Karl Malone,
base,75,Prizms Silver,false,,Karl Malone,
base,75,Prizms White Sparkle,false,,Karl Malone,
base,75,Prizms 1st Off the Line Blue Shimmer,false,,Karl Malone,
base,75,Prizms 1st Off the Line Light Blue Shimmer,false,,Karl Malone,
base,75,Prizms 1st Off the Line Red Shimmer,false,,Karl Malone,
base,75,Prizms Black,false,,Karl Malone,
base,75,Prizms Black Gold,false,,Karl Malone,
insert-hall-monitors,5,Green,false,,Karl Malone,
insert-hall-monitors,5,Silver,false,,Karl Malone,
base,193,Prizms Blue,false,,Rudy Gobert,
base,193,Prizms Blue Ice,false,,Rudy Gobert,
base,193,Prizms Choice Blue Yellow and Green,false,,Rudy Gobert,
base,193,Prizms Choice Green,false,,Rudy Gobert,
base,193,Prizms Choice Nebula,false,,Rudy Gobert,
base,193,Prizms Choice Red,false,,Rudy Gobert,
base,193,Prizms Choice Tiger Stripe,false,,Rudy Gobert,
base,193,Prizms Fast Break,false,,Rudy Gobert,
base,193,Prizms Fast Break Blue,false,,Rudy Gobert,
base,193,Prizms Fast Break Bronze,false,,Rudy Gobert,
base,193,Prizms Fast Break Neon Green,false,,Rudy Gobert,
base,193,Prizms Fast Break Pink,false,,Rudy Gobert,
base,193,Prizms Fast Break Purple,false,,Rudy Gobert,
base,193,Prizms Fast Break Red,false,,Rudy Gobert,
base,193,Prizms Gold,false,,Rudy Gobert,
base,193,Prizms Green,false,,Rudy Gobert,
base,193,Prizms Green Pulsar,false,,Rudy Gobert,
base,193,Prizms Hyper,false,,Rudy Gobert,
base,193,Prizms Mojo,false,,Rudy Gobert,
base,193,Prizms Orange,false,,Rudy Gobert,
base,193,Prizms Pink Ice,false,,Rudy Gobert,
base,193,Prizms Pink Pulsar,false,,Rudy Gobert,
base,193,Prizms Purple,false,,Rudy Gobert,
base,193,Prizms Purple Ice,false,,Rudy Gobert,
base,193,Prizms Purple Pulsar,false,,Rudy Gobert,
base,193,Prizms Purple Wave,false,,Rudy Gobert,
base,193,Prizms Red,false,,Rudy Gobert,
base,193,Prizms Red Ice,false,,Rudy Gobert,
base,193,Prizms Red White and Blue,false,,Rudy Gobert,
base,193,Prizms Ruby Wave,false,,Rudy Gobert,
base,193,Prizms Silver,false,,Rudy Gobert,
base,193,Prizms White Sparkle,false,,Rudy Gobert,
base,193,Prizms 1st Off the Line Blue Shimmer,false,,Rudy Gobert,
base,193,Prizms 1st Off the Line Light Blue Shimmer,false,,Rudy Gobert,
base,193,Prizms 1st Off the Line Red Shimmer,false,,Rudy Gobert,
base,193,Prizms Black,false,,Rudy Gobert,
base,193,Prizms Black Gold,false,,Rudy Gobert,
insert-dominance,15,Green,false,,John Stockton,
insert-dominance,15,Silver,false,,John Stockton,
insert-sensational-swatches,50,Prime,false,10,Karl Malone,
insert-go-hard-or-go-home,17,Silver,false,,Donovan Mitchell,
insert-go-hard-or-go-home,17,Fast Break,false,,Donovan Mitchell,
insert-go-hard-or-go-home,17,Hyper,false,,Donovan Mitchell,
insert-go-hard-or-go-home,17,Mojo,false,25,Donovan Mitchell,
insert-go-hard-or-go-home,17,Gold,false,10,Donovan Mitchell,
insert-go-hard-or-go-home,17,Black,false,1,Donovan Mitchell,
base,183,Prizms Blue,false,,Jae Crowder,
base,183,Prizms Blue Ice,false,,Jae Crowder,
base,183,Prizms Choice Blue Yellow and Green,false,,Jae Crowder,
base,183,Prizms Choice Green,false,,Jae Crowder,
base,183,Prizms Choice Nebula,false,,Jae Crowder,
base,183,Prizms Choice Red,false,,Jae Crowder,
base,183,Prizms Choice Tiger Stripe,false,,Jae Crowder,
base,183,Prizms Fast Break,false,,Jae Crowder,
base,183,Prizms Fast Break Blue,false,,Jae Crowder,
base,183,Prizms Fast Break Bronze,false,,Jae Crowder,
base,183,Prizms Fast Break Neon Green,false,,Jae Crowder,
base,183,Prizms Fast Break Pink,false,,Jae Crowder,
base,183,Prizms Fast Break Purple,false,,Jae Crowder,
base,183,Prizms Fast Break Red,false,,Jae Crowder,
base,183,Prizms Gold,false,,Jae Crowder,
base,183,Prizms Green,false,,Jae Crowder,
base,183,Prizms Green Pulsar,false,,Jae Crowder,
base,183,Prizms Hyper,false,,Jae Crowder,
base,183,Prizms Mojo,false,,Jae Crowder,
base,183,Prizms Orange,false,,Jae Crowder,
base,183,Prizms Pink Ice,false,,Jae Crowder,
base,183,Prizms Pink Pulsar,false,,Jae Crowder,
base,183,Prizms Purple,false,,Jae Crowder,
base,183,Prizms Purple Ice,false,,Jae Crowder,
base,183,Prizms Purple Pulsar,false,,Jae Crowder,
base,183,Prizms Purple Wave,false,,Jae Crowder,
base,183,Prizms Red,false,,Jae Crowder,
base,183,Prizms Red Ice,false,,Jae Crowder,
base,183,Prizms Red White and Blue,false,,Jae Crowder,
base,183,Prizms Ruby Wave,false,,Jae Crowder,
base,183,Prizms Silver,false,,Jae Crowder,
base,183,Prizms White Sparkle,false,,Jae Crowder,
base,183,Prizms 1st Off the Line Blue Shimmer,false,,Jae Crowder,
base,183,Prizms 1st Off the Line Light Blue Shimmer,false,,Jae Crowder,
base,183,Prizms 1st Off the Line Red Shimmer,false,,Jae Crowder,
base,183,Prizms Black,false,,Jae Crowder,
base,183,Prizms Black Gold,false,,Jae Crowder,
base,185,Prizms Blue,false,,John Stockton,
base,185,Prizms Blue Ice,false,,John Stockton,
base,185,Prizms Choice Blue Yellow and Green,false,,John Stockton,
base,185,Prizms Choice Green,false,,John Stockton,
base,185,Prizms Choice Nebula,false,,John Stockton,
base,185,Prizms Choice Red,false,,John Stockton,
base,185,Prizms Choice Tiger Stripe,false,,John Stockton,
base,185,Prizms Fast Break,false,,John Stockton,
base,185,Prizms Fast Break Blue,false,,John Stockton,
base,185,Prizms Fast Break Bronze,false,,John Stockton,
base,185,Prizms Fast Break Neon Green,false,,John Stockton,
base,185,Prizms Fast Break Pink,false,,John Stockton,
base,185,Prizms Fast Break Purple,false,,John Stockton,
base,185,Prizms Fast Break Red,false,,John Stockton,
base,185,Prizms Gold,false,,John Stockton,
base,185,Prizms Green,false,,John Stockton,
base,185,Prizms Green Pulsar,false,,John Stockton,
base,185,Prizms Hyper,false,,John Stockton,
base,185,Prizms Mojo,false,,John Stockton,
base,185,Prizms Orange,false,,John Stockton,
base,185,Prizms Pink Ice,false,,John Stockton,
base,185,Prizms Pink Pulsar,false,,John Stockton,
base,185,Prizms Purple,false,,John Stockton,
base,185,Prizms Purple Ice,false,,John Stockton,
base,185,Prizms Purple Pulsar,false,,John Stockton,
base,185,Prizms Purple Wave,false,,John Stockton,
base,185,Prizms Red,false,,John Stockton,
base,185,Prizms Red Ice,false,,John Stockton,
base,185,Prizms Red White and Blue,false,,John Stockton,
base,185,Prizms Ruby Wave,false,,John Stockton,
base,185,Prizms Silver,false,,John Stockton,
base,185,Prizms White Sparkle,false,,John Stockton,
base,185,Prizms 1st Off the Line Blue Shimmer,false,,John Stockton,
base,185,Prizms 1st Off the Line Light Blue Shimmer,false,,John Stockton,
base,185,Prizms 1st Off the Line Red Shimmer,false,,John Stockton,
base,185,Prizms Black,false,,John Stockton,
base,185,Prizms Black Gold,false,,John Stockton,
insert-that-s-savage,6,Silver,false,,Donovan Mitchell,
insert-that-s-savage,6,Fast Break,false,,Donovan Mitchell,
insert-that-s-savage,6,Hyper,false,,Donovan Mitchell,
insert-that-s-savage,6,Mojo,false,25,Donovan Mitchell,
insert-that-s-savage,6,Gold,false,10,Donovan Mitchell,
insert-that-s-savage,6,Black,false,1,Donovan Mitchell,
base,203,Prizms Blue,false,,Alec Burks,
base,203,Prizms Blue Ice,false,,Alec Burks,
base,203,Prizms Choice Blue Yellow and Green,false,,Alec Burks,
base,203,Prizms Choice Green,false,,Alec Burks,
base,203,Prizms Choice Nebula,false,,Alec Burks,
base,203,Prizms Choice Red,false,,Alec Burks,
base,203,Prizms Choice Tiger Stripe,false,,Alec Burks,
base,203,Prizms Fast Break,false,,Alec Burks,
base,203,Prizms Fast Break Blue,false,,Alec Burks,
base,203,Prizms Fast Break Bronze,false,,Alec Burks,
base,203,Prizms Fast Break Neon Green,false,,Alec Burks,
base,203,Prizms Fast Break Pink,false,,Alec Burks,
base,203,Prizms Fast Break Purple,false,,Alec Burks,
base,203,Prizms Fast Break Red,false,,Alec Burks,
base,203,Prizms Gold,false,,Alec Burks,
base,203,Prizms Green,false,,Alec Burks,
base,203,Prizms Green Pulsar,false,,Alec Burks,
base,203,Prizms Hyper,false,,Alec Burks,
base,203,Prizms Mojo,false,,Alec Burks,
base,203,Prizms Orange,false,,Alec Burks,
base,203,Prizms Pink Ice,false,,Alec Burks,
base,203,Prizms Pink Pulsar,false,,Alec Burks,
base,203,Prizms Purple,false,,Alec Burks,
base,203,Prizms Purple Ice,false,,Alec Burks,
base,203,Prizms Purple Pulsar,false,,Alec Burks,
base,203,Prizms Purple Wave,false,,Alec Burks,
base,203,Prizms Red,false,,Alec Burks,
base,203,Prizms Red Ice,false,,Alec Burks,
base,203,Prizms Red White and Blue,false,,Alec Burks,
base,203,Prizms Ruby Wave,false,,Alec Burks,
base,203,Prizms Silver,false,,Alec Burks,
base,203,Prizms White Sparkle,false,,Alec Burks,
base,203,Prizms 1st Off the Line Blue Shimmer,false,,Alec Burks,
base,203,Prizms 1st Off the Line Light Blue Shimmer,false,,Alec Burks,
base,203,Prizms 1st Off the Line Red Shimmer,false,,Alec Burks,
base,203,Prizms Black,false,,Alec Burks,
base,203,Prizms Black Gold,false,,Alec Burks,
insert-freshman-phenoms,5,Green,false,,Grayson Allen,
insert-freshman-phenoms,5,Silver,false,,Grayson Allen,
auto-sensational-signatures,SS-GAL,Prizms Choice,true,,Grayson Allen,
auto-sensational-signatures,SS-GAL,Prizms Mojo,true,25,Grayson Allen,
auto-sensational-signatures,SS-GAL,Prizms Gold,true,10,Grayson Allen,
auto-sensational-signatures,SS-GAL,Prizms Choice Green,true,8,Grayson Allen,
auto-sensational-signatures,SS-GAL,Prizms Black,true,1,Grayson Allen,
insert-all-day,17,Fast Break,false,,Donovan Mitchell,
insert-all-day,17,Hyper,false,,Donovan Mitchell,
insert-all-day,17,Silver,false,,Donovan Mitchell,
insert-all-day,17,Mojo,false,25,Donovan Mitchell,
insert-all-day,17,Gold,false,10,Donovan Mitchell,
insert-all-day,17,Black,false,1,Donovan Mitchell,
insert-sensational-swatches,73,Prime,false,10,Grayson Allen,
base,253,Prizms Blue,false,,Otto Porter Jr.,
base,253,Prizms Blue Ice,false,,Otto Porter Jr.,
base,253,Prizms Choice Blue Yellow and Green,false,,Otto Porter Jr.,
base,253,Prizms Choice Green,false,,Otto Porter Jr.,
base,253,Prizms Choice Nebula,false,,Otto Porter Jr.,
base,253,Prizms Choice Red,false,,Otto Porter Jr.,
base,253,Prizms Choice Tiger Stripe,false,,Otto Porter Jr.,
base,253,Prizms Fast Break,false,,Otto Porter Jr.,
base,253,Prizms Fast Break Blue,false,,Otto Porter Jr.,
base,253,Prizms Fast Break Bronze,false,,Otto Porter Jr.,
base,253,Prizms Fast Break Neon Green,false,,Otto Porter Jr.,
base,253,Prizms Fast Break Pink,false,,Otto Porter Jr.,
base,253,Prizms Fast Break Purple,false,,Otto Porter Jr.,
base,253,Prizms Fast Break Red,false,,Otto Porter Jr.,
base,253,Prizms Gold,false,,Otto Porter Jr.,
base,253,Prizms Green,false,,Otto Porter Jr.,
base,253,Prizms Green Pulsar,false,,Otto Porter Jr.,
base,253,Prizms Hyper,false,,Otto Porter Jr.,
base,253,Prizms Mojo,false,,Otto Porter Jr.,
base,253,Prizms Orange,false,,Otto Porter Jr.,
base,253,Prizms Pink Ice,false,,Otto Porter Jr.,
base,253,Prizms Pink Pulsar,false,,Otto Porter Jr.,
base,253,Prizms Purple,false,,Otto Porter Jr.,
base,253,Prizms Purple Ice,false,,Otto Porter Jr.,
base,253,Prizms Purple Pulsar,false,,Otto Porter Jr.,
base,253,Prizms Purple Wave,false,,Otto Porter Jr.,
base,253,Prizms Red,false,,Otto Porter Jr.,
base,253,Prizms Red Ice,false,,Otto Porter Jr.,
base,253,Prizms Red White and Blue,false,,Otto Porter Jr.,
base,253,Prizms Ruby Wave,false,,Otto Porter Jr.,
base,253,Prizms Silver,false,,Otto Porter Jr.,
base,253,Prizms White Sparkle,false,,Otto Porter Jr.,
base,253,Prizms 1st Off the Line Blue Shimmer,false,,Otto Porter Jr.,
base,253,Prizms 1st Off the Line Light Blue Shimmer,false,,Otto Porter Jr.,
base,253,Prizms 1st Off the Line Red Shimmer,false,,Otto Porter Jr.,
base,253,Prizms Black,false,,Otto Porter Jr.,
base,253,Prizms Black Gold,false,,Otto Porter Jr.,
base,263,Prizms Blue,false,,Kelly Oubre Jr.,
base,263,Prizms Blue Ice,false,,Kelly Oubre Jr.,
base,263,Prizms Choice Blue Yellow and Green,false,,Kelly Oubre Jr.,
base,263,Prizms Choice Green,false,,Kelly Oubre Jr.,
base,263,Prizms Choice Nebula,false,,Kelly Oubre Jr.,
base,263,Prizms Choice Red,false,,Kelly Oubre Jr.,
base,263,Prizms Choice Tiger Stripe,false,,Kelly Oubre Jr.,
base,263,Prizms Fast Break,false,,Kelly Oubre Jr.,
base,263,Prizms Fast Break Blue,false,,Kelly Oubre Jr.,
base,263,Prizms Fast Break Bronze,false,,Kelly Oubre Jr.,
base,263,Prizms Fast Break Neon Green,false,,Kelly Oubre Jr.,
base,263,Prizms Fast Break Pink,false,,Kelly Oubre Jr.,
base,263,Prizms Fast Break Purple,false,,Kelly Oubre Jr.,
base,263,Prizms Fast Break Red,false,,Kelly Oubre Jr.,
base,263,Prizms Gold,false,,Kelly Oubre Jr.,
base,263,Prizms Green,false,,Kelly Oubre Jr.,
base,263,Prizms Green Pulsar,false,,Kelly Oubre Jr.,
base,263,Prizms Hyper,false,,Kelly Oubre Jr.,
base,263,Prizms Mojo,false,,Kelly Oubre Jr.,
base,263,Prizms Orange,false,,Kelly Oubre Jr.,
base,263,Prizms Pink Ice,false,,Kelly Oubre Jr.,
base,263,Prizms Pink Pulsar,false,,Kelly Oubre Jr.,
base,263,Prizms Purple,false,,Kelly Oubre Jr.,
base,263,Prizms Purple Ice,false,,Kelly Oubre Jr.,
base,263,Prizms Purple Pulsar,false,,Kelly Oubre Jr.,
base,263,Prizms Purple Wave,false,,Kelly Oubre Jr.,
base,263,Prizms Red,false,,Kelly Oubre Jr.,
base,263,Prizms Red Ice,false,,Kelly Oubre Jr.,
base,263,Prizms Red White and Blue,false,,Kelly Oubre Jr.,
base,263,Prizms Ruby Wave,false,,Kelly Oubre Jr.,
base,263,Prizms Silver,false,,Kelly Oubre Jr.,
base,263,Prizms White Sparkle,false,,Kelly Oubre Jr.,
base,263,Prizms 1st Off the Line Blue Shimmer,false,,Kelly Oubre Jr.,
base,263,Prizms 1st Off the Line Light Blue Shimmer,false,,Kelly Oubre Jr.,
base,263,Prizms 1st Off the Line Red Shimmer,false,,Kelly Oubre Jr.,
base,263,Prizms Black,false,,Kelly Oubre Jr.,
base,263,Prizms Black Gold,false,,Kelly Oubre Jr.,
insert-sensational-swatches,60,Prime,false,10,Marcin Gortat,
insert-fireworks,6,Silver,false,,John Wall,
insert-fireworks,6,Fast Break,false,,John Wall,
insert-fireworks,6,Hyper,false,,John Wall,
insert-fireworks,6,Mojo,false,25,John Wall,
insert-fireworks,6,Fast Gold,false,10,John Wall,
insert-fireworks,6,Black,false,1,John Wall,
base,243,Prizms Blue,false,,Austin Rivers,
base,243,Prizms Blue Ice,false,,Austin Rivers,
base,243,Prizms Choice Blue Yellow and Green,false,,Austin Rivers,
base,243,Prizms Choice Green,false,,Austin Rivers,
base,243,Prizms Choice Nebula,false,,Austin Rivers,
base,243,Prizms Choice Red,false,,Austin Rivers,
base,243,Prizms Choice Tiger Stripe,false,,Austin Rivers,
base,243,Prizms Fast Break,false,,Austin Rivers,
base,243,Prizms Fast Break Blue,false,,Austin Rivers,
base,243,Prizms Fast Break Bronze,false,,Austin Rivers,
base,243,Prizms Fast Break Neon Green,false,,Austin Rivers,
base,243,Prizms Fast Break Pink,false,,Austin Rivers,
base,243,Prizms Fast Break Purple,false,,Austin Rivers,
base,243,Prizms Fast Break Red,false,,Austin Rivers,
base,243,Prizms Gold,false,,Austin Rivers,
base,243,Prizms Green,false,,Austin Rivers,
base,243,Prizms Green Pulsar,false,,Austin Rivers,
base,243,Prizms Hyper,false,,Austin Rivers,
base,243,Prizms Mojo,false,,Austin Rivers,
base,243,Prizms Orange,false,,Austin Rivers,
base,243,Prizms Pink Ice,false,,Austin Rivers,
base,243,Prizms Pink Pulsar,false,,Austin Rivers,
base,243,Prizms Purple,false,,Austin Rivers,
base,243,Prizms Purple Ice,false,,Austin Rivers,
base,243,Prizms Purple Pulsar,false,,Austin Rivers,
base,243,Prizms Purple Wave,false,,Austin Rivers,
base,243,Prizms Red,false,,Austin Rivers,
base,243,Prizms Red Ice,false,,Austin Rivers,
base,243,Prizms Red White and Blue,false,,Austin Rivers,
base,243,Prizms Ruby Wave,false,,Austin Rivers,
base,243,Prizms Silver,false,,Austin Rivers,
base,243,Prizms White Sparkle,false,,Austin Rivers,
base,243,Prizms 1st Off the Line Blue Shimmer,false,,Austin Rivers,
base,243,Prizms 1st Off the Line Light Blue Shimmer,false,,Austin Rivers,
base,243,Prizms 1st Off the Line Red Shimmer,false,,Austin Rivers,
base,243,Prizms Black,false,,Austin Rivers,
base,243,Prizms Black Gold,false,,Austin Rivers,
base,273,Prizms Blue,false,,Markieff Morris,
base,273,Prizms Blue Ice,false,,Markieff Morris,
base,273,Prizms Choice Blue Yellow and Green,false,,Markieff Morris,
base,273,Prizms Choice Green,false,,Markieff Morris,
base,273,Prizms Choice Nebula,false,,Markieff Morris,
base,273,Prizms Choice Red,false,,Markieff Morris,
base,273,Prizms Choice Tiger Stripe,false,,Markieff Morris,
base,273,Prizms Fast Break,false,,Markieff Morris,
base,273,Prizms Fast Break Blue,false,,Markieff Morris,
base,273,Prizms Fast Break Bronze,false,,Markieff Morris,
base,273,Prizms Fast Break Neon Green,false,,Markieff Morris,
base,273,Prizms Fast Break Pink,false,,Markieff Morris,
base,273,Prizms Fast Break Purple,false,,Markieff Morris,
base,273,Prizms Fast Break Red,false,,Markieff Morris,
base,273,Prizms Gold,false,,Markieff Morris,
base,273,Prizms Green,false,,Markieff Morris,
base,273,Prizms Green Pulsar,false,,Markieff Morris,
base,273,Prizms Hyper,false,,Markieff Morris,
base,273,Prizms Mojo,false,,Markieff Morris,
base,273,Prizms Orange,false,,Markieff Morris,
base,273,Prizms Pink Ice,false,,Markieff Morris,
base,273,Prizms Pink Pulsar,false,,Markieff Morris,
base,273,Prizms Purple,false,,Markieff Morris,
base,273,Prizms Purple Ice,false,,Markieff Morris,
base,273,Prizms Purple Pulsar,false,,Markieff Morris,
base,273,Prizms Purple Wave,false,,Markieff Morris,
base,273,Prizms Red,false,,Markieff Morris,
base,273,Prizms Red Ice,false,,Markieff Morris,
base,273,Prizms Red White and Blue,false,,Markieff Morris,
base,273,Prizms Ruby Wave,false,,Markieff Morris,
base,273,Prizms Silver,false,,Markieff Morris,
base,273,Prizms White Sparkle,false,,Markieff Morris,
base,273,Prizms 1st Off the Line Blue Shimmer,false,,Markieff Morris,
base,273,Prizms 1st Off the Line Light Blue Shimmer,false,,Markieff Morris,
base,273,Prizms 1st Off the Line Red Shimmer,false,,Markieff Morris,
base,273,Prizms Black,false,,Markieff Morris,
base,273,Prizms Black Gold,false,,Markieff Morris,
insert-emergent,15,Silver,false,,Troy Brown Jr.,
insert-emergent,15,Green,false,,Troy Brown Jr.,
insert-sensational-swatches,37,Prime,false,10,Markieff Morris,
insert-sensational-swatches,36,Prime,false,10,John Wall,
base,223,Prizms Blue,false,,John Wall,
base,223,Prizms Blue Ice,false,,John Wall,
base,223,Prizms Choice Blue Yellow and Green,false,,John Wall,
base,223,Prizms Choice Green,false,,John Wall,
base,223,Prizms Choice Nebula,false,,John Wall,
base,223,Prizms Choice Red,false,,John Wall,
base,223,Prizms Choice Tiger Stripe,false,,John Wall,
base,223,Prizms Fast Break,false,,John Wall,
base,223,Prizms Fast Break Blue,false,,John Wall,
base,223,Prizms Fast Break Bronze,false,,John Wall,
base,223,Prizms Fast Break Neon Green,false,,John Wall,
base,223,Prizms Fast Break Pink,false,,John Wall,
base,223,Prizms Fast Break Purple,false,,John Wall,
base,223,Prizms Fast Break Red,false,,John Wall,
base,223,Prizms Gold,false,,John Wall,
base,223,Prizms Green,false,,John Wall,
base,223,Prizms Green Pulsar,false,,John Wall,
base,223,Prizms Hyper,false,,John Wall,
base,223,Prizms Mojo,false,,John Wall,
base,223,Prizms Orange,false,,John Wall,
base,223,Prizms Pink Ice,false,,John Wall,
base,223,Prizms Pink Pulsar,false,,John Wall,
base,223,Prizms Purple,false,,John Wall,
base,223,Prizms Purple Ice,false,,John Wall,
base,223,Prizms Purple Pulsar,false,,John Wall,
base,223,Prizms Purple Wave,false,,John Wall,
base,223,Prizms Red,false,,John Wall,
base,223,Prizms Red Ice,false,,John Wall,
base,223,Prizms Red White and Blue,false,,John Wall,
base,223,Prizms Ruby Wave,false,,John Wall,
base,223,Prizms Silver,false,,John Wall,
base,223,Prizms White Sparkle,false,,John Wall,
base,223,Prizms 1st Off the Line Blue Shimmer,false,,John Wall,
base,223,Prizms 1st Off the Line Light Blue Shimmer,false,,John Wall,
base,223,Prizms 1st Off the Line Red Shimmer,false,,John Wall,
base,223,Prizms Black,false,,John Wall,
base,223,Prizms Black Gold,false,,John Wall,
auto-fastbreak-autographs,FB-KOJ,Gold,true,10,Kelly Oubre Jr.,
auto-fastbreak-autographs,FB-KOJ,Black,true,1,Kelly Oubre Jr.,
base,213,Prizms Blue,false,,Troy Brown Jr.,
base,213,Prizms Blue Ice,false,,Troy Brown Jr.,
base,213,Prizms Choice Blue Yellow and Green,false,,Troy Brown Jr.,
base,213,Prizms Choice Green,false,,Troy Brown Jr.,
base,213,Prizms Choice Nebula,false,,Troy Brown Jr.,
base,213,Prizms Choice Red,false,,Troy Brown Jr.,
base,213,Prizms Choice Tiger Stripe,false,,Troy Brown Jr.,
base,213,Prizms Fast Break,false,,Troy Brown Jr.,
base,213,Prizms Fast Break Blue,false,,Troy Brown Jr.,
base,213,Prizms Fast Break Bronze,false,,Troy Brown Jr.,
base,213,Prizms Fast Break Neon Green,false,,Troy Brown Jr.,
base,213,Prizms Fast Break Pink,false,,Troy Brown Jr.,
base,213,Prizms Fast Break Purple,false,,Troy Brown Jr.,
base,213,Prizms Fast Break Red,false,,Troy Brown Jr.,
base,213,Prizms Gold,false,,Troy Brown Jr.,
base,213,Prizms Green,false,,Troy Brown Jr.,
base,213,Prizms Green Pulsar,false,,Troy Brown Jr.,
base,213,Prizms Hyper,false,,Troy Brown Jr.,
base,213,Prizms Mojo,false,,Troy Brown Jr.,
base,213,Prizms Orange,false,,Troy Brown Jr.,
base,213,Prizms Pink Ice,false,,Troy Brown Jr.,
base,213,Prizms Pink Pulsar,false,,Troy Brown Jr.,
base,213,Prizms Purple,false,,Troy Brown Jr.,
base,213,Prizms Purple Ice,false,,Troy Brown Jr.,
base,213,Prizms Purple Pulsar,false,,Troy Brown Jr.,
base,213,Prizms Purple Wave,false,,Troy Brown Jr.,
base,213,Prizms Red,false,,Troy Brown Jr.,
base,213,Prizms Red Ice,false,,Troy Brown Jr.,
base,213,Prizms Red White and Blue,false,,Troy Brown Jr.,
base,213,Prizms Ruby Wave,false,,Troy Brown Jr.,
base,213,Prizms Silver,false,,Troy Brown Jr.,
base,213,Prizms White Sparkle,false,,Troy Brown Jr.,
base,213,Prizms 1st Off the Line Blue Shimmer,false,,Troy Brown Jr.,
base,213,Prizms 1st Off the Line Light Blue Shimmer,false,,Troy Brown Jr.,
base,213,Prizms 1st Off the Line Red Shimmer,false,,Troy Brown Jr.,
base,213,Prizms Black,false,,Troy Brown Jr.,
base,213,Prizms Black Gold,false,,Troy Brown Jr.,
insert-freshman-phenoms,11,Green,false,,Troy Brown Jr.,
insert-freshman-phenoms,11,Silver,false,,Troy Brown Jr.,
auto-fastbreak-autographs-rookies,FR-TBR,Gold,true,10,Troy Brown Jr.,
auto-fastbreak-autographs-rookies,FR-TBR,Black,true,1,Troy Brown Jr.,
base,283,Prizms Blue,false,,Jeff Green,
base,283,Prizms Blue Ice,false,,Jeff Green,
base,283,Prizms Choice Blue Yellow and Green,false,,Jeff Green,
base,283,Prizms Choice Green,false,,Jeff Green,
base,283,Prizms Choice Nebula,false,,Jeff Green,
base,283,Prizms Choice Red,false,,Jeff Green,
base,283,Prizms Choice Tiger Stripe,false,,Jeff Green,
base,283,Prizms Fast Break,false,,Jeff Green,
base,283,Prizms Fast Break Blue,false,,Jeff Green,
base,283,Prizms Fast Break Bronze,false,,Jeff Green,
base,283,Prizms Fast Break Neon Green,false,,Jeff Green,
base,283,Prizms Fast Break Pink,false,,Jeff Green,
base,283,Prizms Fast Break Purple,false,,Jeff Green,
base,283,Prizms Fast Break Red,false,,Jeff Green,
base,283,Prizms Gold,false,,Jeff Green,
base,283,Prizms Green,false,,Jeff Green,
base,283,Prizms Green Pulsar,false,,Jeff Green,
base,283,Prizms Hyper,false,,Jeff Green,
base,283,Prizms Mojo,false,,Jeff Green,
base,283,Prizms Orange,false,,Jeff Green,
base,283,Prizms Pink Ice,false,,Jeff Green,
base,283,Prizms Pink Pulsar,false,,Jeff Green,
base,283,Prizms Purple,false,,Jeff Green,
base,283,Prizms Purple Ice,false,,Jeff Green,
base,283,Prizms Purple Pulsar,false,,Jeff Green,
base,283,Prizms Purple Wave,false,,Jeff Green,
base,283,Prizms Red,false,,Jeff Green,
base,283,Prizms Red Ice,false,,Jeff Green,
base,283,Prizms Red White and Blue,false,,Jeff Green,
base,283,Prizms Ruby Wave,false,,Jeff Green,
base,283,Prizms Silver,false,,Jeff Green,
base,283,Prizms White Sparkle,false,,Jeff Green,
base,283,Prizms 1st Off the Line Blue Shimmer,false,,Jeff Green,
base,283,Prizms 1st Off the Line Light Blue Shimmer,false,,Jeff Green,
base,283,Prizms 1st Off the Line Red Shimmer,false,,Jeff Green,
base,283,Prizms Black,false,,Jeff Green,
base,283,Prizms Black Gold,false,,Jeff Green,
insert-sensational-swatches,98,Prime,false,10,Troy Brown Jr.,
insert-sensational-swatches,48,Prime,false,10,Bradley Beal,
auto-rookie-signatures,RS-TBR,Prizms Silver,true,,Troy Brown Jr.,
auto-rookie-signatures,RS-TBR,Prizms Choice,true,,Troy Brown Jr.,
auto-rookie-signatures,RS-TBR,Prizms Mojo,true,25,Troy Brown Jr.,
auto-rookie-signatures,RS-TBR,Prizms Gold,true,10,Troy Brown Jr.,
auto-rookie-signatures,RS-TBR,Prizms Choice Green,true,8,Troy Brown Jr.,
auto-rookie-signatures,RS-TBR,Prizms Black,true,1,Troy Brown Jr.,
auto-rookie-signatures,RS-TBR,Prizms White Sparkle,true,1,Troy Brown Jr.,
base,233,Prizms Blue,false,,Bradley Beal,
base,233,Prizms Blue Ice,false,,Bradley Beal,
base,233,Prizms Choice Blue Yellow and Green,false,,Bradley Beal,
base,233,Prizms Choice Green,false,,Bradley Beal,
base,233,Prizms Choice Nebula,false,,Bradley Beal,
base,233,Prizms Choice Red,false,,Bradley Beal,
base,233,Prizms Choice Tiger Stripe,false,,Bradley Beal,
base,233,Prizms Fast Break,false,,Bradley Beal,
base,233,Prizms Fast Break Blue,false,,Bradley Beal,
base,233,Prizms Fast Break Bronze,false,,Bradley Beal,
base,233,Prizms Fast Break Neon Green,false,,Bradley Beal,
base,233,Prizms Fast Break Pink,false,,Bradley Beal,
base,233,Prizms Fast Break Purple,false,,Bradley Beal,
base,233,Prizms Fast Break Red,false,,Bradley Beal,
base,233,Prizms Gold,false,,Bradley Beal,
base,233,Prizms Green,false,,Bradley Beal,
base,233,Prizms Green Pulsar,false,,Bradley Beal,
base,233,Prizms Hyper,false,,Bradley Beal,
base,233,Prizms Mojo,false,,Bradley Beal,
base,233,Prizms Orange,false,,Bradley Beal,
base,233,Prizms Pink Ice,false,,Bradley Beal,
base,233,Prizms Pink Pulsar,false,,Bradley Beal,
base,233,Prizms Purple,false,,Bradley Beal,
base,233,Prizms Purple Ice,false,,Bradley Beal,
base,233,Prizms Purple Pulsar,false,,Bradley Beal,
base,233,Prizms Purple Wave,false,,Bradley Beal,
base,233,Prizms Red,false,,Bradley Beal,
base,233,Prizms Red Ice,false,,Bradley Beal,
base,233,Prizms Red White and Blue,false,,Bradley Beal,
base,233,Prizms Ruby Wave,false,,Bradley Beal,
base,233,Prizms Silver,false,,Bradley Beal,
base,233,Prizms White Sparkle,false,,Bradley Beal,
base,233,Prizms 1st Off the Line Blue Shimmer,false,,Bradley Beal,
base,233,Prizms 1st Off the Line Light Blue Shimmer,false,,Bradley Beal,
base,233,Prizms 1st Off the Line Red Shimmer,false,,Bradley Beal,
base,233,Prizms Black,false,,Bradley Beal,
base,233,Prizms Black Gold,false,,Bradley Beal,
insert-sensational-swatches,80,Prime,false,10,Christian Laettner,
base,293,Prizms Blue,false,,Dwight Howard,
base,293,Prizms Blue Ice,false,,Dwight Howard,
base,293,Prizms Choice Blue Yellow and Green,false,,Dwight Howard,
base,293,Prizms Choice Green,false,,Dwight Howard,
base,293,Prizms Choice Nebula,false,,Dwight Howard,
base,293,Prizms Choice Red,false,,Dwight Howard,
base,293,Prizms Choice Tiger Stripe,false,,Dwight Howard,
base,293,Prizms Fast Break,false,,Dwight Howard,
base,293,Prizms Fast Break Blue,false,,Dwight Howard,
base,293,Prizms Fast Break Bronze,false,,Dwight Howard,
base,293,Prizms Fast Break Neon Green,false,,Dwight Howard,
base,293,Prizms Fast Break Pink,false,,Dwight Howard,
base,293,Prizms Fast Break Purple,false,,Dwight Howard,
base,293,Prizms Fast Break Red,false,,Dwight Howard,
base,293,Prizms Gold,false,,Dwight Howard,
base,293,Prizms Green,false,,Dwight Howard,
base,293,Prizms Green Pulsar,false,,Dwight Howard,
base,293,Prizms Hyper,false,,Dwight Howard,
base,293,Prizms Mojo,false,,Dwight Howard,
base,293,Prizms Orange,false,,Dwight Howard,
base,293,Prizms Pink Ice,false,,Dwight Howard,
base,293,Prizms Pink Pulsar,false,,Dwight Howard,
base,293,Prizms Purple,false,,Dwight Howard,
base,293,Prizms Purple Ice,false,,Dwight Howard,
base,293,Prizms Purple Pulsar,false,,Dwight Howard,
base,293,Prizms Purple Wave,false,,Dwight Howard,
base,293,Prizms Red,false,,Dwight Howard,
base,293,Prizms Red Ice,false,,Dwight Howard,
base,293,Prizms Red White and Blue,false,,Dwight Howard,
base,293,Prizms Ruby Wave,false,,Dwight Howard,
base,293,Prizms Silver,false,,Dwight Howard,
base,293,Prizms White Sparkle,false,,Dwight Howard,
base,293,Prizms 1st Off the Line Blue Shimmer,false,,Dwight Howard,
base,293,Prizms 1st Off the Line Light Blue Shimmer,false,,Dwight Howard,
base,293,Prizms 1st Off the Line Red Shimmer,false,,Dwight Howard,
base,293,Prizms Black,false,,Dwight Howard,
base,293,Prizms Black Gold,false,,Dwight Howard,
insert-all-day,21,Fast Break,false,,John Wall,
insert-all-day,21,Hyper,false,,John Wall,
insert-all-day,21,Silver,false,,John Wall,
insert-all-day,21,Mojo,false,25,John Wall,
insert-all-day,21,Gold,false,10,John Wall,
insert-all-day,21,Black,false,1,John Wall,
auto-sensational-signatures,SS-TBR,Prizms Choice,true,,Troy Brown Jr.,
auto-sensational-signatures,SS-TBR,Prizms Mojo,true,25,Troy Brown Jr.,
auto-sensational-signatures,SS-TBR,Prizms Gold,true,10,Troy Brown Jr.,
auto-sensational-signatures,SS-TBR,Prizms Choice Green,true,8,Troy Brown Jr.,
auto-sensational-signatures,SS-TBR,Prizms Black,true,1,Troy Brown Jr.,
