category,cardNumber,parallel,isAuto,printRun,player,parallelNote
insert-penmanship,PE-TRY,,false,,Trae Young,
auto-fast-break-autographs,FBA-SWB,,true,,Spud Webb,
auto-fast-break-rookie-autographs,FR-OOK,,true,,Onyeka Okongwu,
insert-penmanship,PE-DOM,,false,,Dominique Wilkins,
insert-penmanship,PE-DJO,,false,,Damian Jones,
insert-penmanship,PE-DEB,,false,,DeAndre' Bembry,
insert-instant-impact,23,,false,,Onyeka Okongwu,
insert-fireworks,28,,false,,Trae Young,
base,260b,,false,,Onyeka Okongwu,
insert-sensational-swatches,SSW-JCL,,false,,John Collins,
base,28,,false,,John Collins,
insert-sensational-swatches,SSW-DEA,,false,,DeAndre' Bembry,
auto-signatures,SI-TRA,,true,,Trae Young,
insert-sensational-swatches,SSW-CCA,,false,,Clint Capela,
insert-downtown-bound,8,,false,,Trae Young,
base,255,,false,,Skylar Mays,
base,38,,false,,De'Andre Hunter,
base,42,,false,,Jeff Teague,
auto-sensational-signatures,SS-SMY,,true,,Skylar Mays,
auto-sensational-signatures,SS-OOG,,true,,Onyeka Okongwu,
auto-signatures,SI-JCO,,true,,John Collins,
base,11,,false,,DeAndre' Bembry,
auto-sensational-signatures,SS-KHU,,true,,Kevin Huerter,
auto-sensational-signatures,SS-JCO,,true,,John Collins,
insert-sophomore-stars,6,,false,,Cam Reddish,
base,64,,false,,Trae Young,
insert-emergent,25,,false,,Onyeka Okongwu,
insert-widescreen,7,,false,,Trae Young,
base,69,,false,,Clint Capela,
base,169,,false,,Cam Reddish,
auto-rookie-signatures,RS-SMY,,true,,Skylar Mays,
auto-rookie-signatures,RS-OOG,,true,,Onyeka Okongwu,
auto-fast-break-autographs,FBA-DAH,,true,,De'Andre Hunter,
auto-fast-break-autographs,FBA-DWL,,true,,Dominique Wilkins,
insert-rookie-penmanship,RP-SMY,,false,,Skylar Mays,
insert-rookie-penmanship,RP-OOG,,false,,Onyeka Okongwu,
base,260,,false,,Onyeka Okongwu,
insert-sensational-swatches,SSW-MBI,,false,,Mike Bibby,
insert-dominance,25,,false,,Trae Young,
insert-prizm,13,,false,,Trae Young,
base,107,,false,,Kevin Huerter,
auto-signatures,SI-TFL,,true,,Tacko Fall,
auto-fast-break-rookie-autographs,FR-PPT,,true,,Payton Pritchard,
auto-sensational-signatures,SS-ANS,,true,,Aaron Nesmith,
insert-downtown-bound,6,,false,,Jayson Tatum,
auto-fast-break-autographs,FBA-RAL,,true,,Ray Allen,
insert-fearless,4,,false,,Larry Bird,
auto-sensational-signatures,SS-LBI,,true,,Larry Bird,
insert-instant-impact,2,,false,,Aaron Nesmith,
auto-signatures,SI-BWL,,true,,Bill Walton,
insert-fireworks,27,,false,,Jayson Tatum,
base,257,,false,,Payton Pritchard,
auto-sensational-signatures,SS-JTU,,true,,Jayson Tatum,
insert-emergent,18,,false,,Payton Pritchard,
insert-fearless,12,,false,,Paul Pierce,
auto-fast-break-autographs,FBA-DRA,,true,,Dino Radja,
insert-sensational-swatches,SSW-JTA,,false,,Jayson Tatum,
base,189,,false,,Jaylen Brown,
auto-fast-break-autographs,FBA-LBI,,true,,Larry Bird,
auto-fast-break-autographs,FBA-BSC,,true,,Brian Scalabrine,
auto-rookie-signatures,RS-PPC,,true,,Payton Pritchard,
insert-sensational-swatches,SSW-JBR,,false,,Jaylen Brown,
insert-dominance,9,,false,,Jayson Tatum,
insert-sensational-swatches,SSW-LAB,,false,,Larry Bird,
base,282,,false,,Aaron Nesmith,
auto-signatures,SI-BSC,,true,,Brian Scalabrine,
base,35,,false,,Robert Williams III,
insert-rookie-penmanship,RP-ANS,,false,,Aaron Nesmith,
insert-sensational-swatches,SSW-XAM,,false,,Xavier McDaniel,
base,282b,,false,,Aaron Nesmith,
insert-rookie-penmanship,RP-PPC,,false,,Payton Pritchard,
base,212,,false,,Enes Kanter,
insert-downtown-bound,10,,false,,Kemba Walker,
base,47,,false,,Gordon Hayward,
insert-dominance,13,,false,,Kemba Walker,
insert-prizm,9,,false,,Jayson Tatum,
auto-sensational-signatures,SS-PPC,,true,,Payton Pritchard,
insert-penmanship,PE-PPI,,false,,Paul Pierce,
auto-sensational-signatures,SS-XAV,,true,,Xavier McDaniel,
auto-rookie-signatures,RS-ANS,,true,,Aaron Nesmith,
auto-fast-break-autographs,FBA-THE,,true,,Tom Heinsohn,
auto-fast-break-rookie-autographs,FR-ANS,,true,,Aaron Nesmith,
insert-emergent,11,,false,,Aaron Nesmith,
auto-sensational-signatures,SS-GHA,,true,,Gordon Hayward,
base,119,,false,,Jayson Tatum,
auto-sensational-signatures,SS-DRA,,true,,Dino Radja,
base,121,,false,,Daniel Theis,
base,122,,false,,Kemba Walker,
base,97,,false,,Marcus Smart,
base,81,,false,,Kevin Durant,
base,162,,false,,Caris LeVert,
insert-sensational-swatches,SSW-ABA,,false,,Andrea Bargnani,
insert-dominance,14,,false,,Kevin Durant,
base,45,,false,,Joe Harris,
insert-downtown-bound,23,,false,,Kyrie Irving,
insert-sensational-swatches,SSW-SDW,,false,,Spencer Dinwiddie,
auto-sensational-signatures,SS-JOE,,true,,Joe Harris,
base,12,,false,,Spencer Dinwiddie,
auto-sensational-signatures,SS-JAL,,true,,Jarrett Allen,
auto-fast-break-autographs,FBA-KDU,,true,,Kevin Durant,
insert-prizm,4,,false,,Kevin Durant,
insert-dominance,16,,false,,Kyrie Irving,
auto-fast-break-autographs,FBA-SDW,,true,,Spencer Dinwiddie,
insert-prizm,12,,false,,Kyrie Irving,
insert-penmanship,PE-OTB,,false,,Otis Birdsong,
insert-penmanship,PE-NCL,,false,,Nicolas Claxton,
base,150,,false,,Taurean Prince,
base,144,,false,,Jarrett Allen,
base,130,,false,,DeAndre Jordan,
insert-fireworks,20,,false,,Kyrie Irving,
insert-fireworks,19,,false,,Kevin Durant,
insert-fearless,9,,false,,Kyrie Irving,
base,139,,false,,Kyrie Irving,
insert-sensational-swatches,SSW-JHA,,false,,Joe Harris,
insert-sensational-swatches,SSW-JAL,,false,,Jarrett Allen,
base,178,,false,,Miles Bridges,
base,253,,false,,Nick Richards,
base,278,,false,,LaMelo Ball,
auto-signatures,SI-DGR,,true,,Devonte' Graham,
insert-sensational-swatches,SSW-MMO,,false,,Malik Monk,
insert-sensational-swatches,SSW-MBR,,false,,Miles Bridges,
base,15,,false,,Malik Monk,
insert-sophomore-stars,8,,false,,PJ Washington Jr.,
base,39,,false,,Dwayne Bacon,
auto-sensational-signatures,SS-VCJ,,true,,Vernon Carey Jr.,
auto-sensational-signatures,SS-NRS,,true,,Nick Richards,
auto-sensational-signatures,SS-LMB,,true,,LaMelo Ball,
auto-sensational-signatures,SS-JMA,,true,,Jamal Mashburn,
base,60,,false,,Terry Rozier,
base,65,,false,,Bismack Biyombo,
auto-sensational-signatures,SS-GRL,,true,,Grant Riller,
base,68,,false,,Cody Zeller,
base,73,,false,,Devonte' Graham,
auto-rookie-signatures,RS-VCJ,,true,,Vernon Carey Jr.,
auto-rookie-signatures,RS-NRS,,true,,Nick Richards,
auto-rookie-signatures,RS-LMB,,true,,LaMelo Ball,
auto-rookie-signatures,RS-GRL,,true,,Grant Riller,
auto-rookie-signatures,RS-CMT,,true,,Caleb Martin,
insert-rookie-penmanship,RP-VCJ,,false,,Vernon Carey Jr.,
insert-rookie-penmanship,RP-NRS,,false,,Nick Richards,
insert-rookie-penmanship,RP-LMB,,false,,LaMelo Ball,
insert-rookie-penmanship,RP-GRL,,false,,Grant Riller,
insert-rookie-penmanship,RP-CMT,,false,,Caleb Martin,
base,105,,false,,PJ Washington Jr.,
insert-instant-impact,21,,false,,LaMelo Ball,
auto-fast-break-rookie-autographs,FR-VCJ,,true,,Vernon Carey Jr.,
auto-fast-break-rookie-autographs,FR-LMB,,true,,LaMelo Ball,
auto-fast-break-autographs,FBA-DGR,,true,,Devonte' Graham,
insert-emergent,23,,false,,LaMelo Ball,
base,295,,false,,Grant Riller,
base,278b,,false,,LaMelo Ball,
base,276,,false,,Caleb Martin,
base,269,,false,,Vernon Carey Jr.,
auto-sensational-signatures,SS-PWL,,true,,Patrick Williams,
base,156,,false,,Otto Porter Jr.,
insert-sensational-swatches,SSW-CBO,,false,,Carlos Boozer,
insert-sophomore-stars,5,,false,,Coby White,
base,165,,false,,Thaddeus Young,
insert-sensational-swatches,SSW-LMR,,false,,Lauri Markkanen,
base,183,,false,,Tomas Satoransky,
base,166,,false,,Dennis Rodman,
auto-rookie-signatures,RS-PWL,,true,,Patrick Williams,
auto-signatures,SI-CWT,,true,,Coby White,
auto-signatures,SI-DGA,,true,,Daniel Gafford,
auto-signatures,SI-DRO,,true,,Dennis Rodman,
base,101,,false,,Kris Dunn,
auto-fast-break-autographs,FBA-TYG,,true,,Thaddeus Young,
insert-rookie-penmanship,RP-PWL,,false,,Patrick Williams,
base,234,,false,,Zach LaVine,
auto-fast-break-rookie-autographs,FR-DDT,,true,,Devon Dotson,
auto-signatures,SI-SKE,,true,,Steve Kerr,
base,288b,,false,,Patrick Williams,
base,288,,false,,Patrick Williams,
insert-fearless,10,,false,,Scottie Pippen,
insert-fearless,19,,false,,Dennis Rodman,
insert-instant-impact,3,,false,,Patrick Williams,
base,223,,false,,Wendell Carter Jr.,
auto-fast-break-rookie-autographs,FR-PWL,,true,,Patrick Williams,
insert-penmanship,PE-RHA,,false,,Ron Harper,
base,3,,false,,Coby White,
insert-penmanship,PE-DRO,,false,,Dennis Rodman,
insert-emergent,5,,false,,Patrick Williams,
base,116,,false,,Lauri Markkanen,
base,48,,false,,Kevin Porter Jr.,
auto-fast-break-rookie-autographs,FR-IOK,,true,,Isaac Okoro,
insert-penmanship,PE-DYW,,false,,Dylan Windler,
insert-penmanship,PE-LNJ,,false,,Larry Nance Jr.,
insert-penmanship,PE-RID,,false,,Ricky Davis,
insert-rookie-penmanship,RP-IOK,,false,,Isaac Okoro,
base,89,,false,,Tristan Thompson,
auto-rookie-signatures,RS-IOK,,true,,Isaac Okoro,
insert-sophomore-stars,4,,false,,Darius Garland,
base,226,,false,,Darius Garland,
auto-fast-break-autographs,FBA-AVJ,,true,,Anderson Varejao,
auto-sensational-signatures,SS-AVA,,true,,Anderson Varejao,
auto-sensational-signatures,SS-IOK,,true,,Isaac Okoro,
base,57,,false,,Matthew Dellavedova,
insert-emergent,15,,false,,Isaac Okoro,
base,225,,false,,Collin Sexton,
insert-sensational-swatches,SSW-ADR,,false,,Andre Drummond,
insert-sensational-swatches,SSW-CSX,,false,,Collin Sexton,
insert-sensational-swatches,SSW-KLV,,false,,Kevin Love,
insert-sensational-swatches,SSW-MDV,,false,,Matthew Dellavedova,
insert-sensational-swatches,SSW-TTH,,false,,Tristan Thompson,
base,222,,false,,Andre Drummond,
base,298b,,false,,Isaac Okoro,
base,191,,false,,Larry Nance Jr.,
base,298,,false,,Isaac Okoro,
base,242,,false,,Kevin Love,
insert-instant-impact,13,,false,,Isaac Okoro,
insert-penmanship,PE-CED,,false,,Cedi Osman,
base,251,,false,,Tyler Bey,
base,18,,false,,Kristaps Porzingis,
base,32,,false,,Luka Doncic,
base,52,,false,,Tim Hardaway Jr.,
base,63,,false,,Dorian Finney-Smith,
base,83,,false,,Dwight Powell,
base,84,,false,,J.J. Barea,
base,180,,false,,Dirk Nowitzki,
base,186,,false,,Maxi Kleber,
base,194,,false,,Seth Curry,
base,259,,false,,Tyrell Terry,
base,274,,false,,Josh Green,
insert-dominance,18,,false,,Luka Doncic,
insert-downtown-bound,13,,false,,Luka Doncic,
insert-emergent,22,,false,,Josh Green,
auto-fast-break-autographs,FBA-DNW,,true,,Dirk Nowitzki,
auto-fast-break-rookie-autographs,FR-JGR,,true,,Josh Green,
auto-fast-break-rookie-autographs,FR-TBY,,true,,Tyler Bey,
auto-fast-break-rookie-autographs,FR-TTY,,true,,Tyrell Terry,
insert-fearless,17,,false,,Dirk Nowitzki,
insert-fireworks,14,,false,,Luka Doncic,
insert-instant-impact,14,,false,,Josh Green,
insert-prizm,3,,false,,Luka Doncic,
insert-rookie-penmanship,RP-JGR,,false,,Josh Green,
insert-rookie-penmanship,RP-TBY,,false,,Tyler Bey,
insert-rookie-penmanship,RP-TTY,,false,,Tyrell Terry,
auto-rookie-signatures,RS-JGR,,true,,Josh Green,
auto-rookie-signatures,RS-TBY,,true,,Tyler Bey,
auto-rookie-signatures,RS-TTY,,true,,Tyrell Terry,
auto-sensational-signatures,SS-BOB,,true,,Boban Marjanovic,
auto-sensational-signatures,SS-JGR,,true,,Josh Green,
auto-sensational-signatures,SS-JTE,,true,,Jason Terry,
auto-sensational-signatures,SS-MAX,,true,,Maxi Kleber,
auto-sensational-signatures,SS-TBY,,true,,Tyler Bey,
auto-sensational-signatures,SS-TTY,,true,,Tyrell Terry,
insert-sensational-swatches,SSW-BOB,,false,,Boban Marjanovic,
insert-sensational-swatches,SSW-DNW,,false,,Dirk Nowitzki,
insert-sensational-swatches,SSW-DPW,,false,,Dwight Powell,
insert-sensational-swatches,SSW-DWL,,false,,Deron Williams,
insert-sensational-swatches,SSW-JJB,,false,,J.J. Barea,
insert-sensational-swatches,SSW-KPZ,,false,,Kristaps Porzingis,
insert-sensational-swatches,SSW-LUK,,false,,Luka Doncic,
insert-sensational-swatches,SSW-MKG,,false,,Michael Kidd-Gilchrist,
auto-signatures,SI-DFS,,true,,Dorian Finney-Smith,
auto-signatures,SI-DNW,,true,,Dirk Nowitzki,
auto-signatures,SI-KPZ,,true,,Kristaps Porzingis,
insert-widescreen,10,,false,,Luka Doncic,
insert-rookie-penmanship,RP-ZNJ,,false,,Zeke Nnaji,
insert-emergent,6,,false,,Zeke Nnaji,
base,86,,false,,Michael Porter Jr.,
auto-rookie-signatures,RS-ZNJ,,true,,Zeke Nnaji,
auto-rookie-signatures,RS-RJH,,true,,RJ Hampton,
insert-downtown-bound,22,,false,,Jamal Murray,
base,79,,false,,Will Barton,
auto-fast-break-autographs,FBA-KBD,,true,,Keita Bates-Diop,
auto-fast-break-rookie-autographs,FR-ZNJ,,true,,Zeke Nnaji,
insert-fireworks,7,,false,,Nikola Jokic,
auto-fast-break-autographs,FBA-TCR,,true,,Torrey Craig,
insert-fireworks,12,,false,,Jamal Murray,
insert-sensational-swatches,SSW-PML,,false,,Paul Millsap,
insert-sensational-swatches,SSW-NJK,,false,,Nikola Jokic,
auto-fast-break-autographs,FBA-GHA,,true,,Gary Harris,
insert-sensational-swatches,SSW-KBD,,false,,Keita Bates-Diop,
insert-sensational-swatches,SSW-JMU,,false,,Jamal Murray,
insert-instant-impact,8,,false,,Zeke Nnaji,
base,286,,false,,RJ Hampton,
base,143,,false,,Jerami Grant,
insert-instant-impact,10,,false,,RJ Hampton,
base,16,,false,,Gary Harris,
insert-sensational-swatches,SSW-GHR,,false,,Gary Harris,
base,124,,false,,Jamal Murray,
auto-fast-break-rookie-autographs,FR-RJH,,true,,RJ Hampton,
auto-signatures,SI-TCR,,true,,Torrey Craig,
insert-sensational-swatches,SSW-DMU,,false,,Dikembe Mutombo,
auto-fast-break-autographs,FBA-BOL,,true,,Bol Bol,
insert-penmanship,PE-MON,,false,,Monte Morris,
base,266,,false,,Zeke Nnaji,
insert-penmanship,PE-MPL,,false,,Mason Plumlee,
auto-sensational-signatures,SS-ZNJ,,true,,Zeke Nnaji,
base,114,,false,,Nikola Jokic,
base,44,,false,,Paul Millsap,
auto-sensational-signatures,SS-RJH,,true,,RJ Hampton,
insert-emergent,26,,false,,RJ Hampton,
insert-rookie-penmanship,RP-RJH,,false,,RJ Hampton,
base,7,,false,,Torrey Craig,
insert-dominance,19,,false,,Nikola Jokic,
auto-sensational-signatures,SS-SLE,,true,,Saben Lee,
auto-sensational-signatures,SS-SBY,,true,,Saddiq Bey,
insert-emergent,7,,false,,Killian Hayes,
base,62,,false,,Blake Griffin,
auto-sensational-signatures,SS-IST,,true,,Isaiah Stewart,
base,227,,false,,Langston Galloway,
base,270,,false,,Killian Hayes,
insert-instant-impact,22,,false,,Isaiah Stewart,
insert-emergent,4,,false,,Saddiq Bey,
base,201,,false,,Luke Kennard,
insert-emergent,2,,false,,Isaiah Stewart,
base,270b,,false,,Killian Hayes,
auto-signatures,SI-KBE,,true,,Kent Benson,
insert-sensational-swatches,SSW-GHI,,false,,Grant Hill,
auto-rookie-signatures,RS-SLE,,true,,Saben Lee,
auto-rookie-signatures,RS-SBY,,true,,Saddiq Bey,
insert-instant-impact,24,,false,,Saddiq Bey,
auto-rookie-signatures,RS-IST,,true,,Isaiah Stewart,
auto-rookie-signatures,RS-KHY,,true,,Killian Hayes,
base,58,,false,,Sekou Doumbouya,
insert-rookie-penmanship,RP-IST,,false,,Isaiah Stewart,
insert-rookie-penmanship,RP-KHY,,false,,Killian Hayes,
base,217,,false,,Christian Wood,
base,239,,false,,Bruce Brown,
auto-signatures,SI-DBG,,true,,Dave Bing,
insert-penmanship,PE-JOE,,false,,Joe Dumars,
auto-fast-break-rookie-autographs,FR-IST,,true,,Isaiah Stewart,
base,129,,false,,Tony Snell,
base,254,,false,,Isaiah Stewart,
insert-instant-impact,5,,false,,Killian Hayes,
base,261,,false,,Saben Lee,
auto-fast-break-rookie-autographs,FR-SDB,,true,,Saddiq Bey,
insert-sensational-swatches,SSW-BGR,,false,,Blake Griffin,
base,231,,false,,Derrick Rose,
auto-sensational-signatures,SS-KHY,,true,,Killian Hayes,
auto-fast-break-rookie-autographs,FR-KHS,,true,,Killian Hayes,
base,284,,false,,Saddiq Bey,
insert-rookie-penmanship,RP-SBY,,false,,Saddiq Bey,
auto-sensational-signatures,SS-THO,,true,,Thon Maker,
insert-rookie-penmanship,RP-SLE,,false,,Saben Lee,
auto-rookie-signatures,RS-JWS,,true,,James Wiseman,
base,147,,false,,Jordan Poole,
auto-fast-break-rookie-autographs,FR-JWS,,true,,James Wiseman,
auto-fast-break-autographs,FBA-THR,,true,,Tim Hardaway,
auto-signatures,SI-SCU,,true,,Stephen Curry,
base,268,,false,,James Wiseman,
base,268b,,false,,James Wiseman,
auto-signatures,SI-AWG,,true,,Andrew Wiggins,
insert-widescreen,3,,false,,Stephen Curry,
base,293,,false,,Nico Mannion,
insert-sensational-swatches,SSW-DRA,,false,,Draymond Green,
base,34,,false,,Kevon Looney,
insert-sensational-swatches,SSW-AWG,,false,,Andrew Wiggins,
auto-sensational-signatures,SS-NMN,,true,,Nico Mannion,
auto-sensational-signatures,SS-KYB,,true,,Ky Bowman,
auto-sensational-signatures,SS-JWS,,true,,James Wiseman,
insert-dominance,24,,false,,Stephen Curry,
base,71,,false,,Eric Paschall,
insert-downtown-bound,9,,false,,Stephen Curry,
base,177,,false,,Marquese Chriss,
auto-rookie-signatures,RS-NMN,,true,,Nico Mannion,
auto-fast-break-rookie-autographs,FR-NMN,,true,,Nico Mannion,
base,87,,false,,Klay Thompson,
insert-emergent,13,,false,,James Wiseman,
insert-rookie-penmanship,RP-NMN,,false,,Nico Mannion,
insert-rookie-penmanship,RP-JWS,,false,,James Wiseman,
insert-prizm,10,,false,,Stephen Curry,
insert-penmanship,PE-KEV,,false,,Kevon Looney,
base,123,,false,,Draymond Green,
insert-penmanship,PE-ALE,,false,,Alen Smailagic,
insert-instant-impact,11,,false,,James Wiseman,
base,132,,false,,Andrew Wiggins,
auto-fast-break-autographs,FBA-JMU,,true,,Jeff Mullins,
insert-fireworks,1,,false,,Stephen Curry,
base,159,,false,,Stephen Curry,
insert-fireworks,17,,false,,Russell Westbrook,
auto-sensational-signatures,SS-KMJ,,true,,Kenyon Martin Jr.,
insert-prizm,14,,false,,Russell Westbrook,
base,205,,false,,DeMarre Carroll,
auto-fast-break-autographs,FBA-HOL,,true,,Hakeem Olajuwon,
insert-sensational-swatches,SSW-RCV,,false,,Robert Covington,
base,80,,false,,Danuel House Jr.,
base,248,,false,,Russell Westbrook,
insert-fireworks,11,,false,,James Harden,
insert-downtown-bound,17,,false,,Russell Westbrook,
auto-rookie-signatures,RS-KMJ,,true,,Kenyon Martin Jr.,
insert-downtown-bound,16,,false,,James Harden,
insert-sensational-swatches,SSW-TMC,,false,,Tracy McGrady,
insert-prizm,1,,false,,James Harden,
insert-dominance,8,,false,,James Harden,
auto-sensational-signatures,SS-CMU,,true,,Calvin Murphy,
base,112,,false,,James Harden,
base,2,,false,,Jeff Green,
auto-sensational-signatures,SS-JST,,true,,Jae'Sean Tate,
base,182,,false,,Austin Rivers,
insert-dominance,23,,false,,Russell Westbrook,
insert-sensational-swatches,SSW-CDR,,false,,Clyde Drexler,
insert-widescreen,8,,false,,James Harden,
insert-rookie-penmanship,RP-KMJ,,false,,Kenyon Martin Jr.,
insert-penmanship,PE-ISA,,false,,Isaiah Hartenstein,
base,51,,false,,Eric Gordon,
base,8,,false,,Robert Covington,
insert-penmanship,PE-DHJ,,false,,Danuel House Jr.,
base,265,,false,,Kenyon Martin Jr.,
insert-penmanship,PE-CCL,,false,,Chris Clemons,
insert-penmanship,PE-BMC,,false,,Ben McLemore,
auto-sensational-signatures,SS-PJT,,true,,P.J. Tucker,
insert-sensational-swatches,SSW-EGO,,false,,Eric Gordon,
insert-sensational-swatches,SSW-HAO,,false,,Hakeem Olajuwon,
auto-fast-break-autographs,FBA-RHI,,true,,Roy Hibbert,
auto-sensational-signatures,SS-JHL,,true,,Justin Holiday,
base,23,,false,,Domantas Sabonis,
base,96,,false,,Jeremy Lamb,
insert-rookie-penmanship,RP-CSL,,false,,Cassius Stanley,
base,100,,false,,Victor Oladipo,
base,43,,false,,Doug McDermott,
insert-sensational-swatches,SSW-AAH,,false,,Aaron Holiday,
insert-sensational-swatches,SSW-DGR,,false,,Danny Granger,
insert-sensational-swatches,SSW-DMC,,false,,Doug McDermott,
insert-sensational-swatches,SSW-DSA,,false,,Domantas Sabonis,
auto-signatures,SI-GOG,,true,,Goga Bitadze,
auto-signatures,SI-JHO,,true,,Justin Holiday,
base,240,,false,,Myles Turner,
base,285,,false,,Cassius Stanley,
base,82,,false,,T.J. Warren,
base,78,,false,,Malcolm Brogdon,
base,74,,false,,Aaron Holiday,
auto-sensational-signatures,SS-CSL,,true,,Cassius Stanley,
auto-rookie-signatures,RS-CSL,,true,,Cassius Stanley,
auto-sensational-signatures,SS-DMD,,true,,Doug McDermott,
insert-downtown-bound,14,,false,,Kawhi Leonard,
base,199,,false,,Marcus Morris Sr.,
base,279,,false,,Daniel Oturu,
base,196,,false,,Ivica Zubac,
insert-dominance,12,,false,,Kawhi Leonard,
insert-dominance,21,,false,,Paul George,
insert-downtown-bound,3,,false,,Paul George,
auto-fast-break-autographs,FBA-IZB,,true,,Ivica Zubac,
auto-fast-break-autographs,FBA-PBV,,true,,Patrick Beverley,
auto-fast-break-autographs,FBA-SCA,,true,,Sam Cassell,
base,151,,false,,Lou Williams,
auto-fast-break-rookie-autographs,FR-DOT,,true,,Daniel Oturu,
base,140,,false,,Patrick Beverley,
insert-fireworks,15,,false,,Paul George,
insert-fireworks,26,,false,,Kawhi Leonard,
insert-penmanship,PE-AMI,,false,,Amir Coffey,
insert-prizm,2,,false,,Kawhi Leonard,
insert-rookie-penmanship,RP-DOT,,false,,Daniel Oturu,
base,99,,false,,Montrezl Harrell,
auto-rookie-signatures,RS-DOT,,true,,Daniel Oturu,
auto-sensational-signatures,SS-DOT,,true,,Daniel Oturu,
auto-sensational-signatures,SS-PBV,,true,,Patrick Beverley,
base,41,,false,,Landry Shamet,
insert-widescreen,2,,false,,Kawhi Leonard,
base,14,,false,,Paul George,
insert-sensational-swatches,SSW-KLE,,false,,Kawhi Leonard,
insert-sensational-swatches,SSW-PPI,,false,,Paul Pierce,
auto-signatures,SI-DML,,true,,Darius Miles,
base,209,,false,,Kawhi Leonard,
insert-fireworks,6,,false,,Anthony Davis,
insert-fearless,5,,false,,Shaquille O'Neal,
insert-fearless,6,,false,,LeBron James,
insert-dominance,17,,false,,LeBron James,
auto-sensational-signatures,SS-JWS,,true,,Jerry West,
insert-penmanship,PE-MAG,,false,,Magic Johnson,
auto-fast-break-autographs,FBA-JWS,,true,,Jerry West,
auto-signatures,SI-JWE,,true,,Jerry West,
base,10,,false,,Alex Caruso,
base,77,,false,,Kentavious Caldwell-Pope,
insert-fearless,14,,false,,Anthony Davis,
base,244,,false,,Kyle Kuzma,
auto-sensational-signatures,SS-MJO,,true,,Magic Johnson,
insert-penmanship,PE-CHR,,false,,Chris Kaman,
insert-widescreen,1,,false,,LeBron James,
insert-sensational-swatches,SSW-LBJ,,false,,LeBron James,
insert-downtown-bound,18,,false,,LeBron James,
insert-sensational-swatches,SSW-KKU,,false,,Kyle Kuzma,
insert-sensational-swatches,SSW-ADV,,false,,Anthony Davis,
insert-downtown-bound,15,,false,,Anthony Davis,
base,109,,false,,Anthony Davis,
insert-penmanship,PE-ACA,,false,,Alex Caruso,
insert-dominance,1,,false,,Anthony Davis,
insert-fireworks,29,,false,,LeBron James,
auto-fast-break-autographs,FBA-MJO,,true,,Magic Johnson,
insert-prizm,5,,false,,Anthony Davis,
insert-prizm,6,,false,,LeBron James,
base,207,,false,,Shaquille O'Neal,
insert-penmanship,PE-ADV,,false,,Anthony Davis,
auto-fast-break-autographs,FBA-TYL,,true,,Tyronn Lue,
base,149,,false,,Danny Green,
base,237,,false,,Avery Bradley,
auto-sensational-signatures,SS-RHO,,true,,Robert Horry,
auto-fast-break-autographs,FBA-THT,,true,,Talen Horton-Tucker,
base,219,,false,,Magic Johnson,
base,1,,false,,LeBron James,
insert-widescreen,5,,false,,Anthony Davis,
auto-sensational-signatures,SS-ADV,,true,,Anthony Davis,
auto-fast-break-autographs,FBA-QCO,,true,,Quinn Cook,
base,175,,false,,Dwight Howard,
auto-signatures,SI-RHO,,true,,Robert Horry,
insert-penmanship,PE-JJJ,,false,,Jaren Jackson Jr.,
base,126,,false,,Jaren Jackson Jr.,
insert-penmanship,PE-JAM,,false,,Ja Morant,
insert-sensational-swatches,SSW-JJJ,,false,,Jaren Jackson Jr.,
insert-sophomore-stars,10,,false,,Ja Morant,
auto-sensational-signatures,SS-DBN,,true,,Desmond Bane,
auto-rookie-signatures,RS-DBN,,true,,Desmond Bane,
insert-rookie-penmanship,RP-XTM,,false,,Xavier Tillman,
base,228,,false,,Brandon Clarke,
base,70,,false,,Dillon Brooks,
auto-fast-break-rookie-autographs,FR-XTM,,true,,Xavier Tillman,
auto-rookie-signatures,RS-XTM,,true,,Xavier Tillman,
insert-fearless,13,,false,,Ja Morant,
insert-fireworks,2,,false,,Ja Morant,
auto-signatures,SI-JAM,,true,,Ja Morant,
insert-rookie-penmanship,RP-DBN,,false,,Desmond Bane,
auto-fast-break-rookie-autographs,FR-DBN,,true,,Desmond Bane,
base,188,,false,,Jonas Valanciunas,
base,21,,false,,Tyus Jones,
insert-dominance,4,,false,,Ja Morant,
auto-sensational-signatures,SS-XTM,,true,,Xavier Tillman,
base,106,,false,,Josh Jackson,
insert-prizm,7,,false,,Ja Morant,
auto-fast-break-autographs,FBA-TYJ,,true,,Tyus Jones,
base,299,,false,,Xavier Tillman,
insert-emergent,30,,false,,Desmond Bane,
insert-downtown-bound,21,,false,,Ja Morant,
base,26,,false,,De'Anthony Melton,
insert-widescreen,6,,false,,Ja Morant,
base,115,,false,,Ja Morant,
base,297,,false,,Desmond Bane,
insert-penmanship,PE-JVL,,false,,Jonas Valanciunas,
insert-fireworks,16,,false,,Jimmy Butler,
insert-sophomore-stars,2,,false,,Tyler Herro,
auto-signatures,SI-THE,,true,,Tyler Herro,
auto-sensational-signatures,SS-HMI,,true,,Harold Miner,
base,294,,false,,Precious Achiuwa,
insert-instant-impact,6,,false,,Precious Achiuwa,
insert-sensational-swatches,SSW-CBS,,false,,Chris Bosh,
insert-sensational-swatches,SSW-JOL,,false,,Jermaine O'Neal,
base,218,,false,,Tyler Herro,
insert-penmanship,PE-MEY,,false,,Meyers Leonard,
auto-fast-break-autographs,FBA-MML,,true,,Mike Miller,
auto-sensational-signatures,SS-DWD,,true,,Dwyane Wade,
base,195,,false,,Dwyane Wade,
insert-sophomore-stars,9,,false,,Kendrick Nunn,
base,55,,false,,Derrick Jones Jr.,
insert-fearless,16,,false,,Dwyane Wade,
base,179,,false,,Goran Dragic,
base,137,,false,,Jimmy Butler,
base,138,,false,,Bam Adebayo,
auto-fast-break-rookie-autographs,FR-PAH,,true,,Precious Achiuwa,
auto-sensational-signatures,SS-CBU,,true,,Caron Butler,
base,146,,false,,Jae Crowder,
insert-penmanship,PE-THE,,false,,Tyler Herro,
auto-signatures,SI-RAL,,true,,Ray Allen,
auto-rookie-signatures,RS-PAH,,true,,Precious Achiuwa,
auto-sensational-signatures,SS-MML,,true,,Mike Miller,
insert-dominance,10,,false,,Jimmy Butler,
insert-rookie-penmanship,RP-PAH,,false,,Precious Achiuwa,
base,181,,false,,Duncan Robinson,
auto-sensational-signatures,SS-PAH,,true,,Precious Achiuwa,
insert-emergent,14,,false,,Precious Achiuwa,
insert-downtown-bound,11,,false,,Jimmy Butler,
base,213,,false,,Kendrick Nunn,
insert-fireworks,3,,false,,Giannis Antetokounmpo,
auto-rookie-signatures,RS-JNW,,true,,Jordan Nwora,
auto-signatures,SI-WMA,,true,,Wesley Matthews,
insert-downtown-bound,19,,false,,Giannis Antetokounmpo,
auto-fast-break-autographs,FBA-SBR,,true,,Sterling Brown,
auto-signatures,SI-TCU,,true,,Terry Cummings,
insert-widescreen,9,,false,,Giannis Antetokounmpo,
insert-fearless,15,,false,,Giannis Antetokounmpo,
base,85,,false,,George Hill,
auto-signatures,SI-GAN,,true,,Giannis Antetokounmpo,
base,273,,false,,Jordan Nwora,
base,17,,false,,Eric Bledsoe,
auto-fast-break-autographs,FBA-GAN,,true,,Giannis Antetokounmpo,
insert-sensational-swatches,SSW-MRD,,false,,Michael Redd,
insert-sensational-swatches,SSW-KMD,,false,,Khris Middleton,
insert-penmanship,PE-DMA,,false,,Desmond Mason,
base,29,,false,,Brook Lopez,
insert-sensational-swatches,SSW-GAN,,false,,Giannis Antetokounmpo,
insert-sensational-swatches,SSW-EBL,,false,,Eric Bledsoe,
auto-fast-break-autographs,FBA-BLP,,true,,Brook Lopez,
base,168,,false,,Wesley Matthews,
insert-sensational-swatches,SSW-BLP,,false,,Brook Lopez,
base,111,,false,,Giannis Antetokounmpo,
auto-fast-break-rookie-autographs,FR-JNW,,true,,Jordan Nwora,
base,40,,false,,Ersan Ilyasova,
insert-dominance,7,,false,,Giannis Antetokounmpo,
insert-prizm,15,,false,,Giannis Antetokounmpo,
base,50,,false,,Donte DiVincenzo,
insert-rookie-penmanship,RP-JNW,,false,,Jordan Nwora,
auto-sensational-signatures,SS-JNW,,true,,Jordan Nwora,
base,92,,false,,Khris Middleton,
auto-sensational-signatures,SS-DDI,,true,,Donte DiVincenzo,
insert-sensational-swatches,SSW-AMI,,false,,Andre Miller,
insert-instant-impact,1,,false,,Anthony Edwards,
auto-fast-break-rookie-autographs,FR-AEW,,true,,Anthony Edwards,
base,238,,false,,Jarrett Culver,
insert-penmanship,PE-NAZ,,false,,Naz Reid,
auto-fast-break-autographs,FBA-KAT,,true,,Karl-Anthony Towns,
auto-sensational-signatures,SS-JMD,,true,,Jaden McDaniels,
insert-emergent,10,,false,,Jaden McDaniels,
auto-fast-break-autographs,FBA-JCR,,true,,Jarrett Culver,
base,155,,false,,Josh Okogie,
base,258,,false,,Anthony Edwards,
insert-fireworks,23,,false,,Karl-Anthony Towns,
base,167,,false,,Karl-Anthony Towns,
base,277,,false,,Jaden McDaniels,
auto-rookie-signatures,RS-AEW,,true,,Anthony Edwards,
insert-emergent,3,,false,,Anthony Edwards,
insert-sensational-swatches,SSW-KAT,,false,,Karl-Anthony Towns,
base,247,,false,,James Johnson,
insert-rookie-penmanship,RP-AEW,,false,,Anthony Edwards,
base,102,,false,,Malik Beasley,
auto-fast-break-autographs,FBA-JJO,,true,,James Johnson,
base,258b,,false,,Anthony Edwards,
auto-fast-break-rookie-autographs,FR-JMD,,true,,Jaden McDaniels,
auto-rookie-signatures,RS-JMD,,true,,Jaden McDaniels,
insert-fireworks,9,,false,,D'Angelo Russell,
insert-fearless,18,,false,,Kevin Garnett,
insert-penmanship,PE-KAT,,false,,Karl-Anthony Towns,
base,245,,false,,Jake Layman,
base,187,,false,,Kevin Garnett,
base,192,,false,,Juancho Hernangomez,
insert-rookie-penmanship,RP-JMD,,false,,Jaden McDaniels,
auto-sensational-signatures,SS-AEW,,true,,Anthony Edwards,
auto-sensational-signatures,SS-KGA,,true,,Kevin Garnett,
base,95,,false,,D'Angelo Russell,
base,184,,false,,JJ Redick,
insert-fearless,7,,false,,Zion Williamson,
auto-signatures,SI-ZWL,,true,,Zion Williamson,
insert-emergent,1,,false,,Kira Lewis Jr.,
insert-penmanship,PE-ZWI,,false,,Zion Williamson,
base,185,,false,,Zion Williamson,
insert-fireworks,8,,false,,Brandon Ingram,
base,272b,,false,,Kira Lewis Jr.,
base,20,,false,,Jaxson Hayes,
insert-instant-impact,19,,false,,Kira Lewis Jr.,
auto-fast-break-rookie-autographs,FR-KLJ,,true,,Kira Lewis Jr.,
auto-sensational-signatures,SS-JAX,,true,,Jaxson Hayes,
insert-fireworks,30,,false,,Zion Williamson,
base,75,,false,,Jrue Holiday,
base,272,,false,,Kira Lewis Jr.,
base,224,,false,,Lonzo Ball,
base,133,,false,,Derrick Favors,
insert-dominance,15,,false,,Zion Williamson,
base,145,,false,,Brandon Ingram,
insert-sophomore-stars,3,,false,,Zion Williamson,
auto-fast-break-autographs,FBA-ZWL,,true,,Zion Williamson,
insert-prizm,8,,false,,Zion Williamson,
insert-rookie-penmanship,RP-KLJ,,false,,Kira Lewis Jr.,
auto-fast-break-autographs,FBA-JJR,,true,,JJ Redick,
auto-sensational-signatures,SS-KLJ,,true,,Kira Lewis Jr.,
base,22,,false,,Josh Hart,
insert-sensational-swatches,SSW-JRU,,false,,Jrue Holiday,
insert-downtown-bound,25,,false,,Zion Williamson,
insert-penmanship,PE-FRA,,false,,Frank Jackson,
auto-rookie-signatures,RS-KLJ,,true,,Kira Lewis Jr.,
insert-widescreen,4,,false,,Zion Williamson,
insert-emergent,17,,false,,Obi Toppin,
insert-sensational-swatches,SSW-KNX,,false,,Kevin Knox II,
insert-instant-impact,15,,false,,Obi Toppin,
insert-sensational-swatches,SSW-MRO,,false,,Mitchell Robinson,
insert-sensational-swatches,SSW-PEW,,false,,Patrick Ewing,
auto-rookie-signatures,RS-OTP,,true,,Obi Toppin,
base,113,,false,,Frank Ntilikina,
insert-sensational-swatches,SSW-AMA,,false,,Amar'e Stoudemire,
insert-sensational-swatches,SSW-ALT,,false,,Allonzo Trier,
insert-emergent,8,,false,,Immanuel Quickley,
base,280b,,false,,Obi Toppin,
base,280,,false,,Obi Toppin,
base,170,,false,,Mitchell Robinson,
insert-downtown-bound,24,,false,,RJ Barrett,
base,25,,false,,Elfrid Payton,
base,241,,false,,RJ Barrett,
insert-fireworks,25,,false,,RJ Barrett,
auto-sensational-signatures,SS-RJB,,true,,RJ Barrett,
auto-sensational-signatures,SS-OTP,,true,,Obi Toppin,
base,54,,false,,Julius Randle,
insert-rookie-penmanship,RP-IQK,,false,,Immanuel Quickley,
insert-sophomore-stars,7,,false,,RJ Barrett,
base,296,,false,,Immanuel Quickley,
auto-signatures,SI-KSW,,true,,"Kenny ""Sky"" Walker",
insert-rookie-penmanship,RP-OTP,,false,,Obi Toppin,
auto-signatures,SI-RJB,,true,,RJ Barrett,
auto-rookie-signatures,RS-IQK,,true,,Immanuel Quickley,
auto-sensational-signatures,SS-IQK,,true,,Immanuel Quickley,
base,221,,false,,Bobby Portis,
auto-fast-break-autographs,FBA-RBU,,true,,Reggie Bullock,
auto-fast-break-autographs,FBA-RJB,,true,,RJ Barrett,
auto-fast-break-autographs,FBA-WFR,,true,,Walt Frazier,
auto-fast-break-rookie-autographs,FR-IQK,,true,,Immanuel Quickley,
base,163,,false,,Kevin Knox II,
base,90,,false,,Reggie Bullock,
auto-fast-break-rookie-autographs,FR-OTP,,true,,Obi Toppin,
auto-sensational-signatures,SS-DLE,,true,,David Lee,
insert-sensational-swatches,SSW-FNT,,false,,Frank Ntilikina,
insert-instant-impact,20,,false,,Immanuel Quickley,
auto-fast-break-rookie-autographs,FR-APK,,true,,Aleksej Pokusevski,
auto-fast-break-rookie-autographs,FR-TMB,,true,,Theo Maledon,
insert-fearless,2,,false,,Gary Payton,
auto-fast-break-autographs,FBA-JSI,,true,,Jack Sikma,
insert-fireworks,24,,false,,Chris Paul,
insert-instant-impact,4,,false,,Aleksej Pokusevski,
base,128,,false,,Dennis Schroder,
auto-fast-break-autographs,FBA-DEL,,true,,Dale Ellis,
base,164,,false,,Darius Bazley,
base,118,,false,,Shai Gilgeous-Alexander,
insert-penmanship,PE-HDI,,false,,Hamidou Diallo,
base,110,,false,,Steven Adams,
insert-penmanship,PE-SLW,,false,,Slick Watts,
base,108,,false,,Nerlens Noel,
insert-rookie-penmanship,RP-APK,,false,,Aleksej Pokusevski,
base,93,,false,,Chris Paul,
insert-emergent,12,,false,,Aleksej Pokusevski,
insert-rookie-penmanship,RP-TML,,false,,Theo Maledon,
auto-rookie-signatures,RS-APK,,true,,Aleksej Pokusevski,
auto-rookie-signatures,RS-TML,,true,,Theo Maledon,
auto-sensational-signatures,SS-APK,,true,,Aleksej Pokusevski,
auto-sensational-signatures,SS-DEL,,true,,Dale Ellis,
insert-downtown-bound,4,,false,,Chris Paul,
base,61,,false,,Danilo Gallinari,
auto-sensational-signatures,SS-JSI,,true,,Jack Sikma,
auto-sensational-signatures,SS-SKE,,true,,Shawn Kemp,
auto-sensational-signatures,SS-TML,,true,,Theo Maledon,
base,31,,false,,Luguentz Dort,
base,289,,false,,Theo Maledon,
base,264,,false,,Aleksej Pokusevski,
auto-signatures,SI-DBZ,,true,,Darius Bazley,
auto-signatures,SI-SKE,,true,,Shawn Kemp,
base,250,,false,,Jonathan Isaac,
insert-instant-impact,12,,false,,Cole Anthony,
base,229,,false,,Markelle Fultz,
base,33,,false,,Terrence Ross,
base,216,,false,,Evan Fournier,
auto-rookie-signatures,RS-CAN,,true,,Cole Anthony,
insert-penmanship,PE-GHL,,false,,Grant Hill,
auto-fast-break-autographs,FBA-MKF,,true,,Markelle Fultz,
auto-fast-break-autographs,FBA-JEN,,true,,James Ennis,
base,292,,false,,Cole Anthony,
insert-sensational-swatches,SSW-JIS,,false,,Jonathan Isaac,
auto-fast-break-autographs,FBA-NVU,,true,,Nikola Vucevic,
base,171,,false,,Mo Bamba,
insert-sensational-swatches,SSW-AAG,,false,,Aaron Gordon,
base,161,,false,,D.J. Augustin,
base,9,,false,,Nikola Vucevic,
insert-sensational-swatches,SSW-SON,,false,,Shaquille O'Neal,
base,148,,false,,Aaron Gordon,
insert-rookie-penmanship,RP-CAN,,false,,Cole Anthony,
base,120,,false,,Anfernee Hardaway,
auto-sensational-signatures,SS-CAN,,true,,Cole Anthony,
insert-sensational-swatches,SSW-NVU,,false,,Nikola Vucevic,
insert-sensational-swatches,SSW-MOB,,false,,Mo Bamba,
insert-emergent,21,,false,,Cole Anthony,
auto-sensational-signatures,SS-MFU,,true,,Markelle Fultz,
auto-signatures,SI-MFU,,true,,Markelle Fultz,
insert-sensational-swatches,SSW-TRO,,false,,Terrence Ross,
auto-fast-break-rookie-autographs,FR-CAN,,true,,Cole Anthony,
auto-sensational-signatures,SS-SML,,true,,Shake Milton,
base,19,,false,,Allen Iverson,
auto-sensational-signatures,SS-THA,,true,,Tobias Harris,
insert-fireworks,13,,false,,Joel Embiid,
auto-fast-break-autographs,FBA-JRI,,true,,Josh Richardson,
auto-sensational-signatures,SS-TMX,,true,,Tyrese Maxey,
auto-signatures,SI-ZSM,,true,,Zhaire Smith,
insert-dominance,2,,false,,Ben Simmons,
insert-emergent,24,,false,,Tyrese Maxey,
base,125,,false,,Ben Simmons,
insert-instant-impact,16,,false,,Tyrese Maxey,
auto-rookie-signatures,RS-TMX,,true,,Tyrese Maxey,
insert-rookie-penmanship,RP-TMX,,false,,Tyrese Maxey,
insert-sensational-swatches,SSW-EBR,,false,,Elton Brand,
auto-fast-break-rookie-autographs,FR-TMX,,true,,Tyrese Maxey,
insert-penmanship,PE-JBO,,false,,Jonah Bolden,
base,131,,false,,Shake Milton,
auto-fast-break-autographs,FBA-ALH,,true,,Al Horford,
base,152,,false,,Al Horford,
base,160,,false,,Furkan Korkmaz,
insert-penmanship,PE-ARC,,false,,Archie Clark,
base,141,,false,,Joel Embiid,
insert-sensational-swatches,SSW-BSI,,false,,Ben Simmons,
base,200,,false,,Matisse Thybulle,
auto-signatures,SI-THA,,true,,Tobias Harris,
base,256,,false,,Tyrese Maxey,
insert-sensational-swatches,SSW-JEM,,false,,Joel Embiid,
insert-dominance,11,,false,,Joel Embiid,
base,136,,false,,Josh Richardson,
insert-fearless,20,,false,,Allen Iverson,
insert-fireworks,4,,false,,Ben Simmons,
base,202,,false,,Tobias Harris,
insert-penmanship,PE-MKL,,false,,Mikal Bridges,
base,5,,false,,Deandre Ayton,
base,214,,false,,Devin Booker,
base,49,,false,,Aron Baynes,
base,46,,false,,Cameron Johnson,
auto-sensational-signatures,SS-CBK,,true,,Charles Barkley,
auto-signatures,SI-KOJ,,true,,Kelly Oubre Jr.,
base,208,,false,,Kelly Oubre Jr.,
insert-fearless,11,,false,,Steve Nash,
base,235,,false,,Ricky Rubio,
base,300b,,false,,Jalen Smith,
base,300,,false,,Jalen Smith,
insert-penmanship,PE-SMR,,false,,Stephon Marbury,
insert-dominance,5,,false,,Devin Booker,
insert-fireworks,22,,false,,Devin Booker,
insert-penmanship,PE-JVC,,false,,Jevon Carter,
insert-emergent,9,,false,,Jalen Smith,
insert-instant-impact,7,,false,,Jalen Smith,
auto-sensational-signatures,SS-JSM,,true,,Jalen Smith,
base,204,,false,,Mikal Bridges,
insert-sensational-swatches,SSW-DBK,,false,,Devin Booker,
base,59,,false,,Frank Kaminsky,
auto-sensational-signatures,SS-JVC,,true,,Jevon Carter,
auto-rookie-signatures,RS-JSM,,true,,Jalen Smith,
auto-fast-break-autographs,FBA-KOJ,,true,,Kelly Oubre Jr.,
insert-fearless,1,,false,,Stephon Marbury,
insert-downtown-bound,7,,false,,Devin Booker,
auto-fast-break-rookie-autographs,FR-JSM,,true,,Jalen Smith,
insert-rookie-penmanship,RP-JSM,,false,,Jalen Smith,
insert-sensational-swatches,SSW-ZCL,,false,,Zach Collins,
base,283,,false,,CJ Elleby,
insert-sensational-swatches,SSW-JNU,,false,,Jusuf Nurkic,
base,158,,false,,Hassan Whiteside,
base,203,,false,,Rodney Hood,
base,91,,false,,Jusuf Nurkic,
auto-sensational-signatures,SS-ANF,,true,,Anfernee Simons,
base,173,,false,,Damian Lillard,
insert-downtown-bound,12,,false,,Damian Lillard,
auto-signatures,SI-ZCO,,true,,Zach Collins,
insert-rookie-penmanship,RP-CJE,,false,,CJ Elleby,
auto-signatures,SI-JAY,,true,,Jaylen Hoard,
base,154,,false,,Carmelo Anthony,
insert-prizm,11,,false,,Damian Lillard,
auto-signatures,SI-DLI,,true,,Damian Lillard,
auto-sensational-signatures,SS-ZCO,,true,,Zach Collins,
insert-penmanship,PE-SKA,,false,,Skal Labissiere,
base,6,,false,,Zach Collins,
insert-fireworks,18,,false,,Damian Lillard,
base,24,,false,,Anfernee Simons,
insert-sensational-swatches,SSW-CJM,,false,,CJ McCollum,
base,236,,false,,CJ McCollum,
insert-sensational-swatches,SSW-DLI,,false,,Damian Lillard,
auto-sensational-signatures,SS-CJE,,true,,CJ Elleby,
insert-penmanship,PE-GEO,,false,,Geoff Petrie,
auto-rookie-signatures,RS-CJE,,true,,CJ Elleby,
insert-sensational-swatches,SSW-BHI,,false,,Buddy Hield,
auto-rookie-signatures,RS-RW2,,true,,Robert Woodard II,
auto-rookie-signatures,RS-JRS,,true,,Jahmi'us Ramsey,
insert-fearless,8,,false,,Jason Williams,
base,36,,false,,Buddy Hield,
insert-rookie-penmanship,RP-JRS,,false,,Jahmi'us Ramsey,
base,190,,false,,Nemanja Bjelica,
base,172,,false,,Marvin Bagley III,
auto-fast-break-rookie-autographs,FR-RW2,,true,,Robert Woodard II,
auto-sensational-signatures,SS-JWL,,true,,Jason Williams,
base,263,,false,,Jahmi'us Ramsey,
base,281,,false,,Robert Woodard II,
auto-fast-break-autographs,FBA-VDV,,true,,Vlade Divac,
auto-sensational-signatures,SS-JRS,,true,,Jahmi'us Ramsey,
base,27,,false,,Bogdan Bogdanovic,
base,262b,,false,,Tyrese Haliburton,
base,94,,false,,Harrison Barnes,
insert-rookie-penmanship,RP-RW2,,false,,Robert Woodard II,
auto-sensational-signatures,SS-JJA,,true,,Justin James,
insert-penmanship,PE-JJA,,false,,Justin James,
auto-fast-break-autographs,FBA-DAF,,true,,De'Aaron Fox,
base,220,,false,,Jabari Parker,
base,262,,false,,Tyrese Haliburton,
auto-fast-break-rookie-autographs,FR-THB,,true,,Tyrese Haliburton,
auto-rookie-signatures,RS-THB,,true,,Tyrese Haliburton,
base,13,,false,,De'Aaron Fox,
auto-sensational-signatures,SS-THB,,true,,Tyrese Haliburton,
auto-signatures,SI-HG3,,true,,Harry Giles III,
auto-sensational-signatures,SS-RW2,,true,,Robert Woodard II,
insert-rookie-penmanship,RP-THB,,false,,Tyrese Haliburton,
base,233,,false,,Harry Giles III,
insert-instant-impact,9,,false,,Tyrese Haliburton,
auto-signatures,SI-JJA,,true,,Justin James,
insert-downtown-bound,20,,false,,Buddy Hield,
insert-emergent,29,,false,,Tyrese Haliburton,
insert-sensational-swatches,SSW-LW4,,false,,Lonnie Walker IV,
auto-rookie-signatures,RS-DVS,,true,,Devin Vassell,
base,153,,false,,Dejounte Murray,
auto-sensational-signatures,SS-DVS,,true,,Devin Vassell,
insert-rookie-penmanship,RP-TJN,,false,,Tre Jones,
base,66,,false,,Patty Mills,
base,174,,false,,Derrick White,
insert-emergent,19,,false,,Devin Vassell,
auto-sensational-signatures,SS-LMA,,true,,LaMarcus Aldridge,
auto-sensational-signatures,SS-MBO,,true,,Matt Bonner,
insert-rookie-penmanship,RP-DVS,,false,,Devin Vassell,
base,104,,false,,LaMarcus Aldridge,
auto-sensational-signatures,SS-TJN,,true,,Tre Jones,
base,4,,false,,Rudy Gay,
insert-sensational-swatches,SSW-DDR,,false,,DeMar DeRozan,
insert-sensational-swatches,SSW-DRO,,false,,David Robinson,
base,291,,false,,Tre Jones,
base,30,,false,,Tim Duncan,
base,252,,false,,Devin Vassell,
auto-fast-break-rookie-autographs,FR-DVS,,true,,Devin Vassell,
base,252b,,false,,Devin Vassell,
insert-instant-impact,17,,false,,Devin Vassell,
insert-sensational-swatches,SSW-LAL,,false,,LaMarcus Aldridge,
auto-fast-break-autographs,FBA-DRB,,true,,David Robinson,
base,210,,false,,DeMar DeRozan,
auto-signatures,SI-PML,,true,,Patty Mills,
insert-fearless,3,,false,,Tim Duncan,
base,142,,false,,Lonnie Walker IV,
auto-fast-break-rookie-autographs,FR-TJN,,true,,Tre Jones,
base,232,,false,,Bryn Forbes,
auto-fast-break-autographs,FBA-RGY,,true,,Rudy Gay,
auto-rookie-signatures,RS-TJN,,true,,Tre Jones,
auto-fast-break-autographs,FBA-PSK,,true,,Pascal Siakam,
base,157,,false,,Norman Powell,
insert-fireworks,21,,false,,Pascal Siakam,
base,134,,false,,Pascal Siakam,
auto-signatures,SI-CBO,,true,,Chris Boucher,
insert-instant-impact,18,,false,,Malachi Flynn,
insert-sensational-swatches,SSW-PSC,,false,,Pascal Siakam,
base,206,,false,,Marc Gasol,
base,215,,false,,Fred VanVleet,
insert-downtown-bound,1,,false,,Kyle Lowry,
base,287,,false,,Malachi Flynn,
base,197,,false,,Terence Davis,
insert-sensational-swatches,SSW-SER,,false,,Serge Ibaka,
insert-dominance,20,,false,,Pascal Siakam,
auto-rookie-signatures,RS-MFL,,true,,Malachi Flynn,
base,103,,false,,Kyle Lowry,
base,246,,false,,Serge Ibaka,
insert-rookie-penmanship,RP-MFL,,false,,Malachi Flynn,
insert-emergent,16,,false,,Malachi Flynn,
auto-sensational-signatures,SS-MFL,,true,,Malachi Flynn,
insert-sensational-swatches,SSW-KLW,,false,,Kyle Lowry,
base,117,,false,,Vince Carter,
insert-emergent,20,,false,,Malachi Flynn,
base,211,,false,,OG Anunoby,
auto-fast-break-rookie-autographs,FR-MFL,,true,,Malachi Flynn,
auto-fast-break-autographs,FBA-NPO,,true,,Norman Powell,
insert-usa-basketball,4,,false,,Kevin Garnett,
insert-usa-basketball,9,,false,,Dwyane Wade,
insert-usa-basketball,7,,false,,Magic Johnson,
insert-usa-basketball,3,,false,,Kevin Durant,
insert-usa-basketball,6,,false,,Clyde Drexler,
insert-usa-basketball,8,,false,,Anthony Davis,
insert-usa-basketball,2,,false,,Charles Barkley,
insert-usa-basketball,5,,false,,David Robinson,
insert-usa-basketball,1,,false,,Allen Iverson,
insert-usa-basketball,10,,false,,Stephen Curry,
insert-sensational-swatches,SSW-RJE,,false,,Richard Jefferson,
auto-fast-break-autographs,FBA-DMI,,true,,Donovan Mitchell,
insert-sensational-swatches,SSW-JOE,,false,,Joe Ingles,
insert-sensational-swatches,SSW-RGO,,false,,Rudy Gobert,
base,176,,false,,Emmanuel Mudiay,
insert-sensational-swatches,SSW-DMI,,false,,Donovan Mitchell,
insert-penmanship,PE-KML,,false,,Karl Malone,
insert-penmanship,PE-MON,,false,,Miye Oni,
base,135,,false,,Jordan Clarkson,
insert-emergent,28,,false,,Udoka Azubuike,
base,243,,false,,Joe Ingles,
auto-sensational-signatures,SS-UDK,,true,,Udoka Azubuike,
auto-signatures,SI-DMI,,true,,Donovan Mitchell,
auto-signatures,SI-DWL,,true,,Deron Williams,
insert-fireworks,5,,false,,Donovan Mitchell,
insert-dominance,6,,false,,Donovan Mitchell,
base,271,,false,,Elijah Hughes,
base,53,,false,,Rudy Gobert,
insert-rookie-penmanship,RP-EHS,,false,,Elijah Hughes,
auto-signatures,SI-RON,,true,,Royce O'Neale,
base,267,,false,,Udoka Azubuike,
auto-fast-break-rookie-autographs,FR-UDK,,true,,Udoka Azubuike,
insert-dominance,22,,false,,Rudy Gobert,
insert-downtown-bound,2,,false,,Donovan Mitchell,
base,67,,false,,Donovan Mitchell,
auto-sensational-signatures,SS-EHS,,true,,Elijah Hughes,
insert-rookie-penmanship,RP-UDK,,false,,Udoka Azubuike,
auto-sensational-signatures,SS-DMI,,true,,Donovan Mitchell,
auto-rookie-signatures,RS-EHS,,true,,Elijah Hughes,
base,88,,false,,Royce O'Neale,
base,72,,false,,Bojan Bogdanovic,
base,198,,false,,Mike Conley,
insert-sensational-swatches,SSW-KML,,false,,Karl Malone,
auto-rookie-signatures,RS-UDK,,true,,Udoka Azubuike,
base,290b,,false,,Deni Avdija,
base,290,,false,,Deni Avdija,
insert-emergent,27,,false,,Deni Avdija,
auto-fast-break-rookie-autographs,FR-DAV,,true,,Deni Avdija,
insert-sophomore-stars,1,,false,,Rui Hachimura,
auto-fast-break-autographs,FBA-JHW,,true,,Juwan Howard,
base,230,,false,,Bradley Beal,
base,275,,false,,Cassius Winston,
auto-fast-break-autographs,FBA-TBR,,true,,Thomas Bryant,
auto-rookie-signatures,RS-DAV,,true,,Deni Avdija,
insert-instant-impact,25,,false,,Deni Avdija,
insert-downtown-bound,5,,false,,Bradley Beal,
base,127,,false,,Troy Brown Jr.,
insert-sensational-swatches,SSW-JWL,,false,,John Wall,
auto-sensational-signatures,SS-DAV,,true,,Deni Avdija,
auto-sensational-signatures,SS-CWS,,true,,Cassius Winston,
auto-rookie-signatures,RS-CWS,,true,,Cassius Winston,
base,76,,false,,Thomas Bryant,
base,98,,false,,Davis Bertans,
auto-signatures,SI-JMA,,true,,Jeff Malone,
insert-sensational-swatches,SSW-BBR,,false,,Bradley Beal,
insert-sensational-swatches,SSW-TBR,,false,,Thomas Bryant,
insert-rookie-penmanship,RP-DAV,,false,,Deni Avdija,
base,56,,false,,John Wall,
insert-rookie-penmanship,RP-CWS,,false,,Cassius Winston,
base,249,,false,,Rui Hachimura,
auto-signatures,SI-ISH,,true,,Ish Smith,
auto-sensational-signatures,SS-BBL,,true,,Bradley Beal,
base,193,,false,,Shabazz Napier,
insert-fireworks,10,,false,,Bradley Beal,
insert-dominance,3,,false,,Bradley Beal,
base,37,,false,,Ish Smith,
insert-penmanship,PE-TRY,Prizms Orange Ice,false,,Trae Young,
insert-penmanship,PE-TRY,Prizms Silver,false,,Trae Young,
insert-penmanship,PE-TRY,Prizms Green Ice,false,16,Trae Young,
auto-fast-break-autographs,FBA-SWB,Gold,true,10,Spud Webb,
auto-fast-break-autographs,FBA-SWB,Black,true,1,Spud Webb,
auto-fast-break-rookie-autographs,FR-OOK,Gold,true,10,Onyeka Okongwu,
auto-fast-break-rookie-autographs,FR-OOK,Black,true,1,Onyeka Okongwu,
insert-penmanship,PE-DOM,Prizms Orange Ice,false,,Dominique Wilkins,
insert-penmanship,PE-DOM,Prizms Silver,false,,Dominique Wilkins,
insert-penmanship,PE-DOM,Prizms Green Ice,false,16,Dominique Wilkins,
insert-penmanship,PE-DJO,Prizms Orange Ice,false,,Damian Jones,
insert-penmanship,PE-DJO,Prizms Silver,false,,Damian Jones,
insert-penmanship,PE-DJO,Prizms Green Ice,false,16,Damian Jones,
insert-penmanship,PE-DEB,Prizms Orange Ice,false,,DeAndre' Bembry,
insert-penmanship,PE-DEB,Prizms Silver,false,,DeAndre' Bembry,
insert-penmanship,PE-DEB,Prizms Green Ice,false,16,DeAndre' Bembry,
insert-instant-impact,23,Prizms Green,false,,Onyeka Okongwu,
insert-instant-impact,23,Prizms Silver,false,,Onyeka Okongwu,
insert-fireworks,28,Prizms Silver,false,,Trae Young,
insert-fireworks,28,Fast Break,false,,Trae Young,
insert-fireworks,28,Prizms Hyper,false,,Trae Young,
insert-fireworks,28,Prizms Mojo,false,25,Trae Young,
insert-fireworks,28,Prizms Gold,false,10,Trae Young,
insert-fireworks,28,Prizms Black,false,1,Trae Young,
base,260b,Blue Prizms,false,,Onyeka Okongwu,
base,260b,Blue Shimmer Prizms,false,,Onyeka Okongwu,
base,260b,Blue Wave Prizms,false,,Onyeka Okongwu,
base,260b,Choice Blue Prizms,false,,Onyeka Okongwu,
base,260b,"Choice Blue, Yellow and Green Prizms",false,,Onyeka Okongwu,
base,260b,Choice Green Prizms,false,,Onyeka Okongwu,
base,260b,Choice Nebula Prizms,false,,Onyeka Okongwu,
base,260b,Choice Red Prizms,false,,Onyeka Okongwu,
base,260b,Choice Tiger Stripe Prizms,false,,Onyeka Okongwu,
base,260b,Fast Break Blue Prizms,false,,Onyeka Okongwu,
base,260b,Fast Break Bronze Prizms,false,,Onyeka Okongwu,
base,260b,Fast Break Neon Green Prizms,false,,Onyeka Okongwu,
base,260b,Fast Break Prizms,false,,Onyeka Okongwu,
base,260b,Fast Break Purple Prizms,false,,Onyeka Okongwu,
base,260b,Fast Break Red Prizms,false,,Onyeka Okongwu,
base,260b,Gold Prizms,false,,Onyeka Okongwu,
base,260b,Gold Shimmer Prizms,false,,Onyeka Okongwu,
base,260b,Gold Wave Prizms,false,,Onyeka Okongwu,
base,260b,Green Ice Prizms,false,,Onyeka Okongwu,
base,260b,Green Prizms,false,,Onyeka Okongwu,
base,260b,Green Pulsar Prizms,false,,Onyeka Okongwu,
base,260b,Green Shimmer Prizms,false,,Onyeka Okongwu,
base,260b,Hyper Prizms,false,,Onyeka Okongwu,
base,260b,Lucky Envelopes Prizms,false,,Onyeka Okongwu,
base,260b,Mojo Prizms,false,,Onyeka Okongwu,
base,260b,Orange Ice Prizms,false,,Onyeka Okongwu,
base,260b,Orange Prizms,false,,Onyeka Okongwu,
base,260b,Orange Wave Prizms,false,,Onyeka Okongwu,
base,260b,Pink Ice Prizms,false,,Onyeka Okongwu,
base,260b,Pink Pulsar Prizms,false,,Onyeka Okongwu,
base,260b,Purple Ice Prizms,false,,Onyeka Okongwu,
base,260b,Purple Prizms,false,,Onyeka Okongwu,
base,260b,Purple Pulsar Prizms,false,,Onyeka Okongwu,
base,260b,Purple Wave Prizms,false,,Onyeka Okongwu,
base,260b,Red Ice Prizms,false,,Onyeka Okongwu,
base,260b,Red Prizms,false,,Onyeka Okongwu,
base,260b,"Red, White and Blue Prizms",false,,Onyeka Okongwu,
base,260b,Ruby Wave Prizms,false,,Onyeka Okongwu,
base,260b,Silver Prizms,false,,Onyeka Okongwu,
base,260b,White Sparkle Prizm,false,,Onyeka Okongwu,
base,260b,Fast Break Pink Prizms,false,,Onyeka Okongwu,
base,260b,Black Prizms,false,,Onyeka Okongwu,
base,260b,Black Shimmer Prizms,false,,Onyeka Okongwu,
base,260b,Blue Ice Prizms,false,,Onyeka Okongwu,
base,260b,Black Gold Prizms,false,,Onyeka Okongwu,
insert-sensational-swatches,SSW-JCL,Prizms Orange Ice,false,,John Collins,
insert-sensational-swatches,SSW-JCL,Prizms Green Ice,false,56,John Collins,
insert-sensational-swatches,SSW-JCL,Prime,false,10,John Collins,
base,28,Blue Prizms,false,,John Collins,
base,28,Blue Shimmer Prizms,false,,John Collins,
base,28,Blue Wave Prizms,false,,John Collins,
base,28,Choice Blue Prizms,false,,John Collins,
base,28,"Choice Blue, Yellow and Green Prizms",false,,John Collins,
base,28,Choice Green Prizms,false,,John Collins,
base,28,Choice Nebula Prizms,false,,John Collins,
base,28,Choice Red Prizms,false,,John Collins,
base,28,Choice Tiger Stripe Prizms,false,,John Collins,
base,28,Fast Break Blue Prizms,false,,John Collins,
base,28,Fast Break Bronze Prizms,false,,John Collins,
base,28,Fast Break Neon Green Prizms,false,,John Collins,
base,28,Fast Break Prizms,false,,John Collins,
base,28,Fast Break Purple Prizms,false,,John Collins,
base,28,Fast Break Red Prizms,false,,John Collins,
base,28,Gold Prizms,false,,John Collins,
base,28,Gold Shimmer Prizms,false,,John Collins,
base,28,Gold Wave Prizms,false,,John Collins,
base,28,Green Ice Prizms,false,,John Collins,
base,28,Green Prizms,false,,John Collins,
base,28,Green Pulsar Prizms,false,,John Collins,
base,28,Green Shimmer Prizms,false,,John Collins,
base,28,Hyper Prizms,false,,John Collins,
base,28,Lucky Envelopes Prizms,false,,John Collins,
base,28,Mojo Prizms,false,,John Collins,
base,28,Orange Ice Prizms,false,,John Collins,
base,28,Orange Prizms,false,,John Collins,
base,28,Orange Wave Prizms,false,,John Collins,
base,28,Pink Ice Prizms,false,,John Collins,
base,28,Pink Pulsar Prizms,false,,John Collins,
base,28,Purple Ice Prizms,false,,John Collins,
base,28,Purple Prizms,false,,John Collins,
base,28,Purple Pulsar Prizms,false,,John Collins,
base,28,Purple Wave Prizms,false,,John Collins,
base,28,Red Ice Prizms,false,,John Collins,
base,28,Red Prizms,false,,John Collins,
base,28,"Red, White and Blue Prizms",false,,John Collins,
base,28,Ruby Wave Prizms,false,,John Collins,
base,28,Silver Prizms,false,,John Collins,
base,28,White Sparkle Prizm,false,,John Collins,
base,28,Fast Break Pink Prizms,false,,John Collins,
base,28,Black Prizms,false,,John Collins,
base,28,Black Shimmer Prizms,false,,John Collins,
base,28,Blue Ice Prizms,false,,John Collins,
base,28,Black Gold Prizms,false,,John Collins,
insert-sensational-swatches,SSW-DEA,Prizms Orange Ice,false,,DeAndre' Bembry,
insert-sensational-swatches,SSW-DEA,Prizms Green Ice,false,56,DeAndre' Bembry,
insert-sensational-swatches,SSW-DEA,Prime,false,10,DeAndre' Bembry,
auto-signatures,SI-TRA,Prizms Choice,true,,Trae Young,
auto-signatures,SI-TRA,Prizms Silver,true,,Trae Young,
auto-signatures,SI-TRA,Prizms Mojo,true,25,Trae Young,
auto-signatures,SI-TRA,Prizms Gold,true,10,Trae Young,
auto-signatures,SI-TRA,Prizms Choice Green,true,8,Trae Young,
auto-signatures,SI-TRA,Prizms Black,true,1,Trae Young,
insert-sensational-swatches,SSW-CCA,Prizms Orange Ice,false,,Clint Capela,
insert-sensational-swatches,SSW-CCA,Prizms Green Ice,false,56,Clint Capela,
insert-sensational-swatches,SSW-CCA,Prime,false,10,Clint Capela,
insert-downtown-bound,8,Fast Break,false,,Trae Young,
insert-downtown-bound,8,Prizms Hyper,false,,Trae Young,
insert-downtown-bound,8,Prizms Silver,false,,Trae Young,
insert-downtown-bound,8,Prizms Mojo,false,25,Trae Young,
insert-downtown-bound,8,Prizms Gold,false,10,Trae Young,
insert-downtown-bound,8,Prizms Black,false,1,Trae Young,
base,255,Blue Prizms,false,,Skylar Mays,
base,255,Blue Shimmer Prizms,false,,Skylar Mays,
base,255,Blue Wave Prizms,false,,Skylar Mays,
base,255,Choice Blue Prizms,false,,Skylar Mays,
base,255,"Choice Blue, Yellow and Green Prizms",false,,Skylar Mays,
base,255,Choice Green Prizms,false,,Skylar Mays,
base,255,Choice Nebula Prizms,false,,Skylar Mays,
base,255,Choice Red Prizms,false,,Skylar Mays,
base,255,Choice Tiger Stripe Prizms,false,,Skylar Mays,
base,255,Fast Break Blue Prizms,false,,Skylar Mays,
base,255,Fast Break Bronze Prizms,false,,Skylar Mays,
base,255,Fast Break Neon Green Prizms,false,,Skylar Mays,
base,255,Fast Break Prizms,false,,Skylar Mays,
base,255,Fast Break Purple Prizms,false,,Skylar Mays,
base,255,Fast Break Red Prizms,false,,Skylar Mays,
base,255,Gold Prizms,false,,Skylar Mays,
base,255,Gold Shimmer Prizms,false,,Skylar Mays,
base,255,Gold Wave Prizms,false,,Skylar Mays,
base,255,Green Ice Prizms,false,,Skylar Mays,
base,255,Green Prizms,false,,Skylar Mays,
base,255,Green Pulsar Prizms,false,,Skylar Mays,
base,255,Green Shimmer Prizms,false,,Skylar Mays,
base,255,Hyper Prizms,false,,Skylar Mays,
base,255,Lucky Envelopes Prizms,false,,Skylar Mays,
base,255,Mojo Prizms,false,,Skylar Mays,
base,255,Orange Ice Prizms,false,,Skylar Mays,
base,255,Orange Prizms,false,,Skylar Mays,
base,255,Orange Wave Prizms,false,,Skylar Mays,
base,255,Pink Ice Prizms,false,,Skylar Mays,
base,255,Pink Pulsar Prizms,false,,Skylar Mays,
base,255,Purple Ice Prizms,false,,Skylar Mays,
base,255,Purple Prizms,false,,Skylar Mays,
base,255,Purple Pulsar Prizms,false,,Skylar Mays,
base,255,Purple Wave Prizms,false,,Skylar Mays,
base,255,Red Ice Prizms,false,,Skylar Mays,
base,255,Red Prizms,false,,Skylar Mays,
base,255,"Red, White and Blue Prizms",false,,Skylar Mays,
base,255,Ruby Wave Prizms,false,,Skylar Mays,
base,255,Silver Prizms,false,,Skylar Mays,
base,255,White Sparkle Prizm,false,,Skylar Mays,
base,255,Fast Break Pink Prizms,false,,Skylar Mays,
base,255,Black Prizms,false,,Skylar Mays,
base,255,Black Shimmer Prizms,false,,Skylar Mays,
base,255,Blue Ice Prizms,false,,Skylar Mays,
base,255,Black Gold Prizms,false,,Skylar Mays,
base,38,Blue Prizms,false,,De'Andre Hunter,
base,38,Blue Shimmer Prizms,false,,De'Andre Hunter,
base,38,Blue Wave Prizms,false,,De'Andre Hunter,
base,38,Choice Blue Prizms,false,,De'Andre Hunter,
base,38,"Choice Blue, Yellow and Green Prizms",false,,De'Andre Hunter,
base,38,Choice Green Prizms,false,,De'Andre Hunter,
base,38,Choice Nebula Prizms,false,,De'Andre Hunter,
base,38,Choice Red Prizms,false,,De'Andre Hunter,
base,38,Choice Tiger Stripe Prizms,false,,De'Andre Hunter,
base,38,Fast Break Blue Prizms,false,,De'Andre Hunter,
base,38,Fast Break Bronze Prizms,false,,De'Andre Hunter,
base,38,Fast Break Neon Green Prizms,false,,De'Andre Hunter,
base,38,Fast Break Prizms,false,,De'Andre Hunter,
base,38,Fast Break Purple Prizms,false,,De'Andre Hunter,
base,38,Fast Break Red Prizms,false,,De'Andre Hunter,
base,38,Gold Prizms,false,,De'Andre Hunter,
base,38,Gold Shimmer Prizms,false,,De'Andre Hunter,
base,38,Gold Wave Prizms,false,,De'Andre Hunter,
base,38,Green Ice Prizms,false,,De'Andre Hunter,
base,38,Green Prizms,false,,De'Andre Hunter,
base,38,Green Pulsar Prizms,false,,De'Andre Hunter,
base,38,Green Shimmer Prizms,false,,De'Andre Hunter,
base,38,Hyper Prizms,false,,De'Andre Hunter,
base,38,Lucky Envelopes Prizms,false,,De'Andre Hunter,
base,38,Mojo Prizms,false,,De'Andre Hunter,
base,38,Orange Ice Prizms,false,,De'Andre Hunter,
base,38,Orange Prizms,false,,De'Andre Hunter,
base,38,Orange Wave Prizms,false,,De'Andre Hunter,
base,38,Pink Ice Prizms,false,,De'Andre Hunter,
base,38,Pink Pulsar Prizms,false,,De'Andre Hunter,
base,38,Purple Ice Prizms,false,,De'Andre Hunter,
base,38,Purple Prizms,false,,De'Andre Hunter,
base,38,Purple Pulsar Prizms,false,,De'Andre Hunter,
base,38,Purple Wave Prizms,false,,De'Andre Hunter,
base,38,Red Ice Prizms,false,,De'Andre Hunter,
base,38,Red Prizms,false,,De'Andre Hunter,
base,38,"Red, White and Blue Prizms",false,,De'Andre Hunter,
base,38,Ruby Wave Prizms,false,,De'Andre Hunter,
base,38,Silver Prizms,false,,De'Andre Hunter,
base,38,White Sparkle Prizm,false,,De'Andre Hunter,
base,38,Fast Break Pink Prizms,false,,De'Andre Hunter,
base,38,Black Prizms,false,,De'Andre Hunter,
base,38,Black Shimmer Prizms,false,,De'Andre Hunter,
base,38,Blue Ice Prizms,false,,De'Andre Hunter,
base,38,Black Gold Prizms,false,,De'Andre Hunter,
base,42,Blue Prizms,false,,Jeff Teague,
base,42,Blue Shimmer Prizms,false,,Jeff Teague,
base,42,Blue Wave Prizms,false,,Jeff Teague,
base,42,Choice Blue Prizms,false,,Jeff Teague,
base,42,"Choice Blue, Yellow and Green Prizms",false,,Jeff Teague,
base,42,Choice Green Prizms,false,,Jeff Teague,
base,42,Choice Nebula Prizms,false,,Jeff Teague,
base,42,Choice Red Prizms,false,,Jeff Teague,
base,42,Choice Tiger Stripe Prizms,false,,Jeff Teague,
base,42,Fast Break Blue Prizms,false,,Jeff Teague,
base,42,Fast Break Bronze Prizms,false,,Jeff Teague,
base,42,Fast Break Neon Green Prizms,false,,Jeff Teague,
base,42,Fast Break Prizms,false,,Jeff Teague,
base,42,Fast Break Purple Prizms,false,,Jeff Teague,
base,42,Fast Break Red Prizms,false,,Jeff Teague,
base,42,Gold Prizms,false,,Jeff Teague,
base,42,Gold Shimmer Prizms,false,,Jeff Teague,
base,42,Gold Wave Prizms,false,,Jeff Teague,
base,42,Green Ice Prizms,false,,Jeff Teague,
base,42,Green Prizms,false,,Jeff Teague,
base,42,Green Pulsar Prizms,false,,Jeff Teague,
base,42,Green Shimmer Prizms,false,,Jeff Teague,
base,42,Hyper Prizms,false,,Jeff Teague,
base,42,Lucky Envelopes Prizms,false,,Jeff Teague,
base,42,Mojo Prizms,false,,Jeff Teague,
base,42,Orange Ice Prizms,false,,Jeff Teague,
base,42,Orange Prizms,false,,Jeff Teague,
base,42,Orange Wave Prizms,false,,Jeff Teague,
base,42,Pink Ice Prizms,false,,Jeff Teague,
base,42,Pink Pulsar Prizms,false,,Jeff Teague,
base,42,Purple Ice Prizms,false,,Jeff Teague,
base,42,Purple Prizms,false,,Jeff Teague,
base,42,Purple Pulsar Prizms,false,,Jeff Teague,
base,42,Purple Wave Prizms,false,,Jeff Teague,
base,42,Red Ice Prizms,false,,Jeff Teague,
base,42,Red Prizms,false,,Jeff Teague,
base,42,"Red, White and Blue Prizms",false,,Jeff Teague,
base,42,Ruby Wave Prizms,false,,Jeff Teague,
base,42,Silver Prizms,false,,Jeff Teague,
base,42,White Sparkle Prizm,false,,Jeff Teague,
base,42,Fast Break Pink Prizms,false,,Jeff Teague,
base,42,Black Prizms,false,,Jeff Teague,
base,42,Black Shimmer Prizms,false,,Jeff Teague,
base,42,Blue Ice Prizms,false,,Jeff Teague,
base,42,Black Gold Prizms,false,,Jeff Teague,
auto-sensational-signatures,SS-SMY,Prizms Silver,true,,Skylar Mays,
auto-sensational-signatures,SS-SMY,Prizms Choice,true,,Skylar Mays,
auto-sensational-signatures,SS-SMY,Prizms Mojo,true,25,Skylar Mays,
auto-sensational-signatures,SS-SMY,Prizms Gold,true,10,Skylar Mays,
auto-sensational-signatures,SS-SMY,Prizms Choice Green,true,8,Skylar Mays,
auto-sensational-signatures,SS-SMY,Prizms Black,true,1,Skylar Mays,
auto-sensational-signatures,SS-OOG,Prizms Silver,true,,Onyeka Okongwu,
auto-sensational-signatures,SS-OOG,Prizms Choice,true,,Onyeka Okongwu,
auto-sensational-signatures,SS-OOG,Prizms Mojo,true,25,Onyeka Okongwu,
auto-sensational-signatures,SS-OOG,Prizms Gold,true,10,Onyeka Okongwu,
auto-sensational-signatures,SS-OOG,Prizms Choice Green,true,8,Onyeka Okongwu,
auto-sensational-signatures,SS-OOG,Prizms Black,true,1,Onyeka Okongwu,
auto-signatures,SI-JCO,Prizms Choice,true,,John Collins,
auto-signatures,SI-JCO,Prizms Silver,true,,John Collins,
auto-signatures,SI-JCO,Prizms Mojo,true,25,John Collins,
auto-signatures,SI-JCO,Prizms Gold,true,10,John Collins,
auto-signatures,SI-JCO,Prizms Choice Green,true,8,John Collins,
auto-signatures,SI-JCO,Prizms Black,true,1,John Collins,
base,11,Blue Prizms,false,,DeAndre' Bembry,
base,11,Blue Shimmer Prizms,false,,DeAndre' Bembry,
base,11,Blue Wave Prizms,false,,DeAndre' Bembry,
base,11,Choice Blue Prizms,false,,DeAndre' Bembry,
base,11,"Choice Blue, Yellow and Green Prizms",false,,DeAndre' Bembry,
base,11,Choice Green Prizms,false,,DeAndre' Bembry,
base,11,Choice Nebula Prizms,false,,DeAndre' Bembry,
base,11,Choice Red Prizms,false,,DeAndre' Bembry,
base,11,Choice Tiger Stripe Prizms,false,,DeAndre' Bembry,
base,11,Fast Break Blue Prizms,false,,DeAndre' Bembry,
base,11,Fast Break Bronze Prizms,false,,DeAndre' Bembry,
base,11,Fast Break Neon Green Prizms,false,,DeAndre' Bembry,
base,11,Fast Break Prizms,false,,DeAndre' Bembry,
base,11,Fast Break Purple Prizms,false,,DeAndre' Bembry,
base,11,Fast Break Red Prizms,false,,DeAndre' Bembry,
base,11,Gold Prizms,false,,DeAndre' Bembry,
base,11,Gold Shimmer Prizms,false,,DeAndre' Bembry,
base,11,Gold Wave Prizms,false,,DeAndre' Bembry,
base,11,Green Ice Prizms,false,,DeAndre' Bembry,
base,11,Green Prizms,false,,DeAndre' Bembry,
base,11,Green Pulsar Prizms,false,,DeAndre' Bembry,
base,11,Green Shimmer Prizms,false,,DeAndre' Bembry,
base,11,Hyper Prizms,false,,DeAndre' Bembry,
base,11,Lucky Envelopes Prizms,false,,DeAndre' Bembry,
base,11,Mojo Prizms,false,,DeAndre' Bembry,
base,11,Orange Ice Prizms,false,,DeAndre' Bembry,
base,11,Orange Prizms,false,,DeAndre' Bembry,
base,11,Orange Wave Prizms,false,,DeAndre' Bembry,
base,11,Pink Ice Prizms,false,,DeAndre' Bembry,
base,11,Pink Pulsar Prizms,false,,DeAndre' Bembry,
base,11,Purple Ice Prizms,false,,DeAndre' Bembry,
base,11,Purple Prizms,false,,DeAndre' Bembry,
base,11,Purple Pulsar Prizms,false,,DeAndre' Bembry,
base,11,Purple Wave Prizms,false,,DeAndre' Bembry,
base,11,Red Ice Prizms,false,,DeAndre' Bembry,
base,11,Red Prizms,false,,DeAndre' Bembry,
base,11,"Red, White and Blue Prizms",false,,DeAndre' Bembry,
base,11,Ruby Wave Prizms,false,,DeAndre' Bembry,
base,11,Silver Prizms,false,,DeAndre' Bembry,
base,11,White Sparkle Prizm,false,,DeAndre' Bembry,
base,11,Fast Break Pink Prizms,false,,DeAndre' Bembry,
base,11,Black Prizms,false,,DeAndre' Bembry,
base,11,Black Shimmer Prizms,false,,DeAndre' Bembry,
base,11,Blue Ice Prizms,false,,DeAndre' Bembry,
base,11,Black Gold Prizms,false,,DeAndre' Bembry,
auto-sensational-signatures,SS-KHU,Prizms Silver,true,,Kevin Huerter,
auto-sensational-signatures,SS-KHU,Prizms Choice,true,,Kevin Huerter,
auto-sensational-signatures,SS-KHU,Prizms Mojo,true,25,Kevin Huerter,
auto-sensational-signatures,SS-KHU,Prizms Gold,true,10,Kevin Huerter,
auto-sensational-signatures,SS-KHU,Prizms Choice Green,true,8,Kevin Huerter,
auto-sensational-signatures,SS-KHU,Prizms Black,true,1,Kevin Huerter,
auto-sensational-signatures,SS-JCO,Prizms Silver,true,,John Collins,
auto-sensational-signatures,SS-JCO,Prizms Choice,true,,John Collins,
auto-sensational-signatures,SS-JCO,Prizms Mojo,true,25,John Collins,
auto-sensational-signatures,SS-JCO,Prizms Gold,true,10,John Collins,
auto-sensational-signatures,SS-JCO,Prizms Choice Green,true,8,John Collins,
auto-sensational-signatures,SS-JCO,Prizms Black,true,1,John Collins,
insert-sophomore-stars,6,Prizms Silver,false,,Cam Reddish,
insert-sophomore-stars,6,Prizms Green,false,,Cam Reddish,
base,64,Blue Prizms,false,,Trae Young,
base,64,Blue Shimmer Prizms,false,,Trae Young,
base,64,Blue Wave Prizms,false,,Trae Young,
base,64,Choice Blue Prizms,false,,Trae Young,
base,64,"Choice Blue, Yellow and Green Prizms",false,,Trae Young,
base,64,Choice Green Prizms,false,,Trae Young,
base,64,Choice Nebula Prizms,false,,Trae Young,
base,64,Choice Red Prizms,false,,Trae Young,
base,64,Choice Tiger Stripe Prizms,false,,Trae Young,
base,64,Fast Break Blue Prizms,false,,Trae Young,
base,64,Fast Break Bronze Prizms,false,,Trae Young,
base,64,Fast Break Neon Green Prizms,false,,Trae Young,
base,64,Fast Break Prizms,false,,Trae Young,
base,64,Fast Break Purple Prizms,false,,Trae Young,
base,64,Fast Break Red Prizms,false,,Trae Young,
base,64,Gold Prizms,false,,Trae Young,
base,64,Gold Shimmer Prizms,false,,Trae Young,
base,64,Gold Wave Prizms,false,,Trae Young,
base,64,Green Ice Prizms,false,,Trae Young,
base,64,Green Prizms,false,,Trae Young,
base,64,Green Pulsar Prizms,false,,Trae Young,
base,64,Green Shimmer Prizms,false,,Trae Young,
base,64,Hyper Prizms,false,,Trae Young,
base,64,Lucky Envelopes Prizms,false,,Trae Young,
base,64,Mojo Prizms,false,,Trae Young,
base,64,Orange Ice Prizms,false,,Trae Young,
base,64,Orange Prizms,false,,Trae Young,
base,64,Orange Wave Prizms,false,,Trae Young,
base,64,Pink Ice Prizms,false,,Trae Young,
base,64,Pink Pulsar Prizms,false,,Trae Young,
base,64,Purple Ice Prizms,false,,Trae Young,
base,64,Purple Prizms,false,,Trae Young,
base,64,Purple Pulsar Prizms,false,,Trae Young,
base,64,Purple Wave Prizms,false,,Trae Young,
base,64,Red Ice Prizms,false,,Trae Young,
base,64,Red Prizms,false,,Trae Young,
base,64,"Red, White and Blue Prizms",false,,Trae Young,
base,64,Ruby Wave Prizms,false,,Trae Young,
base,64,Silver Prizms,false,,Trae Young,
base,64,White Sparkle Prizm,false,,Trae Young,
base,64,Fast Break Pink Prizms,false,,Trae Young,
base,64,Black Prizms,false,,Trae Young,
base,64,Black Shimmer Prizms,false,,Trae Young,
base,64,Blue Ice Prizms,false,,Trae Young,
base,64,Black Gold Prizms,false,,Trae Young,
insert-emergent,25,Prizms Green,false,,Onyeka Okongwu,
insert-emergent,25,Prizms Silver,false,,Onyeka Okongwu,
insert-widescreen,7,Prizms Silver,false,,Trae Young,
insert-widescreen,7,Fast Break,false,,Trae Young,
insert-widescreen,7,Prizms Hyper,false,,Trae Young,
insert-widescreen,7,Prizms Mojo,false,25,Trae Young,
insert-widescreen,7,Prizms Gold,false,10,Trae Young,
insert-widescreen,7,Prizms Black,false,1,Trae Young,
base,69,Blue Prizms,false,,Clint Capela,
base,69,Blue Shimmer Prizms,false,,Clint Capela,
base,69,Blue Wave Prizms,false,,Clint Capela,
base,69,Choice Blue Prizms,false,,Clint Capela,
base,69,"Choice Blue, Yellow and Green Prizms",false,,Clint Capela,
base,69,Choice Green Prizms,false,,Clint Capela,
base,69,Choice Nebula Prizms,false,,Clint Capela,
base,69,Choice Red Prizms,false,,Clint Capela,
base,69,Choice Tiger Stripe Prizms,false,,Clint Capela,
base,69,Fast Break Blue Prizms,false,,Clint Capela,
base,69,Fast Break Bronze Prizms,false,,Clint Capela,
base,69,Fast Break Neon Green Prizms,false,,Clint Capela,
base,69,Fast Break Prizms,false,,Clint Capela,
base,69,Fast Break Purple Prizms,false,,Clint Capela,
base,69,Fast Break Red Prizms,false,,Clint Capela,
base,69,Gold Prizms,false,,Clint Capela,
base,69,Gold Shimmer Prizms,false,,Clint Capela,
base,69,Gold Wave Prizms,false,,Clint Capela,
base,69,Green Ice Prizms,false,,Clint Capela,
base,69,Green Prizms,false,,Clint Capela,
base,69,Green Pulsar Prizms,false,,Clint Capela,
base,69,Green Shimmer Prizms,false,,Clint Capela,
base,69,Hyper Prizms,false,,Clint Capela,
base,69,Lucky Envelopes Prizms,false,,Clint Capela,
base,69,Mojo Prizms,false,,Clint Capela,
base,69,Orange Ice Prizms,false,,Clint Capela,
base,69,Orange Prizms,false,,Clint Capela,
base,69,Orange Wave Prizms,false,,Clint Capela,
base,69,Pink Ice Prizms,false,,Clint Capela,
base,69,Pink Pulsar Prizms,false,,Clint Capela,
base,69,Purple Ice Prizms,false,,Clint Capela,
base,69,Purple Prizms,false,,Clint Capela,
base,69,Purple Pulsar Prizms,false,,Clint Capela,
base,69,Purple Wave Prizms,false,,Clint Capela,
base,69,Red Ice Prizms,false,,Clint Capela,
base,69,Red Prizms,false,,Clint Capela,
base,69,"Red, White and Blue Prizms",false,,Clint Capela,
base,69,Ruby Wave Prizms,false,,Clint Capela,
base,69,Silver Prizms,false,,Clint Capela,
base,69,White Sparkle Prizm,false,,Clint Capela,
base,69,Fast Break Pink Prizms,false,,Clint Capela,
base,69,Black Prizms,false,,Clint Capela,
base,69,Black Shimmer Prizms,false,,Clint Capela,
base,69,Blue Ice Prizms,false,,Clint Capela,
base,69,Black Gold Prizms,false,,Clint Capela,
base,169,Blue Prizms,false,,Cam Reddish,
base,169,Blue Shimmer Prizms,false,,Cam Reddish,
base,169,Blue Wave Prizms,false,,Cam Reddish,
base,169,Choice Blue Prizms,false,,Cam Reddish,
base,169,"Choice Blue, Yellow and Green Prizms",false,,Cam Reddish,
base,169,Choice Green Prizms,false,,Cam Reddish,
base,169,Choice Nebula Prizms,false,,Cam Reddish,
base,169,Choice Red Prizms,false,,Cam Reddish,
base,169,Choice Tiger Stripe Prizms,false,,Cam Reddish,
base,169,Fast Break Blue Prizms,false,,Cam Reddish,
base,169,Fast Break Bronze Prizms,false,,Cam Reddish,
base,169,Fast Break Neon Green Prizms,false,,Cam Reddish,
base,169,Fast Break Prizms,false,,Cam Reddish,
base,169,Fast Break Purple Prizms,false,,Cam Reddish,
base,169,Fast Break Red Prizms,false,,Cam Reddish,
base,169,Gold Prizms,false,,Cam Reddish,
base,169,Gold Shimmer Prizms,false,,Cam Reddish,
base,169,Gold Wave Prizms,false,,Cam Reddish,
base,169,Green Ice Prizms,false,,Cam Reddish,
base,169,Green Prizms,false,,Cam Reddish,
base,169,Green Pulsar Prizms,false,,Cam Reddish,
base,169,Green Shimmer Prizms,false,,Cam Reddish,
base,169,Hyper Prizms,false,,Cam Reddish,
base,169,Lucky Envelopes Prizms,false,,Cam Reddish,
base,169,Mojo Prizms,false,,Cam Reddish,
base,169,Orange Ice Prizms,false,,Cam Reddish,
base,169,Orange Prizms,false,,Cam Reddish,
base,169,Orange Wave Prizms,false,,Cam Reddish,
base,169,Pink Ice Prizms,false,,Cam Reddish,
base,169,Pink Pulsar Prizms,false,,Cam Reddish,
base,169,Purple Ice Prizms,false,,Cam Reddish,
base,169,Purple Prizms,false,,Cam Reddish,
base,169,Purple Pulsar Prizms,false,,Cam Reddish,
base,169,Purple Wave Prizms,false,,Cam Reddish,
base,169,Red Ice Prizms,false,,Cam Reddish,
base,169,Red Prizms,false,,Cam Reddish,
base,169,"Red, White and Blue Prizms",false,,Cam Reddish,
base,169,Ruby Wave Prizms,false,,Cam Reddish,
base,169,Silver Prizms,false,,Cam Reddish,
base,169,White Sparkle Prizm,false,,Cam Reddish,
base,169,Fast Break Pink Prizms,false,,Cam Reddish,
base,169,Black Prizms,false,,Cam Reddish,
base,169,Black Shimmer Prizms,false,,Cam Reddish,
base,169,Blue Ice Prizms,false,,Cam Reddish,
base,169,Black Gold Prizms,false,,Cam Reddish,
auto-rookie-signatures,RS-SMY,Prizms Silver,true,,Skylar Mays,
auto-rookie-signatures,RS-SMY,Prizms Choice,true,,Skylar Mays,
auto-rookie-signatures,RS-SMY,Prizms Mojo,true,25,Skylar Mays,
auto-rookie-signatures,RS-SMY,Prizms Gold,true,10,Skylar Mays,
auto-rookie-signatures,RS-SMY,Prizms Choice Green,true,8,Skylar Mays,
auto-rookie-signatures,RS-SMY,Prizms Black,true,1,Skylar Mays,
auto-rookie-signatures,RS-SMY,Prizms White Sparkle,true,1,Skylar Mays,
auto-rookie-signatures,RS-OOG,Prizms Silver,true,,Onyeka Okongwu,
auto-rookie-signatures,RS-OOG,Prizms Choice,true,,Onyeka Okongwu,
auto-rookie-signatures,RS-OOG,Prizms Mojo,true,25,Onyeka Okongwu,
auto-rookie-signatures,RS-OOG,Prizms Gold,true,10,Onyeka Okongwu,
auto-rookie-signatures,RS-OOG,Prizms Choice Green,true,8,Onyeka Okongwu,
auto-rookie-signatures,RS-OOG,Prizms Black,true,1,Onyeka Okongwu,
auto-rookie-signatures,RS-OOG,Prizms White Sparkle,true,1,Onyeka Okongwu,
auto-fast-break-autographs,FBA-DAH,Gold,true,10,De'Andre Hunter,
auto-fast-break-autographs,FBA-DAH,Black,true,1,De'Andre Hunter,
auto-fast-break-autographs,FBA-DWL,Gold,true,10,Dominique Wilkins,
auto-fast-break-autographs,FBA-DWL,Black,true,1,Dominique Wilkins,
insert-rookie-penmanship,RP-SMY,Prizms Orange Ice,false,,Skylar Mays,
insert-rookie-penmanship,RP-SMY,Prizms Blue Wave,false,,Skylar Mays,
insert-rookie-penmanship,RP-SMY,Prizms Silver,false,,Skylar Mays,
insert-rookie-penmanship,RP-SMY,Prizms Gold Wave,false,,Skylar Mays,
insert-rookie-penmanship,RP-SMY,Prizms Green Ice,false,16,Skylar Mays,
insert-rookie-penmanship,RP-OOG,Prizms Orange Ice,false,,Onyeka Okongwu,
insert-rookie-penmanship,RP-OOG,Prizms Blue Wave,false,,Onyeka Okongwu,
insert-rookie-penmanship,RP-OOG,Prizms Silver,false,,Onyeka Okongwu,
insert-rookie-penmanship,RP-OOG,Prizms Gold Wave,false,,Onyeka Okongwu,
insert-rookie-penmanship,RP-OOG,Prizms Green Ice,false,16,Onyeka Okongwu,
base,260,Blue Prizms,false,,Onyeka Okongwu,
base,260,Blue Shimmer Prizms,false,,Onyeka Okongwu,
base,260,Blue Wave Prizms,false,,Onyeka Okongwu,
base,260,Choice Blue Prizms,false,,Onyeka Okongwu,
base,260,"Choice Blue, Yellow and Green Prizms",false,,Onyeka Okongwu,
base,260,Choice Green Prizms,false,,Onyeka Okongwu,
base,260,Choice Nebula Prizms,false,,Onyeka Okongwu,
base,260,Choice Red Prizms,false,,Onyeka Okongwu,
base,260,Choice Tiger Stripe Prizms,false,,Onyeka Okongwu,
base,260,Fast Break Blue Prizms,false,,Onyeka Okongwu,
base,260,Fast Break Bronze Prizms,false,,Onyeka Okongwu,
base,260,Fast Break Neon Green Prizms,false,,Onyeka Okongwu,
base,260,Fast Break Prizms,false,,Onyeka Okongwu,
base,260,Fast Break Purple Prizms,false,,Onyeka Okongwu,
base,260,Fast Break Red Prizms,false,,Onyeka Okongwu,
base,260,Gold Prizms,false,,Onyeka Okongwu,
base,260,Gold Shimmer Prizms,false,,Onyeka Okongwu,
base,260,Gold Wave Prizms,false,,Onyeka Okongwu,
base,260,Green Ice Prizms,false,,Onyeka Okongwu,
base,260,Green Prizms,false,,Onyeka Okongwu,
base,260,Green Pulsar Prizms,false,,Onyeka Okongwu,
base,260,Green Shimmer Prizms,false,,Onyeka Okongwu,
base,260,Hyper Prizms,false,,Onyeka Okongwu,
base,260,Lucky Envelopes Prizms,false,,Onyeka Okongwu,
base,260,Mojo Prizms,false,,Onyeka Okongwu,
base,260,Orange Ice Prizms,false,,Onyeka Okongwu,
base,260,Orange Prizms,false,,Onyeka Okongwu,
base,260,Orange Wave Prizms,false,,Onyeka Okongwu,
base,260,Pink Ice Prizms,false,,Onyeka Okongwu,
base,260,Pink Pulsar Prizms,false,,Onyeka Okongwu,
base,260,Purple Ice Prizms,false,,Onyeka Okongwu,
base,260,Purple Prizms,false,,Onyeka Okongwu,
base,260,Purple Pulsar Prizms,false,,Onyeka Okongwu,
base,260,Purple Wave Prizms,false,,Onyeka Okongwu,
base,260,Red Ice Prizms,false,,Onyeka Okongwu,
base,260,Red Prizms,false,,Onyeka Okongwu,
base,260,"Red, White and Blue Prizms",false,,Onyeka Okongwu,
base,260,Ruby Wave Prizms,false,,Onyeka Okongwu,
base,260,Silver Prizms,false,,Onyeka Okongwu,
base,260,White Sparkle Prizm,false,,Onyeka Okongwu,
base,260,Fast Break Pink Prizms,false,,Onyeka Okongwu,
base,260,Black Prizms,false,,Onyeka Okongwu,
base,260,Black Shimmer Prizms,false,,Onyeka Okongwu,
base,260,Blue Ice Prizms,false,,Onyeka Okongwu,
base,260,Black Gold Prizms,false,,Onyeka Okongwu,
insert-sensational-swatches,SSW-MBI,Prizms Orange Ice,false,,Mike Bibby,
insert-sensational-swatches,SSW-MBI,Prizms Green Ice,false,56,Mike Bibby,
insert-sensational-swatches,SSW-MBI,Prime,false,10,Mike Bibby,
insert-dominance,25,Prizms Green,false,,Trae Young,
insert-dominance,25,Prizms Silver,false,,Trae Young,
insert-prizm,13,Flashback Fast Break,false,,Trae Young,
insert-prizm,13,Flashback,false,,Trae Young,
insert-prizm,13,Flashback Prizms Hyper,false,,Trae Young,
insert-prizm,13,Flashback Prizms Silver,false,,Trae Young,
insert-prizm,13,Flashback Prizms Mojo,false,25,Trae Young,
insert-prizm,13,Flashback Prizms Gold,false,10,Trae Young,
insert-prizm,13,Flashback Prizms Black,false,1,Trae Young,
base,107,Blue Prizms,false,,Kevin Huerter,
base,107,Blue Shimmer Prizms,false,,Kevin Huerter,
base,107,Blue Wave Prizms,false,,Kevin Huerter,
base,107,Choice Blue Prizms,false,,Kevin Huerter,
base,107,"Choice Blue, Yellow and Green Prizms",false,,Kevin Huerter,
base,107,Choice Green Prizms,false,,Kevin Huerter,
base,107,Choice Nebula Prizms,false,,Kevin Huerter,
base,107,Choice Red Prizms,false,,Kevin Huerter,
base,107,Choice Tiger Stripe Prizms,false,,Kevin Huerter,
base,107,Fast Break Blue Prizms,false,,Kevin Huerter,
base,107,Fast Break Bronze Prizms,false,,Kevin Huerter,
base,107,Fast Break Neon Green Prizms,false,,Kevin Huerter,
base,107,Fast Break Prizms,false,,Kevin Huerter,
base,107,Fast Break Purple Prizms,false,,Kevin Huerter,
base,107,Fast Break Red Prizms,false,,Kevin Huerter,
base,107,Gold Prizms,false,,Kevin Huerter,
base,107,Gold Shimmer Prizms,false,,Kevin Huerter,
base,107,Gold Wave Prizms,false,,Kevin Huerter,
base,107,Green Ice Prizms,false,,Kevin Huerter,
base,107,Green Prizms,false,,Kevin Huerter,
base,107,Green Pulsar Prizms,false,,Kevin Huerter,
base,107,Green Shimmer Prizms,false,,Kevin Huerter,
base,107,Hyper Prizms,false,,Kevin Huerter,
base,107,Lucky Envelopes Prizms,false,,Kevin Huerter,
base,107,Mojo Prizms,false,,Kevin Huerter,
base,107,Orange Ice Prizms,false,,Kevin Huerter,
base,107,Orange Prizms,false,,Kevin Huerter,
base,107,Orange Wave Prizms,false,,Kevin Huerter,
base,107,Pink Ice Prizms,false,,Kevin Huerter,
base,107,Pink Pulsar Prizms,false,,Kevin Huerter,
base,107,Purple Ice Prizms,false,,Kevin Huerter,
base,107,Purple Prizms,false,,Kevin Huerter,
base,107,Purple Pulsar Prizms,false,,Kevin Huerter,
base,107,Purple Wave Prizms,false,,Kevin Huerter,
base,107,Red Ice Prizms,false,,Kevin Huerter,
base,107,Red Prizms,false,,Kevin Huerter,
base,107,"Red, White and Blue Prizms",false,,Kevin Huerter,
base,107,Ruby Wave Prizms,false,,Kevin Huerter,
base,107,Silver Prizms,false,,Kevin Huerter,
base,107,White Sparkle Prizm,false,,Kevin Huerter,
base,107,Fast Break Pink Prizms,false,,Kevin Huerter,
base,107,Black Prizms,false,,Kevin Huerter,
base,107,Black Shimmer Prizms,false,,Kevin Huerter,
base,107,Blue Ice Prizms,false,,Kevin Huerter,
base,107,Black Gold Prizms,false,,Kevin Huerter,
auto-signatures,SI-TFL,Prizms Choice,true,,Tacko Fall,
auto-signatures,SI-TFL,Prizms Silver,true,,Tacko Fall,
auto-signatures,SI-TFL,Prizms Mojo,true,25,Tacko Fall,
auto-signatures,SI-TFL,Prizms Gold,true,10,Tacko Fall,
auto-signatures,SI-TFL,Prizms Choice Green,true,8,Tacko Fall,
auto-signatures,SI-TFL,Prizms Black,true,1,Tacko Fall,
auto-fast-break-rookie-autographs,FR-PPT,Gold,true,10,Payton Pritchard,
auto-fast-break-rookie-autographs,FR-PPT,Black,true,1,Payton Pritchard,
auto-sensational-signatures,SS-ANS,Prizms Silver,true,,Aaron Nesmith,
auto-sensational-signatures,SS-ANS,Prizms Choice,true,,Aaron Nesmith,
auto-sensational-signatures,SS-ANS,Prizms Mojo,true,25,Aaron Nesmith,
auto-sensational-signatures,SS-ANS,Prizms Gold,true,10,Aaron Nesmith,
auto-sensational-signatures,SS-ANS,Prizms Choice Green,true,8,Aaron Nesmith,
auto-sensational-signatures,SS-ANS,Prizms Black,true,1,Aaron Nesmith,
insert-downtown-bound,6,Fast Break,false,,Jayson Tatum,
insert-downtown-bound,6,Prizms Hyper,false,,Jayson Tatum,
insert-downtown-bound,6,Prizms Silver,false,,Jayson Tatum,
insert-downtown-bound,6,Prizms Mojo,false,25,Jayson Tatum,
insert-downtown-bound,6,Prizms Gold,false,10,Jayson Tatum,
insert-downtown-bound,6,Prizms Black,false,1,Jayson Tatum,
auto-fast-break-autographs,FBA-RAL,Gold,true,10,Ray Allen,
auto-fast-break-autographs,FBA-RAL,Black,true,1,Ray Allen,
insert-fearless,4,Fast Break,false,,Larry Bird,
insert-fearless,4,Prizms Hyper,false,,Larry Bird,
insert-fearless,4,Prizms Silver,false,,Larry Bird,
insert-fearless,4,Prizms Mojo,false,25,Larry Bird,
insert-fearless,4,Prizms Gold,false,10,Larry Bird,
insert-fearless,4,Prizms Black,false,1,Larry Bird,
auto-sensational-signatures,SS-LBI,Prizms Silver,true,,Larry Bird,
auto-sensational-signatures,SS-LBI,Prizms Choice,true,,Larry Bird,
auto-sensational-signatures,SS-LBI,Prizms Mojo,true,25,Larry Bird,
auto-sensational-signatures,SS-LBI,Prizms Gold,true,10,Larry Bird,
auto-sensational-signatures,SS-LBI,Prizms Choice Green,true,8,Larry Bird,
auto-sensational-signatures,SS-LBI,Prizms Black,true,1,Larry Bird,
insert-instant-impact,2,Prizms Green,false,,Aaron Nesmith,
insert-instant-impact,2,Prizms Silver,false,,Aaron Nesmith,
auto-signatures,SI-BWL,Prizms Choice,true,,Bill Walton,
auto-signatures,SI-BWL,Prizms Silver,true,,Bill Walton,
auto-signatures,SI-BWL,Prizms Mojo,true,25,Bill Walton,
auto-signatures,SI-BWL,Prizms Gold,true,10,Bill Walton,
auto-signatures,SI-BWL,Prizms Choice Green,true,8,Bill Walton,
auto-signatures,SI-BWL,Prizms Black,true,1,Bill Walton,
insert-fireworks,27,Prizms Silver,false,,Jayson Tatum,
insert-fireworks,27,Fast Break,false,,Jayson Tatum,
insert-fireworks,27,Prizms Hyper,false,,Jayson Tatum,
insert-fireworks,27,Prizms Mojo,false,25,Jayson Tatum,
insert-fireworks,27,Prizms Gold,false,10,Jayson Tatum,
insert-fireworks,27,Prizms Black,false,1,Jayson Tatum,
base,257,Blue Prizms,false,,Payton Pritchard,
base,257,Blue Shimmer Prizms,false,,Payton Pritchard,
base,257,Blue Wave Prizms,false,,Payton Pritchard,
base,257,Choice Blue Prizms,false,,Payton Pritchard,
base,257,"Choice Blue, Yellow and Green Prizms",false,,Payton Pritchard,
base,257,Choice Green Prizms,false,,Payton Pritchard,
base,257,Choice Nebula Prizms,false,,Payton Pritchard,
base,257,Choice Red Prizms,false,,Payton Pritchard,
base,257,Choice Tiger Stripe Prizms,false,,Payton Pritchard,
base,257,Fast Break Blue Prizms,false,,Payton Pritchard,
base,257,Fast Break Bronze Prizms,false,,Payton Pritchard,
base,257,Fast Break Neon Green Prizms,false,,Payton Pritchard,
base,257,Fast Break Prizms,false,,Payton Pritchard,
base,257,Fast Break Purple Prizms,false,,Payton Pritchard,
base,257,Fast Break Red Prizms,false,,Payton Pritchard,
base,257,Gold Prizms,false,,Payton Pritchard,
base,257,Gold Shimmer Prizms,false,,Payton Pritchard,
base,257,Gold Wave Prizms,false,,Payton Pritchard,
base,257,Green Ice Prizms,false,,Payton Pritchard,
base,257,Green Prizms,false,,Payton Pritchard,
base,257,Green Pulsar Prizms,false,,Payton Pritchard,
base,257,Green Shimmer Prizms,false,,Payton Pritchard,
base,257,Hyper Prizms,false,,Payton Pritchard,
base,257,Lucky Envelopes Prizms,false,,Payton Pritchard,
base,257,Mojo Prizms,false,,Payton Pritchard,
base,257,Orange Ice Prizms,false,,Payton Pritchard,
base,257,Orange Prizms,false,,Payton Pritchard,
base,257,Orange Wave Prizms,false,,Payton Pritchard,
base,257,Pink Ice Prizms,false,,Payton Pritchard,
base,257,Pink Pulsar Prizms,false,,Payton Pritchard,
base,257,Purple Ice Prizms,false,,Payton Pritchard,
base,257,Purple Prizms,false,,Payton Pritchard,
base,257,Purple Pulsar Prizms,false,,Payton Pritchard,
base,257,Purple Wave Prizms,false,,Payton Pritchard,
base,257,Red Ice Prizms,false,,Payton Pritchard,
base,257,Red Prizms,false,,Payton Pritchard,
base,257,"Red, White and Blue Prizms",false,,Payton Pritchard,
base,257,Ruby Wave Prizms,false,,Payton Pritchard,
base,257,Silver Prizms,false,,Payton Pritchard,
base,257,White Sparkle Prizm,false,,Payton Pritchard,
base,257,Fast Break Pink Prizms,false,,Payton Pritchard,
base,257,Black Prizms,false,,Payton Pritchard,
base,257,Black Shimmer Prizms,false,,Payton Pritchard,
base,257,Blue Ice Prizms,false,,Payton Pritchard,
base,257,Black Gold Prizms,false,,Payton Pritchard,
auto-sensational-signatures,SS-JTU,Prizms Silver,true,,Jayson Tatum,
auto-sensational-signatures,SS-JTU,Prizms Choice,true,,Jayson Tatum,
auto-sensational-signatures,SS-JTU,Prizms Mojo,true,25,Jayson Tatum,
auto-sensational-signatures,SS-JTU,Prizms Gold,true,10,Jayson Tatum,
auto-sensational-signatures,SS-JTU,Prizms Choice Green,true,8,Jayson Tatum,
auto-sensational-signatures,SS-JTU,Prizms Black,true,1,Jayson Tatum,
insert-emergent,18,Prizms Green,false,,Payton Pritchard,
insert-emergent,18,Prizms Silver,false,,Payton Pritchard,
insert-fearless,12,Fast Break,false,,Paul Pierce,
insert-fearless,12,Prizms Hyper,false,,Paul Pierce,
insert-fearless,12,Prizms Silver,false,,Paul Pierce,
insert-fearless,12,Prizms Mojo,false,25,Paul Pierce,
insert-fearless,12,Prizms Gold,false,10,Paul Pierce,
insert-fearless,12,Prizms Black,false,1,Paul Pierce,
auto-fast-break-autographs,FBA-DRA,Gold,true,10,Dino Radja,
auto-fast-break-autographs,FBA-DRA,Black,true,1,Dino Radja,
insert-sensational-swatches,SSW-JTA,Prizms Orange Ice,false,,Jayson Tatum,
insert-sensational-swatches,SSW-JTA,Prizms Green Ice,false,56,Jayson Tatum,
insert-sensational-swatches,SSW-JTA,Prime,false,10,Jayson Tatum,
base,189,Blue Prizms,false,,Jaylen Brown,
base,189,Blue Shimmer Prizms,false,,Jaylen Brown,
base,189,Blue Wave Prizms,false,,Jaylen Brown,
base,189,Choice Blue Prizms,false,,Jaylen Brown,
base,189,"Choice Blue, Yellow and Green Prizms",false,,Jaylen Brown,
base,189,Choice Green Prizms,false,,Jaylen Brown,
base,189,Choice Nebula Prizms,false,,Jaylen Brown,
base,189,Choice Red Prizms,false,,Jaylen Brown,
base,189,Choice Tiger Stripe Prizms,false,,Jaylen Brown,
base,189,Fast Break Blue Prizms,false,,Jaylen Brown,
base,189,Fast Break Bronze Prizms,false,,Jaylen Brown,
base,189,Fast Break Neon Green Prizms,false,,Jaylen Brown,
base,189,Fast Break Prizms,false,,Jaylen Brown,
base,189,Fast Break Purple Prizms,false,,Jaylen Brown,
base,189,Fast Break Red Prizms,false,,Jaylen Brown,
base,189,Gold Prizms,false,,Jaylen Brown,
base,189,Gold Shimmer Prizms,false,,Jaylen Brown,
base,189,Gold Wave Prizms,false,,Jaylen Brown,
base,189,Green Ice Prizms,false,,Jaylen Brown,
base,189,Green Prizms,false,,Jaylen Brown,
base,189,Green Pulsar Prizms,false,,Jaylen Brown,
base,189,Green Shimmer Prizms,false,,Jaylen Brown,
base,189,Hyper Prizms,false,,Jaylen Brown,
base,189,Lucky Envelopes Prizms,false,,Jaylen Brown,
base,189,Mojo Prizms,false,,Jaylen Brown,
base,189,Orange Ice Prizms,false,,Jaylen Brown,
base,189,Orange Prizms,false,,Jaylen Brown,
base,189,Orange Wave Prizms,false,,Jaylen Brown,
base,189,Pink Ice Prizms,false,,Jaylen Brown,
base,189,Pink Pulsar Prizms,false,,Jaylen Brown,
base,189,Purple Ice Prizms,false,,Jaylen Brown,
base,189,Purple Prizms,false,,Jaylen Brown,
base,189,Purple Pulsar Prizms,false,,Jaylen Brown,
base,189,Purple Wave Prizms,false,,Jaylen Brown,
base,189,Red Ice Prizms,false,,Jaylen Brown,
base,189,Red Prizms,false,,Jaylen Brown,
base,189,"Red, White and Blue Prizms",false,,Jaylen Brown,
base,189,Ruby Wave Prizms,false,,Jaylen Brown,
base,189,Silver Prizms,false,,Jaylen Brown,
base,189,White Sparkle Prizm,false,,Jaylen Brown,
base,189,Fast Break Pink Prizms,false,,Jaylen Brown,
base,189,Black Prizms,false,,Jaylen Brown,
base,189,Black Shimmer Prizms,false,,Jaylen Brown,
base,189,Blue Ice Prizms,false,,Jaylen Brown,
base,189,Black Gold Prizms,false,,Jaylen Brown,
auto-fast-break-autographs,FBA-LBI,Gold,true,10,Larry Bird,
auto-fast-break-autographs,FBA-LBI,Black,true,1,Larry Bird,
auto-fast-break-autographs,FBA-BSC,Gold,true,10,Brian Scalabrine,
auto-fast-break-autographs,FBA-BSC,Black,true,1,Brian Scalabrine,
auto-rookie-signatures,RS-PPC,Prizms Silver,true,,Payton Pritchard,
auto-rookie-signatures,RS-PPC,Prizms Choice,true,,Payton Pritchard,
auto-rookie-signatures,RS-PPC,Prizms Mojo,true,25,Payton Pritchard,
auto-rookie-signatures,RS-PPC,Prizms Gold,true,10,Payton Pritchard,
auto-rookie-signatures,RS-PPC,Prizms Choice Green,true,8,Payton Pritchard,
auto-rookie-signatures,RS-PPC,Prizms Black,true,1,Payton Pritchard,
auto-rookie-signatures,RS-PPC,Prizms White Sparkle,true,1,Payton Pritchard,
insert-sensational-swatches,SSW-JBR,Prizms Orange Ice,false,,Jaylen Brown,
insert-sensational-swatches,SSW-JBR,Prizms Green Ice,false,56,Jaylen Brown,
insert-sensational-swatches,SSW-JBR,Prime,false,10,Jaylen Brown,
insert-dominance,9,Prizms Green,false,,Jayson Tatum,
insert-dominance,9,Prizms Silver,false,,Jayson Tatum,
insert-sensational-swatches,SSW-LAB,Prizms Orange Ice,false,,Larry Bird,
insert-sensational-swatches,SSW-LAB,Prizms Green Ice,false,56,Larry Bird,
insert-sensational-swatches,SSW-LAB,Prime,false,10,Larry Bird,
base,282,Blue Prizms,false,,Aaron Nesmith,
base,282,Blue Shimmer Prizms,false,,Aaron Nesmith,
base,282,Blue Wave Prizms,false,,Aaron Nesmith,
base,282,Choice Blue Prizms,false,,Aaron Nesmith,
base,282,"Choice Blue, Yellow and Green Prizms",false,,Aaron Nesmith,
base,282,Choice Green Prizms,false,,Aaron Nesmith,
base,282,Choice Nebula Prizms,false,,Aaron Nesmith,
base,282,Choice Red Prizms,false,,Aaron Nesmith,
base,282,Choice Tiger Stripe Prizms,false,,Aaron Nesmith,
base,282,Fast Break Blue Prizms,false,,Aaron Nesmith,
base,282,Fast Break Bronze Prizms,false,,Aaron Nesmith,
base,282,Fast Break Neon Green Prizms,false,,Aaron Nesmith,
base,282,Fast Break Prizms,false,,Aaron Nesmith,
base,282,Fast Break Purple Prizms,false,,Aaron Nesmith,
base,282,Fast Break Red Prizms,false,,Aaron Nesmith,
base,282,Gold Prizms,false,,Aaron Nesmith,
base,282,Gold Shimmer Prizms,false,,Aaron Nesmith,
base,282,Gold Wave Prizms,false,,Aaron Nesmith,
base,282,Green Ice Prizms,false,,Aaron Nesmith,
base,282,Green Prizms,false,,Aaron Nesmith,
base,282,Green Pulsar Prizms,false,,Aaron Nesmith,
base,282,Green Shimmer Prizms,false,,Aaron Nesmith,
base,282,Hyper Prizms,false,,Aaron Nesmith,
base,282,Lucky Envelopes Prizms,false,,Aaron Nesmith,
base,282,Mojo Prizms,false,,Aaron Nesmith,
base,282,Orange Ice Prizms,false,,Aaron Nesmith,
base,282,Orange Prizms,false,,Aaron Nesmith,
base,282,Orange Wave Prizms,false,,Aaron Nesmith,
base,282,Pink Ice Prizms,false,,Aaron Nesmith,
base,282,Pink Pulsar Prizms,false,,Aaron Nesmith,
base,282,Purple Ice Prizms,false,,Aaron Nesmith,
base,282,Purple Prizms,false,,Aaron Nesmith,
base,282,Purple Pulsar Prizms,false,,Aaron Nesmith,
base,282,Purple Wave Prizms,false,,Aaron Nesmith,
base,282,Red Ice Prizms,false,,Aaron Nesmith,
base,282,Red Prizms,false,,Aaron Nesmith,
base,282,"Red, White and Blue Prizms",false,,Aaron Nesmith,
base,282,Ruby Wave Prizms,false,,Aaron Nesmith,
base,282,Silver Prizms,false,,Aaron Nesmith,
base,282,White Sparkle Prizm,false,,Aaron Nesmith,
base,282,Fast Break Pink Prizms,false,,Aaron Nesmith,
base,282,Black Prizms,false,,Aaron Nesmith,
base,282,Black Shimmer Prizms,false,,Aaron Nesmith,
base,282,Blue Ice Prizms,false,,Aaron Nesmith,
base,282,Black Gold Prizms,false,,Aaron Nesmith,
auto-signatures,SI-BSC,Prizms Choice,true,,Brian Scalabrine,
auto-signatures,SI-BSC,Prizms Silver,true,,Brian Scalabrine,
auto-signatures,SI-BSC,Prizms Mojo,true,25,Brian Scalabrine,
auto-signatures,SI-BSC,Prizms Gold,true,10,Brian Scalabrine,
auto-signatures,SI-BSC,Prizms Choice Green,true,8,Brian Scalabrine,
auto-signatures,SI-BSC,Prizms Black,true,1,Brian Scalabrine,
base,35,Blue Prizms,false,,Robert Williams III,
base,35,Blue Shimmer Prizms,false,,Robert Williams III,
base,35,Blue Wave Prizms,false,,Robert Williams III,
base,35,Choice Blue Prizms,false,,Robert Williams III,
base,35,"Choice Blue, Yellow and Green Prizms",false,,Robert Williams III,
base,35,Choice Green Prizms,false,,Robert Williams III,
base,35,Choice Nebula Prizms,false,,Robert Williams III,
base,35,Choice Red Prizms,false,,Robert Williams III,
base,35,Choice Tiger Stripe Prizms,false,,Robert Williams III,
base,35,Fast Break Blue Prizms,false,,Robert Williams III,
base,35,Fast Break Bronze Prizms,false,,Robert Williams III,
base,35,Fast Break Neon Green Prizms,false,,Robert Williams III,
base,35,Fast Break Prizms,false,,Robert Williams III,
base,35,Fast Break Purple Prizms,false,,Robert Williams III,
base,35,Fast Break Red Prizms,false,,Robert Williams III,
base,35,Gold Prizms,false,,Robert Williams III,
base,35,Gold Shimmer Prizms,false,,Robert Williams III,
base,35,Gold Wave Prizms,false,,Robert Williams III,
base,35,Green Ice Prizms,false,,Robert Williams III,
base,35,Green Prizms,false,,Robert Williams III,
base,35,Green Pulsar Prizms,false,,Robert Williams III,
base,35,Green Shimmer Prizms,false,,Robert Williams III,
base,35,Hyper Prizms,false,,Robert Williams III,
base,35,Lucky Envelopes Prizms,false,,Robert Williams III,
base,35,Mojo Prizms,false,,Robert Williams III,
base,35,Orange Ice Prizms,false,,Robert Williams III,
base,35,Orange Prizms,false,,Robert Williams III,
base,35,Orange Wave Prizms,false,,Robert Williams III,
base,35,Pink Ice Prizms,false,,Robert Williams III,
base,35,Pink Pulsar Prizms,false,,Robert Williams III,
base,35,Purple Ice Prizms,false,,Robert Williams III,
base,35,Purple Prizms,false,,Robert Williams III,
base,35,Purple Pulsar Prizms,false,,Robert Williams III,
base,35,Purple Wave Prizms,false,,Robert Williams III,
base,35,Red Ice Prizms,false,,Robert Williams III,
base,35,Red Prizms,false,,Robert Williams III,
base,35,"Red, White and Blue Prizms",false,,Robert Williams III,
base,35,Ruby Wave Prizms,false,,Robert Williams III,
base,35,Silver Prizms,false,,Robert Williams III,
base,35,White Sparkle Prizm,false,,Robert Williams III,
base,35,Fast Break Pink Prizms,false,,Robert Williams III,
base,35,Black Prizms,false,,Robert Williams III,
base,35,Black Shimmer Prizms,false,,Robert Williams III,
base,35,Blue Ice Prizms,false,,Robert Williams III,
base,35,Black Gold Prizms,false,,Robert Williams III,
insert-rookie-penmanship,RP-ANS,Prizms Orange Ice,false,,Aaron Nesmith,
insert-rookie-penmanship,RP-ANS,Prizms Blue Wave,false,,Aaron Nesmith,
insert-rookie-penmanship,RP-ANS,Prizms Silver,false,,Aaron Nesmith,
insert-rookie-penmanship,RP-ANS,Prizms Gold Wave,false,,Aaron Nesmith,
insert-rookie-penmanship,RP-ANS,Prizms Green Ice,false,16,Aaron Nesmith,
insert-sensational-swatches,SSW-XAM,Prizms Orange Ice,false,,Xavier McDaniel,
insert-sensational-swatches,SSW-XAM,Prizms Green Ice,false,56,Xavier McDaniel,
insert-sensational-swatches,SSW-XAM,Prime,false,10,Xavier McDaniel,
base,282b,Blue Prizms,false,,Aaron Nesmith,
base,282b,Blue Shimmer Prizms,false,,Aaron Nesmith,
base,282b,Blue Wave Prizms,false,,Aaron Nesmith,
base,282b,Choice Blue Prizms,false,,Aaron Nesmith,
base,282b,"Choice Blue, Yellow and Green Prizms",false,,Aaron Nesmith,
base,282b,Choice Green Prizms,false,,Aaron Nesmith,
base,282b,Choice Nebula Prizms,false,,Aaron Nesmith,
base,282b,Choice Red Prizms,false,,Aaron Nesmith,
base,282b,Choice Tiger Stripe Prizms,false,,Aaron Nesmith,
base,282b,Fast Break Blue Prizms,false,,Aaron Nesmith,
base,282b,Fast Break Bronze Prizms,false,,Aaron Nesmith,
base,282b,Fast Break Neon Green Prizms,false,,Aaron Nesmith,
base,282b,Fast Break Prizms,false,,Aaron Nesmith,
base,282b,Fast Break Purple Prizms,false,,Aaron Nesmith,
base,282b,Fast Break Red Prizms,false,,Aaron Nesmith,
base,282b,Gold Prizms,false,,Aaron Nesmith,
base,282b,Gold Shimmer Prizms,false,,Aaron Nesmith,
base,282b,Gold Wave Prizms,false,,Aaron Nesmith,
base,282b,Green Ice Prizms,false,,Aaron Nesmith,
base,282b,Green Prizms,false,,Aaron Nesmith,
base,282b,Green Pulsar Prizms,false,,Aaron Nesmith,
base,282b,Green Shimmer Prizms,false,,Aaron Nesmith,
base,282b,Hyper Prizms,false,,Aaron Nesmith,
base,282b,Lucky Envelopes Prizms,false,,Aaron Nesmith,
base,282b,Mojo Prizms,false,,Aaron Nesmith,
base,282b,Orange Ice Prizms,false,,Aaron Nesmith,
base,282b,Orange Prizms,false,,Aaron Nesmith,
base,282b,Orange Wave Prizms,false,,Aaron Nesmith,
base,282b,Pink Ice Prizms,false,,Aaron Nesmith,
base,282b,Pink Pulsar Prizms,false,,Aaron Nesmith,
base,282b,Purple Ice Prizms,false,,Aaron Nesmith,
base,282b,Purple Prizms,false,,Aaron Nesmith,
base,282b,Purple Pulsar Prizms,false,,Aaron Nesmith,
base,282b,Purple Wave Prizms,false,,Aaron Nesmith,
base,282b,Red Ice Prizms,false,,Aaron Nesmith,
base,282b,Red Prizms,false,,Aaron Nesmith,
base,282b,"Red, White and Blue Prizms",false,,Aaron Nesmith,
base,282b,Ruby Wave Prizms,false,,Aaron Nesmith,
base,282b,Silver Prizms,false,,Aaron Nesmith,
base,282b,White Sparkle Prizm,false,,Aaron Nesmith,
base,282b,Fast Break Pink Prizms,false,,Aaron Nesmith,
base,282b,Black Prizms,false,,Aaron Nesmith,
base,282b,Black Shimmer Prizms,false,,Aaron Nesmith,
base,282b,Blue Ice Prizms,false,,Aaron Nesmith,
base,282b,Black Gold Prizms,false,,Aaron Nesmith,
insert-rookie-penmanship,RP-PPC,Prizms Orange Ice,false,,Payton Pritchard,
insert-rookie-penmanship,RP-PPC,Prizms Blue Wave,false,,Payton Pritchard,
insert-rookie-penmanship,RP-PPC,Prizms Silver,false,,Payton Pritchard,
insert-rookie-penmanship,RP-PPC,Prizms Gold Wave,false,,Payton Pritchard,
insert-rookie-penmanship,RP-PPC,Prizms Green Ice,false,16,Payton Pritchard,
base,212,Blue Prizms,false,,Enes Kanter,
base,212,Blue Shimmer Prizms,false,,Enes Kanter,
base,212,Blue Wave Prizms,false,,Enes Kanter,
base,212,Choice Blue Prizms,false,,Enes Kanter,
base,212,"Choice Blue, Yellow and Green Prizms",false,,Enes Kanter,
base,212,Choice Green Prizms,false,,Enes Kanter,
base,212,Choice Nebula Prizms,false,,Enes Kanter,
base,212,Choice Red Prizms,false,,Enes Kanter,
base,212,Choice Tiger Stripe Prizms,false,,Enes Kanter,
base,212,Fast Break Blue Prizms,false,,Enes Kanter,
base,212,Fast Break Bronze Prizms,false,,Enes Kanter,
base,212,Fast Break Neon Green Prizms,false,,Enes Kanter,
base,212,Fast Break Prizms,false,,Enes Kanter,
base,212,Fast Break Purple Prizms,false,,Enes Kanter,
base,212,Fast Break Red Prizms,false,,Enes Kanter,
base,212,Gold Prizms,false,,Enes Kanter,
base,212,Gold Shimmer Prizms,false,,Enes Kanter,
base,212,Gold Wave Prizms,false,,Enes Kanter,
base,212,Green Ice Prizms,false,,Enes Kanter,
base,212,Green Prizms,false,,Enes Kanter,
base,212,Green Pulsar Prizms,false,,Enes Kanter,
base,212,Green Shimmer Prizms,false,,Enes Kanter,
base,212,Hyper Prizms,false,,Enes Kanter,
base,212,Lucky Envelopes Prizms,false,,Enes Kanter,
base,212,Mojo Prizms,false,,Enes Kanter,
base,212,Orange Ice Prizms,false,,Enes Kanter,
base,212,Orange Prizms,false,,Enes Kanter,
base,212,Orange Wave Prizms,false,,Enes Kanter,
base,212,Pink Ice Prizms,false,,Enes Kanter,
base,212,Pink Pulsar Prizms,false,,Enes Kanter,
base,212,Purple Ice Prizms,false,,Enes Kanter,
base,212,Purple Prizms,false,,Enes Kanter,
base,212,Purple Pulsar Prizms,false,,Enes Kanter,
base,212,Purple Wave Prizms,false,,Enes Kanter,
base,212,Red Ice Prizms,false,,Enes Kanter,
base,212,Red Prizms,false,,Enes Kanter,
base,212,"Red, White and Blue Prizms",false,,Enes Kanter,
base,212,Ruby Wave Prizms,false,,Enes Kanter,
base,212,Silver Prizms,false,,Enes Kanter,
base,212,White Sparkle Prizm,false,,Enes Kanter,
base,212,Fast Break Pink Prizms,false,,Enes Kanter,
base,212,Black Prizms,false,,Enes Kanter,
base,212,Black Shimmer Prizms,false,,Enes Kanter,
base,212,Blue Ice Prizms,false,,Enes Kanter,
base,212,Black Gold Prizms,false,,Enes Kanter,
insert-downtown-bound,10,Fast Break,false,,Kemba Walker,
insert-downtown-bound,10,Prizms Hyper,false,,Kemba Walker,
insert-downtown-bound,10,Prizms Silver,false,,Kemba Walker,
insert-downtown-bound,10,Prizms Mojo,false,25,Kemba Walker,
insert-downtown-bound,10,Prizms Gold,false,10,Kemba Walker,
insert-downtown-bound,10,Prizms Black,false,1,Kemba Walker,
base,47,Blue Prizms,false,,Gordon Hayward,
base,47,Blue Shimmer Prizms,false,,Gordon Hayward,
base,47,Blue Wave Prizms,false,,Gordon Hayward,
base,47,Choice Blue Prizms,false,,Gordon Hayward,
base,47,"Choice Blue, Yellow and Green Prizms",false,,Gordon Hayward,
base,47,Choice Green Prizms,false,,Gordon Hayward,
base,47,Choice Nebula Prizms,false,,Gordon Hayward,
base,47,Choice Red Prizms,false,,Gordon Hayward,
base,47,Choice Tiger Stripe Prizms,false,,Gordon Hayward,
base,47,Fast Break Blue Prizms,false,,Gordon Hayward,
base,47,Fast Break Bronze Prizms,false,,Gordon Hayward,
base,47,Fast Break Neon Green Prizms,false,,Gordon Hayward,
base,47,Fast Break Prizms,false,,Gordon Hayward,
base,47,Fast Break Purple Prizms,false,,Gordon Hayward,
base,47,Fast Break Red Prizms,false,,Gordon Hayward,
base,47,Gold Prizms,false,,Gordon Hayward,
base,47,Gold Shimmer Prizms,false,,Gordon Hayward,
base,47,Gold Wave Prizms,false,,Gordon Hayward,
base,47,Green Ice Prizms,false,,Gordon Hayward,
base,47,Green Prizms,false,,Gordon Hayward,
base,47,Green Pulsar Prizms,false,,Gordon Hayward,
base,47,Green Shimmer Prizms,false,,Gordon Hayward,
base,47,Hyper Prizms,false,,Gordon Hayward,
base,47,Lucky Envelopes Prizms,false,,Gordon Hayward,
base,47,Mojo Prizms,false,,Gordon Hayward,
base,47,Orange Ice Prizms,false,,Gordon Hayward,
base,47,Orange Prizms,false,,Gordon Hayward,
base,47,Orange Wave Prizms,false,,Gordon Hayward,
base,47,Pink Ice Prizms,false,,Gordon Hayward,
base,47,Pink Pulsar Prizms,false,,Gordon Hayward,
base,47,Purple Ice Prizms,false,,Gordon Hayward,
base,47,Purple Prizms,false,,Gordon Hayward,
base,47,Purple Pulsar Prizms,false,,Gordon Hayward,
base,47,Purple Wave Prizms,false,,Gordon Hayward,
base,47,Red Ice Prizms,false,,Gordon Hayward,
base,47,Red Prizms,false,,Gordon Hayward,
base,47,"Red, White and Blue Prizms",false,,Gordon Hayward,
base,47,Ruby Wave Prizms,false,,Gordon Hayward,
base,47,Silver Prizms,false,,Gordon Hayward,
base,47,White Sparkle Prizm,false,,Gordon Hayward,
base,47,Fast Break Pink Prizms,false,,Gordon Hayward,
base,47,Black Prizms,false,,Gordon Hayward,
base,47,Black Shimmer Prizms,false,,Gordon Hayward,
base,47,Blue Ice Prizms,false,,Gordon Hayward,
base,47,Black Gold Prizms,false,,Gordon Hayward,
insert-dominance,13,Prizms Green,false,,Kemba Walker,
insert-dominance,13,Prizms Silver,false,,Kemba Walker,
insert-prizm,9,Flashback Fast Break,false,,Jayson Tatum,
insert-prizm,9,Flashback,false,,Jayson Tatum,
insert-prizm,9,Flashback Prizms Hyper,false,,Jayson Tatum,
insert-prizm,9,Flashback Prizms Silver,false,,Jayson Tatum,
insert-prizm,9,Flashback Prizms Mojo,false,25,Jayson Tatum,
insert-prizm,9,Flashback Prizms Gold,false,10,Jayson Tatum,
insert-prizm,9,Flashback Prizms Black,false,1,Jayson Tatum,
auto-sensational-signatures,SS-PPC,Prizms Silver,true,,Payton Pritchard,
auto-sensational-signatures,SS-PPC,Prizms Choice,true,,Payton Pritchard,
auto-sensational-signatures,SS-PPC,Prizms Mojo,true,25,Payton Pritchard,
auto-sensational-signatures,SS-PPC,Prizms Gold,true,10,Payton Pritchard,
auto-sensational-signatures,SS-PPC,Prizms Choice Green,true,8,Payton Pritchard,
auto-sensational-signatures,SS-PPC,Prizms Black,true,1,Payton Pritchard,
insert-penmanship,PE-PPI,Prizms Orange Ice,false,,Paul Pierce,
insert-penmanship,PE-PPI,Prizms Silver,false,,Paul Pierce,
insert-penmanship,PE-PPI,Prizms Green Ice,false,16,Paul Pierce,
auto-sensational-signatures,SS-XAV,Prizms Silver,true,,Xavier McDaniel,
auto-sensational-signatures,SS-XAV,Prizms Choice,true,,Xavier McDaniel,
auto-sensational-signatures,SS-XAV,Prizms Mojo,true,25,Xavier McDaniel,
auto-sensational-signatures,SS-XAV,Prizms Gold,true,10,Xavier McDaniel,
auto-sensational-signatures,SS-XAV,Prizms Choice Green,true,8,Xavier McDaniel,
auto-sensational-signatures,SS-XAV,Prizms Black,true,1,Xavier McDaniel,
auto-rookie-signatures,RS-ANS,Prizms Silver,true,,Aaron Nesmith,
auto-rookie-signatures,RS-ANS,Prizms Choice,true,,Aaron Nesmith,
auto-rookie-signatures,RS-ANS,Prizms Mojo,true,25,Aaron Nesmith,
auto-rookie-signatures,RS-ANS,Prizms Gold,true,10,Aaron Nesmith,
auto-rookie-signatures,RS-ANS,Prizms Choice Green,true,8,Aaron Nesmith,
auto-rookie-signatures,RS-ANS,Prizms Black,true,1,Aaron Nesmith,
auto-rookie-signatures,RS-ANS,Prizms White Sparkle,true,1,Aaron Nesmith,
auto-fast-break-autographs,FBA-THE,Gold,true,10,Tom Heinsohn,
auto-fast-break-autographs,FBA-THE,Black,true,1,Tom Heinsohn,
auto-fast-break-rookie-autographs,FR-ANS,Gold,true,10,Aaron Nesmith,
auto-fast-break-rookie-autographs,FR-ANS,Black,true,1,Aaron Nesmith,
insert-emergent,11,Prizms Green,false,,Aaron Nesmith,
insert-emergent,11,Prizms Silver,false,,Aaron Nesmith,
auto-sensational-signatures,SS-GHA,Prizms Silver,true,,Gordon Hayward,
auto-sensational-signatures,SS-GHA,Prizms Choice,true,,Gordon Hayward,
auto-sensational-signatures,SS-GHA,Prizms Mojo,true,25,Gordon Hayward,
auto-sensational-signatures,SS-GHA,Prizms Gold,true,10,Gordon Hayward,
auto-sensational-signatures,SS-GHA,Prizms Choice Green,true,8,Gordon Hayward,
auto-sensational-signatures,SS-GHA,Prizms Black,true,1,Gordon Hayward,
base,119,Blue Prizms,false,,Jayson Tatum,
base,119,Blue Shimmer Prizms,false,,Jayson Tatum,
base,119,Blue Wave Prizms,false,,Jayson Tatum,
base,119,Choice Blue Prizms,false,,Jayson Tatum,
base,119,"Choice Blue, Yellow and Green Prizms",false,,Jayson Tatum,
base,119,Choice Green Prizms,false,,Jayson Tatum,
base,119,Choice Nebula Prizms,false,,Jayson Tatum,
base,119,Choice Red Prizms,false,,Jayson Tatum,
base,119,Choice Tiger Stripe Prizms,false,,Jayson Tatum,
base,119,Fast Break Blue Prizms,false,,Jayson Tatum,
base,119,Fast Break Bronze Prizms,false,,Jayson Tatum,
base,119,Fast Break Neon Green Prizms,false,,Jayson Tatum,
base,119,Fast Break Prizms,false,,Jayson Tatum,
base,119,Fast Break Purple Prizms,false,,Jayson Tatum,
base,119,Fast Break Red Prizms,false,,Jayson Tatum,
base,119,Gold Prizms,false,,Jayson Tatum,
base,119,Gold Shimmer Prizms,false,,Jayson Tatum,
base,119,Gold Wave Prizms,false,,Jayson Tatum,
base,119,Green Ice Prizms,false,,Jayson Tatum,
base,119,Green Prizms,false,,Jayson Tatum,
base,119,Green Pulsar Prizms,false,,Jayson Tatum,
base,119,Green Shimmer Prizms,false,,Jayson Tatum,
base,119,Hyper Prizms,false,,Jayson Tatum,
base,119,Lucky Envelopes Prizms,false,,Jayson Tatum,
base,119,Mojo Prizms,false,,Jayson Tatum,
base,119,Orange Ice Prizms,false,,Jayson Tatum,
base,119,Orange Prizms,false,,Jayson Tatum,
base,119,Orange Wave Prizms,false,,Jayson Tatum,
base,119,Pink Ice Prizms,false,,Jayson Tatum,
base,119,Pink Pulsar Prizms,false,,Jayson Tatum,
base,119,Purple Ice Prizms,false,,Jayson Tatum,
base,119,Purple Prizms,false,,Jayson Tatum,
base,119,Purple Pulsar Prizms,false,,Jayson Tatum,
base,119,Purple Wave Prizms,false,,Jayson Tatum,
base,119,Red Ice Prizms,false,,Jayson Tatum,
base,119,Red Prizms,false,,Jayson Tatum,
base,119,"Red, White and Blue Prizms",false,,Jayson Tatum,
base,119,Ruby Wave Prizms,false,,Jayson Tatum,
base,119,Silver Prizms,false,,Jayson Tatum,
base,119,White Sparkle Prizm,false,,Jayson Tatum,
base,119,Fast Break Pink Prizms,false,,Jayson Tatum,
base,119,Black Prizms,false,,Jayson Tatum,
base,119,Black Shimmer Prizms,false,,Jayson Tatum,
base,119,Blue Ice Prizms,false,,Jayson Tatum,
base,119,Black Gold Prizms,false,,Jayson Tatum,
auto-sensational-signatures,SS-DRA,Prizms Silver,true,,Dino Radja,
auto-sensational-signatures,SS-DRA,Prizms Choice,true,,Dino Radja,
auto-sensational-signatures,SS-DRA,Prizms Mojo,true,25,Dino Radja,
auto-sensational-signatures,SS-DRA,Prizms Gold,true,10,Dino Radja,
auto-sensational-signatures,SS-DRA,Prizms Choice Green,true,8,Dino Radja,
auto-sensational-signatures,SS-DRA,Prizms Black,true,1,Dino Radja,
base,121,Blue Prizms,false,,Daniel Theis,
base,121,Blue Shimmer Prizms,false,,Daniel Theis,
base,121,Blue Wave Prizms,false,,Daniel Theis,
base,121,Choice Blue Prizms,false,,Daniel Theis,
base,121,"Choice Blue, Yellow and Green Prizms",false,,Daniel Theis,
base,121,Choice Green Prizms,false,,Daniel Theis,
base,121,Choice Nebula Prizms,false,,Daniel Theis,
base,121,Choice Red Prizms,false,,Daniel Theis,
base,121,Choice Tiger Stripe Prizms,false,,Daniel Theis,
base,121,Fast Break Blue Prizms,false,,Daniel Theis,
base,121,Fast Break Bronze Prizms,false,,Daniel Theis,
base,121,Fast Break Neon Green Prizms,false,,Daniel Theis,
base,121,Fast Break Prizms,false,,Daniel Theis,
base,121,Fast Break Purple Prizms,false,,Daniel Theis,
base,121,Fast Break Red Prizms,false,,Daniel Theis,
base,121,Gold Prizms,false,,Daniel Theis,
base,121,Gold Shimmer Prizms,false,,Daniel Theis,
base,121,Gold Wave Prizms,false,,Daniel Theis,
base,121,Green Ice Prizms,false,,Daniel Theis,
base,121,Green Prizms,false,,Daniel Theis,
base,121,Green Pulsar Prizms,false,,Daniel Theis,
base,121,Green Shimmer Prizms,false,,Daniel Theis,
base,121,Hyper Prizms,false,,Daniel Theis,
base,121,Lucky Envelopes Prizms,false,,Daniel Theis,
base,121,Mojo Prizms,false,,Daniel Theis,
base,121,Orange Ice Prizms,false,,Daniel Theis,
base,121,Orange Prizms,false,,Daniel Theis,
base,121,Orange Wave Prizms,false,,Daniel Theis,
base,121,Pink Ice Prizms,false,,Daniel Theis,
base,121,Pink Pulsar Prizms,false,,Daniel Theis,
base,121,Purple Ice Prizms,false,,Daniel Theis,
base,121,Purple Prizms,false,,Daniel Theis,
base,121,Purple Pulsar Prizms,false,,Daniel Theis,
base,121,Purple Wave Prizms,false,,Daniel Theis,
base,121,Red Ice Prizms,false,,Daniel Theis,
base,121,Red Prizms,false,,Daniel Theis,
base,121,"Red, White and Blue Prizms",false,,Daniel Theis,
base,121,Ruby Wave Prizms,false,,Daniel Theis,
base,121,Silver Prizms,false,,Daniel Theis,
base,121,White Sparkle Prizm,false,,Daniel Theis,
base,121,Fast Break Pink Prizms,false,,Daniel Theis,
base,121,Black Prizms,false,,Daniel Theis,
base,121,Black Shimmer Prizms,false,,Daniel Theis,
base,121,Blue Ice Prizms,false,,Daniel Theis,
base,121,Black Gold Prizms,false,,Daniel Theis,
base,122,Blue Prizms,false,,Kemba Walker,
base,122,Blue Shimmer Prizms,false,,Kemba Walker,
base,122,Blue Wave Prizms,false,,Kemba Walker,
base,122,Choice Blue Prizms,false,,Kemba Walker,
base,122,"Choice Blue, Yellow and Green Prizms",false,,Kemba Walker,
base,122,Choice Green Prizms,false,,Kemba Walker,
base,122,Choice Nebula Prizms,false,,Kemba Walker,
base,122,Choice Red Prizms,false,,Kemba Walker,
base,122,Choice Tiger Stripe Prizms,false,,Kemba Walker,
base,122,Fast Break Blue Prizms,false,,Kemba Walker,
base,122,Fast Break Bronze Prizms,false,,Kemba Walker,
base,122,Fast Break Neon Green Prizms,false,,Kemba Walker,
base,122,Fast Break Prizms,false,,Kemba Walker,
base,122,Fast Break Purple Prizms,false,,Kemba Walker,
base,122,Fast Break Red Prizms,false,,Kemba Walker,
base,122,Gold Prizms,false,,Kemba Walker,
base,122,Gold Shimmer Prizms,false,,Kemba Walker,
base,122,Gold Wave Prizms,false,,Kemba Walker,
base,122,Green Ice Prizms,false,,Kemba Walker,
base,122,Green Prizms,false,,Kemba Walker,
base,122,Green Pulsar Prizms,false,,Kemba Walker,
base,122,Green Shimmer Prizms,false,,Kemba Walker,
base,122,Hyper Prizms,false,,Kemba Walker,
base,122,Lucky Envelopes Prizms,false,,Kemba Walker,
base,122,Mojo Prizms,false,,Kemba Walker,
base,122,Orange Ice Prizms,false,,Kemba Walker,
base,122,Orange Prizms,false,,Kemba Walker,
base,122,Orange Wave Prizms,false,,Kemba Walker,
base,122,Pink Ice Prizms,false,,Kemba Walker,
base,122,Pink Pulsar Prizms,false,,Kemba Walker,
base,122,Purple Ice Prizms,false,,Kemba Walker,
base,122,Purple Prizms,false,,Kemba Walker,
base,122,Purple Pulsar Prizms,false,,Kemba Walker,
base,122,Purple Wave Prizms,false,,Kemba Walker,
base,122,Red Ice Prizms,false,,Kemba Walker,
base,122,Red Prizms,false,,Kemba Walker,
base,122,"Red, White and Blue Prizms",false,,Kemba Walker,
base,122,Ruby Wave Prizms,false,,Kemba Walker,
base,122,Silver Prizms,false,,Kemba Walker,
base,122,White Sparkle Prizm,false,,Kemba Walker,
base,122,Fast Break Pink Prizms,false,,Kemba Walker,
base,122,Black Prizms,false,,Kemba Walker,
base,122,Black Shimmer Prizms,false,,Kemba Walker,
base,122,Blue Ice Prizms,false,,Kemba Walker,
base,122,Black Gold Prizms,false,,Kemba Walker,
base,97,Blue Prizms,false,,Marcus Smart,
base,97,Blue Shimmer Prizms,false,,Marcus Smart,
base,97,Blue Wave Prizms,false,,Marcus Smart,
base,97,Choice Blue Prizms,false,,Marcus Smart,
base,97,"Choice Blue, Yellow and Green Prizms",false,,Marcus Smart,
base,97,Choice Green Prizms,false,,Marcus Smart,
base,97,Choice Nebula Prizms,false,,Marcus Smart,
base,97,Choice Red Prizms,false,,Marcus Smart,
base,97,Choice Tiger Stripe Prizms,false,,Marcus Smart,
base,97,Fast Break Blue Prizms,false,,Marcus Smart,
base,97,Fast Break Bronze Prizms,false,,Marcus Smart,
base,97,Fast Break Neon Green Prizms,false,,Marcus Smart,
base,97,Fast Break Prizms,false,,Marcus Smart,
base,97,Fast Break Purple Prizms,false,,Marcus Smart,
base,97,Fast Break Red Prizms,false,,Marcus Smart,
base,97,Gold Prizms,false,,Marcus Smart,
base,97,Gold Shimmer Prizms,false,,Marcus Smart,
base,97,Gold Wave Prizms,false,,Marcus Smart,
base,97,Green Ice Prizms,false,,Marcus Smart,
base,97,Green Prizms,false,,Marcus Smart,
base,97,Green Pulsar Prizms,false,,Marcus Smart,
base,97,Green Shimmer Prizms,false,,Marcus Smart,
base,97,Hyper Prizms,false,,Marcus Smart,
base,97,Lucky Envelopes Prizms,false,,Marcus Smart,
base,97,Mojo Prizms,false,,Marcus Smart,
base,97,Orange Ice Prizms,false,,Marcus Smart,
base,97,Orange Prizms,false,,Marcus Smart,
base,97,Orange Wave Prizms,false,,Marcus Smart,
base,97,Pink Ice Prizms,false,,Marcus Smart,
base,97,Pink Pulsar Prizms,false,,Marcus Smart,
base,97,Purple Ice Prizms,false,,Marcus Smart,
base,97,Purple Prizms,false,,Marcus Smart,
base,97,Purple Pulsar Prizms,false,,Marcus Smart,
base,97,Purple Wave Prizms,false,,Marcus Smart,
base,97,Red Ice Prizms,false,,Marcus Smart,
base,97,Red Prizms,false,,Marcus Smart,
base,97,"Red, White and Blue Prizms",false,,Marcus Smart,
base,97,Ruby Wave Prizms,false,,Marcus Smart,
base,97,Silver Prizms,false,,Marcus Smart,
base,97,White Sparkle Prizm,false,,Marcus Smart,
base,97,Fast Break Pink Prizms,false,,Marcus Smart,
base,97,Black Prizms,false,,Marcus Smart,
base,97,Black Shimmer Prizms,false,,Marcus Smart,
base,97,Blue Ice Prizms,false,,Marcus Smart,
base,97,Black Gold Prizms,false,,Marcus Smart,
base,81,Blue Prizms,false,,Kevin Durant,
base,81,Blue Shimmer Prizms,false,,Kevin Durant,
base,81,Blue Wave Prizms,false,,Kevin Durant,
base,81,Choice Blue Prizms,false,,Kevin Durant,
base,81,"Choice Blue, Yellow and Green Prizms",false,,Kevin Durant,
base,81,Choice Green Prizms,false,,Kevin Durant,
base,81,Choice Nebula Prizms,false,,Kevin Durant,
base,81,Choice Red Prizms,false,,Kevin Durant,
base,81,Choice Tiger Stripe Prizms,false,,Kevin Durant,
base,81,Fast Break Blue Prizms,false,,Kevin Durant,
base,81,Fast Break Bronze Prizms,false,,Kevin Durant,
base,81,Fast Break Neon Green Prizms,false,,Kevin Durant,
base,81,Fast Break Prizms,false,,Kevin Durant,
base,81,Fast Break Purple Prizms,false,,Kevin Durant,
base,81,Fast Break Red Prizms,false,,Kevin Durant,
base,81,Gold Prizms,false,,Kevin Durant,
base,81,Gold Shimmer Prizms,false,,Kevin Durant,
base,81,Gold Wave Prizms,false,,Kevin Durant,
base,81,Green Ice Prizms,false,,Kevin Durant,
base,81,Green Prizms,false,,Kevin Durant,
base,81,Green Pulsar Prizms,false,,Kevin Durant,
base,81,Green Shimmer Prizms,false,,Kevin Durant,
base,81,Hyper Prizms,false,,Kevin Durant,
base,81,Lucky Envelopes Prizms,false,,Kevin Durant,
base,81,Mojo Prizms,false,,Kevin Durant,
base,81,Orange Ice Prizms,false,,Kevin Durant,
base,81,Orange Prizms,false,,Kevin Durant,
base,81,Orange Wave Prizms,false,,Kevin Durant,
base,81,Pink Ice Prizms,false,,Kevin Durant,
base,81,Pink Pulsar Prizms,false,,Kevin Durant,
base,81,Purple Ice Prizms,false,,Kevin Durant,
base,81,Purple Prizms,false,,Kevin Durant,
base,81,Purple Pulsar Prizms,false,,Kevin Durant,
base,81,Purple Wave Prizms,false,,Kevin Durant,
base,81,Red Ice Prizms,false,,Kevin Durant,
base,81,Red Prizms,false,,Kevin Durant,
base,81,"Red, White and Blue Prizms",false,,Kevin Durant,
base,81,Ruby Wave Prizms,false,,Kevin Durant,
base,81,Silver Prizms,false,,Kevin Durant,
base,81,White Sparkle Prizm,false,,Kevin Durant,
base,81,Fast Break Pink Prizms,false,,Kevin Durant,
base,81,Black Prizms,false,,Kevin Durant,
base,81,Black Shimmer Prizms,false,,Kevin Durant,
base,81,Blue Ice Prizms,false,,Kevin Durant,
base,81,Black Gold Prizms,false,,Kevin Durant,
base,162,Blue Prizms,false,,Caris LeVert,
base,162,Blue Shimmer Prizms,false,,Caris LeVert,
base,162,Blue Wave Prizms,false,,Caris LeVert,
base,162,Choice Blue Prizms,false,,Caris LeVert,
base,162,"Choice Blue, Yellow and Green Prizms",false,,Caris LeVert,
base,162,Choice Green Prizms,false,,Caris LeVert,
base,162,Choice Nebula Prizms,false,,Caris LeVert,
base,162,Choice Red Prizms,false,,Caris LeVert,
base,162,Choice Tiger Stripe Prizms,false,,Caris LeVert,
base,162,Fast Break Blue Prizms,false,,Caris LeVert,
base,162,Fast Break Bronze Prizms,false,,Caris LeVert,
base,162,Fast Break Neon Green Prizms,false,,Caris LeVert,
base,162,Fast Break Prizms,false,,Caris LeVert,
base,162,Fast Break Purple Prizms,false,,Caris LeVert,
base,162,Fast Break Red Prizms,false,,Caris LeVert,
base,162,Gold Prizms,false,,Caris LeVert,
base,162,Gold Shimmer Prizms,false,,Caris LeVert,
base,162,Gold Wave Prizms,false,,Caris LeVert,
base,162,Green Ice Prizms,false,,Caris LeVert,
base,162,Green Prizms,false,,Caris LeVert,
base,162,Green Pulsar Prizms,false,,Caris LeVert,
base,162,Green Shimmer Prizms,false,,Caris LeVert,
base,162,Hyper Prizms,false,,Caris LeVert,
base,162,Lucky Envelopes Prizms,false,,Caris LeVert,
base,162,Mojo Prizms,false,,Caris LeVert,
base,162,Orange Ice Prizms,false,,Caris LeVert,
base,162,Orange Prizms,false,,Caris LeVert,
base,162,Orange Wave Prizms,false,,Caris LeVert,
base,162,Pink Ice Prizms,false,,Caris LeVert,
base,162,Pink Pulsar Prizms,false,,Caris LeVert,
base,162,Purple Ice Prizms,false,,Caris LeVert,
base,162,Purple Prizms,false,,Caris LeVert,
base,162,Purple Pulsar Prizms,false,,Caris LeVert,
base,162,Purple Wave Prizms,false,,Caris LeVert,
base,162,Red Ice Prizms,false,,Caris LeVert,
base,162,Red Prizms,false,,Caris LeVert,
base,162,"Red, White and Blue Prizms",false,,Caris LeVert,
base,162,Ruby Wave Prizms,false,,Caris LeVert,
base,162,Silver Prizms,false,,Caris LeVert,
base,162,White Sparkle Prizm,false,,Caris LeVert,
base,162,Fast Break Pink Prizms,false,,Caris LeVert,
base,162,Black Prizms,false,,Caris LeVert,
base,162,Black Shimmer Prizms,false,,Caris LeVert,
base,162,Blue Ice Prizms,false,,Caris LeVert,
base,162,Black Gold Prizms,false,,Caris LeVert,
insert-sensational-swatches,SSW-ABA,Prizms Orange Ice,false,,Andrea Bargnani,
insert-sensational-swatches,SSW-ABA,Prizms Green Ice,false,56,Andrea Bargnani,
insert-sensational-swatches,SSW-ABA,Prime,false,10,Andrea Bargnani,
insert-dominance,14,Prizms Green,false,,Kevin Durant,
insert-dominance,14,Prizms Silver,false,,Kevin Durant,
base,45,Blue Prizms,false,,Joe Harris,
base,45,Blue Shimmer Prizms,false,,Joe Harris,
base,45,Blue Wave Prizms,false,,Joe Harris,
base,45,Choice Blue Prizms,false,,Joe Harris,
base,45,"Choice Blue, Yellow and Green Prizms",false,,Joe Harris,
base,45,Choice Green Prizms,false,,Joe Harris,
base,45,Choice Nebula Prizms,false,,Joe Harris,
base,45,Choice Red Prizms,false,,Joe Harris,
base,45,Choice Tiger Stripe Prizms,false,,Joe Harris,
base,45,Fast Break Blue Prizms,false,,Joe Harris,
base,45,Fast Break Bronze Prizms,false,,Joe Harris,
base,45,Fast Break Neon Green Prizms,false,,Joe Harris,
base,45,Fast Break Prizms,false,,Joe Harris,
base,45,Fast Break Purple Prizms,false,,Joe Harris,
base,45,Fast Break Red Prizms,false,,Joe Harris,
base,45,Gold Prizms,false,,Joe Harris,
base,45,Gold Shimmer Prizms,false,,Joe Harris,
base,45,Gold Wave Prizms,false,,Joe Harris,
base,45,Green Ice Prizms,false,,Joe Harris,
base,45,Green Prizms,false,,Joe Harris,
base,45,Green Pulsar Prizms,false,,Joe Harris,
base,45,Green Shimmer Prizms,false,,Joe Harris,
base,45,Hyper Prizms,false,,Joe Harris,
base,45,Lucky Envelopes Prizms,false,,Joe Harris,
base,45,Mojo Prizms,false,,Joe Harris,
base,45,Orange Ice Prizms,false,,Joe Harris,
base,45,Orange Prizms,false,,Joe Harris,
base,45,Orange Wave Prizms,false,,Joe Harris,
base,45,Pink Ice Prizms,false,,Joe Harris,
base,45,Pink Pulsar Prizms,false,,Joe Harris,
base,45,Purple Ice Prizms,false,,Joe Harris,
base,45,Purple Prizms,false,,Joe Harris,
base,45,Purple Pulsar Prizms,false,,Joe Harris,
base,45,Purple Wave Prizms,false,,Joe Harris,
base,45,Red Ice Prizms,false,,Joe Harris,
base,45,Red Prizms,false,,Joe Harris,
base,45,"Red, White and Blue Prizms",false,,Joe Harris,
base,45,Ruby Wave Prizms,false,,Joe Harris,
base,45,Silver Prizms,false,,Joe Harris,
base,45,White Sparkle Prizm,false,,Joe Harris,
base,45,Fast Break Pink Prizms,false,,Joe Harris,
base,45,Black Prizms,false,,Joe Harris,
base,45,Black Shimmer Prizms,false,,Joe Harris,
base,45,Blue Ice Prizms,false,,Joe Harris,
base,45,Black Gold Prizms,false,,Joe Harris,
insert-downtown-bound,23,Fast Break,false,,Kyrie Irving,
insert-downtown-bound,23,Prizms Hyper,false,,Kyrie Irving,
insert-downtown-bound,23,Prizms Silver,false,,Kyrie Irving,
insert-downtown-bound,23,Prizms Mojo,false,25,Kyrie Irving,
insert-downtown-bound,23,Prizms Gold,false,10,Kyrie Irving,
insert-downtown-bound,23,Prizms Black,false,1,Kyrie Irving,
insert-sensational-swatches,SSW-SDW,Prizms Orange Ice,false,,Spencer Dinwiddie,
insert-sensational-swatches,SSW-SDW,Prizms Green Ice,false,56,Spencer Dinwiddie,
insert-sensational-swatches,SSW-SDW,Prime,false,10,Spencer Dinwiddie,
auto-sensational-signatures,SS-JOE,Prizms Silver,true,,Joe Harris,
auto-sensational-signatures,SS-JOE,Prizms Choice,true,,Joe Harris,
auto-sensational-signatures,SS-JOE,Prizms Mojo,true,25,Joe Harris,
auto-sensational-signatures,SS-JOE,Prizms Gold,true,10,Joe Harris,
auto-sensational-signatures,SS-JOE,Prizms Choice Green,true,8,Joe Harris,
auto-sensational-signatures,SS-JOE,Prizms Black,true,1,Joe Harris,
base,12,Blue Prizms,false,,Spencer Dinwiddie,
base,12,Blue Shimmer Prizms,false,,Spencer Dinwiddie,
base,12,Blue Wave Prizms,false,,Spencer Dinwiddie,
base,12,Choice Blue Prizms,false,,Spencer Dinwiddie,
base,12,"Choice Blue, Yellow and Green Prizms",false,,Spencer Dinwiddie,
base,12,Choice Green Prizms,false,,Spencer Dinwiddie,
base,12,Choice Nebula Prizms,false,,Spencer Dinwiddie,
base,12,Choice Red Prizms,false,,Spencer Dinwiddie,
base,12,Choice Tiger Stripe Prizms,false,,Spencer Dinwiddie,
base,12,Fast Break Blue Prizms,false,,Spencer Dinwiddie,
base,12,Fast Break Bronze Prizms,false,,Spencer Dinwiddie,
base,12,Fast Break Neon Green Prizms,false,,Spencer Dinwiddie,
base,12,Fast Break Prizms,false,,Spencer Dinwiddie,
base,12,Fast Break Purple Prizms,false,,Spencer Dinwiddie,
base,12,Fast Break Red Prizms,false,,Spencer Dinwiddie,
base,12,Gold Prizms,false,,Spencer Dinwiddie,
base,12,Gold Shimmer Prizms,false,,Spencer Dinwiddie,
base,12,Gold Wave Prizms,false,,Spencer Dinwiddie,
base,12,Green Ice Prizms,false,,Spencer Dinwiddie,
base,12,Green Prizms,false,,Spencer Dinwiddie,
base,12,Green Pulsar Prizms,false,,Spencer Dinwiddie,
base,12,Green Shimmer Prizms,false,,Spencer Dinwiddie,
base,12,Hyper Prizms,false,,Spencer Dinwiddie,
base,12,Lucky Envelopes Prizms,false,,Spencer Dinwiddie,
base,12,Mojo Prizms,false,,Spencer Dinwiddie,
base,12,Orange Ice Prizms,false,,Spencer Dinwiddie,
base,12,Orange Prizms,false,,Spencer Dinwiddie,
base,12,Orange Wave Prizms,false,,Spencer Dinwiddie,
base,12,Pink Ice Prizms,false,,Spencer Dinwiddie,
base,12,Pink Pulsar Prizms,false,,Spencer Dinwiddie,
base,12,Purple Ice Prizms,false,,Spencer Dinwiddie,
base,12,Purple Prizms,false,,Spencer Dinwiddie,
base,12,Purple Pulsar Prizms,false,,Spencer Dinwiddie,
base,12,Purple Wave Prizms,false,,Spencer Dinwiddie,
base,12,Red Ice Prizms,false,,Spencer Dinwiddie,
base,12,Red Prizms,false,,Spencer Dinwiddie,
base,12,"Red, White and Blue Prizms",false,,Spencer Dinwiddie,
base,12,Ruby Wave Prizms,false,,Spencer Dinwiddie,
base,12,Silver Prizms,false,,Spencer Dinwiddie,
base,12,White Sparkle Prizm,false,,Spencer Dinwiddie,
base,12,Fast Break Pink Prizms,false,,Spencer Dinwiddie,
base,12,Black Prizms,false,,Spencer Dinwiddie,
base,12,Black Shimmer Prizms,false,,Spencer Dinwiddie,
base,12,Blue Ice Prizms,false,,Spencer Dinwiddie,
base,12,Black Gold Prizms,false,,Spencer Dinwiddie,
auto-sensational-signatures,SS-JAL,Prizms Silver,true,,Jarrett Allen,
auto-sensational-signatures,SS-JAL,Prizms Choice,true,,Jarrett Allen,
auto-sensational-signatures,SS-JAL,Prizms Mojo,true,25,Jarrett Allen,
auto-sensational-signatures,SS-JAL,Prizms Gold,true,10,Jarrett Allen,
auto-sensational-signatures,SS-JAL,Prizms Choice Green,true,8,Jarrett Allen,
auto-sensational-signatures,SS-JAL,Prizms Black,true,1,Jarrett Allen,
auto-fast-break-autographs,FBA-KDU,Gold,true,10,Kevin Durant,
auto-fast-break-autographs,FBA-KDU,Black,true,1,Kevin Durant,
insert-prizm,4,Flashback Fast Break,false,,Kevin Durant,
insert-prizm,4,Flashback,false,,Kevin Durant,
insert-prizm,4,Flashback Prizms Hyper,false,,Kevin Durant,
insert-prizm,4,Flashback Prizms Silver,false,,Kevin Durant,
insert-prizm,4,Flashback Prizms Mojo,false,25,Kevin Durant,
insert-prizm,4,Flashback Prizms Gold,false,10,Kevin Durant,
insert-prizm,4,Flashback Prizms Black,false,1,Kevin Durant,
insert-dominance,16,Prizms Green,false,,Kyrie Irving,
insert-dominance,16,Prizms Silver,false,,Kyrie Irving,
auto-fast-break-autographs,FBA-SDW,Gold,true,10,Spencer Dinwiddie,
auto-fast-break-autographs,FBA-SDW,Black,true,1,Spencer Dinwiddie,
insert-prizm,12,Flashback Fast Break,false,,Kyrie Irving,
insert-prizm,12,Flashback,false,,Kyrie Irving,
insert-prizm,12,Flashback Prizms Hyper,false,,Kyrie Irving,
insert-prizm,12,Flashback Prizms Silver,false,,Kyrie Irving,
insert-prizm,12,Flashback Prizms Mojo,false,25,Kyrie Irving,
insert-prizm,12,Flashback Prizms Gold,false,10,Kyrie Irving,
insert-prizm,12,Flashback Prizms Black,false,1,Kyrie Irving,
insert-penmanship,PE-OTB,Prizms Orange Ice,false,,Otis Birdsong,
insert-penmanship,PE-OTB,Prizms Silver,false,,Otis Birdsong,
insert-penmanship,PE-OTB,Prizms Green Ice,false,16,Otis Birdsong,
insert-penmanship,PE-NCL,Prizms Orange Ice,false,,Nicolas Claxton,
insert-penmanship,PE-NCL,Prizms Silver,false,,Nicolas Claxton,
insert-penmanship,PE-NCL,Prizms Green Ice,false,16,Nicolas Claxton,
base,150,Blue Prizms,false,,Taurean Prince,
base,150,Blue Shimmer Prizms,false,,Taurean Prince,
base,150,Blue Wave Prizms,false,,Taurean Prince,
base,150,Choice Blue Prizms,false,,Taurean Prince,
base,150,"Choice Blue, Yellow and Green Prizms",false,,Taurean Prince,
base,150,Choice Green Prizms,false,,Taurean Prince,
base,150,Choice Nebula Prizms,false,,Taurean Prince,
base,150,Choice Red Prizms,false,,Taurean Prince,
base,150,Choice Tiger Stripe Prizms,false,,Taurean Prince,
base,150,Fast Break Blue Prizms,false,,Taurean Prince,
base,150,Fast Break Bronze Prizms,false,,Taurean Prince,
base,150,Fast Break Neon Green Prizms,false,,Taurean Prince,
base,150,Fast Break Prizms,false,,Taurean Prince,
base,150,Fast Break Purple Prizms,false,,Taurean Prince,
base,150,Fast Break Red Prizms,false,,Taurean Prince,
base,150,Gold Prizms,false,,Taurean Prince,
base,150,Gold Shimmer Prizms,false,,Taurean Prince,
base,150,Gold Wave Prizms,false,,Taurean Prince,
base,150,Green Ice Prizms,false,,Taurean Prince,
base,150,Green Prizms,false,,Taurean Prince,
base,150,Green Pulsar Prizms,false,,Taurean Prince,
base,150,Green Shimmer Prizms,false,,Taurean Prince,
base,150,Hyper Prizms,false,,Taurean Prince,
base,150,Lucky Envelopes Prizms,false,,Taurean Prince,
base,150,Mojo Prizms,false,,Taurean Prince,
base,150,Orange Ice Prizms,false,,Taurean Prince,
base,150,Orange Prizms,false,,Taurean Prince,
base,150,Orange Wave Prizms,false,,Taurean Prince,
base,150,Pink Ice Prizms,false,,Taurean Prince,
base,150,Pink Pulsar Prizms,false,,Taurean Prince,
base,150,Purple Ice Prizms,false,,Taurean Prince,
base,150,Purple Prizms,false,,Taurean Prince,
base,150,Purple Pulsar Prizms,false,,Taurean Prince,
base,150,Purple Wave Prizms,false,,Taurean Prince,
base,150,Red Ice Prizms,false,,Taurean Prince,
base,150,Red Prizms,false,,Taurean Prince,
base,150,"Red, White and Blue Prizms",false,,Taurean Prince,
base,150,Ruby Wave Prizms,false,,Taurean Prince,
base,150,Silver Prizms,false,,Taurean Prince,
base,150,White Sparkle Prizm,false,,Taurean Prince,
base,150,Fast Break Pink Prizms,false,,Taurean Prince,
base,150,Black Prizms,false,,Taurean Prince,
base,150,Black Shimmer Prizms,false,,Taurean Prince,
base,150,Blue Ice Prizms,false,,Taurean Prince,
base,150,Black Gold Prizms,false,,Taurean Prince,
base,144,Blue Prizms,false,,Jarrett Allen,
base,144,Blue Shimmer Prizms,false,,Jarrett Allen,
base,144,Blue Wave Prizms,false,,Jarrett Allen,
base,144,Choice Blue Prizms,false,,Jarrett Allen,
base,144,"Choice Blue, Yellow and Green Prizms",false,,Jarrett Allen,
base,144,Choice Green Prizms,false,,Jarrett Allen,
base,144,Choice Nebula Prizms,false,,Jarrett Allen,
base,144,Choice Red Prizms,false,,Jarrett Allen,
base,144,Choice Tiger Stripe Prizms,false,,Jarrett Allen,
base,144,Fast Break Blue Prizms,false,,Jarrett Allen,
base,144,Fast Break Bronze Prizms,false,,Jarrett Allen,
base,144,Fast Break Neon Green Prizms,false,,Jarrett Allen,
base,144,Fast Break Prizms,false,,Jarrett Allen,
base,144,Fast Break Purple Prizms,false,,Jarrett Allen,
base,144,Fast Break Red Prizms,false,,Jarrett Allen,
base,144,Gold Prizms,false,,Jarrett Allen,
base,144,Gold Shimmer Prizms,false,,Jarrett Allen,
base,144,Gold Wave Prizms,false,,Jarrett Allen,
base,144,Green Ice Prizms,false,,Jarrett Allen,
base,144,Green Prizms,false,,Jarrett Allen,
base,144,Green Pulsar Prizms,false,,Jarrett Allen,
base,144,Green Shimmer Prizms,false,,Jarrett Allen,
base,144,Hyper Prizms,false,,Jarrett Allen,
base,144,Lucky Envelopes Prizms,false,,Jarrett Allen,
base,144,Mojo Prizms,false,,Jarrett Allen,
base,144,Orange Ice Prizms,false,,Jarrett Allen,
base,144,Orange Prizms,false,,Jarrett Allen,
base,144,Orange Wave Prizms,false,,Jarrett Allen,
base,144,Pink Ice Prizms,false,,Jarrett Allen,
base,144,Pink Pulsar Prizms,false,,Jarrett Allen,
base,144,Purple Ice Prizms,false,,Jarrett Allen,
base,144,Purple Prizms,false,,Jarrett Allen,
base,144,Purple Pulsar Prizms,false,,Jarrett Allen,
base,144,Purple Wave Prizms,false,,Jarrett Allen,
base,144,Red Ice Prizms,false,,Jarrett Allen,
base,144,Red Prizms,false,,Jarrett Allen,
base,144,"Red, White and Blue Prizms",false,,Jarrett Allen,
base,144,Ruby Wave Prizms,false,,Jarrett Allen,
base,144,Silver Prizms,false,,Jarrett Allen,
base,144,White Sparkle Prizm,false,,Jarrett Allen,
base,144,Fast Break Pink Prizms,false,,Jarrett Allen,
base,144,Black Prizms,false,,Jarrett Allen,
base,144,Black Shimmer Prizms,false,,Jarrett Allen,
base,144,Blue Ice Prizms,false,,Jarrett Allen,
base,144,Black Gold Prizms,false,,Jarrett Allen,
base,130,Blue Prizms,false,,DeAndre Jordan,
base,130,Blue Shimmer Prizms,false,,DeAndre Jordan,
base,130,Blue Wave Prizms,false,,DeAndre Jordan,
base,130,Choice Blue Prizms,false,,DeAndre Jordan,
base,130,"Choice Blue, Yellow and Green Prizms",false,,DeAndre Jordan,
base,130,Choice Green Prizms,false,,DeAndre Jordan,
base,130,Choice Nebula Prizms,false,,DeAndre Jordan,
base,130,Choice Red Prizms,false,,DeAndre Jordan,
base,130,Choice Tiger Stripe Prizms,false,,DeAndre Jordan,
base,130,Fast Break Blue Prizms,false,,DeAndre Jordan,
base,130,Fast Break Bronze Prizms,false,,DeAndre Jordan,
base,130,Fast Break Neon Green Prizms,false,,DeAndre Jordan,
base,130,Fast Break Prizms,false,,DeAndre Jordan,
base,130,Fast Break Purple Prizms,false,,DeAndre Jordan,
base,130,Fast Break Red Prizms,false,,DeAndre Jordan,
base,130,Gold Prizms,false,,DeAndre Jordan,
base,130,Gold Shimmer Prizms,false,,DeAndre Jordan,
base,130,Gold Wave Prizms,false,,DeAndre Jordan,
base,130,Green Ice Prizms,false,,DeAndre Jordan,
base,130,Green Prizms,false,,DeAndre Jordan,
base,130,Green Pulsar Prizms,false,,DeAndre Jordan,
base,130,Green Shimmer Prizms,false,,DeAndre Jordan,
base,130,Hyper Prizms,false,,DeAndre Jordan,
base,130,Lucky Envelopes Prizms,false,,DeAndre Jordan,
base,130,Mojo Prizms,false,,DeAndre Jordan,
base,130,Orange Ice Prizms,false,,DeAndre Jordan,
base,130,Orange Prizms,false,,DeAndre Jordan,
base,130,Orange Wave Prizms,false,,DeAndre Jordan,
base,130,Pink Ice Prizms,false,,DeAndre Jordan,
base,130,Pink Pulsar Prizms,false,,DeAndre Jordan,
base,130,Purple Ice Prizms,false,,DeAndre Jordan,
base,130,Purple Prizms,false,,DeAndre Jordan,
base,130,Purple Pulsar Prizms,false,,DeAndre Jordan,
base,130,Purple Wave Prizms,false,,DeAndre Jordan,
base,130,Red Ice Prizms,false,,DeAndre Jordan,
base,130,Red Prizms,false,,DeAndre Jordan,
base,130,"Red, White and Blue Prizms",false,,DeAndre Jordan,
base,130,Ruby Wave Prizms,false,,DeAndre Jordan,
base,130,Silver Prizms,false,,DeAndre Jordan,
base,130,White Sparkle Prizm,false,,DeAndre Jordan,
base,130,Fast Break Pink Prizms,false,,DeAndre Jordan,
base,130,Black Prizms,false,,DeAndre Jordan,
base,130,Black Shimmer Prizms,false,,DeAndre Jordan,
base,130,Blue Ice Prizms,false,,DeAndre Jordan,
base,130,Black Gold Prizms,false,,DeAndre Jordan,
insert-fireworks,20,Prizms Silver,false,,Kyrie Irving,
insert-fireworks,20,Fast Break,false,,Kyrie Irving,
insert-fireworks,20,Prizms Hyper,false,,Kyrie Irving,
insert-fireworks,20,Prizms Mojo,false,25,Kyrie Irving,
insert-fireworks,20,Prizms Gold,false,10,Kyrie Irving,
insert-fireworks,20,Prizms Black,false,1,Kyrie Irving,
insert-fireworks,19,Prizms Silver,false,,Kevin Durant,
insert-fireworks,19,Fast Break,false,,Kevin Durant,
insert-fireworks,19,Prizms Hyper,false,,Kevin Durant,
insert-fireworks,19,Prizms Mojo,false,25,Kevin Durant,
insert-fireworks,19,Prizms Gold,false,10,Kevin Durant,
insert-fireworks,19,Prizms Black,false,1,Kevin Durant,
insert-fearless,9,Fast Break,false,,Kyrie Irving,
insert-fearless,9,Prizms Hyper,false,,Kyrie Irving,
insert-fearless,9,Prizms Silver,false,,Kyrie Irving,
insert-fearless,9,Prizms Mojo,false,25,Kyrie Irving,
insert-fearless,9,Prizms Gold,false,10,Kyrie Irving,
insert-fearless,9,Prizms Black,false,1,Kyrie Irving,
base,139,Blue Prizms,false,,Kyrie Irving,
base,139,Blue Shimmer Prizms,false,,Kyrie Irving,
base,139,Blue Wave Prizms,false,,Kyrie Irving,
base,139,Choice Blue Prizms,false,,Kyrie Irving,
base,139,"Choice Blue, Yellow and Green Prizms",false,,Kyrie Irving,
base,139,Choice Green Prizms,false,,Kyrie Irving,
base,139,Choice Nebula Prizms,false,,Kyrie Irving,
base,139,Choice Red Prizms,false,,Kyrie Irving,
base,139,Choice Tiger Stripe Prizms,false,,Kyrie Irving,
base,139,Fast Break Blue Prizms,false,,Kyrie Irving,
base,139,Fast Break Bronze Prizms,false,,Kyrie Irving,
base,139,Fast Break Neon Green Prizms,false,,Kyrie Irving,
base,139,Fast Break Prizms,false,,Kyrie Irving,
base,139,Fast Break Purple Prizms,false,,Kyrie Irving,
base,139,Fast Break Red Prizms,false,,Kyrie Irving,
base,139,Gold Prizms,false,,Kyrie Irving,
base,139,Gold Shimmer Prizms,false,,Kyrie Irving,
base,139,Gold Wave Prizms,false,,Kyrie Irving,
base,139,Green Ice Prizms,false,,Kyrie Irving,
base,139,Green Prizms,false,,Kyrie Irving,
base,139,Green Pulsar Prizms,false,,Kyrie Irving,
base,139,Green Shimmer Prizms,false,,Kyrie Irving,
base,139,Hyper Prizms,false,,Kyrie Irving,
base,139,Lucky Envelopes Prizms,false,,Kyrie Irving,
base,139,Mojo Prizms,false,,Kyrie Irving,
base,139,Orange Ice Prizms,false,,Kyrie Irving,
base,139,Orange Prizms,false,,Kyrie Irving,
base,139,Orange Wave Prizms,false,,Kyrie Irving,
base,139,Pink Ice Prizms,false,,Kyrie Irving,
base,139,Pink Pulsar Prizms,false,,Kyrie Irving,
base,139,Purple Ice Prizms,false,,Kyrie Irving,
base,139,Purple Prizms,false,,Kyrie Irving,
base,139,Purple Pulsar Prizms,false,,Kyrie Irving,
base,139,Purple Wave Prizms,false,,Kyrie Irving,
base,139,Red Ice Prizms,false,,Kyrie Irving,
base,139,Red Prizms,false,,Kyrie Irving,
base,139,"Red, White and Blue Prizms",false,,Kyrie Irving,
base,139,Ruby Wave Prizms,false,,Kyrie Irving,
base,139,Silver Prizms,false,,Kyrie Irving,
base,139,White Sparkle Prizm,false,,Kyrie Irving,
base,139,Fast Break Pink Prizms,false,,Kyrie Irving,
base,139,Black Prizms,false,,Kyrie Irving,
base,139,Black Shimmer Prizms,false,,Kyrie Irving,
base,139,Blue Ice Prizms,false,,Kyrie Irving,
base,139,Black Gold Prizms,false,,Kyrie Irving,
insert-sensational-swatches,SSW-JHA,Prizms Orange Ice,false,,Joe Harris,
insert-sensational-swatches,SSW-JHA,Prizms Green Ice,false,56,Joe Harris,
insert-sensational-swatches,SSW-JHA,Prime,false,10,Joe Harris,
insert-sensational-swatches,SSW-JAL,Prizms Orange Ice,false,,Jarrett Allen,
insert-sensational-swatches,SSW-JAL,Prizms Green Ice,false,56,Jarrett Allen,
insert-sensational-swatches,SSW-JAL,Prime,false,10,Jarrett Allen,
base,178,Blue Prizms,false,,Miles Bridges,
base,178,Blue Shimmer Prizms,false,,Miles Bridges,
base,178,Blue Wave Prizms,false,,Miles Bridges,
base,178,Choice Blue Prizms,false,,Miles Bridges,
base,178,"Choice Blue, Yellow and Green Prizms",false,,Miles Bridges,
base,178,Choice Green Prizms,false,,Miles Bridges,
base,178,Choice Nebula Prizms,false,,Miles Bridges,
base,178,Choice Red Prizms,false,,Miles Bridges,
base,178,Choice Tiger Stripe Prizms,false,,Miles Bridges,
base,178,Fast Break Blue Prizms,false,,Miles Bridges,
base,178,Fast Break Bronze Prizms,false,,Miles Bridges,
base,178,Fast Break Neon Green Prizms,false,,Miles Bridges,
base,178,Fast Break Prizms,false,,Miles Bridges,
base,178,Fast Break Purple Prizms,false,,Miles Bridges,
base,178,Fast Break Red Prizms,false,,Miles Bridges,
base,178,Gold Prizms,false,,Miles Bridges,
base,178,Gold Shimmer Prizms,false,,Miles Bridges,
base,178,Gold Wave Prizms,false,,Miles Bridges,
base,178,Green Ice Prizms,false,,Miles Bridges,
base,178,Green Prizms,false,,Miles Bridges,
base,178,Green Pulsar Prizms,false,,Miles Bridges,
base,178,Green Shimmer Prizms,false,,Miles Bridges,
base,178,Hyper Prizms,false,,Miles Bridges,
base,178,Lucky Envelopes Prizms,false,,Miles Bridges,
base,178,Mojo Prizms,false,,Miles Bridges,
base,178,Orange Ice Prizms,false,,Miles Bridges,
base,178,Orange Prizms,false,,Miles Bridges,
base,178,Orange Wave Prizms,false,,Miles Bridges,
base,178,Pink Ice Prizms,false,,Miles Bridges,
base,178,Pink Pulsar Prizms,false,,Miles Bridges,
base,178,Purple Ice Prizms,false,,Miles Bridges,
base,178,Purple Prizms,false,,Miles Bridges,
base,178,Purple Pulsar Prizms,false,,Miles Bridges,
base,178,Purple Wave Prizms,false,,Miles Bridges,
base,178,Red Ice Prizms,false,,Miles Bridges,
base,178,Red Prizms,false,,Miles Bridges,
base,178,"Red, White and Blue Prizms",false,,Miles Bridges,
base,178,Ruby Wave Prizms,false,,Miles Bridges,
base,178,Silver Prizms,false,,Miles Bridges,
base,178,White Sparkle Prizm,false,,Miles Bridges,
base,178,Fast Break Pink Prizms,false,,Miles Bridges,
base,178,Black Prizms,false,,Miles Bridges,
base,178,Black Shimmer Prizms,false,,Miles Bridges,
base,178,Blue Ice Prizms,false,,Miles Bridges,
base,178,Black Gold Prizms,false,,Miles Bridges,
base,253,Blue Prizms,false,,Nick Richards,
base,253,Blue Shimmer Prizms,false,,Nick Richards,
base,253,Blue Wave Prizms,false,,Nick Richards,
base,253,Choice Blue Prizms,false,,Nick Richards,
base,253,"Choice Blue, Yellow and Green Prizms",false,,Nick Richards,
base,253,Choice Green Prizms,false,,Nick Richards,
base,253,Choice Nebula Prizms,false,,Nick Richards,
base,253,Choice Red Prizms,false,,Nick Richards,
base,253,Choice Tiger Stripe Prizms,false,,Nick Richards,
base,253,Fast Break Blue Prizms,false,,Nick Richards,
base,253,Fast Break Bronze Prizms,false,,Nick Richards,
base,253,Fast Break Neon Green Prizms,false,,Nick Richards,
base,253,Fast Break Prizms,false,,Nick Richards,
base,253,Fast Break Purple Prizms,false,,Nick Richards,
base,253,Fast Break Red Prizms,false,,Nick Richards,
base,253,Gold Prizms,false,,Nick Richards,
base,253,Gold Shimmer Prizms,false,,Nick Richards,
base,253,Gold Wave Prizms,false,,Nick Richards,
base,253,Green Ice Prizms,false,,Nick Richards,
base,253,Green Prizms,false,,Nick Richards,
base,253,Green Pulsar Prizms,false,,Nick Richards,
base,253,Green Shimmer Prizms,false,,Nick Richards,
base,253,Hyper Prizms,false,,Nick Richards,
base,253,Lucky Envelopes Prizms,false,,Nick Richards,
base,253,Mojo Prizms,false,,Nick Richards,
base,253,Orange Ice Prizms,false,,Nick Richards,
base,253,Orange Prizms,false,,Nick Richards,
base,253,Orange Wave Prizms,false,,Nick Richards,
base,253,Pink Ice Prizms,false,,Nick Richards,
base,253,Pink Pulsar Prizms,false,,Nick Richards,
base,253,Purple Ice Prizms,false,,Nick Richards,
base,253,Purple Prizms,false,,Nick Richards,
base,253,Purple Pulsar Prizms,false,,Nick Richards,
base,253,Purple Wave Prizms,false,,Nick Richards,
base,253,Red Ice Prizms,false,,Nick Richards,
base,253,Red Prizms,false,,Nick Richards,
base,253,"Red, White and Blue Prizms",false,,Nick Richards,
base,253,Ruby Wave Prizms,false,,Nick Richards,
base,253,Silver Prizms,false,,Nick Richards,
base,253,White Sparkle Prizm,false,,Nick Richards,
base,253,Fast Break Pink Prizms,false,,Nick Richards,
base,253,Black Prizms,false,,Nick Richards,
base,253,Black Shimmer Prizms,false,,Nick Richards,
base,253,Blue Ice Prizms,false,,Nick Richards,
base,253,Black Gold Prizms,false,,Nick Richards,
base,278,Blue Prizms,false,,LaMelo Ball,
base,278,Blue Shimmer Prizms,false,,LaMelo Ball,
base,278,Blue Wave Prizms,false,,LaMelo Ball,
base,278,Choice Blue Prizms,false,,LaMelo Ball,
base,278,"Choice Blue, Yellow and Green Prizms",false,,LaMelo Ball,
base,278,Choice Green Prizms,false,,LaMelo Ball,
base,278,Choice Nebula Prizms,false,,LaMelo Ball,
base,278,Choice Red Prizms,false,,LaMelo Ball,
base,278,Choice Tiger Stripe Prizms,false,,LaMelo Ball,
base,278,Fast Break Blue Prizms,false,,LaMelo Ball,
base,278,Fast Break Bronze Prizms,false,,LaMelo Ball,
base,278,Fast Break Neon Green Prizms,false,,LaMelo Ball,
base,278,Fast Break Prizms,false,,LaMelo Ball,
base,278,Fast Break Purple Prizms,false,,LaMelo Ball,
base,278,Fast Break Red Prizms,false,,LaMelo Ball,
base,278,Gold Prizms,false,,LaMelo Ball,
base,278,Gold Shimmer Prizms,false,,LaMelo Ball,
base,278,Gold Wave Prizms,false,,LaMelo Ball,
base,278,Green Ice Prizms,false,,LaMelo Ball,
base,278,Green Prizms,false,,LaMelo Ball,
base,278,Green Pulsar Prizms,false,,LaMelo Ball,
base,278,Green Shimmer Prizms,false,,LaMelo Ball,
base,278,Hyper Prizms,false,,LaMelo Ball,
base,278,Lucky Envelopes Prizms,false,,LaMelo Ball,
base,278,Mojo Prizms,false,,LaMelo Ball,
base,278,Orange Ice Prizms,false,,LaMelo Ball,
base,278,Orange Prizms,false,,LaMelo Ball,
base,278,Orange Wave Prizms,false,,LaMelo Ball,
base,278,Pink Ice Prizms,false,,LaMelo Ball,
base,278,Pink Pulsar Prizms,false,,LaMelo Ball,
base,278,Purple Ice Prizms,false,,LaMelo Ball,
base,278,Purple Prizms,false,,LaMelo Ball,
base,278,Purple Pulsar Prizms,false,,LaMelo Ball,
base,278,Purple Wave Prizms,false,,LaMelo Ball,
base,278,Red Ice Prizms,false,,LaMelo Ball,
base,278,Red Prizms,false,,LaMelo Ball,
base,278,"Red, White and Blue Prizms",false,,LaMelo Ball,
base,278,Ruby Wave Prizms,false,,LaMelo Ball,
base,278,Silver Prizms,false,,LaMelo Ball,
base,278,White Sparkle Prizm,false,,LaMelo Ball,
base,278,Fast Break Pink Prizms,false,,LaMelo Ball,
base,278,Black Prizms,false,,LaMelo Ball,
base,278,Black Shimmer Prizms,false,,LaMelo Ball,
base,278,Blue Ice Prizms,false,,LaMelo Ball,
base,278,Black Gold Prizms,false,,LaMelo Ball,
auto-signatures,SI-DGR,Prizms Choice,true,,Devonte' Graham,
auto-signatures,SI-DGR,Prizms Silver,true,,Devonte' Graham,
auto-signatures,SI-DGR,Prizms Mojo,true,25,Devonte' Graham,
auto-signatures,SI-DGR,Prizms Gold,true,10,Devonte' Graham,
auto-signatures,SI-DGR,Prizms Choice Green,true,8,Devonte' Graham,
auto-signatures,SI-DGR,Prizms Black,true,1,Devonte' Graham,
insert-sensational-swatches,SSW-MMO,Prizms Orange Ice,false,,Malik Monk,
insert-sensational-swatches,SSW-MMO,Prizms Green Ice,false,56,Malik Monk,
insert-sensational-swatches,SSW-MMO,Prime,false,10,Malik Monk,
insert-sensational-swatches,SSW-MBR,Prizms Orange Ice,false,,Miles Bridges,
insert-sensational-swatches,SSW-MBR,Prizms Green Ice,false,56,Miles Bridges,
insert-sensational-swatches,SSW-MBR,Prime,false,10,Miles Bridges,
base,15,Blue Prizms,false,,Malik Monk,
base,15,Blue Shimmer Prizms,false,,Malik Monk,
base,15,Blue Wave Prizms,false,,Malik Monk,
base,15,Choice Blue Prizms,false,,Malik Monk,
base,15,"Choice Blue, Yellow and Green Prizms",false,,Malik Monk,
base,15,Choice Green Prizms,false,,Malik Monk,
base,15,Choice Nebula Prizms,false,,Malik Monk,
base,15,Choice Red Prizms,false,,Malik Monk,
base,15,Choice Tiger Stripe Prizms,false,,Malik Monk,
base,15,Fast Break Blue Prizms,false,,Malik Monk,
base,15,Fast Break Bronze Prizms,false,,Malik Monk,
base,15,Fast Break Neon Green Prizms,false,,Malik Monk,
base,15,Fast Break Prizms,false,,Malik Monk,
base,15,Fast Break Purple Prizms,false,,Malik Monk,
base,15,Fast Break Red Prizms,false,,Malik Monk,
base,15,Gold Prizms,false,,Malik Monk,
base,15,Gold Shimmer Prizms,false,,Malik Monk,
base,15,Gold Wave Prizms,false,,Malik Monk,
base,15,Green Ice Prizms,false,,Malik Monk,
base,15,Green Prizms,false,,Malik Monk,
base,15,Green Pulsar Prizms,false,,Malik Monk,
base,15,Green Shimmer Prizms,false,,Malik Monk,
base,15,Hyper Prizms,false,,Malik Monk,
base,15,Lucky Envelopes Prizms,false,,Malik Monk,
base,15,Mojo Prizms,false,,Malik Monk,
base,15,Orange Ice Prizms,false,,Malik Monk,
base,15,Orange Prizms,false,,Malik Monk,
base,15,Orange Wave Prizms,false,,Malik Monk,
base,15,Pink Ice Prizms,false,,Malik Monk,
base,15,Pink Pulsar Prizms,false,,Malik Monk,
base,15,Purple Ice Prizms,false,,Malik Monk,
base,15,Purple Prizms,false,,Malik Monk,
base,15,Purple Pulsar Prizms,false,,Malik Monk,
base,15,Purple Wave Prizms,false,,Malik Monk,
base,15,Red Ice Prizms,false,,Malik Monk,
base,15,Red Prizms,false,,Malik Monk,
base,15,"Red, White and Blue Prizms",false,,Malik Monk,
base,15,Ruby Wave Prizms,false,,Malik Monk,
base,15,Silver Prizms,false,,Malik Monk,
base,15,White Sparkle Prizm,false,,Malik Monk,
base,15,Fast Break Pink Prizms,false,,Malik Monk,
base,15,Black Prizms,false,,Malik Monk,
base,15,Black Shimmer Prizms,false,,Malik Monk,
base,15,Blue Ice Prizms,false,,Malik Monk,
base,15,Black Gold Prizms,false,,Malik Monk,
insert-sophomore-stars,8,Prizms Silver,false,,PJ Washington Jr.,
insert-sophomore-stars,8,Prizms Green,false,,PJ Washington Jr.,
base,39,Blue Prizms,false,,Dwayne Bacon,
base,39,Blue Shimmer Prizms,false,,Dwayne Bacon,
base,39,Blue Wave Prizms,false,,Dwayne Bacon,
base,39,Choice Blue Prizms,false,,Dwayne Bacon,
base,39,"Choice Blue, Yellow and Green Prizms",false,,Dwayne Bacon,
base,39,Choice Green Prizms,false,,Dwayne Bacon,
base,39,Choice Nebula Prizms,false,,Dwayne Bacon,
base,39,Choice Red Prizms,false,,Dwayne Bacon,
base,39,Choice Tiger Stripe Prizms,false,,Dwayne Bacon,
base,39,Fast Break Blue Prizms,false,,Dwayne Bacon,
base,39,Fast Break Bronze Prizms,false,,Dwayne Bacon,
base,39,Fast Break Neon Green Prizms,false,,Dwayne Bacon,
base,39,Fast Break Prizms,false,,Dwayne Bacon,
base,39,Fast Break Purple Prizms,false,,Dwayne Bacon,
base,39,Fast Break Red Prizms,false,,Dwayne Bacon,
base,39,Gold Prizms,false,,Dwayne Bacon,
base,39,Gold Shimmer Prizms,false,,Dwayne Bacon,
base,39,Gold Wave Prizms,false,,Dwayne Bacon,
base,39,Green Ice Prizms,false,,Dwayne Bacon,
base,39,Green Prizms,false,,Dwayne Bacon,
base,39,Green Pulsar Prizms,false,,Dwayne Bacon,
base,39,Green Shimmer Prizms,false,,Dwayne Bacon,
base,39,Hyper Prizms,false,,Dwayne Bacon,
base,39,Lucky Envelopes Prizms,false,,Dwayne Bacon,
base,39,Mojo Prizms,false,,Dwayne Bacon,
base,39,Orange Ice Prizms,false,,Dwayne Bacon,
base,39,Orange Prizms,false,,Dwayne Bacon,
base,39,Orange Wave Prizms,false,,Dwayne Bacon,
base,39,Pink Ice Prizms,false,,Dwayne Bacon,
base,39,Pink Pulsar Prizms,false,,Dwayne Bacon,
base,39,Purple Ice Prizms,false,,Dwayne Bacon,
base,39,Purple Prizms,false,,Dwayne Bacon,
base,39,Purple Pulsar Prizms,false,,Dwayne Bacon,
base,39,Purple Wave Prizms,false,,Dwayne Bacon,
base,39,Red Ice Prizms,false,,Dwayne Bacon,
base,39,Red Prizms,false,,Dwayne Bacon,
base,39,"Red, White and Blue Prizms",false,,Dwayne Bacon,
base,39,Ruby Wave Prizms,false,,Dwayne Bacon,
base,39,Silver Prizms,false,,Dwayne Bacon,
base,39,White Sparkle Prizm,false,,Dwayne Bacon,
base,39,Fast Break Pink Prizms,false,,Dwayne Bacon,
base,39,Black Prizms,false,,Dwayne Bacon,
base,39,Black Shimmer Prizms,false,,Dwayne Bacon,
base,39,Blue Ice Prizms,false,,Dwayne Bacon,
base,39,Black Gold Prizms,false,,Dwayne Bacon,
auto-sensational-signatures,SS-VCJ,Prizms Silver,true,,Vernon Carey Jr.,
auto-sensational-signatures,SS-VCJ,Prizms Choice,true,,Vernon Carey Jr.,
auto-sensational-signatures,SS-VCJ,Prizms Mojo,true,25,Vernon Carey Jr.,
auto-sensational-signatures,SS-VCJ,Prizms Gold,true,10,Vernon Carey Jr.,
auto-sensational-signatures,SS-VCJ,Prizms Choice Green,true,8,Vernon Carey Jr.,
auto-sensational-signatures,SS-VCJ,Prizms Black,true,1,Vernon Carey Jr.,
auto-sensational-signatures,SS-NRS,Prizms Silver,true,,Nick Richards,
auto-sensational-signatures,SS-NRS,Prizms Choice,true,,Nick Richards,
auto-sensational-signatures,SS-NRS,Prizms Mojo,true,25,Nick Richards,
auto-sensational-signatures,SS-NRS,Prizms Gold,true,10,Nick Richards,
auto-sensational-signatures,SS-NRS,Prizms Choice Green,true,8,Nick Richards,
auto-sensational-signatures,SS-NRS,Prizms Black,true,1,Nick Richards,
auto-sensational-signatures,SS-LMB,Prizms Silver,true,,LaMelo Ball,
auto-sensational-signatures,SS-LMB,Prizms Choice,true,,LaMelo Ball,
auto-sensational-signatures,SS-LMB,Prizms Mojo,true,25,LaMelo Ball,
auto-sensational-signatures,SS-LMB,Prizms Gold,true,10,LaMelo Ball,
auto-sensational-signatures,SS-LMB,Prizms Choice Green,true,8,LaMelo Ball,
auto-sensational-signatures,SS-LMB,Prizms Black,true,1,LaMelo Ball,
auto-sensational-signatures,SS-JMA,Prizms Silver,true,,Jamal Mashburn,
auto-sensational-signatures,SS-JMA,Prizms Choice,true,,Jamal Mashburn,
auto-sensational-signatures,SS-JMA,Prizms Mojo,true,25,Jamal Mashburn,
auto-sensational-signatures,SS-JMA,Prizms Gold,true,10,Jamal Mashburn,
auto-sensational-signatures,SS-JMA,Prizms Choice Green,true,8,Jamal Mashburn,
auto-sensational-signatures,SS-JMA,Prizms Black,true,1,Jamal Mashburn,
base,60,Blue Prizms,false,,Terry Rozier,
base,60,Blue Shimmer Prizms,false,,Terry Rozier,
base,60,Blue Wave Prizms,false,,Terry Rozier,
base,60,Choice Blue Prizms,false,,Terry Rozier,
base,60,"Choice Blue, Yellow and Green Prizms",false,,Terry Rozier,
base,60,Choice Green Prizms,false,,Terry Rozier,
base,60,Choice Nebula Prizms,false,,Terry Rozier,
base,60,Choice Red Prizms,false,,Terry Rozier,
base,60,Choice Tiger Stripe Prizms,false,,Terry Rozier,
base,60,Fast Break Blue Prizms,false,,Terry Rozier,
base,60,Fast Break Bronze Prizms,false,,Terry Rozier,
base,60,Fast Break Neon Green Prizms,false,,Terry Rozier,
base,60,Fast Break Prizms,false,,Terry Rozier,
base,60,Fast Break Purple Prizms,false,,Terry Rozier,
base,60,Fast Break Red Prizms,false,,Terry Rozier,
base,60,Gold Prizms,false,,Terry Rozier,
base,60,Gold Shimmer Prizms,false,,Terry Rozier,
base,60,Gold Wave Prizms,false,,Terry Rozier,
base,60,Green Ice Prizms,false,,Terry Rozier,
base,60,Green Prizms,false,,Terry Rozier,
base,60,Green Pulsar Prizms,false,,Terry Rozier,
base,60,Green Shimmer Prizms,false,,Terry Rozier,
base,60,Hyper Prizms,false,,Terry Rozier,
base,60,Lucky Envelopes Prizms,false,,Terry Rozier,
base,60,Mojo Prizms,false,,Terry Rozier,
base,60,Orange Ice Prizms,false,,Terry Rozier,
base,60,Orange Prizms,false,,Terry Rozier,
base,60,Orange Wave Prizms,false,,Terry Rozier,
base,60,Pink Ice Prizms,false,,Terry Rozier,
base,60,Pink Pulsar Prizms,false,,Terry Rozier,
base,60,Purple Ice Prizms,false,,Terry Rozier,
base,60,Purple Prizms,false,,Terry Rozier,
base,60,Purple Pulsar Prizms,false,,Terry Rozier,
base,60,Purple Wave Prizms,false,,Terry Rozier,
base,60,Red Ice Prizms,false,,Terry Rozier,
base,60,Red Prizms,false,,Terry Rozier,
base,60,"Red, White and Blue Prizms",false,,Terry Rozier,
base,60,Ruby Wave Prizms,false,,Terry Rozier,
base,60,Silver Prizms,false,,Terry Rozier,
base,60,White Sparkle Prizm,false,,Terry Rozier,
base,60,Fast Break Pink Prizms,false,,Terry Rozier,
base,60,Black Prizms,false,,Terry Rozier,
base,60,Black Shimmer Prizms,false,,Terry Rozier,
base,60,Blue Ice Prizms,false,,Terry Rozier,
base,60,Black Gold Prizms,false,,Terry Rozier,
base,65,Blue Prizms,false,,Bismack Biyombo,
base,65,Blue Shimmer Prizms,false,,Bismack Biyombo,
base,65,Blue Wave Prizms,false,,Bismack Biyombo,
base,65,Choice Blue Prizms,false,,Bismack Biyombo,
base,65,"Choice Blue, Yellow and Green Prizms",false,,Bismack Biyombo,
base,65,Choice Green Prizms,false,,Bismack Biyombo,
base,65,Choice Nebula Prizms,false,,Bismack Biyombo,
base,65,Choice Red Prizms,false,,Bismack Biyombo,
base,65,Choice Tiger Stripe Prizms,false,,Bismack Biyombo,
base,65,Fast Break Blue Prizms,false,,Bismack Biyombo,
base,65,Fast Break Bronze Prizms,false,,Bismack Biyombo,
base,65,Fast Break Neon Green Prizms,false,,Bismack Biyombo,
base,65,Fast Break Prizms,false,,Bismack Biyombo,
base,65,Fast Break Purple Prizms,false,,Bismack Biyombo,
base,65,Fast Break Red Prizms,false,,Bismack Biyombo,
base,65,Gold Prizms,false,,Bismack Biyombo,
base,65,Gold Shimmer Prizms,false,,Bismack Biyombo,
base,65,Gold Wave Prizms,false,,Bismack Biyombo,
base,65,Green Ice Prizms,false,,Bismack Biyombo,
base,65,Green Prizms,false,,Bismack Biyombo,
base,65,Green Pulsar Prizms,false,,Bismack Biyombo,
base,65,Green Shimmer Prizms,false,,Bismack Biyombo,
base,65,Hyper Prizms,false,,Bismack Biyombo,
base,65,Lucky Envelopes Prizms,false,,Bismack Biyombo,
base,65,Mojo Prizms,false,,Bismack Biyombo,
base,65,Orange Ice Prizms,false,,Bismack Biyombo,
base,65,Orange Prizms,false,,Bismack Biyombo,
base,65,Orange Wave Prizms,false,,Bismack Biyombo,
base,65,Pink Ice Prizms,false,,Bismack Biyombo,
base,65,Pink Pulsar Prizms,false,,Bismack Biyombo,
base,65,Purple Ice Prizms,false,,Bismack Biyombo,
base,65,Purple Prizms,false,,Bismack Biyombo,
base,65,Purple Pulsar Prizms,false,,Bismack Biyombo,
base,65,Purple Wave Prizms,false,,Bismack Biyombo,
base,65,Red Ice Prizms,false,,Bismack Biyombo,
base,65,Red Prizms,false,,Bismack Biyombo,
base,65,"Red, White and Blue Prizms",false,,Bismack Biyombo,
base,65,Ruby Wave Prizms,false,,Bismack Biyombo,
base,65,Silver Prizms,false,,Bismack Biyombo,
base,65,White Sparkle Prizm,false,,Bismack Biyombo,
base,65,Fast Break Pink Prizms,false,,Bismack Biyombo,
base,65,Black Prizms,false,,Bismack Biyombo,
base,65,Black Shimmer Prizms,false,,Bismack Biyombo,
base,65,Blue Ice Prizms,false,,Bismack Biyombo,
base,65,Black Gold Prizms,false,,Bismack Biyombo,
auto-sensational-signatures,SS-GRL,Prizms Silver,true,,Grant Riller,
auto-sensational-signatures,SS-GRL,Prizms Choice,true,,Grant Riller,
auto-sensational-signatures,SS-GRL,Prizms Mojo,true,25,Grant Riller,
auto-sensational-signatures,SS-GRL,Prizms Gold,true,10,Grant Riller,
auto-sensational-signatures,SS-GRL,Prizms Choice Green,true,8,Grant Riller,
auto-sensational-signatures,SS-GRL,Prizms Black,true,1,Grant Riller,
base,68,Blue Prizms,false,,Cody Zeller,
base,68,Blue Shimmer Prizms,false,,Cody Zeller,
base,68,Blue Wave Prizms,false,,Cody Zeller,
base,68,Choice Blue Prizms,false,,Cody Zeller,
base,68,"Choice Blue, Yellow and Green Prizms",false,,Cody Zeller,
base,68,Choice Green Prizms,false,,Cody Zeller,
base,68,Choice Nebula Prizms,false,,Cody Zeller,
base,68,Choice Red Prizms,false,,Cody Zeller,
base,68,Choice Tiger Stripe Prizms,false,,Cody Zeller,
base,68,Fast Break Blue Prizms,false,,Cody Zeller,
base,68,Fast Break Bronze Prizms,false,,Cody Zeller,
base,68,Fast Break Neon Green Prizms,false,,Cody Zeller,
base,68,Fast Break Prizms,false,,Cody Zeller,
base,68,Fast Break Purple Prizms,false,,Cody Zeller,
base,68,Fast Break Red Prizms,false,,Cody Zeller,
base,68,Gold Prizms,false,,Cody Zeller,
base,68,Gold Shimmer Prizms,false,,Cody Zeller,
base,68,Gold Wave Prizms,false,,Cody Zeller,
base,68,Green Ice Prizms,false,,Cody Zeller,
base,68,Green Prizms,false,,Cody Zeller,
base,68,Green Pulsar Prizms,false,,Cody Zeller,
base,68,Green Shimmer Prizms,false,,Cody Zeller,
base,68,Hyper Prizms,false,,Cody Zeller,
base,68,Lucky Envelopes Prizms,false,,Cody Zeller,
base,68,Mojo Prizms,false,,Cody Zeller,
base,68,Orange Ice Prizms,false,,Cody Zeller,
base,68,Orange Prizms,false,,Cody Zeller,
base,68,Orange Wave Prizms,false,,Cody Zeller,
base,68,Pink Ice Prizms,false,,Cody Zeller,
base,68,Pink Pulsar Prizms,false,,Cody Zeller,
base,68,Purple Ice Prizms,false,,Cody Zeller,
base,68,Purple Prizms,false,,Cody Zeller,
base,68,Purple Pulsar Prizms,false,,Cody Zeller,
base,68,Purple Wave Prizms,false,,Cody Zeller,
base,68,Red Ice Prizms,false,,Cody Zeller,
base,68,Red Prizms,false,,Cody Zeller,
base,68,"Red, White and Blue Prizms",false,,Cody Zeller,
base,68,Ruby Wave Prizms,false,,Cody Zeller,
base,68,Silver Prizms,false,,Cody Zeller,
base,68,White Sparkle Prizm,false,,Cody Zeller,
base,68,Fast Break Pink Prizms,false,,Cody Zeller,
base,68,Black Prizms,false,,Cody Zeller,
base,68,Black Shimmer Prizms,false,,Cody Zeller,
base,68,Blue Ice Prizms,false,,Cody Zeller,
base,68,Black Gold Prizms,false,,Cody Zeller,
base,73,Blue Prizms,false,,Devonte' Graham,
base,73,Blue Shimmer Prizms,false,,Devonte' Graham,
base,73,Blue Wave Prizms,false,,Devonte' Graham,
base,73,Choice Blue Prizms,false,,Devonte' Graham,
base,73,"Choice Blue, Yellow and Green Prizms",false,,Devonte' Graham,
base,73,Choice Green Prizms,false,,Devonte' Graham,
base,73,Choice Nebula Prizms,false,,Devonte' Graham,
base,73,Choice Red Prizms,false,,Devonte' Graham,
base,73,Choice Tiger Stripe Prizms,false,,Devonte' Graham,
base,73,Fast Break Blue Prizms,false,,Devonte' Graham,
base,73,Fast Break Bronze Prizms,false,,Devonte' Graham,
base,73,Fast Break Neon Green Prizms,false,,Devonte' Graham,
base,73,Fast Break Prizms,false,,Devonte' Graham,
base,73,Fast Break Purple Prizms,false,,Devonte' Graham,
base,73,Fast Break Red Prizms,false,,Devonte' Graham,
base,73,Gold Prizms,false,,Devonte' Graham,
base,73,Gold Shimmer Prizms,false,,Devonte' Graham,
base,73,Gold Wave Prizms,false,,Devonte' Graham,
base,73,Green Ice Prizms,false,,Devonte' Graham,
base,73,Green Prizms,false,,Devonte' Graham,
base,73,Green Pulsar Prizms,false,,Devonte' Graham,
base,73,Green Shimmer Prizms,false,,Devonte' Graham,
base,73,Hyper Prizms,false,,Devonte' Graham,
base,73,Lucky Envelopes Prizms,false,,Devonte' Graham,
base,73,Mojo Prizms,false,,Devonte' Graham,
base,73,Orange Ice Prizms,false,,Devonte' Graham,
base,73,Orange Prizms,false,,Devonte' Graham,
base,73,Orange Wave Prizms,false,,Devonte' Graham,
base,73,Pink Ice Prizms,false,,Devonte' Graham,
base,73,Pink Pulsar Prizms,false,,Devonte' Graham,
base,73,Purple Ice Prizms,false,,Devonte' Graham,
base,73,Purple Prizms,false,,Devonte' Graham,
base,73,Purple Pulsar Prizms,false,,Devonte' Graham,
base,73,Purple Wave Prizms,false,,Devonte' Graham,
base,73,Red Ice Prizms,false,,Devonte' Graham,
base,73,Red Prizms,false,,Devonte' Graham,
base,73,"Red, White and Blue Prizms",false,,Devonte' Graham,
base,73,Ruby Wave Prizms,false,,Devonte' Graham,
base,73,Silver Prizms,false,,Devonte' Graham,
base,73,White Sparkle Prizm,false,,Devonte' Graham,
base,73,Fast Break Pink Prizms,false,,Devonte' Graham,
base,73,Black Prizms,false,,Devonte' Graham,
base,73,Black Shimmer Prizms,false,,Devonte' Graham,
base,73,Blue Ice Prizms,false,,Devonte' Graham,
base,73,Black Gold Prizms,false,,Devonte' Graham,
auto-rookie-signatures,RS-VCJ,Prizms Silver,true,,Vernon Carey Jr.,
auto-rookie-signatures,RS-VCJ,Prizms Choice,true,,Vernon Carey Jr.,
auto-rookie-signatures,RS-VCJ,Prizms Mojo,true,25,Vernon Carey Jr.,
auto-rookie-signatures,RS-VCJ,Prizms Gold,true,10,Vernon Carey Jr.,
auto-rookie-signatures,RS-VCJ,Prizms Choice Green,true,8,Vernon Carey Jr.,
auto-rookie-signatures,RS-VCJ,Prizms Black,true,1,Vernon Carey Jr.,
auto-rookie-signatures,RS-VCJ,Prizms White Sparkle,true,1,Vernon Carey Jr.,
auto-rookie-signatures,RS-NRS,Prizms Silver,true,,Nick Richards,
auto-rookie-signatures,RS-NRS,Prizms Choice,true,,Nick Richards,
auto-rookie-signatures,RS-NRS,Prizms Mojo,true,25,Nick Richards,
auto-rookie-signatures,RS-NRS,Prizms Gold,true,10,Nick Richards,
auto-rookie-signatures,RS-NRS,Prizms Choice Green,true,8,Nick Richards,
auto-rookie-signatures,RS-NRS,Prizms Black,true,1,Nick Richards,
auto-rookie-signatures,RS-NRS,Prizms White Sparkle,true,1,Nick Richards,
auto-rookie-signatures,RS-LMB,Prizms Silver,true,,LaMelo Ball,
auto-rookie-signatures,RS-LMB,Prizms Choice,true,,LaMelo Ball,
auto-rookie-signatures,RS-LMB,Prizms Mojo,true,25,LaMelo Ball,
auto-rookie-signatures,RS-LMB,Prizms Gold,true,10,LaMelo Ball,
auto-rookie-signatures,RS-LMB,Prizms Choice Green,true,8,LaMelo Ball,
auto-rookie-signatures,RS-LMB,Prizms Black,true,1,LaMelo Ball,
auto-rookie-signatures,RS-LMB,Prizms White Sparkle,true,1,LaMelo Ball,
auto-rookie-signatures,RS-GRL,Prizms Silver,true,,Grant Riller,
auto-rookie-signatures,RS-GRL,Prizms Choice,true,,Grant Riller,
auto-rookie-signatures,RS-GRL,Prizms Mojo,true,25,Grant Riller,
auto-rookie-signatures,RS-GRL,Prizms Gold,true,10,Grant Riller,
auto-rookie-signatures,RS-GRL,Prizms Choice Green,true,8,Grant Riller,
auto-rookie-signatures,RS-GRL,Prizms Black,true,1,Grant Riller,
auto-rookie-signatures,RS-GRL,Prizms White Sparkle,true,1,Grant Riller,
auto-rookie-signatures,RS-CMT,Prizms Silver,true,,Caleb Martin,
auto-rookie-signatures,RS-CMT,Prizms Choice,true,,Caleb Martin,
auto-rookie-signatures,RS-CMT,Prizms Mojo,true,25,Caleb Martin,
auto-rookie-signatures,RS-CMT,Prizms Gold,true,10,Caleb Martin,
auto-rookie-signatures,RS-CMT,Prizms Choice Green,true,8,Caleb Martin,
auto-rookie-signatures,RS-CMT,Prizms Black,true,1,Caleb Martin,
auto-rookie-signatures,RS-CMT,Prizms White Sparkle,true,1,Caleb Martin,
insert-rookie-penmanship,RP-VCJ,Prizms Orange Ice,false,,Vernon Carey Jr.,
insert-rookie-penmanship,RP-VCJ,Prizms Blue Wave,false,,Vernon Carey Jr.,
insert-rookie-penmanship,RP-VCJ,Prizms Silver,false,,Vernon Carey Jr.,
insert-rookie-penmanship,RP-VCJ,Prizms Gold Wave,false,,Vernon Carey Jr.,
insert-rookie-penmanship,RP-VCJ,Prizms Green Ice,false,16,Vernon Carey Jr.,
insert-rookie-penmanship,RP-NRS,Prizms Orange Ice,false,,Nick Richards,
insert-rookie-penmanship,RP-NRS,Prizms Blue Wave,false,,Nick Richards,
insert-rookie-penmanship,RP-NRS,Prizms Silver,false,,Nick Richards,
insert-rookie-penmanship,RP-NRS,Prizms Gold Wave,false,,Nick Richards,
insert-rookie-penmanship,RP-NRS,Prizms Green Ice,false,16,Nick Richards,
insert-rookie-penmanship,RP-LMB,Prizms Orange Ice,false,,LaMelo Ball,
insert-rookie-penmanship,RP-LMB,Prizms Blue Wave,false,,LaMelo Ball,
insert-rookie-penmanship,RP-LMB,Prizms Silver,false,,LaMelo Ball,
insert-rookie-penmanship,RP-LMB,Prizms Gold Wave,false,,LaMelo Ball,
insert-rookie-penmanship,RP-LMB,Prizms Green Ice,false,16,LaMelo Ball,
insert-rookie-penmanship,RP-GRL,Prizms Orange Ice,false,,Grant Riller,
insert-rookie-penmanship,RP-GRL,Prizms Blue Wave,false,,Grant Riller,
insert-rookie-penmanship,RP-GRL,Prizms Silver,false,,Grant Riller,
insert-rookie-penmanship,RP-GRL,Prizms Gold Wave,false,,Grant Riller,
insert-rookie-penmanship,RP-GRL,Prizms Green Ice,false,16,Grant Riller,
insert-rookie-penmanship,RP-CMT,Prizms Orange Ice,false,,Caleb Martin,
insert-rookie-penmanship,RP-CMT,Prizms Blue Wave,false,,Caleb Martin,
insert-rookie-penmanship,RP-CMT,Prizms Silver,false,,Caleb Martin,
insert-rookie-penmanship,RP-CMT,Prizms Gold Wave,false,,Caleb Martin,
insert-rookie-penmanship,RP-CMT,Prizms Green Ice,false,16,Caleb Martin,
base,105,Blue Prizms,false,,PJ Washington Jr.,
base,105,Blue Shimmer Prizms,false,,PJ Washington Jr.,
base,105,Blue Wave Prizms,false,,PJ Washington Jr.,
base,105,Choice Blue Prizms,false,,PJ Washington Jr.,
base,105,"Choice Blue, Yellow and Green Prizms",false,,PJ Washington Jr.,
base,105,Choice Green Prizms,false,,PJ Washington Jr.,
base,105,Choice Nebula Prizms,false,,PJ Washington Jr.,
base,105,Choice Red Prizms,false,,PJ Washington Jr.,
base,105,Choice Tiger Stripe Prizms,false,,PJ Washington Jr.,
base,105,Fast Break Blue Prizms,false,,PJ Washington Jr.,
base,105,Fast Break Bronze Prizms,false,,PJ Washington Jr.,
base,105,Fast Break Neon Green Prizms,false,,PJ Washington Jr.,
base,105,Fast Break Prizms,false,,PJ Washington Jr.,
base,105,Fast Break Purple Prizms,false,,PJ Washington Jr.,
base,105,Fast Break Red Prizms,false,,PJ Washington Jr.,
base,105,Gold Prizms,false,,PJ Washington Jr.,
base,105,Gold Shimmer Prizms,false,,PJ Washington Jr.,
base,105,Gold Wave Prizms,false,,PJ Washington Jr.,
base,105,Green Ice Prizms,false,,PJ Washington Jr.,
base,105,Green Prizms,false,,PJ Washington Jr.,
base,105,Green Pulsar Prizms,false,,PJ Washington Jr.,
base,105,Green Shimmer Prizms,false,,PJ Washington Jr.,
base,105,Hyper Prizms,false,,PJ Washington Jr.,
base,105,Lucky Envelopes Prizms,false,,PJ Washington Jr.,
base,105,Mojo Prizms,false,,PJ Washington Jr.,
base,105,Orange Ice Prizms,false,,PJ Washington Jr.,
base,105,Orange Prizms,false,,PJ Washington Jr.,
base,105,Orange Wave Prizms,false,,PJ Washington Jr.,
base,105,Pink Ice Prizms,false,,PJ Washington Jr.,
base,105,Pink Pulsar Prizms,false,,PJ Washington Jr.,
base,105,Purple Ice Prizms,false,,PJ Washington Jr.,
base,105,Purple Prizms,false,,PJ Washington Jr.,
base,105,Purple Pulsar Prizms,false,,PJ Washington Jr.,
base,105,Purple Wave Prizms,false,,PJ Washington Jr.,
base,105,Red Ice Prizms,false,,PJ Washington Jr.,
base,105,Red Prizms,false,,PJ Washington Jr.,
base,105,"Red, White and Blue Prizms",false,,PJ Washington Jr.,
base,105,Ruby Wave Prizms,false,,PJ Washington Jr.,
base,105,Silver Prizms,false,,PJ Washington Jr.,
base,105,White Sparkle Prizm,false,,PJ Washington Jr.,
base,105,Fast Break Pink Prizms,false,,PJ Washington Jr.,
base,105,Black Prizms,false,,PJ Washington Jr.,
base,105,Black Shimmer Prizms,false,,PJ Washington Jr.,
base,105,Blue Ice Prizms,false,,PJ Washington Jr.,
base,105,Black Gold Prizms,false,,PJ Washington Jr.,
insert-instant-impact,21,Prizms Green,false,,LaMelo Ball,
insert-instant-impact,21,Prizms Silver,false,,LaMelo Ball,
auto-fast-break-rookie-autographs,FR-VCJ,Gold,true,10,Vernon Carey Jr.,
auto-fast-break-rookie-autographs,FR-VCJ,Black,true,1,Vernon Carey Jr.,
auto-fast-break-rookie-autographs,FR-LMB,Gold,true,10,LaMelo Ball,
auto-fast-break-rookie-autographs,FR-LMB,Black,true,1,LaMelo Ball,
auto-fast-break-autographs,FBA-DGR,Gold,true,10,Devonte' Graham,
auto-fast-break-autographs,FBA-DGR,Black,true,1,Devonte' Graham,
insert-emergent,23,Prizms Green,false,,LaMelo Ball,
insert-emergent,23,Prizms Silver,false,,LaMelo Ball,
base,295,Blue Prizms,false,,Grant Riller,
base,295,Blue Shimmer Prizms,false,,Grant Riller,
base,295,Blue Wave Prizms,false,,Grant Riller,
base,295,Choice Blue Prizms,false,,Grant Riller,
base,295,"Choice Blue, Yellow and Green Prizms",false,,Grant Riller,
base,295,Choice Green Prizms,false,,Grant Riller,
base,295,Choice Nebula Prizms,false,,Grant Riller,
base,295,Choice Red Prizms,false,,Grant Riller,
base,295,Choice Tiger Stripe Prizms,false,,Grant Riller,
base,295,Fast Break Blue Prizms,false,,Grant Riller,
base,295,Fast Break Bronze Prizms,false,,Grant Riller,
base,295,Fast Break Neon Green Prizms,false,,Grant Riller,
base,295,Fast Break Prizms,false,,Grant Riller,
base,295,Fast Break Purple Prizms,false,,Grant Riller,
base,295,Fast Break Red Prizms,false,,Grant Riller,
base,295,Gold Prizms,false,,Grant Riller,
base,295,Gold Shimmer Prizms,false,,Grant Riller,
base,295,Gold Wave Prizms,false,,Grant Riller,
base,295,Green Ice Prizms,false,,Grant Riller,
base,295,Green Prizms,false,,Grant Riller,
base,295,Green Pulsar Prizms,false,,Grant Riller,
base,295,Green Shimmer Prizms,false,,Grant Riller,
base,295,Hyper Prizms,false,,Grant Riller,
base,295,Lucky Envelopes Prizms,false,,Grant Riller,
base,295,Mojo Prizms,false,,Grant Riller,
base,295,Orange Ice Prizms,false,,Grant Riller,
base,295,Orange Prizms,false,,Grant Riller,
base,295,Orange Wave Prizms,false,,Grant Riller,
base,295,Pink Ice Prizms,false,,Grant Riller,
base,295,Pink Pulsar Prizms,false,,Grant Riller,
base,295,Purple Ice Prizms,false,,Grant Riller,
base,295,Purple Prizms,false,,Grant Riller,
base,295,Purple Pulsar Prizms,false,,Grant Riller,
base,295,Purple Wave Prizms,false,,Grant Riller,
base,295,Red Ice Prizms,false,,Grant Riller,
base,295,Red Prizms,false,,Grant Riller,
base,295,"Red, White and Blue Prizms",false,,Grant Riller,
base,295,Ruby Wave Prizms,false,,Grant Riller,
base,295,Silver Prizms,false,,Grant Riller,
base,295,White Sparkle Prizm,false,,Grant Riller,
base,295,Fast Break Pink Prizms,false,,Grant Riller,
base,295,Black Prizms,false,,Grant Riller,
base,295,Black Shimmer Prizms,false,,Grant Riller,
base,295,Blue Ice Prizms,false,,Grant Riller,
base,295,Black Gold Prizms,false,,Grant Riller,
base,278b,Blue Prizms,false,,LaMelo Ball,
base,278b,Blue Shimmer Prizms,false,,LaMelo Ball,
base,278b,Blue Wave Prizms,false,,LaMelo Ball,
base,278b,Choice Blue Prizms,false,,LaMelo Ball,
base,278b,"Choice Blue, Yellow and Green Prizms",false,,LaMelo Ball,
base,278b,Choice Green Prizms,false,,LaMelo Ball,
base,278b,Choice Nebula Prizms,false,,LaMelo Ball,
base,278b,Choice Red Prizms,false,,LaMelo Ball,
base,278b,Choice Tiger Stripe Prizms,false,,LaMelo Ball,
base,278b,Fast Break Blue Prizms,false,,LaMelo Ball,
base,278b,Fast Break Bronze Prizms,false,,LaMelo Ball,
base,278b,Fast Break Neon Green Prizms,false,,LaMelo Ball,
base,278b,Fast Break Prizms,false,,LaMelo Ball,
base,278b,Fast Break Purple Prizms,false,,LaMelo Ball,
base,278b,Fast Break Red Prizms,false,,LaMelo Ball,
base,278b,Gold Prizms,false,,LaMelo Ball,
base,278b,Gold Shimmer Prizms,false,,LaMelo Ball,
base,278b,Gold Wave Prizms,false,,LaMelo Ball,
base,278b,Green Ice Prizms,false,,LaMelo Ball,
base,278b,Green Prizms,false,,LaMelo Ball,
base,278b,Green Pulsar Prizms,false,,LaMelo Ball,
base,278b,Green Shimmer Prizms,false,,LaMelo Ball,
base,278b,Hyper Prizms,false,,LaMelo Ball,
base,278b,Lucky Envelopes Prizms,false,,LaMelo Ball,
base,278b,Mojo Prizms,false,,LaMelo Ball,
base,278b,Orange Ice Prizms,false,,LaMelo Ball,
base,278b,Orange Prizms,false,,LaMelo Ball,
base,278b,Orange Wave Prizms,false,,LaMelo Ball,
base,278b,Pink Ice Prizms,false,,LaMelo Ball,
base,278b,Pink Pulsar Prizms,false,,LaMelo Ball,
base,278b,Purple Ice Prizms,false,,LaMelo Ball,
base,278b,Purple Prizms,false,,LaMelo Ball,
base,278b,Purple Pulsar Prizms,false,,LaMelo Ball,
base,278b,Purple Wave Prizms,false,,LaMelo Ball,
base,278b,Red Ice Prizms,false,,LaMelo Ball,
base,278b,Red Prizms,false,,LaMelo Ball,
base,278b,"Red, White and Blue Prizms",false,,LaMelo Ball,
base,278b,Ruby Wave Prizms,false,,LaMelo Ball,
base,278b,Silver Prizms,false,,LaMelo Ball,
base,278b,White Sparkle Prizm,false,,LaMelo Ball,
base,278b,Fast Break Pink Prizms,false,,LaMelo Ball,
base,278b,Black Prizms,false,,LaMelo Ball,
base,278b,Black Shimmer Prizms,false,,LaMelo Ball,
base,278b,Blue Ice Prizms,false,,LaMelo Ball,
base,278b,Black Gold Prizms,false,,LaMelo Ball,
base,276,Blue Prizms,false,,Caleb Martin,
base,276,Blue Shimmer Prizms,false,,Caleb Martin,
base,276,Blue Wave Prizms,false,,Caleb Martin,
base,276,Choice Blue Prizms,false,,Caleb Martin,
base,276,"Choice Blue, Yellow and Green Prizms",false,,Caleb Martin,
base,276,Choice Green Prizms,false,,Caleb Martin,
base,276,Choice Nebula Prizms,false,,Caleb Martin,
base,276,Choice Red Prizms,false,,Caleb Martin,
base,276,Choice Tiger Stripe Prizms,false,,Caleb Martin,
base,276,Fast Break Blue Prizms,false,,Caleb Martin,
base,276,Fast Break Bronze Prizms,false,,Caleb Martin,
base,276,Fast Break Neon Green Prizms,false,,Caleb Martin,
base,276,Fast Break Prizms,false,,Caleb Martin,
base,276,Fast Break Purple Prizms,false,,Caleb Martin,
base,276,Fast Break Red Prizms,false,,Caleb Martin,
base,276,Gold Prizms,false,,Caleb Martin,
base,276,Gold Shimmer Prizms,false,,Caleb Martin,
base,276,Gold Wave Prizms,false,,Caleb Martin,
base,276,Green Ice Prizms,false,,Caleb Martin,
base,276,Green Prizms,false,,Caleb Martin,
base,276,Green Pulsar Prizms,false,,Caleb Martin,
base,276,Green Shimmer Prizms,false,,Caleb Martin,
base,276,Hyper Prizms,false,,Caleb Martin,
base,276,Lucky Envelopes Prizms,false,,Caleb Martin,
base,276,Mojo Prizms,false,,Caleb Martin,
base,276,Orange Ice Prizms,false,,Caleb Martin,
base,276,Orange Prizms,false,,Caleb Martin,
base,276,Orange Wave Prizms,false,,Caleb Martin,
base,276,Pink Ice Prizms,false,,Caleb Martin,
base,276,Pink Pulsar Prizms,false,,Caleb Martin,
base,276,Purple Ice Prizms,false,,Caleb Martin,
base,276,Purple Prizms,false,,Caleb Martin,
base,276,Purple Pulsar Prizms,false,,Caleb Martin,
base,276,Purple Wave Prizms,false,,Caleb Martin,
base,276,Red Ice Prizms,false,,Caleb Martin,
base,276,Red Prizms,false,,Caleb Martin,
base,276,"Red, White and Blue Prizms",false,,Caleb Martin,
base,276,Ruby Wave Prizms,false,,Caleb Martin,
base,276,Silver Prizms,false,,Caleb Martin,
base,276,White Sparkle Prizm,false,,Caleb Martin,
base,276,Fast Break Pink Prizms,false,,Caleb Martin,
base,276,Black Prizms,false,,Caleb Martin,
base,276,Black Shimmer Prizms,false,,Caleb Martin,
base,276,Blue Ice Prizms,false,,Caleb Martin,
base,276,Black Gold Prizms,false,,Caleb Martin,
base,269,Blue Prizms,false,,Vernon Carey Jr.,
base,269,Blue Shimmer Prizms,false,,Vernon Carey Jr.,
base,269,Blue Wave Prizms,false,,Vernon Carey Jr.,
base,269,Choice Blue Prizms,false,,Vernon Carey Jr.,
base,269,"Choice Blue, Yellow and Green Prizms",false,,Vernon Carey Jr.,
base,269,Choice Green Prizms,false,,Vernon Carey Jr.,
base,269,Choice Nebula Prizms,false,,Vernon Carey Jr.,
base,269,Choice Red Prizms,false,,Vernon Carey Jr.,
base,269,Choice Tiger Stripe Prizms,false,,Vernon Carey Jr.,
base,269,Fast Break Blue Prizms,false,,Vernon Carey Jr.,
base,269,Fast Break Bronze Prizms,false,,Vernon Carey Jr.,
base,269,Fast Break Neon Green Prizms,false,,Vernon Carey Jr.,
base,269,Fast Break Prizms,false,,Vernon Carey Jr.,
base,269,Fast Break Purple Prizms,false,,Vernon Carey Jr.,
base,269,Fast Break Red Prizms,false,,Vernon Carey Jr.,
base,269,Gold Prizms,false,,Vernon Carey Jr.,
base,269,Gold Shimmer Prizms,false,,Vernon Carey Jr.,
base,269,Gold Wave Prizms,false,,Vernon Carey Jr.,
base,269,Green Ice Prizms,false,,Vernon Carey Jr.,
base,269,Green Prizms,false,,Vernon Carey Jr.,
base,269,Green Pulsar Prizms,false,,Vernon Carey Jr.,
base,269,Green Shimmer Prizms,false,,Vernon Carey Jr.,
base,269,Hyper Prizms,false,,Vernon Carey Jr.,
base,269,Lucky Envelopes Prizms,false,,Vernon Carey Jr.,
base,269,Mojo Prizms,false,,Vernon Carey Jr.,
base,269,Orange Ice Prizms,false,,Vernon Carey Jr.,
base,269,Orange Prizms,false,,Vernon Carey Jr.,
base,269,Orange Wave Prizms,false,,Vernon Carey Jr.,
base,269,Pink Ice Prizms,false,,Vernon Carey Jr.,
base,269,Pink Pulsar Prizms,false,,Vernon Carey Jr.,
base,269,Purple Ice Prizms,false,,Vernon Carey Jr.,
base,269,Purple Prizms,false,,Vernon Carey Jr.,
base,269,Purple Pulsar Prizms,false,,Vernon Carey Jr.,
base,269,Purple Wave Prizms,false,,Vernon Carey Jr.,
base,269,Red Ice Prizms,false,,Vernon Carey Jr.,
base,269,Red Prizms,false,,Vernon Carey Jr.,
base,269,"Red, White and Blue Prizms",false,,Vernon Carey Jr.,
base,269,Ruby Wave Prizms,false,,Vernon Carey Jr.,
base,269,Silver Prizms,false,,Vernon Carey Jr.,
base,269,White Sparkle Prizm,false,,Vernon Carey Jr.,
base,269,Fast Break Pink Prizms,false,,Vernon Carey Jr.,
base,269,Black Prizms,false,,Vernon Carey Jr.,
base,269,Black Shimmer Prizms,false,,Vernon Carey Jr.,
base,269,Blue Ice Prizms,false,,Vernon Carey Jr.,
base,269,Black Gold Prizms,false,,Vernon Carey Jr.,
auto-sensational-signatures,SS-PWL,Prizms Silver,true,,Patrick Williams,
auto-sensational-signatures,SS-PWL,Prizms Choice,true,,Patrick Williams,
auto-sensational-signatures,SS-PWL,Prizms Mojo,true,25,Patrick Williams,
auto-sensational-signatures,SS-PWL,Prizms Gold,true,10,Patrick Williams,
auto-sensational-signatures,SS-PWL,Prizms Choice Green,true,8,Patrick Williams,
auto-sensational-signatures,SS-PWL,Prizms Black,true,1,Patrick Williams,
base,156,Blue Prizms,false,,Otto Porter Jr.,
base,156,Blue Shimmer Prizms,false,,Otto Porter Jr.,
base,156,Blue Wave Prizms,false,,Otto Porter Jr.,
base,156,Choice Blue Prizms,false,,Otto Porter Jr.,
base,156,"Choice Blue, Yellow and Green Prizms",false,,Otto Porter Jr.,
base,156,Choice Green Prizms,false,,Otto Porter Jr.,
base,156,Choice Nebula Prizms,false,,Otto Porter Jr.,
base,156,Choice Red Prizms,false,,Otto Porter Jr.,
base,156,Choice Tiger Stripe Prizms,false,,Otto Porter Jr.,
base,156,Fast Break Blue Prizms,false,,Otto Porter Jr.,
base,156,Fast Break Bronze Prizms,false,,Otto Porter Jr.,
base,156,Fast Break Neon Green Prizms,false,,Otto Porter Jr.,
base,156,Fast Break Prizms,false,,Otto Porter Jr.,
base,156,Fast Break Purple Prizms,false,,Otto Porter Jr.,
base,156,Fast Break Red Prizms,false,,Otto Porter Jr.,
base,156,Gold Prizms,false,,Otto Porter Jr.,
base,156,Gold Shimmer Prizms,false,,Otto Porter Jr.,
base,156,Gold Wave Prizms,false,,Otto Porter Jr.,
base,156,Green Ice Prizms,false,,Otto Porter Jr.,
base,156,Green Prizms,false,,Otto Porter Jr.,
base,156,Green Pulsar Prizms,false,,Otto Porter Jr.,
base,156,Green Shimmer Prizms,false,,Otto Porter Jr.,
base,156,Hyper Prizms,false,,Otto Porter Jr.,
base,156,Lucky Envelopes Prizms,false,,Otto Porter Jr.,
base,156,Mojo Prizms,false,,Otto Porter Jr.,
base,156,Orange Ice Prizms,false,,Otto Porter Jr.,
base,156,Orange Prizms,false,,Otto Porter Jr.,
base,156,Orange Wave Prizms,false,,Otto Porter Jr.,
base,156,Pink Ice Prizms,false,,Otto Porter Jr.,
base,156,Pink Pulsar Prizms,false,,Otto Porter Jr.,
base,156,Purple Ice Prizms,false,,Otto Porter Jr.,
base,156,Purple Prizms,false,,Otto Porter Jr.,
base,156,Purple Pulsar Prizms,false,,Otto Porter Jr.,
base,156,Purple Wave Prizms,false,,Otto Porter Jr.,
base,156,Red Ice Prizms,false,,Otto Porter Jr.,
base,156,Red Prizms,false,,Otto Porter Jr.,
base,156,"Red, White and Blue Prizms",false,,Otto Porter Jr.,
base,156,Ruby Wave Prizms,false,,Otto Porter Jr.,
base,156,Silver Prizms,false,,Otto Porter Jr.,
base,156,White Sparkle Prizm,false,,Otto Porter Jr.,
base,156,Fast Break Pink Prizms,false,,Otto Porter Jr.,
base,156,Black Prizms,false,,Otto Porter Jr.,
base,156,Black Shimmer Prizms,false,,Otto Porter Jr.,
base,156,Blue Ice Prizms,false,,Otto Porter Jr.,
base,156,Black Gold Prizms,false,,Otto Porter Jr.,
insert-sensational-swatches,SSW-CBO,Prizms Orange Ice,false,,Carlos Boozer,
insert-sensational-swatches,SSW-CBO,Prizms Green Ice,false,56,Carlos Boozer,
insert-sensational-swatches,SSW-CBO,Prime,false,10,Carlos Boozer,
insert-sophomore-stars,5,Prizms Silver,false,,Coby White,
insert-sophomore-stars,5,Prizms Green,false,,Coby White,
base,165,Blue Prizms,false,,Thaddeus Young,
base,165,Blue Shimmer Prizms,false,,Thaddeus Young,
base,165,Blue Wave Prizms,false,,Thaddeus Young,
base,165,Choice Blue Prizms,false,,Thaddeus Young,
base,165,"Choice Blue, Yellow and Green Prizms",false,,Thaddeus Young,
base,165,Choice Green Prizms,false,,Thaddeus Young,
base,165,Choice Nebula Prizms,false,,Thaddeus Young,
base,165,Choice Red Prizms,false,,Thaddeus Young,
base,165,Choice Tiger Stripe Prizms,false,,Thaddeus Young,
base,165,Fast Break Blue Prizms,false,,Thaddeus Young,
base,165,Fast Break Bronze Prizms,false,,Thaddeus Young,
base,165,Fast Break Neon Green Prizms,false,,Thaddeus Young,
base,165,Fast Break Prizms,false,,Thaddeus Young,
base,165,Fast Break Purple Prizms,false,,Thaddeus Young,
base,165,Fast Break Red Prizms,false,,Thaddeus Young,
base,165,Gold Prizms,false,,Thaddeus Young,
base,165,Gold Shimmer Prizms,false,,Thaddeus Young,
base,165,Gold Wave Prizms,false,,Thaddeus Young,
base,165,Green Ice Prizms,false,,Thaddeus Young,
base,165,Green Prizms,false,,Thaddeus Young,
base,165,Green Pulsar Prizms,false,,Thaddeus Young,
base,165,Green Shimmer Prizms,false,,Thaddeus Young,
base,165,Hyper Prizms,false,,Thaddeus Young,
base,165,Lucky Envelopes Prizms,false,,Thaddeus Young,
base,165,Mojo Prizms,false,,Thaddeus Young,
base,165,Orange Ice Prizms,false,,Thaddeus Young,
base,165,Orange Prizms,false,,Thaddeus Young,
base,165,Orange Wave Prizms,false,,Thaddeus Young,
base,165,Pink Ice Prizms,false,,Thaddeus Young,
base,165,Pink Pulsar Prizms,false,,Thaddeus Young,
base,165,Purple Ice Prizms,false,,Thaddeus Young,
base,165,Purple Prizms,false,,Thaddeus Young,
base,165,Purple Pulsar Prizms,false,,Thaddeus Young,
base,165,Purple Wave Prizms,false,,Thaddeus Young,
base,165,Red Ice Prizms,false,,Thaddeus Young,
base,165,Red Prizms,false,,Thaddeus Young,
base,165,"Red, White and Blue Prizms",false,,Thaddeus Young,
base,165,Ruby Wave Prizms,false,,Thaddeus Young,
base,165,Silver Prizms,false,,Thaddeus Young,
base,165,White Sparkle Prizm,false,,Thaddeus Young,
base,165,Fast Break Pink Prizms,false,,Thaddeus Young,
base,165,Black Prizms,false,,Thaddeus Young,
base,165,Black Shimmer Prizms,false,,Thaddeus Young,
base,165,Blue Ice Prizms,false,,Thaddeus Young,
base,165,Black Gold Prizms,false,,Thaddeus Young,
insert-sensational-swatches,SSW-LMR,Prizms Orange Ice,false,,Lauri Markkanen,
insert-sensational-swatches,SSW-LMR,Prizms Green Ice,false,56,Lauri Markkanen,
insert-sensational-swatches,SSW-LMR,Prime,false,10,Lauri Markkanen,
base,183,Blue Prizms,false,,Tomas Satoransky,
base,183,Blue Shimmer Prizms,false,,Tomas Satoransky,
base,183,Blue Wave Prizms,false,,Tomas Satoransky,
base,183,Choice Blue Prizms,false,,Tomas Satoransky,
base,183,"Choice Blue, Yellow and Green Prizms",false,,Tomas Satoransky,
base,183,Choice Green Prizms,false,,Tomas Satoransky,
base,183,Choice Nebula Prizms,false,,Tomas Satoransky,
base,183,Choice Red Prizms,false,,Tomas Satoransky,
base,183,Choice Tiger Stripe Prizms,false,,Tomas Satoransky,
base,183,Fast Break Blue Prizms,false,,Tomas Satoransky,
base,183,Fast Break Bronze Prizms,false,,Tomas Satoransky,
base,183,Fast Break Neon Green Prizms,false,,Tomas Satoransky,
base,183,Fast Break Prizms,false,,Tomas Satoransky,
base,183,Fast Break Purple Prizms,false,,Tomas Satoransky,
base,183,Fast Break Red Prizms,false,,Tomas Satoransky,
base,183,Gold Prizms,false,,Tomas Satoransky,
base,183,Gold Shimmer Prizms,false,,Tomas Satoransky,
base,183,Gold Wave Prizms,false,,Tomas Satoransky,
base,183,Green Ice Prizms,false,,Tomas Satoransky,
base,183,Green Prizms,false,,Tomas Satoransky,
base,183,Green Pulsar Prizms,false,,Tomas Satoransky,
base,183,Green Shimmer Prizms,false,,Tomas Satoransky,
base,183,Hyper Prizms,false,,Tomas Satoransky,
base,183,Lucky Envelopes Prizms,false,,Tomas Satoransky,
base,183,Mojo Prizms,false,,Tomas Satoransky,
base,183,Orange Ice Prizms,false,,Tomas Satoransky,
base,183,Orange Prizms,false,,Tomas Satoransky,
base,183,Orange Wave Prizms,false,,Tomas Satoransky,
base,183,Pink Ice Prizms,false,,Tomas Satoransky,
base,183,Pink Pulsar Prizms,false,,Tomas Satoransky,
base,183,Purple Ice Prizms,false,,Tomas Satoransky,
base,183,Purple Prizms,false,,Tomas Satoransky,
base,183,Purple Pulsar Prizms,false,,Tomas Satoransky,
base,183,Purple Wave Prizms,false,,Tomas Satoransky,
base,183,Red Ice Prizms,false,,Tomas Satoransky,
base,183,Red Prizms,false,,Tomas Satoransky,
base,183,"Red, White and Blue Prizms",false,,Tomas Satoransky,
base,183,Ruby Wave Prizms,false,,Tomas Satoransky,
base,183,Silver Prizms,false,,Tomas Satoransky,
base,183,White Sparkle Prizm,false,,Tomas Satoransky,
base,183,Fast Break Pink Prizms,false,,Tomas Satoransky,
base,183,Black Prizms,false,,Tomas Satoransky,
base,183,Black Shimmer Prizms,false,,Tomas Satoransky,
base,183,Blue Ice Prizms,false,,Tomas Satoransky,
base,183,Black Gold Prizms,false,,Tomas Satoransky,
base,166,Blue Prizms,false,,Dennis Rodman,
base,166,Blue Shimmer Prizms,false,,Dennis Rodman,
base,166,Blue Wave Prizms,false,,Dennis Rodman,
base,166,Choice Blue Prizms,false,,Dennis Rodman,
base,166,"Choice Blue, Yellow and Green Prizms",false,,Dennis Rodman,
base,166,Choice Green Prizms,false,,Dennis Rodman,
base,166,Choice Nebula Prizms,false,,Dennis Rodman,
base,166,Choice Red Prizms,false,,Dennis Rodman,
base,166,Choice Tiger Stripe Prizms,false,,Dennis Rodman,
base,166,Fast Break Blue Prizms,false,,Dennis Rodman,
base,166,Fast Break Bronze Prizms,false,,Dennis Rodman,
base,166,Fast Break Neon Green Prizms,false,,Dennis Rodman,
base,166,Fast Break Prizms,false,,Dennis Rodman,
base,166,Fast Break Purple Prizms,false,,Dennis Rodman,
base,166,Fast Break Red Prizms,false,,Dennis Rodman,
base,166,Gold Prizms,false,,Dennis Rodman,
base,166,Gold Shimmer Prizms,false,,Dennis Rodman,
base,166,Gold Wave Prizms,false,,Dennis Rodman,
base,166,Green Ice Prizms,false,,Dennis Rodman,
base,166,Green Prizms,false,,Dennis Rodman,
base,166,Green Pulsar Prizms,false,,Dennis Rodman,
base,166,Green Shimmer Prizms,false,,Dennis Rodman,
base,166,Hyper Prizms,false,,Dennis Rodman,
base,166,Lucky Envelopes Prizms,false,,Dennis Rodman,
base,166,Mojo Prizms,false,,Dennis Rodman,
base,166,Orange Ice Prizms,false,,Dennis Rodman,
base,166,Orange Prizms,false,,Dennis Rodman,
base,166,Orange Wave Prizms,false,,Dennis Rodman,
base,166,Pink Ice Prizms,false,,Dennis Rodman,
base,166,Pink Pulsar Prizms,false,,Dennis Rodman,
base,166,Purple Ice Prizms,false,,Dennis Rodman,
base,166,Purple Prizms,false,,Dennis Rodman,
base,166,Purple Pulsar Prizms,false,,Dennis Rodman,
base,166,Purple Wave Prizms,false,,Dennis Rodman,
base,166,Red Ice Prizms,false,,Dennis Rodman,
base,166,Red Prizms,false,,Dennis Rodman,
base,166,"Red, White and Blue Prizms",false,,Dennis Rodman,
base,166,Ruby Wave Prizms,false,,Dennis Rodman,
base,166,Silver Prizms,false,,Dennis Rodman,
base,166,White Sparkle Prizm,false,,Dennis Rodman,
base,166,Fast Break Pink Prizms,false,,Dennis Rodman,
base,166,Black Prizms,false,,Dennis Rodman,
base,166,Black Shimmer Prizms,false,,Dennis Rodman,
base,166,Blue Ice Prizms,false,,Dennis Rodman,
base,166,Black Gold Prizms,false,,Dennis Rodman,
auto-rookie-signatures,RS-PWL,Prizms Silver,true,,Patrick Williams,
auto-rookie-signatures,RS-PWL,Prizms Choice,true,,Patrick Williams,
auto-rookie-signatures,RS-PWL,Prizms Mojo,true,25,Patrick Williams,
auto-rookie-signatures,RS-PWL,Prizms Gold,true,10,Patrick Williams,
auto-rookie-signatures,RS-PWL,Prizms Choice Green,true,8,Patrick Williams,
auto-rookie-signatures,RS-PWL,Prizms Black,true,1,Patrick Williams,
auto-rookie-signatures,RS-PWL,Prizms White Sparkle,true,1,Patrick Williams,
auto-signatures,SI-CWT,Prizms Choice,true,,Coby White,
auto-signatures,SI-CWT,Prizms Silver,true,,Coby White,
auto-signatures,SI-CWT,Prizms Mojo,true,25,Coby White,
auto-signatures,SI-CWT,Prizms Gold,true,10,Coby White,
auto-signatures,SI-CWT,Prizms Choice Green,true,8,Coby White,
auto-signatures,SI-CWT,Prizms Black,true,1,Coby White,
auto-signatures,SI-DGA,Prizms Choice,true,,Daniel Gafford,
auto-signatures,SI-DGA,Prizms Silver,true,,Daniel Gafford,
auto-signatures,SI-DGA,Prizms Mojo,true,25,Daniel Gafford,
auto-signatures,SI-DGA,Prizms Gold,true,10,Daniel Gafford,
auto-signatures,SI-DGA,Prizms Choice Green,true,8,Daniel Gafford,
auto-signatures,SI-DGA,Prizms Black,true,1,Daniel Gafford,
auto-signatures,SI-DRO,Prizms Choice,true,,Dennis Rodman,
auto-signatures,SI-DRO,Prizms Silver,true,,Dennis Rodman,
auto-signatures,SI-DRO,Prizms Mojo,true,25,Dennis Rodman,
auto-signatures,SI-DRO,Prizms Gold,true,10,Dennis Rodman,
auto-signatures,SI-DRO,Prizms Choice Green,true,8,Dennis Rodman,
auto-signatures,SI-DRO,Prizms Black,true,1,Dennis Rodman,
base,101,Blue Prizms,false,,Kris Dunn,
base,101,Blue Shimmer Prizms,false,,Kris Dunn,
base,101,Blue Wave Prizms,false,,Kris Dunn,
base,101,Choice Blue Prizms,false,,Kris Dunn,
base,101,"Choice Blue, Yellow and Green Prizms",false,,Kris Dunn,
base,101,Choice Green Prizms,false,,Kris Dunn,
base,101,Choice Nebula Prizms,false,,Kris Dunn,
base,101,Choice Red Prizms,false,,Kris Dunn,
base,101,Choice Tiger Stripe Prizms,false,,Kris Dunn,
base,101,Fast Break Blue Prizms,false,,Kris Dunn,
base,101,Fast Break Bronze Prizms,false,,Kris Dunn,
base,101,Fast Break Neon Green Prizms,false,,Kris Dunn,
base,101,Fast Break Prizms,false,,Kris Dunn,
base,101,Fast Break Purple Prizms,false,,Kris Dunn,
base,101,Fast Break Red Prizms,false,,Kris Dunn,
base,101,Gold Prizms,false,,Kris Dunn,
base,101,Gold Shimmer Prizms,false,,Kris Dunn,
base,101,Gold Wave Prizms,false,,Kris Dunn,
base,101,Green Ice Prizms,false,,Kris Dunn,
base,101,Green Prizms,false,,Kris Dunn,
base,101,Green Pulsar Prizms,false,,Kris Dunn,
base,101,Green Shimmer Prizms,false,,Kris Dunn,
base,101,Hyper Prizms,false,,Kris Dunn,
base,101,Lucky Envelopes Prizms,false,,Kris Dunn,
base,101,Mojo Prizms,false,,Kris Dunn,
base,101,Orange Ice Prizms,false,,Kris Dunn,
base,101,Orange Prizms,false,,Kris Dunn,
base,101,Orange Wave Prizms,false,,Kris Dunn,
base,101,Pink Ice Prizms,false,,Kris Dunn,
base,101,Pink Pulsar Prizms,false,,Kris Dunn,
base,101,Purple Ice Prizms,false,,Kris Dunn,
base,101,Purple Prizms,false,,Kris Dunn,
base,101,Purple Pulsar Prizms,false,,Kris Dunn,
base,101,Purple Wave Prizms,false,,Kris Dunn,
base,101,Red Ice Prizms,false,,Kris Dunn,
base,101,Red Prizms,false,,Kris Dunn,
base,101,"Red, White and Blue Prizms",false,,Kris Dunn,
base,101,Ruby Wave Prizms,false,,Kris Dunn,
base,101,Silver Prizms,false,,Kris Dunn,
base,101,White Sparkle Prizm,false,,Kris Dunn,
base,101,Fast Break Pink Prizms,false,,Kris Dunn,
base,101,Black Prizms,false,,Kris Dunn,
base,101,Black Shimmer Prizms,false,,Kris Dunn,
base,101,Blue Ice Prizms,false,,Kris Dunn,
base,101,Black Gold Prizms,false,,Kris Dunn,
auto-fast-break-autographs,FBA-TYG,Gold,true,10,Thaddeus Young,
auto-fast-break-autographs,FBA-TYG,Black,true,1,Thaddeus Young,
insert-rookie-penmanship,RP-PWL,Prizms Orange Ice,false,,Patrick Williams,
insert-rookie-penmanship,RP-PWL,Prizms Blue Wave,false,,Patrick Williams,
insert-rookie-penmanship,RP-PWL,Prizms Silver,false,,Patrick Williams,
insert-rookie-penmanship,RP-PWL,Prizms Gold Wave,false,,Patrick Williams,
insert-rookie-penmanship,RP-PWL,Prizms Green Ice,false,16,Patrick Williams,
base,234,Blue Prizms,false,,Zach LaVine,
base,234,Blue Shimmer Prizms,false,,Zach LaVine,
base,234,Blue Wave Prizms,false,,Zach LaVine,
base,234,Choice Blue Prizms,false,,Zach LaVine,
base,234,"Choice Blue, Yellow and Green Prizms",false,,Zach LaVine,
base,234,Choice Green Prizms,false,,Zach LaVine,
base,234,Choice Nebula Prizms,false,,Zach LaVine,
base,234,Choice Red Prizms,false,,Zach LaVine,
base,234,Choice Tiger Stripe Prizms,false,,Zach LaVine,
base,234,Fast Break Blue Prizms,false,,Zach LaVine,
base,234,Fast Break Bronze Prizms,false,,Zach LaVine,
base,234,Fast Break Neon Green Prizms,false,,Zach LaVine,
base,234,Fast Break Prizms,false,,Zach LaVine,
base,234,Fast Break Purple Prizms,false,,Zach LaVine,
base,234,Fast Break Red Prizms,false,,Zach LaVine,
base,234,Gold Prizms,false,,Zach LaVine,
base,234,Gold Shimmer Prizms,false,,Zach LaVine,
base,234,Gold Wave Prizms,false,,Zach LaVine,
base,234,Green Ice Prizms,false,,Zach LaVine,
base,234,Green Prizms,false,,Zach LaVine,
base,234,Green Pulsar Prizms,false,,Zach LaVine,
base,234,Green Shimmer Prizms,false,,Zach LaVine,
base,234,Hyper Prizms,false,,Zach LaVine,
base,234,Lucky Envelopes Prizms,false,,Zach LaVine,
base,234,Mojo Prizms,false,,Zach LaVine,
base,234,Orange Ice Prizms,false,,Zach LaVine,
base,234,Orange Prizms,false,,Zach LaVine,
base,234,Orange Wave Prizms,false,,Zach LaVine,
base,234,Pink Ice Prizms,false,,Zach LaVine,
base,234,Pink Pulsar Prizms,false,,Zach LaVine,
base,234,Purple Ice Prizms,false,,Zach LaVine,
base,234,Purple Prizms,false,,Zach LaVine,
base,234,Purple Pulsar Prizms,false,,Zach LaVine,
base,234,Purple Wave Prizms,false,,Zach LaVine,
base,234,Red Ice Prizms,false,,Zach LaVine,
base,234,Red Prizms,false,,Zach LaVine,
base,234,"Red, White and Blue Prizms",false,,Zach LaVine,
base,234,Ruby Wave Prizms,false,,Zach LaVine,
base,234,Silver Prizms,false,,Zach LaVine,
base,234,White Sparkle Prizm,false,,Zach LaVine,
base,234,Fast Break Pink Prizms,false,,Zach LaVine,
base,234,Black Prizms,false,,Zach LaVine,
base,234,Black Shimmer Prizms,false,,Zach LaVine,
base,234,Blue Ice Prizms,false,,Zach LaVine,
base,234,Black Gold Prizms,false,,Zach LaVine,
auto-fast-break-rookie-autographs,FR-DDT,Gold,true,10,Devon Dotson,
auto-fast-break-rookie-autographs,FR-DDT,Black,true,1,Devon Dotson,
auto-signatures,SI-SKE,Prizms Choice,true,,Steve Kerr,
auto-signatures,SI-SKE,Prizms Silver,true,,Steve Kerr,
auto-signatures,SI-SKE,Prizms Mojo,true,25,Steve Kerr,
auto-signatures,SI-SKE,Prizms Gold,true,10,Steve Kerr,
auto-signatures,SI-SKE,Prizms Choice Green,true,8,Steve Kerr,
auto-signatures,SI-SKE,Prizms Black,true,1,Steve Kerr,
base,288b,Blue Prizms,false,,Patrick Williams,
base,288b,Blue Shimmer Prizms,false,,Patrick Williams,
base,288b,Blue Wave Prizms,false,,Patrick Williams,
base,288b,Choice Blue Prizms,false,,Patrick Williams,
base,288b,"Choice Blue, Yellow and Green Prizms",false,,Patrick Williams,
base,288b,Choice Green Prizms,false,,Patrick Williams,
base,288b,Choice Nebula Prizms,false,,Patrick Williams,
base,288b,Choice Red Prizms,false,,Patrick Williams,
base,288b,Choice Tiger Stripe Prizms,false,,Patrick Williams,
base,288b,Fast Break Blue Prizms,false,,Patrick Williams,
base,288b,Fast Break Bronze Prizms,false,,Patrick Williams,
base,288b,Fast Break Neon Green Prizms,false,,Patrick Williams,
base,288b,Fast Break Prizms,false,,Patrick Williams,
base,288b,Fast Break Purple Prizms,false,,Patrick Williams,
base,288b,Fast Break Red Prizms,false,,Patrick Williams,
base,288b,Gold Prizms,false,,Patrick Williams,
base,288b,Gold Shimmer Prizms,false,,Patrick Williams,
base,288b,Gold Wave Prizms,false,,Patrick Williams,
base,288b,Green Ice Prizms,false,,Patrick Williams,
base,288b,Green Prizms,false,,Patrick Williams,
base,288b,Green Pulsar Prizms,false,,Patrick Williams,
base,288b,Green Shimmer Prizms,false,,Patrick Williams,
base,288b,Hyper Prizms,false,,Patrick Williams,
base,288b,Lucky Envelopes Prizms,false,,Patrick Williams,
base,288b,Mojo Prizms,false,,Patrick Williams,
base,288b,Orange Ice Prizms,false,,Patrick Williams,
base,288b,Orange Prizms,false,,Patrick Williams,
base,288b,Orange Wave Prizms,false,,Patrick Williams,
base,288b,Pink Ice Prizms,false,,Patrick Williams,
base,288b,Pink Pulsar Prizms,false,,Patrick Williams,
base,288b,Purple Ice Prizms,false,,Patrick Williams,
base,288b,Purple Prizms,false,,Patrick Williams,
base,288b,Purple Pulsar Prizms,false,,Patrick Williams,
base,288b,Purple Wave Prizms,false,,Patrick Williams,
base,288b,Red Ice Prizms,false,,Patrick Williams,
base,288b,Red Prizms,false,,Patrick Williams,
base,288b,"Red, White and Blue Prizms",false,,Patrick Williams,
base,288b,Ruby Wave Prizms,false,,Patrick Williams,
base,288b,Silver Prizms,false,,Patrick Williams,
base,288b,White Sparkle Prizm,false,,Patrick Williams,
base,288b,Fast Break Pink Prizms,false,,Patrick Williams,
base,288b,Black Prizms,false,,Patrick Williams,
base,288b,Black Shimmer Prizms,false,,Patrick Williams,
base,288b,Blue Ice Prizms,false,,Patrick Williams,
base,288b,Black Gold Prizms,false,,Patrick Williams,
base,288,Blue Prizms,false,,Patrick Williams,
base,288,Blue Shimmer Prizms,false,,Patrick Williams,
base,288,Blue Wave Prizms,false,,Patrick Williams,
base,288,Choice Blue Prizms,false,,Patrick Williams,
base,288,"Choice Blue, Yellow and Green Prizms",false,,Patrick Williams,
base,288,Choice Green Prizms,false,,Patrick Williams,
base,288,Choice Nebula Prizms,false,,Patrick Williams,
base,288,Choice Red Prizms,false,,Patrick Williams,
base,288,Choice Tiger Stripe Prizms,false,,Patrick Williams,
base,288,Fast Break Blue Prizms,false,,Patrick Williams,
base,288,Fast Break Bronze Prizms,false,,Patrick Williams,
base,288,Fast Break Neon Green Prizms,false,,Patrick Williams,
base,288,Fast Break Prizms,false,,Patrick Williams,
base,288,Fast Break Purple Prizms,false,,Patrick Williams,
base,288,Fast Break Red Prizms,false,,Patrick Williams,
base,288,Gold Prizms,false,,Patrick Williams,
base,288,Gold Shimmer Prizms,false,,Patrick Williams,
base,288,Gold Wave Prizms,false,,Patrick Williams,
base,288,Green Ice Prizms,false,,Patrick Williams,
base,288,Green Prizms,false,,Patrick Williams,
base,288,Green Pulsar Prizms,false,,Patrick Williams,
base,288,Green Shimmer Prizms,false,,Patrick Williams,
base,288,Hyper Prizms,false,,Patrick Williams,
base,288,Lucky Envelopes Prizms,false,,Patrick Williams,
base,288,Mojo Prizms,false,,Patrick Williams,
base,288,Orange Ice Prizms,false,,Patrick Williams,
base,288,Orange Prizms,false,,Patrick Williams,
base,288,Orange Wave Prizms,false,,Patrick Williams,
base,288,Pink Ice Prizms,false,,Patrick Williams,
base,288,Pink Pulsar Prizms,false,,Patrick Williams,
base,288,Purple Ice Prizms,false,,Patrick Williams,
base,288,Purple Prizms,false,,Patrick Williams,
base,288,Purple Pulsar Prizms,false,,Patrick Williams,
base,288,Purple Wave Prizms,false,,Patrick Williams,
base,288,Red Ice Prizms,false,,Patrick Williams,
base,288,Red Prizms,false,,Patrick Williams,
base,288,"Red, White and Blue Prizms",false,,Patrick Williams,
base,288,Ruby Wave Prizms,false,,Patrick Williams,
base,288,Silver Prizms,false,,Patrick Williams,
base,288,White Sparkle Prizm,false,,Patrick Williams,
base,288,Fast Break Pink Prizms,false,,Patrick Williams,
base,288,Black Prizms,false,,Patrick Williams,
base,288,Black Shimmer Prizms,false,,Patrick Williams,
base,288,Blue Ice Prizms,false,,Patrick Williams,
base,288,Black Gold Prizms,false,,Patrick Williams,
insert-fearless,10,Fast Break,false,,Scottie Pippen,
insert-fearless,10,Prizms Hyper,false,,Scottie Pippen,
insert-fearless,10,Prizms Silver,false,,Scottie Pippen,
insert-fearless,10,Prizms Mojo,false,25,Scottie Pippen,
insert-fearless,10,Prizms Gold,false,10,Scottie Pippen,
insert-fearless,10,Prizms Black,false,1,Scottie Pippen,
insert-fearless,19,Fast Break,false,,Dennis Rodman,
insert-fearless,19,Prizms Hyper,false,,Dennis Rodman,
insert-fearless,19,Prizms Silver,false,,Dennis Rodman,
insert-fearless,19,Prizms Mojo,false,25,Dennis Rodman,
insert-fearless,19,Prizms Gold,false,10,Dennis Rodman,
insert-fearless,19,Prizms Black,false,1,Dennis Rodman,
insert-instant-impact,3,Prizms Green,false,,Patrick Williams,
insert-instant-impact,3,Prizms Silver,false,,Patrick Williams,
base,223,Blue Prizms,false,,Wendell Carter Jr.,
base,223,Blue Shimmer Prizms,false,,Wendell Carter Jr.,
base,223,Blue Wave Prizms,false,,Wendell Carter Jr.,
base,223,Choice Blue Prizms,false,,Wendell Carter Jr.,
base,223,"Choice Blue, Yellow and Green Prizms",false,,Wendell Carter Jr.,
base,223,Choice Green Prizms,false,,Wendell Carter Jr.,
base,223,Choice Nebula Prizms,false,,Wendell Carter Jr.,
base,223,Choice Red Prizms,false,,Wendell Carter Jr.,
base,223,Choice Tiger Stripe Prizms,false,,Wendell Carter Jr.,
base,223,Fast Break Blue Prizms,false,,Wendell Carter Jr.,
base,223,Fast Break Bronze Prizms,false,,Wendell Carter Jr.,
base,223,Fast Break Neon Green Prizms,false,,Wendell Carter Jr.,
base,223,Fast Break Prizms,false,,Wendell Carter Jr.,
base,223,Fast Break Purple Prizms,false,,Wendell Carter Jr.,
base,223,Fast Break Red Prizms,false,,Wendell Carter Jr.,
base,223,Gold Prizms,false,,Wendell Carter Jr.,
base,223,Gold Shimmer Prizms,false,,Wendell Carter Jr.,
base,223,Gold Wave Prizms,false,,Wendell Carter Jr.,
base,223,Green Ice Prizms,false,,Wendell Carter Jr.,
base,223,Green Prizms,false,,Wendell Carter Jr.,
base,223,Green Pulsar Prizms,false,,Wendell Carter Jr.,
base,223,Green Shimmer Prizms,false,,Wendell Carter Jr.,
base,223,Hyper Prizms,false,,Wendell Carter Jr.,
base,223,Lucky Envelopes Prizms,false,,Wendell Carter Jr.,
base,223,Mojo Prizms,false,,Wendell Carter Jr.,
base,223,Orange Ice Prizms,false,,Wendell Carter Jr.,
base,223,Orange Prizms,false,,Wendell Carter Jr.,
base,223,Orange Wave Prizms,false,,Wendell Carter Jr.,
base,223,Pink Ice Prizms,false,,Wendell Carter Jr.,
base,223,Pink Pulsar Prizms,false,,Wendell Carter Jr.,
base,223,Purple Ice Prizms,false,,Wendell Carter Jr.,
base,223,Purple Prizms,false,,Wendell Carter Jr.,
base,223,Purple Pulsar Prizms,false,,Wendell Carter Jr.,
base,223,Purple Wave Prizms,false,,Wendell Carter Jr.,
base,223,Red Ice Prizms,false,,Wendell Carter Jr.,
base,223,Red Prizms,false,,Wendell Carter Jr.,
base,223,"Red, White and Blue Prizms",false,,Wendell Carter Jr.,
base,223,Ruby Wave Prizms,false,,Wendell Carter Jr.,
base,223,Silver Prizms,false,,Wendell Carter Jr.,
base,223,White Sparkle Prizm,false,,Wendell Carter Jr.,
base,223,Fast Break Pink Prizms,false,,Wendell Carter Jr.,
base,223,Black Prizms,false,,Wendell Carter Jr.,
base,223,Black Shimmer Prizms,false,,Wendell Carter Jr.,
base,223,Blue Ice Prizms,false,,Wendell Carter Jr.,
base,223,Black Gold Prizms,false,,Wendell Carter Jr.,
auto-fast-break-rookie-autographs,FR-PWL,Gold,true,10,Patrick Williams,
auto-fast-break-rookie-autographs,FR-PWL,Black,true,1,Patrick Williams,
insert-penmanship,PE-RHA,Prizms Orange Ice,false,,Ron Harper,
insert-penmanship,PE-RHA,Prizms Silver,false,,Ron Harper,
insert-penmanship,PE-RHA,Prizms Green Ice,false,16,Ron Harper,
base,3,Blue Prizms,false,,Coby White,
base,3,Blue Shimmer Prizms,false,,Coby White,
base,3,Blue Wave Prizms,false,,Coby White,
base,3,Choice Blue Prizms,false,,Coby White,
base,3,"Choice Blue, Yellow and Green Prizms",false,,Coby White,
base,3,Choice Green Prizms,false,,Coby White,
base,3,Choice Nebula Prizms,false,,Coby White,
base,3,Choice Red Prizms,false,,Coby White,
base,3,Choice Tiger Stripe Prizms,false,,Coby White,
base,3,Fast Break Blue Prizms,false,,Coby White,
base,3,Fast Break Bronze Prizms,false,,Coby White,
base,3,Fast Break Neon Green Prizms,false,,Coby White,
base,3,Fast Break Prizms,false,,Coby White,
base,3,Fast Break Purple Prizms,false,,Coby White,
base,3,Fast Break Red Prizms,false,,Coby White,
base,3,Gold Prizms,false,,Coby White,
base,3,Gold Shimmer Prizms,false,,Coby White,
base,3,Gold Wave Prizms,false,,Coby White,
base,3,Green Ice Prizms,false,,Coby White,
base,3,Green Prizms,false,,Coby White,
base,3,Green Pulsar Prizms,false,,Coby White,
base,3,Green Shimmer Prizms,false,,Coby White,
base,3,Hyper Prizms,false,,Coby White,
base,3,Lucky Envelopes Prizms,false,,Coby White,
base,3,Mojo Prizms,false,,Coby White,
base,3,Orange Ice Prizms,false,,Coby White,
base,3,Orange Prizms,false,,Coby White,
base,3,Orange Wave Prizms,false,,Coby White,
base,3,Pink Ice Prizms,false,,Coby White,
base,3,Pink Pulsar Prizms,false,,Coby White,
base,3,Purple Ice Prizms,false,,Coby White,
base,3,Purple Prizms,false,,Coby White,
base,3,Purple Pulsar Prizms,false,,Coby White,
base,3,Purple Wave Prizms,false,,Coby White,
base,3,Red Ice Prizms,false,,Coby White,
base,3,Red Prizms,false,,Coby White,
base,3,"Red, White and Blue Prizms",false,,Coby White,
base,3,Ruby Wave Prizms,false,,Coby White,
base,3,Silver Prizms,false,,Coby White,
base,3,White Sparkle Prizm,false,,Coby White,
base,3,Fast Break Pink Prizms,false,,Coby White,
base,3,Black Prizms,false,,Coby White,
base,3,Black Shimmer Prizms,false,,Coby White,
base,3,Blue Ice Prizms,false,,Coby White,
base,3,Black Gold Prizms,false,,Coby White,
insert-penmanship,PE-DRO,Prizms Orange Ice,false,,Dennis Rodman,
insert-penmanship,PE-DRO,Prizms Silver,false,,Dennis Rodman,
insert-penmanship,PE-DRO,Prizms Green Ice,false,16,Dennis Rodman,
insert-emergent,5,Prizms Green,false,,Patrick Williams,
insert-emergent,5,Prizms Silver,false,,Patrick Williams,
base,116,Blue Prizms,false,,Lauri Markkanen,
base,116,Blue Shimmer Prizms,false,,Lauri Markkanen,
base,116,Blue Wave Prizms,false,,Lauri Markkanen,
base,116,Choice Blue Prizms,false,,Lauri Markkanen,
base,116,"Choice Blue, Yellow and Green Prizms",false,,Lauri Markkanen,
base,116,Choice Green Prizms,false,,Lauri Markkanen,
base,116,Choice Nebula Prizms,false,,Lauri Markkanen,
base,116,Choice Red Prizms,false,,Lauri Markkanen,
base,116,Choice Tiger Stripe Prizms,false,,Lauri Markkanen,
base,116,Fast Break Blue Prizms,false,,Lauri Markkanen,
base,116,Fast Break Bronze Prizms,false,,Lauri Markkanen,
base,116,Fast Break Neon Green Prizms,false,,Lauri Markkanen,
base,116,Fast Break Prizms,false,,Lauri Markkanen,
base,116,Fast Break Purple Prizms,false,,Lauri Markkanen,
base,116,Fast Break Red Prizms,false,,Lauri Markkanen,
base,116,Gold Prizms,false,,Lauri Markkanen,
base,116,Gold Shimmer Prizms,false,,Lauri Markkanen,
base,116,Gold Wave Prizms,false,,Lauri Markkanen,
base,116,Green Ice Prizms,false,,Lauri Markkanen,
base,116,Green Prizms,false,,Lauri Markkanen,
base,116,Green Pulsar Prizms,false,,Lauri Markkanen,
base,116,Green Shimmer Prizms,false,,Lauri Markkanen,
base,116,Hyper Prizms,false,,Lauri Markkanen,
base,116,Lucky Envelopes Prizms,false,,Lauri Markkanen,
base,116,Mojo Prizms,false,,Lauri Markkanen,
base,116,Orange Ice Prizms,false,,Lauri Markkanen,
base,116,Orange Prizms,false,,Lauri Markkanen,
base,116,Orange Wave Prizms,false,,Lauri Markkanen,
base,116,Pink Ice Prizms,false,,Lauri Markkanen,
base,116,Pink Pulsar Prizms,false,,Lauri Markkanen,
base,116,Purple Ice Prizms,false,,Lauri Markkanen,
base,116,Purple Prizms,false,,Lauri Markkanen,
base,116,Purple Pulsar Prizms,false,,Lauri Markkanen,
base,116,Purple Wave Prizms,false,,Lauri Markkanen,
base,116,Red Ice Prizms,false,,Lauri Markkanen,
base,116,Red Prizms,false,,Lauri Markkanen,
base,116,"Red, White and Blue Prizms",false,,Lauri Markkanen,
base,116,Ruby Wave Prizms,false,,Lauri Markkanen,
base,116,Silver Prizms,false,,Lauri Markkanen,
base,116,White Sparkle Prizm,false,,Lauri Markkanen,
base,116,Fast Break Pink Prizms,false,,Lauri Markkanen,
base,116,Black Prizms,false,,Lauri Markkanen,
base,116,Black Shimmer Prizms,false,,Lauri Markkanen,
base,116,Blue Ice Prizms,false,,Lauri Markkanen,
base,116,Black Gold Prizms,false,,Lauri Markkanen,
base,48,Blue Prizms,false,,Kevin Porter Jr.,
base,48,Blue Shimmer Prizms,false,,Kevin Porter Jr.,
base,48,Blue Wave Prizms,false,,Kevin Porter Jr.,
base,48,Choice Blue Prizms,false,,Kevin Porter Jr.,
base,48,"Choice Blue, Yellow and Green Prizms",false,,Kevin Porter Jr.,
base,48,Choice Green Prizms,false,,Kevin Porter Jr.,
base,48,Choice Nebula Prizms,false,,Kevin Porter Jr.,
base,48,Choice Red Prizms,false,,Kevin Porter Jr.,
base,48,Choice Tiger Stripe Prizms,false,,Kevin Porter Jr.,
base,48,Fast Break Blue Prizms,false,,Kevin Porter Jr.,
base,48,Fast Break Bronze Prizms,false,,Kevin Porter Jr.,
base,48,Fast Break Neon Green Prizms,false,,Kevin Porter Jr.,
base,48,Fast Break Prizms,false,,Kevin Porter Jr.,
base,48,Fast Break Purple Prizms,false,,Kevin Porter Jr.,
base,48,Fast Break Red Prizms,false,,Kevin Porter Jr.,
base,48,Gold Prizms,false,,Kevin Porter Jr.,
base,48,Gold Shimmer Prizms,false,,Kevin Porter Jr.,
base,48,Gold Wave Prizms,false,,Kevin Porter Jr.,
base,48,Green Ice Prizms,false,,Kevin Porter Jr.,
base,48,Green Prizms,false,,Kevin Porter Jr.,
base,48,Green Pulsar Prizms,false,,Kevin Porter Jr.,
base,48,Green Shimmer Prizms,false,,Kevin Porter Jr.,
base,48,Hyper Prizms,false,,Kevin Porter Jr.,
base,48,Lucky Envelopes Prizms,false,,Kevin Porter Jr.,
base,48,Mojo Prizms,false,,Kevin Porter Jr.,
base,48,Orange Ice Prizms,false,,Kevin Porter Jr.,
base,48,Orange Prizms,false,,Kevin Porter Jr.,
base,48,Orange Wave Prizms,false,,Kevin Porter Jr.,
base,48,Pink Ice Prizms,false,,Kevin Porter Jr.,
base,48,Pink Pulsar Prizms,false,,Kevin Porter Jr.,
base,48,Purple Ice Prizms,false,,Kevin Porter Jr.,
base,48,Purple Prizms,false,,Kevin Porter Jr.,
base,48,Purple Pulsar Prizms,false,,Kevin Porter Jr.,
base,48,Purple Wave Prizms,false,,Kevin Porter Jr.,
base,48,Red Ice Prizms,false,,Kevin Porter Jr.,
base,48,Red Prizms,false,,Kevin Porter Jr.,
base,48,"Red, White and Blue Prizms",false,,Kevin Porter Jr.,
base,48,Ruby Wave Prizms,false,,Kevin Porter Jr.,
base,48,Silver Prizms,false,,Kevin Porter Jr.,
base,48,White Sparkle Prizm,false,,Kevin Porter Jr.,
base,48,Fast Break Pink Prizms,false,,Kevin Porter Jr.,
base,48,Black Prizms,false,,Kevin Porter Jr.,
base,48,Black Shimmer Prizms,false,,Kevin Porter Jr.,
base,48,Blue Ice Prizms,false,,Kevin Porter Jr.,
base,48,Black Gold Prizms,false,,Kevin Porter Jr.,
auto-fast-break-rookie-autographs,FR-IOK,Gold,true,10,Isaac Okoro,
auto-fast-break-rookie-autographs,FR-IOK,Black,true,1,Isaac Okoro,
insert-penmanship,PE-DYW,Prizms Orange Ice,false,,Dylan Windler,
insert-penmanship,PE-DYW,Prizms Silver,false,,Dylan Windler,
insert-penmanship,PE-DYW,Prizms Green Ice,false,16,Dylan Windler,
insert-penmanship,PE-LNJ,Prizms Orange Ice,false,,Larry Nance Jr.,
insert-penmanship,PE-LNJ,Prizms Silver,false,,Larry Nance Jr.,
insert-penmanship,PE-LNJ,Prizms Green Ice,false,16,Larry Nance Jr.,
insert-penmanship,PE-RID,Prizms Orange Ice,false,,Ricky Davis,
insert-penmanship,PE-RID,Prizms Silver,false,,Ricky Davis,
insert-penmanship,PE-RID,Prizms Green Ice,false,16,Ricky Davis,
insert-rookie-penmanship,RP-IOK,Prizms Orange Ice,false,,Isaac Okoro,
insert-rookie-penmanship,RP-IOK,Prizms Blue Wave,false,,Isaac Okoro,
insert-rookie-penmanship,RP-IOK,Prizms Silver,false,,Isaac Okoro,
insert-rookie-penmanship,RP-IOK,Prizms Gold Wave,false,,Isaac Okoro,
insert-rookie-penmanship,RP-IOK,Prizms Green Ice,false,16,Isaac Okoro,
base,89,Blue Prizms,false,,Tristan Thompson,
base,89,Blue Shimmer Prizms,false,,Tristan Thompson,
base,89,Blue Wave Prizms,false,,Tristan Thompson,
base,89,Choice Blue Prizms,false,,Tristan Thompson,
base,89,"Choice Blue, Yellow and Green Prizms",false,,Tristan Thompson,
base,89,Choice Green Prizms,false,,Tristan Thompson,
base,89,Choice Nebula Prizms,false,,Tristan Thompson,
base,89,Choice Red Prizms,false,,Tristan Thompson,
base,89,Choice Tiger Stripe Prizms,false,,Tristan Thompson,
base,89,Fast Break Blue Prizms,false,,Tristan Thompson,
base,89,Fast Break Bronze Prizms,false,,Tristan Thompson,
base,89,Fast Break Neon Green Prizms,false,,Tristan Thompson,
base,89,Fast Break Prizms,false,,Tristan Thompson,
base,89,Fast Break Purple Prizms,false,,Tristan Thompson,
base,89,Fast Break Red Prizms,false,,Tristan Thompson,
base,89,Gold Prizms,false,,Tristan Thompson,
base,89,Gold Shimmer Prizms,false,,Tristan Thompson,
base,89,Gold Wave Prizms,false,,Tristan Thompson,
base,89,Green Ice Prizms,false,,Tristan Thompson,
base,89,Green Prizms,false,,Tristan Thompson,
base,89,Green Pulsar Prizms,false,,Tristan Thompson,
base,89,Green Shimmer Prizms,false,,Tristan Thompson,
base,89,Hyper Prizms,false,,Tristan Thompson,
base,89,Lucky Envelopes Prizms,false,,Tristan Thompson,
base,89,Mojo Prizms,false,,Tristan Thompson,
base,89,Orange Ice Prizms,false,,Tristan Thompson,
base,89,Orange Prizms,false,,Tristan Thompson,
base,89,Orange Wave Prizms,false,,Tristan Thompson,
base,89,Pink Ice Prizms,false,,Tristan Thompson,
base,89,Pink Pulsar Prizms,false,,Tristan Thompson,
base,89,Purple Ice Prizms,false,,Tristan Thompson,
base,89,Purple Prizms,false,,Tristan Thompson,
base,89,Purple Pulsar Prizms,false,,Tristan Thompson,
base,89,Purple Wave Prizms,false,,Tristan Thompson,
base,89,Red Ice Prizms,false,,Tristan Thompson,
base,89,Red Prizms,false,,Tristan Thompson,
base,89,"Red, White and Blue Prizms",false,,Tristan Thompson,
base,89,Ruby Wave Prizms,false,,Tristan Thompson,
base,89,Silver Prizms,false,,Tristan Thompson,
base,89,White Sparkle Prizm,false,,Tristan Thompson,
base,89,Fast Break Pink Prizms,false,,Tristan Thompson,
base,89,Black Prizms,false,,Tristan Thompson,
base,89,Black Shimmer Prizms,false,,Tristan Thompson,
base,89,Blue Ice Prizms,false,,Tristan Thompson,
base,89,Black Gold Prizms,false,,Tristan Thompson,
auto-rookie-signatures,RS-IOK,Prizms Silver,true,,Isaac Okoro,
auto-rookie-signatures,RS-IOK,Prizms Choice,true,,Isaac Okoro,
auto-rookie-signatures,RS-IOK,Prizms Mojo,true,25,Isaac Okoro,
auto-rookie-signatures,RS-IOK,Prizms Gold,true,10,Isaac Okoro,
auto-rookie-signatures,RS-IOK,Prizms Choice Green,true,8,Isaac Okoro,
auto-rookie-signatures,RS-IOK,Prizms Black,true,1,Isaac Okoro,
auto-rookie-signatures,RS-IOK,Prizms White Sparkle,true,1,Isaac Okoro,
insert-sophomore-stars,4,Prizms Silver,false,,Darius Garland,
insert-sophomore-stars,4,Prizms Green,false,,Darius Garland,
base,226,Blue Prizms,false,,Darius Garland,
base,226,Blue Shimmer Prizms,false,,Darius Garland,
base,226,Blue Wave Prizms,false,,Darius Garland,
base,226,Choice Blue Prizms,false,,Darius Garland,
base,226,"Choice Blue, Yellow and Green Prizms",false,,Darius Garland,
base,226,Choice Green Prizms,false,,Darius Garland,
base,226,Choice Nebula Prizms,false,,Darius Garland,
base,226,Choice Red Prizms,false,,Darius Garland,
base,226,Choice Tiger Stripe Prizms,false,,Darius Garland,
base,226,Fast Break Blue Prizms,false,,Darius Garland,
base,226,Fast Break Bronze Prizms,false,,Darius Garland,
base,226,Fast Break Neon Green Prizms,false,,Darius Garland,
base,226,Fast Break Prizms,false,,Darius Garland,
base,226,Fast Break Purple Prizms,false,,Darius Garland,
base,226,Fast Break Red Prizms,false,,Darius Garland,
base,226,Gold Prizms,false,,Darius Garland,
base,226,Gold Shimmer Prizms,false,,Darius Garland,
base,226,Gold Wave Prizms,false,,Darius Garland,
base,226,Green Ice Prizms,false,,Darius Garland,
base,226,Green Prizms,false,,Darius Garland,
base,226,Green Pulsar Prizms,false,,Darius Garland,
base,226,Green Shimmer Prizms,false,,Darius Garland,
base,226,Hyper Prizms,false,,Darius Garland,
base,226,Lucky Envelopes Prizms,false,,Darius Garland,
base,226,Mojo Prizms,false,,Darius Garland,
base,226,Orange Ice Prizms,false,,Darius Garland,
base,226,Orange Prizms,false,,Darius Garland,
base,226,Orange Wave Prizms,false,,Darius Garland,
base,226,Pink Ice Prizms,false,,Darius Garland,
base,226,Pink Pulsar Prizms,false,,Darius Garland,
base,226,Purple Ice Prizms,false,,Darius Garland,
base,226,Purple Prizms,false,,Darius Garland,
base,226,Purple Pulsar Prizms,false,,Darius Garland,
base,226,Purple Wave Prizms,false,,Darius Garland,
base,226,Red Ice Prizms,false,,Darius Garland,
base,226,Red Prizms,false,,Darius Garland,
base,226,"Red, White and Blue Prizms",false,,Darius Garland,
base,226,Ruby Wave Prizms,false,,Darius Garland,
base,226,Silver Prizms,false,,Darius Garland,
base,226,White Sparkle Prizm,false,,Darius Garland,
base,226,Fast Break Pink Prizms,false,,Darius Garland,
base,226,Black Prizms,false,,Darius Garland,
base,226,Black Shimmer Prizms,false,,Darius Garland,
base,226,Blue Ice Prizms,false,,Darius Garland,
base,226,Black Gold Prizms,false,,Darius Garland,
auto-fast-break-autographs,FBA-AVJ,Gold,true,10,Anderson Varejao,
auto-fast-break-autographs,FBA-AVJ,Black,true,1,Anderson Varejao,
auto-sensational-signatures,SS-AVA,Prizms Silver,true,,Anderson Varejao,
auto-sensational-signatures,SS-AVA,Prizms Choice,true,,Anderson Varejao,
auto-sensational-signatures,SS-AVA,Prizms Mojo,true,25,Anderson Varejao,
auto-sensational-signatures,SS-AVA,Prizms Gold,true,10,Anderson Varejao,
auto-sensational-signatures,SS-AVA,Prizms Choice Green,true,8,Anderson Varejao,
auto-sensational-signatures,SS-AVA,Prizms Black,true,1,Anderson Varejao,
auto-sensational-signatures,SS-IOK,Prizms Silver,true,,Isaac Okoro,
auto-sensational-signatures,SS-IOK,Prizms Choice,true,,Isaac Okoro,
auto-sensational-signatures,SS-IOK,Prizms Mojo,true,25,Isaac Okoro,
auto-sensational-signatures,SS-IOK,Prizms Gold,true,10,Isaac Okoro,
auto-sensational-signatures,SS-IOK,Prizms Choice Green,true,8,Isaac Okoro,
auto-sensational-signatures,SS-IOK,Prizms Black,true,1,Isaac Okoro,
base,57,Blue Prizms,false,,Matthew Dellavedova,
base,57,Blue Shimmer Prizms,false,,Matthew Dellavedova,
base,57,Blue Wave Prizms,false,,Matthew Dellavedova,
base,57,Choice Blue Prizms,false,,Matthew Dellavedova,
base,57,"Choice Blue, Yellow and Green Prizms",false,,Matthew Dellavedova,
base,57,Choice Green Prizms,false,,Matthew Dellavedova,
base,57,Choice Nebula Prizms,false,,Matthew Dellavedova,
base,57,Choice Red Prizms,false,,Matthew Dellavedova,
base,57,Choice Tiger Stripe Prizms,false,,Matthew Dellavedova,
base,57,Fast Break Blue Prizms,false,,Matthew Dellavedova,
base,57,Fast Break Bronze Prizms,false,,Matthew Dellavedova,
base,57,Fast Break Neon Green Prizms,false,,Matthew Dellavedova,
base,57,Fast Break Prizms,false,,Matthew Dellavedova,
base,57,Fast Break Purple Prizms,false,,Matthew Dellavedova,
base,57,Fast Break Red Prizms,false,,Matthew Dellavedova,
base,57,Gold Prizms,false,,Matthew Dellavedova,
base,57,Gold Shimmer Prizms,false,,Matthew Dellavedova,
base,57,Gold Wave Prizms,false,,Matthew Dellavedova,
base,57,Green Ice Prizms,false,,Matthew Dellavedova,
base,57,Green Prizms,false,,Matthew Dellavedova,
base,57,Green Pulsar Prizms,false,,Matthew Dellavedova,
base,57,Green Shimmer Prizms,false,,Matthew Dellavedova,
base,57,Hyper Prizms,false,,Matthew Dellavedova,
base,57,Lucky Envelopes Prizms,false,,Matthew Dellavedova,
base,57,Mojo Prizms,false,,Matthew Dellavedova,
base,57,Orange Ice Prizms,false,,Matthew Dellavedova,
base,57,Orange Prizms,false,,Matthew Dellavedova,
base,57,Orange Wave Prizms,false,,Matthew Dellavedova,
base,57,Pink Ice Prizms,false,,Matthew Dellavedova,
base,57,Pink Pulsar Prizms,false,,Matthew Dellavedova,
base,57,Purple Ice Prizms,false,,Matthew Dellavedova,
base,57,Purple Prizms,false,,Matthew Dellavedova,
base,57,Purple Pulsar Prizms,false,,Matthew Dellavedova,
base,57,Purple Wave Prizms,false,,Matthew Dellavedova,
base,57,Red Ice Prizms,false,,Matthew Dellavedova,
base,57,Red Prizms,false,,Matthew Dellavedova,
base,57,"Red, White and Blue Prizms",false,,Matthew Dellavedova,
base,57,Ruby Wave Prizms,false,,Matthew Dellavedova,
base,57,Silver Prizms,false,,Matthew Dellavedova,
base,57,White Sparkle Prizm,false,,Matthew Dellavedova,
base,57,Fast Break Pink Prizms,false,,Matthew Dellavedova,
base,57,Black Prizms,false,,Matthew Dellavedova,
base,57,Black Shimmer Prizms,false,,Matthew Dellavedova,
base,57,Blue Ice Prizms,false,,Matthew Dellavedova,
base,57,Black Gold Prizms,false,,Matthew Dellavedova,
insert-emergent,15,Prizms Green,false,,Isaac Okoro,
insert-emergent,15,Prizms Silver,false,,Isaac Okoro,
base,225,Blue Prizms,false,,Collin Sexton,
base,225,Blue Shimmer Prizms,false,,Collin Sexton,
base,225,Blue Wave Prizms,false,,Collin Sexton,
base,225,Choice Blue Prizms,false,,Collin Sexton,
base,225,"Choice Blue, Yellow and Green Prizms",false,,Collin Sexton,
base,225,Choice Green Prizms,false,,Collin Sexton,
base,225,Choice Nebula Prizms,false,,Collin Sexton,
base,225,Choice Red Prizms,false,,Collin Sexton,
base,225,Choice Tiger Stripe Prizms,false,,Collin Sexton,
base,225,Fast Break Blue Prizms,false,,Collin Sexton,
base,225,Fast Break Bronze Prizms,false,,Collin Sexton,
base,225,Fast Break Neon Green Prizms,false,,Collin Sexton,
base,225,Fast Break Prizms,false,,Collin Sexton,
base,225,Fast Break Purple Prizms,false,,Collin Sexton,
base,225,Fast Break Red Prizms,false,,Collin Sexton,
base,225,Gold Prizms,false,,Collin Sexton,
base,225,Gold Shimmer Prizms,false,,Collin Sexton,
base,225,Gold Wave Prizms,false,,Collin Sexton,
base,225,Green Ice Prizms,false,,Collin Sexton,
base,225,Green Prizms,false,,Collin Sexton,
base,225,Green Pulsar Prizms,false,,Collin Sexton,
base,225,Green Shimmer Prizms,false,,Collin Sexton,
base,225,Hyper Prizms,false,,Collin Sexton,
base,225,Lucky Envelopes Prizms,false,,Collin Sexton,
base,225,Mojo Prizms,false,,Collin Sexton,
base,225,Orange Ice Prizms,false,,Collin Sexton,
base,225,Orange Prizms,false,,Collin Sexton,
base,225,Orange Wave Prizms,false,,Collin Sexton,
base,225,Pink Ice Prizms,false,,Collin Sexton,
base,225,Pink Pulsar Prizms,false,,Collin Sexton,
base,225,Purple Ice Prizms,false,,Collin Sexton,
base,225,Purple Prizms,false,,Collin Sexton,
base,225,Purple Pulsar Prizms,false,,Collin Sexton,
base,225,Purple Wave Prizms,false,,Collin Sexton,
base,225,Red Ice Prizms,false,,Collin Sexton,
base,225,Red Prizms,false,,Collin Sexton,
base,225,"Red, White and Blue Prizms",false,,Collin Sexton,
base,225,Ruby Wave Prizms,false,,Collin Sexton,
base,225,Silver Prizms,false,,Collin Sexton,
base,225,White Sparkle Prizm,false,,Collin Sexton,
base,225,Fast Break Pink Prizms,false,,Collin Sexton,
base,225,Black Prizms,false,,Collin Sexton,
base,225,Black Shimmer Prizms,false,,Collin Sexton,
base,225,Blue Ice Prizms,false,,Collin Sexton,
base,225,Black Gold Prizms,false,,Collin Sexton,
insert-sensational-swatches,SSW-ADR,Prizms Orange Ice,false,,Andre Drummond,
insert-sensational-swatches,SSW-ADR,Prizms Green Ice,false,56,Andre Drummond,
insert-sensational-swatches,SSW-ADR,Prime,false,10,Andre Drummond,
insert-sensational-swatches,SSW-CSX,Prizms Orange Ice,false,,Collin Sexton,
insert-sensational-swatches,SSW-CSX,Prizms Green Ice,false,56,Collin Sexton,
insert-sensational-swatches,SSW-CSX,Prime,false,10,Collin Sexton,
insert-sensational-swatches,SSW-KLV,Prizms Orange Ice,false,,Kevin Love,
insert-sensational-swatches,SSW-KLV,Prizms Green Ice,false,56,Kevin Love,
insert-sensational-swatches,SSW-KLV,Prime,false,10,Kevin Love,
insert-sensational-swatches,SSW-MDV,Prizms Orange Ice,false,,Matthew Dellavedova,
insert-sensational-swatches,SSW-MDV,Prizms Green Ice,false,56,Matthew Dellavedova,
insert-sensational-swatches,SSW-MDV,Prime,false,10,Matthew Dellavedova,
insert-sensational-swatches,SSW-TTH,Prizms Orange Ice,false,,Tristan Thompson,
insert-sensational-swatches,SSW-TTH,Prizms Green Ice,false,56,Tristan Thompson,
insert-sensational-swatches,SSW-TTH,Prime,false,10,Tristan Thompson,
base,222,Blue Prizms,false,,Andre Drummond,
base,222,Blue Shimmer Prizms,false,,Andre Drummond,
base,222,Blue Wave Prizms,false,,Andre Drummond,
base,222,Choice Blue Prizms,false,,Andre Drummond,
base,222,"Choice Blue, Yellow and Green Prizms",false,,Andre Drummond,
base,222,Choice Green Prizms,false,,Andre Drummond,
base,222,Choice Nebula Prizms,false,,Andre Drummond,
base,222,Choice Red Prizms,false,,Andre Drummond,
base,222,Choice Tiger Stripe Prizms,false,,Andre Drummond,
base,222,Fast Break Blue Prizms,false,,Andre Drummond,
base,222,Fast Break Bronze Prizms,false,,Andre Drummond,
base,222,Fast Break Neon Green Prizms,false,,Andre Drummond,
base,222,Fast Break Prizms,false,,Andre Drummond,
base,222,Fast Break Purple Prizms,false,,Andre Drummond,
base,222,Fast Break Red Prizms,false,,Andre Drummond,
base,222,Gold Prizms,false,,Andre Drummond,
base,222,Gold Shimmer Prizms,false,,Andre Drummond,
base,222,Gold Wave Prizms,false,,Andre Drummond,
base,222,Green Ice Prizms,false,,Andre Drummond,
base,222,Green Prizms,false,,Andre Drummond,
base,222,Green Pulsar Prizms,false,,Andre Drummond,
base,222,Green Shimmer Prizms,false,,Andre Drummond,
base,222,Hyper Prizms,false,,Andre Drummond,
base,222,Lucky Envelopes Prizms,false,,Andre Drummond,
base,222,Mojo Prizms,false,,Andre Drummond,
base,222,Orange Ice Prizms,false,,Andre Drummond,
base,222,Orange Prizms,false,,Andre Drummond,
base,222,Orange Wave Prizms,false,,Andre Drummond,
base,222,Pink Ice Prizms,false,,Andre Drummond,
base,222,Pink Pulsar Prizms,false,,Andre Drummond,
base,222,Purple Ice Prizms,false,,Andre Drummond,
base,222,Purple Prizms,false,,Andre Drummond,
base,222,Purple Pulsar Prizms,false,,Andre Drummond,
base,222,Purple Wave Prizms,false,,Andre Drummond,
base,222,Red Ice Prizms,false,,Andre Drummond,
base,222,Red Prizms,false,,Andre Drummond,
base,222,"Red, White and Blue Prizms",false,,Andre Drummond,
base,222,Ruby Wave Prizms,false,,Andre Drummond,
base,222,Silver Prizms,false,,Andre Drummond,
base,222,White Sparkle Prizm,false,,Andre Drummond,
base,222,Fast Break Pink Prizms,false,,Andre Drummond,
base,222,Black Prizms,false,,Andre Drummond,
base,222,Black Shimmer Prizms,false,,Andre Drummond,
base,222,Blue Ice Prizms,false,,Andre Drummond,
base,222,Black Gold Prizms,false,,Andre Drummond,
base,298b,Blue Prizms,false,,Isaac Okoro,
base,298b,Blue Shimmer Prizms,false,,Isaac Okoro,
base,298b,Blue Wave Prizms,false,,Isaac Okoro,
base,298b,Choice Blue Prizms,false,,Isaac Okoro,
base,298b,"Choice Blue, Yellow and Green Prizms",false,,Isaac Okoro,
base,298b,Choice Green Prizms,false,,Isaac Okoro,
base,298b,Choice Nebula Prizms,false,,Isaac Okoro,
base,298b,Choice Red Prizms,false,,Isaac Okoro,
base,298b,Choice Tiger Stripe Prizms,false,,Isaac Okoro,
base,298b,Fast Break Blue Prizms,false,,Isaac Okoro,
base,298b,Fast Break Bronze Prizms,false,,Isaac Okoro,
base,298b,Fast Break Neon Green Prizms,false,,Isaac Okoro,
base,298b,Fast Break Prizms,false,,Isaac Okoro,
base,298b,Fast Break Purple Prizms,false,,Isaac Okoro,
base,298b,Fast Break Red Prizms,false,,Isaac Okoro,
base,298b,Gold Prizms,false,,Isaac Okoro,
base,298b,Gold Shimmer Prizms,false,,Isaac Okoro,
base,298b,Gold Wave Prizms,false,,Isaac Okoro,
base,298b,Green Ice Prizms,false,,Isaac Okoro,
base,298b,Green Prizms,false,,Isaac Okoro,
base,298b,Green Pulsar Prizms,false,,Isaac Okoro,
base,298b,Green Shimmer Prizms,false,,Isaac Okoro,
base,298b,Hyper Prizms,false,,Isaac Okoro,
base,298b,Lucky Envelopes Prizms,false,,Isaac Okoro,
base,298b,Mojo Prizms,false,,Isaac Okoro,
base,298b,Orange Ice Prizms,false,,Isaac Okoro,
base,298b,Orange Prizms,false,,Isaac Okoro,
base,298b,Orange Wave Prizms,false,,Isaac Okoro,
base,298b,Pink Ice Prizms,false,,Isaac Okoro,
base,298b,Pink Pulsar Prizms,false,,Isaac Okoro,
base,298b,Purple Ice Prizms,false,,Isaac Okoro,
base,298b,Purple Prizms,false,,Isaac Okoro,
base,298b,Purple Pulsar Prizms,false,,Isaac Okoro,
base,298b,Purple Wave Prizms,false,,Isaac Okoro,
base,298b,Red Ice Prizms,false,,Isaac Okoro,
base,298b,Red Prizms,false,,Isaac Okoro,
base,298b,"Red, White and Blue Prizms",false,,Isaac Okoro,
base,298b,Ruby Wave Prizms,false,,Isaac Okoro,
base,298b,Silver Prizms,false,,Isaac Okoro,
base,298b,White Sparkle Prizm,false,,Isaac Okoro,
base,298b,Fast Break Pink Prizms,false,,Isaac Okoro,
base,298b,Black Prizms,false,,Isaac Okoro,
base,298b,Black Shimmer Prizms,false,,Isaac Okoro,
base,298b,Blue Ice Prizms,false,,Isaac Okoro,
base,298b,Black Gold Prizms,false,,Isaac Okoro,
base,191,Blue Prizms,false,,Larry Nance Jr.,
base,191,Blue Shimmer Prizms,false,,Larry Nance Jr.,
base,191,Blue Wave Prizms,false,,Larry Nance Jr.,
base,191,Choice Blue Prizms,false,,Larry Nance Jr.,
base,191,"Choice Blue, Yellow and Green Prizms",false,,Larry Nance Jr.,
base,191,Choice Green Prizms,false,,Larry Nance Jr.,
base,191,Choice Nebula Prizms,false,,Larry Nance Jr.,
base,191,Choice Red Prizms,false,,Larry Nance Jr.,
base,191,Choice Tiger Stripe Prizms,false,,Larry Nance Jr.,
base,191,Fast Break Blue Prizms,false,,Larry Nance Jr.,
base,191,Fast Break Bronze Prizms,false,,Larry Nance Jr.,
base,191,Fast Break Neon Green Prizms,false,,Larry Nance Jr.,
base,191,Fast Break Prizms,false,,Larry Nance Jr.,
base,191,Fast Break Purple Prizms,false,,Larry Nance Jr.,
base,191,Fast Break Red Prizms,false,,Larry Nance Jr.,
base,191,Gold Prizms,false,,Larry Nance Jr.,
base,191,Gold Shimmer Prizms,false,,Larry Nance Jr.,
base,191,Gold Wave Prizms,false,,Larry Nance Jr.,
base,191,Green Ice Prizms,false,,Larry Nance Jr.,
base,191,Green Prizms,false,,Larry Nance Jr.,
base,191,Green Pulsar Prizms,false,,Larry Nance Jr.,
base,191,Green Shimmer Prizms,false,,Larry Nance Jr.,
base,191,Hyper Prizms,false,,Larry Nance Jr.,
base,191,Lucky Envelopes Prizms,false,,Larry Nance Jr.,
base,191,Mojo Prizms,false,,Larry Nance Jr.,
base,191,Orange Ice Prizms,false,,Larry Nance Jr.,
base,191,Orange Prizms,false,,Larry Nance Jr.,
base,191,Orange Wave Prizms,false,,Larry Nance Jr.,
base,191,Pink Ice Prizms,false,,Larry Nance Jr.,
base,191,Pink Pulsar Prizms,false,,Larry Nance Jr.,
base,191,Purple Ice Prizms,false,,Larry Nance Jr.,
base,191,Purple Prizms,false,,Larry Nance Jr.,
base,191,Purple Pulsar Prizms,false,,Larry Nance Jr.,
base,191,Purple Wave Prizms,false,,Larry Nance Jr.,
base,191,Red Ice Prizms,false,,Larry Nance Jr.,
base,191,Red Prizms,false,,Larry Nance Jr.,
base,191,"Red, White and Blue Prizms",false,,Larry Nance Jr.,
base,191,Ruby Wave Prizms,false,,Larry Nance Jr.,
base,191,Silver Prizms,false,,Larry Nance Jr.,
base,191,White Sparkle Prizm,false,,Larry Nance Jr.,
base,191,Fast Break Pink Prizms,false,,Larry Nance Jr.,
base,191,Black Prizms,false,,Larry Nance Jr.,
base,191,Black Shimmer Prizms,false,,Larry Nance Jr.,
base,191,Blue Ice Prizms,false,,Larry Nance Jr.,
base,191,Black Gold Prizms,false,,Larry Nance Jr.,
base,298,Blue Prizms,false,,Isaac Okoro,
base,298,Blue Shimmer Prizms,false,,Isaac Okoro,
base,298,Blue Wave Prizms,false,,Isaac Okoro,
base,298,Choice Blue Prizms,false,,Isaac Okoro,
base,298,"Choice Blue, Yellow and Green Prizms",false,,Isaac Okoro,
base,298,Choice Green Prizms,false,,Isaac Okoro,
base,298,Choice Nebula Prizms,false,,Isaac Okoro,
base,298,Choice Red Prizms,false,,Isaac Okoro,
base,298,Choice Tiger Stripe Prizms,false,,Isaac Okoro,
base,298,Fast Break Blue Prizms,false,,Isaac Okoro,
base,298,Fast Break Bronze Prizms,false,,Isaac Okoro,
base,298,Fast Break Neon Green Prizms,false,,Isaac Okoro,
base,298,Fast Break Prizms,false,,Isaac Okoro,
base,298,Fast Break Purple Prizms,false,,Isaac Okoro,
base,298,Fast Break Red Prizms,false,,Isaac Okoro,
base,298,Gold Prizms,false,,Isaac Okoro,
base,298,Gold Shimmer Prizms,false,,Isaac Okoro,
base,298,Gold Wave Prizms,false,,Isaac Okoro,
base,298,Green Ice Prizms,false,,Isaac Okoro,
base,298,Green Prizms,false,,Isaac Okoro,
base,298,Green Pulsar Prizms,false,,Isaac Okoro,
base,298,Green Shimmer Prizms,false,,Isaac Okoro,
base,298,Hyper Prizms,false,,Isaac Okoro,
base,298,Lucky Envelopes Prizms,false,,Isaac Okoro,
base,298,Mojo Prizms,false,,Isaac Okoro,
base,298,Orange Ice Prizms,false,,Isaac Okoro,
base,298,Orange Prizms,false,,Isaac Okoro,
base,298,Orange Wave Prizms,false,,Isaac Okoro,
base,298,Pink Ice Prizms,false,,Isaac Okoro,
base,298,Pink Pulsar Prizms,false,,Isaac Okoro,
base,298,Purple Ice Prizms,false,,Isaac Okoro,
base,298,Purple Prizms,false,,Isaac Okoro,
base,298,Purple Pulsar Prizms,false,,Isaac Okoro,
base,298,Purple Wave Prizms,false,,Isaac Okoro,
base,298,Red Ice Prizms,false,,Isaac Okoro,
base,298,Red Prizms,false,,Isaac Okoro,
base,298,"Red, White and Blue Prizms",false,,Isaac Okoro,
base,298,Ruby Wave Prizms,false,,Isaac Okoro,
base,298,Silver Prizms,false,,Isaac Okoro,
base,298,White Sparkle Prizm,false,,Isaac Okoro,
base,298,Fast Break Pink Prizms,false,,Isaac Okoro,
base,298,Black Prizms,false,,Isaac Okoro,
base,298,Black Shimmer Prizms,false,,Isaac Okoro,
base,298,Blue Ice Prizms,false,,Isaac Okoro,
base,298,Black Gold Prizms,false,,Isaac Okoro,
base,242,Blue Prizms,false,,Kevin Love,
base,242,Blue Shimmer Prizms,false,,Kevin Love,
base,242,Blue Wave Prizms,false,,Kevin Love,
base,242,Choice Blue Prizms,false,,Kevin Love,
base,242,"Choice Blue, Yellow and Green Prizms",false,,Kevin Love,
base,242,Choice Green Prizms,false,,Kevin Love,
base,242,Choice Nebula Prizms,false,,Kevin Love,
base,242,Choice Red Prizms,false,,Kevin Love,
base,242,Choice Tiger Stripe Prizms,false,,Kevin Love,
base,242,Fast Break Blue Prizms,false,,Kevin Love,
base,242,Fast Break Bronze Prizms,false,,Kevin Love,
base,242,Fast Break Neon Green Prizms,false,,Kevin Love,
base,242,Fast Break Prizms,false,,Kevin Love,
base,242,Fast Break Purple Prizms,false,,Kevin Love,
base,242,Fast Break Red Prizms,false,,Kevin Love,
base,242,Gold Prizms,false,,Kevin Love,
base,242,Gold Shimmer Prizms,false,,Kevin Love,
base,242,Gold Wave Prizms,false,,Kevin Love,
base,242,Green Ice Prizms,false,,Kevin Love,
base,242,Green Prizms,false,,Kevin Love,
base,242,Green Pulsar Prizms,false,,Kevin Love,
base,242,Green Shimmer Prizms,false,,Kevin Love,
base,242,Hyper Prizms,false,,Kevin Love,
base,242,Lucky Envelopes Prizms,false,,Kevin Love,
base,242,Mojo Prizms,false,,Kevin Love,
base,242,Orange Ice Prizms,false,,Kevin Love,
base,242,Orange Prizms,false,,Kevin Love,
base,242,Orange Wave Prizms,false,,Kevin Love,
base,242,Pink Ice Prizms,false,,Kevin Love,
base,242,Pink Pulsar Prizms,false,,Kevin Love,
base,242,Purple Ice Prizms,false,,Kevin Love,
base,242,Purple Prizms,false,,Kevin Love,
base,242,Purple Pulsar Prizms,false,,Kevin Love,
base,242,Purple Wave Prizms,false,,Kevin Love,
base,242,Red Ice Prizms,false,,Kevin Love,
base,242,Red Prizms,false,,Kevin Love,
base,242,"Red, White and Blue Prizms",false,,Kevin Love,
base,242,Ruby Wave Prizms,false,,Kevin Love,
base,242,Silver Prizms,false,,Kevin Love,
base,242,White Sparkle Prizm,false,,Kevin Love,
base,242,Fast Break Pink Prizms,false,,Kevin Love,
base,242,Black Prizms,false,,Kevin Love,
base,242,Black Shimmer Prizms,false,,Kevin Love,
base,242,Blue Ice Prizms,false,,Kevin Love,
base,242,Black Gold Prizms,false,,Kevin Love,
insert-instant-impact,13,Prizms Green,false,,Isaac Okoro,
insert-instant-impact,13,Prizms Silver,false,,Isaac Okoro,
insert-penmanship,PE-CED,Prizms Orange Ice,false,,Cedi Osman,
insert-penmanship,PE-CED,Prizms Silver,false,,Cedi Osman,
insert-penmanship,PE-CED,Prizms Green Ice,false,16,Cedi Osman,
base,251,Blue Prizms,false,,Tyler Bey,
base,251,Blue Shimmer Prizms,false,,Tyler Bey,
base,251,Blue Wave Prizms,false,,Tyler Bey,
base,251,Choice Blue Prizms,false,,Tyler Bey,
base,251,"Choice Blue, Yellow and Green Prizms",false,,Tyler Bey,
base,251,Choice Green Prizms,false,,Tyler Bey,
base,251,Choice Nebula Prizms,false,,Tyler Bey,
base,251,Choice Red Prizms,false,,Tyler Bey,
base,251,Choice Tiger Stripe Prizms,false,,Tyler Bey,
base,251,Fast Break Blue Prizms,false,,Tyler Bey,
base,251,Fast Break Bronze Prizms,false,,Tyler Bey,
base,251,Fast Break Neon Green Prizms,false,,Tyler Bey,
base,251,Fast Break Prizms,false,,Tyler Bey,
base,251,Fast Break Purple Prizms,false,,Tyler Bey,
base,251,Fast Break Red Prizms,false,,Tyler Bey,
base,251,Gold Prizms,false,,Tyler Bey,
base,251,Gold Shimmer Prizms,false,,Tyler Bey,
base,251,Gold Wave Prizms,false,,Tyler Bey,
base,251,Green Ice Prizms,false,,Tyler Bey,
base,251,Green Prizms,false,,Tyler Bey,
base,251,Green Pulsar Prizms,false,,Tyler Bey,
base,251,Green Shimmer Prizms,false,,Tyler Bey,
base,251,Hyper Prizms,false,,Tyler Bey,
base,251,Lucky Envelopes Prizms,false,,Tyler Bey,
base,251,Mojo Prizms,false,,Tyler Bey,
base,251,Orange Ice Prizms,false,,Tyler Bey,
base,251,Orange Prizms,false,,Tyler Bey,
base,251,Orange Wave Prizms,false,,Tyler Bey,
base,251,Pink Ice Prizms,false,,Tyler Bey,
base,251,Pink Pulsar Prizms,false,,Tyler Bey,
base,251,Purple Ice Prizms,false,,Tyler Bey,
base,251,Purple Prizms,false,,Tyler Bey,
base,251,Purple Pulsar Prizms,false,,Tyler Bey,
base,251,Purple Wave Prizms,false,,Tyler Bey,
base,251,Red Ice Prizms,false,,Tyler Bey,
base,251,Red Prizms,false,,Tyler Bey,
base,251,"Red, White and Blue Prizms",false,,Tyler Bey,
base,251,Ruby Wave Prizms,false,,Tyler Bey,
base,251,Silver Prizms,false,,Tyler Bey,
base,251,White Sparkle Prizm,false,,Tyler Bey,
base,251,Fast Break Pink Prizms,false,,Tyler Bey,
base,251,Black Prizms,false,,Tyler Bey,
base,251,Black Shimmer Prizms,false,,Tyler Bey,
base,251,Blue Ice Prizms,false,,Tyler Bey,
base,251,Black Gold Prizms,false,,Tyler Bey,
base,18,Blue Prizms,false,,Kristaps Porzingis,
base,18,Blue Shimmer Prizms,false,,Kristaps Porzingis,
base,18,Blue Wave Prizms,false,,Kristaps Porzingis,
base,18,Choice Blue Prizms,false,,Kristaps Porzingis,
base,18,"Choice Blue, Yellow and Green Prizms",false,,Kristaps Porzingis,
base,18,Choice Green Prizms,false,,Kristaps Porzingis,
base,18,Choice Nebula Prizms,false,,Kristaps Porzingis,
base,18,Choice Red Prizms,false,,Kristaps Porzingis,
base,18,Choice Tiger Stripe Prizms,false,,Kristaps Porzingis,
base,18,Fast Break Blue Prizms,false,,Kristaps Porzingis,
base,18,Fast Break Bronze Prizms,false,,Kristaps Porzingis,
base,18,Fast Break Neon Green Prizms,false,,Kristaps Porzingis,
base,18,Fast Break Prizms,false,,Kristaps Porzingis,
base,18,Fast Break Purple Prizms,false,,Kristaps Porzingis,
base,18,Fast Break Red Prizms,false,,Kristaps Porzingis,
base,18,Gold Prizms,false,,Kristaps Porzingis,
base,18,Gold Shimmer Prizms,false,,Kristaps Porzingis,
base,18,Gold Wave Prizms,false,,Kristaps Porzingis,
base,18,Green Ice Prizms,false,,Kristaps Porzingis,
base,18,Green Prizms,false,,Kristaps Porzingis,
base,18,Green Pulsar Prizms,false,,Kristaps Porzingis,
base,18,Green Shimmer Prizms,false,,Kristaps Porzingis,
base,18,Hyper Prizms,false,,Kristaps Porzingis,
base,18,Lucky Envelopes Prizms,false,,Kristaps Porzingis,
base,18,Mojo Prizms,false,,Kristaps Porzingis,
base,18,Orange Ice Prizms,false,,Kristaps Porzingis,
base,18,Orange Prizms,false,,Kristaps Porzingis,
base,18,Orange Wave Prizms,false,,Kristaps Porzingis,
base,18,Pink Ice Prizms,false,,Kristaps Porzingis,
base,18,Pink Pulsar Prizms,false,,Kristaps Porzingis,
base,18,Purple Ice Prizms,false,,Kristaps Porzingis,
base,18,Purple Prizms,false,,Kristaps Porzingis,
base,18,Purple Pulsar Prizms,false,,Kristaps Porzingis,
base,18,Purple Wave Prizms,false,,Kristaps Porzingis,
base,18,Red Ice Prizms,false,,Kristaps Porzingis,
base,18,Red Prizms,false,,Kristaps Porzingis,
base,18,"Red, White and Blue Prizms",false,,Kristaps Porzingis,
base,18,Ruby Wave Prizms,false,,Kristaps Porzingis,
base,18,Silver Prizms,false,,Kristaps Porzingis,
base,18,White Sparkle Prizm,false,,Kristaps Porzingis,
base,18,Fast Break Pink Prizms,false,,Kristaps Porzingis,
base,18,Black Prizms,false,,Kristaps Porzingis,
base,18,Black Shimmer Prizms,false,,Kristaps Porzingis,
base,18,Blue Ice Prizms,false,,Kristaps Porzingis,
base,18,Black Gold Prizms,false,,Kristaps Porzingis,
base,32,Blue Prizms,false,,Luka Doncic,
base,32,Blue Shimmer Prizms,false,,Luka Doncic,
base,32,Blue Wave Prizms,false,,Luka Doncic,
base,32,Choice Blue Prizms,false,,Luka Doncic,
base,32,"Choice Blue, Yellow and Green Prizms",false,,Luka Doncic,
base,32,Choice Green Prizms,false,,Luka Doncic,
base,32,Choice Nebula Prizms,false,,Luka Doncic,
base,32,Choice Red Prizms,false,,Luka Doncic,
base,32,Choice Tiger Stripe Prizms,false,,Luka Doncic,
base,32,Fast Break Blue Prizms,false,,Luka Doncic,
base,32,Fast Break Bronze Prizms,false,,Luka Doncic,
base,32,Fast Break Neon Green Prizms,false,,Luka Doncic,
base,32,Fast Break Prizms,false,,Luka Doncic,
base,32,Fast Break Purple Prizms,false,,Luka Doncic,
base,32,Fast Break Red Prizms,false,,Luka Doncic,
base,32,Gold Prizms,false,,Luka Doncic,
base,32,Gold Shimmer Prizms,false,,Luka Doncic,
base,32,Gold Wave Prizms,false,,Luka Doncic,
base,32,Green Ice Prizms,false,,Luka Doncic,
base,32,Green Prizms,false,,Luka Doncic,
base,32,Green Pulsar Prizms,false,,Luka Doncic,
base,32,Green Shimmer Prizms,false,,Luka Doncic,
base,32,Hyper Prizms,false,,Luka Doncic,
base,32,Lucky Envelopes Prizms,false,,Luka Doncic,
base,32,Mojo Prizms,false,,Luka Doncic,
base,32,Orange Ice Prizms,false,,Luka Doncic,
base,32,Orange Prizms,false,,Luka Doncic,
base,32,Orange Wave Prizms,false,,Luka Doncic,
base,32,Pink Ice Prizms,false,,Luka Doncic,
base,32,Pink Pulsar Prizms,false,,Luka Doncic,
base,32,Purple Ice Prizms,false,,Luka Doncic,
base,32,Purple Prizms,false,,Luka Doncic,
base,32,Purple Pulsar Prizms,false,,Luka Doncic,
base,32,Purple Wave Prizms,false,,Luka Doncic,
base,32,Red Ice Prizms,false,,Luka Doncic,
base,32,Red Prizms,false,,Luka Doncic,
base,32,"Red, White and Blue Prizms",false,,Luka Doncic,
base,32,Ruby Wave Prizms,false,,Luka Doncic,
base,32,Silver Prizms,false,,Luka Doncic,
base,32,White Sparkle Prizm,false,,Luka Doncic,
base,32,Fast Break Pink Prizms,false,,Luka Doncic,
base,32,Black Prizms,false,,Luka Doncic,
base,32,Black Shimmer Prizms,false,,Luka Doncic,
base,32,Blue Ice Prizms,false,,Luka Doncic,
base,32,Black Gold Prizms,false,,Luka Doncic,
base,52,Blue Prizms,false,,Tim Hardaway Jr.,
base,52,Blue Shimmer Prizms,false,,Tim Hardaway Jr.,
base,52,Blue Wave Prizms,false,,Tim Hardaway Jr.,
base,52,Choice Blue Prizms,false,,Tim Hardaway Jr.,
base,52,"Choice Blue, Yellow and Green Prizms",false,,Tim Hardaway Jr.,
base,52,Choice Green Prizms,false,,Tim Hardaway Jr.,
base,52,Choice Nebula Prizms,false,,Tim Hardaway Jr.,
base,52,Choice Red Prizms,false,,Tim Hardaway Jr.,
base,52,Choice Tiger Stripe Prizms,false,,Tim Hardaway Jr.,
base,52,Fast Break Blue Prizms,false,,Tim Hardaway Jr.,
base,52,Fast Break Bronze Prizms,false,,Tim Hardaway Jr.,
base,52,Fast Break Neon Green Prizms,false,,Tim Hardaway Jr.,
base,52,Fast Break Prizms,false,,Tim Hardaway Jr.,
base,52,Fast Break Purple Prizms,false,,Tim Hardaway Jr.,
base,52,Fast Break Red Prizms,false,,Tim Hardaway Jr.,
base,52,Gold Prizms,false,,Tim Hardaway Jr.,
base,52,Gold Shimmer Prizms,false,,Tim Hardaway Jr.,
base,52,Gold Wave Prizms,false,,Tim Hardaway Jr.,
base,52,Green Ice Prizms,false,,Tim Hardaway Jr.,
base,52,Green Prizms,false,,Tim Hardaway Jr.,
base,52,Green Pulsar Prizms,false,,Tim Hardaway Jr.,
base,52,Green Shimmer Prizms,false,,Tim Hardaway Jr.,
base,52,Hyper Prizms,false,,Tim Hardaway Jr.,
base,52,Lucky Envelopes Prizms,false,,Tim Hardaway Jr.,
base,52,Mojo Prizms,false,,Tim Hardaway Jr.,
base,52,Orange Ice Prizms,false,,Tim Hardaway Jr.,
base,52,Orange Prizms,false,,Tim Hardaway Jr.,
base,52,Orange Wave Prizms,false,,Tim Hardaway Jr.,
base,52,Pink Ice Prizms,false,,Tim Hardaway Jr.,
base,52,Pink Pulsar Prizms,false,,Tim Hardaway Jr.,
base,52,Purple Ice Prizms,false,,Tim Hardaway Jr.,
base,52,Purple Prizms,false,,Tim Hardaway Jr.,
base,52,Purple Pulsar Prizms,false,,Tim Hardaway Jr.,
base,52,Purple Wave Prizms,false,,Tim Hardaway Jr.,
base,52,Red Ice Prizms,false,,Tim Hardaway Jr.,
base,52,Red Prizms,false,,Tim Hardaway Jr.,
base,52,"Red, White and Blue Prizms",false,,Tim Hardaway Jr.,
base,52,Ruby Wave Prizms,false,,Tim Hardaway Jr.,
base,52,Silver Prizms,false,,Tim Hardaway Jr.,
base,52,White Sparkle Prizm,false,,Tim Hardaway Jr.,
base,52,Fast Break Pink Prizms,false,,Tim Hardaway Jr.,
base,52,Black Prizms,false,,Tim Hardaway Jr.,
base,52,Black Shimmer Prizms,false,,Tim Hardaway Jr.,
base,52,Blue Ice Prizms,false,,Tim Hardaway Jr.,
base,52,Black Gold Prizms,false,,Tim Hardaway Jr.,
base,63,Blue Prizms,false,,Dorian Finney-Smith,
base,63,Blue Shimmer Prizms,false,,Dorian Finney-Smith,
base,63,Blue Wave Prizms,false,,Dorian Finney-Smith,
base,63,Choice Blue Prizms,false,,Dorian Finney-Smith,
base,63,"Choice Blue, Yellow and Green Prizms",false,,Dorian Finney-Smith,
base,63,Choice Green Prizms,false,,Dorian Finney-Smith,
base,63,Choice Nebula Prizms,false,,Dorian Finney-Smith,
base,63,Choice Red Prizms,false,,Dorian Finney-Smith,
base,63,Choice Tiger Stripe Prizms,false,,Dorian Finney-Smith,
base,63,Fast Break Blue Prizms,false,,Dorian Finney-Smith,
base,63,Fast Break Bronze Prizms,false,,Dorian Finney-Smith,
base,63,Fast Break Neon Green Prizms,false,,Dorian Finney-Smith,
base,63,Fast Break Prizms,false,,Dorian Finney-Smith,
base,63,Fast Break Purple Prizms,false,,Dorian Finney-Smith,
base,63,Fast Break Red Prizms,false,,Dorian Finney-Smith,
base,63,Gold Prizms,false,,Dorian Finney-Smith,
base,63,Gold Shimmer Prizms,false,,Dorian Finney-Smith,
base,63,Gold Wave Prizms,false,,Dorian Finney-Smith,
base,63,Green Ice Prizms,false,,Dorian Finney-Smith,
base,63,Green Prizms,false,,Dorian Finney-Smith,
base,63,Green Pulsar Prizms,false,,Dorian Finney-Smith,
base,63,Green Shimmer Prizms,false,,Dorian Finney-Smith,
base,63,Hyper Prizms,false,,Dorian Finney-Smith,
base,63,Lucky Envelopes Prizms,false,,Dorian Finney-Smith,
base,63,Mojo Prizms,false,,Dorian Finney-Smith,
base,63,Orange Ice Prizms,false,,Dorian Finney-Smith,
base,63,Orange Prizms,false,,Dorian Finney-Smith,
base,63,Orange Wave Prizms,false,,Dorian Finney-Smith,
base,63,Pink Ice Prizms,false,,Dorian Finney-Smith,
base,63,Pink Pulsar Prizms,false,,Dorian Finney-Smith,
base,63,Purple Ice Prizms,false,,Dorian Finney-Smith,
base,63,Purple Prizms,false,,Dorian Finney-Smith,
base,63,Purple Pulsar Prizms,false,,Dorian Finney-Smith,
base,63,Purple Wave Prizms,false,,Dorian Finney-Smith,
base,63,Red Ice Prizms,false,,Dorian Finney-Smith,
base,63,Red Prizms,false,,Dorian Finney-Smith,
base,63,"Red, White and Blue Prizms",false,,Dorian Finney-Smith,
base,63,Ruby Wave Prizms,false,,Dorian Finney-Smith,
base,63,Silver Prizms,false,,Dorian Finney-Smith,
base,63,White Sparkle Prizm,false,,Dorian Finney-Smith,
base,63,Fast Break Pink Prizms,false,,Dorian Finney-Smith,
base,63,Black Prizms,false,,Dorian Finney-Smith,
base,63,Black Shimmer Prizms,false,,Dorian Finney-Smith,
base,63,Blue Ice Prizms,false,,Dorian Finney-Smith,
base,63,Black Gold Prizms,false,,Dorian Finney-Smith,
base,83,Blue Prizms,false,,Dwight Powell,
base,83,Blue Shimmer Prizms,false,,Dwight Powell,
base,83,Blue Wave Prizms,false,,Dwight Powell,
base,83,Choice Blue Prizms,false,,Dwight Powell,
base,83,"Choice Blue, Yellow and Green Prizms",false,,Dwight Powell,
base,83,Choice Green Prizms,false,,Dwight Powell,
base,83,Choice Nebula Prizms,false,,Dwight Powell,
base,83,Choice Red Prizms,false,,Dwight Powell,
base,83,Choice Tiger Stripe Prizms,false,,Dwight Powell,
base,83,Fast Break Blue Prizms,false,,Dwight Powell,
base,83,Fast Break Bronze Prizms,false,,Dwight Powell,
base,83,Fast Break Neon Green Prizms,false,,Dwight Powell,
base,83,Fast Break Prizms,false,,Dwight Powell,
base,83,Fast Break Purple Prizms,false,,Dwight Powell,
base,83,Fast Break Red Prizms,false,,Dwight Powell,
base,83,Gold Prizms,false,,Dwight Powell,
base,83,Gold Shimmer Prizms,false,,Dwight Powell,
base,83,Gold Wave Prizms,false,,Dwight Powell,
base,83,Green Ice Prizms,false,,Dwight Powell,
base,83,Green Prizms,false,,Dwight Powell,
base,83,Green Pulsar Prizms,false,,Dwight Powell,
base,83,Green Shimmer Prizms,false,,Dwight Powell,
base,83,Hyper Prizms,false,,Dwight Powell,
base,83,Lucky Envelopes Prizms,false,,Dwight Powell,
base,83,Mojo Prizms,false,,Dwight Powell,
base,83,Orange Ice Prizms,false,,Dwight Powell,
base,83,Orange Prizms,false,,Dwight Powell,
base,83,Orange Wave Prizms,false,,Dwight Powell,
base,83,Pink Ice Prizms,false,,Dwight Powell,
base,83,Pink Pulsar Prizms,false,,Dwight Powell,
base,83,Purple Ice Prizms,false,,Dwight Powell,
base,83,Purple Prizms,false,,Dwight Powell,
base,83,Purple Pulsar Prizms,false,,Dwight Powell,
base,83,Purple Wave Prizms,false,,Dwight Powell,
base,83,Red Ice Prizms,false,,Dwight Powell,
base,83,Red Prizms,false,,Dwight Powell,
base,83,"Red, White and Blue Prizms",false,,Dwight Powell,
base,83,Ruby Wave Prizms,false,,Dwight Powell,
base,83,Silver Prizms,false,,Dwight Powell,
base,83,White Sparkle Prizm,false,,Dwight Powell,
base,83,Fast Break Pink Prizms,false,,Dwight Powell,
base,83,Black Prizms,false,,Dwight Powell,
base,83,Black Shimmer Prizms,false,,Dwight Powell,
base,83,Blue Ice Prizms,false,,Dwight Powell,
base,83,Black Gold Prizms,false,,Dwight Powell,
base,84,Blue Prizms,false,,J.J. Barea,
base,84,Blue Shimmer Prizms,false,,J.J. Barea,
base,84,Blue Wave Prizms,false,,J.J. Barea,
base,84,Choice Blue Prizms,false,,J.J. Barea,
base,84,"Choice Blue, Yellow and Green Prizms",false,,J.J. Barea,
base,84,Choice Green Prizms,false,,J.J. Barea,
base,84,Choice Nebula Prizms,false,,J.J. Barea,
base,84,Choice Red Prizms,false,,J.J. Barea,
base,84,Choice Tiger Stripe Prizms,false,,J.J. Barea,
base,84,Fast Break Blue Prizms,false,,J.J. Barea,
base,84,Fast Break Bronze Prizms,false,,J.J. Barea,
base,84,Fast Break Neon Green Prizms,false,,J.J. Barea,
base,84,Fast Break Prizms,false,,J.J. Barea,
base,84,Fast Break Purple Prizms,false,,J.J. Barea,
base,84,Fast Break Red Prizms,false,,J.J. Barea,
base,84,Gold Prizms,false,,J.J. Barea,
base,84,Gold Shimmer Prizms,false,,J.J. Barea,
base,84,Gold Wave Prizms,false,,J.J. Barea,
base,84,Green Ice Prizms,false,,J.J. Barea,
base,84,Green Prizms,false,,J.J. Barea,
base,84,Green Pulsar Prizms,false,,J.J. Barea,
base,84,Green Shimmer Prizms,false,,J.J. Barea,
base,84,Hyper Prizms,false,,J.J. Barea,
base,84,Lucky Envelopes Prizms,false,,J.J. Barea,
base,84,Mojo Prizms,false,,J.J. Barea,
base,84,Orange Ice Prizms,false,,J.J. Barea,
base,84,Orange Prizms,false,,J.J. Barea,
base,84,Orange Wave Prizms,false,,J.J. Barea,
base,84,Pink Ice Prizms,false,,J.J. Barea,
base,84,Pink Pulsar Prizms,false,,J.J. Barea,
base,84,Purple Ice Prizms,false,,J.J. Barea,
base,84,Purple Prizms,false,,J.J. Barea,
base,84,Purple Pulsar Prizms,false,,J.J. Barea,
base,84,Purple Wave Prizms,false,,J.J. Barea,
base,84,Red Ice Prizms,false,,J.J. Barea,
base,84,Red Prizms,false,,J.J. Barea,
base,84,"Red, White and Blue Prizms",false,,J.J. Barea,
base,84,Ruby Wave Prizms,false,,J.J. Barea,
base,84,Silver Prizms,false,,J.J. Barea,
base,84,White Sparkle Prizm,false,,J.J. Barea,
base,84,Fast Break Pink Prizms,false,,J.J. Barea,
base,84,Black Prizms,false,,J.J. Barea,
base,84,Black Shimmer Prizms,false,,J.J. Barea,
base,84,Blue Ice Prizms,false,,J.J. Barea,
base,84,Black Gold Prizms,false,,J.J. Barea,
base,180,Blue Prizms,false,,Dirk Nowitzki,
base,180,Blue Shimmer Prizms,false,,Dirk Nowitzki,
base,180,Blue Wave Prizms,false,,Dirk Nowitzki,
base,180,Choice Blue Prizms,false,,Dirk Nowitzki,
base,180,"Choice Blue, Yellow and Green Prizms",false,,Dirk Nowitzki,
base,180,Choice Green Prizms,false,,Dirk Nowitzki,
base,180,Choice Nebula Prizms,false,,Dirk Nowitzki,
base,180,Choice Red Prizms,false,,Dirk Nowitzki,
base,180,Choice Tiger Stripe Prizms,false,,Dirk Nowitzki,
base,180,Fast Break Blue Prizms,false,,Dirk Nowitzki,
base,180,Fast Break Bronze Prizms,false,,Dirk Nowitzki,
base,180,Fast Break Neon Green Prizms,false,,Dirk Nowitzki,
base,180,Fast Break Prizms,false,,Dirk Nowitzki,
base,180,Fast Break Purple Prizms,false,,Dirk Nowitzki,
base,180,Fast Break Red Prizms,false,,Dirk Nowitzki,
base,180,Gold Prizms,false,,Dirk Nowitzki,
base,180,Gold Shimmer Prizms,false,,Dirk Nowitzki,
base,180,Gold Wave Prizms,false,,Dirk Nowitzki,
base,180,Green Ice Prizms,false,,Dirk Nowitzki,
base,180,Green Prizms,false,,Dirk Nowitzki,
base,180,Green Pulsar Prizms,false,,Dirk Nowitzki,
base,180,Green Shimmer Prizms,false,,Dirk Nowitzki,
base,180,Hyper Prizms,false,,Dirk Nowitzki,
base,180,Lucky Envelopes Prizms,false,,Dirk Nowitzki,
base,180,Mojo Prizms,false,,Dirk Nowitzki,
base,180,Orange Ice Prizms,false,,Dirk Nowitzki,
base,180,Orange Prizms,false,,Dirk Nowitzki,
base,180,Orange Wave Prizms,false,,Dirk Nowitzki,
base,180,Pink Ice Prizms,false,,Dirk Nowitzki,
base,180,Pink Pulsar Prizms,false,,Dirk Nowitzki,
base,180,Purple Ice Prizms,false,,Dirk Nowitzki,
base,180,Purple Prizms,false,,Dirk Nowitzki,
base,180,Purple Pulsar Prizms,false,,Dirk Nowitzki,
base,180,Purple Wave Prizms,false,,Dirk Nowitzki,
base,180,Red Ice Prizms,false,,Dirk Nowitzki,
base,180,Red Prizms,false,,Dirk Nowitzki,
base,180,"Red, White and Blue Prizms",false,,Dirk Nowitzki,
base,180,Ruby Wave Prizms,false,,Dirk Nowitzki,
base,180,Silver Prizms,false,,Dirk Nowitzki,
base,180,White Sparkle Prizm,false,,Dirk Nowitzki,
base,180,Fast Break Pink Prizms,false,,Dirk Nowitzki,
base,180,Black Prizms,false,,Dirk Nowitzki,
base,180,Black Shimmer Prizms,false,,Dirk Nowitzki,
base,180,Blue Ice Prizms,false,,Dirk Nowitzki,
base,180,Black Gold Prizms,false,,Dirk Nowitzki,
base,186,Blue Prizms,false,,Maxi Kleber,
base,186,Blue Shimmer Prizms,false,,Maxi Kleber,
base,186,Blue Wave Prizms,false,,Maxi Kleber,
base,186,Choice Blue Prizms,false,,Maxi Kleber,
base,186,"Choice Blue, Yellow and Green Prizms",false,,Maxi Kleber,
base,186,Choice Green Prizms,false,,Maxi Kleber,
base,186,Choice Nebula Prizms,false,,Maxi Kleber,
base,186,Choice Red Prizms,false,,Maxi Kleber,
base,186,Choice Tiger Stripe Prizms,false,,Maxi Kleber,
base,186,Fast Break Blue Prizms,false,,Maxi Kleber,
base,186,Fast Break Bronze Prizms,false,,Maxi Kleber,
base,186,Fast Break Neon Green Prizms,false,,Maxi Kleber,
base,186,Fast Break Prizms,false,,Maxi Kleber,
base,186,Fast Break Purple Prizms,false,,Maxi Kleber,
base,186,Fast Break Red Prizms,false,,Maxi Kleber,
base,186,Gold Prizms,false,,Maxi Kleber,
base,186,Gold Shimmer Prizms,false,,Maxi Kleber,
base,186,Gold Wave Prizms,false,,Maxi Kleber,
base,186,Green Ice Prizms,false,,Maxi Kleber,
base,186,Green Prizms,false,,Maxi Kleber,
base,186,Green Pulsar Prizms,false,,Maxi Kleber,
base,186,Green Shimmer Prizms,false,,Maxi Kleber,
base,186,Hyper Prizms,false,,Maxi Kleber,
base,186,Lucky Envelopes Prizms,false,,Maxi Kleber,
base,186,Mojo Prizms,false,,Maxi Kleber,
base,186,Orange Ice Prizms,false,,Maxi Kleber,
base,186,Orange Prizms,false,,Maxi Kleber,
base,186,Orange Wave Prizms,false,,Maxi Kleber,
base,186,Pink Ice Prizms,false,,Maxi Kleber,
base,186,Pink Pulsar Prizms,false,,Maxi Kleber,
base,186,Purple Ice Prizms,false,,Maxi Kleber,
base,186,Purple Prizms,false,,Maxi Kleber,
base,186,Purple Pulsar Prizms,false,,Maxi Kleber,
base,186,Purple Wave Prizms,false,,Maxi Kleber,
base,186,Red Ice Prizms,false,,Maxi Kleber,
base,186,Red Prizms,false,,Maxi Kleber,
base,186,"Red, White and Blue Prizms",false,,Maxi Kleber,
base,186,Ruby Wave Prizms,false,,Maxi Kleber,
base,186,Silver Prizms,false,,Maxi Kleber,
base,186,White Sparkle Prizm,false,,Maxi Kleber,
base,186,Fast Break Pink Prizms,false,,Maxi Kleber,
base,186,Black Prizms,false,,Maxi Kleber,
base,186,Black Shimmer Prizms,false,,Maxi Kleber,
base,186,Blue Ice Prizms,false,,Maxi Kleber,
base,186,Black Gold Prizms,false,,Maxi Kleber,
base,194,Blue Prizms,false,,Seth Curry,
base,194,Blue Shimmer Prizms,false,,Seth Curry,
base,194,Blue Wave Prizms,false,,Seth Curry,
base,194,Choice Blue Prizms,false,,Seth Curry,
base,194,"Choice Blue, Yellow and Green Prizms",false,,Seth Curry,
base,194,Choice Green Prizms,false,,Seth Curry,
base,194,Choice Nebula Prizms,false,,Seth Curry,
base,194,Choice Red Prizms,false,,Seth Curry,
base,194,Choice Tiger Stripe Prizms,false,,Seth Curry,
base,194,Fast Break Blue Prizms,false,,Seth Curry,
base,194,Fast Break Bronze Prizms,false,,Seth Curry,
base,194,Fast Break Neon Green Prizms,false,,Seth Curry,
base,194,Fast Break Prizms,false,,Seth Curry,
base,194,Fast Break Purple Prizms,false,,Seth Curry,
base,194,Fast Break Red Prizms,false,,Seth Curry,
base,194,Gold Prizms,false,,Seth Curry,
base,194,Gold Shimmer Prizms,false,,Seth Curry,
base,194,Gold Wave Prizms,false,,Seth Curry,
base,194,Green Ice Prizms,false,,Seth Curry,
base,194,Green Prizms,false,,Seth Curry,
base,194,Green Pulsar Prizms,false,,Seth Curry,
base,194,Green Shimmer Prizms,false,,Seth Curry,
base,194,Hyper Prizms,false,,Seth Curry,
base,194,Lucky Envelopes Prizms,false,,Seth Curry,
base,194,Mojo Prizms,false,,Seth Curry,
base,194,Orange Ice Prizms,false,,Seth Curry,
base,194,Orange Prizms,false,,Seth Curry,
base,194,Orange Wave Prizms,false,,Seth Curry,
base,194,Pink Ice Prizms,false,,Seth Curry,
base,194,Pink Pulsar Prizms,false,,Seth Curry,
base,194,Purple Ice Prizms,false,,Seth Curry,
base,194,Purple Prizms,false,,Seth Curry,
base,194,Purple Pulsar Prizms,false,,Seth Curry,
base,194,Purple Wave Prizms,false,,Seth Curry,
base,194,Red Ice Prizms,false,,Seth Curry,
base,194,Red Prizms,false,,Seth Curry,
base,194,"Red, White and Blue Prizms",false,,Seth Curry,
base,194,Ruby Wave Prizms,false,,Seth Curry,
base,194,Silver Prizms,false,,Seth Curry,
base,194,White Sparkle Prizm,false,,Seth Curry,
base,194,Fast Break Pink Prizms,false,,Seth Curry,
base,194,Black Prizms,false,,Seth Curry,
base,194,Black Shimmer Prizms,false,,Seth Curry,
base,194,Blue Ice Prizms,false,,Seth Curry,
base,194,Black Gold Prizms,false,,Seth Curry,
base,259,Blue Prizms,false,,Tyrell Terry,
base,259,Blue Shimmer Prizms,false,,Tyrell Terry,
base,259,Blue Wave Prizms,false,,Tyrell Terry,
base,259,Choice Blue Prizms,false,,Tyrell Terry,
base,259,"Choice Blue, Yellow and Green Prizms",false,,Tyrell Terry,
base,259,Choice Green Prizms,false,,Tyrell Terry,
base,259,Choice Nebula Prizms,false,,Tyrell Terry,
base,259,Choice Red Prizms,false,,Tyrell Terry,
base,259,Choice Tiger Stripe Prizms,false,,Tyrell Terry,
base,259,Fast Break Blue Prizms,false,,Tyrell Terry,
base,259,Fast Break Bronze Prizms,false,,Tyrell Terry,
base,259,Fast Break Neon Green Prizms,false,,Tyrell Terry,
base,259,Fast Break Prizms,false,,Tyrell Terry,
base,259,Fast Break Purple Prizms,false,,Tyrell Terry,
base,259,Fast Break Red Prizms,false,,Tyrell Terry,
base,259,Gold Prizms,false,,Tyrell Terry,
base,259,Gold Shimmer Prizms,false,,Tyrell Terry,
base,259,Gold Wave Prizms,false,,Tyrell Terry,
base,259,Green Ice Prizms,false,,Tyrell Terry,
base,259,Green Prizms,false,,Tyrell Terry,
base,259,Green Pulsar Prizms,false,,Tyrell Terry,
base,259,Green Shimmer Prizms,false,,Tyrell Terry,
base,259,Hyper Prizms,false,,Tyrell Terry,
base,259,Lucky Envelopes Prizms,false,,Tyrell Terry,
base,259,Mojo Prizms,false,,Tyrell Terry,
base,259,Orange Ice Prizms,false,,Tyrell Terry,
base,259,Orange Prizms,false,,Tyrell Terry,
base,259,Orange Wave Prizms,false,,Tyrell Terry,
base,259,Pink Ice Prizms,false,,Tyrell Terry,
base,259,Pink Pulsar Prizms,false,,Tyrell Terry,
base,259,Purple Ice Prizms,false,,Tyrell Terry,
base,259,Purple Prizms,false,,Tyrell Terry,
base,259,Purple Pulsar Prizms,false,,Tyrell Terry,
base,259,Purple Wave Prizms,false,,Tyrell Terry,
base,259,Red Ice Prizms,false,,Tyrell Terry,
base,259,Red Prizms,false,,Tyrell Terry,
base,259,"Red, White and Blue Prizms",false,,Tyrell Terry,
base,259,Ruby Wave Prizms,false,,Tyrell Terry,
base,259,Silver Prizms,false,,Tyrell Terry,
base,259,White Sparkle Prizm,false,,Tyrell Terry,
base,259,Fast Break Pink Prizms,false,,Tyrell Terry,
base,259,Black Prizms,false,,Tyrell Terry,
base,259,Black Shimmer Prizms,false,,Tyrell Terry,
base,259,Blue Ice Prizms,false,,Tyrell Terry,
base,259,Black Gold Prizms,false,,Tyrell Terry,
base,274,Blue Prizms,false,,Josh Green,
base,274,Blue Shimmer Prizms,false,,Josh Green,
base,274,Blue Wave Prizms,false,,Josh Green,
base,274,Choice Blue Prizms,false,,Josh Green,
base,274,"Choice Blue, Yellow and Green Prizms",false,,Josh Green,
base,274,Choice Green Prizms,false,,Josh Green,
base,274,Choice Nebula Prizms,false,,Josh Green,
base,274,Choice Red Prizms,false,,Josh Green,
base,274,Choice Tiger Stripe Prizms,false,,Josh Green,
base,274,Fast Break Blue Prizms,false,,Josh Green,
base,274,Fast Break Bronze Prizms,false,,Josh Green,
base,274,Fast Break Neon Green Prizms,false,,Josh Green,
base,274,Fast Break Prizms,false,,Josh Green,
base,274,Fast Break Purple Prizms,false,,Josh Green,
base,274,Fast Break Red Prizms,false,,Josh Green,
base,274,Gold Prizms,false,,Josh Green,
base,274,Gold Shimmer Prizms,false,,Josh Green,
base,274,Gold Wave Prizms,false,,Josh Green,
base,274,Green Ice Prizms,false,,Josh Green,
base,274,Green Prizms,false,,Josh Green,
base,274,Green Pulsar Prizms,false,,Josh Green,
base,274,Green Shimmer Prizms,false,,Josh Green,
base,274,Hyper Prizms,false,,Josh Green,
base,274,Lucky Envelopes Prizms,false,,Josh Green,
base,274,Mojo Prizms,false,,Josh Green,
base,274,Orange Ice Prizms,false,,Josh Green,
base,274,Orange Prizms,false,,Josh Green,
base,274,Orange Wave Prizms,false,,Josh Green,
base,274,Pink Ice Prizms,false,,Josh Green,
base,274,Pink Pulsar Prizms,false,,Josh Green,
base,274,Purple Ice Prizms,false,,Josh Green,
base,274,Purple Prizms,false,,Josh Green,
base,274,Purple Pulsar Prizms,false,,Josh Green,
base,274,Purple Wave Prizms,false,,Josh Green,
base,274,Red Ice Prizms,false,,Josh Green,
base,274,Red Prizms,false,,Josh Green,
base,274,"Red, White and Blue Prizms",false,,Josh Green,
base,274,Ruby Wave Prizms,false,,Josh Green,
base,274,Silver Prizms,false,,Josh Green,
base,274,White Sparkle Prizm,false,,Josh Green,
base,274,Fast Break Pink Prizms,false,,Josh Green,
base,274,Black Prizms,false,,Josh Green,
base,274,Black Shimmer Prizms,false,,Josh Green,
base,274,Blue Ice Prizms,false,,Josh Green,
base,274,Black Gold Prizms,false,,Josh Green,
insert-dominance,18,Prizms Green,false,,Luka Doncic,
insert-dominance,18,Prizms Silver,false,,Luka Doncic,
insert-downtown-bound,13,Fast Break,false,,Luka Doncic,
insert-downtown-bound,13,Prizms Hyper,false,,Luka Doncic,
insert-downtown-bound,13,Prizms Silver,false,,Luka Doncic,
insert-downtown-bound,13,Prizms Mojo,false,25,Luka Doncic,
insert-downtown-bound,13,Prizms Gold,false,10,Luka Doncic,
insert-downtown-bound,13,Prizms Black,false,1,Luka Doncic,
insert-emergent,22,Prizms Green,false,,Josh Green,
insert-emergent,22,Prizms Silver,false,,Josh Green,
auto-fast-break-autographs,FBA-DNW,Gold,true,10,Dirk Nowitzki,
auto-fast-break-autographs,FBA-DNW,Black,true,1,Dirk Nowitzki,
auto-fast-break-rookie-autographs,FR-JGR,Gold,true,10,Josh Green,
auto-fast-break-rookie-autographs,FR-JGR,Black,true,1,Josh Green,
auto-fast-break-rookie-autographs,FR-TBY,Gold,true,10,Tyler Bey,
auto-fast-break-rookie-autographs,FR-TBY,Black,true,1,Tyler Bey,
auto-fast-break-rookie-autographs,FR-TTY,Gold,true,10,Tyrell Terry,
auto-fast-break-rookie-autographs,FR-TTY,Black,true,1,Tyrell Terry,
insert-fearless,17,Fast Break,false,,Dirk Nowitzki,
insert-fearless,17,Prizms Hyper,false,,Dirk Nowitzki,
insert-fearless,17,Prizms Silver,false,,Dirk Nowitzki,
insert-fearless,17,Prizms Mojo,false,25,Dirk Nowitzki,
insert-fearless,17,Prizms Gold,false,10,Dirk Nowitzki,
insert-fearless,17,Prizms Black,false,1,Dirk Nowitzki,
insert-fireworks,14,Prizms Silver,false,,Luka Doncic,
insert-fireworks,14,Fast Break,false,,Luka Doncic,
insert-fireworks,14,Prizms Hyper,false,,Luka Doncic,
insert-fireworks,14,Prizms Mojo,false,25,Luka Doncic,
insert-fireworks,14,Prizms Gold,false,10,Luka Doncic,
insert-fireworks,14,Prizms Black,false,1,Luka Doncic,
insert-instant-impact,14,Prizms Green,false,,Josh Green,
insert-instant-impact,14,Prizms Silver,false,,Josh Green,
insert-prizm,3,Flashback Fast Break,false,,Luka Doncic,
insert-prizm,3,Flashback,false,,Luka Doncic,
insert-prizm,3,Flashback Prizms Hyper,false,,Luka Doncic,
insert-prizm,3,Flashback Prizms Silver,false,,Luka Doncic,
insert-prizm,3,Flashback Prizms Mojo,false,25,Luka Doncic,
insert-prizm,3,Flashback Prizms Gold,false,10,Luka Doncic,
insert-prizm,3,Flashback Prizms Black,false,1,Luka Doncic,
insert-rookie-penmanship,RP-JGR,Prizms Orange Ice,false,,Josh Green,
insert-rookie-penmanship,RP-JGR,Prizms Blue Wave,false,,Josh Green,
insert-rookie-penmanship,RP-JGR,Prizms Silver,false,,Josh Green,
insert-rookie-penmanship,RP-JGR,Prizms Gold Wave,false,,Josh Green,
insert-rookie-penmanship,RP-JGR,Prizms Green Ice,false,16,Josh Green,
insert-rookie-penmanship,RP-TBY,Prizms Orange Ice,false,,Tyler Bey,
insert-rookie-penmanship,RP-TBY,Prizms Blue Wave,false,,Tyler Bey,
insert-rookie-penmanship,RP-TBY,Prizms Silver,false,,Tyler Bey,
insert-rookie-penmanship,RP-TBY,Prizms Gold Wave,false,,Tyler Bey,
insert-rookie-penmanship,RP-TBY,Prizms Green Ice,false,16,Tyler Bey,
insert-rookie-penmanship,RP-TTY,Prizms Orange Ice,false,,Tyrell Terry,
insert-rookie-penmanship,RP-TTY,Prizms Blue Wave,false,,Tyrell Terry,
insert-rookie-penmanship,RP-TTY,Prizms Silver,false,,Tyrell Terry,
insert-rookie-penmanship,RP-TTY,Prizms Gold Wave,false,,Tyrell Terry,
insert-rookie-penmanship,RP-TTY,Prizms Green Ice,false,16,Tyrell Terry,
auto-rookie-signatures,RS-JGR,Prizms Silver,true,,Josh Green,
auto-rookie-signatures,RS-JGR,Prizms Choice,true,,Josh Green,
auto-rookie-signatures,RS-JGR,Prizms Mojo,true,25,Josh Green,
auto-rookie-signatures,RS-JGR,Prizms Gold,true,10,Josh Green,
auto-rookie-signatures,RS-JGR,Prizms Choice Green,true,8,Josh Green,
auto-rookie-signatures,RS-JGR,Prizms Black,true,1,Josh Green,
auto-rookie-signatures,RS-JGR,Prizms White Sparkle,true,1,Josh Green,
auto-rookie-signatures,RS-TBY,Prizms Silver,true,,Tyler Bey,
auto-rookie-signatures,RS-TBY,Prizms Choice,true,,Tyler Bey,
auto-rookie-signatures,RS-TBY,Prizms Mojo,true,25,Tyler Bey,
auto-rookie-signatures,RS-TBY,Prizms Gold,true,10,Tyler Bey,
auto-rookie-signatures,RS-TBY,Prizms Choice Green,true,8,Tyler Bey,
auto-rookie-signatures,RS-TBY,Prizms Black,true,1,Tyler Bey,
auto-rookie-signatures,RS-TBY,Prizms White Sparkle,true,1,Tyler Bey,
auto-rookie-signatures,RS-TTY,Prizms Silver,true,,Tyrell Terry,
auto-rookie-signatures,RS-TTY,Prizms Choice,true,,Tyrell Terry,
auto-rookie-signatures,RS-TTY,Prizms Mojo,true,25,Tyrell Terry,
auto-rookie-signatures,RS-TTY,Prizms Gold,true,10,Tyrell Terry,
auto-rookie-signatures,RS-TTY,Prizms Choice Green,true,8,Tyrell Terry,
auto-rookie-signatures,RS-TTY,Prizms Black,true,1,Tyrell Terry,
auto-rookie-signatures,RS-TTY,Prizms White Sparkle,true,1,Tyrell Terry,
auto-sensational-signatures,SS-BOB,Prizms Silver,true,,Boban Marjanovic,
auto-sensational-signatures,SS-BOB,Prizms Choice,true,,Boban Marjanovic,
auto-sensational-signatures,SS-BOB,Prizms Mojo,true,25,Boban Marjanovic,
auto-sensational-signatures,SS-BOB,Prizms Gold,true,10,Boban Marjanovic,
auto-sensational-signatures,SS-BOB,Prizms Choice Green,true,8,Boban Marjanovic,
auto-sensational-signatures,SS-BOB,Prizms Black,true,1,Boban Marjanovic,
auto-sensational-signatures,SS-JGR,Prizms Silver,true,,Josh Green,
auto-sensational-signatures,SS-JGR,Prizms Choice,true,,Josh Green,
auto-sensational-signatures,SS-JGR,Prizms Mojo,true,25,Josh Green,
auto-sensational-signatures,SS-JGR,Prizms Gold,true,10,Josh Green,
auto-sensational-signatures,SS-JGR,Prizms Choice Green,true,8,Josh Green,
auto-sensational-signatures,SS-JGR,Prizms Black,true,1,Josh Green,
auto-sensational-signatures,SS-JTE,Prizms Silver,true,,Jason Terry,
auto-sensational-signatures,SS-JTE,Prizms Choice,true,,Jason Terry,
auto-sensational-signatures,SS-JTE,Prizms Mojo,true,25,Jason Terry,
auto-sensational-signatures,SS-JTE,Prizms Gold,true,10,Jason Terry,
auto-sensational-signatures,SS-JTE,Prizms Choice Green,true,8,Jason Terry,
auto-sensational-signatures,SS-JTE,Prizms Black,true,1,Jason Terry,
auto-sensational-signatures,SS-MAX,Prizms Silver,true,,Maxi Kleber,
auto-sensational-signatures,SS-MAX,Prizms Choice,true,,Maxi Kleber,
auto-sensational-signatures,SS-MAX,Prizms Mojo,true,25,Maxi Kleber,
auto-sensational-signatures,SS-MAX,Prizms Gold,true,10,Maxi Kleber,
auto-sensational-signatures,SS-MAX,Prizms Choice Green,true,8,Maxi Kleber,
auto-sensational-signatures,SS-MAX,Prizms Black,true,1,Maxi Kleber,
auto-sensational-signatures,SS-TBY,Prizms Silver,true,,Tyler Bey,
auto-sensational-signatures,SS-TBY,Prizms Choice,true,,Tyler Bey,
auto-sensational-signatures,SS-TBY,Prizms Mojo,true,25,Tyler Bey,
auto-sensational-signatures,SS-TBY,Prizms Gold,true,10,Tyler Bey,
auto-sensational-signatures,SS-TBY,Prizms Choice Green,true,8,Tyler Bey,
auto-sensational-signatures,SS-TBY,Prizms Black,true,1,Tyler Bey,
auto-sensational-signatures,SS-TTY,Prizms Silver,true,,Tyrell Terry,
auto-sensational-signatures,SS-TTY,Prizms Choice,true,,Tyrell Terry,
auto-sensational-signatures,SS-TTY,Prizms Mojo,true,25,Tyrell Terry,
auto-sensational-signatures,SS-TTY,Prizms Gold,true,10,Tyrell Terry,
auto-sensational-signatures,SS-TTY,Prizms Choice Green,true,8,Tyrell Terry,
auto-sensational-signatures,SS-TTY,Prizms Black,true,1,Tyrell Terry,
insert-sensational-swatches,SSW-BOB,Prizms Orange Ice,false,,Boban Marjanovic,
insert-sensational-swatches,SSW-BOB,Prizms Green Ice,false,56,Boban Marjanovic,
insert-sensational-swatches,SSW-BOB,Prime,false,10,Boban Marjanovic,
insert-sensational-swatches,SSW-DNW,Prizms Orange Ice,false,,Dirk Nowitzki,
insert-sensational-swatches,SSW-DNW,Prizms Green Ice,false,56,Dirk Nowitzki,
insert-sensational-swatches,SSW-DNW,Prime,false,10,Dirk Nowitzki,
insert-sensational-swatches,SSW-DPW,Prizms Orange Ice,false,,Dwight Powell,
insert-sensational-swatches,SSW-DPW,Prizms Green Ice,false,56,Dwight Powell,
insert-sensational-swatches,SSW-DPW,Prime,false,10,Dwight Powell,
insert-sensational-swatches,SSW-DWL,Prizms Orange Ice,false,,Deron Williams,
insert-sensational-swatches,SSW-DWL,Prizms Green Ice,false,56,Deron Williams,
insert-sensational-swatches,SSW-DWL,Prime,false,10,Deron Williams,
insert-sensational-swatches,SSW-JJB,Prizms Orange Ice,false,,J.J. Barea,
insert-sensational-swatches,SSW-JJB,Prizms Green Ice,false,56,J.J. Barea,
insert-sensational-swatches,SSW-JJB,Prime,false,10,J.J. Barea,
insert-sensational-swatches,SSW-KPZ,Prizms Orange Ice,false,,Kristaps Porzingis,
insert-sensational-swatches,SSW-KPZ,Prizms Green Ice,false,56,Kristaps Porzingis,
insert-sensational-swatches,SSW-KPZ,Prime,false,10,Kristaps Porzingis,
insert-sensational-swatches,SSW-LUK,Prizms Orange Ice,false,,Luka Doncic,
insert-sensational-swatches,SSW-LUK,Prizms Green Ice,false,56,Luka Doncic,
insert-sensational-swatches,SSW-LUK,Prime,false,10,Luka Doncic,
insert-sensational-swatches,SSW-MKG,Prizms Orange Ice,false,,Michael Kidd-Gilchrist,
insert-sensational-swatches,SSW-MKG,Prizms Green Ice,false,56,Michael Kidd-Gilchrist,
insert-sensational-swatches,SSW-MKG,Prime,false,10,Michael Kidd-Gilchrist,
auto-signatures,SI-DFS,Prizms Choice,true,,Dorian Finney-Smith,
auto-signatures,SI-DFS,Prizms Silver,true,,Dorian Finney-Smith,
auto-signatures,SI-DFS,Prizms Mojo,true,25,Dorian Finney-Smith,
auto-signatures,SI-DFS,Prizms Gold,true,10,Dorian Finney-Smith,
auto-signatures,SI-DFS,Prizms Choice Green,true,8,Dorian Finney-Smith,
auto-signatures,SI-DFS,Prizms Black,true,1,Dorian Finney-Smith,
auto-signatures,SI-DNW,Prizms Choice,true,,Dirk Nowitzki,
auto-signatures,SI-DNW,Prizms Silver,true,,Dirk Nowitzki,
auto-signatures,SI-DNW,Prizms Mojo,true,25,Dirk Nowitzki,
auto-signatures,SI-DNW,Prizms Gold,true,10,Dirk Nowitzki,
auto-signatures,SI-DNW,Prizms Choice Green,true,8,Dirk Nowitzki,
auto-signatures,SI-DNW,Prizms Black,true,1,Dirk Nowitzki,
auto-signatures,SI-KPZ,Prizms Choice,true,,Kristaps Porzingis,
auto-signatures,SI-KPZ,Prizms Silver,true,,Kristaps Porzingis,
auto-signatures,SI-KPZ,Prizms Mojo,true,25,Kristaps Porzingis,
auto-signatures,SI-KPZ,Prizms Gold,true,10,Kristaps Porzingis,
auto-signatures,SI-KPZ,Prizms Choice Green,true,8,Kristaps Porzingis,
auto-signatures,SI-KPZ,Prizms Black,true,1,Kristaps Porzingis,
insert-widescreen,10,Prizms Silver,false,,Luka Doncic,
insert-widescreen,10,Fast Break,false,,Luka Doncic,
insert-widescreen,10,Prizms Hyper,false,,Luka Doncic,
insert-widescreen,10,Prizms Mojo,false,25,Luka Doncic,
insert-widescreen,10,Prizms Gold,false,10,Luka Doncic,
insert-widescreen,10,Prizms Black,false,1,Luka Doncic,
insert-rookie-penmanship,RP-ZNJ,Prizms Orange Ice,false,,Zeke Nnaji,
insert-rookie-penmanship,RP-ZNJ,Prizms Blue Wave,false,,Zeke Nnaji,
insert-rookie-penmanship,RP-ZNJ,Prizms Silver,false,,Zeke Nnaji,
insert-rookie-penmanship,RP-ZNJ,Prizms Gold Wave,false,,Zeke Nnaji,
insert-rookie-penmanship,RP-ZNJ,Prizms Green Ice,false,16,Zeke Nnaji,
insert-emergent,6,Prizms Green,false,,Zeke Nnaji,
insert-emergent,6,Prizms Silver,false,,Zeke Nnaji,
base,86,Blue Prizms,false,,Michael Porter Jr.,
base,86,Blue Shimmer Prizms,false,,Michael Porter Jr.,
base,86,Blue Wave Prizms,false,,Michael Porter Jr.,
base,86,Choice Blue Prizms,false,,Michael Porter Jr.,
base,86,"Choice Blue, Yellow and Green Prizms",false,,Michael Porter Jr.,
base,86,Choice Green Prizms,false,,Michael Porter Jr.,
base,86,Choice Nebula Prizms,false,,Michael Porter Jr.,
base,86,Choice Red Prizms,false,,Michael Porter Jr.,
base,86,Choice Tiger Stripe Prizms,false,,Michael Porter Jr.,
base,86,Fast Break Blue Prizms,false,,Michael Porter Jr.,
base,86,Fast Break Bronze Prizms,false,,Michael Porter Jr.,
base,86,Fast Break Neon Green Prizms,false,,Michael Porter Jr.,
base,86,Fast Break Prizms,false,,Michael Porter Jr.,
base,86,Fast Break Purple Prizms,false,,Michael Porter Jr.,
base,86,Fast Break Red Prizms,false,,Michael Porter Jr.,
base,86,Gold Prizms,false,,Michael Porter Jr.,
base,86,Gold Shimmer Prizms,false,,Michael Porter Jr.,
base,86,Gold Wave Prizms,false,,Michael Porter Jr.,
base,86,Green Ice Prizms,false,,Michael Porter Jr.,
base,86,Green Prizms,false,,Michael Porter Jr.,
base,86,Green Pulsar Prizms,false,,Michael Porter Jr.,
base,86,Green Shimmer Prizms,false,,Michael Porter Jr.,
base,86,Hyper Prizms,false,,Michael Porter Jr.,
base,86,Lucky Envelopes Prizms,false,,Michael Porter Jr.,
base,86,Mojo Prizms,false,,Michael Porter Jr.,
base,86,Orange Ice Prizms,false,,Michael Porter Jr.,
base,86,Orange Prizms,false,,Michael Porter Jr.,
base,86,Orange Wave Prizms,false,,Michael Porter Jr.,
base,86,Pink Ice Prizms,false,,Michael Porter Jr.,
base,86,Pink Pulsar Prizms,false,,Michael Porter Jr.,
base,86,Purple Ice Prizms,false,,Michael Porter Jr.,
base,86,Purple Prizms,false,,Michael Porter Jr.,
base,86,Purple Pulsar Prizms,false,,Michael Porter Jr.,
base,86,Purple Wave Prizms,false,,Michael Porter Jr.,
base,86,Red Ice Prizms,false,,Michael Porter Jr.,
base,86,Red Prizms,false,,Michael Porter Jr.,
base,86,"Red, White and Blue Prizms",false,,Michael Porter Jr.,
base,86,Ruby Wave Prizms,false,,Michael Porter Jr.,
base,86,Silver Prizms,false,,Michael Porter Jr.,
base,86,White Sparkle Prizm,false,,Michael Porter Jr.,
base,86,Fast Break Pink Prizms,false,,Michael Porter Jr.,
base,86,Black Prizms,false,,Michael Porter Jr.,
base,86,Black Shimmer Prizms,false,,Michael Porter Jr.,
base,86,Blue Ice Prizms,false,,Michael Porter Jr.,
base,86,Black Gold Prizms,false,,Michael Porter Jr.,
auto-rookie-signatures,RS-ZNJ,Prizms Silver,true,,Zeke Nnaji,
auto-rookie-signatures,RS-ZNJ,Prizms Choice,true,,Zeke Nnaji,
auto-rookie-signatures,RS-ZNJ,Prizms Mojo,true,25,Zeke Nnaji,
auto-rookie-signatures,RS-ZNJ,Prizms Gold,true,10,Zeke Nnaji,
auto-rookie-signatures,RS-ZNJ,Prizms Choice Green,true,8,Zeke Nnaji,
auto-rookie-signatures,RS-ZNJ,Prizms Black,true,1,Zeke Nnaji,
auto-rookie-signatures,RS-ZNJ,Prizms White Sparkle,true,1,Zeke Nnaji,
auto-rookie-signatures,RS-RJH,Prizms Silver,true,,RJ Hampton,
auto-rookie-signatures,RS-RJH,Prizms Choice,true,,RJ Hampton,
auto-rookie-signatures,RS-RJH,Prizms Mojo,true,25,RJ Hampton,
auto-rookie-signatures,RS-RJH,Prizms Gold,true,10,RJ Hampton,
auto-rookie-signatures,RS-RJH,Prizms Choice Green,true,8,RJ Hampton,
auto-rookie-signatures,RS-RJH,Prizms Black,true,1,RJ Hampton,
auto-rookie-signatures,RS-RJH,Prizms White Sparkle,true,1,RJ Hampton,
insert-downtown-bound,22,Fast Break,false,,Jamal Murray,
insert-downtown-bound,22,Prizms Hyper,false,,Jamal Murray,
insert-downtown-bound,22,Prizms Silver,false,,Jamal Murray,
insert-downtown-bound,22,Prizms Mojo,false,25,Jamal Murray,
insert-downtown-bound,22,Prizms Gold,false,10,Jamal Murray,
insert-downtown-bound,22,Prizms Black,false,1,Jamal Murray,
base,79,Blue Prizms,false,,Will Barton,
base,79,Blue Shimmer Prizms,false,,Will Barton,
base,79,Blue Wave Prizms,false,,Will Barton,
base,79,Choice Blue Prizms,false,,Will Barton,
base,79,"Choice Blue, Yellow and Green Prizms",false,,Will Barton,
base,79,Choice Green Prizms,false,,Will Barton,
base,79,Choice Nebula Prizms,false,,Will Barton,
base,79,Choice Red Prizms,false,,Will Barton,
base,79,Choice Tiger Stripe Prizms,false,,Will Barton,
base,79,Fast Break Blue Prizms,false,,Will Barton,
base,79,Fast Break Bronze Prizms,false,,Will Barton,
base,79,Fast Break Neon Green Prizms,false,,Will Barton,
base,79,Fast Break Prizms,false,,Will Barton,
base,79,Fast Break Purple Prizms,false,,Will Barton,
base,79,Fast Break Red Prizms,false,,Will Barton,
base,79,Gold Prizms,false,,Will Barton,
base,79,Gold Shimmer Prizms,false,,Will Barton,
base,79,Gold Wave Prizms,false,,Will Barton,
base,79,Green Ice Prizms,false,,Will Barton,
base,79,Green Prizms,false,,Will Barton,
base,79,Green Pulsar Prizms,false,,Will Barton,
base,79,Green Shimmer Prizms,false,,Will Barton,
base,79,Hyper Prizms,false,,Will Barton,
base,79,Lucky Envelopes Prizms,false,,Will Barton,
base,79,Mojo Prizms,false,,Will Barton,
base,79,Orange Ice Prizms,false,,Will Barton,
base,79,Orange Prizms,false,,Will Barton,
base,79,Orange Wave Prizms,false,,Will Barton,
base,79,Pink Ice Prizms,false,,Will Barton,
base,79,Pink Pulsar Prizms,false,,Will Barton,
base,79,Purple Ice Prizms,false,,Will Barton,
base,79,Purple Prizms,false,,Will Barton,
base,79,Purple Pulsar Prizms,false,,Will Barton,
base,79,Purple Wave Prizms,false,,Will Barton,
base,79,Red Ice Prizms,false,,Will Barton,
base,79,Red Prizms,false,,Will Barton,
base,79,"Red, White and Blue Prizms",false,,Will Barton,
base,79,Ruby Wave Prizms,false,,Will Barton,
base,79,Silver Prizms,false,,Will Barton,
base,79,White Sparkle Prizm,false,,Will Barton,
base,79,Fast Break Pink Prizms,false,,Will Barton,
base,79,Black Prizms,false,,Will Barton,
base,79,Black Shimmer Prizms,false,,Will Barton,
base,79,Blue Ice Prizms,false,,Will Barton,
base,79,Black Gold Prizms,false,,Will Barton,
auto-fast-break-autographs,FBA-KBD,Gold,true,10,Keita Bates-Diop,
auto-fast-break-autographs,FBA-KBD,Black,true,1,Keita Bates-Diop,
auto-fast-break-rookie-autographs,FR-ZNJ,Gold,true,10,Zeke Nnaji,
auto-fast-break-rookie-autographs,FR-ZNJ,Black,true,1,Zeke Nnaji,
insert-fireworks,7,Prizms Silver,false,,Nikola Jokic,
insert-fireworks,7,Fast Break,false,,Nikola Jokic,
insert-fireworks,7,Prizms Hyper,false,,Nikola Jokic,
insert-fireworks,7,Prizms Mojo,false,25,Nikola Jokic,
insert-fireworks,7,Prizms Gold,false,10,Nikola Jokic,
insert-fireworks,7,Prizms Black,false,1,Nikola Jokic,
auto-fast-break-autographs,FBA-TCR,Gold,true,10,Torrey Craig,
auto-fast-break-autographs,FBA-TCR,Black,true,1,Torrey Craig,
insert-fireworks,12,Prizms Silver,false,,Jamal Murray,
insert-fireworks,12,Fast Break,false,,Jamal Murray,
insert-fireworks,12,Prizms Hyper,false,,Jamal Murray,
insert-fireworks,12,Prizms Mojo,false,25,Jamal Murray,
insert-fireworks,12,Prizms Gold,false,10,Jamal Murray,
insert-fireworks,12,Prizms Black,false,1,Jamal Murray,
insert-sensational-swatches,SSW-PML,Prizms Orange Ice,false,,Paul Millsap,
insert-sensational-swatches,SSW-PML,Prizms Green Ice,false,56,Paul Millsap,
insert-sensational-swatches,SSW-PML,Prime,false,10,Paul Millsap,
insert-sensational-swatches,SSW-NJK,Prizms Orange Ice,false,,Nikola Jokic,
insert-sensational-swatches,SSW-NJK,Prizms Green Ice,false,56,Nikola Jokic,
insert-sensational-swatches,SSW-NJK,Prime,false,10,Nikola Jokic,
auto-fast-break-autographs,FBA-GHA,Gold,true,10,Gary Harris,
auto-fast-break-autographs,FBA-GHA,Black,true,1,Gary Harris,
insert-sensational-swatches,SSW-KBD,Prizms Orange Ice,false,,Keita Bates-Diop,
insert-sensational-swatches,SSW-KBD,Prizms Green Ice,false,56,Keita Bates-Diop,
insert-sensational-swatches,SSW-KBD,Prime,false,10,Keita Bates-Diop,
insert-sensational-swatches,SSW-JMU,Prizms Orange Ice,false,,Jamal Murray,
insert-sensational-swatches,SSW-JMU,Prizms Green Ice,false,56,Jamal Murray,
insert-sensational-swatches,SSW-JMU,Prime,false,10,Jamal Murray,
insert-instant-impact,8,Prizms Green,false,,Zeke Nnaji,
insert-instant-impact,8,Prizms Silver,false,,Zeke Nnaji,
base,286,Blue Prizms,false,,RJ Hampton,
base,286,Blue Shimmer Prizms,false,,RJ Hampton,
base,286,Blue Wave Prizms,false,,RJ Hampton,
base,286,Choice Blue Prizms,false,,RJ Hampton,
base,286,"Choice Blue, Yellow and Green Prizms",false,,RJ Hampton,
base,286,Choice Green Prizms,false,,RJ Hampton,
base,286,Choice Nebula Prizms,false,,RJ Hampton,
base,286,Choice Red Prizms,false,,RJ Hampton,
base,286,Choice Tiger Stripe Prizms,false,,RJ Hampton,
base,286,Fast Break Blue Prizms,false,,RJ Hampton,
base,286,Fast Break Bronze Prizms,false,,RJ Hampton,
base,286,Fast Break Neon Green Prizms,false,,RJ Hampton,
base,286,Fast Break Prizms,false,,RJ Hampton,
base,286,Fast Break Purple Prizms,false,,RJ Hampton,
base,286,Fast Break Red Prizms,false,,RJ Hampton,
base,286,Gold Prizms,false,,RJ Hampton,
base,286,Gold Shimmer Prizms,false,,RJ Hampton,
base,286,Gold Wave Prizms,false,,RJ Hampton,
base,286,Green Ice Prizms,false,,RJ Hampton,
base,286,Green Prizms,false,,RJ Hampton,
base,286,Green Pulsar Prizms,false,,RJ Hampton,
base,286,Green Shimmer Prizms,false,,RJ Hampton,
base,286,Hyper Prizms,false,,RJ Hampton,
base,286,Lucky Envelopes Prizms,false,,RJ Hampton,
base,286,Mojo Prizms,false,,RJ Hampton,
base,286,Orange Ice Prizms,false,,RJ Hampton,
base,286,Orange Prizms,false,,RJ Hampton,
base,286,Orange Wave Prizms,false,,RJ Hampton,
base,286,Pink Ice Prizms,false,,RJ Hampton,
base,286,Pink Pulsar Prizms,false,,RJ Hampton,
base,286,Purple Ice Prizms,false,,RJ Hampton,
base,286,Purple Prizms,false,,RJ Hampton,
base,286,Purple Pulsar Prizms,false,,RJ Hampton,
base,286,Purple Wave Prizms,false,,RJ Hampton,
base,286,Red Ice Prizms,false,,RJ Hampton,
base,286,Red Prizms,false,,RJ Hampton,
base,286,"Red, White and Blue Prizms",false,,RJ Hampton,
base,286,Ruby Wave Prizms,false,,RJ Hampton,
base,286,Silver Prizms,false,,RJ Hampton,
base,286,White Sparkle Prizm,false,,RJ Hampton,
base,286,Fast Break Pink Prizms,false,,RJ Hampton,
base,286,Black Prizms,false,,RJ Hampton,
base,286,Black Shimmer Prizms,false,,RJ Hampton,
base,286,Blue Ice Prizms,false,,RJ Hampton,
base,286,Black Gold Prizms,false,,RJ Hampton,
base,143,Blue Prizms,false,,Jerami Grant,
base,143,Blue Shimmer Prizms,false,,Jerami Grant,
base,143,Blue Wave Prizms,false,,Jerami Grant,
base,143,Choice Blue Prizms,false,,Jerami Grant,
base,143,"Choice Blue, Yellow and Green Prizms",false,,Jerami Grant,
base,143,Choice Green Prizms,false,,Jerami Grant,
base,143,Choice Nebula Prizms,false,,Jerami Grant,
base,143,Choice Red Prizms,false,,Jerami Grant,
base,143,Choice Tiger Stripe Prizms,false,,Jerami Grant,
base,143,Fast Break Blue Prizms,false,,Jerami Grant,
base,143,Fast Break Bronze Prizms,false,,Jerami Grant,
base,143,Fast Break Neon Green Prizms,false,,Jerami Grant,
base,143,Fast Break Prizms,false,,Jerami Grant,
base,143,Fast Break Purple Prizms,false,,Jerami Grant,
base,143,Fast Break Red Prizms,false,,Jerami Grant,
base,143,Gold Prizms,false,,Jerami Grant,
base,143,Gold Shimmer Prizms,false,,Jerami Grant,
base,143,Gold Wave Prizms,false,,Jerami Grant,
base,143,Green Ice Prizms,false,,Jerami Grant,
base,143,Green Prizms,false,,Jerami Grant,
base,143,Green Pulsar Prizms,false,,Jerami Grant,
base,143,Green Shimmer Prizms,false,,Jerami Grant,
base,143,Hyper Prizms,false,,Jerami Grant,
base,143,Lucky Envelopes Prizms,false,,Jerami Grant,
base,143,Mojo Prizms,false,,Jerami Grant,
base,143,Orange Ice Prizms,false,,Jerami Grant,
base,143,Orange Prizms,false,,Jerami Grant,
base,143,Orange Wave Prizms,false,,Jerami Grant,
base,143,Pink Ice Prizms,false,,Jerami Grant,
base,143,Pink Pulsar Prizms,false,,Jerami Grant,
base,143,Purple Ice Prizms,false,,Jerami Grant,
base,143,Purple Prizms,false,,Jerami Grant,
base,143,Purple Pulsar Prizms,false,,Jerami Grant,
base,143,Purple Wave Prizms,false,,Jerami Grant,
base,143,Red Ice Prizms,false,,Jerami Grant,
base,143,Red Prizms,false,,Jerami Grant,
base,143,"Red, White and Blue Prizms",false,,Jerami Grant,
base,143,Ruby Wave Prizms,false,,Jerami Grant,
base,143,Silver Prizms,false,,Jerami Grant,
base,143,White Sparkle Prizm,false,,Jerami Grant,
base,143,Fast Break Pink Prizms,false,,Jerami Grant,
base,143,Black Prizms,false,,Jerami Grant,
base,143,Black Shimmer Prizms,false,,Jerami Grant,
base,143,Blue Ice Prizms,false,,Jerami Grant,
base,143,Black Gold Prizms,false,,Jerami Grant,
insert-instant-impact,10,Prizms Green,false,,RJ Hampton,
insert-instant-impact,10,Prizms Silver,false,,RJ Hampton,
base,16,Blue Prizms,false,,Gary Harris,
base,16,Blue Shimmer Prizms,false,,Gary Harris,
base,16,Blue Wave Prizms,false,,Gary Harris,
base,16,Choice Blue Prizms,false,,Gary Harris,
base,16,"Choice Blue, Yellow and Green Prizms",false,,Gary Harris,
base,16,Choice Green Prizms,false,,Gary Harris,
base,16,Choice Nebula Prizms,false,,Gary Harris,
base,16,Choice Red Prizms,false,,Gary Harris,
base,16,Choice Tiger Stripe Prizms,false,,Gary Harris,
base,16,Fast Break Blue Prizms,false,,Gary Harris,
base,16,Fast Break Bronze Prizms,false,,Gary Harris,
base,16,Fast Break Neon Green Prizms,false,,Gary Harris,
base,16,Fast Break Prizms,false,,Gary Harris,
base,16,Fast Break Purple Prizms,false,,Gary Harris,
base,16,Fast Break Red Prizms,false,,Gary Harris,
base,16,Gold Prizms,false,,Gary Harris,
base,16,Gold Shimmer Prizms,false,,Gary Harris,
base,16,Gold Wave Prizms,false,,Gary Harris,
base,16,Green Ice Prizms,false,,Gary Harris,
base,16,Green Prizms,false,,Gary Harris,
base,16,Green Pulsar Prizms,false,,Gary Harris,
base,16,Green Shimmer Prizms,false,,Gary Harris,
base,16,Hyper Prizms,false,,Gary Harris,
base,16,Lucky Envelopes Prizms,false,,Gary Harris,
base,16,Mojo Prizms,false,,Gary Harris,
base,16,Orange Ice Prizms,false,,Gary Harris,
base,16,Orange Prizms,false,,Gary Harris,
base,16,Orange Wave Prizms,false,,Gary Harris,
base,16,Pink Ice Prizms,false,,Gary Harris,
base,16,Pink Pulsar Prizms,false,,Gary Harris,
base,16,Purple Ice Prizms,false,,Gary Harris,
base,16,Purple Prizms,false,,Gary Harris,
base,16,Purple Pulsar Prizms,false,,Gary Harris,
base,16,Purple Wave Prizms,false,,Gary Harris,
base,16,Red Ice Prizms,false,,Gary Harris,
base,16,Red Prizms,false,,Gary Harris,
base,16,"Red, White and Blue Prizms",false,,Gary Harris,
base,16,Ruby Wave Prizms,false,,Gary Harris,
base,16,Silver Prizms,false,,Gary Harris,
base,16,White Sparkle Prizm,false,,Gary Harris,
base,16,Fast Break Pink Prizms,false,,Gary Harris,
base,16,Black Prizms,false,,Gary Harris,
base,16,Black Shimmer Prizms,false,,Gary Harris,
base,16,Blue Ice Prizms,false,,Gary Harris,
base,16,Black Gold Prizms,false,,Gary Harris,
insert-sensational-swatches,SSW-GHR,Prizms Orange Ice,false,,Gary Harris,
insert-sensational-swatches,SSW-GHR,Prizms Green Ice,false,56,Gary Harris,
insert-sensational-swatches,SSW-GHR,Prime,false,10,Gary Harris,
base,124,Blue Prizms,false,,Jamal Murray,
base,124,Blue Shimmer Prizms,false,,Jamal Murray,
base,124,Blue Wave Prizms,false,,Jamal Murray,
base,124,Choice Blue Prizms,false,,Jamal Murray,
base,124,"Choice Blue, Yellow and Green Prizms",false,,Jamal Murray,
base,124,Choice Green Prizms,false,,Jamal Murray,
base,124,Choice Nebula Prizms,false,,Jamal Murray,
base,124,Choice Red Prizms,false,,Jamal Murray,
base,124,Choice Tiger Stripe Prizms,false,,Jamal Murray,
base,124,Fast Break Blue Prizms,false,,Jamal Murray,
base,124,Fast Break Bronze Prizms,false,,Jamal Murray,
base,124,Fast Break Neon Green Prizms,false,,Jamal Murray,
base,124,Fast Break Prizms,false,,Jamal Murray,
base,124,Fast Break Purple Prizms,false,,Jamal Murray,
base,124,Fast Break Red Prizms,false,,Jamal Murray,
base,124,Gold Prizms,false,,Jamal Murray,
base,124,Gold Shimmer Prizms,false,,Jamal Murray,
base,124,Gold Wave Prizms,false,,Jamal Murray,
base,124,Green Ice Prizms,false,,Jamal Murray,
base,124,Green Prizms,false,,Jamal Murray,
base,124,Green Pulsar Prizms,false,,Jamal Murray,
base,124,Green Shimmer Prizms,false,,Jamal Murray,
base,124,Hyper Prizms,false,,Jamal Murray,
base,124,Lucky Envelopes Prizms,false,,Jamal Murray,
base,124,Mojo Prizms,false,,Jamal Murray,
base,124,Orange Ice Prizms,false,,Jamal Murray,
base,124,Orange Prizms,false,,Jamal Murray,
base,124,Orange Wave Prizms,false,,Jamal Murray,
base,124,Pink Ice Prizms,false,,Jamal Murray,
base,124,Pink Pulsar Prizms,false,,Jamal Murray,
base,124,Purple Ice Prizms,false,,Jamal Murray,
base,124,Purple Prizms,false,,Jamal Murray,
base,124,Purple Pulsar Prizms,false,,Jamal Murray,
base,124,Purple Wave Prizms,false,,Jamal Murray,
base,124,Red Ice Prizms,false,,Jamal Murray,
base,124,Red Prizms,false,,Jamal Murray,
base,124,"Red, White and Blue Prizms",false,,Jamal Murray,
base,124,Ruby Wave Prizms,false,,Jamal Murray,
base,124,Silver Prizms,false,,Jamal Murray,
base,124,White Sparkle Prizm,false,,Jamal Murray,
base,124,Fast Break Pink Prizms,false,,Jamal Murray,
base,124,Black Prizms,false,,Jamal Murray,
base,124,Black Shimmer Prizms,false,,Jamal Murray,
base,124,Blue Ice Prizms,false,,Jamal Murray,
base,124,Black Gold Prizms,false,,Jamal Murray,
auto-fast-break-rookie-autographs,FR-RJH,Gold,true,10,RJ Hampton,
auto-fast-break-rookie-autographs,FR-RJH,Black,true,1,RJ Hampton,
auto-signatures,SI-TCR,Prizms Choice,true,,Torrey Craig,
auto-signatures,SI-TCR,Prizms Silver,true,,Torrey Craig,
auto-signatures,SI-TCR,Prizms Mojo,true,25,Torrey Craig,
auto-signatures,SI-TCR,Prizms Gold,true,10,Torrey Craig,
auto-signatures,SI-TCR,Prizms Choice Green,true,8,Torrey Craig,
auto-signatures,SI-TCR,Prizms Black,true,1,Torrey Craig,
insert-sensational-swatches,SSW-DMU,Prizms Orange Ice,false,,Dikembe Mutombo,
insert-sensational-swatches,SSW-DMU,Prizms Green Ice,false,56,Dikembe Mutombo,
insert-sensational-swatches,SSW-DMU,Prime,false,10,Dikembe Mutombo,
auto-fast-break-autographs,FBA-BOL,Gold,true,10,Bol Bol,
auto-fast-break-autographs,FBA-BOL,Black,true,1,Bol Bol,
insert-penmanship,PE-MON,Prizms Orange Ice,false,,Monte Morris,
insert-penmanship,PE-MON,Prizms Silver,false,,Monte Morris,
insert-penmanship,PE-MON,Prizms Green Ice,false,16,Monte Morris,
base,266,Blue Prizms,false,,Zeke Nnaji,
base,266,Blue Shimmer Prizms,false,,Zeke Nnaji,
base,266,Blue Wave Prizms,false,,Zeke Nnaji,
base,266,Choice Blue Prizms,false,,Zeke Nnaji,
base,266,"Choice Blue, Yellow and Green Prizms",false,,Zeke Nnaji,
base,266,Choice Green Prizms,false,,Zeke Nnaji,
base,266,Choice Nebula Prizms,false,,Zeke Nnaji,
base,266,Choice Red Prizms,false,,Zeke Nnaji,
base,266,Choice Tiger Stripe Prizms,false,,Zeke Nnaji,
base,266,Fast Break Blue Prizms,false,,Zeke Nnaji,
base,266,Fast Break Bronze Prizms,false,,Zeke Nnaji,
base,266,Fast Break Neon Green Prizms,false,,Zeke Nnaji,
base,266,Fast Break Prizms,false,,Zeke Nnaji,
base,266,Fast Break Purple Prizms,false,,Zeke Nnaji,
base,266,Fast Break Red Prizms,false,,Zeke Nnaji,
base,266,Gold Prizms,false,,Zeke Nnaji,
base,266,Gold Shimmer Prizms,false,,Zeke Nnaji,
base,266,Gold Wave Prizms,false,,Zeke Nnaji,
base,266,Green Ice Prizms,false,,Zeke Nnaji,
base,266,Green Prizms,false,,Zeke Nnaji,
base,266,Green Pulsar Prizms,false,,Zeke Nnaji,
base,266,Green Shimmer Prizms,false,,Zeke Nnaji,
base,266,Hyper Prizms,false,,Zeke Nnaji,
base,266,Lucky Envelopes Prizms,false,,Zeke Nnaji,
base,266,Mojo Prizms,false,,Zeke Nnaji,
base,266,Orange Ice Prizms,false,,Zeke Nnaji,
base,266,Orange Prizms,false,,Zeke Nnaji,
base,266,Orange Wave Prizms,false,,Zeke Nnaji,
base,266,Pink Ice Prizms,false,,Zeke Nnaji,
base,266,Pink Pulsar Prizms,false,,Zeke Nnaji,
base,266,Purple Ice Prizms,false,,Zeke Nnaji,
base,266,Purple Prizms,false,,Zeke Nnaji,
base,266,Purple Pulsar Prizms,false,,Zeke Nnaji,
base,266,Purple Wave Prizms,false,,Zeke Nnaji,
base,266,Red Ice Prizms,false,,Zeke Nnaji,
base,266,Red Prizms,false,,Zeke Nnaji,
base,266,"Red, White and Blue Prizms",false,,Zeke Nnaji,
base,266,Ruby Wave Prizms,false,,Zeke Nnaji,
base,266,Silver Prizms,false,,Zeke Nnaji,
base,266,White Sparkle Prizm,false,,Zeke Nnaji,
base,266,Fast Break Pink Prizms,false,,Zeke Nnaji,
base,266,Black Prizms,false,,Zeke Nnaji,
base,266,Black Shimmer Prizms,false,,Zeke Nnaji,
base,266,Blue Ice Prizms,false,,Zeke Nnaji,
base,266,Black Gold Prizms,false,,Zeke Nnaji,
insert-penmanship,PE-MPL,Prizms Orange Ice,false,,Mason Plumlee,
insert-penmanship,PE-MPL,Prizms Silver,false,,Mason Plumlee,
insert-penmanship,PE-MPL,Prizms Green Ice,false,16,Mason Plumlee,
auto-sensational-signatures,SS-ZNJ,Prizms Silver,true,,Zeke Nnaji,
auto-sensational-signatures,SS-ZNJ,Prizms Choice,true,,Zeke Nnaji,
auto-sensational-signatures,SS-ZNJ,Prizms Mojo,true,25,Zeke Nnaji,
auto-sensational-signatures,SS-ZNJ,Prizms Gold,true,10,Zeke Nnaji,
auto-sensational-signatures,SS-ZNJ,Prizms Choice Green,true,8,Zeke Nnaji,
auto-sensational-signatures,SS-ZNJ,Prizms Black,true,1,Zeke Nnaji,
base,114,Blue Prizms,false,,Nikola Jokic,
base,114,Blue Shimmer Prizms,false,,Nikola Jokic,
base,114,Blue Wave Prizms,false,,Nikola Jokic,
base,114,Choice Blue Prizms,false,,Nikola Jokic,
base,114,"Choice Blue, Yellow and Green Prizms",false,,Nikola Jokic,
base,114,Choice Green Prizms,false,,Nikola Jokic,
base,114,Choice Nebula Prizms,false,,Nikola Jokic,
base,114,Choice Red Prizms,false,,Nikola Jokic,
base,114,Choice Tiger Stripe Prizms,false,,Nikola Jokic,
base,114,Fast Break Blue Prizms,false,,Nikola Jokic,
base,114,Fast Break Bronze Prizms,false,,Nikola Jokic,
base,114,Fast Break Neon Green Prizms,false,,Nikola Jokic,
base,114,Fast Break Prizms,false,,Nikola Jokic,
base,114,Fast Break Purple Prizms,false,,Nikola Jokic,
base,114,Fast Break Red Prizms,false,,Nikola Jokic,
base,114,Gold Prizms,false,,Nikola Jokic,
base,114,Gold Shimmer Prizms,false,,Nikola Jokic,
base,114,Gold Wave Prizms,false,,Nikola Jokic,
base,114,Green Ice Prizms,false,,Nikola Jokic,
base,114,Green Prizms,false,,Nikola Jokic,
base,114,Green Pulsar Prizms,false,,Nikola Jokic,
base,114,Green Shimmer Prizms,false,,Nikola Jokic,
base,114,Hyper Prizms,false,,Nikola Jokic,
base,114,Lucky Envelopes Prizms,false,,Nikola Jokic,
base,114,Mojo Prizms,false,,Nikola Jokic,
base,114,Orange Ice Prizms,false,,Nikola Jokic,
base,114,Orange Prizms,false,,Nikola Jokic,
base,114,Orange Wave Prizms,false,,Nikola Jokic,
base,114,Pink Ice Prizms,false,,Nikola Jokic,
base,114,Pink Pulsar Prizms,false,,Nikola Jokic,
base,114,Purple Ice Prizms,false,,Nikola Jokic,
base,114,Purple Prizms,false,,Nikola Jokic,
base,114,Purple Pulsar Prizms,false,,Nikola Jokic,
base,114,Purple Wave Prizms,false,,Nikola Jokic,
base,114,Red Ice Prizms,false,,Nikola Jokic,
base,114,Red Prizms,false,,Nikola Jokic,
base,114,"Red, White and Blue Prizms",false,,Nikola Jokic,
base,114,Ruby Wave Prizms,false,,Nikola Jokic,
base,114,Silver Prizms,false,,Nikola Jokic,
base,114,White Sparkle Prizm,false,,Nikola Jokic,
base,114,Fast Break Pink Prizms,false,,Nikola Jokic,
base,114,Black Prizms,false,,Nikola Jokic,
base,114,Black Shimmer Prizms,false,,Nikola Jokic,
base,114,Blue Ice Prizms,false,,Nikola Jokic,
base,114,Black Gold Prizms,false,,Nikola Jokic,
base,44,Blue Prizms,false,,Paul Millsap,
base,44,Blue Shimmer Prizms,false,,Paul Millsap,
base,44,Blue Wave Prizms,false,,Paul Millsap,
base,44,Choice Blue Prizms,false,,Paul Millsap,
base,44,"Choice Blue, Yellow and Green Prizms",false,,Paul Millsap,
base,44,Choice Green Prizms,false,,Paul Millsap,
base,44,Choice Nebula Prizms,false,,Paul Millsap,
base,44,Choice Red Prizms,false,,Paul Millsap,
base,44,Choice Tiger Stripe Prizms,false,,Paul Millsap,
base,44,Fast Break Blue Prizms,false,,Paul Millsap,
base,44,Fast Break Bronze Prizms,false,,Paul Millsap,
base,44,Fast Break Neon Green Prizms,false,,Paul Millsap,
base,44,Fast Break Prizms,false,,Paul Millsap,
base,44,Fast Break Purple Prizms,false,,Paul Millsap,
base,44,Fast Break Red Prizms,false,,Paul Millsap,
base,44,Gold Prizms,false,,Paul Millsap,
base,44,Gold Shimmer Prizms,false,,Paul Millsap,
base,44,Gold Wave Prizms,false,,Paul Millsap,
base,44,Green Ice Prizms,false,,Paul Millsap,
base,44,Green Prizms,false,,Paul Millsap,
base,44,Green Pulsar Prizms,false,,Paul Millsap,
base,44,Green Shimmer Prizms,false,,Paul Millsap,
base,44,Hyper Prizms,false,,Paul Millsap,
base,44,Lucky Envelopes Prizms,false,,Paul Millsap,
base,44,Mojo Prizms,false,,Paul Millsap,
base,44,Orange Ice Prizms,false,,Paul Millsap,
base,44,Orange Prizms,false,,Paul Millsap,
base,44,Orange Wave Prizms,false,,Paul Millsap,
base,44,Pink Ice Prizms,false,,Paul Millsap,
base,44,Pink Pulsar Prizms,false,,Paul Millsap,
base,44,Purple Ice Prizms,false,,Paul Millsap,
base,44,Purple Prizms,false,,Paul Millsap,
base,44,Purple Pulsar Prizms,false,,Paul Millsap,
base,44,Purple Wave Prizms,false,,Paul Millsap,
base,44,Red Ice Prizms,false,,Paul Millsap,
base,44,Red Prizms,false,,Paul Millsap,
base,44,"Red, White and Blue Prizms",false,,Paul Millsap,
base,44,Ruby Wave Prizms,false,,Paul Millsap,
base,44,Silver Prizms,false,,Paul Millsap,
base,44,White Sparkle Prizm,false,,Paul Millsap,
base,44,Fast Break Pink Prizms,false,,Paul Millsap,
base,44,Black Prizms,false,,Paul Millsap,
base,44,Black Shimmer Prizms,false,,Paul Millsap,
base,44,Blue Ice Prizms,false,,Paul Millsap,
base,44,Black Gold Prizms,false,,Paul Millsap,
auto-sensational-signatures,SS-RJH,Prizms Silver,true,,RJ Hampton,
auto-sensational-signatures,SS-RJH,Prizms Choice,true,,RJ Hampton,
auto-sensational-signatures,SS-RJH,Prizms Mojo,true,25,RJ Hampton,
auto-sensational-signatures,SS-RJH,Prizms Gold,true,10,RJ Hampton,
auto-sensational-signatures,SS-RJH,Prizms Choice Green,true,8,RJ Hampton,
auto-sensational-signatures,SS-RJH,Prizms Black,true,1,RJ Hampton,
insert-emergent,26,Prizms Green,false,,RJ Hampton,
insert-emergent,26,Prizms Silver,false,,RJ Hampton,
insert-rookie-penmanship,RP-RJH,Prizms Orange Ice,false,,RJ Hampton,
insert-rookie-penmanship,RP-RJH,Prizms Blue Wave,false,,RJ Hampton,
insert-rookie-penmanship,RP-RJH,Prizms Silver,false,,RJ Hampton,
insert-rookie-penmanship,RP-RJH,Prizms Gold Wave,false,,RJ Hampton,
insert-rookie-penmanship,RP-RJH,Prizms Green Ice,false,16,RJ Hampton,
base,7,Blue Prizms,false,,Torrey Craig,
base,7,Blue Shimmer Prizms,false,,Torrey Craig,
base,7,Blue Wave Prizms,false,,Torrey Craig,
base,7,Choice Blue Prizms,false,,Torrey Craig,
base,7,"Choice Blue, Yellow and Green Prizms",false,,Torrey Craig,
base,7,Choice Green Prizms,false,,Torrey Craig,
base,7,Choice Nebula Prizms,false,,Torrey Craig,
base,7,Choice Red Prizms,false,,Torrey Craig,
base,7,Choice Tiger Stripe Prizms,false,,Torrey Craig,
base,7,Fast Break Blue Prizms,false,,Torrey Craig,
base,7,Fast Break Bronze Prizms,false,,Torrey Craig,
base,7,Fast Break Neon Green Prizms,false,,Torrey Craig,
base,7,Fast Break Prizms,false,,Torrey Craig,
base,7,Fast Break Purple Prizms,false,,Torrey Craig,
base,7,Fast Break Red Prizms,false,,Torrey Craig,
base,7,Gold Prizms,false,,Torrey Craig,
base,7,Gold Shimmer Prizms,false,,Torrey Craig,
base,7,Gold Wave Prizms,false,,Torrey Craig,
base,7,Green Ice Prizms,false,,Torrey Craig,
base,7,Green Prizms,false,,Torrey Craig,
base,7,Green Pulsar Prizms,false,,Torrey Craig,
base,7,Green Shimmer Prizms,false,,Torrey Craig,
base,7,Hyper Prizms,false,,Torrey Craig,
base,7,Lucky Envelopes Prizms,false,,Torrey Craig,
base,7,Mojo Prizms,false,,Torrey Craig,
base,7,Orange Ice Prizms,false,,Torrey Craig,
base,7,Orange Prizms,false,,Torrey Craig,
base,7,Orange Wave Prizms,false,,Torrey Craig,
base,7,Pink Ice Prizms,false,,Torrey Craig,
base,7,Pink Pulsar Prizms,false,,Torrey Craig,
base,7,Purple Ice Prizms,false,,Torrey Craig,
base,7,Purple Prizms,false,,Torrey Craig,
base,7,Purple Pulsar Prizms,false,,Torrey Craig,
base,7,Purple Wave Prizms,false,,Torrey Craig,
base,7,Red Ice Prizms,false,,Torrey Craig,
base,7,Red Prizms,false,,Torrey Craig,
base,7,"Red, White and Blue Prizms",false,,Torrey Craig,
base,7,Ruby Wave Prizms,false,,Torrey Craig,
base,7,Silver Prizms,false,,Torrey Craig,
base,7,White Sparkle Prizm,false,,Torrey Craig,
base,7,Fast Break Pink Prizms,false,,Torrey Craig,
base,7,Black Prizms,false,,Torrey Craig,
base,7,Black Shimmer Prizms,false,,Torrey Craig,
base,7,Blue Ice Prizms,false,,Torrey Craig,
base,7,Black Gold Prizms,false,,Torrey Craig,
insert-dominance,19,Prizms Green,false,,Nikola Jokic,
insert-dominance,19,Prizms Silver,false,,Nikola Jokic,
auto-sensational-signatures,SS-SLE,Prizms Silver,true,,Saben Lee,
auto-sensational-signatures,SS-SLE,Prizms Choice,true,,Saben Lee,
auto-sensational-signatures,SS-SLE,Prizms Mojo,true,25,Saben Lee,
auto-sensational-signatures,SS-SLE,Prizms Gold,true,10,Saben Lee,
auto-sensational-signatures,SS-SLE,Prizms Choice Green,true,8,Saben Lee,
auto-sensational-signatures,SS-SLE,Prizms Black,true,1,Saben Lee,
auto-sensational-signatures,SS-SBY,Prizms Silver,true,,Saddiq Bey,
auto-sensational-signatures,SS-SBY,Prizms Choice,true,,Saddiq Bey,
auto-sensational-signatures,SS-SBY,Prizms Mojo,true,25,Saddiq Bey,
auto-sensational-signatures,SS-SBY,Prizms Gold,true,10,Saddiq Bey,
auto-sensational-signatures,SS-SBY,Prizms Choice Green,true,8,Saddiq Bey,
auto-sensational-signatures,SS-SBY,Prizms Black,true,1,Saddiq Bey,
insert-emergent,7,Prizms Green,false,,Killian Hayes,
insert-emergent,7,Prizms Silver,false,,Killian Hayes,
base,62,Blue Prizms,false,,Blake Griffin,
base,62,Blue Shimmer Prizms,false,,Blake Griffin,
base,62,Blue Wave Prizms,false,,Blake Griffin,
base,62,Choice Blue Prizms,false,,Blake Griffin,
base,62,"Choice Blue, Yellow and Green Prizms",false,,Blake Griffin,
base,62,Choice Green Prizms,false,,Blake Griffin,
base,62,Choice Nebula Prizms,false,,Blake Griffin,
base,62,Choice Red Prizms,false,,Blake Griffin,
base,62,Choice Tiger Stripe Prizms,false,,Blake Griffin,
base,62,Fast Break Blue Prizms,false,,Blake Griffin,
base,62,Fast Break Bronze Prizms,false,,Blake Griffin,
base,62,Fast Break Neon Green Prizms,false,,Blake Griffin,
base,62,Fast Break Prizms,false,,Blake Griffin,
base,62,Fast Break Purple Prizms,false,,Blake Griffin,
base,62,Fast Break Red Prizms,false,,Blake Griffin,
base,62,Gold Prizms,false,,Blake Griffin,
base,62,Gold Shimmer Prizms,false,,Blake Griffin,
base,62,Gold Wave Prizms,false,,Blake Griffin,
base,62,Green Ice Prizms,false,,Blake Griffin,
base,62,Green Prizms,false,,Blake Griffin,
base,62,Green Pulsar Prizms,false,,Blake Griffin,
base,62,Green Shimmer Prizms,false,,Blake Griffin,
base,62,Hyper Prizms,false,,Blake Griffin,
base,62,Lucky Envelopes Prizms,false,,Blake Griffin,
base,62,Mojo Prizms,false,,Blake Griffin,
base,62,Orange Ice Prizms,false,,Blake Griffin,
base,62,Orange Prizms,false,,Blake Griffin,
base,62,Orange Wave Prizms,false,,Blake Griffin,
base,62,Pink Ice Prizms,false,,Blake Griffin,
base,62,Pink Pulsar Prizms,false,,Blake Griffin,
base,62,Purple Ice Prizms,false,,Blake Griffin,
base,62,Purple Prizms,false,,Blake Griffin,
base,62,Purple Pulsar Prizms,false,,Blake Griffin,
base,62,Purple Wave Prizms,false,,Blake Griffin,
base,62,Red Ice Prizms,false,,Blake Griffin,
base,62,Red Prizms,false,,Blake Griffin,
base,62,"Red, White and Blue Prizms",false,,Blake Griffin,
base,62,Ruby Wave Prizms,false,,Blake Griffin,
base,62,Silver Prizms,false,,Blake Griffin,
base,62,White Sparkle Prizm,false,,Blake Griffin,
base,62,Fast Break Pink Prizms,false,,Blake Griffin,
base,62,Black Prizms,false,,Blake Griffin,
base,62,Black Shimmer Prizms,false,,Blake Griffin,
base,62,Blue Ice Prizms,false,,Blake Griffin,
base,62,Black Gold Prizms,false,,Blake Griffin,
auto-sensational-signatures,SS-IST,Prizms Silver,true,,Isaiah Stewart,
auto-sensational-signatures,SS-IST,Prizms Choice,true,,Isaiah Stewart,
auto-sensational-signatures,SS-IST,Prizms Mojo,true,25,Isaiah Stewart,
auto-sensational-signatures,SS-IST,Prizms Gold,true,10,Isaiah Stewart,
auto-sensational-signatures,SS-IST,Prizms Choice Green,true,8,Isaiah Stewart,
auto-sensational-signatures,SS-IST,Prizms Black,true,1,Isaiah Stewart,
base,227,Blue Prizms,false,,Langston Galloway,
base,227,Blue Shimmer Prizms,false,,Langston Galloway,
base,227,Blue Wave Prizms,false,,Langston Galloway,
base,227,Choice Blue Prizms,false,,Langston Galloway,
base,227,"Choice Blue, Yellow and Green Prizms",false,,Langston Galloway,
base,227,Choice Green Prizms,false,,Langston Galloway,
base,227,Choice Nebula Prizms,false,,Langston Galloway,
base,227,Choice Red Prizms,false,,Langston Galloway,
base,227,Choice Tiger Stripe Prizms,false,,Langston Galloway,
base,227,Fast Break Blue Prizms,false,,Langston Galloway,
base,227,Fast Break Bronze Prizms,false,,Langston Galloway,
base,227,Fast Break Neon Green Prizms,false,,Langston Galloway,
base,227,Fast Break Prizms,false,,Langston Galloway,
base,227,Fast Break Purple Prizms,false,,Langston Galloway,
base,227,Fast Break Red Prizms,false,,Langston Galloway,
base,227,Gold Prizms,false,,Langston Galloway,
base,227,Gold Shimmer Prizms,false,,Langston Galloway,
base,227,Gold Wave Prizms,false,,Langston Galloway,
base,227,Green Ice Prizms,false,,Langston Galloway,
base,227,Green Prizms,false,,Langston Galloway,
base,227,Green Pulsar Prizms,false,,Langston Galloway,
base,227,Green Shimmer Prizms,false,,Langston Galloway,
base,227,Hyper Prizms,false,,Langston Galloway,
base,227,Lucky Envelopes Prizms,false,,Langston Galloway,
base,227,Mojo Prizms,false,,Langston Galloway,
base,227,Orange Ice Prizms,false,,Langston Galloway,
base,227,Orange Prizms,false,,Langston Galloway,
base,227,Orange Wave Prizms,false,,Langston Galloway,
base,227,Pink Ice Prizms,false,,Langston Galloway,
base,227,Pink Pulsar Prizms,false,,Langston Galloway,
base,227,Purple Ice Prizms,false,,Langston Galloway,
base,227,Purple Prizms,false,,Langston Galloway,
base,227,Purple Pulsar Prizms,false,,Langston Galloway,
base,227,Purple Wave Prizms,false,,Langston Galloway,
base,227,Red Ice Prizms,false,,Langston Galloway,
base,227,Red Prizms,false,,Langston Galloway,
base,227,"Red, White and Blue Prizms",false,,Langston Galloway,
base,227,Ruby Wave Prizms,false,,Langston Galloway,
base,227,Silver Prizms,false,,Langston Galloway,
base,227,White Sparkle Prizm,false,,Langston Galloway,
base,227,Fast Break Pink Prizms,false,,Langston Galloway,
base,227,Black Prizms,false,,Langston Galloway,
base,227,Black Shimmer Prizms,false,,Langston Galloway,
base,227,Blue Ice Prizms,false,,Langston Galloway,
base,227,Black Gold Prizms,false,,Langston Galloway,
base,270,Blue Prizms,false,,Killian Hayes,
base,270,Blue Shimmer Prizms,false,,Killian Hayes,
base,270,Blue Wave Prizms,false,,Killian Hayes,
base,270,Choice Blue Prizms,false,,Killian Hayes,
base,270,"Choice Blue, Yellow and Green Prizms",false,,Killian Hayes,
base,270,Choice Green Prizms,false,,Killian Hayes,
base,270,Choice Nebula Prizms,false,,Killian Hayes,
base,270,Choice Red Prizms,false,,Killian Hayes,
base,270,Choice Tiger Stripe Prizms,false,,Killian Hayes,
base,270,Fast Break Blue Prizms,false,,Killian Hayes,
base,270,Fast Break Bronze Prizms,false,,Killian Hayes,
base,270,Fast Break Neon Green Prizms,false,,Killian Hayes,
base,270,Fast Break Prizms,false,,Killian Hayes,
base,270,Fast Break Purple Prizms,false,,Killian Hayes,
base,270,Fast Break Red Prizms,false,,Killian Hayes,
base,270,Gold Prizms,false,,Killian Hayes,
base,270,Gold Shimmer Prizms,false,,Killian Hayes,
base,270,Gold Wave Prizms,false,,Killian Hayes,
base,270,Green Ice Prizms,false,,Killian Hayes,
base,270,Green Prizms,false,,Killian Hayes,
base,270,Green Pulsar Prizms,false,,Killian Hayes,
base,270,Green Shimmer Prizms,false,,Killian Hayes,
base,270,Hyper Prizms,false,,Killian Hayes,
base,270,Lucky Envelopes Prizms,false,,Killian Hayes,
base,270,Mojo Prizms,false,,Killian Hayes,
base,270,Orange Ice Prizms,false,,Killian Hayes,
base,270,Orange Prizms,false,,Killian Hayes,
base,270,Orange Wave Prizms,false,,Killian Hayes,
base,270,Pink Ice Prizms,false,,Killian Hayes,
base,270,Pink Pulsar Prizms,false,,Killian Hayes,
base,270,Purple Ice Prizms,false,,Killian Hayes,
base,270,Purple Prizms,false,,Killian Hayes,
base,270,Purple Pulsar Prizms,false,,Killian Hayes,
base,270,Purple Wave Prizms,false,,Killian Hayes,
base,270,Red Ice Prizms,false,,Killian Hayes,
base,270,Red Prizms,false,,Killian Hayes,
base,270,"Red, White and Blue Prizms",false,,Killian Hayes,
base,270,Ruby Wave Prizms,false,,Killian Hayes,
base,270,Silver Prizms,false,,Killian Hayes,
base,270,White Sparkle Prizm,false,,Killian Hayes,
base,270,Fast Break Pink Prizms,false,,Killian Hayes,
base,270,Black Prizms,false,,Killian Hayes,
base,270,Black Shimmer Prizms,false,,Killian Hayes,
base,270,Blue Ice Prizms,false,,Killian Hayes,
base,270,Black Gold Prizms,false,,Killian Hayes,
insert-instant-impact,22,Prizms Green,false,,Isaiah Stewart,
insert-instant-impact,22,Prizms Silver,false,,Isaiah Stewart,
insert-emergent,4,Prizms Green,false,,Saddiq Bey,
insert-emergent,4,Prizms Silver,false,,Saddiq Bey,
base,201,Blue Prizms,false,,Luke Kennard,
base,201,Blue Shimmer Prizms,false,,Luke Kennard,
base,201,Blue Wave Prizms,false,,Luke Kennard,
base,201,Choice Blue Prizms,false,,Luke Kennard,
base,201,"Choice Blue, Yellow and Green Prizms",false,,Luke Kennard,
base,201,Choice Green Prizms,false,,Luke Kennard,
base,201,Choice Nebula Prizms,false,,Luke Kennard,
base,201,Choice Red Prizms,false,,Luke Kennard,
base,201,Choice Tiger Stripe Prizms,false,,Luke Kennard,
base,201,Fast Break Blue Prizms,false,,Luke Kennard,
base,201,Fast Break Bronze Prizms,false,,Luke Kennard,
base,201,Fast Break Neon Green Prizms,false,,Luke Kennard,
base,201,Fast Break Prizms,false,,Luke Kennard,
base,201,Fast Break Purple Prizms,false,,Luke Kennard,
base,201,Fast Break Red Prizms,false,,Luke Kennard,
base,201,Gold Prizms,false,,Luke Kennard,
base,201,Gold Shimmer Prizms,false,,Luke Kennard,
base,201,Gold Wave Prizms,false,,Luke Kennard,
base,201,Green Ice Prizms,false,,Luke Kennard,
base,201,Green Prizms,false,,Luke Kennard,
base,201,Green Pulsar Prizms,false,,Luke Kennard,
base,201,Green Shimmer Prizms,false,,Luke Kennard,
base,201,Hyper Prizms,false,,Luke Kennard,
base,201,Lucky Envelopes Prizms,false,,Luke Kennard,
base,201,Mojo Prizms,false,,Luke Kennard,
base,201,Orange Ice Prizms,false,,Luke Kennard,
base,201,Orange Prizms,false,,Luke Kennard,
base,201,Orange Wave Prizms,false,,Luke Kennard,
base,201,Pink Ice Prizms,false,,Luke Kennard,
base,201,Pink Pulsar Prizms,false,,Luke Kennard,
base,201,Purple Ice Prizms,false,,Luke Kennard,
base,201,Purple Prizms,false,,Luke Kennard,
base,201,Purple Pulsar Prizms,false,,Luke Kennard,
base,201,Purple Wave Prizms,false,,Luke Kennard,
base,201,Red Ice Prizms,false,,Luke Kennard,
base,201,Red Prizms,false,,Luke Kennard,
base,201,"Red, White and Blue Prizms",false,,Luke Kennard,
base,201,Ruby Wave Prizms,false,,Luke Kennard,
base,201,Silver Prizms,false,,Luke Kennard,
base,201,White Sparkle Prizm,false,,Luke Kennard,
base,201,Fast Break Pink Prizms,false,,Luke Kennard,
base,201,Black Prizms,false,,Luke Kennard,
base,201,Black Shimmer Prizms,false,,Luke Kennard,
base,201,Blue Ice Prizms,false,,Luke Kennard,
base,201,Black Gold Prizms,false,,Luke Kennard,
insert-emergent,2,Prizms Green,false,,Isaiah Stewart,
insert-emergent,2,Prizms Silver,false,,Isaiah Stewart,
base,270b,Blue Prizms,false,,Killian Hayes,
base,270b,Blue Shimmer Prizms,false,,Killian Hayes,
base,270b,Blue Wave Prizms,false,,Killian Hayes,
base,270b,Choice Blue Prizms,false,,Killian Hayes,
base,270b,"Choice Blue, Yellow and Green Prizms",false,,Killian Hayes,
base,270b,Choice Green Prizms,false,,Killian Hayes,
base,270b,Choice Nebula Prizms,false,,Killian Hayes,
base,270b,Choice Red Prizms,false,,Killian Hayes,
base,270b,Choice Tiger Stripe Prizms,false,,Killian Hayes,
base,270b,Fast Break Blue Prizms,false,,Killian Hayes,
base,270b,Fast Break Bronze Prizms,false,,Killian Hayes,
base,270b,Fast Break Neon Green Prizms,false,,Killian Hayes,
base,270b,Fast Break Prizms,false,,Killian Hayes,
base,270b,Fast Break Purple Prizms,false,,Killian Hayes,
base,270b,Fast Break Red Prizms,false,,Killian Hayes,
base,270b,Gold Prizms,false,,Killian Hayes,
base,270b,Gold Shimmer Prizms,false,,Killian Hayes,
base,270b,Gold Wave Prizms,false,,Killian Hayes,
base,270b,Green Ice Prizms,false,,Killian Hayes,
base,270b,Green Prizms,false,,Killian Hayes,
base,270b,Green Pulsar Prizms,false,,Killian Hayes,
base,270b,Green Shimmer Prizms,false,,Killian Hayes,
base,270b,Hyper Prizms,false,,Killian Hayes,
base,270b,Lucky Envelopes Prizms,false,,Killian Hayes,
base,270b,Mojo Prizms,false,,Killian Hayes,
base,270b,Orange Ice Prizms,false,,Killian Hayes,
base,270b,Orange Prizms,false,,Killian Hayes,
base,270b,Orange Wave Prizms,false,,Killian Hayes,
base,270b,Pink Ice Prizms,false,,Killian Hayes,
base,270b,Pink Pulsar Prizms,false,,Killian Hayes,
base,270b,Purple Ice Prizms,false,,Killian Hayes,
base,270b,Purple Prizms,false,,Killian Hayes,
base,270b,Purple Pulsar Prizms,false,,Killian Hayes,
base,270b,Purple Wave Prizms,false,,Killian Hayes,
base,270b,Red Ice Prizms,false,,Killian Hayes,
base,270b,Red Prizms,false,,Killian Hayes,
base,270b,"Red, White and Blue Prizms",false,,Killian Hayes,
base,270b,Ruby Wave Prizms,false,,Killian Hayes,
base,270b,Silver Prizms,false,,Killian Hayes,
base,270b,White Sparkle Prizm,false,,Killian Hayes,
base,270b,Fast Break Pink Prizms,false,,Killian Hayes,
base,270b,Black Prizms,false,,Killian Hayes,
base,270b,Black Shimmer Prizms,false,,Killian Hayes,
base,270b,Blue Ice Prizms,false,,Killian Hayes,
base,270b,Black Gold Prizms,false,,Killian Hayes,
auto-signatures,SI-KBE,Prizms Choice,true,,Kent Benson,
auto-signatures,SI-KBE,Prizms Silver,true,,Kent Benson,
auto-signatures,SI-KBE,Prizms Mojo,true,25,Kent Benson,
auto-signatures,SI-KBE,Prizms Gold,true,10,Kent Benson,
auto-signatures,SI-KBE,Prizms Choice Green,true,8,Kent Benson,
auto-signatures,SI-KBE,Prizms Black,true,1,Kent Benson,
insert-sensational-swatches,SSW-GHI,Prizms Orange Ice,false,,Grant Hill,
insert-sensational-swatches,SSW-GHI,Prizms Green Ice,false,56,Grant Hill,
insert-sensational-swatches,SSW-GHI,Prime,false,10,Grant Hill,
auto-rookie-signatures,RS-SLE,Prizms Silver,true,,Saben Lee,
auto-rookie-signatures,RS-SLE,Prizms Choice,true,,Saben Lee,
auto-rookie-signatures,RS-SLE,Prizms Mojo,true,25,Saben Lee,
auto-rookie-signatures,RS-SLE,Prizms Gold,true,10,Saben Lee,
auto-rookie-signatures,RS-SLE,Prizms Choice Green,true,8,Saben Lee,
auto-rookie-signatures,RS-SLE,Prizms Black,true,1,Saben Lee,
auto-rookie-signatures,RS-SLE,Prizms White Sparkle,true,1,Saben Lee,
auto-rookie-signatures,RS-SBY,Prizms Silver,true,,Saddiq Bey,
auto-rookie-signatures,RS-SBY,Prizms Choice,true,,Saddiq Bey,
auto-rookie-signatures,RS-SBY,Prizms Mojo,true,25,Saddiq Bey,
auto-rookie-signatures,RS-SBY,Prizms Gold,true,10,Saddiq Bey,
auto-rookie-signatures,RS-SBY,Prizms Choice Green,true,8,Saddiq Bey,
auto-rookie-signatures,RS-SBY,Prizms Black,true,1,Saddiq Bey,
auto-rookie-signatures,RS-SBY,Prizms White Sparkle,true,1,Saddiq Bey,
insert-instant-impact,24,Prizms Green,false,,Saddiq Bey,
insert-instant-impact,24,Prizms Silver,false,,Saddiq Bey,
auto-rookie-signatures,RS-IST,Prizms Silver,true,,Isaiah Stewart,
auto-rookie-signatures,RS-IST,Prizms Choice,true,,Isaiah Stewart,
auto-rookie-signatures,RS-IST,Prizms Mojo,true,25,Isaiah Stewart,
auto-rookie-signatures,RS-IST,Prizms Gold,true,10,Isaiah Stewart,
auto-rookie-signatures,RS-IST,Prizms Choice Green,true,8,Isaiah Stewart,
auto-rookie-signatures,RS-IST,Prizms Black,true,1,Isaiah Stewart,
auto-rookie-signatures,RS-IST,Prizms White Sparkle,true,1,Isaiah Stewart,
auto-rookie-signatures,RS-KHY,Prizms Silver,true,,Killian Hayes,
auto-rookie-signatures,RS-KHY,Prizms Choice,true,,Killian Hayes,
auto-rookie-signatures,RS-KHY,Prizms Mojo,true,25,Killian Hayes,
auto-rookie-signatures,RS-KHY,Prizms Gold,true,10,Killian Hayes,
auto-rookie-signatures,RS-KHY,Prizms Choice Green,true,8,Killian Hayes,
auto-rookie-signatures,RS-KHY,Prizms Black,true,1,Killian Hayes,
auto-rookie-signatures,RS-KHY,Prizms White Sparkle,true,1,Killian Hayes,
base,58,Blue Prizms,false,,Sekou Doumbouya,
base,58,Blue Shimmer Prizms,false,,Sekou Doumbouya,
base,58,Blue Wave Prizms,false,,Sekou Doumbouya,
base,58,Choice Blue Prizms,false,,Sekou Doumbouya,
base,58,"Choice Blue, Yellow and Green Prizms",false,,Sekou Doumbouya,
base,58,Choice Green Prizms,false,,Sekou Doumbouya,
base,58,Choice Nebula Prizms,false,,Sekou Doumbouya,
base,58,Choice Red Prizms,false,,Sekou Doumbouya,
base,58,Choice Tiger Stripe Prizms,false,,Sekou Doumbouya,
base,58,Fast Break Blue Prizms,false,,Sekou Doumbouya,
base,58,Fast Break Bronze Prizms,false,,Sekou Doumbouya,
base,58,Fast Break Neon Green Prizms,false,,Sekou Doumbouya,
base,58,Fast Break Prizms,false,,Sekou Doumbouya,
base,58,Fast Break Purple Prizms,false,,Sekou Doumbouya,
base,58,Fast Break Red Prizms,false,,Sekou Doumbouya,
base,58,Gold Prizms,false,,Sekou Doumbouya,
base,58,Gold Shimmer Prizms,false,,Sekou Doumbouya,
base,58,Gold Wave Prizms,false,,Sekou Doumbouya,
base,58,Green Ice Prizms,false,,Sekou Doumbouya,
base,58,Green Prizms,false,,Sekou Doumbouya,
base,58,Green Pulsar Prizms,false,,Sekou Doumbouya,
base,58,Green Shimmer Prizms,false,,Sekou Doumbouya,
base,58,Hyper Prizms,false,,Sekou Doumbouya,
base,58,Lucky Envelopes Prizms,false,,Sekou Doumbouya,
base,58,Mojo Prizms,false,,Sekou Doumbouya,
base,58,Orange Ice Prizms,false,,Sekou Doumbouya,
base,58,Orange Prizms,false,,Sekou Doumbouya,
base,58,Orange Wave Prizms,false,,Sekou Doumbouya,
base,58,Pink Ice Prizms,false,,Sekou Doumbouya,
base,58,Pink Pulsar Prizms,false,,Sekou Doumbouya,
base,58,Purple Ice Prizms,false,,Sekou Doumbouya,
base,58,Purple Prizms,false,,Sekou Doumbouya,
base,58,Purple Pulsar Prizms,false,,Sekou Doumbouya,
base,58,Purple Wave Prizms,false,,Sekou Doumbouya,
base,58,Red Ice Prizms,false,,Sekou Doumbouya,
base,58,Red Prizms,false,,Sekou Doumbouya,
base,58,"Red, White and Blue Prizms",false,,Sekou Doumbouya,
base,58,Ruby Wave Prizms,false,,Sekou Doumbouya,
base,58,Silver Prizms,false,,Sekou Doumbouya,
base,58,White Sparkle Prizm,false,,Sekou Doumbouya,
base,58,Fast Break Pink Prizms,false,,Sekou Doumbouya,
base,58,Black Prizms,false,,Sekou Doumbouya,
base,58,Black Shimmer Prizms,false,,Sekou Doumbouya,
base,58,Blue Ice Prizms,false,,Sekou Doumbouya,
base,58,Black Gold Prizms,false,,Sekou Doumbouya,
insert-rookie-penmanship,RP-IST,Prizms Orange Ice,false,,Isaiah Stewart,
insert-rookie-penmanship,RP-IST,Prizms Blue Wave,false,,Isaiah Stewart,
insert-rookie-penmanship,RP-IST,Prizms Silver,false,,Isaiah Stewart,
insert-rookie-penmanship,RP-IST,Prizms Gold Wave,false,,Isaiah Stewart,
insert-rookie-penmanship,RP-IST,Prizms Green Ice,false,16,Isaiah Stewart,
insert-rookie-penmanship,RP-KHY,Prizms Orange Ice,false,,Killian Hayes,
insert-rookie-penmanship,RP-KHY,Prizms Blue Wave,false,,Killian Hayes,
insert-rookie-penmanship,RP-KHY,Prizms Silver,false,,Killian Hayes,
insert-rookie-penmanship,RP-KHY,Prizms Gold Wave,false,,Killian Hayes,
insert-rookie-penmanship,RP-KHY,Prizms Green Ice,false,16,Killian Hayes,
base,217,Blue Prizms,false,,Christian Wood,
base,217,Blue Shimmer Prizms,false,,Christian Wood,
base,217,Blue Wave Prizms,false,,Christian Wood,
base,217,Choice Blue Prizms,false,,Christian Wood,
base,217,"Choice Blue, Yellow and Green Prizms",false,,Christian Wood,
base,217,Choice Green Prizms,false,,Christian Wood,
base,217,Choice Nebula Prizms,false,,Christian Wood,
base,217,Choice Red Prizms,false,,Christian Wood,
base,217,Choice Tiger Stripe Prizms,false,,Christian Wood,
base,217,Fast Break Blue Prizms,false,,Christian Wood,
base,217,Fast Break Bronze Prizms,false,,Christian Wood,
base,217,Fast Break Neon Green Prizms,false,,Christian Wood,
base,217,Fast Break Prizms,false,,Christian Wood,
base,217,Fast Break Purple Prizms,false,,Christian Wood,
base,217,Fast Break Red Prizms,false,,Christian Wood,
base,217,Gold Prizms,false,,Christian Wood,
base,217,Gold Shimmer Prizms,false,,Christian Wood,
base,217,Gold Wave Prizms,false,,Christian Wood,
base,217,Green Ice Prizms,false,,Christian Wood,
base,217,Green Prizms,false,,Christian Wood,
base,217,Green Pulsar Prizms,false,,Christian Wood,
base,217,Green Shimmer Prizms,false,,Christian Wood,
base,217,Hyper Prizms,false,,Christian Wood,
base,217,Lucky Envelopes Prizms,false,,Christian Wood,
base,217,Mojo Prizms,false,,Christian Wood,
base,217,Orange Ice Prizms,false,,Christian Wood,
base,217,Orange Prizms,false,,Christian Wood,
base,217,Orange Wave Prizms,false,,Christian Wood,
base,217,Pink Ice Prizms,false,,Christian Wood,
base,217,Pink Pulsar Prizms,false,,Christian Wood,
base,217,Purple Ice Prizms,false,,Christian Wood,
base,217,Purple Prizms,false,,Christian Wood,
base,217,Purple Pulsar Prizms,false,,Christian Wood,
base,217,Purple Wave Prizms,false,,Christian Wood,
base,217,Red Ice Prizms,false,,Christian Wood,
base,217,Red Prizms,false,,Christian Wood,
base,217,"Red, White and Blue Prizms",false,,Christian Wood,
base,217,Ruby Wave Prizms,false,,Christian Wood,
base,217,Silver Prizms,false,,Christian Wood,
base,217,White Sparkle Prizm,false,,Christian Wood,
base,217,Fast Break Pink Prizms,false,,Christian Wood,
base,217,Black Prizms,false,,Christian Wood,
base,217,Black Shimmer Prizms,false,,Christian Wood,
base,217,Blue Ice Prizms,false,,Christian Wood,
base,217,Black Gold Prizms,false,,Christian Wood,
base,239,Blue Prizms,false,,Bruce Brown,
base,239,Blue Shimmer Prizms,false,,Bruce Brown,
base,239,Blue Wave Prizms,false,,Bruce Brown,
base,239,Choice Blue Prizms,false,,Bruce Brown,
base,239,"Choice Blue, Yellow and Green Prizms",false,,Bruce Brown,
base,239,Choice Green Prizms,false,,Bruce Brown,
base,239,Choice Nebula Prizms,false,,Bruce Brown,
base,239,Choice Red Prizms,false,,Bruce Brown,
base,239,Choice Tiger Stripe Prizms,false,,Bruce Brown,
base,239,Fast Break Blue Prizms,false,,Bruce Brown,
base,239,Fast Break Bronze Prizms,false,,Bruce Brown,
base,239,Fast Break Neon Green Prizms,false,,Bruce Brown,
base,239,Fast Break Prizms,false,,Bruce Brown,
base,239,Fast Break Purple Prizms,false,,Bruce Brown,
base,239,Fast Break Red Prizms,false,,Bruce Brown,
base,239,Gold Prizms,false,,Bruce Brown,
base,239,Gold Shimmer Prizms,false,,Bruce Brown,
base,239,Gold Wave Prizms,false,,Bruce Brown,
base,239,Green Ice Prizms,false,,Bruce Brown,
base,239,Green Prizms,false,,Bruce Brown,
base,239,Green Pulsar Prizms,false,,Bruce Brown,
base,239,Green Shimmer Prizms,false,,Bruce Brown,
base,239,Hyper Prizms,false,,Bruce Brown,
base,239,Lucky Envelopes Prizms,false,,Bruce Brown,
base,239,Mojo Prizms,false,,Bruce Brown,
base,239,Orange Ice Prizms,false,,Bruce Brown,
base,239,Orange Prizms,false,,Bruce Brown,
base,239,Orange Wave Prizms,false,,Bruce Brown,
base,239,Pink Ice Prizms,false,,Bruce Brown,
base,239,Pink Pulsar Prizms,false,,Bruce Brown,
base,239,Purple Ice Prizms,false,,Bruce Brown,
base,239,Purple Prizms,false,,Bruce Brown,
base,239,Purple Pulsar Prizms,false,,Bruce Brown,
base,239,Purple Wave Prizms,false,,Bruce Brown,
base,239,Red Ice Prizms,false,,Bruce Brown,
base,239,Red Prizms,false,,Bruce Brown,
base,239,"Red, White and Blue Prizms",false,,Bruce Brown,
base,239,Ruby Wave Prizms,false,,Bruce Brown,
base,239,Silver Prizms,false,,Bruce Brown,
base,239,White Sparkle Prizm,false,,Bruce Brown,
base,239,Fast Break Pink Prizms,false,,Bruce Brown,
base,239,Black Prizms,false,,Bruce Brown,
base,239,Black Shimmer Prizms,false,,Bruce Brown,
base,239,Blue Ice Prizms,false,,Bruce Brown,
base,239,Black Gold Prizms,false,,Bruce Brown,
auto-signatures,SI-DBG,Prizms Choice,true,,Dave Bing,
auto-signatures,SI-DBG,Prizms Silver,true,,Dave Bing,
auto-signatures,SI-DBG,Prizms Mojo,true,25,Dave Bing,
auto-signatures,SI-DBG,Prizms Gold,true,10,Dave Bing,
auto-signatures,SI-DBG,Prizms Choice Green,true,8,Dave Bing,
auto-signatures,SI-DBG,Prizms Black,true,1,Dave Bing,
insert-penmanship,PE-JOE,Prizms Orange Ice,false,,Joe Dumars,
insert-penmanship,PE-JOE,Prizms Silver,false,,Joe Dumars,
insert-penmanship,PE-JOE,Prizms Green Ice,false,16,Joe Dumars,
auto-fast-break-rookie-autographs,FR-IST,Gold,true,10,Isaiah Stewart,
auto-fast-break-rookie-autographs,FR-IST,Black,true,1,Isaiah Stewart,
base,129,Blue Prizms,false,,Tony Snell,
base,129,Blue Shimmer Prizms,false,,Tony Snell,
base,129,Blue Wave Prizms,false,,Tony Snell,
base,129,Choice Blue Prizms,false,,Tony Snell,
base,129,"Choice Blue, Yellow and Green Prizms",false,,Tony Snell,
base,129,Choice Green Prizms,false,,Tony Snell,
base,129,Choice Nebula Prizms,false,,Tony Snell,
base,129,Choice Red Prizms,false,,Tony Snell,
base,129,Choice Tiger Stripe Prizms,false,,Tony Snell,
base,129,Fast Break Blue Prizms,false,,Tony Snell,
base,129,Fast Break Bronze Prizms,false,,Tony Snell,
base,129,Fast Break Neon Green Prizms,false,,Tony Snell,
base,129,Fast Break Prizms,false,,Tony Snell,
base,129,Fast Break Purple Prizms,false,,Tony Snell,
base,129,Fast Break Red Prizms,false,,Tony Snell,
base,129,Gold Prizms,false,,Tony Snell,
base,129,Gold Shimmer Prizms,false,,Tony Snell,
base,129,Gold Wave Prizms,false,,Tony Snell,
base,129,Green Ice Prizms,false,,Tony Snell,
base,129,Green Prizms,false,,Tony Snell,
base,129,Green Pulsar Prizms,false,,Tony Snell,
base,129,Green Shimmer Prizms,false,,Tony Snell,
base,129,Hyper Prizms,false,,Tony Snell,
base,129,Lucky Envelopes Prizms,false,,Tony Snell,
base,129,Mojo Prizms,false,,Tony Snell,
base,129,Orange Ice Prizms,false,,Tony Snell,
base,129,Orange Prizms,false,,Tony Snell,
base,129,Orange Wave Prizms,false,,Tony Snell,
base,129,Pink Ice Prizms,false,,Tony Snell,
base,129,Pink Pulsar Prizms,false,,Tony Snell,
base,129,Purple Ice Prizms,false,,Tony Snell,
base,129,Purple Prizms,false,,Tony Snell,
base,129,Purple Pulsar Prizms,false,,Tony Snell,
base,129,Purple Wave Prizms,false,,Tony Snell,
base,129,Red Ice Prizms,false,,Tony Snell,
base,129,Red Prizms,false,,Tony Snell,
base,129,"Red, White and Blue Prizms",false,,Tony Snell,
base,129,Ruby Wave Prizms,false,,Tony Snell,
base,129,Silver Prizms,false,,Tony Snell,
base,129,White Sparkle Prizm,false,,Tony Snell,
base,129,Fast Break Pink Prizms,false,,Tony Snell,
base,129,Black Prizms,false,,Tony Snell,
base,129,Black Shimmer Prizms,false,,Tony Snell,
base,129,Blue Ice Prizms,false,,Tony Snell,
base,129,Black Gold Prizms,false,,Tony Snell,
base,254,Blue Prizms,false,,Isaiah Stewart,
base,254,Blue Shimmer Prizms,false,,Isaiah Stewart,
base,254,Blue Wave Prizms,false,,Isaiah Stewart,
base,254,Choice Blue Prizms,false,,Isaiah Stewart,
base,254,"Choice Blue, Yellow and Green Prizms",false,,Isaiah Stewart,
base,254,Choice Green Prizms,false,,Isaiah Stewart,
base,254,Choice Nebula Prizms,false,,Isaiah Stewart,
base,254,Choice Red Prizms,false,,Isaiah Stewart,
base,254,Choice Tiger Stripe Prizms,false,,Isaiah Stewart,
base,254,Fast Break Blue Prizms,false,,Isaiah Stewart,
base,254,Fast Break Bronze Prizms,false,,Isaiah Stewart,
base,254,Fast Break Neon Green Prizms,false,,Isaiah Stewart,
base,254,Fast Break Prizms,false,,Isaiah Stewart,
base,254,Fast Break Purple Prizms,false,,Isaiah Stewart,
base,254,Fast Break Red Prizms,false,,Isaiah Stewart,
base,254,Gold Prizms,false,,Isaiah Stewart,
base,254,Gold Shimmer Prizms,false,,Isaiah Stewart,
base,254,Gold Wave Prizms,false,,Isaiah Stewart,
base,254,Green Ice Prizms,false,,Isaiah Stewart,
base,254,Green Prizms,false,,Isaiah Stewart,
base,254,Green Pulsar Prizms,false,,Isaiah Stewart,
base,254,Green Shimmer Prizms,false,,Isaiah Stewart,
base,254,Hyper Prizms,false,,Isaiah Stewart,
base,254,Lucky Envelopes Prizms,false,,Isaiah Stewart,
base,254,Mojo Prizms,false,,Isaiah Stewart,
base,254,Orange Ice Prizms,false,,Isaiah Stewart,
base,254,Orange Prizms,false,,Isaiah Stewart,
base,254,Orange Wave Prizms,false,,Isaiah Stewart,
base,254,Pink Ice Prizms,false,,Isaiah Stewart,
base,254,Pink Pulsar Prizms,false,,Isaiah Stewart,
base,254,Purple Ice Prizms,false,,Isaiah Stewart,
base,254,Purple Prizms,false,,Isaiah Stewart,
base,254,Purple Pulsar Prizms,false,,Isaiah Stewart,
base,254,Purple Wave Prizms,false,,Isaiah Stewart,
base,254,Red Ice Prizms,false,,Isaiah Stewart,
base,254,Red Prizms,false,,Isaiah Stewart,
base,254,"Red, White and Blue Prizms",false,,Isaiah Stewart,
base,254,Ruby Wave Prizms,false,,Isaiah Stewart,
base,254,Silver Prizms,false,,Isaiah Stewart,
base,254,White Sparkle Prizm,false,,Isaiah Stewart,
base,254,Fast Break Pink Prizms,false,,Isaiah Stewart,
base,254,Black Prizms,false,,Isaiah Stewart,
base,254,Black Shimmer Prizms,false,,Isaiah Stewart,
base,254,Blue Ice Prizms,false,,Isaiah Stewart,
base,254,Black Gold Prizms,false,,Isaiah Stewart,
insert-instant-impact,5,Prizms Green,false,,Killian Hayes,
insert-instant-impact,5,Prizms Silver,false,,Killian Hayes,
base,261,Blue Prizms,false,,Saben Lee,
base,261,Blue Shimmer Prizms,false,,Saben Lee,
base,261,Blue Wave Prizms,false,,Saben Lee,
base,261,Choice Blue Prizms,false,,Saben Lee,
base,261,"Choice Blue, Yellow and Green Prizms",false,,Saben Lee,
base,261,Choice Green Prizms,false,,Saben Lee,
base,261,Choice Nebula Prizms,false,,Saben Lee,
base,261,Choice Red Prizms,false,,Saben Lee,
base,261,Choice Tiger Stripe Prizms,false,,Saben Lee,
base,261,Fast Break Blue Prizms,false,,Saben Lee,
base,261,Fast Break Bronze Prizms,false,,Saben Lee,
base,261,Fast Break Neon Green Prizms,false,,Saben Lee,
base,261,Fast Break Prizms,false,,Saben Lee,
base,261,Fast Break Purple Prizms,false,,Saben Lee,
base,261,Fast Break Red Prizms,false,,Saben Lee,
base,261,Gold Prizms,false,,Saben Lee,
base,261,Gold Shimmer Prizms,false,,Saben Lee,
base,261,Gold Wave Prizms,false,,Saben Lee,
base,261,Green Ice Prizms,false,,Saben Lee,
base,261,Green Prizms,false,,Saben Lee,
base,261,Green Pulsar Prizms,false,,Saben Lee,
base,261,Green Shimmer Prizms,false,,Saben Lee,
base,261,Hyper Prizms,false,,Saben Lee,
base,261,Lucky Envelopes Prizms,false,,Saben Lee,
base,261,Mojo Prizms,false,,Saben Lee,
base,261,Orange Ice Prizms,false,,Saben Lee,
base,261,Orange Prizms,false,,Saben Lee,
base,261,Orange Wave Prizms,false,,Saben Lee,
base,261,Pink Ice Prizms,false,,Saben Lee,
base,261,Pink Pulsar Prizms,false,,Saben Lee,
base,261,Purple Ice Prizms,false,,Saben Lee,
base,261,Purple Prizms,false,,Saben Lee,
base,261,Purple Pulsar Prizms,false,,Saben Lee,
base,261,Purple Wave Prizms,false,,Saben Lee,
base,261,Red Ice Prizms,false,,Saben Lee,
base,261,Red Prizms,false,,Saben Lee,
base,261,"Red, White and Blue Prizms",false,,Saben Lee,
base,261,Ruby Wave Prizms,false,,Saben Lee,
base,261,Silver Prizms,false,,Saben Lee,
base,261,White Sparkle Prizm,false,,Saben Lee,
base,261,Fast Break Pink Prizms,false,,Saben Lee,
base,261,Black Prizms,false,,Saben Lee,
base,261,Black Shimmer Prizms,false,,Saben Lee,
base,261,Blue Ice Prizms,false,,Saben Lee,
base,261,Black Gold Prizms,false,,Saben Lee,
auto-fast-break-rookie-autographs,FR-SDB,Gold,true,10,Saddiq Bey,
auto-fast-break-rookie-autographs,FR-SDB,Black,true,1,Saddiq Bey,
insert-sensational-swatches,SSW-BGR,Prizms Orange Ice,false,,Blake Griffin,
insert-sensational-swatches,SSW-BGR,Prizms Green Ice,false,56,Blake Griffin,
insert-sensational-swatches,SSW-BGR,Prime,false,10,Blake Griffin,
base,231,Blue Prizms,false,,Derrick Rose,
base,231,Blue Shimmer Prizms,false,,Derrick Rose,
base,231,Blue Wave Prizms,false,,Derrick Rose,
base,231,Choice Blue Prizms,false,,Derrick Rose,
base,231,"Choice Blue, Yellow and Green Prizms",false,,Derrick Rose,
base,231,Choice Green Prizms,false,,Derrick Rose,
base,231,Choice Nebula Prizms,false,,Derrick Rose,
base,231,Choice Red Prizms,false,,Derrick Rose,
base,231,Choice Tiger Stripe Prizms,false,,Derrick Rose,
base,231,Fast Break Blue Prizms,false,,Derrick Rose,
base,231,Fast Break Bronze Prizms,false,,Derrick Rose,
base,231,Fast Break Neon Green Prizms,false,,Derrick Rose,
base,231,Fast Break Prizms,false,,Derrick Rose,
base,231,Fast Break Purple Prizms,false,,Derrick Rose,
base,231,Fast Break Red Prizms,false,,Derrick Rose,
base,231,Gold Prizms,false,,Derrick Rose,
base,231,Gold Shimmer Prizms,false,,Derrick Rose,
base,231,Gold Wave Prizms,false,,Derrick Rose,
base,231,Green Ice Prizms,false,,Derrick Rose,
base,231,Green Prizms,false,,Derrick Rose,
base,231,Green Pulsar Prizms,false,,Derrick Rose,
base,231,Green Shimmer Prizms,false,,Derrick Rose,
base,231,Hyper Prizms,false,,Derrick Rose,
base,231,Lucky Envelopes Prizms,false,,Derrick Rose,
base,231,Mojo Prizms,false,,Derrick Rose,
base,231,Orange Ice Prizms,false,,Derrick Rose,
base,231,Orange Prizms,false,,Derrick Rose,
base,231,Orange Wave Prizms,false,,Derrick Rose,
base,231,Pink Ice Prizms,false,,Derrick Rose,
base,231,Pink Pulsar Prizms,false,,Derrick Rose,
base,231,Purple Ice Prizms,false,,Derrick Rose,
base,231,Purple Prizms,false,,Derrick Rose,
base,231,Purple Pulsar Prizms,false,,Derrick Rose,
base,231,Purple Wave Prizms,false,,Derrick Rose,
base,231,Red Ice Prizms,false,,Derrick Rose,
base,231,Red Prizms,false,,Derrick Rose,
base,231,"Red, White and Blue Prizms",false,,Derrick Rose,
base,231,Ruby Wave Prizms,false,,Derrick Rose,
base,231,Silver Prizms,false,,Derrick Rose,
base,231,White Sparkle Prizm,false,,Derrick Rose,
base,231,Fast Break Pink Prizms,false,,Derrick Rose,
base,231,Black Prizms,false,,Derrick Rose,
base,231,Black Shimmer Prizms,false,,Derrick Rose,
base,231,Blue Ice Prizms,false,,Derrick Rose,
base,231,Black Gold Prizms,false,,Derrick Rose,
auto-sensational-signatures,SS-KHY,Prizms Silver,true,,Killian Hayes,
auto-sensational-signatures,SS-KHY,Prizms Choice,true,,Killian Hayes,
auto-sensational-signatures,SS-KHY,Prizms Mojo,true,25,Killian Hayes,
auto-sensational-signatures,SS-KHY,Prizms Gold,true,10,Killian Hayes,
auto-sensational-signatures,SS-KHY,Prizms Choice Green,true,8,Killian Hayes,
auto-sensational-signatures,SS-KHY,Prizms Black,true,1,Killian Hayes,
auto-fast-break-rookie-autographs,FR-KHS,Gold,true,10,Killian Hayes,
auto-fast-break-rookie-autographs,FR-KHS,Black,true,1,Killian Hayes,
base,284,Blue Prizms,false,,Saddiq Bey,
base,284,Blue Shimmer Prizms,false,,Saddiq Bey,
base,284,Blue Wave Prizms,false,,Saddiq Bey,
base,284,Choice Blue Prizms,false,,Saddiq Bey,
base,284,"Choice Blue, Yellow and Green Prizms",false,,Saddiq Bey,
base,284,Choice Green Prizms,false,,Saddiq Bey,
base,284,Choice Nebula Prizms,false,,Saddiq Bey,
base,284,Choice Red Prizms,false,,Saddiq Bey,
base,284,Choice Tiger Stripe Prizms,false,,Saddiq Bey,
base,284,Fast Break Blue Prizms,false,,Saddiq Bey,
base,284,Fast Break Bronze Prizms,false,,Saddiq Bey,
base,284,Fast Break Neon Green Prizms,false,,Saddiq Bey,
base,284,Fast Break Prizms,false,,Saddiq Bey,
base,284,Fast Break Purple Prizms,false,,Saddiq Bey,
base,284,Fast Break Red Prizms,false,,Saddiq Bey,
base,284,Gold Prizms,false,,Saddiq Bey,
base,284,Gold Shimmer Prizms,false,,Saddiq Bey,
base,284,Gold Wave Prizms,false,,Saddiq Bey,
base,284,Green Ice Prizms,false,,Saddiq Bey,
base,284,Green Prizms,false,,Saddiq Bey,
base,284,Green Pulsar Prizms,false,,Saddiq Bey,
base,284,Green Shimmer Prizms,false,,Saddiq Bey,
base,284,Hyper Prizms,false,,Saddiq Bey,
base,284,Lucky Envelopes Prizms,false,,Saddiq Bey,
base,284,Mojo Prizms,false,,Saddiq Bey,
base,284,Orange Ice Prizms,false,,Saddiq Bey,
base,284,Orange Prizms,false,,Saddiq Bey,
base,284,Orange Wave Prizms,false,,Saddiq Bey,
base,284,Pink Ice Prizms,false,,Saddiq Bey,
base,284,Pink Pulsar Prizms,false,,Saddiq Bey,
base,284,Purple Ice Prizms,false,,Saddiq Bey,
base,284,Purple Prizms,false,,Saddiq Bey,
base,284,Purple Pulsar Prizms,false,,Saddiq Bey,
base,284,Purple Wave Prizms,false,,Saddiq Bey,
base,284,Red Ice Prizms,false,,Saddiq Bey,
base,284,Red Prizms,false,,Saddiq Bey,
base,284,"Red, White and Blue Prizms",false,,Saddiq Bey,
base,284,Ruby Wave Prizms,false,,Saddiq Bey,
base,284,Silver Prizms,false,,Saddiq Bey,
base,284,White Sparkle Prizm,false,,Saddiq Bey,
base,284,Fast Break Pink Prizms,false,,Saddiq Bey,
base,284,Black Prizms,false,,Saddiq Bey,
base,284,Black Shimmer Prizms,false,,Saddiq Bey,
base,284,Blue Ice Prizms,false,,Saddiq Bey,
base,284,Black Gold Prizms,false,,Saddiq Bey,
insert-rookie-penmanship,RP-SBY,Prizms Orange Ice,false,,Saddiq Bey,
insert-rookie-penmanship,RP-SBY,Prizms Blue Wave,false,,Saddiq Bey,
insert-rookie-penmanship,RP-SBY,Prizms Silver,false,,Saddiq Bey,
insert-rookie-penmanship,RP-SBY,Prizms Gold Wave,false,,Saddiq Bey,
insert-rookie-penmanship,RP-SBY,Prizms Green Ice,false,16,Saddiq Bey,
auto-sensational-signatures,SS-THO,Prizms Silver,true,,Thon Maker,
auto-sensational-signatures,SS-THO,Prizms Choice,true,,Thon Maker,
auto-sensational-signatures,SS-THO,Prizms Mojo,true,25,Thon Maker,
auto-sensational-signatures,SS-THO,Prizms Gold,true,10,Thon Maker,
auto-sensational-signatures,SS-THO,Prizms Choice Green,true,8,Thon Maker,
auto-sensational-signatures,SS-THO,Prizms Black,true,1,Thon Maker,
insert-rookie-penmanship,RP-SLE,Prizms Orange Ice,false,,Saben Lee,
insert-rookie-penmanship,RP-SLE,Prizms Blue Wave,false,,Saben Lee,
insert-rookie-penmanship,RP-SLE,Prizms Silver,false,,Saben Lee,
insert-rookie-penmanship,RP-SLE,Prizms Gold Wave,false,,Saben Lee,
insert-rookie-penmanship,RP-SLE,Prizms Green Ice,false,16,Saben Lee,
auto-rookie-signatures,RS-JWS,Prizms Silver,true,,James Wiseman,
auto-rookie-signatures,RS-JWS,Prizms Choice,true,,James Wiseman,
auto-rookie-signatures,RS-JWS,Prizms Mojo,true,25,James Wiseman,
auto-rookie-signatures,RS-JWS,Prizms Gold,true,10,James Wiseman,
auto-rookie-signatures,RS-JWS,Prizms Choice Green,true,8,James Wiseman,
auto-rookie-signatures,RS-JWS,Prizms Black,true,1,James Wiseman,
auto-rookie-signatures,RS-JWS,Prizms White Sparkle,true,1,James Wiseman,
base,147,Blue Prizms,false,,Jordan Poole,
base,147,Blue Shimmer Prizms,false,,Jordan Poole,
base,147,Blue Wave Prizms,false,,Jordan Poole,
base,147,Choice Blue Prizms,false,,Jordan Poole,
base,147,"Choice Blue, Yellow and Green Prizms",false,,Jordan Poole,
base,147,Choice Green Prizms,false,,Jordan Poole,
base,147,Choice Nebula Prizms,false,,Jordan Poole,
base,147,Choice Red Prizms,false,,Jordan Poole,
base,147,Choice Tiger Stripe Prizms,false,,Jordan Poole,
base,147,Fast Break Blue Prizms,false,,Jordan Poole,
base,147,Fast Break Bronze Prizms,false,,Jordan Poole,
base,147,Fast Break Neon Green Prizms,false,,Jordan Poole,
base,147,Fast Break Prizms,false,,Jordan Poole,
base,147,Fast Break Purple Prizms,false,,Jordan Poole,
base,147,Fast Break Red Prizms,false,,Jordan Poole,
base,147,Gold Prizms,false,,Jordan Poole,
base,147,Gold Shimmer Prizms,false,,Jordan Poole,
base,147,Gold Wave Prizms,false,,Jordan Poole,
base,147,Green Ice Prizms,false,,Jordan Poole,
base,147,Green Prizms,false,,Jordan Poole,
base,147,Green Pulsar Prizms,false,,Jordan Poole,
base,147,Green Shimmer Prizms,false,,Jordan Poole,
base,147,Hyper Prizms,false,,Jordan Poole,
base,147,Lucky Envelopes Prizms,false,,Jordan Poole,
base,147,Mojo Prizms,false,,Jordan Poole,
base,147,Orange Ice Prizms,false,,Jordan Poole,
base,147,Orange Prizms,false,,Jordan Poole,
base,147,Orange Wave Prizms,false,,Jordan Poole,
base,147,Pink Ice Prizms,false,,Jordan Poole,
base,147,Pink Pulsar Prizms,false,,Jordan Poole,
base,147,Purple Ice Prizms,false,,Jordan Poole,
base,147,Purple Prizms,false,,Jordan Poole,
base,147,Purple Pulsar Prizms,false,,Jordan Poole,
base,147,Purple Wave Prizms,false,,Jordan Poole,
base,147,Red Ice Prizms,false,,Jordan Poole,
base,147,Red Prizms,false,,Jordan Poole,
base,147,"Red, White and Blue Prizms",false,,Jordan Poole,
base,147,Ruby Wave Prizms,false,,Jordan Poole,
base,147,Silver Prizms,false,,Jordan Poole,
base,147,White Sparkle Prizm,false,,Jordan Poole,
base,147,Fast Break Pink Prizms,false,,Jordan Poole,
base,147,Black Prizms,false,,Jordan Poole,
base,147,Black Shimmer Prizms,false,,Jordan Poole,
base,147,Blue Ice Prizms,false,,Jordan Poole,
base,147,Black Gold Prizms,false,,Jordan Poole,
auto-fast-break-rookie-autographs,FR-JWS,Gold,true,10,James Wiseman,
auto-fast-break-rookie-autographs,FR-JWS,Black,true,1,James Wiseman,
auto-fast-break-autographs,FBA-THR,Gold,true,10,Tim Hardaway,
auto-fast-break-autographs,FBA-THR,Black,true,1,Tim Hardaway,
auto-signatures,SI-SCU,Prizms Choice,true,,Stephen Curry,
auto-signatures,SI-SCU,Prizms Silver,true,,Stephen Curry,
auto-signatures,SI-SCU,Prizms Mojo,true,25,Stephen Curry,
auto-signatures,SI-SCU,Prizms Gold,true,10,Stephen Curry,
auto-signatures,SI-SCU,Prizms Choice Green,true,8,Stephen Curry,
auto-signatures,SI-SCU,Prizms Black,true,1,Stephen Curry,
base,268,Blue Prizms,false,,James Wiseman,
base,268,Blue Shimmer Prizms,false,,James Wiseman,
base,268,Blue Wave Prizms,false,,James Wiseman,
base,268,Choice Blue Prizms,false,,James Wiseman,
base,268,"Choice Blue, Yellow and Green Prizms",false,,James Wiseman,
base,268,Choice Green Prizms,false,,James Wiseman,
base,268,Choice Nebula Prizms,false,,James Wiseman,
base,268,Choice Red Prizms,false,,James Wiseman,
base,268,Choice Tiger Stripe Prizms,false,,James Wiseman,
base,268,Fast Break Blue Prizms,false,,James Wiseman,
base,268,Fast Break Bronze Prizms,false,,James Wiseman,
base,268,Fast Break Neon Green Prizms,false,,James Wiseman,
base,268,Fast Break Prizms,false,,James Wiseman,
base,268,Fast Break Purple Prizms,false,,James Wiseman,
base,268,Fast Break Red Prizms,false,,James Wiseman,
base,268,Gold Prizms,false,,James Wiseman,
base,268,Gold Shimmer Prizms,false,,James Wiseman,
base,268,Gold Wave Prizms,false,,James Wiseman,
base,268,Green Ice Prizms,false,,James Wiseman,
base,268,Green Prizms,false,,James Wiseman,
base,268,Green Pulsar Prizms,false,,James Wiseman,
base,268,Green Shimmer Prizms,false,,James Wiseman,
base,268,Hyper Prizms,false,,James Wiseman,
base,268,Lucky Envelopes Prizms,false,,James Wiseman,
base,268,Mojo Prizms,false,,James Wiseman,
base,268,Orange Ice Prizms,false,,James Wiseman,
base,268,Orange Prizms,false,,James Wiseman,
base,268,Orange Wave Prizms,false,,James Wiseman,
base,268,Pink Ice Prizms,false,,James Wiseman,
base,268,Pink Pulsar Prizms,false,,James Wiseman,
base,268,Purple Ice Prizms,false,,James Wiseman,
base,268,Purple Prizms,false,,James Wiseman,
base,268,Purple Pulsar Prizms,false,,James Wiseman,
base,268,Purple Wave Prizms,false,,James Wiseman,
base,268,Red Ice Prizms,false,,James Wiseman,
base,268,Red Prizms,false,,James Wiseman,
base,268,"Red, White and Blue Prizms",false,,James Wiseman,
base,268,Ruby Wave Prizms,false,,James Wiseman,
base,268,Silver Prizms,false,,James Wiseman,
base,268,White Sparkle Prizm,false,,James Wiseman,
base,268,Fast Break Pink Prizms,false,,James Wiseman,
base,268,Black Prizms,false,,James Wiseman,
base,268,Black Shimmer Prizms,false,,James Wiseman,
base,268,Blue Ice Prizms,false,,James Wiseman,
base,268,Black Gold Prizms,false,,James Wiseman,
base,268b,Blue Prizms,false,,James Wiseman,
base,268b,Blue Shimmer Prizms,false,,James Wiseman,
base,268b,Blue Wave Prizms,false,,James Wiseman,
base,268b,Choice Blue Prizms,false,,James Wiseman,
base,268b,"Choice Blue, Yellow and Green Prizms",false,,James Wiseman,
base,268b,Choice Green Prizms,false,,James Wiseman,
base,268b,Choice Nebula Prizms,false,,James Wiseman,
base,268b,Choice Red Prizms,false,,James Wiseman,
base,268b,Choice Tiger Stripe Prizms,false,,James Wiseman,
base,268b,Fast Break Blue Prizms,false,,James Wiseman,
base,268b,Fast Break Bronze Prizms,false,,James Wiseman,
base,268b,Fast Break Neon Green Prizms,false,,James Wiseman,
base,268b,Fast Break Prizms,false,,James Wiseman,
base,268b,Fast Break Purple Prizms,false,,James Wiseman,
base,268b,Fast Break Red Prizms,false,,James Wiseman,
base,268b,Gold Prizms,false,,James Wiseman,
base,268b,Gold Shimmer Prizms,false,,James Wiseman,
base,268b,Gold Wave Prizms,false,,James Wiseman,
base,268b,Green Ice Prizms,false,,James Wiseman,
base,268b,Green Prizms,false,,James Wiseman,
base,268b,Green Pulsar Prizms,false,,James Wiseman,
base,268b,Green Shimmer Prizms,false,,James Wiseman,
base,268b,Hyper Prizms,false,,James Wiseman,
base,268b,Lucky Envelopes Prizms,false,,James Wiseman,
base,268b,Mojo Prizms,false,,James Wiseman,
base,268b,Orange Ice Prizms,false,,James Wiseman,
base,268b,Orange Prizms,false,,James Wiseman,
base,268b,Orange Wave Prizms,false,,James Wiseman,
base,268b,Pink Ice Prizms,false,,James Wiseman,
base,268b,Pink Pulsar Prizms,false,,James Wiseman,
base,268b,Purple Ice Prizms,false,,James Wiseman,
base,268b,Purple Prizms,false,,James Wiseman,
base,268b,Purple Pulsar Prizms,false,,James Wiseman,
base,268b,Purple Wave Prizms,false,,James Wiseman,
base,268b,Red Ice Prizms,false,,James Wiseman,
base,268b,Red Prizms,false,,James Wiseman,
base,268b,"Red, White and Blue Prizms",false,,James Wiseman,
base,268b,Ruby Wave Prizms,false,,James Wiseman,
base,268b,Silver Prizms,false,,James Wiseman,
base,268b,White Sparkle Prizm,false,,James Wiseman,
base,268b,Fast Break Pink Prizms,false,,James Wiseman,
base,268b,Black Prizms,false,,James Wiseman,
base,268b,Black Shimmer Prizms,false,,James Wiseman,
base,268b,Blue Ice Prizms,false,,James Wiseman,
base,268b,Black Gold Prizms,false,,James Wiseman,
auto-signatures,SI-AWG,Prizms Choice,true,,Andrew Wiggins,
auto-signatures,SI-AWG,Prizms Silver,true,,Andrew Wiggins,
auto-signatures,SI-AWG,Prizms Mojo,true,25,Andrew Wiggins,
auto-signatures,SI-AWG,Prizms Gold,true,10,Andrew Wiggins,
auto-signatures,SI-AWG,Prizms Choice Green,true,8,Andrew Wiggins,
auto-signatures,SI-AWG,Prizms Black,true,1,Andrew Wiggins,
insert-widescreen,3,Prizms Silver,false,,Stephen Curry,
insert-widescreen,3,Fast Break,false,,Stephen Curry,
insert-widescreen,3,Prizms Hyper,false,,Stephen Curry,
insert-widescreen,3,Prizms Mojo,false,25,Stephen Curry,
insert-widescreen,3,Prizms Gold,false,10,Stephen Curry,
insert-widescreen,3,Prizms Black,false,1,Stephen Curry,
base,293,Blue Prizms,false,,Nico Mannion,
base,293,Blue Shimmer Prizms,false,,Nico Mannion,
base,293,Blue Wave Prizms,false,,Nico Mannion,
base,293,Choice Blue Prizms,false,,Nico Mannion,
base,293,"Choice Blue, Yellow and Green Prizms",false,,Nico Mannion,
base,293,Choice Green Prizms,false,,Nico Mannion,
base,293,Choice Nebula Prizms,false,,Nico Mannion,
base,293,Choice Red Prizms,false,,Nico Mannion,
base,293,Choice Tiger Stripe Prizms,false,,Nico Mannion,
base,293,Fast Break Blue Prizms,false,,Nico Mannion,
base,293,Fast Break Bronze Prizms,false,,Nico Mannion,
base,293,Fast Break Neon Green Prizms,false,,Nico Mannion,
base,293,Fast Break Prizms,false,,Nico Mannion,
base,293,Fast Break Purple Prizms,false,,Nico Mannion,
base,293,Fast Break Red Prizms,false,,Nico Mannion,
base,293,Gold Prizms,false,,Nico Mannion,
base,293,Gold Shimmer Prizms,false,,Nico Mannion,
base,293,Gold Wave Prizms,false,,Nico Mannion,
base,293,Green Ice Prizms,false,,Nico Mannion,
base,293,Green Prizms,false,,Nico Mannion,
base,293,Green Pulsar Prizms,false,,Nico Mannion,
base,293,Green Shimmer Prizms,false,,Nico Mannion,
base,293,Hyper Prizms,false,,Nico Mannion,
base,293,Lucky Envelopes Prizms,false,,Nico Mannion,
base,293,Mojo Prizms,false,,Nico Mannion,
base,293,Orange Ice Prizms,false,,Nico Mannion,
base,293,Orange Prizms,false,,Nico Mannion,
base,293,Orange Wave Prizms,false,,Nico Mannion,
base,293,Pink Ice Prizms,false,,Nico Mannion,
base,293,Pink Pulsar Prizms,false,,Nico Mannion,
base,293,Purple Ice Prizms,false,,Nico Mannion,
base,293,Purple Prizms,false,,Nico Mannion,
base,293,Purple Pulsar Prizms,false,,Nico Mannion,
base,293,Purple Wave Prizms,false,,Nico Mannion,
base,293,Red Ice Prizms,false,,Nico Mannion,
base,293,Red Prizms,false,,Nico Mannion,
base,293,"Red, White and Blue Prizms",false,,Nico Mannion,
base,293,Ruby Wave Prizms,false,,Nico Mannion,
base,293,Silver Prizms,false,,Nico Mannion,
base,293,White Sparkle Prizm,false,,Nico Mannion,
base,293,Fast Break Pink Prizms,false,,Nico Mannion,
base,293,Black Prizms,false,,Nico Mannion,
base,293,Black Shimmer Prizms,false,,Nico Mannion,
base,293,Blue Ice Prizms,false,,Nico Mannion,
base,293,Black Gold Prizms,false,,Nico Mannion,
insert-sensational-swatches,SSW-DRA,Prizms Orange Ice,false,,Draymond Green,
insert-sensational-swatches,SSW-DRA,Prizms Green Ice,false,56,Draymond Green,
insert-sensational-swatches,SSW-DRA,Prime,false,10,Draymond Green,
base,34,Blue Prizms,false,,Kevon Looney,
base,34,Blue Shimmer Prizms,false,,Kevon Looney,
base,34,Blue Wave Prizms,false,,Kevon Looney,
base,34,Choice Blue Prizms,false,,Kevon Looney,
base,34,"Choice Blue, Yellow and Green Prizms",false,,Kevon Looney,
base,34,Choice Green Prizms,false,,Kevon Looney,
base,34,Choice Nebula Prizms,false,,Kevon Looney,
base,34,Choice Red Prizms,false,,Kevon Looney,
base,34,Choice Tiger Stripe Prizms,false,,Kevon Looney,
base,34,Fast Break Blue Prizms,false,,Kevon Looney,
base,34,Fast Break Bronze Prizms,false,,Kevon Looney,
base,34,Fast Break Neon Green Prizms,false,,Kevon Looney,
base,34,Fast Break Prizms,false,,Kevon Looney,
base,34,Fast Break Purple Prizms,false,,Kevon Looney,
base,34,Fast Break Red Prizms,false,,Kevon Looney,
base,34,Gold Prizms,false,,Kevon Looney,
base,34,Gold Shimmer Prizms,false,,Kevon Looney,
base,34,Gold Wave Prizms,false,,Kevon Looney,
base,34,Green Ice Prizms,false,,Kevon Looney,
base,34,Green Prizms,false,,Kevon Looney,
base,34,Green Pulsar Prizms,false,,Kevon Looney,
base,34,Green Shimmer Prizms,false,,Kevon Looney,
base,34,Hyper Prizms,false,,Kevon Looney,
base,34,Lucky Envelopes Prizms,false,,Kevon Looney,
base,34,Mojo Prizms,false,,Kevon Looney,
base,34,Orange Ice Prizms,false,,Kevon Looney,
base,34,Orange Prizms,false,,Kevon Looney,
base,34,Orange Wave Prizms,false,,Kevon Looney,
base,34,Pink Ice Prizms,false,,Kevon Looney,
base,34,Pink Pulsar Prizms,false,,Kevon Looney,
base,34,Purple Ice Prizms,false,,Kevon Looney,
base,34,Purple Prizms,false,,Kevon Looney,
base,34,Purple Pulsar Prizms,false,,Kevon Looney,
base,34,Purple Wave Prizms,false,,Kevon Looney,
base,34,Red Ice Prizms,false,,Kevon Looney,
base,34,Red Prizms,false,,Kevon Looney,
base,34,"Red, White and Blue Prizms",false,,Kevon Looney,
base,34,Ruby Wave Prizms,false,,Kevon Looney,
base,34,Silver Prizms,false,,Kevon Looney,
base,34,White Sparkle Prizm,false,,Kevon Looney,
base,34,Fast Break Pink Prizms,false,,Kevon Looney,
base,34,Black Prizms,false,,Kevon Looney,
base,34,Black Shimmer Prizms,false,,Kevon Looney,
base,34,Blue Ice Prizms,false,,Kevon Looney,
base,34,Black Gold Prizms,false,,Kevon Looney,
insert-sensational-swatches,SSW-AWG,Prizms Orange Ice,false,,Andrew Wiggins,
insert-sensational-swatches,SSW-AWG,Prizms Green Ice,false,56,Andrew Wiggins,
insert-sensational-swatches,SSW-AWG,Prime,false,10,Andrew Wiggins,
auto-sensational-signatures,SS-NMN,Prizms Silver,true,,Nico Mannion,
auto-sensational-signatures,SS-NMN,Prizms Choice,true,,Nico Mannion,
auto-sensational-signatures,SS-NMN,Prizms Mojo,true,25,Nico Mannion,
auto-sensational-signatures,SS-NMN,Prizms Gold,true,10,Nico Mannion,
auto-sensational-signatures,SS-NMN,Prizms Choice Green,true,8,Nico Mannion,
auto-sensational-signatures,SS-NMN,Prizms Black,true,1,Nico Mannion,
auto-sensational-signatures,SS-KYB,Prizms Silver,true,,Ky Bowman,
auto-sensational-signatures,SS-KYB,Prizms Choice,true,,Ky Bowman,
auto-sensational-signatures,SS-KYB,Prizms Mojo,true,25,Ky Bowman,
auto-sensational-signatures,SS-KYB,Prizms Gold,true,10,Ky Bowman,
auto-sensational-signatures,SS-KYB,Prizms Choice Green,true,8,Ky Bowman,
auto-sensational-signatures,SS-KYB,Prizms Black,true,1,Ky Bowman,
auto-sensational-signatures,SS-JWS,Prizms Silver,true,,James Wiseman,
auto-sensational-signatures,SS-JWS,Prizms Choice,true,,James Wiseman,
auto-sensational-signatures,SS-JWS,Prizms Mojo,true,25,James Wiseman,
auto-sensational-signatures,SS-JWS,Prizms Gold,true,10,James Wiseman,
auto-sensational-signatures,SS-JWS,Prizms Choice Green,true,8,James Wiseman,
auto-sensational-signatures,SS-JWS,Prizms Black,true,1,James Wiseman,
insert-dominance,24,Prizms Green,false,,Stephen Curry,
insert-dominance,24,Prizms Silver,false,,Stephen Curry,
base,71,Blue Prizms,false,,Eric Paschall,
base,71,Blue Shimmer Prizms,false,,Eric Paschall,
base,71,Blue Wave Prizms,false,,Eric Paschall,
base,71,Choice Blue Prizms,false,,Eric Paschall,
base,71,"Choice Blue, Yellow and Green Prizms",false,,Eric Paschall,
base,71,Choice Green Prizms,false,,Eric Paschall,
base,71,Choice Nebula Prizms,false,,Eric Paschall,
base,71,Choice Red Prizms,false,,Eric Paschall,
base,71,Choice Tiger Stripe Prizms,false,,Eric Paschall,
base,71,Fast Break Blue Prizms,false,,Eric Paschall,
base,71,Fast Break Bronze Prizms,false,,Eric Paschall,
base,71,Fast Break Neon Green Prizms,false,,Eric Paschall,
base,71,Fast Break Prizms,false,,Eric Paschall,
base,71,Fast Break Purple Prizms,false,,Eric Paschall,
base,71,Fast Break Red Prizms,false,,Eric Paschall,
base,71,Gold Prizms,false,,Eric Paschall,
base,71,Gold Shimmer Prizms,false,,Eric Paschall,
base,71,Gold Wave Prizms,false,,Eric Paschall,
base,71,Green Ice Prizms,false,,Eric Paschall,
base,71,Green Prizms,false,,Eric Paschall,
base,71,Green Pulsar Prizms,false,,Eric Paschall,
base,71,Green Shimmer Prizms,false,,Eric Paschall,
base,71,Hyper Prizms,false,,Eric Paschall,
base,71,Lucky Envelopes Prizms,false,,Eric Paschall,
base,71,Mojo Prizms,false,,Eric Paschall,
base,71,Orange Ice Prizms,false,,Eric Paschall,
base,71,Orange Prizms,false,,Eric Paschall,
base,71,Orange Wave Prizms,false,,Eric Paschall,
base,71,Pink Ice Prizms,false,,Eric Paschall,
base,71,Pink Pulsar Prizms,false,,Eric Paschall,
base,71,Purple Ice Prizms,false,,Eric Paschall,
base,71,Purple Prizms,false,,Eric Paschall,
base,71,Purple Pulsar Prizms,false,,Eric Paschall,
base,71,Purple Wave Prizms,false,,Eric Paschall,
base,71,Red Ice Prizms,false,,Eric Paschall,
base,71,Red Prizms,false,,Eric Paschall,
base,71,"Red, White and Blue Prizms",false,,Eric Paschall,
base,71,Ruby Wave Prizms,false,,Eric Paschall,
base,71,Silver Prizms,false,,Eric Paschall,
base,71,White Sparkle Prizm,false,,Eric Paschall,
base,71,Fast Break Pink Prizms,false,,Eric Paschall,
base,71,Black Prizms,false,,Eric Paschall,
base,71,Black Shimmer Prizms,false,,Eric Paschall,
base,71,Blue Ice Prizms,false,,Eric Paschall,
base,71,Black Gold Prizms,false,,Eric Paschall,
insert-downtown-bound,9,Fast Break,false,,Stephen Curry,
insert-downtown-bound,9,Prizms Hyper,false,,Stephen Curry,
insert-downtown-bound,9,Prizms Silver,false,,Stephen Curry,
insert-downtown-bound,9,Prizms Mojo,false,25,Stephen Curry,
insert-downtown-bound,9,Prizms Gold,false,10,Stephen Curry,
insert-downtown-bound,9,Prizms Black,false,1,Stephen Curry,
base,177,Blue Prizms,false,,Marquese Chriss,
base,177,Blue Shimmer Prizms,false,,Marquese Chriss,
base,177,Blue Wave Prizms,false,,Marquese Chriss,
base,177,Choice Blue Prizms,false,,Marquese Chriss,
base,177,"Choice Blue, Yellow and Green Prizms",false,,Marquese Chriss,
base,177,Choice Green Prizms,false,,Marquese Chriss,
base,177,Choice Nebula Prizms,false,,Marquese Chriss,
base,177,Choice Red Prizms,false,,Marquese Chriss,
base,177,Choice Tiger Stripe Prizms,false,,Marquese Chriss,
base,177,Fast Break Blue Prizms,false,,Marquese Chriss,
base,177,Fast Break Bronze Prizms,false,,Marquese Chriss,
base,177,Fast Break Neon Green Prizms,false,,Marquese Chriss,
base,177,Fast Break Prizms,false,,Marquese Chriss,
base,177,Fast Break Purple Prizms,false,,Marquese Chriss,
base,177,Fast Break Red Prizms,false,,Marquese Chriss,
base,177,Gold Prizms,false,,Marquese Chriss,
base,177,Gold Shimmer Prizms,false,,Marquese Chriss,
base,177,Gold Wave Prizms,false,,Marquese Chriss,
base,177,Green Ice Prizms,false,,Marquese Chriss,
base,177,Green Prizms,false,,Marquese Chriss,
base,177,Green Pulsar Prizms,false,,Marquese Chriss,
base,177,Green Shimmer Prizms,false,,Marquese Chriss,
base,177,Hyper Prizms,false,,Marquese Chriss,
base,177,Lucky Envelopes Prizms,false,,Marquese Chriss,
base,177,Mojo Prizms,false,,Marquese Chriss,
base,177,Orange Ice Prizms,false,,Marquese Chriss,
base,177,Orange Prizms,false,,Marquese Chriss,
base,177,Orange Wave Prizms,false,,Marquese Chriss,
base,177,Pink Ice Prizms,false,,Marquese Chriss,
base,177,Pink Pulsar Prizms,false,,Marquese Chriss,
base,177,Purple Ice Prizms,false,,Marquese Chriss,
base,177,Purple Prizms,false,,Marquese Chriss,
base,177,Purple Pulsar Prizms,false,,Marquese Chriss,
base,177,Purple Wave Prizms,false,,Marquese Chriss,
base,177,Red Ice Prizms,false,,Marquese Chriss,
base,177,Red Prizms,false,,Marquese Chriss,
base,177,"Red, White and Blue Prizms",false,,Marquese Chriss,
base,177,Ruby Wave Prizms,false,,Marquese Chriss,
base,177,Silver Prizms,false,,Marquese Chriss,
base,177,White Sparkle Prizm,false,,Marquese Chriss,
base,177,Fast Break Pink Prizms,false,,Marquese Chriss,
base,177,Black Prizms,false,,Marquese Chriss,
base,177,Black Shimmer Prizms,false,,Marquese Chriss,
base,177,Blue Ice Prizms,false,,Marquese Chriss,
base,177,Black Gold Prizms,false,,Marquese Chriss,
auto-rookie-signatures,RS-NMN,Prizms Silver,true,,Nico Mannion,
auto-rookie-signatures,RS-NMN,Prizms Choice,true,,Nico Mannion,
auto-rookie-signatures,RS-NMN,Prizms Mojo,true,25,Nico Mannion,
auto-rookie-signatures,RS-NMN,Prizms Gold,true,10,Nico Mannion,
auto-rookie-signatures,RS-NMN,Prizms Choice Green,true,8,Nico Mannion,
auto-rookie-signatures,RS-NMN,Prizms Black,true,1,Nico Mannion,
auto-rookie-signatures,RS-NMN,Prizms White Sparkle,true,1,Nico Mannion,
auto-fast-break-rookie-autographs,FR-NMN,Gold,true,10,Nico Mannion,
auto-fast-break-rookie-autographs,FR-NMN,Black,true,1,Nico Mannion,
base,87,Blue Prizms,false,,Klay Thompson,
base,87,Blue Shimmer Prizms,false,,Klay Thompson,
base,87,Blue Wave Prizms,false,,Klay Thompson,
base,87,Choice Blue Prizms,false,,Klay Thompson,
base,87,"Choice Blue, Yellow and Green Prizms",false,,Klay Thompson,
base,87,Choice Green Prizms,false,,Klay Thompson,
base,87,Choice Nebula Prizms,false,,Klay Thompson,
base,87,Choice Red Prizms,false,,Klay Thompson,
base,87,Choice Tiger Stripe Prizms,false,,Klay Thompson,
base,87,Fast Break Blue Prizms,false,,Klay Thompson,
base,87,Fast Break Bronze Prizms,false,,Klay Thompson,
base,87,Fast Break Neon Green Prizms,false,,Klay Thompson,
base,87,Fast Break Prizms,false,,Klay Thompson,
base,87,Fast Break Purple Prizms,false,,Klay Thompson,
base,87,Fast Break Red Prizms,false,,Klay Thompson,
base,87,Gold Prizms,false,,Klay Thompson,
base,87,Gold Shimmer Prizms,false,,Klay Thompson,
base,87,Gold Wave Prizms,false,,Klay Thompson,
base,87,Green Ice Prizms,false,,Klay Thompson,
base,87,Green Prizms,false,,Klay Thompson,
base,87,Green Pulsar Prizms,false,,Klay Thompson,
base,87,Green Shimmer Prizms,false,,Klay Thompson,
base,87,Hyper Prizms,false,,Klay Thompson,
base,87,Lucky Envelopes Prizms,false,,Klay Thompson,
base,87,Mojo Prizms,false,,Klay Thompson,
base,87,Orange Ice Prizms,false,,Klay Thompson,
base,87,Orange Prizms,false,,Klay Thompson,
base,87,Orange Wave Prizms,false,,Klay Thompson,
base,87,Pink Ice Prizms,false,,Klay Thompson,
base,87,Pink Pulsar Prizms,false,,Klay Thompson,
base,87,Purple Ice Prizms,false,,Klay Thompson,
base,87,Purple Prizms,false,,Klay Thompson,
base,87,Purple Pulsar Prizms,false,,Klay Thompson,
base,87,Purple Wave Prizms,false,,Klay Thompson,
base,87,Red Ice Prizms,false,,Klay Thompson,
base,87,Red Prizms,false,,Klay Thompson,
base,87,"Red, White and Blue Prizms",false,,Klay Thompson,
base,87,Ruby Wave Prizms,false,,Klay Thompson,
base,87,Silver Prizms,false,,Klay Thompson,
base,87,White Sparkle Prizm,false,,Klay Thompson,
base,87,Fast Break Pink Prizms,false,,Klay Thompson,
base,87,Black Prizms,false,,Klay Thompson,
base,87,Black Shimmer Prizms,false,,Klay Thompson,
base,87,Blue Ice Prizms,false,,Klay Thompson,
base,87,Black Gold Prizms,false,,Klay Thompson,
insert-emergent,13,Prizms Green,false,,James Wiseman,
insert-emergent,13,Prizms Silver,false,,James Wiseman,
insert-rookie-penmanship,RP-NMN,Prizms Orange Ice,false,,Nico Mannion,
insert-rookie-penmanship,RP-NMN,Prizms Blue Wave,false,,Nico Mannion,
insert-rookie-penmanship,RP-NMN,Prizms Silver,false,,Nico Mannion,
insert-rookie-penmanship,RP-NMN,Prizms Gold Wave,false,,Nico Mannion,
insert-rookie-penmanship,RP-NMN,Prizms Green Ice,false,16,Nico Mannion,
insert-rookie-penmanship,RP-JWS,Prizms Orange Ice,false,,James Wiseman,
insert-rookie-penmanship,RP-JWS,Prizms Blue Wave,false,,James Wiseman,
insert-rookie-penmanship,RP-JWS,Prizms Silver,false,,James Wiseman,
insert-rookie-penmanship,RP-JWS,Prizms Gold Wave,false,,James Wiseman,
insert-rookie-penmanship,RP-JWS,Prizms Green Ice,false,16,James Wiseman,
insert-prizm,10,Flashback Fast Break,false,,Stephen Curry,
insert-prizm,10,Flashback,false,,Stephen Curry,
insert-prizm,10,Flashback Prizms Hyper,false,,Stephen Curry,
insert-prizm,10,Flashback Prizms Silver,false,,Stephen Curry,
insert-prizm,10,Flashback Prizms Mojo,false,25,Stephen Curry,
insert-prizm,10,Flashback Prizms Gold,false,10,Stephen Curry,
insert-prizm,10,Flashback Prizms Black,false,1,Stephen Curry,
insert-penmanship,PE-KEV,Prizms Orange Ice,false,,Kevon Looney,
insert-penmanship,PE-KEV,Prizms Silver,false,,Kevon Looney,
insert-penmanship,PE-KEV,Prizms Green Ice,false,16,Kevon Looney,
base,123,Blue Prizms,false,,Draymond Green,
base,123,Blue Shimmer Prizms,false,,Draymond Green,
base,123,Blue Wave Prizms,false,,Draymond Green,
base,123,Choice Blue Prizms,false,,Draymond Green,
base,123,"Choice Blue, Yellow and Green Prizms",false,,Draymond Green,
base,123,Choice Green Prizms,false,,Draymond Green,
base,123,Choice Nebula Prizms,false,,Draymond Green,
base,123,Choice Red Prizms,false,,Draymond Green,
base,123,Choice Tiger Stripe Prizms,false,,Draymond Green,
base,123,Fast Break Blue Prizms,false,,Draymond Green,
base,123,Fast Break Bronze Prizms,false,,Draymond Green,
base,123,Fast Break Neon Green Prizms,false,,Draymond Green,
base,123,Fast Break Prizms,false,,Draymond Green,
base,123,Fast Break Purple Prizms,false,,Draymond Green,
base,123,Fast Break Red Prizms,false,,Draymond Green,
base,123,Gold Prizms,false,,Draymond Green,
base,123,Gold Shimmer Prizms,false,,Draymond Green,
base,123,Gold Wave Prizms,false,,Draymond Green,
base,123,Green Ice Prizms,false,,Draymond Green,
base,123,Green Prizms,false,,Draymond Green,
base,123,Green Pulsar Prizms,false,,Draymond Green,
base,123,Green Shimmer Prizms,false,,Draymond Green,
base,123,Hyper Prizms,false,,Draymond Green,
base,123,Lucky Envelopes Prizms,false,,Draymond Green,
base,123,Mojo Prizms,false,,Draymond Green,
base,123,Orange Ice Prizms,false,,Draymond Green,
base,123,Orange Prizms,false,,Draymond Green,
base,123,Orange Wave Prizms,false,,Draymond Green,
base,123,Pink Ice Prizms,false,,Draymond Green,
base,123,Pink Pulsar Prizms,false,,Draymond Green,
base,123,Purple Ice Prizms,false,,Draymond Green,
base,123,Purple Prizms,false,,Draymond Green,
base,123,Purple Pulsar Prizms,false,,Draymond Green,
base,123,Purple Wave Prizms,false,,Draymond Green,
base,123,Red Ice Prizms,false,,Draymond Green,
base,123,Red Prizms,false,,Draymond Green,
base,123,"Red, White and Blue Prizms",false,,Draymond Green,
base,123,Ruby Wave Prizms,false,,Draymond Green,
base,123,Silver Prizms,false,,Draymond Green,
base,123,White Sparkle Prizm,false,,Draymond Green,
base,123,Fast Break Pink Prizms,false,,Draymond Green,
base,123,Black Prizms,false,,Draymond Green,
base,123,Black Shimmer Prizms,false,,Draymond Green,
base,123,Blue Ice Prizms,false,,Draymond Green,
base,123,Black Gold Prizms,false,,Draymond Green,
insert-penmanship,PE-ALE,Prizms Orange Ice,false,,Alen Smailagic,
insert-penmanship,PE-ALE,Prizms Silver,false,,Alen Smailagic,
insert-penmanship,PE-ALE,Prizms Green Ice,false,16,Alen Smailagic,
insert-instant-impact,11,Prizms Green,false,,James Wiseman,
insert-instant-impact,11,Prizms Silver,false,,James Wiseman,
base,132,Blue Prizms,false,,Andrew Wiggins,
base,132,Blue Shimmer Prizms,false,,Andrew Wiggins,
base,132,Blue Wave Prizms,false,,Andrew Wiggins,
base,132,Choice Blue Prizms,false,,Andrew Wiggins,
base,132,"Choice Blue, Yellow and Green Prizms",false,,Andrew Wiggins,
base,132,Choice Green Prizms,false,,Andrew Wiggins,
base,132,Choice Nebula Prizms,false,,Andrew Wiggins,
base,132,Choice Red Prizms,false,,Andrew Wiggins,
base,132,Choice Tiger Stripe Prizms,false,,Andrew Wiggins,
base,132,Fast Break Blue Prizms,false,,Andrew Wiggins,
base,132,Fast Break Bronze Prizms,false,,Andrew Wiggins,
base,132,Fast Break Neon Green Prizms,false,,Andrew Wiggins,
base,132,Fast Break Prizms,false,,Andrew Wiggins,
base,132,Fast Break Purple Prizms,false,,Andrew Wiggins,
base,132,Fast Break Red Prizms,false,,Andrew Wiggins,
base,132,Gold Prizms,false,,Andrew Wiggins,
base,132,Gold Shimmer Prizms,false,,Andrew Wiggins,
base,132,Gold Wave Prizms,false,,Andrew Wiggins,
base,132,Green Ice Prizms,false,,Andrew Wiggins,
base,132,Green Prizms,false,,Andrew Wiggins,
base,132,Green Pulsar Prizms,false,,Andrew Wiggins,
base,132,Green Shimmer Prizms,false,,Andrew Wiggins,
base,132,Hyper Prizms,false,,Andrew Wiggins,
base,132,Lucky Envelopes Prizms,false,,Andrew Wiggins,
base,132,Mojo Prizms,false,,Andrew Wiggins,
base,132,Orange Ice Prizms,false,,Andrew Wiggins,
base,132,Orange Prizms,false,,Andrew Wiggins,
base,132,Orange Wave Prizms,false,,Andrew Wiggins,
base,132,Pink Ice Prizms,false,,Andrew Wiggins,
base,132,Pink Pulsar Prizms,false,,Andrew Wiggins,
base,132,Purple Ice Prizms,false,,Andrew Wiggins,
base,132,Purple Prizms,false,,Andrew Wiggins,
base,132,Purple Pulsar Prizms,false,,Andrew Wiggins,
base,132,Purple Wave Prizms,false,,Andrew Wiggins,
base,132,Red Ice Prizms,false,,Andrew Wiggins,
base,132,Red Prizms,false,,Andrew Wiggins,
base,132,"Red, White and Blue Prizms",false,,Andrew Wiggins,
base,132,Ruby Wave Prizms,false,,Andrew Wiggins,
base,132,Silver Prizms,false,,Andrew Wiggins,
base,132,White Sparkle Prizm,false,,Andrew Wiggins,
base,132,Fast Break Pink Prizms,false,,Andrew Wiggins,
base,132,Black Prizms,false,,Andrew Wiggins,
base,132,Black Shimmer Prizms,false,,Andrew Wiggins,
base,132,Blue Ice Prizms,false,,Andrew Wiggins,
base,132,Black Gold Prizms,false,,Andrew Wiggins,
auto-fast-break-autographs,FBA-JMU,Gold,true,10,Jeff Mullins,
auto-fast-break-autographs,FBA-JMU,Black,true,1,Jeff Mullins,
insert-fireworks,1,Prizms Silver,false,,Stephen Curry,
insert-fireworks,1,Fast Break,false,,Stephen Curry,
insert-fireworks,1,Prizms Hyper,false,,Stephen Curry,
insert-fireworks,1,Prizms Mojo,false,25,Stephen Curry,
insert-fireworks,1,Prizms Gold,false,10,Stephen Curry,
insert-fireworks,1,Prizms Black,false,1,Stephen Curry,
base,159,Blue Prizms,false,,Stephen Curry,
base,159,Blue Shimmer Prizms,false,,Stephen Curry,
base,159,Blue Wave Prizms,false,,Stephen Curry,
base,159,Choice Blue Prizms,false,,Stephen Curry,
base,159,"Choice Blue, Yellow and Green Prizms",false,,Stephen Curry,
base,159,Choice Green Prizms,false,,Stephen Curry,
base,159,Choice Nebula Prizms,false,,Stephen Curry,
base,159,Choice Red Prizms,false,,Stephen Curry,
base,159,Choice Tiger Stripe Prizms,false,,Stephen Curry,
base,159,Fast Break Blue Prizms,false,,Stephen Curry,
base,159,Fast Break Bronze Prizms,false,,Stephen Curry,
base,159,Fast Break Neon Green Prizms,false,,Stephen Curry,
base,159,Fast Break Prizms,false,,Stephen Curry,
base,159,Fast Break Purple Prizms,false,,Stephen Curry,
base,159,Fast Break Red Prizms,false,,Stephen Curry,
base,159,Gold Prizms,false,,Stephen Curry,
base,159,Gold Shimmer Prizms,false,,Stephen Curry,
base,159,Gold Wave Prizms,false,,Stephen Curry,
base,159,Green Ice Prizms,false,,Stephen Curry,
base,159,Green Prizms,false,,Stephen Curry,
base,159,Green Pulsar Prizms,false,,Stephen Curry,
base,159,Green Shimmer Prizms,false,,Stephen Curry,
base,159,Hyper Prizms,false,,Stephen Curry,
base,159,Lucky Envelopes Prizms,false,,Stephen Curry,
base,159,Mojo Prizms,false,,Stephen Curry,
base,159,Orange Ice Prizms,false,,Stephen Curry,
base,159,Orange Prizms,false,,Stephen Curry,
base,159,Orange Wave Prizms,false,,Stephen Curry,
base,159,Pink Ice Prizms,false,,Stephen Curry,
base,159,Pink Pulsar Prizms,false,,Stephen Curry,
base,159,Purple Ice Prizms,false,,Stephen Curry,
base,159,Purple Prizms,false,,Stephen Curry,
base,159,Purple Pulsar Prizms,false,,Stephen Curry,
base,159,Purple Wave Prizms,false,,Stephen Curry,
base,159,Red Ice Prizms,false,,Stephen Curry,
base,159,Red Prizms,false,,Stephen Curry,
base,159,"Red, White and Blue Prizms",false,,Stephen Curry,
base,159,Ruby Wave Prizms,false,,Stephen Curry,
base,159,Silver Prizms,false,,Stephen Curry,
base,159,White Sparkle Prizm,false,,Stephen Curry,
base,159,Fast Break Pink Prizms,false,,Stephen Curry,
base,159,Black Prizms,false,,Stephen Curry,
base,159,Black Shimmer Prizms,false,,Stephen Curry,
base,159,Blue Ice Prizms,false,,Stephen Curry,
base,159,Black Gold Prizms,false,,Stephen Curry,
insert-fireworks,17,Prizms Silver,false,,Russell Westbrook,
insert-fireworks,17,Fast Break,false,,Russell Westbrook,
insert-fireworks,17,Prizms Hyper,false,,Russell Westbrook,
insert-fireworks,17,Prizms Mojo,false,25,Russell Westbrook,
insert-fireworks,17,Prizms Gold,false,10,Russell Westbrook,
insert-fireworks,17,Prizms Black,false,1,Russell Westbrook,
auto-sensational-signatures,SS-KMJ,Prizms Silver,true,,Kenyon Martin Jr.,
auto-sensational-signatures,SS-KMJ,Prizms Choice,true,,Kenyon Martin Jr.,
auto-sensational-signatures,SS-KMJ,Prizms Mojo,true,25,Kenyon Martin Jr.,
auto-sensational-signatures,SS-KMJ,Prizms Gold,true,10,Kenyon Martin Jr.,
auto-sensational-signatures,SS-KMJ,Prizms Choice Green,true,8,Kenyon Martin Jr.,
auto-sensational-signatures,SS-KMJ,Prizms Black,true,1,Kenyon Martin Jr.,
insert-prizm,14,Flashback Fast Break,false,,Russell Westbrook,
insert-prizm,14,Flashback,false,,Russell Westbrook,
insert-prizm,14,Flashback Prizms Hyper,false,,Russell Westbrook,
insert-prizm,14,Flashback Prizms Silver,false,,Russell Westbrook,
insert-prizm,14,Flashback Prizms Mojo,false,25,Russell Westbrook,
insert-prizm,14,Flashback Prizms Gold,false,10,Russell Westbrook,
insert-prizm,14,Flashback Prizms Black,false,1,Russell Westbrook,
base,205,Blue Prizms,false,,DeMarre Carroll,
base,205,Blue Shimmer Prizms,false,,DeMarre Carroll,
base,205,Blue Wave Prizms,false,,DeMarre Carroll,
base,205,Choice Blue Prizms,false,,DeMarre Carroll,
base,205,"Choice Blue, Yellow and Green Prizms",false,,DeMarre Carroll,
base,205,Choice Green Prizms,false,,DeMarre Carroll,
base,205,Choice Nebula Prizms,false,,DeMarre Carroll,
base,205,Choice Red Prizms,false,,DeMarre Carroll,
base,205,Choice Tiger Stripe Prizms,false,,DeMarre Carroll,
base,205,Fast Break Blue Prizms,false,,DeMarre Carroll,
base,205,Fast Break Bronze Prizms,false,,DeMarre Carroll,
base,205,Fast Break Neon Green Prizms,false,,DeMarre Carroll,
base,205,Fast Break Prizms,false,,DeMarre Carroll,
base,205,Fast Break Purple Prizms,false,,DeMarre Carroll,
base,205,Fast Break Red Prizms,false,,DeMarre Carroll,
base,205,Gold Prizms,false,,DeMarre Carroll,
base,205,Gold Shimmer Prizms,false,,DeMarre Carroll,
base,205,Gold Wave Prizms,false,,DeMarre Carroll,
base,205,Green Ice Prizms,false,,DeMarre Carroll,
base,205,Green Prizms,false,,DeMarre Carroll,
base,205,Green Pulsar Prizms,false,,DeMarre Carroll,
base,205,Green Shimmer Prizms,false,,DeMarre Carroll,
base,205,Hyper Prizms,false,,DeMarre Carroll,
base,205,Lucky Envelopes Prizms,false,,DeMarre Carroll,
base,205,Mojo Prizms,false,,DeMarre Carroll,
base,205,Orange Ice Prizms,false,,DeMarre Carroll,
base,205,Orange Prizms,false,,DeMarre Carroll,
base,205,Orange Wave Prizms,false,,DeMarre Carroll,
base,205,Pink Ice Prizms,false,,DeMarre Carroll,
base,205,Pink Pulsar Prizms,false,,DeMarre Carroll,
base,205,Purple Ice Prizms,false,,DeMarre Carroll,
base,205,Purple Prizms,false,,DeMarre Carroll,
base,205,Purple Pulsar Prizms,false,,DeMarre Carroll,
base,205,Purple Wave Prizms,false,,DeMarre Carroll,
base,205,Red Ice Prizms,false,,DeMarre Carroll,
base,205,Red Prizms,false,,DeMarre Carroll,
base,205,"Red, White and Blue Prizms",false,,DeMarre Carroll,
base,205,Ruby Wave Prizms,false,,DeMarre Carroll,
base,205,Silver Prizms,false,,DeMarre Carroll,
base,205,White Sparkle Prizm,false,,DeMarre Carroll,
base,205,Fast Break Pink Prizms,false,,DeMarre Carroll,
base,205,Black Prizms,false,,DeMarre Carroll,
base,205,Black Shimmer Prizms,false,,DeMarre Carroll,
base,205,Blue Ice Prizms,false,,DeMarre Carroll,
base,205,Black Gold Prizms,false,,DeMarre Carroll,
auto-fast-break-autographs,FBA-HOL,Gold,true,10,Hakeem Olajuwon,
auto-fast-break-autographs,FBA-HOL,Black,true,1,Hakeem Olajuwon,
insert-sensational-swatches,SSW-RCV,Prizms Orange Ice,false,,Robert Covington,
insert-sensational-swatches,SSW-RCV,Prizms Green Ice,false,56,Robert Covington,
insert-sensational-swatches,SSW-RCV,Prime,false,10,Robert Covington,
base,80,Blue Prizms,false,,Danuel House Jr.,
base,80,Blue Shimmer Prizms,false,,Danuel House Jr.,
base,80,Blue Wave Prizms,false,,Danuel House Jr.,
base,80,Choice Blue Prizms,false,,Danuel House Jr.,
base,80,"Choice Blue, Yellow and Green Prizms",false,,Danuel House Jr.,
base,80,Choice Green Prizms,false,,Danuel House Jr.,
base,80,Choice Nebula Prizms,false,,Danuel House Jr.,
base,80,Choice Red Prizms,false,,Danuel House Jr.,
base,80,Choice Tiger Stripe Prizms,false,,Danuel House Jr.,
base,80,Fast Break Blue Prizms,false,,Danuel House Jr.,
base,80,Fast Break Bronze Prizms,false,,Danuel House Jr.,
base,80,Fast Break Neon Green Prizms,false,,Danuel House Jr.,
base,80,Fast Break Prizms,false,,Danuel House Jr.,
base,80,Fast Break Purple Prizms,false,,Danuel House Jr.,
base,80,Fast Break Red Prizms,false,,Danuel House Jr.,
base,80,Gold Prizms,false,,Danuel House Jr.,
base,80,Gold Shimmer Prizms,false,,Danuel House Jr.,
base,80,Gold Wave Prizms,false,,Danuel House Jr.,
base,80,Green Ice Prizms,false,,Danuel House Jr.,
base,80,Green Prizms,false,,Danuel House Jr.,
base,80,Green Pulsar Prizms,false,,Danuel House Jr.,
base,80,Green Shimmer Prizms,false,,Danuel House Jr.,
base,80,Hyper Prizms,false,,Danuel House Jr.,
base,80,Lucky Envelopes Prizms,false,,Danuel House Jr.,
base,80,Mojo Prizms,false,,Danuel House Jr.,
base,80,Orange Ice Prizms,false,,Danuel House Jr.,
base,80,Orange Prizms,false,,Danuel House Jr.,
base,80,Orange Wave Prizms,false,,Danuel House Jr.,
base,80,Pink Ice Prizms,false,,Danuel House Jr.,
base,80,Pink Pulsar Prizms,false,,Danuel House Jr.,
base,80,Purple Ice Prizms,false,,Danuel House Jr.,
base,80,Purple Prizms,false,,Danuel House Jr.,
base,80,Purple Pulsar Prizms,false,,Danuel House Jr.,
base,80,Purple Wave Prizms,false,,Danuel House Jr.,
base,80,Red Ice Prizms,false,,Danuel House Jr.,
base,80,Red Prizms,false,,Danuel House Jr.,
base,80,"Red, White and Blue Prizms",false,,Danuel House Jr.,
base,80,Ruby Wave Prizms,false,,Danuel House Jr.,
base,80,Silver Prizms,false,,Danuel House Jr.,
base,80,White Sparkle Prizm,false,,Danuel House Jr.,
base,80,Fast Break Pink Prizms,false,,Danuel House Jr.,
base,80,Black Prizms,false,,Danuel House Jr.,
base,80,Black Shimmer Prizms,false,,Danuel House Jr.,
base,80,Blue Ice Prizms,false,,Danuel House Jr.,
base,80,Black Gold Prizms,false,,Danuel House Jr.,
base,248,Blue Prizms,false,,Russell Westbrook,
base,248,Blue Shimmer Prizms,false,,Russell Westbrook,
base,248,Blue Wave Prizms,false,,Russell Westbrook,
base,248,Choice Blue Prizms,false,,Russell Westbrook,
base,248,"Choice Blue, Yellow and Green Prizms",false,,Russell Westbrook,
base,248,Choice Green Prizms,false,,Russell Westbrook,
base,248,Choice Nebula Prizms,false,,Russell Westbrook,
base,248,Choice Red Prizms,false,,Russell Westbrook,
base,248,Choice Tiger Stripe Prizms,false,,Russell Westbrook,
base,248,Fast Break Blue Prizms,false,,Russell Westbrook,
base,248,Fast Break Bronze Prizms,false,,Russell Westbrook,
base,248,Fast Break Neon Green Prizms,false,,Russell Westbrook,
base,248,Fast Break Prizms,false,,Russell Westbrook,
base,248,Fast Break Purple Prizms,false,,Russell Westbrook,
base,248,Fast Break Red Prizms,false,,Russell Westbrook,
base,248,Gold Prizms,false,,Russell Westbrook,
base,248,Gold Shimmer Prizms,false,,Russell Westbrook,
base,248,Gold Wave Prizms,false,,Russell Westbrook,
base,248,Green Ice Prizms,false,,Russell Westbrook,
base,248,Green Prizms,false,,Russell Westbrook,
base,248,Green Pulsar Prizms,false,,Russell Westbrook,
base,248,Green Shimmer Prizms,false,,Russell Westbrook,
base,248,Hyper Prizms,false,,Russell Westbrook,
base,248,Lucky Envelopes Prizms,false,,Russell Westbrook,
base,248,Mojo Prizms,false,,Russell Westbrook,
base,248,Orange Ice Prizms,false,,Russell Westbrook,
base,248,Orange Prizms,false,,Russell Westbrook,
base,248,Orange Wave Prizms,false,,Russell Westbrook,
base,248,Pink Ice Prizms,false,,Russell Westbrook,
base,248,Pink Pulsar Prizms,false,,Russell Westbrook,
base,248,Purple Ice Prizms,false,,Russell Westbrook,
base,248,Purple Prizms,false,,Russell Westbrook,
base,248,Purple Pulsar Prizms,false,,Russell Westbrook,
base,248,Purple Wave Prizms,false,,Russell Westbrook,
base,248,Red Ice Prizms,false,,Russell Westbrook,
base,248,Red Prizms,false,,Russell Westbrook,
base,248,"Red, White and Blue Prizms",false,,Russell Westbrook,
base,248,Ruby Wave Prizms,false,,Russell Westbrook,
base,248,Silver Prizms,false,,Russell Westbrook,
base,248,White Sparkle Prizm,false,,Russell Westbrook,
base,248,Fast Break Pink Prizms,false,,Russell Westbrook,
base,248,Black Prizms,false,,Russell Westbrook,
base,248,Black Shimmer Prizms,false,,Russell Westbrook,
base,248,Blue Ice Prizms,false,,Russell Westbrook,
base,248,Black Gold Prizms,false,,Russell Westbrook,
insert-fireworks,11,Prizms Silver,false,,James Harden,
insert-fireworks,11,Fast Break,false,,James Harden,
insert-fireworks,11,Prizms Hyper,false,,James Harden,
insert-fireworks,11,Prizms Mojo,false,25,James Harden,
insert-fireworks,11,Prizms Gold,false,10,James Harden,
insert-fireworks,11,Prizms Black,false,1,James Harden,
insert-downtown-bound,17,Fast Break,false,,Russell Westbrook,
insert-downtown-bound,17,Prizms Hyper,false,,Russell Westbrook,
insert-downtown-bound,17,Prizms Silver,false,,Russell Westbrook,
insert-downtown-bound,17,Prizms Mojo,false,25,Russell Westbrook,
insert-downtown-bound,17,Prizms Gold,false,10,Russell Westbrook,
insert-downtown-bound,17,Prizms Black,false,1,Russell Westbrook,
auto-rookie-signatures,RS-KMJ,Prizms Silver,true,,Kenyon Martin Jr.,
auto-rookie-signatures,RS-KMJ,Prizms Choice,true,,Kenyon Martin Jr.,
auto-rookie-signatures,RS-KMJ,Prizms Mojo,true,25,Kenyon Martin Jr.,
auto-rookie-signatures,RS-KMJ,Prizms Gold,true,10,Kenyon Martin Jr.,
auto-rookie-signatures,RS-KMJ,Prizms Choice Green,true,8,Kenyon Martin Jr.,
auto-rookie-signatures,RS-KMJ,Prizms Black,true,1,Kenyon Martin Jr.,
auto-rookie-signatures,RS-KMJ,Prizms White Sparkle,true,1,Kenyon Martin Jr.,
insert-downtown-bound,16,Fast Break,false,,James Harden,
insert-downtown-bound,16,Prizms Hyper,false,,James Harden,
insert-downtown-bound,16,Prizms Silver,false,,James Harden,
insert-downtown-bound,16,Prizms Mojo,false,25,James Harden,
insert-downtown-bound,16,Prizms Gold,false,10,James Harden,
insert-downtown-bound,16,Prizms Black,false,1,James Harden,
insert-sensational-swatches,SSW-TMC,Prizms Orange Ice,false,,Tracy McGrady,
insert-sensational-swatches,SSW-TMC,Prizms Green Ice,false,56,Tracy McGrady,
insert-sensational-swatches,SSW-TMC,Prime,false,10,Tracy McGrady,
insert-prizm,1,Flashback Fast Break,false,,James Harden,
insert-prizm,1,Flashback,false,,James Harden,
insert-prizm,1,Flashback Prizms Hyper,false,,James Harden,
insert-prizm,1,Flashback Prizms Silver,false,,James Harden,
insert-prizm,1,Flashback Prizms Mojo,false,25,James Harden,
insert-prizm,1,Flashback Prizms Gold,false,10,James Harden,
insert-prizm,1,Flashback Prizms Black,false,1,James Harden,
insert-dominance,8,Prizms Green,false,,James Harden,
insert-dominance,8,Prizms Silver,false,,James Harden,
auto-sensational-signatures,SS-CMU,Prizms Silver,true,,Calvin Murphy,
auto-sensational-signatures,SS-CMU,Prizms Choice,true,,Calvin Murphy,
auto-sensational-signatures,SS-CMU,Prizms Mojo,true,25,Calvin Murphy,
auto-sensational-signatures,SS-CMU,Prizms Gold,true,10,Calvin Murphy,
auto-sensational-signatures,SS-CMU,Prizms Choice Green,true,8,Calvin Murphy,
auto-sensational-signatures,SS-CMU,Prizms Black,true,1,Calvin Murphy,
base,112,Blue Prizms,false,,James Harden,
base,112,Blue Shimmer Prizms,false,,James Harden,
base,112,Blue Wave Prizms,false,,James Harden,
base,112,Choice Blue Prizms,false,,James Harden,
base,112,"Choice Blue, Yellow and Green Prizms",false,,James Harden,
base,112,Choice Green Prizms,false,,James Harden,
base,112,Choice Nebula Prizms,false,,James Harden,
base,112,Choice Red Prizms,false,,James Harden,
base,112,Choice Tiger Stripe Prizms,false,,James Harden,
base,112,Fast Break Blue Prizms,false,,James Harden,
base,112,Fast Break Bronze Prizms,false,,James Harden,
base,112,Fast Break Neon Green Prizms,false,,James Harden,
base,112,Fast Break Prizms,false,,James Harden,
base,112,Fast Break Purple Prizms,false,,James Harden,
base,112,Fast Break Red Prizms,false,,James Harden,
base,112,Gold Prizms,false,,James Harden,
base,112,Gold Shimmer Prizms,false,,James Harden,
base,112,Gold Wave Prizms,false,,James Harden,
base,112,Green Ice Prizms,false,,James Harden,
base,112,Green Prizms,false,,James Harden,
base,112,Green Pulsar Prizms,false,,James Harden,
base,112,Green Shimmer Prizms,false,,James Harden,
base,112,Hyper Prizms,false,,James Harden,
base,112,Lucky Envelopes Prizms,false,,James Harden,
base,112,Mojo Prizms,false,,James Harden,
base,112,Orange Ice Prizms,false,,James Harden,
base,112,Orange Prizms,false,,James Harden,
base,112,Orange Wave Prizms,false,,James Harden,
base,112,Pink Ice Prizms,false,,James Harden,
base,112,Pink Pulsar Prizms,false,,James Harden,
base,112,Purple Ice Prizms,false,,James Harden,
base,112,Purple Prizms,false,,James Harden,
base,112,Purple Pulsar Prizms,false,,James Harden,
base,112,Purple Wave Prizms,false,,James Harden,
base,112,Red Ice Prizms,false,,James Harden,
base,112,Red Prizms,false,,James Harden,
base,112,"Red, White and Blue Prizms",false,,James Harden,
base,112,Ruby Wave Prizms,false,,James Harden,
base,112,Silver Prizms,false,,James Harden,
base,112,White Sparkle Prizm,false,,James Harden,
base,112,Fast Break Pink Prizms,false,,James Harden,
base,112,Black Prizms,false,,James Harden,
base,112,Black Shimmer Prizms,false,,James Harden,
base,112,Blue Ice Prizms,false,,James Harden,
base,112,Black Gold Prizms,false,,James Harden,
base,2,Blue Prizms,false,,Jeff Green,
base,2,Blue Shimmer Prizms,false,,Jeff Green,
base,2,Blue Wave Prizms,false,,Jeff Green,
base,2,Choice Blue Prizms,false,,Jeff Green,
base,2,"Choice Blue, Yellow and Green Prizms",false,,Jeff Green,
base,2,Choice Green Prizms,false,,Jeff Green,
base,2,Choice Nebula Prizms,false,,Jeff Green,
base,2,Choice Red Prizms,false,,Jeff Green,
base,2,Choice Tiger Stripe Prizms,false,,Jeff Green,
base,2,Fast Break Blue Prizms,false,,Jeff Green,
base,2,Fast Break Bronze Prizms,false,,Jeff Green,
base,2,Fast Break Neon Green Prizms,false,,Jeff Green,
base,2,Fast Break Prizms,false,,Jeff Green,
base,2,Fast Break Purple Prizms,false,,Jeff Green,
base,2,Fast Break Red Prizms,false,,Jeff Green,
base,2,Gold Prizms,false,,Jeff Green,
base,2,Gold Shimmer Prizms,false,,Jeff Green,
base,2,Gold Wave Prizms,false,,Jeff Green,
base,2,Green Ice Prizms,false,,Jeff Green,
base,2,Green Prizms,false,,Jeff Green,
base,2,Green Pulsar Prizms,false,,Jeff Green,
base,2,Green Shimmer Prizms,false,,Jeff Green,
base,2,Hyper Prizms,false,,Jeff Green,
base,2,Lucky Envelopes Prizms,false,,Jeff Green,
base,2,Mojo Prizms,false,,Jeff Green,
base,2,Orange Ice Prizms,false,,Jeff Green,
base,2,Orange Prizms,false,,Jeff Green,
base,2,Orange Wave Prizms,false,,Jeff Green,
base,2,Pink Ice Prizms,false,,Jeff Green,
base,2,Pink Pulsar Prizms,false,,Jeff Green,
base,2,Purple Ice Prizms,false,,Jeff Green,
base,2,Purple Prizms,false,,Jeff Green,
base,2,Purple Pulsar Prizms,false,,Jeff Green,
base,2,Purple Wave Prizms,false,,Jeff Green,
base,2,Red Ice Prizms,false,,Jeff Green,
base,2,Red Prizms,false,,Jeff Green,
base,2,"Red, White and Blue Prizms",false,,Jeff Green,
base,2,Ruby Wave Prizms,false,,Jeff Green,
base,2,Silver Prizms,false,,Jeff Green,
base,2,White Sparkle Prizm,false,,Jeff Green,
base,2,Fast Break Pink Prizms,false,,Jeff Green,
base,2,Black Prizms,false,,Jeff Green,
base,2,Black Shimmer Prizms,false,,Jeff Green,
base,2,Blue Ice Prizms,false,,Jeff Green,
base,2,Black Gold Prizms,false,,Jeff Green,
auto-sensational-signatures,SS-JST,Prizms Silver,true,,Jae'Sean Tate,
auto-sensational-signatures,SS-JST,Prizms Choice,true,,Jae'Sean Tate,
auto-sensational-signatures,SS-JST,Prizms Mojo,true,25,Jae'Sean Tate,
auto-sensational-signatures,SS-JST,Prizms Gold,true,10,Jae'Sean Tate,
auto-sensational-signatures,SS-JST,Prizms Choice Green,true,8,Jae'Sean Tate,
auto-sensational-signatures,SS-JST,Prizms Black,true,1,Jae'Sean Tate,
base,182,Blue Prizms,false,,Austin Rivers,
base,182,Blue Shimmer Prizms,false,,Austin Rivers,
base,182,Blue Wave Prizms,false,,Austin Rivers,
base,182,Choice Blue Prizms,false,,Austin Rivers,
base,182,"Choice Blue, Yellow and Green Prizms",false,,Austin Rivers,
base,182,Choice Green Prizms,false,,Austin Rivers,
base,182,Choice Nebula Prizms,false,,Austin Rivers,
base,182,Choice Red Prizms,false,,Austin Rivers,
base,182,Choice Tiger Stripe Prizms,false,,Austin Rivers,
base,182,Fast Break Blue Prizms,false,,Austin Rivers,
base,182,Fast Break Bronze Prizms,false,,Austin Rivers,
base,182,Fast Break Neon Green Prizms,false,,Austin Rivers,
base,182,Fast Break Prizms,false,,Austin Rivers,
base,182,Fast Break Purple Prizms,false,,Austin Rivers,
base,182,Fast Break Red Prizms,false,,Austin Rivers,
base,182,Gold Prizms,false,,Austin Rivers,
base,182,Gold Shimmer Prizms,false,,Austin Rivers,
base,182,Gold Wave Prizms,false,,Austin Rivers,
base,182,Green Ice Prizms,false,,Austin Rivers,
base,182,Green Prizms,false,,Austin Rivers,
base,182,Green Pulsar Prizms,false,,Austin Rivers,
base,182,Green Shimmer Prizms,false,,Austin Rivers,
base,182,Hyper Prizms,false,,Austin Rivers,
base,182,Lucky Envelopes Prizms,false,,Austin Rivers,
base,182,Mojo Prizms,false,,Austin Rivers,
base,182,Orange Ice Prizms,false,,Austin Rivers,
base,182,Orange Prizms,false,,Austin Rivers,
base,182,Orange Wave Prizms,false,,Austin Rivers,
base,182,Pink Ice Prizms,false,,Austin Rivers,
base,182,Pink Pulsar Prizms,false,,Austin Rivers,
base,182,Purple Ice Prizms,false,,Austin Rivers,
base,182,Purple Prizms,false,,Austin Rivers,
base,182,Purple Pulsar Prizms,false,,Austin Rivers,
base,182,Purple Wave Prizms,false,,Austin Rivers,
base,182,Red Ice Prizms,false,,Austin Rivers,
base,182,Red Prizms,false,,Austin Rivers,
base,182,"Red, White and Blue Prizms",false,,Austin Rivers,
base,182,Ruby Wave Prizms,false,,Austin Rivers,
base,182,Silver Prizms,false,,Austin Rivers,
base,182,White Sparkle Prizm,false,,Austin Rivers,
base,182,Fast Break Pink Prizms,false,,Austin Rivers,
base,182,Black Prizms,false,,Austin Rivers,
base,182,Black Shimmer Prizms,false,,Austin Rivers,
base,182,Blue Ice Prizms,false,,Austin Rivers,
base,182,Black Gold Prizms,false,,Austin Rivers,
insert-dominance,23,Prizms Green,false,,Russell Westbrook,
insert-dominance,23,Prizms Silver,false,,Russell Westbrook,
insert-sensational-swatches,SSW-CDR,Prizms Orange Ice,false,,Clyde Drexler,
insert-sensational-swatches,SSW-CDR,Prizms Green Ice,false,56,Clyde Drexler,
insert-sensational-swatches,SSW-CDR,Prime,false,10,Clyde Drexler,
insert-widescreen,8,Prizms Silver,false,,James Harden,
insert-widescreen,8,Fast Break,false,,James Harden,
insert-widescreen,8,Prizms Hyper,false,,James Harden,
insert-widescreen,8,Prizms Mojo,false,25,James Harden,
insert-widescreen,8,Prizms Gold,false,10,James Harden,
insert-widescreen,8,Prizms Black,false,1,James Harden,
insert-rookie-penmanship,RP-KMJ,Prizms Orange Ice,false,,Kenyon Martin Jr.,
insert-rookie-penmanship,RP-KMJ,Prizms Blue Wave,false,,Kenyon Martin Jr.,
insert-rookie-penmanship,RP-KMJ,Prizms Silver,false,,Kenyon Martin Jr.,
insert-rookie-penmanship,RP-KMJ,Prizms Gold Wave,false,,Kenyon Martin Jr.,
insert-rookie-penmanship,RP-KMJ,Prizms Green Ice,false,16,Kenyon Martin Jr.,
insert-penmanship,PE-ISA,Prizms Orange Ice,false,,Isaiah Hartenstein,
insert-penmanship,PE-ISA,Prizms Silver,false,,Isaiah Hartenstein,
insert-penmanship,PE-ISA,Prizms Green Ice,false,16,Isaiah Hartenstein,
base,51,Blue Prizms,false,,Eric Gordon,
base,51,Blue Shimmer Prizms,false,,Eric Gordon,
base,51,Blue Wave Prizms,false,,Eric Gordon,
base,51,Choice Blue Prizms,false,,Eric Gordon,
base,51,"Choice Blue, Yellow and Green Prizms",false,,Eric Gordon,
base,51,Choice Green Prizms,false,,Eric Gordon,
base,51,Choice Nebula Prizms,false,,Eric Gordon,
base,51,Choice Red Prizms,false,,Eric Gordon,
base,51,Choice Tiger Stripe Prizms,false,,Eric Gordon,
base,51,Fast Break Blue Prizms,false,,Eric Gordon,
base,51,Fast Break Bronze Prizms,false,,Eric Gordon,
base,51,Fast Break Neon Green Prizms,false,,Eric Gordon,
base,51,Fast Break Prizms,false,,Eric Gordon,
base,51,Fast Break Purple Prizms,false,,Eric Gordon,
base,51,Fast Break Red Prizms,false,,Eric Gordon,
base,51,Gold Prizms,false,,Eric Gordon,
base,51,Gold Shimmer Prizms,false,,Eric Gordon,
base,51,Gold Wave Prizms,false,,Eric Gordon,
base,51,Green Ice Prizms,false,,Eric Gordon,
base,51,Green Prizms,false,,Eric Gordon,
base,51,Green Pulsar Prizms,false,,Eric Gordon,
base,51,Green Shimmer Prizms,false,,Eric Gordon,
base,51,Hyper Prizms,false,,Eric Gordon,
base,51,Lucky Envelopes Prizms,false,,Eric Gordon,
base,51,Mojo Prizms,false,,Eric Gordon,
base,51,Orange Ice Prizms,false,,Eric Gordon,
base,51,Orange Prizms,false,,Eric Gordon,
base,51,Orange Wave Prizms,false,,Eric Gordon,
base,51,Pink Ice Prizms,false,,Eric Gordon,
base,51,Pink Pulsar Prizms,false,,Eric Gordon,
base,51,Purple Ice Prizms,false,,Eric Gordon,
base,51,Purple Prizms,false,,Eric Gordon,
base,51,Purple Pulsar Prizms,false,,Eric Gordon,
base,51,Purple Wave Prizms,false,,Eric Gordon,
base,51,Red Ice Prizms,false,,Eric Gordon,
base,51,Red Prizms,false,,Eric Gordon,
base,51,"Red, White and Blue Prizms",false,,Eric Gordon,
base,51,Ruby Wave Prizms,false,,Eric Gordon,
base,51,Silver Prizms,false,,Eric Gordon,
base,51,White Sparkle Prizm,false,,Eric Gordon,
base,51,Fast Break Pink Prizms,false,,Eric Gordon,
base,51,Black Prizms,false,,Eric Gordon,
base,51,Black Shimmer Prizms,false,,Eric Gordon,
base,51,Blue Ice Prizms,false,,Eric Gordon,
base,51,Black Gold Prizms,false,,Eric Gordon,
base,8,Blue Prizms,false,,Robert Covington,
base,8,Blue Shimmer Prizms,false,,Robert Covington,
base,8,Blue Wave Prizms,false,,Robert Covington,
base,8,Choice Blue Prizms,false,,Robert Covington,
base,8,"Choice Blue, Yellow and Green Prizms",false,,Robert Covington,
base,8,Choice Green Prizms,false,,Robert Covington,
base,8,Choice Nebula Prizms,false,,Robert Covington,
base,8,Choice Red Prizms,false,,Robert Covington,
base,8,Choice Tiger Stripe Prizms,false,,Robert Covington,
base,8,Fast Break Blue Prizms,false,,Robert Covington,
base,8,Fast Break Bronze Prizms,false,,Robert Covington,
base,8,Fast Break Neon Green Prizms,false,,Robert Covington,
base,8,Fast Break Prizms,false,,Robert Covington,
base,8,Fast Break Purple Prizms,false,,Robert Covington,
base,8,Fast Break Red Prizms,false,,Robert Covington,
base,8,Gold Prizms,false,,Robert Covington,
base,8,Gold Shimmer Prizms,false,,Robert Covington,
base,8,Gold Wave Prizms,false,,Robert Covington,
base,8,Green Ice Prizms,false,,Robert Covington,
base,8,Green Prizms,false,,Robert Covington,
base,8,Green Pulsar Prizms,false,,Robert Covington,
base,8,Green Shimmer Prizms,false,,Robert Covington,
base,8,Hyper Prizms,false,,Robert Covington,
base,8,Lucky Envelopes Prizms,false,,Robert Covington,
base,8,Mojo Prizms,false,,Robert Covington,
base,8,Orange Ice Prizms,false,,Robert Covington,
base,8,Orange Prizms,false,,Robert Covington,
base,8,Orange Wave Prizms,false,,Robert Covington,
base,8,Pink Ice Prizms,false,,Robert Covington,
base,8,Pink Pulsar Prizms,false,,Robert Covington,
base,8,Purple Ice Prizms,false,,Robert Covington,
base,8,Purple Prizms,false,,Robert Covington,
base,8,Purple Pulsar Prizms,false,,Robert Covington,
base,8,Purple Wave Prizms,false,,Robert Covington,
base,8,Red Ice Prizms,false,,Robert Covington,
base,8,Red Prizms,false,,Robert Covington,
base,8,"Red, White and Blue Prizms",false,,Robert Covington,
base,8,Ruby Wave Prizms,false,,Robert Covington,
base,8,Silver Prizms,false,,Robert Covington,
base,8,White Sparkle Prizm,false,,Robert Covington,
base,8,Fast Break Pink Prizms,false,,Robert Covington,
base,8,Black Prizms,false,,Robert Covington,
base,8,Black Shimmer Prizms,false,,Robert Covington,
base,8,Blue Ice Prizms,false,,Robert Covington,
base,8,Black Gold Prizms,false,,Robert Covington,
insert-penmanship,PE-DHJ,Prizms Orange Ice,false,,Danuel House Jr.,
insert-penmanship,PE-DHJ,Prizms Silver,false,,Danuel House Jr.,
insert-penmanship,PE-DHJ,Prizms Green Ice,false,16,Danuel House Jr.,
base,265,Blue Prizms,false,,Kenyon Martin Jr.,
base,265,Blue Shimmer Prizms,false,,Kenyon Martin Jr.,
base,265,Blue Wave Prizms,false,,Kenyon Martin Jr.,
base,265,Choice Blue Prizms,false,,Kenyon Martin Jr.,
base,265,"Choice Blue, Yellow and Green Prizms",false,,Kenyon Martin Jr.,
base,265,Choice Green Prizms,false,,Kenyon Martin Jr.,
base,265,Choice Nebula Prizms,false,,Kenyon Martin Jr.,
base,265,Choice Red Prizms,false,,Kenyon Martin Jr.,
base,265,Choice Tiger Stripe Prizms,false,,Kenyon Martin Jr.,
base,265,Fast Break Blue Prizms,false,,Kenyon Martin Jr.,
base,265,Fast Break Bronze Prizms,false,,Kenyon Martin Jr.,
base,265,Fast Break Neon Green Prizms,false,,Kenyon Martin Jr.,
base,265,Fast Break Prizms,false,,Kenyon Martin Jr.,
base,265,Fast Break Purple Prizms,false,,Kenyon Martin Jr.,
base,265,Fast Break Red Prizms,false,,Kenyon Martin Jr.,
base,265,Gold Prizms,false,,Kenyon Martin Jr.,
base,265,Gold Shimmer Prizms,false,,Kenyon Martin Jr.,
base,265,Gold Wave Prizms,false,,Kenyon Martin Jr.,
base,265,Green Ice Prizms,false,,Kenyon Martin Jr.,
base,265,Green Prizms,false,,Kenyon Martin Jr.,
base,265,Green Pulsar Prizms,false,,Kenyon Martin Jr.,
base,265,Green Shimmer Prizms,false,,Kenyon Martin Jr.,
base,265,Hyper Prizms,false,,Kenyon Martin Jr.,
base,265,Lucky Envelopes Prizms,false,,Kenyon Martin Jr.,
base,265,Mojo Prizms,false,,Kenyon Martin Jr.,
base,265,Orange Ice Prizms,false,,Kenyon Martin Jr.,
base,265,Orange Prizms,false,,Kenyon Martin Jr.,
base,265,Orange Wave Prizms,false,,Kenyon Martin Jr.,
base,265,Pink Ice Prizms,false,,Kenyon Martin Jr.,
base,265,Pink Pulsar Prizms,false,,Kenyon Martin Jr.,
base,265,Purple Ice Prizms,false,,Kenyon Martin Jr.,
base,265,Purple Prizms,false,,Kenyon Martin Jr.,
base,265,Purple Pulsar Prizms,false,,Kenyon Martin Jr.,
base,265,Purple Wave Prizms,false,,Kenyon Martin Jr.,
base,265,Red Ice Prizms,false,,Kenyon Martin Jr.,
base,265,Red Prizms,false,,Kenyon Martin Jr.,
base,265,"Red, White and Blue Prizms",false,,Kenyon Martin Jr.,
base,265,Ruby Wave Prizms,false,,Kenyon Martin Jr.,
base,265,Silver Prizms,false,,Kenyon Martin Jr.,
base,265,White Sparkle Prizm,false,,Kenyon Martin Jr.,
base,265,Fast Break Pink Prizms,false,,Kenyon Martin Jr.,
base,265,Black Prizms,false,,Kenyon Martin Jr.,
base,265,Black Shimmer Prizms,false,,Kenyon Martin Jr.,
base,265,Blue Ice Prizms,false,,Kenyon Martin Jr.,
base,265,Black Gold Prizms,false,,Kenyon Martin Jr.,
insert-penmanship,PE-CCL,Prizms Orange Ice,false,,Chris Clemons,
insert-penmanship,PE-CCL,Prizms Silver,false,,Chris Clemons,
insert-penmanship,PE-CCL,Prizms Green Ice,false,16,Chris Clemons,
insert-penmanship,PE-BMC,Prizms Orange Ice,false,,Ben McLemore,
insert-penmanship,PE-BMC,Prizms Silver,false,,Ben McLemore,
insert-penmanship,PE-BMC,Prizms Green Ice,false,16,Ben McLemore,
auto-sensational-signatures,SS-PJT,Prizms Silver,true,,P.J. Tucker,
auto-sensational-signatures,SS-PJT,Prizms Choice,true,,P.J. Tucker,
auto-sensational-signatures,SS-PJT,Prizms Mojo,true,25,P.J. Tucker,
auto-sensational-signatures,SS-PJT,Prizms Gold,true,10,P.J. Tucker,
auto-sensational-signatures,SS-PJT,Prizms Choice Green,true,8,P.J. Tucker,
auto-sensational-signatures,SS-PJT,Prizms Black,true,1,P.J. Tucker,
insert-sensational-swatches,SSW-EGO,Prizms Orange Ice,false,,Eric Gordon,
insert-sensational-swatches,SSW-EGO,Prizms Green Ice,false,56,Eric Gordon,
insert-sensational-swatches,SSW-EGO,Prime,false,10,Eric Gordon,
insert-sensational-swatches,SSW-HAO,Prizms Orange Ice,false,,Hakeem Olajuwon,
insert-sensational-swatches,SSW-HAO,Prizms Green Ice,false,56,Hakeem Olajuwon,
insert-sensational-swatches,SSW-HAO,Prime,false,10,Hakeem Olajuwon,
auto-fast-break-autographs,FBA-RHI,Gold,true,10,Roy Hibbert,
auto-fast-break-autographs,FBA-RHI,Black,true,1,Roy Hibbert,
auto-sensational-signatures,SS-JHL,Prizms Silver,true,,Justin Holiday,
auto-sensational-signatures,SS-JHL,Prizms Choice,true,,Justin Holiday,
auto-sensational-signatures,SS-JHL,Prizms Mojo,true,25,Justin Holiday,
auto-sensational-signatures,SS-JHL,Prizms Gold,true,10,Justin Holiday,
auto-sensational-signatures,SS-JHL,Prizms Choice Green,true,8,Justin Holiday,
auto-sensational-signatures,SS-JHL,Prizms Black,true,1,Justin Holiday,
base,23,Blue Prizms,false,,Domantas Sabonis,
base,23,Blue Shimmer Prizms,false,,Domantas Sabonis,
base,23,Blue Wave Prizms,false,,Domantas Sabonis,
base,23,Choice Blue Prizms,false,,Domantas Sabonis,
base,23,"Choice Blue, Yellow and Green Prizms",false,,Domantas Sabonis,
base,23,Choice Green Prizms,false,,Domantas Sabonis,
base,23,Choice Nebula Prizms,false,,Domantas Sabonis,
base,23,Choice Red Prizms,false,,Domantas Sabonis,
base,23,Choice Tiger Stripe Prizms,false,,Domantas Sabonis,
base,23,Fast Break Blue Prizms,false,,Domantas Sabonis,
base,23,Fast Break Bronze Prizms,false,,Domantas Sabonis,
base,23,Fast Break Neon Green Prizms,false,,Domantas Sabonis,
base,23,Fast Break Prizms,false,,Domantas Sabonis,
base,23,Fast Break Purple Prizms,false,,Domantas Sabonis,
base,23,Fast Break Red Prizms,false,,Domantas Sabonis,
base,23,Gold Prizms,false,,Domantas Sabonis,
base,23,Gold Shimmer Prizms,false,,Domantas Sabonis,
base,23,Gold Wave Prizms,false,,Domantas Sabonis,
base,23,Green Ice Prizms,false,,Domantas Sabonis,
base,23,Green Prizms,false,,Domantas Sabonis,
base,23,Green Pulsar Prizms,false,,Domantas Sabonis,
base,23,Green Shimmer Prizms,false,,Domantas Sabonis,
base,23,Hyper Prizms,false,,Domantas Sabonis,
base,23,Lucky Envelopes Prizms,false,,Domantas Sabonis,
base,23,Mojo Prizms,false,,Domantas Sabonis,
base,23,Orange Ice Prizms,false,,Domantas Sabonis,
base,23,Orange Prizms,false,,Domantas Sabonis,
base,23,Orange Wave Prizms,false,,Domantas Sabonis,
base,23,Pink Ice Prizms,false,,Domantas Sabonis,
base,23,Pink Pulsar Prizms,false,,Domantas Sabonis,
base,23,Purple Ice Prizms,false,,Domantas Sabonis,
base,23,Purple Prizms,false,,Domantas Sabonis,
base,23,Purple Pulsar Prizms,false,,Domantas Sabonis,
base,23,Purple Wave Prizms,false,,Domantas Sabonis,
base,23,Red Ice Prizms,false,,Domantas Sabonis,
base,23,Red Prizms,false,,Domantas Sabonis,
base,23,"Red, White and Blue Prizms",false,,Domantas Sabonis,
base,23,Ruby Wave Prizms,false,,Domantas Sabonis,
base,23,Silver Prizms,false,,Domantas Sabonis,
base,23,White Sparkle Prizm,false,,Domantas Sabonis,
base,23,Fast Break Pink Prizms,false,,Domantas Sabonis,
base,23,Black Prizms,false,,Domantas Sabonis,
base,23,Black Shimmer Prizms,false,,Domantas Sabonis,
base,23,Blue Ice Prizms,false,,Domantas Sabonis,
base,23,Black Gold Prizms,false,,Domantas Sabonis,
base,96,Blue Prizms,false,,Jeremy Lamb,
base,96,Blue Shimmer Prizms,false,,Jeremy Lamb,
base,96,Blue Wave Prizms,false,,Jeremy Lamb,
base,96,Choice Blue Prizms,false,,Jeremy Lamb,
base,96,"Choice Blue, Yellow and Green Prizms",false,,Jeremy Lamb,
base,96,Choice Green Prizms,false,,Jeremy Lamb,
base,96,Choice Nebula Prizms,false,,Jeremy Lamb,
base,96,Choice Red Prizms,false,,Jeremy Lamb,
base,96,Choice Tiger Stripe Prizms,false,,Jeremy Lamb,
base,96,Fast Break Blue Prizms,false,,Jeremy Lamb,
base,96,Fast Break Bronze Prizms,false,,Jeremy Lamb,
base,96,Fast Break Neon Green Prizms,false,,Jeremy Lamb,
base,96,Fast Break Prizms,false,,Jeremy Lamb,
base,96,Fast Break Purple Prizms,false,,Jeremy Lamb,
base,96,Fast Break Red Prizms,false,,Jeremy Lamb,
base,96,Gold Prizms,false,,Jeremy Lamb,
base,96,Gold Shimmer Prizms,false,,Jeremy Lamb,
base,96,Gold Wave Prizms,false,,Jeremy Lamb,
base,96,Green Ice Prizms,false,,Jeremy Lamb,
base,96,Green Prizms,false,,Jeremy Lamb,
base,96,Green Pulsar Prizms,false,,Jeremy Lamb,
base,96,Green Shimmer Prizms,false,,Jeremy Lamb,
base,96,Hyper Prizms,false,,Jeremy Lamb,
base,96,Lucky Envelopes Prizms,false,,Jeremy Lamb,
base,96,Mojo Prizms,false,,Jeremy Lamb,
base,96,Orange Ice Prizms,false,,Jeremy Lamb,
base,96,Orange Prizms,false,,Jeremy Lamb,
base,96,Orange Wave Prizms,false,,Jeremy Lamb,
base,96,Pink Ice Prizms,false,,Jeremy Lamb,
base,96,Pink Pulsar Prizms,false,,Jeremy Lamb,
base,96,Purple Ice Prizms,false,,Jeremy Lamb,
base,96,Purple Prizms,false,,Jeremy Lamb,
base,96,Purple Pulsar Prizms,false,,Jeremy Lamb,
base,96,Purple Wave Prizms,false,,Jeremy Lamb,
base,96,Red Ice Prizms,false,,Jeremy Lamb,
base,96,Red Prizms,false,,Jeremy Lamb,
base,96,"Red, White and Blue Prizms",false,,Jeremy Lamb,
base,96,Ruby Wave Prizms,false,,Jeremy Lamb,
base,96,Silver Prizms,false,,Jeremy Lamb,
base,96,White Sparkle Prizm,false,,Jeremy Lamb,
base,96,Fast Break Pink Prizms,false,,Jeremy Lamb,
base,96,Black Prizms,false,,Jeremy Lamb,
base,96,Black Shimmer Prizms,false,,Jeremy Lamb,
base,96,Blue Ice Prizms,false,,Jeremy Lamb,
base,96,Black Gold Prizms,false,,Jeremy Lamb,
insert-rookie-penmanship,RP-CSL,Prizms Orange Ice,false,,Cassius Stanley,
insert-rookie-penmanship,RP-CSL,Prizms Blue Wave,false,,Cassius Stanley,
insert-rookie-penmanship,RP-CSL,Prizms Silver,false,,Cassius Stanley,
insert-rookie-penmanship,RP-CSL,Prizms Gold Wave,false,,Cassius Stanley,
insert-rookie-penmanship,RP-CSL,Prizms Green Ice,false,16,Cassius Stanley,
base,100,Blue Prizms,false,,Victor Oladipo,
base,100,Blue Shimmer Prizms,false,,Victor Oladipo,
base,100,Blue Wave Prizms,false,,Victor Oladipo,
base,100,Choice Blue Prizms,false,,Victor Oladipo,
base,100,"Choice Blue, Yellow and Green Prizms",false,,Victor Oladipo,
base,100,Choice Green Prizms,false,,Victor Oladipo,
base,100,Choice Nebula Prizms,false,,Victor Oladipo,
base,100,Choice Red Prizms,false,,Victor Oladipo,
base,100,Choice Tiger Stripe Prizms,false,,Victor Oladipo,
base,100,Fast Break Blue Prizms,false,,Victor Oladipo,
base,100,Fast Break Bronze Prizms,false,,Victor Oladipo,
base,100,Fast Break Neon Green Prizms,false,,Victor Oladipo,
base,100,Fast Break Prizms,false,,Victor Oladipo,
base,100,Fast Break Purple Prizms,false,,Victor Oladipo,
base,100,Fast Break Red Prizms,false,,Victor Oladipo,
base,100,Gold Prizms,false,,Victor Oladipo,
base,100,Gold Shimmer Prizms,false,,Victor Oladipo,
base,100,Gold Wave Prizms,false,,Victor Oladipo,
base,100,Green Ice Prizms,false,,Victor Oladipo,
base,100,Green Prizms,false,,Victor Oladipo,
base,100,Green Pulsar Prizms,false,,Victor Oladipo,
base,100,Green Shimmer Prizms,false,,Victor Oladipo,
base,100,Hyper Prizms,false,,Victor Oladipo,
base,100,Lucky Envelopes Prizms,false,,Victor Oladipo,
base,100,Mojo Prizms,false,,Victor Oladipo,
base,100,Orange Ice Prizms,false,,Victor Oladipo,
base,100,Orange Prizms,false,,Victor Oladipo,
base,100,Orange Wave Prizms,false,,Victor Oladipo,
base,100,Pink Ice Prizms,false,,Victor Oladipo,
base,100,Pink Pulsar Prizms,false,,Victor Oladipo,
base,100,Purple Ice Prizms,false,,Victor Oladipo,
base,100,Purple Prizms,false,,Victor Oladipo,
base,100,Purple Pulsar Prizms,false,,Victor Oladipo,
base,100,Purple Wave Prizms,false,,Victor Oladipo,
base,100,Red Ice Prizms,false,,Victor Oladipo,
base,100,Red Prizms,false,,Victor Oladipo,
base,100,"Red, White and Blue Prizms",false,,Victor Oladipo,
base,100,Ruby Wave Prizms,false,,Victor Oladipo,
base,100,Silver Prizms,false,,Victor Oladipo,
base,100,White Sparkle Prizm,false,,Victor Oladipo,
base,100,Fast Break Pink Prizms,false,,Victor Oladipo,
base,100,Black Prizms,false,,Victor Oladipo,
base,100,Black Shimmer Prizms,false,,Victor Oladipo,
base,100,Blue Ice Prizms,false,,Victor Oladipo,
base,100,Black Gold Prizms,false,,Victor Oladipo,
base,43,Blue Prizms,false,,Doug McDermott,
base,43,Blue Shimmer Prizms,false,,Doug McDermott,
base,43,Blue Wave Prizms,false,,Doug McDermott,
base,43,Choice Blue Prizms,false,,Doug McDermott,
base,43,"Choice Blue, Yellow and Green Prizms",false,,Doug McDermott,
base,43,Choice Green Prizms,false,,Doug McDermott,
base,43,Choice Nebula Prizms,false,,Doug McDermott,
base,43,Choice Red Prizms,false,,Doug McDermott,
base,43,Choice Tiger Stripe Prizms,false,,Doug McDermott,
base,43,Fast Break Blue Prizms,false,,Doug McDermott,
base,43,Fast Break Bronze Prizms,false,,Doug McDermott,
base,43,Fast Break Neon Green Prizms,false,,Doug McDermott,
base,43,Fast Break Prizms,false,,Doug McDermott,
base,43,Fast Break Purple Prizms,false,,Doug McDermott,
base,43,Fast Break Red Prizms,false,,Doug McDermott,
base,43,Gold Prizms,false,,Doug McDermott,
base,43,Gold Shimmer Prizms,false,,Doug McDermott,
base,43,Gold Wave Prizms,false,,Doug McDermott,
base,43,Green Ice Prizms,false,,Doug McDermott,
base,43,Green Prizms,false,,Doug McDermott,
base,43,Green Pulsar Prizms,false,,Doug McDermott,
base,43,Green Shimmer Prizms,false,,Doug McDermott,
base,43,Hyper Prizms,false,,Doug McDermott,
base,43,Lucky Envelopes Prizms,false,,Doug McDermott,
base,43,Mojo Prizms,false,,Doug McDermott,
base,43,Orange Ice Prizms,false,,Doug McDermott,
base,43,Orange Prizms,false,,Doug McDermott,
base,43,Orange Wave Prizms,false,,Doug McDermott,
base,43,Pink Ice Prizms,false,,Doug McDermott,
base,43,Pink Pulsar Prizms,false,,Doug McDermott,
base,43,Purple Ice Prizms,false,,Doug McDermott,
base,43,Purple Prizms,false,,Doug McDermott,
base,43,Purple Pulsar Prizms,false,,Doug McDermott,
base,43,Purple Wave Prizms,false,,Doug McDermott,
base,43,Red Ice Prizms,false,,Doug McDermott,
base,43,Red Prizms,false,,Doug McDermott,
base,43,"Red, White and Blue Prizms",false,,Doug McDermott,
base,43,Ruby Wave Prizms,false,,Doug McDermott,
base,43,Silver Prizms,false,,Doug McDermott,
base,43,White Sparkle Prizm,false,,Doug McDermott,
base,43,Fast Break Pink Prizms,false,,Doug McDermott,
base,43,Black Prizms,false,,Doug McDermott,
base,43,Black Shimmer Prizms,false,,Doug McDermott,
base,43,Blue Ice Prizms,false,,Doug McDermott,
base,43,Black Gold Prizms,false,,Doug McDermott,
insert-sensational-swatches,SSW-AAH,Prizms Orange Ice,false,,Aaron Holiday,
insert-sensational-swatches,SSW-AAH,Prizms Green Ice,false,56,Aaron Holiday,
insert-sensational-swatches,SSW-AAH,Prime,false,10,Aaron Holiday,
insert-sensational-swatches,SSW-DGR,Prizms Orange Ice,false,,Danny Granger,
insert-sensational-swatches,SSW-DGR,Prizms Green Ice,false,56,Danny Granger,
insert-sensational-swatches,SSW-DGR,Prime,false,10,Danny Granger,
insert-sensational-swatches,SSW-DMC,Prizms Orange Ice,false,,Doug McDermott,
insert-sensational-swatches,SSW-DMC,Prizms Green Ice,false,56,Doug McDermott,
insert-sensational-swatches,SSW-DMC,Prime,false,10,Doug McDermott,
insert-sensational-swatches,SSW-DSA,Prizms Orange Ice,false,,Domantas Sabonis,
insert-sensational-swatches,SSW-DSA,Prizms Green Ice,false,56,Domantas Sabonis,
insert-sensational-swatches,SSW-DSA,Prime,false,10,Domantas Sabonis,
auto-signatures,SI-GOG,Prizms Choice,true,,Goga Bitadze,
auto-signatures,SI-GOG,Prizms Silver,true,,Goga Bitadze,
auto-signatures,SI-GOG,Prizms Mojo,true,25,Goga Bitadze,
auto-signatures,SI-GOG,Prizms Gold,true,10,Goga Bitadze,
auto-signatures,SI-GOG,Prizms Choice Green,true,8,Goga Bitadze,
auto-signatures,SI-GOG,Prizms Black,true,1,Goga Bitadze,
auto-signatures,SI-JHO,Prizms Choice,true,,Justin Holiday,
auto-signatures,SI-JHO,Prizms Silver,true,,Justin Holiday,
auto-signatures,SI-JHO,Prizms Mojo,true,25,Justin Holiday,
auto-signatures,SI-JHO,Prizms Gold,true,10,Justin Holiday,
auto-signatures,SI-JHO,Prizms Choice Green,true,8,Justin Holiday,
auto-signatures,SI-JHO,Prizms Black,true,1,Justin Holiday,
base,240,Blue Prizms,false,,Myles Turner,
base,240,Blue Shimmer Prizms,false,,Myles Turner,
base,240,Blue Wave Prizms,false,,Myles Turner,
base,240,Choice Blue Prizms,false,,Myles Turner,
base,240,"Choice Blue, Yellow and Green Prizms",false,,Myles Turner,
base,240,Choice Green Prizms,false,,Myles Turner,
base,240,Choice Nebula Prizms,false,,Myles Turner,
base,240,Choice Red Prizms,false,,Myles Turner,
base,240,Choice Tiger Stripe Prizms,false,,Myles Turner,
base,240,Fast Break Blue Prizms,false,,Myles Turner,
base,240,Fast Break Bronze Prizms,false,,Myles Turner,
base,240,Fast Break Neon Green Prizms,false,,Myles Turner,
base,240,Fast Break Prizms,false,,Myles Turner,
base,240,Fast Break Purple Prizms,false,,Myles Turner,
base,240,Fast Break Red Prizms,false,,Myles Turner,
base,240,Gold Prizms,false,,Myles Turner,
base,240,Gold Shimmer Prizms,false,,Myles Turner,
base,240,Gold Wave Prizms,false,,Myles Turner,
base,240,Green Ice Prizms,false,,Myles Turner,
base,240,Green Prizms,false,,Myles Turner,
base,240,Green Pulsar Prizms,false,,Myles Turner,
base,240,Green Shimmer Prizms,false,,Myles Turner,
base,240,Hyper Prizms,false,,Myles Turner,
base,240,Lucky Envelopes Prizms,false,,Myles Turner,
base,240,Mojo Prizms,false,,Myles Turner,
base,240,Orange Ice Prizms,false,,Myles Turner,
base,240,Orange Prizms,false,,Myles Turner,
base,240,Orange Wave Prizms,false,,Myles Turner,
base,240,Pink Ice Prizms,false,,Myles Turner,
base,240,Pink Pulsar Prizms,false,,Myles Turner,
base,240,Purple Ice Prizms,false,,Myles Turner,
base,240,Purple Prizms,false,,Myles Turner,
base,240,Purple Pulsar Prizms,false,,Myles Turner,
base,240,Purple Wave Prizms,false,,Myles Turner,
base,240,Red Ice Prizms,false,,Myles Turner,
base,240,Red Prizms,false,,Myles Turner,
base,240,"Red, White and Blue Prizms",false,,Myles Turner,
base,240,Ruby Wave Prizms,false,,Myles Turner,
base,240,Silver Prizms,false,,Myles Turner,
base,240,White Sparkle Prizm,false,,Myles Turner,
base,240,Fast Break Pink Prizms,false,,Myles Turner,
base,240,Black Prizms,false,,Myles Turner,
base,240,Black Shimmer Prizms,false,,Myles Turner,
base,240,Blue Ice Prizms,false,,Myles Turner,
base,240,Black Gold Prizms,false,,Myles Turner,
base,285,Blue Prizms,false,,Cassius Stanley,
base,285,Blue Shimmer Prizms,false,,Cassius Stanley,
base,285,Blue Wave Prizms,false,,Cassius Stanley,
base,285,Choice Blue Prizms,false,,Cassius Stanley,
base,285,"Choice Blue, Yellow and Green Prizms",false,,Cassius Stanley,
base,285,Choice Green Prizms,false,,Cassius Stanley,
base,285,Choice Nebula Prizms,false,,Cassius Stanley,
base,285,Choice Red Prizms,false,,Cassius Stanley,
base,285,Choice Tiger Stripe Prizms,false,,Cassius Stanley,
base,285,Fast Break Blue Prizms,false,,Cassius Stanley,
base,285,Fast Break Bronze Prizms,false,,Cassius Stanley,
base,285,Fast Break Neon Green Prizms,false,,Cassius Stanley,
base,285,Fast Break Prizms,false,,Cassius Stanley,
base,285,Fast Break Purple Prizms,false,,Cassius Stanley,
base,285,Fast Break Red Prizms,false,,Cassius Stanley,
base,285,Gold Prizms,false,,Cassius Stanley,
base,285,Gold Shimmer Prizms,false,,Cassius Stanley,
base,285,Gold Wave Prizms,false,,Cassius Stanley,
base,285,Green Ice Prizms,false,,Cassius Stanley,
base,285,Green Prizms,false,,Cassius Stanley,
base,285,Green Pulsar Prizms,false,,Cassius Stanley,
base,285,Green Shimmer Prizms,false,,Cassius Stanley,
base,285,Hyper Prizms,false,,Cassius Stanley,
base,285,Lucky Envelopes Prizms,false,,Cassius Stanley,
base,285,Mojo Prizms,false,,Cassius Stanley,
base,285,Orange Ice Prizms,false,,Cassius Stanley,
base,285,Orange Prizms,false,,Cassius Stanley,
base,285,Orange Wave Prizms,false,,Cassius Stanley,
base,285,Pink Ice Prizms,false,,Cassius Stanley,
base,285,Pink Pulsar Prizms,false,,Cassius Stanley,
base,285,Purple Ice Prizms,false,,Cassius Stanley,
base,285,Purple Prizms,false,,Cassius Stanley,
base,285,Purple Pulsar Prizms,false,,Cassius Stanley,
base,285,Purple Wave Prizms,false,,Cassius Stanley,
base,285,Red Ice Prizms,false,,Cassius Stanley,
base,285,Red Prizms,false,,Cassius Stanley,
base,285,"Red, White and Blue Prizms",false,,Cassius Stanley,
base,285,Ruby Wave Prizms,false,,Cassius Stanley,
base,285,Silver Prizms,false,,Cassius Stanley,
base,285,White Sparkle Prizm,false,,Cassius Stanley,
base,285,Fast Break Pink Prizms,false,,Cassius Stanley,
base,285,Black Prizms,false,,Cassius Stanley,
base,285,Black Shimmer Prizms,false,,Cassius Stanley,
base,285,Blue Ice Prizms,false,,Cassius Stanley,
base,285,Black Gold Prizms,false,,Cassius Stanley,
base,82,Blue Prizms,false,,T.J. Warren,
base,82,Blue Shimmer Prizms,false,,T.J. Warren,
base,82,Blue Wave Prizms,false,,T.J. Warren,
base,82,Choice Blue Prizms,false,,T.J. Warren,
base,82,"Choice Blue, Yellow and Green Prizms",false,,T.J. Warren,
base,82,Choice Green Prizms,false,,T.J. Warren,
base,82,Choice Nebula Prizms,false,,T.J. Warren,
base,82,Choice Red Prizms,false,,T.J. Warren,
base,82,Choice Tiger Stripe Prizms,false,,T.J. Warren,
base,82,Fast Break Blue Prizms,false,,T.J. Warren,
base,82,Fast Break Bronze Prizms,false,,T.J. Warren,
base,82,Fast Break Neon Green Prizms,false,,T.J. Warren,
base,82,Fast Break Prizms,false,,T.J. Warren,
base,82,Fast Break Purple Prizms,false,,T.J. Warren,
base,82,Fast Break Red Prizms,false,,T.J. Warren,
base,82,Gold Prizms,false,,T.J. Warren,
base,82,Gold Shimmer Prizms,false,,T.J. Warren,
base,82,Gold Wave Prizms,false,,T.J. Warren,
base,82,Green Ice Prizms,false,,T.J. Warren,
base,82,Green Prizms,false,,T.J. Warren,
base,82,Green Pulsar Prizms,false,,T.J. Warren,
base,82,Green Shimmer Prizms,false,,T.J. Warren,
base,82,Hyper Prizms,false,,T.J. Warren,
base,82,Lucky Envelopes Prizms,false,,T.J. Warren,
base,82,Mojo Prizms,false,,T.J. Warren,
base,82,Orange Ice Prizms,false,,T.J. Warren,
base,82,Orange Prizms,false,,T.J. Warren,
base,82,Orange Wave Prizms,false,,T.J. Warren,
base,82,Pink Ice Prizms,false,,T.J. Warren,
base,82,Pink Pulsar Prizms,false,,T.J. Warren,
base,82,Purple Ice Prizms,false,,T.J. Warren,
base,82,Purple Prizms,false,,T.J. Warren,
base,82,Purple Pulsar Prizms,false,,T.J. Warren,
base,82,Purple Wave Prizms,false,,T.J. Warren,
base,82,Red Ice Prizms,false,,T.J. Warren,
base,82,Red Prizms,false,,T.J. Warren,
base,82,"Red, White and Blue Prizms",false,,T.J. Warren,
base,82,Ruby Wave Prizms,false,,T.J. Warren,
base,82,Silver Prizms,false,,T.J. Warren,
base,82,White Sparkle Prizm,false,,T.J. Warren,
base,82,Fast Break Pink Prizms,false,,T.J. Warren,
base,82,Black Prizms,false,,T.J. Warren,
base,82,Black Shimmer Prizms,false,,T.J. Warren,
base,82,Blue Ice Prizms,false,,T.J. Warren,
base,82,Black Gold Prizms,false,,T.J. Warren,
base,78,Blue Prizms,false,,Malcolm Brogdon,
base,78,Blue Shimmer Prizms,false,,Malcolm Brogdon,
base,78,Blue Wave Prizms,false,,Malcolm Brogdon,
base,78,Choice Blue Prizms,false,,Malcolm Brogdon,
base,78,"Choice Blue, Yellow and Green Prizms",false,,Malcolm Brogdon,
base,78,Choice Green Prizms,false,,Malcolm Brogdon,
base,78,Choice Nebula Prizms,false,,Malcolm Brogdon,
base,78,Choice Red Prizms,false,,Malcolm Brogdon,
base,78,Choice Tiger Stripe Prizms,false,,Malcolm Brogdon,
base,78,Fast Break Blue Prizms,false,,Malcolm Brogdon,
base,78,Fast Break Bronze Prizms,false,,Malcolm Brogdon,
base,78,Fast Break Neon Green Prizms,false,,Malcolm Brogdon,
base,78,Fast Break Prizms,false,,Malcolm Brogdon,
base,78,Fast Break Purple Prizms,false,,Malcolm Brogdon,
base,78,Fast Break Red Prizms,false,,Malcolm Brogdon,
base,78,Gold Prizms,false,,Malcolm Brogdon,
base,78,Gold Shimmer Prizms,false,,Malcolm Brogdon,
base,78,Gold Wave Prizms,false,,Malcolm Brogdon,
base,78,Green Ice Prizms,false,,Malcolm Brogdon,
base,78,Green Prizms,false,,Malcolm Brogdon,
base,78,Green Pulsar Prizms,false,,Malcolm Brogdon,
base,78,Green Shimmer Prizms,false,,Malcolm Brogdon,
base,78,Hyper Prizms,false,,Malcolm Brogdon,
base,78,Lucky Envelopes Prizms,false,,Malcolm Brogdon,
base,78,Mojo Prizms,false,,Malcolm Brogdon,
base,78,Orange Ice Prizms,false,,Malcolm Brogdon,
base,78,Orange Prizms,false,,Malcolm Brogdon,
base,78,Orange Wave Prizms,false,,Malcolm Brogdon,
base,78,Pink Ice Prizms,false,,Malcolm Brogdon,
base,78,Pink Pulsar Prizms,false,,Malcolm Brogdon,
base,78,Purple Ice Prizms,false,,Malcolm Brogdon,
base,78,Purple Prizms,false,,Malcolm Brogdon,
base,78,Purple Pulsar Prizms,false,,Malcolm Brogdon,
base,78,Purple Wave Prizms,false,,Malcolm Brogdon,
base,78,Red Ice Prizms,false,,Malcolm Brogdon,
base,78,Red Prizms,false,,Malcolm Brogdon,
base,78,"Red, White and Blue Prizms",false,,Malcolm Brogdon,
base,78,Ruby Wave Prizms,false,,Malcolm Brogdon,
base,78,Silver Prizms,false,,Malcolm Brogdon,
base,78,White Sparkle Prizm,false,,Malcolm Brogdon,
base,78,Fast Break Pink Prizms,false,,Malcolm Brogdon,
base,78,Black Prizms,false,,Malcolm Brogdon,
base,78,Black Shimmer Prizms,false,,Malcolm Brogdon,
base,78,Blue Ice Prizms,false,,Malcolm Brogdon,
base,78,Black Gold Prizms,false,,Malcolm Brogdon,
base,74,Blue Prizms,false,,Aaron Holiday,
base,74,Blue Shimmer Prizms,false,,Aaron Holiday,
base,74,Blue Wave Prizms,false,,Aaron Holiday,
base,74,Choice Blue Prizms,false,,Aaron Holiday,
base,74,"Choice Blue, Yellow and Green Prizms",false,,Aaron Holiday,
base,74,Choice Green Prizms,false,,Aaron Holiday,
base,74,Choice Nebula Prizms,false,,Aaron Holiday,
base,74,Choice Red Prizms,false,,Aaron Holiday,
base,74,Choice Tiger Stripe Prizms,false,,Aaron Holiday,
base,74,Fast Break Blue Prizms,false,,Aaron Holiday,
base,74,Fast Break Bronze Prizms,false,,Aaron Holiday,
base,74,Fast Break Neon Green Prizms,false,,Aaron Holiday,
base,74,Fast Break Prizms,false,,Aaron Holiday,
base,74,Fast Break Purple Prizms,false,,Aaron Holiday,
base,74,Fast Break Red Prizms,false,,Aaron Holiday,
base,74,Gold Prizms,false,,Aaron Holiday,
base,74,Gold Shimmer Prizms,false,,Aaron Holiday,
base,74,Gold Wave Prizms,false,,Aaron Holiday,
base,74,Green Ice Prizms,false,,Aaron Holiday,
base,74,Green Prizms,false,,Aaron Holiday,
base,74,Green Pulsar Prizms,false,,Aaron Holiday,
base,74,Green Shimmer Prizms,false,,Aaron Holiday,
base,74,Hyper Prizms,false,,Aaron Holiday,
base,74,Lucky Envelopes Prizms,false,,Aaron Holiday,
base,74,Mojo Prizms,false,,Aaron Holiday,
base,74,Orange Ice Prizms,false,,Aaron Holiday,
base,74,Orange Prizms,false,,Aaron Holiday,
base,74,Orange Wave Prizms,false,,Aaron Holiday,
base,74,Pink Ice Prizms,false,,Aaron Holiday,
base,74,Pink Pulsar Prizms,false,,Aaron Holiday,
base,74,Purple Ice Prizms,false,,Aaron Holiday,
base,74,Purple Prizms,false,,Aaron Holiday,
base,74,Purple Pulsar Prizms,false,,Aaron Holiday,
base,74,Purple Wave Prizms,false,,Aaron Holiday,
base,74,Red Ice Prizms,false,,Aaron Holiday,
base,74,Red Prizms,false,,Aaron Holiday,
base,74,"Red, White and Blue Prizms",false,,Aaron Holiday,
base,74,Ruby Wave Prizms,false,,Aaron Holiday,
base,74,Silver Prizms,false,,Aaron Holiday,
base,74,White Sparkle Prizm,false,,Aaron Holiday,
base,74,Fast Break Pink Prizms,false,,Aaron Holiday,
base,74,Black Prizms,false,,Aaron Holiday,
base,74,Black Shimmer Prizms,false,,Aaron Holiday,
base,74,Blue Ice Prizms,false,,Aaron Holiday,
base,74,Black Gold Prizms,false,,Aaron Holiday,
auto-sensational-signatures,SS-CSL,Prizms Silver,true,,Cassius Stanley,
auto-sensational-signatures,SS-CSL,Prizms Choice,true,,Cassius Stanley,
auto-sensational-signatures,SS-CSL,Prizms Mojo,true,25,Cassius Stanley,
auto-sensational-signatures,SS-CSL,Prizms Gold,true,10,Cassius Stanley,
auto-sensational-signatures,SS-CSL,Prizms Choice Green,true,8,Cassius Stanley,
auto-sensational-signatures,SS-CSL,Prizms Black,true,1,Cassius Stanley,
auto-rookie-signatures,RS-CSL,Prizms Silver,true,,Cassius Stanley,
auto-rookie-signatures,RS-CSL,Prizms Choice,true,,Cassius Stanley,
auto-rookie-signatures,RS-CSL,Prizms Mojo,true,25,Cassius Stanley,
auto-rookie-signatures,RS-CSL,Prizms Gold,true,10,Cassius Stanley,
auto-rookie-signatures,RS-CSL,Prizms Choice Green,true,8,Cassius Stanley,
auto-rookie-signatures,RS-CSL,Prizms Black,true,1,Cassius Stanley,
auto-rookie-signatures,RS-CSL,Prizms White Sparkle,true,1,Cassius Stanley,
auto-sensational-signatures,SS-DMD,Prizms Silver,true,,Doug McDermott,
auto-sensational-signatures,SS-DMD,Prizms Choice,true,,Doug McDermott,
auto-sensational-signatures,SS-DMD,Prizms Mojo,true,25,Doug McDermott,
auto-sensational-signatures,SS-DMD,Prizms Gold,true,10,Doug McDermott,
auto-sensational-signatures,SS-DMD,Prizms Choice Green,true,8,Doug McDermott,
auto-sensational-signatures,SS-DMD,Prizms Black,true,1,Doug McDermott,
insert-downtown-bound,14,Fast Break,false,,Kawhi Leonard,
insert-downtown-bound,14,Prizms Hyper,false,,Kawhi Leonard,
insert-downtown-bound,14,Prizms Silver,false,,Kawhi Leonard,
insert-downtown-bound,14,Prizms Mojo,false,25,Kawhi Leonard,
insert-downtown-bound,14,Prizms Gold,false,10,Kawhi Leonard,
insert-downtown-bound,14,Prizms Black,false,1,Kawhi Leonard,
base,199,Blue Prizms,false,,Marcus Morris Sr.,
base,199,Blue Shimmer Prizms,false,,Marcus Morris Sr.,
base,199,Blue Wave Prizms,false,,Marcus Morris Sr.,
base,199,Choice Blue Prizms,false,,Marcus Morris Sr.,
base,199,"Choice Blue, Yellow and Green Prizms",false,,Marcus Morris Sr.,
base,199,Choice Green Prizms,false,,Marcus Morris Sr.,
base,199,Choice Nebula Prizms,false,,Marcus Morris Sr.,
base,199,Choice Red Prizms,false,,Marcus Morris Sr.,
base,199,Choice Tiger Stripe Prizms,false,,Marcus Morris Sr.,
base,199,Fast Break Blue Prizms,false,,Marcus Morris Sr.,
base,199,Fast Break Bronze Prizms,false,,Marcus Morris Sr.,
base,199,Fast Break Neon Green Prizms,false,,Marcus Morris Sr.,
base,199,Fast Break Prizms,false,,Marcus Morris Sr.,
base,199,Fast Break Purple Prizms,false,,Marcus Morris Sr.,
base,199,Fast Break Red Prizms,false,,Marcus Morris Sr.,
base,199,Gold Prizms,false,,Marcus Morris Sr.,
base,199,Gold Shimmer Prizms,false,,Marcus Morris Sr.,
base,199,Gold Wave Prizms,false,,Marcus Morris Sr.,
base,199,Green Ice Prizms,false,,Marcus Morris Sr.,
base,199,Green Prizms,false,,Marcus Morris Sr.,
base,199,Green Pulsar Prizms,false,,Marcus Morris Sr.,
base,199,Green Shimmer Prizms,false,,Marcus Morris Sr.,
base,199,Hyper Prizms,false,,Marcus Morris Sr.,
base,199,Lucky Envelopes Prizms,false,,Marcus Morris Sr.,
base,199,Mojo Prizms,false,,Marcus Morris Sr.,
base,199,Orange Ice Prizms,false,,Marcus Morris Sr.,
base,199,Orange Prizms,false,,Marcus Morris Sr.,
base,199,Orange Wave Prizms,false,,Marcus Morris Sr.,
base,199,Pink Ice Prizms,false,,Marcus Morris Sr.,
base,199,Pink Pulsar Prizms,false,,Marcus Morris Sr.,
base,199,Purple Ice Prizms,false,,Marcus Morris Sr.,
base,199,Purple Prizms,false,,Marcus Morris Sr.,
base,199,Purple Pulsar Prizms,false,,Marcus Morris Sr.,
base,199,Purple Wave Prizms,false,,Marcus Morris Sr.,
base,199,Red Ice Prizms,false,,Marcus Morris Sr.,
base,199,Red Prizms,false,,Marcus Morris Sr.,
base,199,"Red, White and Blue Prizms",false,,Marcus Morris Sr.,
base,199,Ruby Wave Prizms,false,,Marcus Morris Sr.,
base,199,Silver Prizms,false,,Marcus Morris Sr.,
base,199,White Sparkle Prizm,false,,Marcus Morris Sr.,
base,199,Fast Break Pink Prizms,false,,Marcus Morris Sr.,
base,199,Black Prizms,false,,Marcus Morris Sr.,
base,199,Black Shimmer Prizms,false,,Marcus Morris Sr.,
base,199,Blue Ice Prizms,false,,Marcus Morris Sr.,
base,199,Black Gold Prizms,false,,Marcus Morris Sr.,
base,279,Blue Prizms,false,,Daniel Oturu,
base,279,Blue Shimmer Prizms,false,,Daniel Oturu,
base,279,Blue Wave Prizms,false,,Daniel Oturu,
base,279,Choice Blue Prizms,false,,Daniel Oturu,
base,279,"Choice Blue, Yellow and Green Prizms",false,,Daniel Oturu,
base,279,Choice Green Prizms,false,,Daniel Oturu,
base,279,Choice Nebula Prizms,false,,Daniel Oturu,
base,279,Choice Red Prizms,false,,Daniel Oturu,
base,279,Choice Tiger Stripe Prizms,false,,Daniel Oturu,
base,279,Fast Break Blue Prizms,false,,Daniel Oturu,
base,279,Fast Break Bronze Prizms,false,,Daniel Oturu,
base,279,Fast Break Neon Green Prizms,false,,Daniel Oturu,
base,279,Fast Break Prizms,false,,Daniel Oturu,
base,279,Fast Break Purple Prizms,false,,Daniel Oturu,
base,279,Fast Break Red Prizms,false,,Daniel Oturu,
base,279,Gold Prizms,false,,Daniel Oturu,
base,279,Gold Shimmer Prizms,false,,Daniel Oturu,
base,279,Gold Wave Prizms,false,,Daniel Oturu,
base,279,Green Ice Prizms,false,,Daniel Oturu,
base,279,Green Prizms,false,,Daniel Oturu,
base,279,Green Pulsar Prizms,false,,Daniel Oturu,
base,279,Green Shimmer Prizms,false,,Daniel Oturu,
base,279,Hyper Prizms,false,,Daniel Oturu,
base,279,Lucky Envelopes Prizms,false,,Daniel Oturu,
base,279,Mojo Prizms,false,,Daniel Oturu,
base,279,Orange Ice Prizms,false,,Daniel Oturu,
base,279,Orange Prizms,false,,Daniel Oturu,
base,279,Orange Wave Prizms,false,,Daniel Oturu,
base,279,Pink Ice Prizms,false,,Daniel Oturu,
base,279,Pink Pulsar Prizms,false,,Daniel Oturu,
base,279,Purple Ice Prizms,false,,Daniel Oturu,
base,279,Purple Prizms,false,,Daniel Oturu,
base,279,Purple Pulsar Prizms,false,,Daniel Oturu,
base,279,Purple Wave Prizms,false,,Daniel Oturu,
base,279,Red Ice Prizms,false,,Daniel Oturu,
base,279,Red Prizms,false,,Daniel Oturu,
base,279,"Red, White and Blue Prizms",false,,Daniel Oturu,
base,279,Ruby Wave Prizms,false,,Daniel Oturu,
base,279,Silver Prizms,false,,Daniel Oturu,
base,279,White Sparkle Prizm,false,,Daniel Oturu,
base,279,Fast Break Pink Prizms,false,,Daniel Oturu,
base,279,Black Prizms,false,,Daniel Oturu,
base,279,Black Shimmer Prizms,false,,Daniel Oturu,
base,279,Blue Ice Prizms,false,,Daniel Oturu,
base,279,Black Gold Prizms,false,,Daniel Oturu,
base,196,Blue Prizms,false,,Ivica Zubac,
base,196,Blue Shimmer Prizms,false,,Ivica Zubac,
base,196,Blue Wave Prizms,false,,Ivica Zubac,
base,196,Choice Blue Prizms,false,,Ivica Zubac,
base,196,"Choice Blue, Yellow and Green Prizms",false,,Ivica Zubac,
base,196,Choice Green Prizms,false,,Ivica Zubac,
base,196,Choice Nebula Prizms,false,,Ivica Zubac,
base,196,Choice Red Prizms,false,,Ivica Zubac,
base,196,Choice Tiger Stripe Prizms,false,,Ivica Zubac,
base,196,Fast Break Blue Prizms,false,,Ivica Zubac,
base,196,Fast Break Bronze Prizms,false,,Ivica Zubac,
base,196,Fast Break Neon Green Prizms,false,,Ivica Zubac,
base,196,Fast Break Prizms,false,,Ivica Zubac,
base,196,Fast Break Purple Prizms,false,,Ivica Zubac,
base,196,Fast Break Red Prizms,false,,Ivica Zubac,
base,196,Gold Prizms,false,,Ivica Zubac,
base,196,Gold Shimmer Prizms,false,,Ivica Zubac,
base,196,Gold Wave Prizms,false,,Ivica Zubac,
base,196,Green Ice Prizms,false,,Ivica Zubac,
base,196,Green Prizms,false,,Ivica Zubac,
base,196,Green Pulsar Prizms,false,,Ivica Zubac,
base,196,Green Shimmer Prizms,false,,Ivica Zubac,
base,196,Hyper Prizms,false,,Ivica Zubac,
base,196,Lucky Envelopes Prizms,false,,Ivica Zubac,
base,196,Mojo Prizms,false,,Ivica Zubac,
base,196,Orange Ice Prizms,false,,Ivica Zubac,
base,196,Orange Prizms,false,,Ivica Zubac,
base,196,Orange Wave Prizms,false,,Ivica Zubac,
base,196,Pink Ice Prizms,false,,Ivica Zubac,
base,196,Pink Pulsar Prizms,false,,Ivica Zubac,
base,196,Purple Ice Prizms,false,,Ivica Zubac,
base,196,Purple Prizms,false,,Ivica Zubac,
base,196,Purple Pulsar Prizms,false,,Ivica Zubac,
base,196,Purple Wave Prizms,false,,Ivica Zubac,
base,196,Red Ice Prizms,false,,Ivica Zubac,
base,196,Red Prizms,false,,Ivica Zubac,
base,196,"Red, White and Blue Prizms",false,,Ivica Zubac,
base,196,Ruby Wave Prizms,false,,Ivica Zubac,
base,196,Silver Prizms,false,,Ivica Zubac,
base,196,White Sparkle Prizm,false,,Ivica Zubac,
base,196,Fast Break Pink Prizms,false,,Ivica Zubac,
base,196,Black Prizms,false,,Ivica Zubac,
base,196,Black Shimmer Prizms,false,,Ivica Zubac,
base,196,Blue Ice Prizms,false,,Ivica Zubac,
base,196,Black Gold Prizms,false,,Ivica Zubac,
insert-dominance,12,Prizms Green,false,,Kawhi Leonard,
insert-dominance,12,Prizms Silver,false,,Kawhi Leonard,
insert-dominance,21,Prizms Green,false,,Paul George,
insert-dominance,21,Prizms Silver,false,,Paul George,
insert-downtown-bound,3,Fast Break,false,,Paul George,
insert-downtown-bound,3,Prizms Hyper,false,,Paul George,
insert-downtown-bound,3,Prizms Silver,false,,Paul George,
insert-downtown-bound,3,Prizms Mojo,false,25,Paul George,
insert-downtown-bound,3,Prizms Gold,false,10,Paul George,
insert-downtown-bound,3,Prizms Black,false,1,Paul George,
auto-fast-break-autographs,FBA-IZB,Gold,true,10,Ivica Zubac,
auto-fast-break-autographs,FBA-IZB,Black,true,1,Ivica Zubac,
auto-fast-break-autographs,FBA-PBV,Gold,true,10,Patrick Beverley,
auto-fast-break-autographs,FBA-PBV,Black,true,1,Patrick Beverley,
auto-fast-break-autographs,FBA-SCA,Gold,true,10,Sam Cassell,
auto-fast-break-autographs,FBA-SCA,Black,true,1,Sam Cassell,
base,151,Blue Prizms,false,,Lou Williams,
base,151,Blue Shimmer Prizms,false,,Lou Williams,
base,151,Blue Wave Prizms,false,,Lou Williams,
base,151,Choice Blue Prizms,false,,Lou Williams,
base,151,"Choice Blue, Yellow and Green Prizms",false,,Lou Williams,
base,151,Choice Green Prizms,false,,Lou Williams,
base,151,Choice Nebula Prizms,false,,Lou Williams,
base,151,Choice Red Prizms,false,,Lou Williams,
base,151,Choice Tiger Stripe Prizms,false,,Lou Williams,
base,151,Fast Break Blue Prizms,false,,Lou Williams,
base,151,Fast Break Bronze Prizms,false,,Lou Williams,
base,151,Fast Break Neon Green Prizms,false,,Lou Williams,
base,151,Fast Break Prizms,false,,Lou Williams,
base,151,Fast Break Purple Prizms,false,,Lou Williams,
base,151,Fast Break Red Prizms,false,,Lou Williams,
base,151,Gold Prizms,false,,Lou Williams,
base,151,Gold Shimmer Prizms,false,,Lou Williams,
base,151,Gold Wave Prizms,false,,Lou Williams,
base,151,Green Ice Prizms,false,,Lou Williams,
base,151,Green Prizms,false,,Lou Williams,
base,151,Green Pulsar Prizms,false,,Lou Williams,
base,151,Green Shimmer Prizms,false,,Lou Williams,
base,151,Hyper Prizms,false,,Lou Williams,
base,151,Lucky Envelopes Prizms,false,,Lou Williams,
base,151,Mojo Prizms,false,,Lou Williams,
base,151,Orange Ice Prizms,false,,Lou Williams,
base,151,Orange Prizms,false,,Lou Williams,
base,151,Orange Wave Prizms,false,,Lou Williams,
base,151,Pink Ice Prizms,false,,Lou Williams,
base,151,Pink Pulsar Prizms,false,,Lou Williams,
base,151,Purple Ice Prizms,false,,Lou Williams,
base,151,Purple Prizms,false,,Lou Williams,
base,151,Purple Pulsar Prizms,false,,Lou Williams,
base,151,Purple Wave Prizms,false,,Lou Williams,
base,151,Red Ice Prizms,false,,Lou Williams,
base,151,Red Prizms,false,,Lou Williams,
base,151,"Red, White and Blue Prizms",false,,Lou Williams,
base,151,Ruby Wave Prizms,false,,Lou Williams,
base,151,Silver Prizms,false,,Lou Williams,
base,151,White Sparkle Prizm,false,,Lou Williams,
base,151,Fast Break Pink Prizms,false,,Lou Williams,
base,151,Black Prizms,false,,Lou Williams,
base,151,Black Shimmer Prizms,false,,Lou Williams,
base,151,Blue Ice Prizms,false,,Lou Williams,
base,151,Black Gold Prizms,false,,Lou Williams,
auto-fast-break-rookie-autographs,FR-DOT,Gold,true,10,Daniel Oturu,
auto-fast-break-rookie-autographs,FR-DOT,Black,true,1,Daniel Oturu,
base,140,Blue Prizms,false,,Patrick Beverley,
base,140,Blue Shimmer Prizms,false,,Patrick Beverley,
base,140,Blue Wave Prizms,false,,Patrick Beverley,
base,140,Choice Blue Prizms,false,,Patrick Beverley,
base,140,"Choice Blue, Yellow and Green Prizms",false,,Patrick Beverley,
base,140,Choice Green Prizms,false,,Patrick Beverley,
base,140,Choice Nebula Prizms,false,,Patrick Beverley,
base,140,Choice Red Prizms,false,,Patrick Beverley,
base,140,Choice Tiger Stripe Prizms,false,,Patrick Beverley,
base,140,Fast Break Blue Prizms,false,,Patrick Beverley,
base,140,Fast Break Bronze Prizms,false,,Patrick Beverley,
base,140,Fast Break Neon Green Prizms,false,,Patrick Beverley,
base,140,Fast Break Prizms,false,,Patrick Beverley,
base,140,Fast Break Purple Prizms,false,,Patrick Beverley,
base,140,Fast Break Red Prizms,false,,Patrick Beverley,
base,140,Gold Prizms,false,,Patrick Beverley,
base,140,Gold Shimmer Prizms,false,,Patrick Beverley,
base,140,Gold Wave Prizms,false,,Patrick Beverley,
base,140,Green Ice Prizms,false,,Patrick Beverley,
base,140,Green Prizms,false,,Patrick Beverley,
base,140,Green Pulsar Prizms,false,,Patrick Beverley,
base,140,Green Shimmer Prizms,false,,Patrick Beverley,
base,140,Hyper Prizms,false,,Patrick Beverley,
base,140,Lucky Envelopes Prizms,false,,Patrick Beverley,
base,140,Mojo Prizms,false,,Patrick Beverley,
base,140,Orange Ice Prizms,false,,Patrick Beverley,
base,140,Orange Prizms,false,,Patrick Beverley,
base,140,Orange Wave Prizms,false,,Patrick Beverley,
base,140,Pink Ice Prizms,false,,Patrick Beverley,
base,140,Pink Pulsar Prizms,false,,Patrick Beverley,
base,140,Purple Ice Prizms,false,,Patrick Beverley,
base,140,Purple Prizms,false,,Patrick Beverley,
base,140,Purple Pulsar Prizms,false,,Patrick Beverley,
base,140,Purple Wave Prizms,false,,Patrick Beverley,
base,140,Red Ice Prizms,false,,Patrick Beverley,
base,140,Red Prizms,false,,Patrick Beverley,
base,140,"Red, White and Blue Prizms",false,,Patrick Beverley,
base,140,Ruby Wave Prizms,false,,Patrick Beverley,
base,140,Silver Prizms,false,,Patrick Beverley,
base,140,White Sparkle Prizm,false,,Patrick Beverley,
base,140,Fast Break Pink Prizms,false,,Patrick Beverley,
base,140,Black Prizms,false,,Patrick Beverley,
base,140,Black Shimmer Prizms,false,,Patrick Beverley,
base,140,Blue Ice Prizms,false,,Patrick Beverley,
base,140,Black Gold Prizms,false,,Patrick Beverley,
insert-fireworks,15,Prizms Silver,false,,Paul George,
insert-fireworks,15,Fast Break,false,,Paul George,
insert-fireworks,15,Prizms Hyper,false,,Paul George,
insert-fireworks,15,Prizms Mojo,false,25,Paul George,
insert-fireworks,15,Prizms Gold,false,10,Paul George,
insert-fireworks,15,Prizms Black,false,1,Paul George,
insert-fireworks,26,Prizms Silver,false,,Kawhi Leonard,
insert-fireworks,26,Fast Break,false,,Kawhi Leonard,
insert-fireworks,26,Prizms Hyper,false,,Kawhi Leonard,
insert-fireworks,26,Prizms Mojo,false,25,Kawhi Leonard,
insert-fireworks,26,Prizms Gold,false,10,Kawhi Leonard,
insert-fireworks,26,Prizms Black,false,1,Kawhi Leonard,
insert-penmanship,PE-AMI,Prizms Orange Ice,false,,Amir Coffey,
insert-penmanship,PE-AMI,Prizms Silver,false,,Amir Coffey,
insert-penmanship,PE-AMI,Prizms Green Ice,false,16,Amir Coffey,
insert-prizm,2,Flashback Fast Break,false,,Kawhi Leonard,
insert-prizm,2,Flashback,false,,Kawhi Leonard,
insert-prizm,2,Flashback Prizms Hyper,false,,Kawhi Leonard,
insert-prizm,2,Flashback Prizms Silver,false,,Kawhi Leonard,
insert-prizm,2,Flashback Prizms Mojo,false,25,Kawhi Leonard,
insert-prizm,2,Flashback Prizms Gold,false,10,Kawhi Leonard,
insert-prizm,2,Flashback Prizms Black,false,1,Kawhi Leonard,
insert-rookie-penmanship,RP-DOT,Prizms Orange Ice,false,,Daniel Oturu,
insert-rookie-penmanship,RP-DOT,Prizms Blue Wave,false,,Daniel Oturu,
insert-rookie-penmanship,RP-DOT,Prizms Silver,false,,Daniel Oturu,
insert-rookie-penmanship,RP-DOT,Prizms Gold Wave,false,,Daniel Oturu,
insert-rookie-penmanship,RP-DOT,Prizms Green Ice,false,16,Daniel Oturu,
base,99,Blue Prizms,false,,Montrezl Harrell,
base,99,Blue Shimmer Prizms,false,,Montrezl Harrell,
base,99,Blue Wave Prizms,false,,Montrezl Harrell,
base,99,Choice Blue Prizms,false,,Montrezl Harrell,
base,99,"Choice Blue, Yellow and Green Prizms",false,,Montrezl Harrell,
base,99,Choice Green Prizms,false,,Montrezl Harrell,
base,99,Choice Nebula Prizms,false,,Montrezl Harrell,
base,99,Choice Red Prizms,false,,Montrezl Harrell,
base,99,Choice Tiger Stripe Prizms,false,,Montrezl Harrell,
base,99,Fast Break Blue Prizms,false,,Montrezl Harrell,
base,99,Fast Break Bronze Prizms,false,,Montrezl Harrell,
base,99,Fast Break Neon Green Prizms,false,,Montrezl Harrell,
base,99,Fast Break Prizms,false,,Montrezl Harrell,
base,99,Fast Break Purple Prizms,false,,Montrezl Harrell,
base,99,Fast Break Red Prizms,false,,Montrezl Harrell,
base,99,Gold Prizms,false,,Montrezl Harrell,
base,99,Gold Shimmer Prizms,false,,Montrezl Harrell,
base,99,Gold Wave Prizms,false,,Montrezl Harrell,
base,99,Green Ice Prizms,false,,Montrezl Harrell,
base,99,Green Prizms,false,,Montrezl Harrell,
base,99,Green Pulsar Prizms,false,,Montrezl Harrell,
base,99,Green Shimmer Prizms,false,,Montrezl Harrell,
base,99,Hyper Prizms,false,,Montrezl Harrell,
base,99,Lucky Envelopes Prizms,false,,Montrezl Harrell,
base,99,Mojo Prizms,false,,Montrezl Harrell,
base,99,Orange Ice Prizms,false,,Montrezl Harrell,
base,99,Orange Prizms,false,,Montrezl Harrell,
base,99,Orange Wave Prizms,false,,Montrezl Harrell,
base,99,Pink Ice Prizms,false,,Montrezl Harrell,
base,99,Pink Pulsar Prizms,false,,Montrezl Harrell,
base,99,Purple Ice Prizms,false,,Montrezl Harrell,
base,99,Purple Prizms,false,,Montrezl Harrell,
base,99,Purple Pulsar Prizms,false,,Montrezl Harrell,
base,99,Purple Wave Prizms,false,,Montrezl Harrell,
base,99,Red Ice Prizms,false,,Montrezl Harrell,
base,99,Red Prizms,false,,Montrezl Harrell,
base,99,"Red, White and Blue Prizms",false,,Montrezl Harrell,
base,99,Ruby Wave Prizms,false,,Montrezl Harrell,
base,99,Silver Prizms,false,,Montrezl Harrell,
base,99,White Sparkle Prizm,false,,Montrezl Harrell,
base,99,Fast Break Pink Prizms,false,,Montrezl Harrell,
base,99,Black Prizms,false,,Montrezl Harrell,
base,99,Black Shimmer Prizms,false,,Montrezl Harrell,
base,99,Blue Ice Prizms,false,,Montrezl Harrell,
base,99,Black Gold Prizms,false,,Montrezl Harrell,
auto-rookie-signatures,RS-DOT,Prizms Silver,true,,Daniel Oturu,
auto-rookie-signatures,RS-DOT,Prizms Choice,true,,Daniel Oturu,
auto-rookie-signatures,RS-DOT,Prizms Mojo,true,25,Daniel Oturu,
auto-rookie-signatures,RS-DOT,Prizms Gold,true,10,Daniel Oturu,
auto-rookie-signatures,RS-DOT,Prizms Choice Green,true,8,Daniel Oturu,
auto-rookie-signatures,RS-DOT,Prizms Black,true,1,Daniel Oturu,
auto-rookie-signatures,RS-DOT,Prizms White Sparkle,true,1,Daniel Oturu,
auto-sensational-signatures,SS-DOT,Prizms Silver,true,,Daniel Oturu,
auto-sensational-signatures,SS-DOT,Prizms Choice,true,,Daniel Oturu,
auto-sensational-signatures,SS-DOT,Prizms Mojo,true,25,Daniel Oturu,
auto-sensational-signatures,SS-DOT,Prizms Gold,true,10,Daniel Oturu,
auto-sensational-signatures,SS-DOT,Prizms Choice Green,true,8,Daniel Oturu,
auto-sensational-signatures,SS-DOT,Prizms Black,true,1,Daniel Oturu,
auto-sensational-signatures,SS-PBV,Prizms Silver,true,,Patrick Beverley,
auto-sensational-signatures,SS-PBV,Prizms Choice,true,,Patrick Beverley,
auto-sensational-signatures,SS-PBV,Prizms Mojo,true,25,Patrick Beverley,
auto-sensational-signatures,SS-PBV,Prizms Gold,true,10,Patrick Beverley,
auto-sensational-signatures,SS-PBV,Prizms Choice Green,true,8,Patrick Beverley,
auto-sensational-signatures,SS-PBV,Prizms Black,true,1,Patrick Beverley,
base,41,Blue Prizms,false,,Landry Shamet,
base,41,Blue Shimmer Prizms,false,,Landry Shamet,
base,41,Blue Wave Prizms,false,,Landry Shamet,
base,41,Choice Blue Prizms,false,,Landry Shamet,
base,41,"Choice Blue, Yellow and Green Prizms",false,,Landry Shamet,
base,41,Choice Green Prizms,false,,Landry Shamet,
base,41,Choice Nebula Prizms,false,,Landry Shamet,
base,41,Choice Red Prizms,false,,Landry Shamet,
base,41,Choice Tiger Stripe Prizms,false,,Landry Shamet,
base,41,Fast Break Blue Prizms,false,,Landry Shamet,
base,41,Fast Break Bronze Prizms,false,,Landry Shamet,
base,41,Fast Break Neon Green Prizms,false,,Landry Shamet,
base,41,Fast Break Prizms,false,,Landry Shamet,
base,41,Fast Break Purple Prizms,false,,Landry Shamet,
base,41,Fast Break Red Prizms,false,,Landry Shamet,
base,41,Gold Prizms,false,,Landry Shamet,
base,41,Gold Shimmer Prizms,false,,Landry Shamet,
base,41,Gold Wave Prizms,false,,Landry Shamet,
base,41,Green Ice Prizms,false,,Landry Shamet,
base,41,Green Prizms,false,,Landry Shamet,
base,41,Green Pulsar Prizms,false,,Landry Shamet,
base,41,Green Shimmer Prizms,false,,Landry Shamet,
base,41,Hyper Prizms,false,,Landry Shamet,
base,41,Lucky Envelopes Prizms,false,,Landry Shamet,
base,41,Mojo Prizms,false,,Landry Shamet,
base,41,Orange Ice Prizms,false,,Landry Shamet,
base,41,Orange Prizms,false,,Landry Shamet,
base,41,Orange Wave Prizms,false,,Landry Shamet,
base,41,Pink Ice Prizms,false,,Landry Shamet,
base,41,Pink Pulsar Prizms,false,,Landry Shamet,
base,41,Purple Ice Prizms,false,,Landry Shamet,
base,41,Purple Prizms,false,,Landry Shamet,
base,41,Purple Pulsar Prizms,false,,Landry Shamet,
base,41,Purple Wave Prizms,false,,Landry Shamet,
base,41,Red Ice Prizms,false,,Landry Shamet,
base,41,Red Prizms,false,,Landry Shamet,
base,41,"Red, White and Blue Prizms",false,,Landry Shamet,
base,41,Ruby Wave Prizms,false,,Landry Shamet,
base,41,Silver Prizms,false,,Landry Shamet,
base,41,White Sparkle Prizm,false,,Landry Shamet,
base,41,Fast Break Pink Prizms,false,,Landry Shamet,
base,41,Black Prizms,false,,Landry Shamet,
base,41,Black Shimmer Prizms,false,,Landry Shamet,
base,41,Blue Ice Prizms,false,,Landry Shamet,
base,41,Black Gold Prizms,false,,Landry Shamet,
insert-widescreen,2,Prizms Silver,false,,Kawhi Leonard,
insert-widescreen,2,Fast Break,false,,Kawhi Leonard,
insert-widescreen,2,Prizms Hyper,false,,Kawhi Leonard,
insert-widescreen,2,Prizms Mojo,false,25,Kawhi Leonard,
insert-widescreen,2,Prizms Gold,false,10,Kawhi Leonard,
insert-widescreen,2,Prizms Black,false,1,Kawhi Leonard,
base,14,Blue Prizms,false,,Paul George,
base,14,Blue Shimmer Prizms,false,,Paul George,
base,14,Blue Wave Prizms,false,,Paul George,
base,14,Choice Blue Prizms,false,,Paul George,
base,14,"Choice Blue, Yellow and Green Prizms",false,,Paul George,
base,14,Choice Green Prizms,false,,Paul George,
base,14,Choice Nebula Prizms,false,,Paul George,
base,14,Choice Red Prizms,false,,Paul George,
base,14,Choice Tiger Stripe Prizms,false,,Paul George,
base,14,Fast Break Blue Prizms,false,,Paul George,
base,14,Fast Break Bronze Prizms,false,,Paul George,
base,14,Fast Break Neon Green Prizms,false,,Paul George,
base,14,Fast Break Prizms,false,,Paul George,
base,14,Fast Break Purple Prizms,false,,Paul George,
base,14,Fast Break Red Prizms,false,,Paul George,
base,14,Gold Prizms,false,,Paul George,
base,14,Gold Shimmer Prizms,false,,Paul George,
base,14,Gold Wave Prizms,false,,Paul George,
base,14,Green Ice Prizms,false,,Paul George,
base,14,Green Prizms,false,,Paul George,
base,14,Green Pulsar Prizms,false,,Paul George,
base,14,Green Shimmer Prizms,false,,Paul George,
base,14,Hyper Prizms,false,,Paul George,
base,14,Lucky Envelopes Prizms,false,,Paul George,
base,14,Mojo Prizms,false,,Paul George,
base,14,Orange Ice Prizms,false,,Paul George,
base,14,Orange Prizms,false,,Paul George,
base,14,Orange Wave Prizms,false,,Paul George,
base,14,Pink Ice Prizms,false,,Paul George,
base,14,Pink Pulsar Prizms,false,,Paul George,
base,14,Purple Ice Prizms,false,,Paul George,
base,14,Purple Prizms,false,,Paul George,
base,14,Purple Pulsar Prizms,false,,Paul George,
base,14,Purple Wave Prizms,false,,Paul George,
base,14,Red Ice Prizms,false,,Paul George,
base,14,Red Prizms,false,,Paul George,
base,14,"Red, White and Blue Prizms",false,,Paul George,
base,14,Ruby Wave Prizms,false,,Paul George,
base,14,Silver Prizms,false,,Paul George,
base,14,White Sparkle Prizm,false,,Paul George,
base,14,Fast Break Pink Prizms,false,,Paul George,
base,14,Black Prizms,false,,Paul George,
base,14,Black Shimmer Prizms,false,,Paul George,
base,14,Blue Ice Prizms,false,,Paul George,
base,14,Black Gold Prizms,false,,Paul George,
insert-sensational-swatches,SSW-KLE,Prizms Orange Ice,false,,Kawhi Leonard,
insert-sensational-swatches,SSW-KLE,Prizms Green Ice,false,56,Kawhi Leonard,
insert-sensational-swatches,SSW-KLE,Prime,false,10,Kawhi Leonard,
insert-sensational-swatches,SSW-PPI,Prizms Orange Ice,false,,Paul Pierce,
insert-sensational-swatches,SSW-PPI,Prizms Green Ice,false,56,Paul Pierce,
insert-sensational-swatches,SSW-PPI,Prime,false,10,Paul Pierce,
auto-signatures,SI-DML,Prizms Choice,true,,Darius Miles,
auto-signatures,SI-DML,Prizms Silver,true,,Darius Miles,
auto-signatures,SI-DML,Prizms Mojo,true,25,Darius Miles,
auto-signatures,SI-DML,Prizms Gold,true,10,Darius Miles,
auto-signatures,SI-DML,Prizms Choice Green,true,8,Darius Miles,
auto-signatures,SI-DML,Prizms Black,true,1,Darius Miles,
base,209,Blue Prizms,false,,Kawhi Leonard,
base,209,Blue Shimmer Prizms,false,,Kawhi Leonard,
base,209,Blue Wave Prizms,false,,Kawhi Leonard,
base,209,Choice Blue Prizms,false,,Kawhi Leonard,
base,209,"Choice Blue, Yellow and Green Prizms",false,,Kawhi Leonard,
base,209,Choice Green Prizms,false,,Kawhi Leonard,
base,209,Choice Nebula Prizms,false,,Kawhi Leonard,
base,209,Choice Red Prizms,false,,Kawhi Leonard,
base,209,Choice Tiger Stripe Prizms,false,,Kawhi Leonard,
base,209,Fast Break Blue Prizms,false,,Kawhi Leonard,
base,209,Fast Break Bronze Prizms,false,,Kawhi Leonard,
base,209,Fast Break Neon Green Prizms,false,,Kawhi Leonard,
base,209,Fast Break Prizms,false,,Kawhi Leonard,
base,209,Fast Break Purple Prizms,false,,Kawhi Leonard,
base,209,Fast Break Red Prizms,false,,Kawhi Leonard,
base,209,Gold Prizms,false,,Kawhi Leonard,
base,209,Gold Shimmer Prizms,false,,Kawhi Leonard,
base,209,Gold Wave Prizms,false,,Kawhi Leonard,
base,209,Green Ice Prizms,false,,Kawhi Leonard,
base,209,Green Prizms,false,,Kawhi Leonard,
base,209,Green Pulsar Prizms,false,,Kawhi Leonard,
base,209,Green Shimmer Prizms,false,,Kawhi Leonard,
base,209,Hyper Prizms,false,,Kawhi Leonard,
base,209,Lucky Envelopes Prizms,false,,Kawhi Leonard,
base,209,Mojo Prizms,false,,Kawhi Leonard,
base,209,Orange Ice Prizms,false,,Kawhi Leonard,
base,209,Orange Prizms,false,,Kawhi Leonard,
base,209,Orange Wave Prizms,false,,Kawhi Leonard,
base,209,Pink Ice Prizms,false,,Kawhi Leonard,
base,209,Pink Pulsar Prizms,false,,Kawhi Leonard,
base,209,Purple Ice Prizms,false,,Kawhi Leonard,
base,209,Purple Prizms,false,,Kawhi Leonard,
base,209,Purple Pulsar Prizms,false,,Kawhi Leonard,
base,209,Purple Wave Prizms,false,,Kawhi Leonard,
base,209,Red Ice Prizms,false,,Kawhi Leonard,
base,209,Red Prizms,false,,Kawhi Leonard,
base,209,"Red, White and Blue Prizms",false,,Kawhi Leonard,
base,209,Ruby Wave Prizms,false,,Kawhi Leonard,
base,209,Silver Prizms,false,,Kawhi Leonard,
base,209,White Sparkle Prizm,false,,Kawhi Leonard,
base,209,Fast Break Pink Prizms,false,,Kawhi Leonard,
base,209,Black Prizms,false,,Kawhi Leonard,
base,209,Black Shimmer Prizms,false,,Kawhi Leonard,
base,209,Blue Ice Prizms,false,,Kawhi Leonard,
base,209,Black Gold Prizms,false,,Kawhi Leonard,
insert-fireworks,6,Prizms Silver,false,,Anthony Davis,
insert-fireworks,6,Fast Break,false,,Anthony Davis,
insert-fireworks,6,Prizms Hyper,false,,Anthony Davis,
insert-fireworks,6,Prizms Mojo,false,25,Anthony Davis,
insert-fireworks,6,Prizms Gold,false,10,Anthony Davis,
insert-fireworks,6,Prizms Black,false,1,Anthony Davis,
insert-fearless,5,Fast Break,false,,Shaquille O'Neal,
insert-fearless,5,Prizms Hyper,false,,Shaquille O'Neal,
insert-fearless,5,Prizms Silver,false,,Shaquille O'Neal,
insert-fearless,5,Prizms Mojo,false,25,Shaquille O'Neal,
insert-fearless,5,Prizms Gold,false,10,Shaquille O'Neal,
insert-fearless,5,Prizms Black,false,1,Shaquille O'Neal,
insert-fearless,6,Fast Break,false,,LeBron James,
insert-fearless,6,Prizms Hyper,false,,LeBron James,
insert-fearless,6,Prizms Silver,false,,LeBron James,
insert-fearless,6,Prizms Mojo,false,25,LeBron James,
insert-fearless,6,Prizms Gold,false,10,LeBron James,
insert-fearless,6,Prizms Black,false,1,LeBron James,
insert-dominance,17,Prizms Green,false,,LeBron James,
insert-dominance,17,Prizms Silver,false,,LeBron James,
auto-sensational-signatures,SS-JWS,Prizms Silver,true,,Jerry West,
auto-sensational-signatures,SS-JWS,Prizms Choice,true,,Jerry West,
auto-sensational-signatures,SS-JWS,Prizms Mojo,true,25,Jerry West,
auto-sensational-signatures,SS-JWS,Prizms Gold,true,10,Jerry West,
auto-sensational-signatures,SS-JWS,Prizms Choice Green,true,8,Jerry West,
auto-sensational-signatures,SS-JWS,Prizms Black,true,1,Jerry West,
insert-penmanship,PE-MAG,Prizms Orange Ice,false,,Magic Johnson,
insert-penmanship,PE-MAG,Prizms Silver,false,,Magic Johnson,
insert-penmanship,PE-MAG,Prizms Green Ice,false,16,Magic Johnson,
auto-fast-break-autographs,FBA-JWS,Gold,true,10,Jerry West,
auto-fast-break-autographs,FBA-JWS,Black,true,1,Jerry West,
auto-signatures,SI-JWE,Prizms Choice,true,,Jerry West,
auto-signatures,SI-JWE,Prizms Silver,true,,Jerry West,
auto-signatures,SI-JWE,Prizms Mojo,true,25,Jerry West,
auto-signatures,SI-JWE,Prizms Gold,true,10,Jerry West,
auto-signatures,SI-JWE,Prizms Choice Green,true,8,Jerry West,
auto-signatures,SI-JWE,Prizms Black,true,1,Jerry West,
base,10,Blue Prizms,false,,Alex Caruso,
base,10,Blue Shimmer Prizms,false,,Alex Caruso,
base,10,Blue Wave Prizms,false,,Alex Caruso,
base,10,Choice Blue Prizms,false,,Alex Caruso,
base,10,"Choice Blue, Yellow and Green Prizms",false,,Alex Caruso,
base,10,Choice Green Prizms,false,,Alex Caruso,
base,10,Choice Nebula Prizms,false,,Alex Caruso,
base,10,Choice Red Prizms,false,,Alex Caruso,
base,10,Choice Tiger Stripe Prizms,false,,Alex Caruso,
base,10,Fast Break Blue Prizms,false,,Alex Caruso,
base,10,Fast Break Bronze Prizms,false,,Alex Caruso,
base,10,Fast Break Neon Green Prizms,false,,Alex Caruso,
base,10,Fast Break Prizms,false,,Alex Caruso,
base,10,Fast Break Purple Prizms,false,,Alex Caruso,
base,10,Fast Break Red Prizms,false,,Alex Caruso,
base,10,Gold Prizms,false,,Alex Caruso,
base,10,Gold Shimmer Prizms,false,,Alex Caruso,
base,10,Gold Wave Prizms,false,,Alex Caruso,
base,10,Green Ice Prizms,false,,Alex Caruso,
base,10,Green Prizms,false,,Alex Caruso,
base,10,Green Pulsar Prizms,false,,Alex Caruso,
base,10,Green Shimmer Prizms,false,,Alex Caruso,
base,10,Hyper Prizms,false,,Alex Caruso,
base,10,Lucky Envelopes Prizms,false,,Alex Caruso,
base,10,Mojo Prizms,false,,Alex Caruso,
base,10,Orange Ice Prizms,false,,Alex Caruso,
base,10,Orange Prizms,false,,Alex Caruso,
base,10,Orange Wave Prizms,false,,Alex Caruso,
base,10,Pink Ice Prizms,false,,Alex Caruso,
base,10,Pink Pulsar Prizms,false,,Alex Caruso,
base,10,Purple Ice Prizms,false,,Alex Caruso,
base,10,Purple Prizms,false,,Alex Caruso,
base,10,Purple Pulsar Prizms,false,,Alex Caruso,
base,10,Purple Wave Prizms,false,,Alex Caruso,
base,10,Red Ice Prizms,false,,Alex Caruso,
base,10,Red Prizms,false,,Alex Caruso,
base,10,"Red, White and Blue Prizms",false,,Alex Caruso,
base,10,Ruby Wave Prizms,false,,Alex Caruso,
base,10,Silver Prizms,false,,Alex Caruso,
base,10,White Sparkle Prizm,false,,Alex Caruso,
base,10,Fast Break Pink Prizms,false,,Alex Caruso,
base,10,Black Prizms,false,,Alex Caruso,
base,10,Black Shimmer Prizms,false,,Alex Caruso,
base,10,Blue Ice Prizms,false,,Alex Caruso,
base,10,Black Gold Prizms,false,,Alex Caruso,
base,77,Blue Prizms,false,,Kentavious Caldwell-Pope,
base,77,Blue Shimmer Prizms,false,,Kentavious Caldwell-Pope,
base,77,Blue Wave Prizms,false,,Kentavious Caldwell-Pope,
base,77,Choice Blue Prizms,false,,Kentavious Caldwell-Pope,
base,77,"Choice Blue, Yellow and Green Prizms",false,,Kentavious Caldwell-Pope,
base,77,Choice Green Prizms,false,,Kentavious Caldwell-Pope,
base,77,Choice Nebula Prizms,false,,Kentavious Caldwell-Pope,
base,77,Choice Red Prizms,false,,Kentavious Caldwell-Pope,
base,77,Choice Tiger Stripe Prizms,false,,Kentavious Caldwell-Pope,
base,77,Fast Break Blue Prizms,false,,Kentavious Caldwell-Pope,
base,77,Fast Break Bronze Prizms,false,,Kentavious Caldwell-Pope,
base,77,Fast Break Neon Green Prizms,false,,Kentavious Caldwell-Pope,
base,77,Fast Break Prizms,false,,Kentavious Caldwell-Pope,
base,77,Fast Break Purple Prizms,false,,Kentavious Caldwell-Pope,
base,77,Fast Break Red Prizms,false,,Kentavious Caldwell-Pope,
base,77,Gold Prizms,false,,Kentavious Caldwell-Pope,
base,77,Gold Shimmer Prizms,false,,Kentavious Caldwell-Pope,
base,77,Gold Wave Prizms,false,,Kentavious Caldwell-Pope,
base,77,Green Ice Prizms,false,,Kentavious Caldwell-Pope,
base,77,Green Prizms,false,,Kentavious Caldwell-Pope,
base,77,Green Pulsar Prizms,false,,Kentavious Caldwell-Pope,
base,77,Green Shimmer Prizms,false,,Kentavious Caldwell-Pope,
base,77,Hyper Prizms,false,,Kentavious Caldwell-Pope,
base,77,Lucky Envelopes Prizms,false,,Kentavious Caldwell-Pope,
base,77,Mojo Prizms,false,,Kentavious Caldwell-Pope,
base,77,Orange Ice Prizms,false,,Kentavious Caldwell-Pope,
base,77,Orange Prizms,false,,Kentavious Caldwell-Pope,
base,77,Orange Wave Prizms,false,,Kentavious Caldwell-Pope,
base,77,Pink Ice Prizms,false,,Kentavious Caldwell-Pope,
base,77,Pink Pulsar Prizms,false,,Kentavious Caldwell-Pope,
base,77,Purple Ice Prizms,false,,Kentavious Caldwell-Pope,
base,77,Purple Prizms,false,,Kentavious Caldwell-Pope,
base,77,Purple Pulsar Prizms,false,,Kentavious Caldwell-Pope,
base,77,Purple Wave Prizms,false,,Kentavious Caldwell-Pope,
base,77,Red Ice Prizms,false,,Kentavious Caldwell-Pope,
base,77,Red Prizms,false,,Kentavious Caldwell-Pope,
base,77,"Red, White and Blue Prizms",false,,Kentavious Caldwell-Pope,
base,77,Ruby Wave Prizms,false,,Kentavious Caldwell-Pope,
base,77,Silver Prizms,false,,Kentavious Caldwell-Pope,
base,77,White Sparkle Prizm,false,,Kentavious Caldwell-Pope,
base,77,Fast Break Pink Prizms,false,,Kentavious Caldwell-Pope,
base,77,Black Prizms,false,,Kentavious Caldwell-Pope,
base,77,Black Shimmer Prizms,false,,Kentavious Caldwell-Pope,
base,77,Blue Ice Prizms,false,,Kentavious Caldwell-Pope,
base,77,Black Gold Prizms,false,,Kentavious Caldwell-Pope,
insert-fearless,14,Fast Break,false,,Anthony Davis,
insert-fearless,14,Prizms Hyper,false,,Anthony Davis,
insert-fearless,14,Prizms Silver,false,,Anthony Davis,
insert-fearless,14,Prizms Mojo,false,25,Anthony Davis,
insert-fearless,14,Prizms Gold,false,10,Anthony Davis,
insert-fearless,14,Prizms Black,false,1,Anthony Davis,
base,244,Blue Prizms,false,,Kyle Kuzma,
base,244,Blue Shimmer Prizms,false,,Kyle Kuzma,
base,244,Blue Wave Prizms,false,,Kyle Kuzma,
base,244,Choice Blue Prizms,false,,Kyle Kuzma,
base,244,"Choice Blue, Yellow and Green Prizms",false,,Kyle Kuzma,
base,244,Choice Green Prizms,false,,Kyle Kuzma,
base,244,Choice Nebula Prizms,false,,Kyle Kuzma,
base,244,Choice Red Prizms,false,,Kyle Kuzma,
base,244,Choice Tiger Stripe Prizms,false,,Kyle Kuzma,
base,244,Fast Break Blue Prizms,false,,Kyle Kuzma,
base,244,Fast Break Bronze Prizms,false,,Kyle Kuzma,
base,244,Fast Break Neon Green Prizms,false,,Kyle Kuzma,
base,244,Fast Break Prizms,false,,Kyle Kuzma,
base,244,Fast Break Purple Prizms,false,,Kyle Kuzma,
base,244,Fast Break Red Prizms,false,,Kyle Kuzma,
base,244,Gold Prizms,false,,Kyle Kuzma,
base,244,Gold Shimmer Prizms,false,,Kyle Kuzma,
base,244,Gold Wave Prizms,false,,Kyle Kuzma,
base,244,Green Ice Prizms,false,,Kyle Kuzma,
base,244,Green Prizms,false,,Kyle Kuzma,
base,244,Green Pulsar Prizms,false,,Kyle Kuzma,
base,244,Green Shimmer Prizms,false,,Kyle Kuzma,
base,244,Hyper Prizms,false,,Kyle Kuzma,
base,244,Lucky Envelopes Prizms,false,,Kyle Kuzma,
base,244,Mojo Prizms,false,,Kyle Kuzma,
base,244,Orange Ice Prizms,false,,Kyle Kuzma,
base,244,Orange Prizms,false,,Kyle Kuzma,
base,244,Orange Wave Prizms,false,,Kyle Kuzma,
base,244,Pink Ice Prizms,false,,Kyle Kuzma,
base,244,Pink Pulsar Prizms,false,,Kyle Kuzma,
base,244,Purple Ice Prizms,false,,Kyle Kuzma,
base,244,Purple Prizms,false,,Kyle Kuzma,
base,244,Purple Pulsar Prizms,false,,Kyle Kuzma,
base,244,Purple Wave Prizms,false,,Kyle Kuzma,
base,244,Red Ice Prizms,false,,Kyle Kuzma,
base,244,Red Prizms,false,,Kyle Kuzma,
base,244,"Red, White and Blue Prizms",false,,Kyle Kuzma,
base,244,Ruby Wave Prizms,false,,Kyle Kuzma,
base,244,Silver Prizms,false,,Kyle Kuzma,
base,244,White Sparkle Prizm,false,,Kyle Kuzma,
base,244,Fast Break Pink Prizms,false,,Kyle Kuzma,
base,244,Black Prizms,false,,Kyle Kuzma,
base,244,Black Shimmer Prizms,false,,Kyle Kuzma,
base,244,Blue Ice Prizms,false,,Kyle Kuzma,
base,244,Black Gold Prizms,false,,Kyle Kuzma,
auto-sensational-signatures,SS-MJO,Prizms Silver,true,,Magic Johnson,
auto-sensational-signatures,SS-MJO,Prizms Choice,true,,Magic Johnson,
auto-sensational-signatures,SS-MJO,Prizms Mojo,true,25,Magic Johnson,
auto-sensational-signatures,SS-MJO,Prizms Gold,true,10,Magic Johnson,
auto-sensational-signatures,SS-MJO,Prizms Choice Green,true,8,Magic Johnson,
auto-sensational-signatures,SS-MJO,Prizms Black,true,1,Magic Johnson,
insert-penmanship,PE-CHR,Prizms Orange Ice,false,,Chris Kaman,
insert-penmanship,PE-CHR,Prizms Silver,false,,Chris Kaman,
insert-penmanship,PE-CHR,Prizms Green Ice,false,16,Chris Kaman,
insert-widescreen,1,Prizms Silver,false,,LeBron James,
insert-widescreen,1,Fast Break,false,,LeBron James,
insert-widescreen,1,Prizms Hyper,false,,LeBron James,
insert-widescreen,1,Prizms Mojo,false,25,LeBron James,
insert-widescreen,1,Prizms Gold,false,10,LeBron James,
insert-widescreen,1,Prizms Black,false,1,LeBron James,
insert-sensational-swatches,SSW-LBJ,Prizms Orange Ice,false,,LeBron James,
insert-sensational-swatches,SSW-LBJ,Prizms Green Ice,false,56,LeBron James,
insert-sensational-swatches,SSW-LBJ,Prime,false,10,LeBron James,
insert-downtown-bound,18,Fast Break,false,,LeBron James,
insert-downtown-bound,18,Prizms Hyper,false,,LeBron James,
insert-downtown-bound,18,Prizms Silver,false,,LeBron James,
insert-downtown-bound,18,Prizms Mojo,false,25,LeBron James,
insert-downtown-bound,18,Prizms Gold,false,10,LeBron James,
insert-downtown-bound,18,Prizms Black,false,1,LeBron James,
insert-sensational-swatches,SSW-KKU,Prizms Orange Ice,false,,Kyle Kuzma,
insert-sensational-swatches,SSW-KKU,Prizms Green Ice,false,56,Kyle Kuzma,
insert-sensational-swatches,SSW-KKU,Prime,false,10,Kyle Kuzma,
insert-sensational-swatches,SSW-ADV,Prizms Orange Ice,false,,Anthony Davis,
insert-sensational-swatches,SSW-ADV,Prizms Green Ice,false,56,Anthony Davis,
insert-sensational-swatches,SSW-ADV,Prime,false,10,Anthony Davis,
insert-downtown-bound,15,Fast Break,false,,Anthony Davis,
insert-downtown-bound,15,Prizms Hyper,false,,Anthony Davis,
insert-downtown-bound,15,Prizms Silver,false,,Anthony Davis,
insert-downtown-bound,15,Prizms Mojo,false,25,Anthony Davis,
insert-downtown-bound,15,Prizms Gold,false,10,Anthony Davis,
insert-downtown-bound,15,Prizms Black,false,1,Anthony Davis,
base,109,Blue Prizms,false,,Anthony Davis,
base,109,Blue Shimmer Prizms,false,,Anthony Davis,
base,109,Blue Wave Prizms,false,,Anthony Davis,
base,109,Choice Blue Prizms,false,,Anthony Davis,
base,109,"Choice Blue, Yellow and Green Prizms",false,,Anthony Davis,
base,109,Choice Green Prizms,false,,Anthony Davis,
base,109,Choice Nebula Prizms,false,,Anthony Davis,
base,109,Choice Red Prizms,false,,Anthony Davis,
base,109,Choice Tiger Stripe Prizms,false,,Anthony Davis,
base,109,Fast Break Blue Prizms,false,,Anthony Davis,
base,109,Fast Break Bronze Prizms,false,,Anthony Davis,
base,109,Fast Break Neon Green Prizms,false,,Anthony Davis,
base,109,Fast Break Prizms,false,,Anthony Davis,
base,109,Fast Break Purple Prizms,false,,Anthony Davis,
base,109,Fast Break Red Prizms,false,,Anthony Davis,
base,109,Gold Prizms,false,,Anthony Davis,
base,109,Gold Shimmer Prizms,false,,Anthony Davis,
base,109,Gold Wave Prizms,false,,Anthony Davis,
base,109,Green Ice Prizms,false,,Anthony Davis,
base,109,Green Prizms,false,,Anthony Davis,
base,109,Green Pulsar Prizms,false,,Anthony Davis,
base,109,Green Shimmer Prizms,false,,Anthony Davis,
base,109,Hyper Prizms,false,,Anthony Davis,
base,109,Lucky Envelopes Prizms,false,,Anthony Davis,
base,109,Mojo Prizms,false,,Anthony Davis,
base,109,Orange Ice Prizms,false,,Anthony Davis,
base,109,Orange Prizms,false,,Anthony Davis,
base,109,Orange Wave Prizms,false,,Anthony Davis,
base,109,Pink Ice Prizms,false,,Anthony Davis,
base,109,Pink Pulsar Prizms,false,,Anthony Davis,
base,109,Purple Ice Prizms,false,,Anthony Davis,
base,109,Purple Prizms,false,,Anthony Davis,
base,109,Purple Pulsar Prizms,false,,Anthony Davis,
base,109,Purple Wave Prizms,false,,Anthony Davis,
base,109,Red Ice Prizms,false,,Anthony Davis,
base,109,Red Prizms,false,,Anthony Davis,
base,109,"Red, White and Blue Prizms",false,,Anthony Davis,
base,109,Ruby Wave Prizms,false,,Anthony Davis,
base,109,Silver Prizms,false,,Anthony Davis,
base,109,White Sparkle Prizm,false,,Anthony Davis,
base,109,Fast Break Pink Prizms,false,,Anthony Davis,
base,109,Black Prizms,false,,Anthony Davis,
base,109,Black Shimmer Prizms,false,,Anthony Davis,
base,109,Blue Ice Prizms,false,,Anthony Davis,
base,109,Black Gold Prizms,false,,Anthony Davis,
insert-penmanship,PE-ACA,Prizms Orange Ice,false,,Alex Caruso,
insert-penmanship,PE-ACA,Prizms Silver,false,,Alex Caruso,
insert-penmanship,PE-ACA,Prizms Green Ice,false,16,Alex Caruso,
insert-dominance,1,Prizms Green,false,,Anthony Davis,
insert-dominance,1,Prizms Silver,false,,Anthony Davis,
insert-fireworks,29,Prizms Silver,false,,LeBron James,
insert-fireworks,29,Fast Break,false,,LeBron James,
insert-fireworks,29,Prizms Hyper,false,,LeBron James,
insert-fireworks,29,Prizms Mojo,false,25,LeBron James,
insert-fireworks,29,Prizms Gold,false,10,LeBron James,
insert-fireworks,29,Prizms Black,false,1,LeBron James,
auto-fast-break-autographs,FBA-MJO,Gold,true,10,Magic Johnson,
auto-fast-break-autographs,FBA-MJO,Black,true,1,Magic Johnson,
insert-prizm,5,Flashback Fast Break,false,,Anthony Davis,
insert-prizm,5,Flashback,false,,Anthony Davis,
insert-prizm,5,Flashback Prizms Hyper,false,,Anthony Davis,
insert-prizm,5,Flashback Prizms Silver,false,,Anthony Davis,
insert-prizm,5,Flashback Prizms Mojo,false,25,Anthony Davis,
insert-prizm,5,Flashback Prizms Gold,false,10,Anthony Davis,
insert-prizm,5,Flashback Prizms Black,false,1,Anthony Davis,
insert-prizm,6,Flashback Fast Break,false,,LeBron James,
insert-prizm,6,Flashback,false,,LeBron James,
insert-prizm,6,Flashback Prizms Hyper,false,,LeBron James,
insert-prizm,6,Flashback Prizms Silver,false,,LeBron James,
insert-prizm,6,Flashback Prizms Mojo,false,25,LeBron James,
insert-prizm,6,Flashback Prizms Gold,false,10,LeBron James,
insert-prizm,6,Flashback Prizms Black,false,1,LeBron James,
base,207,Blue Prizms,false,,Shaquille O'Neal,
base,207,Blue Shimmer Prizms,false,,Shaquille O'Neal,
base,207,Blue Wave Prizms,false,,Shaquille O'Neal,
base,207,Choice Blue Prizms,false,,Shaquille O'Neal,
base,207,"Choice Blue, Yellow and Green Prizms",false,,Shaquille O'Neal,
base,207,Choice Green Prizms,false,,Shaquille O'Neal,
base,207,Choice Nebula Prizms,false,,Shaquille O'Neal,
base,207,Choice Red Prizms,false,,Shaquille O'Neal,
base,207,Choice Tiger Stripe Prizms,false,,Shaquille O'Neal,
base,207,Fast Break Blue Prizms,false,,Shaquille O'Neal,
base,207,Fast Break Bronze Prizms,false,,Shaquille O'Neal,
base,207,Fast Break Neon Green Prizms,false,,Shaquille O'Neal,
base,207,Fast Break Prizms,false,,Shaquille O'Neal,
base,207,Fast Break Purple Prizms,false,,Shaquille O'Neal,
base,207,Fast Break Red Prizms,false,,Shaquille O'Neal,
base,207,Gold Prizms,false,,Shaquille O'Neal,
base,207,Gold Shimmer Prizms,false,,Shaquille O'Neal,
base,207,Gold Wave Prizms,false,,Shaquille O'Neal,
base,207,Green Ice Prizms,false,,Shaquille O'Neal,
base,207,Green Prizms,false,,Shaquille O'Neal,
base,207,Green Pulsar Prizms,false,,Shaquille O'Neal,
base,207,Green Shimmer Prizms,false,,Shaquille O'Neal,
base,207,Hyper Prizms,false,,Shaquille O'Neal,
base,207,Lucky Envelopes Prizms,false,,Shaquille O'Neal,
base,207,Mojo Prizms,false,,Shaquille O'Neal,
base,207,Orange Ice Prizms,false,,Shaquille O'Neal,
base,207,Orange Prizms,false,,Shaquille O'Neal,
base,207,Orange Wave Prizms,false,,Shaquille O'Neal,
base,207,Pink Ice Prizms,false,,Shaquille O'Neal,
base,207,Pink Pulsar Prizms,false,,Shaquille O'Neal,
base,207,Purple Ice Prizms,false,,Shaquille O'Neal,
base,207,Purple Prizms,false,,Shaquille O'Neal,
base,207,Purple Pulsar Prizms,false,,Shaquille O'Neal,
base,207,Purple Wave Prizms,false,,Shaquille O'Neal,
base,207,Red Ice Prizms,false,,Shaquille O'Neal,
base,207,Red Prizms,false,,Shaquille O'Neal,
base,207,"Red, White and Blue Prizms",false,,Shaquille O'Neal,
base,207,Ruby Wave Prizms,false,,Shaquille O'Neal,
base,207,Silver Prizms,false,,Shaquille O'Neal,
base,207,White Sparkle Prizm,false,,Shaquille O'Neal,
base,207,Fast Break Pink Prizms,false,,Shaquille O'Neal,
base,207,Black Prizms,false,,Shaquille O'Neal,
base,207,Black Shimmer Prizms,false,,Shaquille O'Neal,
base,207,Blue Ice Prizms,false,,Shaquille O'Neal,
base,207,Black Gold Prizms,false,,Shaquille O'Neal,
insert-penmanship,PE-ADV,Prizms Orange Ice,false,,Anthony Davis,
insert-penmanship,PE-ADV,Prizms Silver,false,,Anthony Davis,
insert-penmanship,PE-ADV,Prizms Green Ice,false,16,Anthony Davis,
auto-fast-break-autographs,FBA-TYL,Gold,true,10,Tyronn Lue,
auto-fast-break-autographs,FBA-TYL,Black,true,1,Tyronn Lue,
base,149,Blue Prizms,false,,Danny Green,
base,149,Blue Shimmer Prizms,false,,Danny Green,
base,149,Blue Wave Prizms,false,,Danny Green,
base,149,Choice Blue Prizms,false,,Danny Green,
base,149,"Choice Blue, Yellow and Green Prizms",false,,Danny Green,
base,149,Choice Green Prizms,false,,Danny Green,
base,149,Choice Nebula Prizms,false,,Danny Green,
base,149,Choice Red Prizms,false,,Danny Green,
base,149,Choice Tiger Stripe Prizms,false,,Danny Green,
base,149,Fast Break Blue Prizms,false,,Danny Green,
base,149,Fast Break Bronze Prizms,false,,Danny Green,
base,149,Fast Break Neon Green Prizms,false,,Danny Green,
base,149,Fast Break Prizms,false,,Danny Green,
base,149,Fast Break Purple Prizms,false,,Danny Green,
base,149,Fast Break Red Prizms,false,,Danny Green,
base,149,Gold Prizms,false,,Danny Green,
base,149,Gold Shimmer Prizms,false,,Danny Green,
base,149,Gold Wave Prizms,false,,Danny Green,
base,149,Green Ice Prizms,false,,Danny Green,
base,149,Green Prizms,false,,Danny Green,
base,149,Green Pulsar Prizms,false,,Danny Green,
base,149,Green Shimmer Prizms,false,,Danny Green,
base,149,Hyper Prizms,false,,Danny Green,
base,149,Lucky Envelopes Prizms,false,,Danny Green,
base,149,Mojo Prizms,false,,Danny Green,
base,149,Orange Ice Prizms,false,,Danny Green,
base,149,Orange Prizms,false,,Danny Green,
base,149,Orange Wave Prizms,false,,Danny Green,
base,149,Pink Ice Prizms,false,,Danny Green,
base,149,Pink Pulsar Prizms,false,,Danny Green,
base,149,Purple Ice Prizms,false,,Danny Green,
base,149,Purple Prizms,false,,Danny Green,
base,149,Purple Pulsar Prizms,false,,Danny Green,
base,149,Purple Wave Prizms,false,,Danny Green,
base,149,Red Ice Prizms,false,,Danny Green,
base,149,Red Prizms,false,,Danny Green,
base,149,"Red, White and Blue Prizms",false,,Danny Green,
base,149,Ruby Wave Prizms,false,,Danny Green,
base,149,Silver Prizms,false,,Danny Green,
base,149,White Sparkle Prizm,false,,Danny Green,
base,149,Fast Break Pink Prizms,false,,Danny Green,
base,149,Black Prizms,false,,Danny Green,
base,149,Black Shimmer Prizms,false,,Danny Green,
base,149,Blue Ice Prizms,false,,Danny Green,
base,149,Black Gold Prizms,false,,Danny Green,
base,237,Blue Prizms,false,,Avery Bradley,
base,237,Blue Shimmer Prizms,false,,Avery Bradley,
base,237,Blue Wave Prizms,false,,Avery Bradley,
base,237,Choice Blue Prizms,false,,Avery Bradley,
base,237,"Choice Blue, Yellow and Green Prizms",false,,Avery Bradley,
base,237,Choice Green Prizms,false,,Avery Bradley,
base,237,Choice Nebula Prizms,false,,Avery Bradley,
base,237,Choice Red Prizms,false,,Avery Bradley,
base,237,Choice Tiger Stripe Prizms,false,,Avery Bradley,
base,237,Fast Break Blue Prizms,false,,Avery Bradley,
base,237,Fast Break Bronze Prizms,false,,Avery Bradley,
base,237,Fast Break Neon Green Prizms,false,,Avery Bradley,
base,237,Fast Break Prizms,false,,Avery Bradley,
base,237,Fast Break Purple Prizms,false,,Avery Bradley,
base,237,Fast Break Red Prizms,false,,Avery Bradley,
base,237,Gold Prizms,false,,Avery Bradley,
base,237,Gold Shimmer Prizms,false,,Avery Bradley,
base,237,Gold Wave Prizms,false,,Avery Bradley,
base,237,Green Ice Prizms,false,,Avery Bradley,
base,237,Green Prizms,false,,Avery Bradley,
base,237,Green Pulsar Prizms,false,,Avery Bradley,
base,237,Green Shimmer Prizms,false,,Avery Bradley,
base,237,Hyper Prizms,false,,Avery Bradley,
base,237,Lucky Envelopes Prizms,false,,Avery Bradley,
base,237,Mojo Prizms,false,,Avery Bradley,
base,237,Orange Ice Prizms,false,,Avery Bradley,
base,237,Orange Prizms,false,,Avery Bradley,
base,237,Orange Wave Prizms,false,,Avery Bradley,
base,237,Pink Ice Prizms,false,,Avery Bradley,
base,237,Pink Pulsar Prizms,false,,Avery Bradley,
base,237,Purple Ice Prizms,false,,Avery Bradley,
base,237,Purple Prizms,false,,Avery Bradley,
base,237,Purple Pulsar Prizms,false,,Avery Bradley,
base,237,Purple Wave Prizms,false,,Avery Bradley,
base,237,Red Ice Prizms,false,,Avery Bradley,
base,237,Red Prizms,false,,Avery Bradley,
base,237,"Red, White and Blue Prizms",false,,Avery Bradley,
base,237,Ruby Wave Prizms,false,,Avery Bradley,
base,237,Silver Prizms,false,,Avery Bradley,
base,237,White Sparkle Prizm,false,,Avery Bradley,
base,237,Fast Break Pink Prizms,false,,Avery Bradley,
base,237,Black Prizms,false,,Avery Bradley,
base,237,Black Shimmer Prizms,false,,Avery Bradley,
base,237,Blue Ice Prizms,false,,Avery Bradley,
base,237,Black Gold Prizms,false,,Avery Bradley,
auto-sensational-signatures,SS-RHO,Prizms Silver,true,,Robert Horry,
auto-sensational-signatures,SS-RHO,Prizms Choice,true,,Robert Horry,
auto-sensational-signatures,SS-RHO,Prizms Mojo,true,25,Robert Horry,
auto-sensational-signatures,SS-RHO,Prizms Gold,true,10,Robert Horry,
auto-sensational-signatures,SS-RHO,Prizms Choice Green,true,8,Robert Horry,
auto-sensational-signatures,SS-RHO,Prizms Black,true,1,Robert Horry,
auto-fast-break-autographs,FBA-THT,Gold,true,10,Talen Horton-Tucker,
auto-fast-break-autographs,FBA-THT,Black,true,1,Talen Horton-Tucker,
base,219,Blue Prizms,false,,Magic Johnson,
base,219,Blue Shimmer Prizms,false,,Magic Johnson,
base,219,Blue Wave Prizms,false,,Magic Johnson,
base,219,Choice Blue Prizms,false,,Magic Johnson,
base,219,"Choice Blue, Yellow and Green Prizms",false,,Magic Johnson,
base,219,Choice Green Prizms,false,,Magic Johnson,
base,219,Choice Nebula Prizms,false,,Magic Johnson,
base,219,Choice Red Prizms,false,,Magic Johnson,
base,219,Choice Tiger Stripe Prizms,false,,Magic Johnson,
base,219,Fast Break Blue Prizms,false,,Magic Johnson,
base,219,Fast Break Bronze Prizms,false,,Magic Johnson,
base,219,Fast Break Neon Green Prizms,false,,Magic Johnson,
base,219,Fast Break Prizms,false,,Magic Johnson,
base,219,Fast Break Purple Prizms,false,,Magic Johnson,
base,219,Fast Break Red Prizms,false,,Magic Johnson,
base,219,Gold Prizms,false,,Magic Johnson,
base,219,Gold Shimmer Prizms,false,,Magic Johnson,
base,219,Gold Wave Prizms,false,,Magic Johnson,
base,219,Green Ice Prizms,false,,Magic Johnson,
base,219,Green Prizms,false,,Magic Johnson,
base,219,Green Pulsar Prizms,false,,Magic Johnson,
base,219,Green Shimmer Prizms,false,,Magic Johnson,
base,219,Hyper Prizms,false,,Magic Johnson,
base,219,Lucky Envelopes Prizms,false,,Magic Johnson,
base,219,Mojo Prizms,false,,Magic Johnson,
base,219,Orange Ice Prizms,false,,Magic Johnson,
base,219,Orange Prizms,false,,Magic Johnson,
base,219,Orange Wave Prizms,false,,Magic Johnson,
base,219,Pink Ice Prizms,false,,Magic Johnson,
base,219,Pink Pulsar Prizms,false,,Magic Johnson,
base,219,Purple Ice Prizms,false,,Magic Johnson,
base,219,Purple Prizms,false,,Magic Johnson,
base,219,Purple Pulsar Prizms,false,,Magic Johnson,
base,219,Purple Wave Prizms,false,,Magic Johnson,
base,219,Red Ice Prizms,false,,Magic Johnson,
base,219,Red Prizms,false,,Magic Johnson,
base,219,"Red, White and Blue Prizms",false,,Magic Johnson,
base,219,Ruby Wave Prizms,false,,Magic Johnson,
base,219,Silver Prizms,false,,Magic Johnson,
base,219,White Sparkle Prizm,false,,Magic Johnson,
base,219,Fast Break Pink Prizms,false,,Magic Johnson,
base,219,Black Prizms,false,,Magic Johnson,
base,219,Black Shimmer Prizms,false,,Magic Johnson,
base,219,Blue Ice Prizms,false,,Magic Johnson,
base,219,Black Gold Prizms,false,,Magic Johnson,
base,1,Blue Prizms,false,,LeBron James,
base,1,Blue Shimmer Prizms,false,,LeBron James,
base,1,Blue Wave Prizms,false,,LeBron James,
base,1,Choice Blue Prizms,false,,LeBron James,
base,1,"Choice Blue, Yellow and Green Prizms",false,,LeBron James,
base,1,Choice Green Prizms,false,,LeBron James,
base,1,Choice Nebula Prizms,false,,LeBron James,
base,1,Choice Red Prizms,false,,LeBron James,
base,1,Choice Tiger Stripe Prizms,false,,LeBron James,
base,1,Fast Break Blue Prizms,false,,LeBron James,
base,1,Fast Break Bronze Prizms,false,,LeBron James,
base,1,Fast Break Neon Green Prizms,false,,LeBron James,
base,1,Fast Break Prizms,false,,LeBron James,
base,1,Fast Break Purple Prizms,false,,LeBron James,
base,1,Fast Break Red Prizms,false,,LeBron James,
base,1,Gold Prizms,false,,LeBron James,
base,1,Gold Shimmer Prizms,false,,LeBron James,
base,1,Gold Wave Prizms,false,,LeBron James,
base,1,Green Ice Prizms,false,,LeBron James,
base,1,Green Prizms,false,,LeBron James,
base,1,Green Pulsar Prizms,false,,LeBron James,
base,1,Green Shimmer Prizms,false,,LeBron James,
base,1,Hyper Prizms,false,,LeBron James,
base,1,Lucky Envelopes Prizms,false,,LeBron James,
base,1,Mojo Prizms,false,,LeBron James,
base,1,Orange Ice Prizms,false,,LeBron James,
base,1,Orange Prizms,false,,LeBron James,
base,1,Orange Wave Prizms,false,,LeBron James,
base,1,Pink Ice Prizms,false,,LeBron James,
base,1,Pink Pulsar Prizms,false,,LeBron James,
base,1,Purple Ice Prizms,false,,LeBron James,
base,1,Purple Prizms,false,,LeBron James,
base,1,Purple Pulsar Prizms,false,,LeBron James,
base,1,Purple Wave Prizms,false,,LeBron James,
base,1,Red Ice Prizms,false,,LeBron James,
base,1,Red Prizms,false,,LeBron James,
base,1,"Red, White and Blue Prizms",false,,LeBron James,
base,1,Ruby Wave Prizms,false,,LeBron James,
base,1,Silver Prizms,false,,LeBron James,
base,1,White Sparkle Prizm,false,,LeBron James,
base,1,Fast Break Pink Prizms,false,,LeBron James,
base,1,Black Prizms,false,,LeBron James,
base,1,Black Shimmer Prizms,false,,LeBron James,
base,1,Blue Ice Prizms,false,,LeBron James,
base,1,Black Gold Prizms,false,,LeBron James,
insert-widescreen,5,Prizms Silver,false,,Anthony Davis,
insert-widescreen,5,Fast Break,false,,Anthony Davis,
insert-widescreen,5,Prizms Hyper,false,,Anthony Davis,
insert-widescreen,5,Prizms Mojo,false,25,Anthony Davis,
insert-widescreen,5,Prizms Gold,false,10,Anthony Davis,
insert-widescreen,5,Prizms Black,false,1,Anthony Davis,
auto-sensational-signatures,SS-ADV,Prizms Silver,true,,Anthony Davis,
auto-sensational-signatures,SS-ADV,Prizms Choice,true,,Anthony Davis,
auto-sensational-signatures,SS-ADV,Prizms Mojo,true,25,Anthony Davis,
auto-sensational-signatures,SS-ADV,Prizms Gold,true,10,Anthony Davis,
auto-sensational-signatures,SS-ADV,Prizms Choice Green,true,8,Anthony Davis,
auto-sensational-signatures,SS-ADV,Prizms Black,true,1,Anthony Davis,
auto-fast-break-autographs,FBA-QCO,Gold,true,10,Quinn Cook,
auto-fast-break-autographs,FBA-QCO,Black,true,1,Quinn Cook,
base,175,Blue Prizms,false,,Dwight Howard,
base,175,Blue Shimmer Prizms,false,,Dwight Howard,
base,175,Blue Wave Prizms,false,,Dwight Howard,
base,175,Choice Blue Prizms,false,,Dwight Howard,
base,175,"Choice Blue, Yellow and Green Prizms",false,,Dwight Howard,
base,175,Choice Green Prizms,false,,Dwight Howard,
base,175,Choice Nebula Prizms,false,,Dwight Howard,
base,175,Choice Red Prizms,false,,Dwight Howard,
base,175,Choice Tiger Stripe Prizms,false,,Dwight Howard,
base,175,Fast Break Blue Prizms,false,,Dwight Howard,
base,175,Fast Break Bronze Prizms,false,,Dwight Howard,
base,175,Fast Break Neon Green Prizms,false,,Dwight Howard,
base,175,Fast Break Prizms,false,,Dwight Howard,
base,175,Fast Break Purple Prizms,false,,Dwight Howard,
base,175,Fast Break Red Prizms,false,,Dwight Howard,
base,175,Gold Prizms,false,,Dwight Howard,
base,175,Gold Shimmer Prizms,false,,Dwight Howard,
base,175,Gold Wave Prizms,false,,Dwight Howard,
base,175,Green Ice Prizms,false,,Dwight Howard,
base,175,Green Prizms,false,,Dwight Howard,
base,175,Green Pulsar Prizms,false,,Dwight Howard,
base,175,Green Shimmer Prizms,false,,Dwight Howard,
base,175,Hyper Prizms,false,,Dwight Howard,
base,175,Lucky Envelopes Prizms,false,,Dwight Howard,
base,175,Mojo Prizms,false,,Dwight Howard,
base,175,Orange Ice Prizms,false,,Dwight Howard,
base,175,Orange Prizms,false,,Dwight Howard,
base,175,Orange Wave Prizms,false,,Dwight Howard,
base,175,Pink Ice Prizms,false,,Dwight Howard,
base,175,Pink Pulsar Prizms,false,,Dwight Howard,
base,175,Purple Ice Prizms,false,,Dwight Howard,
base,175,Purple Prizms,false,,Dwight Howard,
base,175,Purple Pulsar Prizms,false,,Dwight Howard,
base,175,Purple Wave Prizms,false,,Dwight Howard,
base,175,Red Ice Prizms,false,,Dwight Howard,
base,175,Red Prizms,false,,Dwight Howard,
base,175,"Red, White and Blue Prizms",false,,Dwight Howard,
base,175,Ruby Wave Prizms,false,,Dwight Howard,
base,175,Silver Prizms,false,,Dwight Howard,
base,175,White Sparkle Prizm,false,,Dwight Howard,
base,175,Fast Break Pink Prizms,false,,Dwight Howard,
base,175,Black Prizms,false,,Dwight Howard,
base,175,Black Shimmer Prizms,false,,Dwight Howard,
base,175,Blue Ice Prizms,false,,Dwight Howard,
base,175,Black Gold Prizms,false,,Dwight Howard,
auto-signatures,SI-RHO,Prizms Choice,true,,Robert Horry,
auto-signatures,SI-RHO,Prizms Silver,true,,Robert Horry,
auto-signatures,SI-RHO,Prizms Mojo,true,25,Robert Horry,
auto-signatures,SI-RHO,Prizms Gold,true,10,Robert Horry,
auto-signatures,SI-RHO,Prizms Choice Green,true,8,Robert Horry,
auto-signatures,SI-RHO,Prizms Black,true,1,Robert Horry,
insert-penmanship,PE-JJJ,Prizms Orange Ice,false,,Jaren Jackson Jr.,
insert-penmanship,PE-JJJ,Prizms Silver,false,,Jaren Jackson Jr.,
insert-penmanship,PE-JJJ,Prizms Green Ice,false,16,Jaren Jackson Jr.,
base,126,Blue Prizms,false,,Jaren Jackson Jr.,
base,126,Blue Shimmer Prizms,false,,Jaren Jackson Jr.,
base,126,Blue Wave Prizms,false,,Jaren Jackson Jr.,
base,126,Choice Blue Prizms,false,,Jaren Jackson Jr.,
base,126,"Choice Blue, Yellow and Green Prizms",false,,Jaren Jackson Jr.,
base,126,Choice Green Prizms,false,,Jaren Jackson Jr.,
base,126,Choice Nebula Prizms,false,,Jaren Jackson Jr.,
base,126,Choice Red Prizms,false,,Jaren Jackson Jr.,
base,126,Choice Tiger Stripe Prizms,false,,Jaren Jackson Jr.,
base,126,Fast Break Blue Prizms,false,,Jaren Jackson Jr.,
base,126,Fast Break Bronze Prizms,false,,Jaren Jackson Jr.,
base,126,Fast Break Neon Green Prizms,false,,Jaren Jackson Jr.,
base,126,Fast Break Prizms,false,,Jaren Jackson Jr.,
base,126,Fast Break Purple Prizms,false,,Jaren Jackson Jr.,
base,126,Fast Break Red Prizms,false,,Jaren Jackson Jr.,
base,126,Gold Prizms,false,,Jaren Jackson Jr.,
base,126,Gold Shimmer Prizms,false,,Jaren Jackson Jr.,
base,126,Gold Wave Prizms,false,,Jaren Jackson Jr.,
base,126,Green Ice Prizms,false,,Jaren Jackson Jr.,
base,126,Green Prizms,false,,Jaren Jackson Jr.,
base,126,Green Pulsar Prizms,false,,Jaren Jackson Jr.,
base,126,Green Shimmer Prizms,false,,Jaren Jackson Jr.,
base,126,Hyper Prizms,false,,Jaren Jackson Jr.,
base,126,Lucky Envelopes Prizms,false,,Jaren Jackson Jr.,
base,126,Mojo Prizms,false,,Jaren Jackson Jr.,
base,126,Orange Ice Prizms,false,,Jaren Jackson Jr.,
base,126,Orange Prizms,false,,Jaren Jackson Jr.,
base,126,Orange Wave Prizms,false,,Jaren Jackson Jr.,
base,126,Pink Ice Prizms,false,,Jaren Jackson Jr.,
base,126,Pink Pulsar Prizms,false,,Jaren Jackson Jr.,
base,126,Purple Ice Prizms,false,,Jaren Jackson Jr.,
base,126,Purple Prizms,false,,Jaren Jackson Jr.,
base,126,Purple Pulsar Prizms,false,,Jaren Jackson Jr.,
base,126,Purple Wave Prizms,false,,Jaren Jackson Jr.,
base,126,Red Ice Prizms,false,,Jaren Jackson Jr.,
base,126,Red Prizms,false,,Jaren Jackson Jr.,
base,126,"Red, White and Blue Prizms",false,,Jaren Jackson Jr.,
base,126,Ruby Wave Prizms,false,,Jaren Jackson Jr.,
base,126,Silver Prizms,false,,Jaren Jackson Jr.,
base,126,White Sparkle Prizm,false,,Jaren Jackson Jr.,
base,126,Fast Break Pink Prizms,false,,Jaren Jackson Jr.,
base,126,Black Prizms,false,,Jaren Jackson Jr.,
base,126,Black Shimmer Prizms,false,,Jaren Jackson Jr.,
base,126,Blue Ice Prizms,false,,Jaren Jackson Jr.,
base,126,Black Gold Prizms,false,,Jaren Jackson Jr.,
insert-penmanship,PE-JAM,Prizms Orange Ice,false,,Ja Morant,
insert-penmanship,PE-JAM,Prizms Silver,false,,Ja Morant,
insert-penmanship,PE-JAM,Prizms Green Ice,false,16,Ja Morant,
insert-sensational-swatches,SSW-JJJ,Prizms Orange Ice,false,,Jaren Jackson Jr.,
insert-sensational-swatches,SSW-JJJ,Prizms Green Ice,false,56,Jaren Jackson Jr.,
insert-sensational-swatches,SSW-JJJ,Prime,false,10,Jaren Jackson Jr.,
insert-sophomore-stars,10,Prizms Silver,false,,Ja Morant,
insert-sophomore-stars,10,Prizms Green,false,,Ja Morant,
auto-sensational-signatures,SS-DBN,Prizms Silver,true,,Desmond Bane,
auto-sensational-signatures,SS-DBN,Prizms Choice,true,,Desmond Bane,
auto-sensational-signatures,SS-DBN,Prizms Mojo,true,25,Desmond Bane,
auto-sensational-signatures,SS-DBN,Prizms Gold,true,10,Desmond Bane,
auto-sensational-signatures,SS-DBN,Prizms Choice Green,true,8,Desmond Bane,
auto-sensational-signatures,SS-DBN,Prizms Black,true,1,Desmond Bane,
auto-rookie-signatures,RS-DBN,Prizms Silver,true,,Desmond Bane,
auto-rookie-signatures,RS-DBN,Prizms Choice,true,,Desmond Bane,
auto-rookie-signatures,RS-DBN,Prizms Mojo,true,25,Desmond Bane,
auto-rookie-signatures,RS-DBN,Prizms Gold,true,10,Desmond Bane,
auto-rookie-signatures,RS-DBN,Prizms Choice Green,true,8,Desmond Bane,
auto-rookie-signatures,RS-DBN,Prizms Black,true,1,Desmond Bane,
auto-rookie-signatures,RS-DBN,Prizms White Sparkle,true,1,Desmond Bane,
insert-rookie-penmanship,RP-XTM,Prizms Orange Ice,false,,Xavier Tillman,
insert-rookie-penmanship,RP-XTM,Prizms Blue Wave,false,,Xavier Tillman,
insert-rookie-penmanship,RP-XTM,Prizms Silver,false,,Xavier Tillman,
insert-rookie-penmanship,RP-XTM,Prizms Gold Wave,false,,Xavier Tillman,
insert-rookie-penmanship,RP-XTM,Prizms Green Ice,false,16,Xavier Tillman,
base,228,Blue Prizms,false,,Brandon Clarke,
base,228,Blue Shimmer Prizms,false,,Brandon Clarke,
base,228,Blue Wave Prizms,false,,Brandon Clarke,
base,228,Choice Blue Prizms,false,,Brandon Clarke,
base,228,"Choice Blue, Yellow and Green Prizms",false,,Brandon Clarke,
base,228,Choice Green Prizms,false,,Brandon Clarke,
base,228,Choice Nebula Prizms,false,,Brandon Clarke,
base,228,Choice Red Prizms,false,,Brandon Clarke,
base,228,Choice Tiger Stripe Prizms,false,,Brandon Clarke,
base,228,Fast Break Blue Prizms,false,,Brandon Clarke,
base,228,Fast Break Bronze Prizms,false,,Brandon Clarke,
base,228,Fast Break Neon Green Prizms,false,,Brandon Clarke,
base,228,Fast Break Prizms,false,,Brandon Clarke,
base,228,Fast Break Purple Prizms,false,,Brandon Clarke,
base,228,Fast Break Red Prizms,false,,Brandon Clarke,
base,228,Gold Prizms,false,,Brandon Clarke,
base,228,Gold Shimmer Prizms,false,,Brandon Clarke,
base,228,Gold Wave Prizms,false,,Brandon Clarke,
base,228,Green Ice Prizms,false,,Brandon Clarke,
base,228,Green Prizms,false,,Brandon Clarke,
base,228,Green Pulsar Prizms,false,,Brandon Clarke,
base,228,Green Shimmer Prizms,false,,Brandon Clarke,
base,228,Hyper Prizms,false,,Brandon Clarke,
base,228,Lucky Envelopes Prizms,false,,Brandon Clarke,
base,228,Mojo Prizms,false,,Brandon Clarke,
base,228,Orange Ice Prizms,false,,Brandon Clarke,
base,228,Orange Prizms,false,,Brandon Clarke,
base,228,Orange Wave Prizms,false,,Brandon Clarke,
base,228,Pink Ice Prizms,false,,Brandon Clarke,
base,228,Pink Pulsar Prizms,false,,Brandon Clarke,
base,228,Purple Ice Prizms,false,,Brandon Clarke,
base,228,Purple Prizms,false,,Brandon Clarke,
base,228,Purple Pulsar Prizms,false,,Brandon Clarke,
base,228,Purple Wave Prizms,false,,Brandon Clarke,
base,228,Red Ice Prizms,false,,Brandon Clarke,
base,228,Red Prizms,false,,Brandon Clarke,
base,228,"Red, White and Blue Prizms",false,,Brandon Clarke,
base,228,Ruby Wave Prizms,false,,Brandon Clarke,
base,228,Silver Prizms,false,,Brandon Clarke,
base,228,White Sparkle Prizm,false,,Brandon Clarke,
base,228,Fast Break Pink Prizms,false,,Brandon Clarke,
base,228,Black Prizms,false,,Brandon Clarke,
base,228,Black Shimmer Prizms,false,,Brandon Clarke,
base,228,Blue Ice Prizms,false,,Brandon Clarke,
base,228,Black Gold Prizms,false,,Brandon Clarke,
base,70,Blue Prizms,false,,Dillon Brooks,
base,70,Blue Shimmer Prizms,false,,Dillon Brooks,
base,70,Blue Wave Prizms,false,,Dillon Brooks,
base,70,Choice Blue Prizms,false,,Dillon Brooks,
base,70,"Choice Blue, Yellow and Green Prizms",false,,Dillon Brooks,
base,70,Choice Green Prizms,false,,Dillon Brooks,
base,70,Choice Nebula Prizms,false,,Dillon Brooks,
base,70,Choice Red Prizms,false,,Dillon Brooks,
base,70,Choice Tiger Stripe Prizms,false,,Dillon Brooks,
base,70,Fast Break Blue Prizms,false,,Dillon Brooks,
base,70,Fast Break Bronze Prizms,false,,Dillon Brooks,
base,70,Fast Break Neon Green Prizms,false,,Dillon Brooks,
base,70,Fast Break Prizms,false,,Dillon Brooks,
base,70,Fast Break Purple Prizms,false,,Dillon Brooks,
base,70,Fast Break Red Prizms,false,,Dillon Brooks,
base,70,Gold Prizms,false,,Dillon Brooks,
base,70,Gold Shimmer Prizms,false,,Dillon Brooks,
base,70,Gold Wave Prizms,false,,Dillon Brooks,
base,70,Green Ice Prizms,false,,Dillon Brooks,
base,70,Green Prizms,false,,Dillon Brooks,
base,70,Green Pulsar Prizms,false,,Dillon Brooks,
base,70,Green Shimmer Prizms,false,,Dillon Brooks,
base,70,Hyper Prizms,false,,Dillon Brooks,
base,70,Lucky Envelopes Prizms,false,,Dillon Brooks,
base,70,Mojo Prizms,false,,Dillon Brooks,
base,70,Orange Ice Prizms,false,,Dillon Brooks,
base,70,Orange Prizms,false,,Dillon Brooks,
base,70,Orange Wave Prizms,false,,Dillon Brooks,
base,70,Pink Ice Prizms,false,,Dillon Brooks,
base,70,Pink Pulsar Prizms,false,,Dillon Brooks,
base,70,Purple Ice Prizms,false,,Dillon Brooks,
base,70,Purple Prizms,false,,Dillon Brooks,
base,70,Purple Pulsar Prizms,false,,Dillon Brooks,
base,70,Purple Wave Prizms,false,,Dillon Brooks,
base,70,Red Ice Prizms,false,,Dillon Brooks,
base,70,Red Prizms,false,,Dillon Brooks,
base,70,"Red, White and Blue Prizms",false,,Dillon Brooks,
base,70,Ruby Wave Prizms,false,,Dillon Brooks,
base,70,Silver Prizms,false,,Dillon Brooks,
base,70,White Sparkle Prizm,false,,Dillon Brooks,
base,70,Fast Break Pink Prizms,false,,Dillon Brooks,
base,70,Black Prizms,false,,Dillon Brooks,
base,70,Black Shimmer Prizms,false,,Dillon Brooks,
base,70,Blue Ice Prizms,false,,Dillon Brooks,
base,70,Black Gold Prizms,false,,Dillon Brooks,
auto-fast-break-rookie-autographs,FR-XTM,Gold,true,10,Xavier Tillman,
auto-fast-break-rookie-autographs,FR-XTM,Black,true,1,Xavier Tillman,
auto-rookie-signatures,RS-XTM,Prizms Silver,true,,Xavier Tillman,
auto-rookie-signatures,RS-XTM,Prizms Choice,true,,Xavier Tillman,
auto-rookie-signatures,RS-XTM,Prizms Mojo,true,25,Xavier Tillman,
auto-rookie-signatures,RS-XTM,Prizms Gold,true,10,Xavier Tillman,
auto-rookie-signatures,RS-XTM,Prizms Choice Green,true,8,Xavier Tillman,
auto-rookie-signatures,RS-XTM,Prizms Black,true,1,Xavier Tillman,
auto-rookie-signatures,RS-XTM,Prizms White Sparkle,true,1,Xavier Tillman,
insert-fearless,13,Fast Break,false,,Ja Morant,
insert-fearless,13,Prizms Hyper,false,,Ja Morant,
insert-fearless,13,Prizms Silver,false,,Ja Morant,
insert-fearless,13,Prizms Mojo,false,25,Ja Morant,
insert-fearless,13,Prizms Gold,false,10,Ja Morant,
insert-fearless,13,Prizms Black,false,1,Ja Morant,
insert-fireworks,2,Prizms Silver,false,,Ja Morant,
insert-fireworks,2,Fast Break,false,,Ja Morant,
insert-fireworks,2,Prizms Hyper,false,,Ja Morant,
insert-fireworks,2,Prizms Mojo,false,25,Ja Morant,
insert-fireworks,2,Prizms Gold,false,10,Ja Morant,
insert-fireworks,2,Prizms Black,false,1,Ja Morant,
auto-signatures,SI-JAM,Prizms Choice,true,,Ja Morant,
auto-signatures,SI-JAM,Prizms Silver,true,,Ja Morant,
auto-signatures,SI-JAM,Prizms Mojo,true,25,Ja Morant,
auto-signatures,SI-JAM,Prizms Gold,true,10,Ja Morant,
auto-signatures,SI-JAM,Prizms Choice Green,true,8,Ja Morant,
auto-signatures,SI-JAM,Prizms Black,true,1,Ja Morant,
insert-rookie-penmanship,RP-DBN,Prizms Orange Ice,false,,Desmond Bane,
insert-rookie-penmanship,RP-DBN,Prizms Blue Wave,false,,Desmond Bane,
insert-rookie-penmanship,RP-DBN,Prizms Silver,false,,Desmond Bane,
insert-rookie-penmanship,RP-DBN,Prizms Gold Wave,false,,Desmond Bane,
insert-rookie-penmanship,RP-DBN,Prizms Green Ice,false,16,Desmond Bane,
auto-fast-break-rookie-autographs,FR-DBN,Gold,true,10,Desmond Bane,
auto-fast-break-rookie-autographs,FR-DBN,Black,true,1,Desmond Bane,
base,188,Blue Prizms,false,,Jonas Valanciunas,
base,188,Blue Shimmer Prizms,false,,Jonas Valanciunas,
base,188,Blue Wave Prizms,false,,Jonas Valanciunas,
base,188,Choice Blue Prizms,false,,Jonas Valanciunas,
base,188,"Choice Blue, Yellow and Green Prizms",false,,Jonas Valanciunas,
base,188,Choice Green Prizms,false,,Jonas Valanciunas,
base,188,Choice Nebula Prizms,false,,Jonas Valanciunas,
base,188,Choice Red Prizms,false,,Jonas Valanciunas,
base,188,Choice Tiger Stripe Prizms,false,,Jonas Valanciunas,
base,188,Fast Break Blue Prizms,false,,Jonas Valanciunas,
base,188,Fast Break Bronze Prizms,false,,Jonas Valanciunas,
base,188,Fast Break Neon Green Prizms,false,,Jonas Valanciunas,
base,188,Fast Break Prizms,false,,Jonas Valanciunas,
base,188,Fast Break Purple Prizms,false,,Jonas Valanciunas,
base,188,Fast Break Red Prizms,false,,Jonas Valanciunas,
base,188,Gold Prizms,false,,Jonas Valanciunas,
base,188,Gold Shimmer Prizms,false,,Jonas Valanciunas,
base,188,Gold Wave Prizms,false,,Jonas Valanciunas,
base,188,Green Ice Prizms,false,,Jonas Valanciunas,
base,188,Green Prizms,false,,Jonas Valanciunas,
base,188,Green Pulsar Prizms,false,,Jonas Valanciunas,
base,188,Green Shimmer Prizms,false,,Jonas Valanciunas,
base,188,Hyper Prizms,false,,Jonas Valanciunas,
base,188,Lucky Envelopes Prizms,false,,Jonas Valanciunas,
base,188,Mojo Prizms,false,,Jonas Valanciunas,
base,188,Orange Ice Prizms,false,,Jonas Valanciunas,
base,188,Orange Prizms,false,,Jonas Valanciunas,
base,188,Orange Wave Prizms,false,,Jonas Valanciunas,
base,188,Pink Ice Prizms,false,,Jonas Valanciunas,
base,188,Pink Pulsar Prizms,false,,Jonas Valanciunas,
base,188,Purple Ice Prizms,false,,Jonas Valanciunas,
base,188,Purple Prizms,false,,Jonas Valanciunas,
base,188,Purple Pulsar Prizms,false,,Jonas Valanciunas,
base,188,Purple Wave Prizms,false,,Jonas Valanciunas,
base,188,Red Ice Prizms,false,,Jonas Valanciunas,
base,188,Red Prizms,false,,Jonas Valanciunas,
base,188,"Red, White and Blue Prizms",false,,Jonas Valanciunas,
base,188,Ruby Wave Prizms,false,,Jonas Valanciunas,
base,188,Silver Prizms,false,,Jonas Valanciunas,
base,188,White Sparkle Prizm,false,,Jonas Valanciunas,
base,188,Fast Break Pink Prizms,false,,Jonas Valanciunas,
base,188,Black Prizms,false,,Jonas Valanciunas,
base,188,Black Shimmer Prizms,false,,Jonas Valanciunas,
base,188,Blue Ice Prizms,false,,Jonas Valanciunas,
base,188,Black Gold Prizms,false,,Jonas Valanciunas,
base,21,Blue Prizms,false,,Tyus Jones,
base,21,Blue Shimmer Prizms,false,,Tyus Jones,
base,21,Blue Wave Prizms,false,,Tyus Jones,
base,21,Choice Blue Prizms,false,,Tyus Jones,
base,21,"Choice Blue, Yellow and Green Prizms",false,,Tyus Jones,
base,21,Choice Green Prizms,false,,Tyus Jones,
base,21,Choice Nebula Prizms,false,,Tyus Jones,
base,21,Choice Red Prizms,false,,Tyus Jones,
base,21,Choice Tiger Stripe Prizms,false,,Tyus Jones,
base,21,Fast Break Blue Prizms,false,,Tyus Jones,
base,21,Fast Break Bronze Prizms,false,,Tyus Jones,
base,21,Fast Break Neon Green Prizms,false,,Tyus Jones,
base,21,Fast Break Prizms,false,,Tyus Jones,
base,21,Fast Break Purple Prizms,false,,Tyus Jones,
base,21,Fast Break Red Prizms,false,,Tyus Jones,
base,21,Gold Prizms,false,,Tyus Jones,
base,21,Gold Shimmer Prizms,false,,Tyus Jones,
base,21,Gold Wave Prizms,false,,Tyus Jones,
base,21,Green Ice Prizms,false,,Tyus Jones,
base,21,Green Prizms,false,,Tyus Jones,
base,21,Green Pulsar Prizms,false,,Tyus Jones,
base,21,Green Shimmer Prizms,false,,Tyus Jones,
base,21,Hyper Prizms,false,,Tyus Jones,
base,21,Lucky Envelopes Prizms,false,,Tyus Jones,
base,21,Mojo Prizms,false,,Tyus Jones,
base,21,Orange Ice Prizms,false,,Tyus Jones,
base,21,Orange Prizms,false,,Tyus Jones,
base,21,Orange Wave Prizms,false,,Tyus Jones,
base,21,Pink Ice Prizms,false,,Tyus Jones,
base,21,Pink Pulsar Prizms,false,,Tyus Jones,
base,21,Purple Ice Prizms,false,,Tyus Jones,
base,21,Purple Prizms,false,,Tyus Jones,
base,21,Purple Pulsar Prizms,false,,Tyus Jones,
base,21,Purple Wave Prizms,false,,Tyus Jones,
base,21,Red Ice Prizms,false,,Tyus Jones,
base,21,Red Prizms,false,,Tyus Jones,
base,21,"Red, White and Blue Prizms",false,,Tyus Jones,
base,21,Ruby Wave Prizms,false,,Tyus Jones,
base,21,Silver Prizms,false,,Tyus Jones,
base,21,White Sparkle Prizm,false,,Tyus Jones,
base,21,Fast Break Pink Prizms,false,,Tyus Jones,
base,21,Black Prizms,false,,Tyus Jones,
base,21,Black Shimmer Prizms,false,,Tyus Jones,
base,21,Blue Ice Prizms,false,,Tyus Jones,
base,21,Black Gold Prizms,false,,Tyus Jones,
insert-dominance,4,Prizms Green,false,,Ja Morant,
insert-dominance,4,Prizms Silver,false,,Ja Morant,
auto-sensational-signatures,SS-XTM,Prizms Silver,true,,Xavier Tillman,
auto-sensational-signatures,SS-XTM,Prizms Choice,true,,Xavier Tillman,
auto-sensational-signatures,SS-XTM,Prizms Mojo,true,25,Xavier Tillman,
auto-sensational-signatures,SS-XTM,Prizms Gold,true,10,Xavier Tillman,
auto-sensational-signatures,SS-XTM,Prizms Choice Green,true,8,Xavier Tillman,
auto-sensational-signatures,SS-XTM,Prizms Black,true,1,Xavier Tillman,
base,106,Blue Prizms,false,,Josh Jackson,
base,106,Blue Shimmer Prizms,false,,Josh Jackson,
base,106,Blue Wave Prizms,false,,Josh Jackson,
base,106,Choice Blue Prizms,false,,Josh Jackson,
base,106,"Choice Blue, Yellow and Green Prizms",false,,Josh Jackson,
base,106,Choice Green Prizms,false,,Josh Jackson,
base,106,Choice Nebula Prizms,false,,Josh Jackson,
base,106,Choice Red Prizms,false,,Josh Jackson,
base,106,Choice Tiger Stripe Prizms,false,,Josh Jackson,
base,106,Fast Break Blue Prizms,false,,Josh Jackson,
base,106,Fast Break Bronze Prizms,false,,Josh Jackson,
base,106,Fast Break Neon Green Prizms,false,,Josh Jackson,
base,106,Fast Break Prizms,false,,Josh Jackson,
base,106,Fast Break Purple Prizms,false,,Josh Jackson,
base,106,Fast Break Red Prizms,false,,Josh Jackson,
base,106,Gold Prizms,false,,Josh Jackson,
base,106,Gold Shimmer Prizms,false,,Josh Jackson,
base,106,Gold Wave Prizms,false,,Josh Jackson,
base,106,Green Ice Prizms,false,,Josh Jackson,
base,106,Green Prizms,false,,Josh Jackson,
base,106,Green Pulsar Prizms,false,,Josh Jackson,
base,106,Green Shimmer Prizms,false,,Josh Jackson,
base,106,Hyper Prizms,false,,Josh Jackson,
base,106,Lucky Envelopes Prizms,false,,Josh Jackson,
base,106,Mojo Prizms,false,,Josh Jackson,
base,106,Orange Ice Prizms,false,,Josh Jackson,
base,106,Orange Prizms,false,,Josh Jackson,
base,106,Orange Wave Prizms,false,,Josh Jackson,
base,106,Pink Ice Prizms,false,,Josh Jackson,
base,106,Pink Pulsar Prizms,false,,Josh Jackson,
base,106,Purple Ice Prizms,false,,Josh Jackson,
base,106,Purple Prizms,false,,Josh Jackson,
base,106,Purple Pulsar Prizms,false,,Josh Jackson,
base,106,Purple Wave Prizms,false,,Josh Jackson,
base,106,Red Ice Prizms,false,,Josh Jackson,
base,106,Red Prizms,false,,Josh Jackson,
base,106,"Red, White and Blue Prizms",false,,Josh Jackson,
base,106,Ruby Wave Prizms,false,,Josh Jackson,
base,106,Silver Prizms,false,,Josh Jackson,
base,106,White Sparkle Prizm,false,,Josh Jackson,
base,106,Fast Break Pink Prizms,false,,Josh Jackson,
base,106,Black Prizms,false,,Josh Jackson,
base,106,Black Shimmer Prizms,false,,Josh Jackson,
base,106,Blue Ice Prizms,false,,Josh Jackson,
base,106,Black Gold Prizms,false,,Josh Jackson,
insert-prizm,7,Flashback Fast Break,false,,Ja Morant,
insert-prizm,7,Flashback,false,,Ja Morant,
insert-prizm,7,Flashback Prizms Hyper,false,,Ja Morant,
insert-prizm,7,Flashback Prizms Silver,false,,Ja Morant,
insert-prizm,7,Flashback Prizms Mojo,false,25,Ja Morant,
insert-prizm,7,Flashback Prizms Gold,false,10,Ja Morant,
insert-prizm,7,Flashback Prizms Black,false,1,Ja Morant,
auto-fast-break-autographs,FBA-TYJ,Gold,true,10,Tyus Jones,
auto-fast-break-autographs,FBA-TYJ,Black,true,1,Tyus Jones,
base,299,Blue Prizms,false,,Xavier Tillman,
base,299,Blue Shimmer Prizms,false,,Xavier Tillman,
base,299,Blue Wave Prizms,false,,Xavier Tillman,
base,299,Choice Blue Prizms,false,,Xavier Tillman,
base,299,"Choice Blue, Yellow and Green Prizms",false,,Xavier Tillman,
base,299,Choice Green Prizms,false,,Xavier Tillman,
base,299,Choice Nebula Prizms,false,,Xavier Tillman,
base,299,Choice Red Prizms,false,,Xavier Tillman,
base,299,Choice Tiger Stripe Prizms,false,,Xavier Tillman,
base,299,Fast Break Blue Prizms,false,,Xavier Tillman,
base,299,Fast Break Bronze Prizms,false,,Xavier Tillman,
base,299,Fast Break Neon Green Prizms,false,,Xavier Tillman,
base,299,Fast Break Prizms,false,,Xavier Tillman,
base,299,Fast Break Purple Prizms,false,,Xavier Tillman,
base,299,Fast Break Red Prizms,false,,Xavier Tillman,
base,299,Gold Prizms,false,,Xavier Tillman,
base,299,Gold Shimmer Prizms,false,,Xavier Tillman,
base,299,Gold Wave Prizms,false,,Xavier Tillman,
base,299,Green Ice Prizms,false,,Xavier Tillman,
base,299,Green Prizms,false,,Xavier Tillman,
base,299,Green Pulsar Prizms,false,,Xavier Tillman,
base,299,Green Shimmer Prizms,false,,Xavier Tillman,
base,299,Hyper Prizms,false,,Xavier Tillman,
base,299,Lucky Envelopes Prizms,false,,Xavier Tillman,
base,299,Mojo Prizms,false,,Xavier Tillman,
base,299,Orange Ice Prizms,false,,Xavier Tillman,
base,299,Orange Prizms,false,,Xavier Tillman,
base,299,Orange Wave Prizms,false,,Xavier Tillman,
base,299,Pink Ice Prizms,false,,Xavier Tillman,
base,299,Pink Pulsar Prizms,false,,Xavier Tillman,
base,299,Purple Ice Prizms,false,,Xavier Tillman,
base,299,Purple Prizms,false,,Xavier Tillman,
base,299,Purple Pulsar Prizms,false,,Xavier Tillman,
base,299,Purple Wave Prizms,false,,Xavier Tillman,
base,299,Red Ice Prizms,false,,Xavier Tillman,
base,299,Red Prizms,false,,Xavier Tillman,
base,299,"Red, White and Blue Prizms",false,,Xavier Tillman,
base,299,Ruby Wave Prizms,false,,Xavier Tillman,
base,299,Silver Prizms,false,,Xavier Tillman,
base,299,White Sparkle Prizm,false,,Xavier Tillman,
base,299,Fast Break Pink Prizms,false,,Xavier Tillman,
base,299,Black Prizms,false,,Xavier Tillman,
base,299,Black Shimmer Prizms,false,,Xavier Tillman,
base,299,Blue Ice Prizms,false,,Xavier Tillman,
base,299,Black Gold Prizms,false,,Xavier Tillman,
insert-emergent,30,Prizms Green,false,,Desmond Bane,
insert-emergent,30,Prizms Silver,false,,Desmond Bane,
insert-downtown-bound,21,Fast Break,false,,Ja Morant,
insert-downtown-bound,21,Prizms Hyper,false,,Ja Morant,
insert-downtown-bound,21,Prizms Silver,false,,Ja Morant,
insert-downtown-bound,21,Prizms Mojo,false,25,Ja Morant,
insert-downtown-bound,21,Prizms Gold,false,10,Ja Morant,
insert-downtown-bound,21,Prizms Black,false,1,Ja Morant,
base,26,Blue Prizms,false,,De'Anthony Melton,
base,26,Blue Shimmer Prizms,false,,De'Anthony Melton,
base,26,Blue Wave Prizms,false,,De'Anthony Melton,
base,26,Choice Blue Prizms,false,,De'Anthony Melton,
base,26,"Choice Blue, Yellow and Green Prizms",false,,De'Anthony Melton,
base,26,Choice Green Prizms,false,,De'Anthony Melton,
base,26,Choice Nebula Prizms,false,,De'Anthony Melton,
base,26,Choice Red Prizms,false,,De'Anthony Melton,
base,26,Choice Tiger Stripe Prizms,false,,De'Anthony Melton,
base,26,Fast Break Blue Prizms,false,,De'Anthony Melton,
base,26,Fast Break Bronze Prizms,false,,De'Anthony Melton,
base,26,Fast Break Neon Green Prizms,false,,De'Anthony Melton,
base,26,Fast Break Prizms,false,,De'Anthony Melton,
base,26,Fast Break Purple Prizms,false,,De'Anthony Melton,
base,26,Fast Break Red Prizms,false,,De'Anthony Melton,
base,26,Gold Prizms,false,,De'Anthony Melton,
base,26,Gold Shimmer Prizms,false,,De'Anthony Melton,
base,26,Gold Wave Prizms,false,,De'Anthony Melton,
base,26,Green Ice Prizms,false,,De'Anthony Melton,
base,26,Green Prizms,false,,De'Anthony Melton,
base,26,Green Pulsar Prizms,false,,De'Anthony Melton,
base,26,Green Shimmer Prizms,false,,De'Anthony Melton,
base,26,Hyper Prizms,false,,De'Anthony Melton,
base,26,Lucky Envelopes Prizms,false,,De'Anthony Melton,
base,26,Mojo Prizms,false,,De'Anthony Melton,
base,26,Orange Ice Prizms,false,,De'Anthony Melton,
base,26,Orange Prizms,false,,De'Anthony Melton,
base,26,Orange Wave Prizms,false,,De'Anthony Melton,
base,26,Pink Ice Prizms,false,,De'Anthony Melton,
base,26,Pink Pulsar Prizms,false,,De'Anthony Melton,
base,26,Purple Ice Prizms,false,,De'Anthony Melton,
base,26,Purple Prizms,false,,De'Anthony Melton,
base,26,Purple Pulsar Prizms,false,,De'Anthony Melton,
base,26,Purple Wave Prizms,false,,De'Anthony Melton,
base,26,Red Ice Prizms,false,,De'Anthony Melton,
base,26,Red Prizms,false,,De'Anthony Melton,
base,26,"Red, White and Blue Prizms",false,,De'Anthony Melton,
base,26,Ruby Wave Prizms,false,,De'Anthony Melton,
base,26,Silver Prizms,false,,De'Anthony Melton,
base,26,White Sparkle Prizm,false,,De'Anthony Melton,
base,26,Fast Break Pink Prizms,false,,De'Anthony Melton,
base,26,Black Prizms,false,,De'Anthony Melton,
base,26,Black Shimmer Prizms,false,,De'Anthony Melton,
base,26,Blue Ice Prizms,false,,De'Anthony Melton,
base,26,Black Gold Prizms,false,,De'Anthony Melton,
insert-widescreen,6,Prizms Silver,false,,Ja Morant,
insert-widescreen,6,Fast Break,false,,Ja Morant,
insert-widescreen,6,Prizms Hyper,false,,Ja Morant,
insert-widescreen,6,Prizms Mojo,false,25,Ja Morant,
insert-widescreen,6,Prizms Gold,false,10,Ja Morant,
insert-widescreen,6,Prizms Black,false,1,Ja Morant,
base,115,Blue Prizms,false,,Ja Morant,
base,115,Blue Shimmer Prizms,false,,Ja Morant,
base,115,Blue Wave Prizms,false,,Ja Morant,
base,115,Choice Blue Prizms,false,,Ja Morant,
base,115,"Choice Blue, Yellow and Green Prizms",false,,Ja Morant,
base,115,Choice Green Prizms,false,,Ja Morant,
base,115,Choice Nebula Prizms,false,,Ja Morant,
base,115,Choice Red Prizms,false,,Ja Morant,
base,115,Choice Tiger Stripe Prizms,false,,Ja Morant,
base,115,Fast Break Blue Prizms,false,,Ja Morant,
base,115,Fast Break Bronze Prizms,false,,Ja Morant,
base,115,Fast Break Neon Green Prizms,false,,Ja Morant,
base,115,Fast Break Prizms,false,,Ja Morant,
base,115,Fast Break Purple Prizms,false,,Ja Morant,
base,115,Fast Break Red Prizms,false,,Ja Morant,
base,115,Gold Prizms,false,,Ja Morant,
base,115,Gold Shimmer Prizms,false,,Ja Morant,
base,115,Gold Wave Prizms,false,,Ja Morant,
base,115,Green Ice Prizms,false,,Ja Morant,
base,115,Green Prizms,false,,Ja Morant,
base,115,Green Pulsar Prizms,false,,Ja Morant,
base,115,Green Shimmer Prizms,false,,Ja Morant,
base,115,Hyper Prizms,false,,Ja Morant,
base,115,Lucky Envelopes Prizms,false,,Ja Morant,
base,115,Mojo Prizms,false,,Ja Morant,
base,115,Orange Ice Prizms,false,,Ja Morant,
base,115,Orange Prizms,false,,Ja Morant,
base,115,Orange Wave Prizms,false,,Ja Morant,
base,115,Pink Ice Prizms,false,,Ja Morant,
base,115,Pink Pulsar Prizms,false,,Ja Morant,
base,115,Purple Ice Prizms,false,,Ja Morant,
base,115,Purple Prizms,false,,Ja Morant,
base,115,Purple Pulsar Prizms,false,,Ja Morant,
base,115,Purple Wave Prizms,false,,Ja Morant,
base,115,Red Ice Prizms,false,,Ja Morant,
base,115,Red Prizms,false,,Ja Morant,
base,115,"Red, White and Blue Prizms",false,,Ja Morant,
base,115,Ruby Wave Prizms,false,,Ja Morant,
base,115,Silver Prizms,false,,Ja Morant,
base,115,White Sparkle Prizm,false,,Ja Morant,
base,115,Fast Break Pink Prizms,false,,Ja Morant,
base,115,Black Prizms,false,,Ja Morant,
base,115,Black Shimmer Prizms,false,,Ja Morant,
base,115,Blue Ice Prizms,false,,Ja Morant,
base,115,Black Gold Prizms,false,,Ja Morant,
base,297,Blue Prizms,false,,Desmond Bane,
base,297,Blue Shimmer Prizms,false,,Desmond Bane,
base,297,Blue Wave Prizms,false,,Desmond Bane,
base,297,Choice Blue Prizms,false,,Desmond Bane,
base,297,"Choice Blue, Yellow and Green Prizms",false,,Desmond Bane,
base,297,Choice Green Prizms,false,,Desmond Bane,
base,297,Choice Nebula Prizms,false,,Desmond Bane,
base,297,Choice Red Prizms,false,,Desmond Bane,
base,297,Choice Tiger Stripe Prizms,false,,Desmond Bane,
base,297,Fast Break Blue Prizms,false,,Desmond Bane,
base,297,Fast Break Bronze Prizms,false,,Desmond Bane,
base,297,Fast Break Neon Green Prizms,false,,Desmond Bane,
base,297,Fast Break Prizms,false,,Desmond Bane,
base,297,Fast Break Purple Prizms,false,,Desmond Bane,
base,297,Fast Break Red Prizms,false,,Desmond Bane,
base,297,Gold Prizms,false,,Desmond Bane,
base,297,Gold Shimmer Prizms,false,,Desmond Bane,
base,297,Gold Wave Prizms,false,,Desmond Bane,
base,297,Green Ice Prizms,false,,Desmond Bane,
base,297,Green Prizms,false,,Desmond Bane,
base,297,Green Pulsar Prizms,false,,Desmond Bane,
base,297,Green Shimmer Prizms,false,,Desmond Bane,
base,297,Hyper Prizms,false,,Desmond Bane,
base,297,Lucky Envelopes Prizms,false,,Desmond Bane,
base,297,Mojo Prizms,false,,Desmond Bane,
base,297,Orange Ice Prizms,false,,Desmond Bane,
base,297,Orange Prizms,false,,Desmond Bane,
base,297,Orange Wave Prizms,false,,Desmond Bane,
base,297,Pink Ice Prizms,false,,Desmond Bane,
base,297,Pink Pulsar Prizms,false,,Desmond Bane,
base,297,Purple Ice Prizms,false,,Desmond Bane,
base,297,Purple Prizms,false,,Desmond Bane,
base,297,Purple Pulsar Prizms,false,,Desmond Bane,
base,297,Purple Wave Prizms,false,,Desmond Bane,
base,297,Red Ice Prizms,false,,Desmond Bane,
base,297,Red Prizms,false,,Desmond Bane,
base,297,"Red, White and Blue Prizms",false,,Desmond Bane,
base,297,Ruby Wave Prizms,false,,Desmond Bane,
base,297,Silver Prizms,false,,Desmond Bane,
base,297,White Sparkle Prizm,false,,Desmond Bane,
base,297,Fast Break Pink Prizms,false,,Desmond Bane,
base,297,Black Prizms,false,,Desmond Bane,
base,297,Black Shimmer Prizms,false,,Desmond Bane,
base,297,Blue Ice Prizms,false,,Desmond Bane,
base,297,Black Gold Prizms,false,,Desmond Bane,
insert-penmanship,PE-JVL,Prizms Orange Ice,false,,Jonas Valanciunas,
insert-penmanship,PE-JVL,Prizms Silver,false,,Jonas Valanciunas,
insert-penmanship,PE-JVL,Prizms Green Ice,false,16,Jonas Valanciunas,
insert-fireworks,16,Prizms Silver,false,,Jimmy Butler,
insert-fireworks,16,Fast Break,false,,Jimmy Butler,
insert-fireworks,16,Prizms Hyper,false,,Jimmy Butler,
insert-fireworks,16,Prizms Mojo,false,25,Jimmy Butler,
insert-fireworks,16,Prizms Gold,false,10,Jimmy Butler,
insert-fireworks,16,Prizms Black,false,1,Jimmy Butler,
insert-sophomore-stars,2,Prizms Silver,false,,Tyler Herro,
insert-sophomore-stars,2,Prizms Green,false,,Tyler Herro,
auto-signatures,SI-THE,Prizms Choice,true,,Tyler Herro,
auto-signatures,SI-THE,Prizms Silver,true,,Tyler Herro,
auto-signatures,SI-THE,Prizms Mojo,true,25,Tyler Herro,
auto-signatures,SI-THE,Prizms Gold,true,10,Tyler Herro,
auto-signatures,SI-THE,Prizms Choice Green,true,8,Tyler Herro,
auto-signatures,SI-THE,Prizms Black,true,1,Tyler Herro,
auto-sensational-signatures,SS-HMI,Prizms Silver,true,,Harold Miner,
auto-sensational-signatures,SS-HMI,Prizms Choice,true,,Harold Miner,
auto-sensational-signatures,SS-HMI,Prizms Mojo,true,25,Harold Miner,
auto-sensational-signatures,SS-HMI,Prizms Gold,true,10,Harold Miner,
auto-sensational-signatures,SS-HMI,Prizms Choice Green,true,8,Harold Miner,
auto-sensational-signatures,SS-HMI,Prizms Black,true,1,Harold Miner,
base,294,Blue Prizms,false,,Precious Achiuwa,
base,294,Blue Shimmer Prizms,false,,Precious Achiuwa,
base,294,Blue Wave Prizms,false,,Precious Achiuwa,
base,294,Choice Blue Prizms,false,,Precious Achiuwa,
base,294,"Choice Blue, Yellow and Green Prizms",false,,Precious Achiuwa,
base,294,Choice Green Prizms,false,,Precious Achiuwa,
base,294,Choice Nebula Prizms,false,,Precious Achiuwa,
base,294,Choice Red Prizms,false,,Precious Achiuwa,
base,294,Choice Tiger Stripe Prizms,false,,Precious Achiuwa,
base,294,Fast Break Blue Prizms,false,,Precious Achiuwa,
base,294,Fast Break Bronze Prizms,false,,Precious Achiuwa,
base,294,Fast Break Neon Green Prizms,false,,Precious Achiuwa,
base,294,Fast Break Prizms,false,,Precious Achiuwa,
base,294,Fast Break Purple Prizms,false,,Precious Achiuwa,
base,294,Fast Break Red Prizms,false,,Precious Achiuwa,
base,294,Gold Prizms,false,,Precious Achiuwa,
base,294,Gold Shimmer Prizms,false,,Precious Achiuwa,
base,294,Gold Wave Prizms,false,,Precious Achiuwa,
base,294,Green Ice Prizms,false,,Precious Achiuwa,
base,294,Green Prizms,false,,Precious Achiuwa,
base,294,Green Pulsar Prizms,false,,Precious Achiuwa,
base,294,Green Shimmer Prizms,false,,Precious Achiuwa,
base,294,Hyper Prizms,false,,Precious Achiuwa,
base,294,Lucky Envelopes Prizms,false,,Precious Achiuwa,
base,294,Mojo Prizms,false,,Precious Achiuwa,
base,294,Orange Ice Prizms,false,,Precious Achiuwa,
base,294,Orange Prizms,false,,Precious Achiuwa,
base,294,Orange Wave Prizms,false,,Precious Achiuwa,
base,294,Pink Ice Prizms,false,,Precious Achiuwa,
base,294,Pink Pulsar Prizms,false,,Precious Achiuwa,
base,294,Purple Ice Prizms,false,,Precious Achiuwa,
base,294,Purple Prizms,false,,Precious Achiuwa,
base,294,Purple Pulsar Prizms,false,,Precious Achiuwa,
base,294,Purple Wave Prizms,false,,Precious Achiuwa,
base,294,Red Ice Prizms,false,,Precious Achiuwa,
base,294,Red Prizms,false,,Precious Achiuwa,
base,294,"Red, White and Blue Prizms",false,,Precious Achiuwa,
base,294,Ruby Wave Prizms,false,,Precious Achiuwa,
base,294,Silver Prizms,false,,Precious Achiuwa,
base,294,White Sparkle Prizm,false,,Precious Achiuwa,
base,294,Fast Break Pink Prizms,false,,Precious Achiuwa,
base,294,Black Prizms,false,,Precious Achiuwa,
base,294,Black Shimmer Prizms,false,,Precious Achiuwa,
base,294,Blue Ice Prizms,false,,Precious Achiuwa,
base,294,Black Gold Prizms,false,,Precious Achiuwa,
insert-instant-impact,6,Prizms Green,false,,Precious Achiuwa,
insert-instant-impact,6,Prizms Silver,false,,Precious Achiuwa,
insert-sensational-swatches,SSW-CBS,Prizms Orange Ice,false,,Chris Bosh,
insert-sensational-swatches,SSW-CBS,Prizms Green Ice,false,56,Chris Bosh,
insert-sensational-swatches,SSW-CBS,Prime,false,10,Chris Bosh,
insert-sensational-swatches,SSW-JOL,Prizms Orange Ice,false,,Jermaine O'Neal,
insert-sensational-swatches,SSW-JOL,Prizms Green Ice,false,56,Jermaine O'Neal,
insert-sensational-swatches,SSW-JOL,Prime,false,10,Jermaine O'Neal,
base,218,Blue Prizms,false,,Tyler Herro,
base,218,Blue Shimmer Prizms,false,,Tyler Herro,
base,218,Blue Wave Prizms,false,,Tyler Herro,
base,218,Choice Blue Prizms,false,,Tyler Herro,
base,218,"Choice Blue, Yellow and Green Prizms",false,,Tyler Herro,
base,218,Choice Green Prizms,false,,Tyler Herro,
base,218,Choice Nebula Prizms,false,,Tyler Herro,
base,218,Choice Red Prizms,false,,Tyler Herro,
base,218,Choice Tiger Stripe Prizms,false,,Tyler Herro,
base,218,Fast Break Blue Prizms,false,,Tyler Herro,
base,218,Fast Break Bronze Prizms,false,,Tyler Herro,
base,218,Fast Break Neon Green Prizms,false,,Tyler Herro,
base,218,Fast Break Prizms,false,,Tyler Herro,
base,218,Fast Break Purple Prizms,false,,Tyler Herro,
base,218,Fast Break Red Prizms,false,,Tyler Herro,
base,218,Gold Prizms,false,,Tyler Herro,
base,218,Gold Shimmer Prizms,false,,Tyler Herro,
base,218,Gold Wave Prizms,false,,Tyler Herro,
base,218,Green Ice Prizms,false,,Tyler Herro,
base,218,Green Prizms,false,,Tyler Herro,
base,218,Green Pulsar Prizms,false,,Tyler Herro,
base,218,Green Shimmer Prizms,false,,Tyler Herro,
base,218,Hyper Prizms,false,,Tyler Herro,
base,218,Lucky Envelopes Prizms,false,,Tyler Herro,
base,218,Mojo Prizms,false,,Tyler Herro,
base,218,Orange Ice Prizms,false,,Tyler Herro,
base,218,Orange Prizms,false,,Tyler Herro,
base,218,Orange Wave Prizms,false,,Tyler Herro,
base,218,Pink Ice Prizms,false,,Tyler Herro,
base,218,Pink Pulsar Prizms,false,,Tyler Herro,
base,218,Purple Ice Prizms,false,,Tyler Herro,
base,218,Purple Prizms,false,,Tyler Herro,
base,218,Purple Pulsar Prizms,false,,Tyler Herro,
base,218,Purple Wave Prizms,false,,Tyler Herro,
base,218,Red Ice Prizms,false,,Tyler Herro,
base,218,Red Prizms,false,,Tyler Herro,
base,218,"Red, White and Blue Prizms",false,,Tyler Herro,
base,218,Ruby Wave Prizms,false,,Tyler Herro,
base,218,Silver Prizms,false,,Tyler Herro,
base,218,White Sparkle Prizm,false,,Tyler Herro,
base,218,Fast Break Pink Prizms,false,,Tyler Herro,
base,218,Black Prizms,false,,Tyler Herro,
base,218,Black Shimmer Prizms,false,,Tyler Herro,
base,218,Blue Ice Prizms,false,,Tyler Herro,
base,218,Black Gold Prizms,false,,Tyler Herro,
insert-penmanship,PE-MEY,Prizms Orange Ice,false,,Meyers Leonard,
insert-penmanship,PE-MEY,Prizms Silver,false,,Meyers Leonard,
insert-penmanship,PE-MEY,Prizms Green Ice,false,16,Meyers Leonard,
auto-fast-break-autographs,FBA-MML,Gold,true,10,Mike Miller,
auto-fast-break-autographs,FBA-MML,Black,true,1,Mike Miller,
auto-sensational-signatures,SS-DWD,Prizms Silver,true,,Dwyane Wade,
auto-sensational-signatures,SS-DWD,Prizms Choice,true,,Dwyane Wade,
auto-sensational-signatures,SS-DWD,Prizms Mojo,true,25,Dwyane Wade,
auto-sensational-signatures,SS-DWD,Prizms Gold,true,10,Dwyane Wade,
auto-sensational-signatures,SS-DWD,Prizms Choice Green,true,8,Dwyane Wade,
auto-sensational-signatures,SS-DWD,Prizms Black,true,1,Dwyane Wade,
base,195,Blue Prizms,false,,Dwyane Wade,
base,195,Blue Shimmer Prizms,false,,Dwyane Wade,
base,195,Blue Wave Prizms,false,,Dwyane Wade,
base,195,Choice Blue Prizms,false,,Dwyane Wade,
base,195,"Choice Blue, Yellow and Green Prizms",false,,Dwyane Wade,
base,195,Choice Green Prizms,false,,Dwyane Wade,
base,195,Choice Nebula Prizms,false,,Dwyane Wade,
base,195,Choice Red Prizms,false,,Dwyane Wade,
base,195,Choice Tiger Stripe Prizms,false,,Dwyane Wade,
base,195,Fast Break Blue Prizms,false,,Dwyane Wade,
base,195,Fast Break Bronze Prizms,false,,Dwyane Wade,
base,195,Fast Break Neon Green Prizms,false,,Dwyane Wade,
base,195,Fast Break Prizms,false,,Dwyane Wade,
base,195,Fast Break Purple Prizms,false,,Dwyane Wade,
base,195,Fast Break Red Prizms,false,,Dwyane Wade,
base,195,Gold Prizms,false,,Dwyane Wade,
base,195,Gold Shimmer Prizms,false,,Dwyane Wade,
base,195,Gold Wave Prizms,false,,Dwyane Wade,
base,195,Green Ice Prizms,false,,Dwyane Wade,
base,195,Green Prizms,false,,Dwyane Wade,
base,195,Green Pulsar Prizms,false,,Dwyane Wade,
base,195,Green Shimmer Prizms,false,,Dwyane Wade,
base,195,Hyper Prizms,false,,Dwyane Wade,
base,195,Lucky Envelopes Prizms,false,,Dwyane Wade,
base,195,Mojo Prizms,false,,Dwyane Wade,
base,195,Orange Ice Prizms,false,,Dwyane Wade,
base,195,Orange Prizms,false,,Dwyane Wade,
base,195,Orange Wave Prizms,false,,Dwyane Wade,
base,195,Pink Ice Prizms,false,,Dwyane Wade,
base,195,Pink Pulsar Prizms,false,,Dwyane Wade,
base,195,Purple Ice Prizms,false,,Dwyane Wade,
base,195,Purple Prizms,false,,Dwyane Wade,
base,195,Purple Pulsar Prizms,false,,Dwyane Wade,
base,195,Purple Wave Prizms,false,,Dwyane Wade,
base,195,Red Ice Prizms,false,,Dwyane Wade,
base,195,Red Prizms,false,,Dwyane Wade,
base,195,"Red, White and Blue Prizms",false,,Dwyane Wade,
base,195,Ruby Wave Prizms,false,,Dwyane Wade,
base,195,Silver Prizms,false,,Dwyane Wade,
base,195,White Sparkle Prizm,false,,Dwyane Wade,
base,195,Fast Break Pink Prizms,false,,Dwyane Wade,
base,195,Black Prizms,false,,Dwyane Wade,
base,195,Black Shimmer Prizms,false,,Dwyane Wade,
base,195,Blue Ice Prizms,false,,Dwyane Wade,
base,195,Black Gold Prizms,false,,Dwyane Wade,
insert-sophomore-stars,9,Prizms Silver,false,,Kendrick Nunn,
insert-sophomore-stars,9,Prizms Green,false,,Kendrick Nunn,
base,55,Blue Prizms,false,,Derrick Jones Jr.,
base,55,Blue Shimmer Prizms,false,,Derrick Jones Jr.,
base,55,Blue Wave Prizms,false,,Derrick Jones Jr.,
base,55,Choice Blue Prizms,false,,Derrick Jones Jr.,
base,55,"Choice Blue, Yellow and Green Prizms",false,,Derrick Jones Jr.,
base,55,Choice Green Prizms,false,,Derrick Jones Jr.,
base,55,Choice Nebula Prizms,false,,Derrick Jones Jr.,
base,55,Choice Red Prizms,false,,Derrick Jones Jr.,
base,55,Choice Tiger Stripe Prizms,false,,Derrick Jones Jr.,
base,55,Fast Break Blue Prizms,false,,Derrick Jones Jr.,
base,55,Fast Break Bronze Prizms,false,,Derrick Jones Jr.,
base,55,Fast Break Neon Green Prizms,false,,Derrick Jones Jr.,
base,55,Fast Break Prizms,false,,Derrick Jones Jr.,
base,55,Fast Break Purple Prizms,false,,Derrick Jones Jr.,
base,55,Fast Break Red Prizms,false,,Derrick Jones Jr.,
base,55,Gold Prizms,false,,Derrick Jones Jr.,
base,55,Gold Shimmer Prizms,false,,Derrick Jones Jr.,
base,55,Gold Wave Prizms,false,,Derrick Jones Jr.,
base,55,Green Ice Prizms,false,,Derrick Jones Jr.,
base,55,Green Prizms,false,,Derrick Jones Jr.,
base,55,Green Pulsar Prizms,false,,Derrick Jones Jr.,
base,55,Green Shimmer Prizms,false,,Derrick Jones Jr.,
base,55,Hyper Prizms,false,,Derrick Jones Jr.,
base,55,Lucky Envelopes Prizms,false,,Derrick Jones Jr.,
base,55,Mojo Prizms,false,,Derrick Jones Jr.,
base,55,Orange Ice Prizms,false,,Derrick Jones Jr.,
base,55,Orange Prizms,false,,Derrick Jones Jr.,
base,55,Orange Wave Prizms,false,,Derrick Jones Jr.,
base,55,Pink Ice Prizms,false,,Derrick Jones Jr.,
base,55,Pink Pulsar Prizms,false,,Derrick Jones Jr.,
base,55,Purple Ice Prizms,false,,Derrick Jones Jr.,
base,55,Purple Prizms,false,,Derrick Jones Jr.,
base,55,Purple Pulsar Prizms,false,,Derrick Jones Jr.,
base,55,Purple Wave Prizms,false,,Derrick Jones Jr.,
base,55,Red Ice Prizms,false,,Derrick Jones Jr.,
base,55,Red Prizms,false,,Derrick Jones Jr.,
base,55,"Red, White and Blue Prizms",false,,Derrick Jones Jr.,
base,55,Ruby Wave Prizms,false,,Derrick Jones Jr.,
base,55,Silver Prizms,false,,Derrick Jones Jr.,
base,55,White Sparkle Prizm,false,,Derrick Jones Jr.,
base,55,Fast Break Pink Prizms,false,,Derrick Jones Jr.,
base,55,Black Prizms,false,,Derrick Jones Jr.,
base,55,Black Shimmer Prizms,false,,Derrick Jones Jr.,
base,55,Blue Ice Prizms,false,,Derrick Jones Jr.,
base,55,Black Gold Prizms,false,,Derrick Jones Jr.,
insert-fearless,16,Fast Break,false,,Dwyane Wade,
insert-fearless,16,Prizms Hyper,false,,Dwyane Wade,
insert-fearless,16,Prizms Silver,false,,Dwyane Wade,
insert-fearless,16,Prizms Mojo,false,25,Dwyane Wade,
insert-fearless,16,Prizms Gold,false,10,Dwyane Wade,
insert-fearless,16,Prizms Black,false,1,Dwyane Wade,
base,179,Blue Prizms,false,,Goran Dragic,
base,179,Blue Shimmer Prizms,false,,Goran Dragic,
base,179,Blue Wave Prizms,false,,Goran Dragic,
base,179,Choice Blue Prizms,false,,Goran Dragic,
base,179,"Choice Blue, Yellow and Green Prizms",false,,Goran Dragic,
base,179,Choice Green Prizms,false,,Goran Dragic,
base,179,Choice Nebula Prizms,false,,Goran Dragic,
base,179,Choice Red Prizms,false,,Goran Dragic,
base,179,Choice Tiger Stripe Prizms,false,,Goran Dragic,
base,179,Fast Break Blue Prizms,false,,Goran Dragic,
base,179,Fast Break Bronze Prizms,false,,Goran Dragic,
base,179,Fast Break Neon Green Prizms,false,,Goran Dragic,
base,179,Fast Break Prizms,false,,Goran Dragic,
base,179,Fast Break Purple Prizms,false,,Goran Dragic,
base,179,Fast Break Red Prizms,false,,Goran Dragic,
base,179,Gold Prizms,false,,Goran Dragic,
base,179,Gold Shimmer Prizms,false,,Goran Dragic,
base,179,Gold Wave Prizms,false,,Goran Dragic,
base,179,Green Ice Prizms,false,,Goran Dragic,
base,179,Green Prizms,false,,Goran Dragic,
base,179,Green Pulsar Prizms,false,,Goran Dragic,
base,179,Green Shimmer Prizms,false,,Goran Dragic,
base,179,Hyper Prizms,false,,Goran Dragic,
base,179,Lucky Envelopes Prizms,false,,Goran Dragic,
base,179,Mojo Prizms,false,,Goran Dragic,
base,179,Orange Ice Prizms,false,,Goran Dragic,
base,179,Orange Prizms,false,,Goran Dragic,
base,179,Orange Wave Prizms,false,,Goran Dragic,
base,179,Pink Ice Prizms,false,,Goran Dragic,
base,179,Pink Pulsar Prizms,false,,Goran Dragic,
base,179,Purple Ice Prizms,false,,Goran Dragic,
base,179,Purple Prizms,false,,Goran Dragic,
base,179,Purple Pulsar Prizms,false,,Goran Dragic,
base,179,Purple Wave Prizms,false,,Goran Dragic,
base,179,Red Ice Prizms,false,,Goran Dragic,
base,179,Red Prizms,false,,Goran Dragic,
base,179,"Red, White and Blue Prizms",false,,Goran Dragic,
base,179,Ruby Wave Prizms,false,,Goran Dragic,
base,179,Silver Prizms,false,,Goran Dragic,
base,179,White Sparkle Prizm,false,,Goran Dragic,
base,179,Fast Break Pink Prizms,false,,Goran Dragic,
base,179,Black Prizms,false,,Goran Dragic,
base,179,Black Shimmer Prizms,false,,Goran Dragic,
base,179,Blue Ice Prizms,false,,Goran Dragic,
base,179,Black Gold Prizms,false,,Goran Dragic,
base,137,Blue Prizms,false,,Jimmy Butler,
base,137,Blue Shimmer Prizms,false,,Jimmy Butler,
base,137,Blue Wave Prizms,false,,Jimmy Butler,
base,137,Choice Blue Prizms,false,,Jimmy Butler,
base,137,"Choice Blue, Yellow and Green Prizms",false,,Jimmy Butler,
base,137,Choice Green Prizms,false,,Jimmy Butler,
base,137,Choice Nebula Prizms,false,,Jimmy Butler,
base,137,Choice Red Prizms,false,,Jimmy Butler,
base,137,Choice Tiger Stripe Prizms,false,,Jimmy Butler,
base,137,Fast Break Blue Prizms,false,,Jimmy Butler,
base,137,Fast Break Bronze Prizms,false,,Jimmy Butler,
base,137,Fast Break Neon Green Prizms,false,,Jimmy Butler,
base,137,Fast Break Prizms,false,,Jimmy Butler,
base,137,Fast Break Purple Prizms,false,,Jimmy Butler,
base,137,Fast Break Red Prizms,false,,Jimmy Butler,
base,137,Gold Prizms,false,,Jimmy Butler,
base,137,Gold Shimmer Prizms,false,,Jimmy Butler,
base,137,Gold Wave Prizms,false,,Jimmy Butler,
base,137,Green Ice Prizms,false,,Jimmy Butler,
base,137,Green Prizms,false,,Jimmy Butler,
base,137,Green Pulsar Prizms,false,,Jimmy Butler,
base,137,Green Shimmer Prizms,false,,Jimmy Butler,
base,137,Hyper Prizms,false,,Jimmy Butler,
base,137,Lucky Envelopes Prizms,false,,Jimmy Butler,
base,137,Mojo Prizms,false,,Jimmy Butler,
base,137,Orange Ice Prizms,false,,Jimmy Butler,
base,137,Orange Prizms,false,,Jimmy Butler,
base,137,Orange Wave Prizms,false,,Jimmy Butler,
base,137,Pink Ice Prizms,false,,Jimmy Butler,
base,137,Pink Pulsar Prizms,false,,Jimmy Butler,
base,137,Purple Ice Prizms,false,,Jimmy Butler,
base,137,Purple Prizms,false,,Jimmy Butler,
base,137,Purple Pulsar Prizms,false,,Jimmy Butler,
base,137,Purple Wave Prizms,false,,Jimmy Butler,
base,137,Red Ice Prizms,false,,Jimmy Butler,
base,137,Red Prizms,false,,Jimmy Butler,
base,137,"Red, White and Blue Prizms",false,,Jimmy Butler,
base,137,Ruby Wave Prizms,false,,Jimmy Butler,
base,137,Silver Prizms,false,,Jimmy Butler,
base,137,White Sparkle Prizm,false,,Jimmy Butler,
base,137,Fast Break Pink Prizms,false,,Jimmy Butler,
base,137,Black Prizms,false,,Jimmy Butler,
base,137,Black Shimmer Prizms,false,,Jimmy Butler,
base,137,Blue Ice Prizms,false,,Jimmy Butler,
base,137,Black Gold Prizms,false,,Jimmy Butler,
base,138,Blue Prizms,false,,Bam Adebayo,
base,138,Blue Shimmer Prizms,false,,Bam Adebayo,
base,138,Blue Wave Prizms,false,,Bam Adebayo,
base,138,Choice Blue Prizms,false,,Bam Adebayo,
base,138,"Choice Blue, Yellow and Green Prizms",false,,Bam Adebayo,
base,138,Choice Green Prizms,false,,Bam Adebayo,
base,138,Choice Nebula Prizms,false,,Bam Adebayo,
base,138,Choice Red Prizms,false,,Bam Adebayo,
base,138,Choice Tiger Stripe Prizms,false,,Bam Adebayo,
base,138,Fast Break Blue Prizms,false,,Bam Adebayo,
base,138,Fast Break Bronze Prizms,false,,Bam Adebayo,
base,138,Fast Break Neon Green Prizms,false,,Bam Adebayo,
base,138,Fast Break Prizms,false,,Bam Adebayo,
base,138,Fast Break Purple Prizms,false,,Bam Adebayo,
base,138,Fast Break Red Prizms,false,,Bam Adebayo,
base,138,Gold Prizms,false,,Bam Adebayo,
base,138,Gold Shimmer Prizms,false,,Bam Adebayo,
base,138,Gold Wave Prizms,false,,Bam Adebayo,
base,138,Green Ice Prizms,false,,Bam Adebayo,
base,138,Green Prizms,false,,Bam Adebayo,
base,138,Green Pulsar Prizms,false,,Bam Adebayo,
base,138,Green Shimmer Prizms,false,,Bam Adebayo,
base,138,Hyper Prizms,false,,Bam Adebayo,
base,138,Lucky Envelopes Prizms,false,,Bam Adebayo,
base,138,Mojo Prizms,false,,Bam Adebayo,
base,138,Orange Ice Prizms,false,,Bam Adebayo,
base,138,Orange Prizms,false,,Bam Adebayo,
base,138,Orange Wave Prizms,false,,Bam Adebayo,
base,138,Pink Ice Prizms,false,,Bam Adebayo,
base,138,Pink Pulsar Prizms,false,,Bam Adebayo,
base,138,Purple Ice Prizms,false,,Bam Adebayo,
base,138,Purple Prizms,false,,Bam Adebayo,
base,138,Purple Pulsar Prizms,false,,Bam Adebayo,
base,138,Purple Wave Prizms,false,,Bam Adebayo,
base,138,Red Ice Prizms,false,,Bam Adebayo,
base,138,Red Prizms,false,,Bam Adebayo,
base,138,"Red, White and Blue Prizms",false,,Bam Adebayo,
base,138,Ruby Wave Prizms,false,,Bam Adebayo,
base,138,Silver Prizms,false,,Bam Adebayo,
base,138,White Sparkle Prizm,false,,Bam Adebayo,
base,138,Fast Break Pink Prizms,false,,Bam Adebayo,
base,138,Black Prizms,false,,Bam Adebayo,
base,138,Black Shimmer Prizms,false,,Bam Adebayo,
base,138,Blue Ice Prizms,false,,Bam Adebayo,
base,138,Black Gold Prizms,false,,Bam Adebayo,
auto-fast-break-rookie-autographs,FR-PAH,Gold,true,10,Precious Achiuwa,
auto-fast-break-rookie-autographs,FR-PAH,Black,true,1,Precious Achiuwa,
auto-sensational-signatures,SS-CBU,Prizms Silver,true,,Caron Butler,
auto-sensational-signatures,SS-CBU,Prizms Choice,true,,Caron Butler,
auto-sensational-signatures,SS-CBU,Prizms Mojo,true,25,Caron Butler,
auto-sensational-signatures,SS-CBU,Prizms Gold,true,10,Caron Butler,
auto-sensational-signatures,SS-CBU,Prizms Choice Green,true,8,Caron Butler,
auto-sensational-signatures,SS-CBU,Prizms Black,true,1,Caron Butler,
base,146,Blue Prizms,false,,Jae Crowder,
base,146,Blue Shimmer Prizms,false,,Jae Crowder,
base,146,Blue Wave Prizms,false,,Jae Crowder,
base,146,Choice Blue Prizms,false,,Jae Crowder,
base,146,"Choice Blue, Yellow and Green Prizms",false,,Jae Crowder,
base,146,Choice Green Prizms,false,,Jae Crowder,
base,146,Choice Nebula Prizms,false,,Jae Crowder,
base,146,Choice Red Prizms,false,,Jae Crowder,
base,146,Choice Tiger Stripe Prizms,false,,Jae Crowder,
base,146,Fast Break Blue Prizms,false,,Jae Crowder,
base,146,Fast Break Bronze Prizms,false,,Jae Crowder,
base,146,Fast Break Neon Green Prizms,false,,Jae Crowder,
base,146,Fast Break Prizms,false,,Jae Crowder,
base,146,Fast Break Purple Prizms,false,,Jae Crowder,
base,146,Fast Break Red Prizms,false,,Jae Crowder,
base,146,Gold Prizms,false,,Jae Crowder,
base,146,Gold Shimmer Prizms,false,,Jae Crowder,
base,146,Gold Wave Prizms,false,,Jae Crowder,
base,146,Green Ice Prizms,false,,Jae Crowder,
base,146,Green Prizms,false,,Jae Crowder,
base,146,Green Pulsar Prizms,false,,Jae Crowder,
base,146,Green Shimmer Prizms,false,,Jae Crowder,
base,146,Hyper Prizms,false,,Jae Crowder,
base,146,Lucky Envelopes Prizms,false,,Jae Crowder,
base,146,Mojo Prizms,false,,Jae Crowder,
base,146,Orange Ice Prizms,false,,Jae Crowder,
base,146,Orange Prizms,false,,Jae Crowder,
base,146,Orange Wave Prizms,false,,Jae Crowder,
base,146,Pink Ice Prizms,false,,Jae Crowder,
base,146,Pink Pulsar Prizms,false,,Jae Crowder,
base,146,Purple Ice Prizms,false,,Jae Crowder,
base,146,Purple Prizms,false,,Jae Crowder,
base,146,Purple Pulsar Prizms,false,,Jae Crowder,
base,146,Purple Wave Prizms,false,,Jae Crowder,
base,146,Red Ice Prizms,false,,Jae Crowder,
base,146,Red Prizms,false,,Jae Crowder,
base,146,"Red, White and Blue Prizms",false,,Jae Crowder,
base,146,Ruby Wave Prizms,false,,Jae Crowder,
base,146,Silver Prizms,false,,Jae Crowder,
base,146,White Sparkle Prizm,false,,Jae Crowder,
base,146,Fast Break Pink Prizms,false,,Jae Crowder,
base,146,Black Prizms,false,,Jae Crowder,
base,146,Black Shimmer Prizms,false,,Jae Crowder,
base,146,Blue Ice Prizms,false,,Jae Crowder,
base,146,Black Gold Prizms,false,,Jae Crowder,
insert-penmanship,PE-THE,Prizms Orange Ice,false,,Tyler Herro,
insert-penmanship,PE-THE,Prizms Silver,false,,Tyler Herro,
insert-penmanship,PE-THE,Prizms Green Ice,false,16,Tyler Herro,
auto-signatures,SI-RAL,Prizms Choice,true,,Ray Allen,
auto-signatures,SI-RAL,Prizms Silver,true,,Ray Allen,
auto-signatures,SI-RAL,Prizms Mojo,true,25,Ray Allen,
auto-signatures,SI-RAL,Prizms Gold,true,10,Ray Allen,
auto-signatures,SI-RAL,Prizms Choice Green,true,8,Ray Allen,
auto-signatures,SI-RAL,Prizms Black,true,1,Ray Allen,
auto-rookie-signatures,RS-PAH,Prizms Silver,true,,Precious Achiuwa,
auto-rookie-signatures,RS-PAH,Prizms Choice,true,,Precious Achiuwa,
auto-rookie-signatures,RS-PAH,Prizms Mojo,true,25,Precious Achiuwa,
auto-rookie-signatures,RS-PAH,Prizms Gold,true,10,Precious Achiuwa,
auto-rookie-signatures,RS-PAH,Prizms Choice Green,true,8,Precious Achiuwa,
auto-rookie-signatures,RS-PAH,Prizms Black,true,1,Precious Achiuwa,
auto-rookie-signatures,RS-PAH,Prizms White Sparkle,true,1,Precious Achiuwa,
auto-sensational-signatures,SS-MML,Prizms Silver,true,,Mike Miller,
auto-sensational-signatures,SS-MML,Prizms Choice,true,,Mike Miller,
auto-sensational-signatures,SS-MML,Prizms Mojo,true,25,Mike Miller,
auto-sensational-signatures,SS-MML,Prizms Gold,true,10,Mike Miller,
auto-sensational-signatures,SS-MML,Prizms Choice Green,true,8,Mike Miller,
auto-sensational-signatures,SS-MML,Prizms Black,true,1,Mike Miller,
insert-dominance,10,Prizms Green,false,,Jimmy Butler,
insert-dominance,10,Prizms Silver,false,,Jimmy Butler,
insert-rookie-penmanship,RP-PAH,Prizms Orange Ice,false,,Precious Achiuwa,
insert-rookie-penmanship,RP-PAH,Prizms Blue Wave,false,,Precious Achiuwa,
insert-rookie-penmanship,RP-PAH,Prizms Silver,false,,Precious Achiuwa,
insert-rookie-penmanship,RP-PAH,Prizms Gold Wave,false,,Precious Achiuwa,
insert-rookie-penmanship,RP-PAH,Prizms Green Ice,false,16,Precious Achiuwa,
base,181,Blue Prizms,false,,Duncan Robinson,
base,181,Blue Shimmer Prizms,false,,Duncan Robinson,
base,181,Blue Wave Prizms,false,,Duncan Robinson,
base,181,Choice Blue Prizms,false,,Duncan Robinson,
base,181,"Choice Blue, Yellow and Green Prizms",false,,Duncan Robinson,
base,181,Choice Green Prizms,false,,Duncan Robinson,
base,181,Choice Nebula Prizms,false,,Duncan Robinson,
base,181,Choice Red Prizms,false,,Duncan Robinson,
base,181,Choice Tiger Stripe Prizms,false,,Duncan Robinson,
base,181,Fast Break Blue Prizms,false,,Duncan Robinson,
base,181,Fast Break Bronze Prizms,false,,Duncan Robinson,
base,181,Fast Break Neon Green Prizms,false,,Duncan Robinson,
base,181,Fast Break Prizms,false,,Duncan Robinson,
base,181,Fast Break Purple Prizms,false,,Duncan Robinson,
base,181,Fast Break Red Prizms,false,,Duncan Robinson,
base,181,Gold Prizms,false,,Duncan Robinson,
base,181,Gold Shimmer Prizms,false,,Duncan Robinson,
base,181,Gold Wave Prizms,false,,Duncan Robinson,
base,181,Green Ice Prizms,false,,Duncan Robinson,
base,181,Green Prizms,false,,Duncan Robinson,
base,181,Green Pulsar Prizms,false,,Duncan Robinson,
base,181,Green Shimmer Prizms,false,,Duncan Robinson,
base,181,Hyper Prizms,false,,Duncan Robinson,
base,181,Lucky Envelopes Prizms,false,,Duncan Robinson,
base,181,Mojo Prizms,false,,Duncan Robinson,
base,181,Orange Ice Prizms,false,,Duncan Robinson,
base,181,Orange Prizms,false,,Duncan Robinson,
base,181,Orange Wave Prizms,false,,Duncan Robinson,
base,181,Pink Ice Prizms,false,,Duncan Robinson,
base,181,Pink Pulsar Prizms,false,,Duncan Robinson,
base,181,Purple Ice Prizms,false,,Duncan Robinson,
base,181,Purple Prizms,false,,Duncan Robinson,
base,181,Purple Pulsar Prizms,false,,Duncan Robinson,
base,181,Purple Wave Prizms,false,,Duncan Robinson,
base,181,Red Ice Prizms,false,,Duncan Robinson,
base,181,Red Prizms,false,,Duncan Robinson,
base,181,"Red, White and Blue Prizms",false,,Duncan Robinson,
base,181,Ruby Wave Prizms,false,,Duncan Robinson,
base,181,Silver Prizms,false,,Duncan Robinson,
base,181,White Sparkle Prizm,false,,Duncan Robinson,
base,181,Fast Break Pink Prizms,false,,Duncan Robinson,
base,181,Black Prizms,false,,Duncan Robinson,
base,181,Black Shimmer Prizms,false,,Duncan Robinson,
base,181,Blue Ice Prizms,false,,Duncan Robinson,
base,181,Black Gold Prizms,false,,Duncan Robinson,
auto-sensational-signatures,SS-PAH,Prizms Silver,true,,Precious Achiuwa,
auto-sensational-signatures,SS-PAH,Prizms Choice,true,,Precious Achiuwa,
auto-sensational-signatures,SS-PAH,Prizms Mojo,true,25,Precious Achiuwa,
auto-sensational-signatures,SS-PAH,Prizms Gold,true,10,Precious Achiuwa,
auto-sensational-signatures,SS-PAH,Prizms Choice Green,true,8,Precious Achiuwa,
auto-sensational-signatures,SS-PAH,Prizms Black,true,1,Precious Achiuwa,
insert-emergent,14,Prizms Green,false,,Precious Achiuwa,
insert-emergent,14,Prizms Silver,false,,Precious Achiuwa,
insert-downtown-bound,11,Fast Break,false,,Jimmy Butler,
insert-downtown-bound,11,Prizms Hyper,false,,Jimmy Butler,
insert-downtown-bound,11,Prizms Silver,false,,Jimmy Butler,
insert-downtown-bound,11,Prizms Mojo,false,25,Jimmy Butler,
insert-downtown-bound,11,Prizms Gold,false,10,Jimmy Butler,
insert-downtown-bound,11,Prizms Black,false,1,Jimmy Butler,
base,213,Blue Prizms,false,,Kendrick Nunn,
base,213,Blue Shimmer Prizms,false,,Kendrick Nunn,
base,213,Blue Wave Prizms,false,,Kendrick Nunn,
base,213,Choice Blue Prizms,false,,Kendrick Nunn,
base,213,"Choice Blue, Yellow and Green Prizms",false,,Kendrick Nunn,
base,213,Choice Green Prizms,false,,Kendrick Nunn,
base,213,Choice Nebula Prizms,false,,Kendrick Nunn,
base,213,Choice Red Prizms,false,,Kendrick Nunn,
base,213,Choice Tiger Stripe Prizms,false,,Kendrick Nunn,
base,213,Fast Break Blue Prizms,false,,Kendrick Nunn,
base,213,Fast Break Bronze Prizms,false,,Kendrick Nunn,
base,213,Fast Break Neon Green Prizms,false,,Kendrick Nunn,
base,213,Fast Break Prizms,false,,Kendrick Nunn,
base,213,Fast Break Purple Prizms,false,,Kendrick Nunn,
base,213,Fast Break Red Prizms,false,,Kendrick Nunn,
base,213,Gold Prizms,false,,Kendrick Nunn,
base,213,Gold Shimmer Prizms,false,,Kendrick Nunn,
base,213,Gold Wave Prizms,false,,Kendrick Nunn,
base,213,Green Ice Prizms,false,,Kendrick Nunn,
base,213,Green Prizms,false,,Kendrick Nunn,
base,213,Green Pulsar Prizms,false,,Kendrick Nunn,
base,213,Green Shimmer Prizms,false,,Kendrick Nunn,
base,213,Hyper Prizms,false,,Kendrick Nunn,
base,213,Lucky Envelopes Prizms,false,,Kendrick Nunn,
base,213,Mojo Prizms,false,,Kendrick Nunn,
base,213,Orange Ice Prizms,false,,Kendrick Nunn,
base,213,Orange Prizms,false,,Kendrick Nunn,
base,213,Orange Wave Prizms,false,,Kendrick Nunn,
base,213,Pink Ice Prizms,false,,Kendrick Nunn,
base,213,Pink Pulsar Prizms,false,,Kendrick Nunn,
base,213,Purple Ice Prizms,false,,Kendrick Nunn,
base,213,Purple Prizms,false,,Kendrick Nunn,
base,213,Purple Pulsar Prizms,false,,Kendrick Nunn,
base,213,Purple Wave Prizms,false,,Kendrick Nunn,
base,213,Red Ice Prizms,false,,Kendrick Nunn,
base,213,Red Prizms,false,,Kendrick Nunn,
base,213,"Red, White and Blue Prizms",false,,Kendrick Nunn,
base,213,Ruby Wave Prizms,false,,Kendrick Nunn,
base,213,Silver Prizms,false,,Kendrick Nunn,
base,213,White Sparkle Prizm,false,,Kendrick Nunn,
base,213,Fast Break Pink Prizms,false,,Kendrick Nunn,
base,213,Black Prizms,false,,Kendrick Nunn,
base,213,Black Shimmer Prizms,false,,Kendrick Nunn,
base,213,Blue Ice Prizms,false,,Kendrick Nunn,
base,213,Black Gold Prizms,false,,Kendrick Nunn,
insert-fireworks,3,Prizms Silver,false,,Giannis Antetokounmpo,
insert-fireworks,3,Fast Break,false,,Giannis Antetokounmpo,
insert-fireworks,3,Prizms Hyper,false,,Giannis Antetokounmpo,
insert-fireworks,3,Prizms Mojo,false,25,Giannis Antetokounmpo,
insert-fireworks,3,Prizms Gold,false,10,Giannis Antetokounmpo,
insert-fireworks,3,Prizms Black,false,1,Giannis Antetokounmpo,
auto-rookie-signatures,RS-JNW,Prizms Silver,true,,Jordan Nwora,
auto-rookie-signatures,RS-JNW,Prizms Choice,true,,Jordan Nwora,
auto-rookie-signatures,RS-JNW,Prizms Mojo,true,25,Jordan Nwora,
auto-rookie-signatures,RS-JNW,Prizms Gold,true,10,Jordan Nwora,
auto-rookie-signatures,RS-JNW,Prizms Choice Green,true,8,Jordan Nwora,
auto-rookie-signatures,RS-JNW,Prizms Black,true,1,Jordan Nwora,
auto-rookie-signatures,RS-JNW,Prizms White Sparkle,true,1,Jordan Nwora,
auto-signatures,SI-WMA,Prizms Choice,true,,Wesley Matthews,
auto-signatures,SI-WMA,Prizms Silver,true,,Wesley Matthews,
auto-signatures,SI-WMA,Prizms Mojo,true,25,Wesley Matthews,
auto-signatures,SI-WMA,Prizms Gold,true,10,Wesley Matthews,
auto-signatures,SI-WMA,Prizms Choice Green,true,8,Wesley Matthews,
auto-signatures,SI-WMA,Prizms Black,true,1,Wesley Matthews,
insert-downtown-bound,19,Fast Break,false,,Giannis Antetokounmpo,
insert-downtown-bound,19,Prizms Hyper,false,,Giannis Antetokounmpo,
insert-downtown-bound,19,Prizms Silver,false,,Giannis Antetokounmpo,
insert-downtown-bound,19,Prizms Mojo,false,25,Giannis Antetokounmpo,
insert-downtown-bound,19,Prizms Gold,false,10,Giannis Antetokounmpo,
insert-downtown-bound,19,Prizms Black,false,1,Giannis Antetokounmpo,
auto-fast-break-autographs,FBA-SBR,Gold,true,10,Sterling Brown,
auto-fast-break-autographs,FBA-SBR,Black,true,1,Sterling Brown,
auto-signatures,SI-TCU,Prizms Choice,true,,Terry Cummings,
auto-signatures,SI-TCU,Prizms Silver,true,,Terry Cummings,
auto-signatures,SI-TCU,Prizms Mojo,true,25,Terry Cummings,
auto-signatures,SI-TCU,Prizms Gold,true,10,Terry Cummings,
auto-signatures,SI-TCU,Prizms Choice Green,true,8,Terry Cummings,
auto-signatures,SI-TCU,Prizms Black,true,1,Terry Cummings,
insert-widescreen,9,Prizms Silver,false,,Giannis Antetokounmpo,
insert-widescreen,9,Fast Break,false,,Giannis Antetokounmpo,
insert-widescreen,9,Prizms Hyper,false,,Giannis Antetokounmpo,
insert-widescreen,9,Prizms Mojo,false,25,Giannis Antetokounmpo,
insert-widescreen,9,Prizms Gold,false,10,Giannis Antetokounmpo,
insert-widescreen,9,Prizms Black,false,1,Giannis Antetokounmpo,
insert-fearless,15,Fast Break,false,,Giannis Antetokounmpo,
insert-fearless,15,Prizms Hyper,false,,Giannis Antetokounmpo,
insert-fearless,15,Prizms Silver,false,,Giannis Antetokounmpo,
insert-fearless,15,Prizms Mojo,false,25,Giannis Antetokounmpo,
insert-fearless,15,Prizms Gold,false,10,Giannis Antetokounmpo,
insert-fearless,15,Prizms Black,false,1,Giannis Antetokounmpo,
base,85,Blue Prizms,false,,George Hill,
base,85,Blue Shimmer Prizms,false,,George Hill,
base,85,Blue Wave Prizms,false,,George Hill,
base,85,Choice Blue Prizms,false,,George Hill,
base,85,"Choice Blue, Yellow and Green Prizms",false,,George Hill,
base,85,Choice Green Prizms,false,,George Hill,
base,85,Choice Nebula Prizms,false,,George Hill,
base,85,Choice Red Prizms,false,,George Hill,
base,85,Choice Tiger Stripe Prizms,false,,George Hill,
base,85,Fast Break Blue Prizms,false,,George Hill,
base,85,Fast Break Bronze Prizms,false,,George Hill,
base,85,Fast Break Neon Green Prizms,false,,George Hill,
base,85,Fast Break Prizms,false,,George Hill,
base,85,Fast Break Purple Prizms,false,,George Hill,
base,85,Fast Break Red Prizms,false,,George Hill,
base,85,Gold Prizms,false,,George Hill,
base,85,Gold Shimmer Prizms,false,,George Hill,
base,85,Gold Wave Prizms,false,,George Hill,
base,85,Green Ice Prizms,false,,George Hill,
base,85,Green Prizms,false,,George Hill,
base,85,Green Pulsar Prizms,false,,George Hill,
base,85,Green Shimmer Prizms,false,,George Hill,
base,85,Hyper Prizms,false,,George Hill,
base,85,Lucky Envelopes Prizms,false,,George Hill,
base,85,Mojo Prizms,false,,George Hill,
base,85,Orange Ice Prizms,false,,George Hill,
base,85,Orange Prizms,false,,George Hill,
base,85,Orange Wave Prizms,false,,George Hill,
base,85,Pink Ice Prizms,false,,George Hill,
base,85,Pink Pulsar Prizms,false,,George Hill,
base,85,Purple Ice Prizms,false,,George Hill,
base,85,Purple Prizms,false,,George Hill,
base,85,Purple Pulsar Prizms,false,,George Hill,
base,85,Purple Wave Prizms,false,,George Hill,
base,85,Red Ice Prizms,false,,George Hill,
base,85,Red Prizms,false,,George Hill,
base,85,"Red, White and Blue Prizms",false,,George Hill,
base,85,Ruby Wave Prizms,false,,George Hill,
base,85,Silver Prizms,false,,George Hill,
base,85,White Sparkle Prizm,false,,George Hill,
base,85,Fast Break Pink Prizms,false,,George Hill,
base,85,Black Prizms,false,,George Hill,
base,85,Black Shimmer Prizms,false,,George Hill,
base,85,Blue Ice Prizms,false,,George Hill,
base,85,Black Gold Prizms,false,,George Hill,
auto-signatures,SI-GAN,Prizms Choice,true,,Giannis Antetokounmpo,
auto-signatures,SI-GAN,Prizms Silver,true,,Giannis Antetokounmpo,
auto-signatures,SI-GAN,Prizms Mojo,true,25,Giannis Antetokounmpo,
auto-signatures,SI-GAN,Prizms Gold,true,10,Giannis Antetokounmpo,
auto-signatures,SI-GAN,Prizms Choice Green,true,8,Giannis Antetokounmpo,
auto-signatures,SI-GAN,Prizms Black,true,1,Giannis Antetokounmpo,
base,273,Blue Prizms,false,,Jordan Nwora,
base,273,Blue Shimmer Prizms,false,,Jordan Nwora,
base,273,Blue Wave Prizms,false,,Jordan Nwora,
base,273,Choice Blue Prizms,false,,Jordan Nwora,
base,273,"Choice Blue, Yellow and Green Prizms",false,,Jordan Nwora,
base,273,Choice Green Prizms,false,,Jordan Nwora,
base,273,Choice Nebula Prizms,false,,Jordan Nwora,
base,273,Choice Red Prizms,false,,Jordan Nwora,
base,273,Choice Tiger Stripe Prizms,false,,Jordan Nwora,
base,273,Fast Break Blue Prizms,false,,Jordan Nwora,
base,273,Fast Break Bronze Prizms,false,,Jordan Nwora,
base,273,Fast Break Neon Green Prizms,false,,Jordan Nwora,
base,273,Fast Break Prizms,false,,Jordan Nwora,
base,273,Fast Break Purple Prizms,false,,Jordan Nwora,
base,273,Fast Break Red Prizms,false,,Jordan Nwora,
base,273,Gold Prizms,false,,Jordan Nwora,
base,273,Gold Shimmer Prizms,false,,Jordan Nwora,
base,273,Gold Wave Prizms,false,,Jordan Nwora,
base,273,Green Ice Prizms,false,,Jordan Nwora,
base,273,Green Prizms,false,,Jordan Nwora,
base,273,Green Pulsar Prizms,false,,Jordan Nwora,
base,273,Green Shimmer Prizms,false,,Jordan Nwora,
base,273,Hyper Prizms,false,,Jordan Nwora,
base,273,Lucky Envelopes Prizms,false,,Jordan Nwora,
base,273,Mojo Prizms,false,,Jordan Nwora,
base,273,Orange Ice Prizms,false,,Jordan Nwora,
base,273,Orange Prizms,false,,Jordan Nwora,
base,273,Orange Wave Prizms,false,,Jordan Nwora,
base,273,Pink Ice Prizms,false,,Jordan Nwora,
base,273,Pink Pulsar Prizms,false,,Jordan Nwora,
base,273,Purple Ice Prizms,false,,Jordan Nwora,
base,273,Purple Prizms,false,,Jordan Nwora,
base,273,Purple Pulsar Prizms,false,,Jordan Nwora,
base,273,Purple Wave Prizms,false,,Jordan Nwora,
base,273,Red Ice Prizms,false,,Jordan Nwora,
base,273,Red Prizms,false,,Jordan Nwora,
base,273,"Red, White and Blue Prizms",false,,Jordan Nwora,
base,273,Ruby Wave Prizms,false,,Jordan Nwora,
base,273,Silver Prizms,false,,Jordan Nwora,
base,273,White Sparkle Prizm,false,,Jordan Nwora,
base,273,Fast Break Pink Prizms,false,,Jordan Nwora,
base,273,Black Prizms,false,,Jordan Nwora,
base,273,Black Shimmer Prizms,false,,Jordan Nwora,
base,273,Blue Ice Prizms,false,,Jordan Nwora,
base,273,Black Gold Prizms,false,,Jordan Nwora,
base,17,Blue Prizms,false,,Eric Bledsoe,
base,17,Blue Shimmer Prizms,false,,Eric Bledsoe,
base,17,Blue Wave Prizms,false,,Eric Bledsoe,
base,17,Choice Blue Prizms,false,,Eric Bledsoe,
base,17,"Choice Blue, Yellow and Green Prizms",false,,Eric Bledsoe,
base,17,Choice Green Prizms,false,,Eric Bledsoe,
base,17,Choice Nebula Prizms,false,,Eric Bledsoe,
base,17,Choice Red Prizms,false,,Eric Bledsoe,
base,17,Choice Tiger Stripe Prizms,false,,Eric Bledsoe,
base,17,Fast Break Blue Prizms,false,,Eric Bledsoe,
base,17,Fast Break Bronze Prizms,false,,Eric Bledsoe,
base,17,Fast Break Neon Green Prizms,false,,Eric Bledsoe,
base,17,Fast Break Prizms,false,,Eric Bledsoe,
base,17,Fast Break Purple Prizms,false,,Eric Bledsoe,
base,17,Fast Break Red Prizms,false,,Eric Bledsoe,
base,17,Gold Prizms,false,,Eric Bledsoe,
base,17,Gold Shimmer Prizms,false,,Eric Bledsoe,
base,17,Gold Wave Prizms,false,,Eric Bledsoe,
base,17,Green Ice Prizms,false,,Eric Bledsoe,
base,17,Green Prizms,false,,Eric Bledsoe,
base,17,Green Pulsar Prizms,false,,Eric Bledsoe,
base,17,Green Shimmer Prizms,false,,Eric Bledsoe,
base,17,Hyper Prizms,false,,Eric Bledsoe,
base,17,Lucky Envelopes Prizms,false,,Eric Bledsoe,
base,17,Mojo Prizms,false,,Eric Bledsoe,
base,17,Orange Ice Prizms,false,,Eric Bledsoe,
base,17,Orange Prizms,false,,Eric Bledsoe,
base,17,Orange Wave Prizms,false,,Eric Bledsoe,
base,17,Pink Ice Prizms,false,,Eric Bledsoe,
base,17,Pink Pulsar Prizms,false,,Eric Bledsoe,
base,17,Purple Ice Prizms,false,,Eric Bledsoe,
base,17,Purple Prizms,false,,Eric Bledsoe,
base,17,Purple Pulsar Prizms,false,,Eric Bledsoe,
base,17,Purple Wave Prizms,false,,Eric Bledsoe,
base,17,Red Ice Prizms,false,,Eric Bledsoe,
base,17,Red Prizms,false,,Eric Bledsoe,
base,17,"Red, White and Blue Prizms",false,,Eric Bledsoe,
base,17,Ruby Wave Prizms,false,,Eric Bledsoe,
base,17,Silver Prizms,false,,Eric Bledsoe,
base,17,White Sparkle Prizm,false,,Eric Bledsoe,
base,17,Fast Break Pink Prizms,false,,Eric Bledsoe,
base,17,Black Prizms,false,,Eric Bledsoe,
base,17,Black Shimmer Prizms,false,,Eric Bledsoe,
base,17,Blue Ice Prizms,false,,Eric Bledsoe,
base,17,Black Gold Prizms,false,,Eric Bledsoe,
auto-fast-break-autographs,FBA-GAN,Gold,true,10,Giannis Antetokounmpo,
auto-fast-break-autographs,FBA-GAN,Black,true,1,Giannis Antetokounmpo,
insert-sensational-swatches,SSW-MRD,Prizms Orange Ice,false,,Michael Redd,
insert-sensational-swatches,SSW-MRD,Prizms Green Ice,false,56,Michael Redd,
insert-sensational-swatches,SSW-MRD,Prime,false,10,Michael Redd,
insert-sensational-swatches,SSW-KMD,Prizms Orange Ice,false,,Khris Middleton,
insert-sensational-swatches,SSW-KMD,Prizms Green Ice,false,56,Khris Middleton,
insert-sensational-swatches,SSW-KMD,Prime,false,10,Khris Middleton,
insert-penmanship,PE-DMA,Prizms Orange Ice,false,,Desmond Mason,
insert-penmanship,PE-DMA,Prizms Silver,false,,Desmond Mason,
insert-penmanship,PE-DMA,Prizms Green Ice,false,16,Desmond Mason,
base,29,Blue Prizms,false,,Brook Lopez,
base,29,Blue Shimmer Prizms,false,,Brook Lopez,
base,29,Blue Wave Prizms,false,,Brook Lopez,
base,29,Choice Blue Prizms,false,,Brook Lopez,
base,29,"Choice Blue, Yellow and Green Prizms",false,,Brook Lopez,
base,29,Choice Green Prizms,false,,Brook Lopez,
base,29,Choice Nebula Prizms,false,,Brook Lopez,
base,29,Choice Red Prizms,false,,Brook Lopez,
base,29,Choice Tiger Stripe Prizms,false,,Brook Lopez,
base,29,Fast Break Blue Prizms,false,,Brook Lopez,
base,29,Fast Break Bronze Prizms,false,,Brook Lopez,
base,29,Fast Break Neon Green Prizms,false,,Brook Lopez,
base,29,Fast Break Prizms,false,,Brook Lopez,
base,29,Fast Break Purple Prizms,false,,Brook Lopez,
base,29,Fast Break Red Prizms,false,,Brook Lopez,
base,29,Gold Prizms,false,,Brook Lopez,
base,29,Gold Shimmer Prizms,false,,Brook Lopez,
base,29,Gold Wave Prizms,false,,Brook Lopez,
base,29,Green Ice Prizms,false,,Brook Lopez,
base,29,Green Prizms,false,,Brook Lopez,
base,29,Green Pulsar Prizms,false,,Brook Lopez,
base,29,Green Shimmer Prizms,false,,Brook Lopez,
base,29,Hyper Prizms,false,,Brook Lopez,
base,29,Lucky Envelopes Prizms,false,,Brook Lopez,
base,29,Mojo Prizms,false,,Brook Lopez,
base,29,Orange Ice Prizms,false,,Brook Lopez,
base,29,Orange Prizms,false,,Brook Lopez,
base,29,Orange Wave Prizms,false,,Brook Lopez,
base,29,Pink Ice Prizms,false,,Brook Lopez,
base,29,Pink Pulsar Prizms,false,,Brook Lopez,
base,29,Purple Ice Prizms,false,,Brook Lopez,
base,29,Purple Prizms,false,,Brook Lopez,
base,29,Purple Pulsar Prizms,false,,Brook Lopez,
base,29,Purple Wave Prizms,false,,Brook Lopez,
base,29,Red Ice Prizms,false,,Brook Lopez,
base,29,Red Prizms,false,,Brook Lopez,
base,29,"Red, White and Blue Prizms",false,,Brook Lopez,
base,29,Ruby Wave Prizms,false,,Brook Lopez,
base,29,Silver Prizms,false,,Brook Lopez,
base,29,White Sparkle Prizm,false,,Brook Lopez,
base,29,Fast Break Pink Prizms,false,,Brook Lopez,
base,29,Black Prizms,false,,Brook Lopez,
base,29,Black Shimmer Prizms,false,,Brook Lopez,
base,29,Blue Ice Prizms,false,,Brook Lopez,
base,29,Black Gold Prizms,false,,Brook Lopez,
insert-sensational-swatches,SSW-GAN,Prizms Orange Ice,false,,Giannis Antetokounmpo,
insert-sensational-swatches,SSW-GAN,Prizms Green Ice,false,56,Giannis Antetokounmpo,
insert-sensational-swatches,SSW-GAN,Prime,false,10,Giannis Antetokounmpo,
insert-sensational-swatches,SSW-EBL,Prizms Orange Ice,false,,Eric Bledsoe,
insert-sensational-swatches,SSW-EBL,Prizms Green Ice,false,56,Eric Bledsoe,
insert-sensational-swatches,SSW-EBL,Prime,false,10,Eric Bledsoe,
auto-fast-break-autographs,FBA-BLP,Gold,true,10,Brook Lopez,
auto-fast-break-autographs,FBA-BLP,Black,true,1,Brook Lopez,
base,168,Blue Prizms,false,,Wesley Matthews,
base,168,Blue Shimmer Prizms,false,,Wesley Matthews,
base,168,Blue Wave Prizms,false,,Wesley Matthews,
base,168,Choice Blue Prizms,false,,Wesley Matthews,
base,168,"Choice Blue, Yellow and Green Prizms",false,,Wesley Matthews,
base,168,Choice Green Prizms,false,,Wesley Matthews,
base,168,Choice Nebula Prizms,false,,Wesley Matthews,
base,168,Choice Red Prizms,false,,Wesley Matthews,
base,168,Choice Tiger Stripe Prizms,false,,Wesley Matthews,
base,168,Fast Break Blue Prizms,false,,Wesley Matthews,
base,168,Fast Break Bronze Prizms,false,,Wesley Matthews,
base,168,Fast Break Neon Green Prizms,false,,Wesley Matthews,
base,168,Fast Break Prizms,false,,Wesley Matthews,
base,168,Fast Break Purple Prizms,false,,Wesley Matthews,
base,168,Fast Break Red Prizms,false,,Wesley Matthews,
base,168,Gold Prizms,false,,Wesley Matthews,
base,168,Gold Shimmer Prizms,false,,Wesley Matthews,
base,168,Gold Wave Prizms,false,,Wesley Matthews,
base,168,Green Ice Prizms,false,,Wesley Matthews,
base,168,Green Prizms,false,,Wesley Matthews,
base,168,Green Pulsar Prizms,false,,Wesley Matthews,
base,168,Green Shimmer Prizms,false,,Wesley Matthews,
base,168,Hyper Prizms,false,,Wesley Matthews,
base,168,Lucky Envelopes Prizms,false,,Wesley Matthews,
base,168,Mojo Prizms,false,,Wesley Matthews,
base,168,Orange Ice Prizms,false,,Wesley Matthews,
base,168,Orange Prizms,false,,Wesley Matthews,
base,168,Orange Wave Prizms,false,,Wesley Matthews,
base,168,Pink Ice Prizms,false,,Wesley Matthews,
base,168,Pink Pulsar Prizms,false,,Wesley Matthews,
base,168,Purple Ice Prizms,false,,Wesley Matthews,
base,168,Purple Prizms,false,,Wesley Matthews,
base,168,Purple Pulsar Prizms,false,,Wesley Matthews,
base,168,Purple Wave Prizms,false,,Wesley Matthews,
base,168,Red Ice Prizms,false,,Wesley Matthews,
base,168,Red Prizms,false,,Wesley Matthews,
base,168,"Red, White and Blue Prizms",false,,Wesley Matthews,
base,168,Ruby Wave Prizms,false,,Wesley Matthews,
base,168,Silver Prizms,false,,Wesley Matthews,
base,168,White Sparkle Prizm,false,,Wesley Matthews,
base,168,Fast Break Pink Prizms,false,,Wesley Matthews,
base,168,Black Prizms,false,,Wesley Matthews,
base,168,Black Shimmer Prizms,false,,Wesley Matthews,
base,168,Blue Ice Prizms,false,,Wesley Matthews,
base,168,Black Gold Prizms,false,,Wesley Matthews,
insert-sensational-swatches,SSW-BLP,Prizms Orange Ice,false,,Brook Lopez,
insert-sensational-swatches,SSW-BLP,Prizms Green Ice,false,56,Brook Lopez,
insert-sensational-swatches,SSW-BLP,Prime,false,10,Brook Lopez,
base,111,Blue Prizms,false,,Giannis Antetokounmpo,
base,111,Blue Shimmer Prizms,false,,Giannis Antetokounmpo,
base,111,Blue Wave Prizms,false,,Giannis Antetokounmpo,
base,111,Choice Blue Prizms,false,,Giannis Antetokounmpo,
base,111,"Choice Blue, Yellow and Green Prizms",false,,Giannis Antetokounmpo,
base,111,Choice Green Prizms,false,,Giannis Antetokounmpo,
base,111,Choice Nebula Prizms,false,,Giannis Antetokounmpo,
base,111,Choice Red Prizms,false,,Giannis Antetokounmpo,
base,111,Choice Tiger Stripe Prizms,false,,Giannis Antetokounmpo,
base,111,Fast Break Blue Prizms,false,,Giannis Antetokounmpo,
base,111,Fast Break Bronze Prizms,false,,Giannis Antetokounmpo,
base,111,Fast Break Neon Green Prizms,false,,Giannis Antetokounmpo,
base,111,Fast Break Prizms,false,,Giannis Antetokounmpo,
base,111,Fast Break Purple Prizms,false,,Giannis Antetokounmpo,
base,111,Fast Break Red Prizms,false,,Giannis Antetokounmpo,
base,111,Gold Prizms,false,,Giannis Antetokounmpo,
base,111,Gold Shimmer Prizms,false,,Giannis Antetokounmpo,
base,111,Gold Wave Prizms,false,,Giannis Antetokounmpo,
base,111,Green Ice Prizms,false,,Giannis Antetokounmpo,
base,111,Green Prizms,false,,Giannis Antetokounmpo,
base,111,Green Pulsar Prizms,false,,Giannis Antetokounmpo,
base,111,Green Shimmer Prizms,false,,Giannis Antetokounmpo,
base,111,Hyper Prizms,false,,Giannis Antetokounmpo,
base,111,Lucky Envelopes Prizms,false,,Giannis Antetokounmpo,
base,111,Mojo Prizms,false,,Giannis Antetokounmpo,
base,111,Orange Ice Prizms,false,,Giannis Antetokounmpo,
base,111,Orange Prizms,false,,Giannis Antetokounmpo,
base,111,Orange Wave Prizms,false,,Giannis Antetokounmpo,
base,111,Pink Ice Prizms,false,,Giannis Antetokounmpo,
base,111,Pink Pulsar Prizms,false,,Giannis Antetokounmpo,
base,111,Purple Ice Prizms,false,,Giannis Antetokounmpo,
base,111,Purple Prizms,false,,Giannis Antetokounmpo,
base,111,Purple Pulsar Prizms,false,,Giannis Antetokounmpo,
base,111,Purple Wave Prizms,false,,Giannis Antetokounmpo,
base,111,Red Ice Prizms,false,,Giannis Antetokounmpo,
base,111,Red Prizms,false,,Giannis Antetokounmpo,
base,111,"Red, White and Blue Prizms",false,,Giannis Antetokounmpo,
base,111,Ruby Wave Prizms,false,,Giannis Antetokounmpo,
base,111,Silver Prizms,false,,Giannis Antetokounmpo,
base,111,White Sparkle Prizm,false,,Giannis Antetokounmpo,
base,111,Fast Break Pink Prizms,false,,Giannis Antetokounmpo,
base,111,Black Prizms,false,,Giannis Antetokounmpo,
base,111,Black Shimmer Prizms,false,,Giannis Antetokounmpo,
base,111,Blue Ice Prizms,false,,Giannis Antetokounmpo,
base,111,Black Gold Prizms,false,,Giannis Antetokounmpo,
auto-fast-break-rookie-autographs,FR-JNW,Gold,true,10,Jordan Nwora,
auto-fast-break-rookie-autographs,FR-JNW,Black,true,1,Jordan Nwora,
base,40,Blue Prizms,false,,Ersan Ilyasova,
base,40,Blue Shimmer Prizms,false,,Ersan Ilyasova,
base,40,Blue Wave Prizms,false,,Ersan Ilyasova,
base,40,Choice Blue Prizms,false,,Ersan Ilyasova,
base,40,"Choice Blue, Yellow and Green Prizms",false,,Ersan Ilyasova,
base,40,Choice Green Prizms,false,,Ersan Ilyasova,
base,40,Choice Nebula Prizms,false,,Ersan Ilyasova,
base,40,Choice Red Prizms,false,,Ersan Ilyasova,
base,40,Choice Tiger Stripe Prizms,false,,Ersan Ilyasova,
base,40,Fast Break Blue Prizms,false,,Ersan Ilyasova,
base,40,Fast Break Bronze Prizms,false,,Ersan Ilyasova,
base,40,Fast Break Neon Green Prizms,false,,Ersan Ilyasova,
base,40,Fast Break Prizms,false,,Ersan Ilyasova,
base,40,Fast Break Purple Prizms,false,,Ersan Ilyasova,
base,40,Fast Break Red Prizms,false,,Ersan Ilyasova,
base,40,Gold Prizms,false,,Ersan Ilyasova,
base,40,Gold Shimmer Prizms,false,,Ersan Ilyasova,
base,40,Gold Wave Prizms,false,,Ersan Ilyasova,
base,40,Green Ice Prizms,false,,Ersan Ilyasova,
base,40,Green Prizms,false,,Ersan Ilyasova,
base,40,Green Pulsar Prizms,false,,Ersan Ilyasova,
base,40,Green Shimmer Prizms,false,,Ersan Ilyasova,
base,40,Hyper Prizms,false,,Ersan Ilyasova,
base,40,Lucky Envelopes Prizms,false,,Ersan Ilyasova,
base,40,Mojo Prizms,false,,Ersan Ilyasova,
base,40,Orange Ice Prizms,false,,Ersan Ilyasova,
base,40,Orange Prizms,false,,Ersan Ilyasova,
base,40,Orange Wave Prizms,false,,Ersan Ilyasova,
base,40,Pink Ice Prizms,false,,Ersan Ilyasova,
base,40,Pink Pulsar Prizms,false,,Ersan Ilyasova,
base,40,Purple Ice Prizms,false,,Ersan Ilyasova,
base,40,Purple Prizms,false,,Ersan Ilyasova,
base,40,Purple Pulsar Prizms,false,,Ersan Ilyasova,
base,40,Purple Wave Prizms,false,,Ersan Ilyasova,
base,40,Red Ice Prizms,false,,Ersan Ilyasova,
base,40,Red Prizms,false,,Ersan Ilyasova,
base,40,"Red, White and Blue Prizms",false,,Ersan Ilyasova,
base,40,Ruby Wave Prizms,false,,Ersan Ilyasova,
base,40,Silver Prizms,false,,Ersan Ilyasova,
base,40,White Sparkle Prizm,false,,Ersan Ilyasova,
base,40,Fast Break Pink Prizms,false,,Ersan Ilyasova,
base,40,Black Prizms,false,,Ersan Ilyasova,
base,40,Black Shimmer Prizms,false,,Ersan Ilyasova,
base,40,Blue Ice Prizms,false,,Ersan Ilyasova,
base,40,Black Gold Prizms,false,,Ersan Ilyasova,
insert-dominance,7,Prizms Green,false,,Giannis Antetokounmpo,
insert-dominance,7,Prizms Silver,false,,Giannis Antetokounmpo,
insert-prizm,15,Flashback Fast Break,false,,Giannis Antetokounmpo,
insert-prizm,15,Flashback,false,,Giannis Antetokounmpo,
insert-prizm,15,Flashback Prizms Hyper,false,,Giannis Antetokounmpo,
insert-prizm,15,Flashback Prizms Silver,false,,Giannis Antetokounmpo,
insert-prizm,15,Flashback Prizms Mojo,false,25,Giannis Antetokounmpo,
insert-prizm,15,Flashback Prizms Gold,false,10,Giannis Antetokounmpo,
insert-prizm,15,Flashback Prizms Black,false,1,Giannis Antetokounmpo,
base,50,Blue Prizms,false,,Donte DiVincenzo,
base,50,Blue Shimmer Prizms,false,,Donte DiVincenzo,
base,50,Blue Wave Prizms,false,,Donte DiVincenzo,
base,50,Choice Blue Prizms,false,,Donte DiVincenzo,
base,50,"Choice Blue, Yellow and Green Prizms",false,,Donte DiVincenzo,
base,50,Choice Green Prizms,false,,Donte DiVincenzo,
base,50,Choice Nebula Prizms,false,,Donte DiVincenzo,
base,50,Choice Red Prizms,false,,Donte DiVincenzo,
base,50,Choice Tiger Stripe Prizms,false,,Donte DiVincenzo,
base,50,Fast Break Blue Prizms,false,,Donte DiVincenzo,
base,50,Fast Break Bronze Prizms,false,,Donte DiVincenzo,
base,50,Fast Break Neon Green Prizms,false,,Donte DiVincenzo,
base,50,Fast Break Prizms,false,,Donte DiVincenzo,
base,50,Fast Break Purple Prizms,false,,Donte DiVincenzo,
base,50,Fast Break Red Prizms,false,,Donte DiVincenzo,
base,50,Gold Prizms,false,,Donte DiVincenzo,
base,50,Gold Shimmer Prizms,false,,Donte DiVincenzo,
base,50,Gold Wave Prizms,false,,Donte DiVincenzo,
base,50,Green Ice Prizms,false,,Donte DiVincenzo,
base,50,Green Prizms,false,,Donte DiVincenzo,
base,50,Green Pulsar Prizms,false,,Donte DiVincenzo,
base,50,Green Shimmer Prizms,false,,Donte DiVincenzo,
base,50,Hyper Prizms,false,,Donte DiVincenzo,
base,50,Lucky Envelopes Prizms,false,,Donte DiVincenzo,
base,50,Mojo Prizms,false,,Donte DiVincenzo,
base,50,Orange Ice Prizms,false,,Donte DiVincenzo,
base,50,Orange Prizms,false,,Donte DiVincenzo,
base,50,Orange Wave Prizms,false,,Donte DiVincenzo,
base,50,Pink Ice Prizms,false,,Donte DiVincenzo,
base,50,Pink Pulsar Prizms,false,,Donte DiVincenzo,
base,50,Purple Ice Prizms,false,,Donte DiVincenzo,
base,50,Purple Prizms,false,,Donte DiVincenzo,
base,50,Purple Pulsar Prizms,false,,Donte DiVincenzo,
base,50,Purple Wave Prizms,false,,Donte DiVincenzo,
base,50,Red Ice Prizms,false,,Donte DiVincenzo,
base,50,Red Prizms,false,,Donte DiVincenzo,
base,50,"Red, White and Blue Prizms",false,,Donte DiVincenzo,
base,50,Ruby Wave Prizms,false,,Donte DiVincenzo,
base,50,Silver Prizms,false,,Donte DiVincenzo,
base,50,White Sparkle Prizm,false,,Donte DiVincenzo,
base,50,Fast Break Pink Prizms,false,,Donte DiVincenzo,
base,50,Black Prizms,false,,Donte DiVincenzo,
base,50,Black Shimmer Prizms,false,,Donte DiVincenzo,
base,50,Blue Ice Prizms,false,,Donte DiVincenzo,
base,50,Black Gold Prizms,false,,Donte DiVincenzo,
insert-rookie-penmanship,RP-JNW,Prizms Orange Ice,false,,Jordan Nwora,
insert-rookie-penmanship,RP-JNW,Prizms Blue Wave,false,,Jordan Nwora,
insert-rookie-penmanship,RP-JNW,Prizms Silver,false,,Jordan Nwora,
insert-rookie-penmanship,RP-JNW,Prizms Gold Wave,false,,Jordan Nwora,
insert-rookie-penmanship,RP-JNW,Prizms Green Ice,false,16,Jordan Nwora,
auto-sensational-signatures,SS-JNW,Prizms Silver,true,,Jordan Nwora,
auto-sensational-signatures,SS-JNW,Prizms Choice,true,,Jordan Nwora,
auto-sensational-signatures,SS-JNW,Prizms Mojo,true,25,Jordan Nwora,
auto-sensational-signatures,SS-JNW,Prizms Gold,true,10,Jordan Nwora,
auto-sensational-signatures,SS-JNW,Prizms Choice Green,true,8,Jordan Nwora,
auto-sensational-signatures,SS-JNW,Prizms Black,true,1,Jordan Nwora,
base,92,Blue Prizms,false,,Khris Middleton,
base,92,Blue Shimmer Prizms,false,,Khris Middleton,
base,92,Blue Wave Prizms,false,,Khris Middleton,
base,92,Choice Blue Prizms,false,,Khris Middleton,
base,92,"Choice Blue, Yellow and Green Prizms",false,,Khris Middleton,
base,92,Choice Green Prizms,false,,Khris Middleton,
base,92,Choice Nebula Prizms,false,,Khris Middleton,
base,92,Choice Red Prizms,false,,Khris Middleton,
base,92,Choice Tiger Stripe Prizms,false,,Khris Middleton,
base,92,Fast Break Blue Prizms,false,,Khris Middleton,
base,92,Fast Break Bronze Prizms,false,,Khris Middleton,
base,92,Fast Break Neon Green Prizms,false,,Khris Middleton,
base,92,Fast Break Prizms,false,,Khris Middleton,
base,92,Fast Break Purple Prizms,false,,Khris Middleton,
base,92,Fast Break Red Prizms,false,,Khris Middleton,
base,92,Gold Prizms,false,,Khris Middleton,
base,92,Gold Shimmer Prizms,false,,Khris Middleton,
base,92,Gold Wave Prizms,false,,Khris Middleton,
base,92,Green Ice Prizms,false,,Khris Middleton,
base,92,Green Prizms,false,,Khris Middleton,
base,92,Green Pulsar Prizms,false,,Khris Middleton,
base,92,Green Shimmer Prizms,false,,Khris Middleton,
base,92,Hyper Prizms,false,,Khris Middleton,
base,92,Lucky Envelopes Prizms,false,,Khris Middleton,
base,92,Mojo Prizms,false,,Khris Middleton,
base,92,Orange Ice Prizms,false,,Khris Middleton,
base,92,Orange Prizms,false,,Khris Middleton,
base,92,Orange Wave Prizms,false,,Khris Middleton,
base,92,Pink Ice Prizms,false,,Khris Middleton,
base,92,Pink Pulsar Prizms,false,,Khris Middleton,
base,92,Purple Ice Prizms,false,,Khris Middleton,
base,92,Purple Prizms,false,,Khris Middleton,
base,92,Purple Pulsar Prizms,false,,Khris Middleton,
base,92,Purple Wave Prizms,false,,Khris Middleton,
base,92,Red Ice Prizms,false,,Khris Middleton,
base,92,Red Prizms,false,,Khris Middleton,
base,92,"Red, White and Blue Prizms",false,,Khris Middleton,
base,92,Ruby Wave Prizms,false,,Khris Middleton,
base,92,Silver Prizms,false,,Khris Middleton,
base,92,White Sparkle Prizm,false,,Khris Middleton,
base,92,Fast Break Pink Prizms,false,,Khris Middleton,
base,92,Black Prizms,false,,Khris Middleton,
base,92,Black Shimmer Prizms,false,,Khris Middleton,
base,92,Blue Ice Prizms,false,,Khris Middleton,
base,92,Black Gold Prizms,false,,Khris Middleton,
auto-sensational-signatures,SS-DDI,Prizms Silver,true,,Donte DiVincenzo,
auto-sensational-signatures,SS-DDI,Prizms Choice,true,,Donte DiVincenzo,
auto-sensational-signatures,SS-DDI,Prizms Mojo,true,25,Donte DiVincenzo,
auto-sensational-signatures,SS-DDI,Prizms Gold,true,10,Donte DiVincenzo,
auto-sensational-signatures,SS-DDI,Prizms Choice Green,true,8,Donte DiVincenzo,
auto-sensational-signatures,SS-DDI,Prizms Black,true,1,Donte DiVincenzo,
insert-sensational-swatches,SSW-AMI,Prizms Orange Ice,false,,Andre Miller,
insert-sensational-swatches,SSW-AMI,Prizms Green Ice,false,56,Andre Miller,
insert-sensational-swatches,SSW-AMI,Prime,false,10,Andre Miller,
insert-instant-impact,1,Prizms Green,false,,Anthony Edwards,
insert-instant-impact,1,Prizms Silver,false,,Anthony Edwards,
auto-fast-break-rookie-autographs,FR-AEW,Gold,true,10,Anthony Edwards,
auto-fast-break-rookie-autographs,FR-AEW,Black,true,1,Anthony Edwards,
base,238,Blue Prizms,false,,Jarrett Culver,
base,238,Blue Shimmer Prizms,false,,Jarrett Culver,
base,238,Blue Wave Prizms,false,,Jarrett Culver,
base,238,Choice Blue Prizms,false,,Jarrett Culver,
base,238,"Choice Blue, Yellow and Green Prizms",false,,Jarrett Culver,
base,238,Choice Green Prizms,false,,Jarrett Culver,
base,238,Choice Nebula Prizms,false,,Jarrett Culver,
base,238,Choice Red Prizms,false,,Jarrett Culver,
base,238,Choice Tiger Stripe Prizms,false,,Jarrett Culver,
base,238,Fast Break Blue Prizms,false,,Jarrett Culver,
base,238,Fast Break Bronze Prizms,false,,Jarrett Culver,
base,238,Fast Break Neon Green Prizms,false,,Jarrett Culver,
base,238,Fast Break Prizms,false,,Jarrett Culver,
base,238,Fast Break Purple Prizms,false,,Jarrett Culver,
base,238,Fast Break Red Prizms,false,,Jarrett Culver,
base,238,Gold Prizms,false,,Jarrett Culver,
base,238,Gold Shimmer Prizms,false,,Jarrett Culver,
base,238,Gold Wave Prizms,false,,Jarrett Culver,
base,238,Green Ice Prizms,false,,Jarrett Culver,
base,238,Green Prizms,false,,Jarrett Culver,
base,238,Green Pulsar Prizms,false,,Jarrett Culver,
base,238,Green Shimmer Prizms,false,,Jarrett Culver,
base,238,Hyper Prizms,false,,Jarrett Culver,
base,238,Lucky Envelopes Prizms,false,,Jarrett Culver,
base,238,Mojo Prizms,false,,Jarrett Culver,
base,238,Orange Ice Prizms,false,,Jarrett Culver,
base,238,Orange Prizms,false,,Jarrett Culver,
base,238,Orange Wave Prizms,false,,Jarrett Culver,
base,238,Pink Ice Prizms,false,,Jarrett Culver,
base,238,Pink Pulsar Prizms,false,,Jarrett Culver,
base,238,Purple Ice Prizms,false,,Jarrett Culver,
base,238,Purple Prizms,false,,Jarrett Culver,
base,238,Purple Pulsar Prizms,false,,Jarrett Culver,
base,238,Purple Wave Prizms,false,,Jarrett Culver,
base,238,Red Ice Prizms,false,,Jarrett Culver,
base,238,Red Prizms,false,,Jarrett Culver,
base,238,"Red, White and Blue Prizms",false,,Jarrett Culver,
base,238,Ruby Wave Prizms,false,,Jarrett Culver,
base,238,Silver Prizms,false,,Jarrett Culver,
base,238,White Sparkle Prizm,false,,Jarrett Culver,
base,238,Fast Break Pink Prizms,false,,Jarrett Culver,
base,238,Black Prizms,false,,Jarrett Culver,
base,238,Black Shimmer Prizms,false,,Jarrett Culver,
base,238,Blue Ice Prizms,false,,Jarrett Culver,
base,238,Black Gold Prizms,false,,Jarrett Culver,
insert-penmanship,PE-NAZ,Prizms Orange Ice,false,,Naz Reid,
insert-penmanship,PE-NAZ,Prizms Silver,false,,Naz Reid,
insert-penmanship,PE-NAZ,Prizms Green Ice,false,16,Naz Reid,
auto-fast-break-autographs,FBA-KAT,Gold,true,10,Karl-Anthony Towns,
auto-fast-break-autographs,FBA-KAT,Black,true,1,Karl-Anthony Towns,
auto-sensational-signatures,SS-JMD,Prizms Silver,true,,Jaden McDaniels,
auto-sensational-signatures,SS-JMD,Prizms Choice,true,,Jaden McDaniels,
auto-sensational-signatures,SS-JMD,Prizms Mojo,true,25,Jaden McDaniels,
auto-sensational-signatures,SS-JMD,Prizms Gold,true,10,Jaden McDaniels,
auto-sensational-signatures,SS-JMD,Prizms Choice Green,true,8,Jaden McDaniels,
auto-sensational-signatures,SS-JMD,Prizms Black,true,1,Jaden McDaniels,
insert-emergent,10,Prizms Green,false,,Jaden McDaniels,
insert-emergent,10,Prizms Silver,false,,Jaden McDaniels,
auto-fast-break-autographs,FBA-JCR,Gold,true,10,Jarrett Culver,
auto-fast-break-autographs,FBA-JCR,Black,true,1,Jarrett Culver,
base,155,Blue Prizms,false,,Josh Okogie,
base,155,Blue Shimmer Prizms,false,,Josh Okogie,
base,155,Blue Wave Prizms,false,,Josh Okogie,
base,155,Choice Blue Prizms,false,,Josh Okogie,
base,155,"Choice Blue, Yellow and Green Prizms",false,,Josh Okogie,
base,155,Choice Green Prizms,false,,Josh Okogie,
base,155,Choice Nebula Prizms,false,,Josh Okogie,
base,155,Choice Red Prizms,false,,Josh Okogie,
base,155,Choice Tiger Stripe Prizms,false,,Josh Okogie,
base,155,Fast Break Blue Prizms,false,,Josh Okogie,
base,155,Fast Break Bronze Prizms,false,,Josh Okogie,
base,155,Fast Break Neon Green Prizms,false,,Josh Okogie,
base,155,Fast Break Prizms,false,,Josh Okogie,
base,155,Fast Break Purple Prizms,false,,Josh Okogie,
base,155,Fast Break Red Prizms,false,,Josh Okogie,
base,155,Gold Prizms,false,,Josh Okogie,
base,155,Gold Shimmer Prizms,false,,Josh Okogie,
base,155,Gold Wave Prizms,false,,Josh Okogie,
base,155,Green Ice Prizms,false,,Josh Okogie,
base,155,Green Prizms,false,,Josh Okogie,
base,155,Green Pulsar Prizms,false,,Josh Okogie,
base,155,Green Shimmer Prizms,false,,Josh Okogie,
base,155,Hyper Prizms,false,,Josh Okogie,
base,155,Lucky Envelopes Prizms,false,,Josh Okogie,
base,155,Mojo Prizms,false,,Josh Okogie,
base,155,Orange Ice Prizms,false,,Josh Okogie,
base,155,Orange Prizms,false,,Josh Okogie,
base,155,Orange Wave Prizms,false,,Josh Okogie,
base,155,Pink Ice Prizms,false,,Josh Okogie,
base,155,Pink Pulsar Prizms,false,,Josh Okogie,
base,155,Purple Ice Prizms,false,,Josh Okogie,
base,155,Purple Prizms,false,,Josh Okogie,
base,155,Purple Pulsar Prizms,false,,Josh Okogie,
base,155,Purple Wave Prizms,false,,Josh Okogie,
base,155,Red Ice Prizms,false,,Josh Okogie,
base,155,Red Prizms,false,,Josh Okogie,
base,155,"Red, White and Blue Prizms",false,,Josh Okogie,
base,155,Ruby Wave Prizms,false,,Josh Okogie,
base,155,Silver Prizms,false,,Josh Okogie,
base,155,White Sparkle Prizm,false,,Josh Okogie,
base,155,Fast Break Pink Prizms,false,,Josh Okogie,
base,155,Black Prizms,false,,Josh Okogie,
base,155,Black Shimmer Prizms,false,,Josh Okogie,
base,155,Blue Ice Prizms,false,,Josh Okogie,
base,155,Black Gold Prizms,false,,Josh Okogie,
base,258,Blue Prizms,false,,Anthony Edwards,
base,258,Blue Shimmer Prizms,false,,Anthony Edwards,
base,258,Blue Wave Prizms,false,,Anthony Edwards,
base,258,Choice Blue Prizms,false,,Anthony Edwards,
base,258,"Choice Blue, Yellow and Green Prizms",false,,Anthony Edwards,
base,258,Choice Green Prizms,false,,Anthony Edwards,
base,258,Choice Nebula Prizms,false,,Anthony Edwards,
base,258,Choice Red Prizms,false,,Anthony Edwards,
base,258,Choice Tiger Stripe Prizms,false,,Anthony Edwards,
base,258,Fast Break Blue Prizms,false,,Anthony Edwards,
base,258,Fast Break Bronze Prizms,false,,Anthony Edwards,
base,258,Fast Break Neon Green Prizms,false,,Anthony Edwards,
base,258,Fast Break Prizms,false,,Anthony Edwards,
base,258,Fast Break Purple Prizms,false,,Anthony Edwards,
base,258,Fast Break Red Prizms,false,,Anthony Edwards,
base,258,Gold Prizms,false,,Anthony Edwards,
base,258,Gold Shimmer Prizms,false,,Anthony Edwards,
base,258,Gold Wave Prizms,false,,Anthony Edwards,
base,258,Green Ice Prizms,false,,Anthony Edwards,
base,258,Green Prizms,false,,Anthony Edwards,
base,258,Green Pulsar Prizms,false,,Anthony Edwards,
base,258,Green Shimmer Prizms,false,,Anthony Edwards,
base,258,Hyper Prizms,false,,Anthony Edwards,
base,258,Lucky Envelopes Prizms,false,,Anthony Edwards,
base,258,Mojo Prizms,false,,Anthony Edwards,
base,258,Orange Ice Prizms,false,,Anthony Edwards,
base,258,Orange Prizms,false,,Anthony Edwards,
base,258,Orange Wave Prizms,false,,Anthony Edwards,
base,258,Pink Ice Prizms,false,,Anthony Edwards,
base,258,Pink Pulsar Prizms,false,,Anthony Edwards,
base,258,Purple Ice Prizms,false,,Anthony Edwards,
base,258,Purple Prizms,false,,Anthony Edwards,
base,258,Purple Pulsar Prizms,false,,Anthony Edwards,
base,258,Purple Wave Prizms,false,,Anthony Edwards,
base,258,Red Ice Prizms,false,,Anthony Edwards,
base,258,Red Prizms,false,,Anthony Edwards,
base,258,"Red, White and Blue Prizms",false,,Anthony Edwards,
base,258,Ruby Wave Prizms,false,,Anthony Edwards,
base,258,Silver Prizms,false,,Anthony Edwards,
base,258,White Sparkle Prizm,false,,Anthony Edwards,
base,258,Fast Break Pink Prizms,false,,Anthony Edwards,
base,258,Black Prizms,false,,Anthony Edwards,
base,258,Black Shimmer Prizms,false,,Anthony Edwards,
base,258,Blue Ice Prizms,false,,Anthony Edwards,
base,258,Black Gold Prizms,false,,Anthony Edwards,
insert-fireworks,23,Prizms Silver,false,,Karl-Anthony Towns,
insert-fireworks,23,Fast Break,false,,Karl-Anthony Towns,
insert-fireworks,23,Prizms Hyper,false,,Karl-Anthony Towns,
insert-fireworks,23,Prizms Mojo,false,25,Karl-Anthony Towns,
insert-fireworks,23,Prizms Gold,false,10,Karl-Anthony Towns,
insert-fireworks,23,Prizms Black,false,1,Karl-Anthony Towns,
base,167,Blue Prizms,false,,Karl-Anthony Towns,
base,167,Blue Shimmer Prizms,false,,Karl-Anthony Towns,
base,167,Blue Wave Prizms,false,,Karl-Anthony Towns,
base,167,Choice Blue Prizms,false,,Karl-Anthony Towns,
base,167,"Choice Blue, Yellow and Green Prizms",false,,Karl-Anthony Towns,
base,167,Choice Green Prizms,false,,Karl-Anthony Towns,
base,167,Choice Nebula Prizms,false,,Karl-Anthony Towns,
base,167,Choice Red Prizms,false,,Karl-Anthony Towns,
base,167,Choice Tiger Stripe Prizms,false,,Karl-Anthony Towns,
base,167,Fast Break Blue Prizms,false,,Karl-Anthony Towns,
base,167,Fast Break Bronze Prizms,false,,Karl-Anthony Towns,
base,167,Fast Break Neon Green Prizms,false,,Karl-Anthony Towns,
base,167,Fast Break Prizms,false,,Karl-Anthony Towns,
base,167,Fast Break Purple Prizms,false,,Karl-Anthony Towns,
base,167,Fast Break Red Prizms,false,,Karl-Anthony Towns,
base,167,Gold Prizms,false,,Karl-Anthony Towns,
base,167,Gold Shimmer Prizms,false,,Karl-Anthony Towns,
base,167,Gold Wave Prizms,false,,Karl-Anthony Towns,
base,167,Green Ice Prizms,false,,Karl-Anthony Towns,
base,167,Green Prizms,false,,Karl-Anthony Towns,
base,167,Green Pulsar Prizms,false,,Karl-Anthony Towns,
base,167,Green Shimmer Prizms,false,,Karl-Anthony Towns,
base,167,Hyper Prizms,false,,Karl-Anthony Towns,
base,167,Lucky Envelopes Prizms,false,,Karl-Anthony Towns,
base,167,Mojo Prizms,false,,Karl-Anthony Towns,
base,167,Orange Ice Prizms,false,,Karl-Anthony Towns,
base,167,Orange Prizms,false,,Karl-Anthony Towns,
base,167,Orange Wave Prizms,false,,Karl-Anthony Towns,
base,167,Pink Ice Prizms,false,,Karl-Anthony Towns,
base,167,Pink Pulsar Prizms,false,,Karl-Anthony Towns,
base,167,Purple Ice Prizms,false,,Karl-Anthony Towns,
base,167,Purple Prizms,false,,Karl-Anthony Towns,
base,167,Purple Pulsar Prizms,false,,Karl-Anthony Towns,
base,167,Purple Wave Prizms,false,,Karl-Anthony Towns,
base,167,Red Ice Prizms,false,,Karl-Anthony Towns,
base,167,Red Prizms,false,,Karl-Anthony Towns,
base,167,"Red, White and Blue Prizms",false,,Karl-Anthony Towns,
base,167,Ruby Wave Prizms,false,,Karl-Anthony Towns,
base,167,Silver Prizms,false,,Karl-Anthony Towns,
base,167,White Sparkle Prizm,false,,Karl-Anthony Towns,
base,167,Fast Break Pink Prizms,false,,Karl-Anthony Towns,
base,167,Black Prizms,false,,Karl-Anthony Towns,
base,167,Black Shimmer Prizms,false,,Karl-Anthony Towns,
base,167,Blue Ice Prizms,false,,Karl-Anthony Towns,
base,167,Black Gold Prizms,false,,Karl-Anthony Towns,
base,277,Blue Prizms,false,,Jaden McDaniels,
base,277,Blue Shimmer Prizms,false,,Jaden McDaniels,
base,277,Blue Wave Prizms,false,,Jaden McDaniels,
base,277,Choice Blue Prizms,false,,Jaden McDaniels,
base,277,"Choice Blue, Yellow and Green Prizms",false,,Jaden McDaniels,
base,277,Choice Green Prizms,false,,Jaden McDaniels,
base,277,Choice Nebula Prizms,false,,Jaden McDaniels,
base,277,Choice Red Prizms,false,,Jaden McDaniels,
base,277,Choice Tiger Stripe Prizms,false,,Jaden McDaniels,
base,277,Fast Break Blue Prizms,false,,Jaden McDaniels,
base,277,Fast Break Bronze Prizms,false,,Jaden McDaniels,
base,277,Fast Break Neon Green Prizms,false,,Jaden McDaniels,
base,277,Fast Break Prizms,false,,Jaden McDaniels,
base,277,Fast Break Purple Prizms,false,,Jaden McDaniels,
base,277,Fast Break Red Prizms,false,,Jaden McDaniels,
base,277,Gold Prizms,false,,Jaden McDaniels,
base,277,Gold Shimmer Prizms,false,,Jaden McDaniels,
base,277,Gold Wave Prizms,false,,Jaden McDaniels,
base,277,Green Ice Prizms,false,,Jaden McDaniels,
base,277,Green Prizms,false,,Jaden McDaniels,
base,277,Green Pulsar Prizms,false,,Jaden McDaniels,
base,277,Green Shimmer Prizms,false,,Jaden McDaniels,
base,277,Hyper Prizms,false,,Jaden McDaniels,
base,277,Lucky Envelopes Prizms,false,,Jaden McDaniels,
base,277,Mojo Prizms,false,,Jaden McDaniels,
base,277,Orange Ice Prizms,false,,Jaden McDaniels,
base,277,Orange Prizms,false,,Jaden McDaniels,
base,277,Orange Wave Prizms,false,,Jaden McDaniels,
base,277,Pink Ice Prizms,false,,Jaden McDaniels,
base,277,Pink Pulsar Prizms,false,,Jaden McDaniels,
base,277,Purple Ice Prizms,false,,Jaden McDaniels,
base,277,Purple Prizms,false,,Jaden McDaniels,
base,277,Purple Pulsar Prizms,false,,Jaden McDaniels,
base,277,Purple Wave Prizms,false,,Jaden McDaniels,
base,277,Red Ice Prizms,false,,Jaden McDaniels,
base,277,Red Prizms,false,,Jaden McDaniels,
base,277,"Red, White and Blue Prizms",false,,Jaden McDaniels,
base,277,Ruby Wave Prizms,false,,Jaden McDaniels,
base,277,Silver Prizms,false,,Jaden McDaniels,
base,277,White Sparkle Prizm,false,,Jaden McDaniels,
base,277,Fast Break Pink Prizms,false,,Jaden McDaniels,
base,277,Black Prizms,false,,Jaden McDaniels,
base,277,Black Shimmer Prizms,false,,Jaden McDaniels,
base,277,Blue Ice Prizms,false,,Jaden McDaniels,
base,277,Black Gold Prizms,false,,Jaden McDaniels,
auto-rookie-signatures,RS-AEW,Prizms Silver,true,,Anthony Edwards,
auto-rookie-signatures,RS-AEW,Prizms Choice,true,,Anthony Edwards,
auto-rookie-signatures,RS-AEW,Prizms Mojo,true,25,Anthony Edwards,
auto-rookie-signatures,RS-AEW,Prizms Gold,true,10,Anthony Edwards,
auto-rookie-signatures,RS-AEW,Prizms Choice Green,true,8,Anthony Edwards,
auto-rookie-signatures,RS-AEW,Prizms Black,true,1,Anthony Edwards,
auto-rookie-signatures,RS-AEW,Prizms White Sparkle,true,1,Anthony Edwards,
insert-emergent,3,Prizms Green,false,,Anthony Edwards,
insert-emergent,3,Prizms Silver,false,,Anthony Edwards,
insert-sensational-swatches,SSW-KAT,Prizms Orange Ice,false,,Karl-Anthony Towns,
insert-sensational-swatches,SSW-KAT,Prizms Green Ice,false,56,Karl-Anthony Towns,
insert-sensational-swatches,SSW-KAT,Prime,false,10,Karl-Anthony Towns,
base,247,Blue Prizms,false,,James Johnson,
base,247,Blue Shimmer Prizms,false,,James Johnson,
base,247,Blue Wave Prizms,false,,James Johnson,
base,247,Choice Blue Prizms,false,,James Johnson,
base,247,"Choice Blue, Yellow and Green Prizms",false,,James Johnson,
base,247,Choice Green Prizms,false,,James Johnson,
base,247,Choice Nebula Prizms,false,,James Johnson,
base,247,Choice Red Prizms,false,,James Johnson,
base,247,Choice Tiger Stripe Prizms,false,,James Johnson,
base,247,Fast Break Blue Prizms,false,,James Johnson,
base,247,Fast Break Bronze Prizms,false,,James Johnson,
base,247,Fast Break Neon Green Prizms,false,,James Johnson,
base,247,Fast Break Prizms,false,,James Johnson,
base,247,Fast Break Purple Prizms,false,,James Johnson,
base,247,Fast Break Red Prizms,false,,James Johnson,
base,247,Gold Prizms,false,,James Johnson,
base,247,Gold Shimmer Prizms,false,,James Johnson,
base,247,Gold Wave Prizms,false,,James Johnson,
base,247,Green Ice Prizms,false,,James Johnson,
base,247,Green Prizms,false,,James Johnson,
base,247,Green Pulsar Prizms,false,,James Johnson,
base,247,Green Shimmer Prizms,false,,James Johnson,
base,247,Hyper Prizms,false,,James Johnson,
base,247,Lucky Envelopes Prizms,false,,James Johnson,
base,247,Mojo Prizms,false,,James Johnson,
base,247,Orange Ice Prizms,false,,James Johnson,
base,247,Orange Prizms,false,,James Johnson,
base,247,Orange Wave Prizms,false,,James Johnson,
base,247,Pink Ice Prizms,false,,James Johnson,
base,247,Pink Pulsar Prizms,false,,James Johnson,
base,247,Purple Ice Prizms,false,,James Johnson,
base,247,Purple Prizms,false,,James Johnson,
base,247,Purple Pulsar Prizms,false,,James Johnson,
base,247,Purple Wave Prizms,false,,James Johnson,
base,247,Red Ice Prizms,false,,James Johnson,
base,247,Red Prizms,false,,James Johnson,
base,247,"Red, White and Blue Prizms",false,,James Johnson,
base,247,Ruby Wave Prizms,false,,James Johnson,
base,247,Silver Prizms,false,,James Johnson,
base,247,White Sparkle Prizm,false,,James Johnson,
base,247,Fast Break Pink Prizms,false,,James Johnson,
base,247,Black Prizms,false,,James Johnson,
base,247,Black Shimmer Prizms,false,,James Johnson,
base,247,Blue Ice Prizms,false,,James Johnson,
base,247,Black Gold Prizms,false,,James Johnson,
insert-rookie-penmanship,RP-AEW,Prizms Orange Ice,false,,Anthony Edwards,
insert-rookie-penmanship,RP-AEW,Prizms Blue Wave,false,,Anthony Edwards,
insert-rookie-penmanship,RP-AEW,Prizms Silver,false,,Anthony Edwards,
insert-rookie-penmanship,RP-AEW,Prizms Gold Wave,false,,Anthony Edwards,
insert-rookie-penmanship,RP-AEW,Prizms Green Ice,false,16,Anthony Edwards,
base,102,Blue Prizms,false,,Malik Beasley,
base,102,Blue Shimmer Prizms,false,,Malik Beasley,
base,102,Blue Wave Prizms,false,,Malik Beasley,
base,102,Choice Blue Prizms,false,,Malik Beasley,
base,102,"Choice Blue, Yellow and Green Prizms",false,,Malik Beasley,
base,102,Choice Green Prizms,false,,Malik Beasley,
base,102,Choice Nebula Prizms,false,,Malik Beasley,
base,102,Choice Red Prizms,false,,Malik Beasley,
base,102,Choice Tiger Stripe Prizms,false,,Malik Beasley,
base,102,Fast Break Blue Prizms,false,,Malik Beasley,
base,102,Fast Break Bronze Prizms,false,,Malik Beasley,
base,102,Fast Break Neon Green Prizms,false,,Malik Beasley,
base,102,Fast Break Prizms,false,,Malik Beasley,
base,102,Fast Break Purple Prizms,false,,Malik Beasley,
base,102,Fast Break Red Prizms,false,,Malik Beasley,
base,102,Gold Prizms,false,,Malik Beasley,
base,102,Gold Shimmer Prizms,false,,Malik Beasley,
base,102,Gold Wave Prizms,false,,Malik Beasley,
base,102,Green Ice Prizms,false,,Malik Beasley,
base,102,Green Prizms,false,,Malik Beasley,
base,102,Green Pulsar Prizms,false,,Malik Beasley,
base,102,Green Shimmer Prizms,false,,Malik Beasley,
base,102,Hyper Prizms,false,,Malik Beasley,
base,102,Lucky Envelopes Prizms,false,,Malik Beasley,
base,102,Mojo Prizms,false,,Malik Beasley,
base,102,Orange Ice Prizms,false,,Malik Beasley,
base,102,Orange Prizms,false,,Malik Beasley,
base,102,Orange Wave Prizms,false,,Malik Beasley,
base,102,Pink Ice Prizms,false,,Malik Beasley,
base,102,Pink Pulsar Prizms,false,,Malik Beasley,
base,102,Purple Ice Prizms,false,,Malik Beasley,
base,102,Purple Prizms,false,,Malik Beasley,
base,102,Purple Pulsar Prizms,false,,Malik Beasley,
base,102,Purple Wave Prizms,false,,Malik Beasley,
base,102,Red Ice Prizms,false,,Malik Beasley,
base,102,Red Prizms,false,,Malik Beasley,
base,102,"Red, White and Blue Prizms",false,,Malik Beasley,
base,102,Ruby Wave Prizms,false,,Malik Beasley,
base,102,Silver Prizms,false,,Malik Beasley,
base,102,White Sparkle Prizm,false,,Malik Beasley,
base,102,Fast Break Pink Prizms,false,,Malik Beasley,
base,102,Black Prizms,false,,Malik Beasley,
base,102,Black Shimmer Prizms,false,,Malik Beasley,
base,102,Blue Ice Prizms,false,,Malik Beasley,
base,102,Black Gold Prizms,false,,Malik Beasley,
auto-fast-break-autographs,FBA-JJO,Gold,true,10,James Johnson,
auto-fast-break-autographs,FBA-JJO,Black,true,1,James Johnson,
base,258b,Blue Prizms,false,,Anthony Edwards,
base,258b,Blue Shimmer Prizms,false,,Anthony Edwards,
base,258b,Blue Wave Prizms,false,,Anthony Edwards,
base,258b,Choice Blue Prizms,false,,Anthony Edwards,
base,258b,"Choice Blue, Yellow and Green Prizms",false,,Anthony Edwards,
base,258b,Choice Green Prizms,false,,Anthony Edwards,
base,258b,Choice Nebula Prizms,false,,Anthony Edwards,
base,258b,Choice Red Prizms,false,,Anthony Edwards,
base,258b,Choice Tiger Stripe Prizms,false,,Anthony Edwards,
base,258b,Fast Break Blue Prizms,false,,Anthony Edwards,
base,258b,Fast Break Bronze Prizms,false,,Anthony Edwards,
base,258b,Fast Break Neon Green Prizms,false,,Anthony Edwards,
base,258b,Fast Break Prizms,false,,Anthony Edwards,
base,258b,Fast Break Purple Prizms,false,,Anthony Edwards,
base,258b,Fast Break Red Prizms,false,,Anthony Edwards,
base,258b,Gold Prizms,false,,Anthony Edwards,
base,258b,Gold Shimmer Prizms,false,,Anthony Edwards,
base,258b,Gold Wave Prizms,false,,Anthony Edwards,
base,258b,Green Ice Prizms,false,,Anthony Edwards,
base,258b,Green Prizms,false,,Anthony Edwards,
base,258b,Green Pulsar Prizms,false,,Anthony Edwards,
base,258b,Green Shimmer Prizms,false,,Anthony Edwards,
base,258b,Hyper Prizms,false,,Anthony Edwards,
base,258b,Lucky Envelopes Prizms,false,,Anthony Edwards,
base,258b,Mojo Prizms,false,,Anthony Edwards,
base,258b,Orange Ice Prizms,false,,Anthony Edwards,
base,258b,Orange Prizms,false,,Anthony Edwards,
base,258b,Orange Wave Prizms,false,,Anthony Edwards,
base,258b,Pink Ice Prizms,false,,Anthony Edwards,
base,258b,Pink Pulsar Prizms,false,,Anthony Edwards,
base,258b,Purple Ice Prizms,false,,Anthony Edwards,
base,258b,Purple Prizms,false,,Anthony Edwards,
base,258b,Purple Pulsar Prizms,false,,Anthony Edwards,
base,258b,Purple Wave Prizms,false,,Anthony Edwards,
base,258b,Red Ice Prizms,false,,Anthony Edwards,
base,258b,Red Prizms,false,,Anthony Edwards,
base,258b,"Red, White and Blue Prizms",false,,Anthony Edwards,
base,258b,Ruby Wave Prizms,false,,Anthony Edwards,
base,258b,Silver Prizms,false,,Anthony Edwards,
base,258b,White Sparkle Prizm,false,,Anthony Edwards,
base,258b,Fast Break Pink Prizms,false,,Anthony Edwards,
base,258b,Black Prizms,false,,Anthony Edwards,
base,258b,Black Shimmer Prizms,false,,Anthony Edwards,
base,258b,Blue Ice Prizms,false,,Anthony Edwards,
base,258b,Black Gold Prizms,false,,Anthony Edwards,
auto-fast-break-rookie-autographs,FR-JMD,Gold,true,10,Jaden McDaniels,
auto-fast-break-rookie-autographs,FR-JMD,Black,true,1,Jaden McDaniels,
auto-rookie-signatures,RS-JMD,Prizms Silver,true,,Jaden McDaniels,
auto-rookie-signatures,RS-JMD,Prizms Choice,true,,Jaden McDaniels,
auto-rookie-signatures,RS-JMD,Prizms Mojo,true,25,Jaden McDaniels,
auto-rookie-signatures,RS-JMD,Prizms Gold,true,10,Jaden McDaniels,
auto-rookie-signatures,RS-JMD,Prizms Choice Green,true,8,Jaden McDaniels,
auto-rookie-signatures,RS-JMD,Prizms Black,true,1,Jaden McDaniels,
auto-rookie-signatures,RS-JMD,Prizms White Sparkle,true,1,Jaden McDaniels,
insert-fireworks,9,Prizms Silver,false,,D'Angelo Russell,
insert-fireworks,9,Fast Break,false,,D'Angelo Russell,
insert-fireworks,9,Prizms Hyper,false,,D'Angelo Russell,
insert-fireworks,9,Prizms Mojo,false,25,D'Angelo Russell,
insert-fireworks,9,Prizms Gold,false,10,D'Angelo Russell,
insert-fireworks,9,Prizms Black,false,1,D'Angelo Russell,
insert-fearless,18,Fast Break,false,,Kevin Garnett,
insert-fearless,18,Prizms Hyper,false,,Kevin Garnett,
insert-fearless,18,Prizms Silver,false,,Kevin Garnett,
insert-fearless,18,Prizms Mojo,false,25,Kevin Garnett,
insert-fearless,18,Prizms Gold,false,10,Kevin Garnett,
insert-fearless,18,Prizms Black,false,1,Kevin Garnett,
insert-penmanship,PE-KAT,Prizms Orange Ice,false,,Karl-Anthony Towns,
insert-penmanship,PE-KAT,Prizms Silver,false,,Karl-Anthony Towns,
insert-penmanship,PE-KAT,Prizms Green Ice,false,16,Karl-Anthony Towns,
base,245,Blue Prizms,false,,Jake Layman,
base,245,Blue Shimmer Prizms,false,,Jake Layman,
base,245,Blue Wave Prizms,false,,Jake Layman,
base,245,Choice Blue Prizms,false,,Jake Layman,
base,245,"Choice Blue, Yellow and Green Prizms",false,,Jake Layman,
base,245,Choice Green Prizms,false,,Jake Layman,
base,245,Choice Nebula Prizms,false,,Jake Layman,
base,245,Choice Red Prizms,false,,Jake Layman,
base,245,Choice Tiger Stripe Prizms,false,,Jake Layman,
base,245,Fast Break Blue Prizms,false,,Jake Layman,
base,245,Fast Break Bronze Prizms,false,,Jake Layman,
base,245,Fast Break Neon Green Prizms,false,,Jake Layman,
base,245,Fast Break Prizms,false,,Jake Layman,
base,245,Fast Break Purple Prizms,false,,Jake Layman,
base,245,Fast Break Red Prizms,false,,Jake Layman,
base,245,Gold Prizms,false,,Jake Layman,
base,245,Gold Shimmer Prizms,false,,Jake Layman,
base,245,Gold Wave Prizms,false,,Jake Layman,
base,245,Green Ice Prizms,false,,Jake Layman,
base,245,Green Prizms,false,,Jake Layman,
base,245,Green Pulsar Prizms,false,,Jake Layman,
base,245,Green Shimmer Prizms,false,,Jake Layman,
base,245,Hyper Prizms,false,,Jake Layman,
base,245,Lucky Envelopes Prizms,false,,Jake Layman,
base,245,Mojo Prizms,false,,Jake Layman,
base,245,Orange Ice Prizms,false,,Jake Layman,
base,245,Orange Prizms,false,,Jake Layman,
base,245,Orange Wave Prizms,false,,Jake Layman,
base,245,Pink Ice Prizms,false,,Jake Layman,
base,245,Pink Pulsar Prizms,false,,Jake Layman,
base,245,Purple Ice Prizms,false,,Jake Layman,
base,245,Purple Prizms,false,,Jake Layman,
base,245,Purple Pulsar Prizms,false,,Jake Layman,
base,245,Purple Wave Prizms,false,,Jake Layman,
base,245,Red Ice Prizms,false,,Jake Layman,
base,245,Red Prizms,false,,Jake Layman,
base,245,"Red, White and Blue Prizms",false,,Jake Layman,
base,245,Ruby Wave Prizms,false,,Jake Layman,
base,245,Silver Prizms,false,,Jake Layman,
base,245,White Sparkle Prizm,false,,Jake Layman,
base,245,Fast Break Pink Prizms,false,,Jake Layman,
base,245,Black Prizms,false,,Jake Layman,
base,245,Black Shimmer Prizms,false,,Jake Layman,
base,245,Blue Ice Prizms,false,,Jake Layman,
base,245,Black Gold Prizms,false,,Jake Layman,
base,187,Blue Prizms,false,,Kevin Garnett,
base,187,Blue Shimmer Prizms,false,,Kevin Garnett,
base,187,Blue Wave Prizms,false,,Kevin Garnett,
base,187,Choice Blue Prizms,false,,Kevin Garnett,
base,187,"Choice Blue, Yellow and Green Prizms",false,,Kevin Garnett,
base,187,Choice Green Prizms,false,,Kevin Garnett,
base,187,Choice Nebula Prizms,false,,Kevin Garnett,
base,187,Choice Red Prizms,false,,Kevin Garnett,
base,187,Choice Tiger Stripe Prizms,false,,Kevin Garnett,
base,187,Fast Break Blue Prizms,false,,Kevin Garnett,
base,187,Fast Break Bronze Prizms,false,,Kevin Garnett,
base,187,Fast Break Neon Green Prizms,false,,Kevin Garnett,
base,187,Fast Break Prizms,false,,Kevin Garnett,
base,187,Fast Break Purple Prizms,false,,Kevin Garnett,
base,187,Fast Break Red Prizms,false,,Kevin Garnett,
base,187,Gold Prizms,false,,Kevin Garnett,
base,187,Gold Shimmer Prizms,false,,Kevin Garnett,
base,187,Gold Wave Prizms,false,,Kevin Garnett,
base,187,Green Ice Prizms,false,,Kevin Garnett,
base,187,Green Prizms,false,,Kevin Garnett,
base,187,Green Pulsar Prizms,false,,Kevin Garnett,
base,187,Green Shimmer Prizms,false,,Kevin Garnett,
base,187,Hyper Prizms,false,,Kevin Garnett,
base,187,Lucky Envelopes Prizms,false,,Kevin Garnett,
base,187,Mojo Prizms,false,,Kevin Garnett,
base,187,Orange Ice Prizms,false,,Kevin Garnett,
base,187,Orange Prizms,false,,Kevin Garnett,
base,187,Orange Wave Prizms,false,,Kevin Garnett,
base,187,Pink Ice Prizms,false,,Kevin Garnett,
base,187,Pink Pulsar Prizms,false,,Kevin Garnett,
base,187,Purple Ice Prizms,false,,Kevin Garnett,
base,187,Purple Prizms,false,,Kevin Garnett,
base,187,Purple Pulsar Prizms,false,,Kevin Garnett,
base,187,Purple Wave Prizms,false,,Kevin Garnett,
base,187,Red Ice Prizms,false,,Kevin Garnett,
base,187,Red Prizms,false,,Kevin Garnett,
base,187,"Red, White and Blue Prizms",false,,Kevin Garnett,
base,187,Ruby Wave Prizms,false,,Kevin Garnett,
base,187,Silver Prizms,false,,Kevin Garnett,
base,187,White Sparkle Prizm,false,,Kevin Garnett,
base,187,Fast Break Pink Prizms,false,,Kevin Garnett,
base,187,Black Prizms,false,,Kevin Garnett,
base,187,Black Shimmer Prizms,false,,Kevin Garnett,
base,187,Blue Ice Prizms,false,,Kevin Garnett,
base,187,Black Gold Prizms,false,,Kevin Garnett,
base,192,Blue Prizms,false,,Juancho Hernangomez,
base,192,Blue Shimmer Prizms,false,,Juancho Hernangomez,
base,192,Blue Wave Prizms,false,,Juancho Hernangomez,
base,192,Choice Blue Prizms,false,,Juancho Hernangomez,
base,192,"Choice Blue, Yellow and Green Prizms",false,,Juancho Hernangomez,
base,192,Choice Green Prizms,false,,Juancho Hernangomez,
base,192,Choice Nebula Prizms,false,,Juancho Hernangomez,
base,192,Choice Red Prizms,false,,Juancho Hernangomez,
base,192,Choice Tiger Stripe Prizms,false,,Juancho Hernangomez,
base,192,Fast Break Blue Prizms,false,,Juancho Hernangomez,
base,192,Fast Break Bronze Prizms,false,,Juancho Hernangomez,
base,192,Fast Break Neon Green Prizms,false,,Juancho Hernangomez,
base,192,Fast Break Prizms,false,,Juancho Hernangomez,
base,192,Fast Break Purple Prizms,false,,Juancho Hernangomez,
base,192,Fast Break Red Prizms,false,,Juancho Hernangomez,
base,192,Gold Prizms,false,,Juancho Hernangomez,
base,192,Gold Shimmer Prizms,false,,Juancho Hernangomez,
base,192,Gold Wave Prizms,false,,Juancho Hernangomez,
base,192,Green Ice Prizms,false,,Juancho Hernangomez,
base,192,Green Prizms,false,,Juancho Hernangomez,
base,192,Green Pulsar Prizms,false,,Juancho Hernangomez,
base,192,Green Shimmer Prizms,false,,Juancho Hernangomez,
base,192,Hyper Prizms,false,,Juancho Hernangomez,
base,192,Lucky Envelopes Prizms,false,,Juancho Hernangomez,
base,192,Mojo Prizms,false,,Juancho Hernangomez,
base,192,Orange Ice Prizms,false,,Juancho Hernangomez,
base,192,Orange Prizms,false,,Juancho Hernangomez,
base,192,Orange Wave Prizms,false,,Juancho Hernangomez,
base,192,Pink Ice Prizms,false,,Juancho Hernangomez,
base,192,Pink Pulsar Prizms,false,,Juancho Hernangomez,
base,192,Purple Ice Prizms,false,,Juancho Hernangomez,
base,192,Purple Prizms,false,,Juancho Hernangomez,
base,192,Purple Pulsar Prizms,false,,Juancho Hernangomez,
base,192,Purple Wave Prizms,false,,Juancho Hernangomez,
base,192,Red Ice Prizms,false,,Juancho Hernangomez,
base,192,Red Prizms,false,,Juancho Hernangomez,
base,192,"Red, White and Blue Prizms",false,,Juancho Hernangomez,
base,192,Ruby Wave Prizms,false,,Juancho Hernangomez,
base,192,Silver Prizms,false,,Juancho Hernangomez,
base,192,White Sparkle Prizm,false,,Juancho Hernangomez,
base,192,Fast Break Pink Prizms,false,,Juancho Hernangomez,
base,192,Black Prizms,false,,Juancho Hernangomez,
base,192,Black Shimmer Prizms,false,,Juancho Hernangomez,
base,192,Blue Ice Prizms,false,,Juancho Hernangomez,
base,192,Black Gold Prizms,false,,Juancho Hernangomez,
insert-rookie-penmanship,RP-JMD,Prizms Orange Ice,false,,Jaden McDaniels,
insert-rookie-penmanship,RP-JMD,Prizms Blue Wave,false,,Jaden McDaniels,
insert-rookie-penmanship,RP-JMD,Prizms Silver,false,,Jaden McDaniels,
insert-rookie-penmanship,RP-JMD,Prizms Gold Wave,false,,Jaden McDaniels,
insert-rookie-penmanship,RP-JMD,Prizms Green Ice,false,16,Jaden McDaniels,
auto-sensational-signatures,SS-AEW,Prizms Silver,true,,Anthony Edwards,
auto-sensational-signatures,SS-AEW,Prizms Choice,true,,Anthony Edwards,
auto-sensational-signatures,SS-AEW,Prizms Mojo,true,25,Anthony Edwards,
auto-sensational-signatures,SS-AEW,Prizms Gold,true,10,Anthony Edwards,
auto-sensational-signatures,SS-AEW,Prizms Choice Green,true,8,Anthony Edwards,
auto-sensational-signatures,SS-AEW,Prizms Black,true,1,Anthony Edwards,
auto-sensational-signatures,SS-KGA,Prizms Silver,true,,Kevin Garnett,
auto-sensational-signatures,SS-KGA,Prizms Choice,true,,Kevin Garnett,
auto-sensational-signatures,SS-KGA,Prizms Mojo,true,25,Kevin Garnett,
auto-sensational-signatures,SS-KGA,Prizms Gold,true,10,Kevin Garnett,
auto-sensational-signatures,SS-KGA,Prizms Choice Green,true,8,Kevin Garnett,
auto-sensational-signatures,SS-KGA,Prizms Black,true,1,Kevin Garnett,
base,95,Blue Prizms,false,,D'Angelo Russell,
base,95,Blue Shimmer Prizms,false,,D'Angelo Russell,
base,95,Blue Wave Prizms,false,,D'Angelo Russell,
base,95,Choice Blue Prizms,false,,D'Angelo Russell,
base,95,"Choice Blue, Yellow and Green Prizms",false,,D'Angelo Russell,
base,95,Choice Green Prizms,false,,D'Angelo Russell,
base,95,Choice Nebula Prizms,false,,D'Angelo Russell,
base,95,Choice Red Prizms,false,,D'Angelo Russell,
base,95,Choice Tiger Stripe Prizms,false,,D'Angelo Russell,
base,95,Fast Break Blue Prizms,false,,D'Angelo Russell,
base,95,Fast Break Bronze Prizms,false,,D'Angelo Russell,
base,95,Fast Break Neon Green Prizms,false,,D'Angelo Russell,
base,95,Fast Break Prizms,false,,D'Angelo Russell,
base,95,Fast Break Purple Prizms,false,,D'Angelo Russell,
base,95,Fast Break Red Prizms,false,,D'Angelo Russell,
base,95,Gold Prizms,false,,D'Angelo Russell,
base,95,Gold Shimmer Prizms,false,,D'Angelo Russell,
base,95,Gold Wave Prizms,false,,D'Angelo Russell,
base,95,Green Ice Prizms,false,,D'Angelo Russell,
base,95,Green Prizms,false,,D'Angelo Russell,
base,95,Green Pulsar Prizms,false,,D'Angelo Russell,
base,95,Green Shimmer Prizms,false,,D'Angelo Russell,
base,95,Hyper Prizms,false,,D'Angelo Russell,
base,95,Lucky Envelopes Prizms,false,,D'Angelo Russell,
base,95,Mojo Prizms,false,,D'Angelo Russell,
base,95,Orange Ice Prizms,false,,D'Angelo Russell,
base,95,Orange Prizms,false,,D'Angelo Russell,
base,95,Orange Wave Prizms,false,,D'Angelo Russell,
base,95,Pink Ice Prizms,false,,D'Angelo Russell,
base,95,Pink Pulsar Prizms,false,,D'Angelo Russell,
base,95,Purple Ice Prizms,false,,D'Angelo Russell,
base,95,Purple Prizms,false,,D'Angelo Russell,
base,95,Purple Pulsar Prizms,false,,D'Angelo Russell,
base,95,Purple Wave Prizms,false,,D'Angelo Russell,
base,95,Red Ice Prizms,false,,D'Angelo Russell,
base,95,Red Prizms,false,,D'Angelo Russell,
base,95,"Red, White and Blue Prizms",false,,D'Angelo Russell,
base,95,Ruby Wave Prizms,false,,D'Angelo Russell,
base,95,Silver Prizms,false,,D'Angelo Russell,
base,95,White Sparkle Prizm,false,,D'Angelo Russell,
base,95,Fast Break Pink Prizms,false,,D'Angelo Russell,
base,95,Black Prizms,false,,D'Angelo Russell,
base,95,Black Shimmer Prizms,false,,D'Angelo Russell,
base,95,Blue Ice Prizms,false,,D'Angelo Russell,
base,95,Black Gold Prizms,false,,D'Angelo Russell,
base,184,Blue Prizms,false,,JJ Redick,
base,184,Blue Shimmer Prizms,false,,JJ Redick,
base,184,Blue Wave Prizms,false,,JJ Redick,
base,184,Choice Blue Prizms,false,,JJ Redick,
base,184,"Choice Blue, Yellow and Green Prizms",false,,JJ Redick,
base,184,Choice Green Prizms,false,,JJ Redick,
base,184,Choice Nebula Prizms,false,,JJ Redick,
base,184,Choice Red Prizms,false,,JJ Redick,
base,184,Choice Tiger Stripe Prizms,false,,JJ Redick,
base,184,Fast Break Blue Prizms,false,,JJ Redick,
base,184,Fast Break Bronze Prizms,false,,JJ Redick,
base,184,Fast Break Neon Green Prizms,false,,JJ Redick,
base,184,Fast Break Prizms,false,,JJ Redick,
base,184,Fast Break Purple Prizms,false,,JJ Redick,
base,184,Fast Break Red Prizms,false,,JJ Redick,
base,184,Gold Prizms,false,,JJ Redick,
base,184,Gold Shimmer Prizms,false,,JJ Redick,
base,184,Gold Wave Prizms,false,,JJ Redick,
base,184,Green Ice Prizms,false,,JJ Redick,
base,184,Green Prizms,false,,JJ Redick,
base,184,Green Pulsar Prizms,false,,JJ Redick,
base,184,Green Shimmer Prizms,false,,JJ Redick,
base,184,Hyper Prizms,false,,JJ Redick,
base,184,Lucky Envelopes Prizms,false,,JJ Redick,
base,184,Mojo Prizms,false,,JJ Redick,
base,184,Orange Ice Prizms,false,,JJ Redick,
base,184,Orange Prizms,false,,JJ Redick,
base,184,Orange Wave Prizms,false,,JJ Redick,
base,184,Pink Ice Prizms,false,,JJ Redick,
base,184,Pink Pulsar Prizms,false,,JJ Redick,
base,184,Purple Ice Prizms,false,,JJ Redick,
base,184,Purple Prizms,false,,JJ Redick,
base,184,Purple Pulsar Prizms,false,,JJ Redick,
base,184,Purple Wave Prizms,false,,JJ Redick,
base,184,Red Ice Prizms,false,,JJ Redick,
base,184,Red Prizms,false,,JJ Redick,
base,184,"Red, White and Blue Prizms",false,,JJ Redick,
base,184,Ruby Wave Prizms,false,,JJ Redick,
base,184,Silver Prizms,false,,JJ Redick,
base,184,White Sparkle Prizm,false,,JJ Redick,
base,184,Fast Break Pink Prizms,false,,JJ Redick,
base,184,Black Prizms,false,,JJ Redick,
base,184,Black Shimmer Prizms,false,,JJ Redick,
base,184,Blue Ice Prizms,false,,JJ Redick,
base,184,Black Gold Prizms,false,,JJ Redick,
insert-fearless,7,Fast Break,false,,Zion Williamson,
insert-fearless,7,Prizms Hyper,false,,Zion Williamson,
insert-fearless,7,Prizms Silver,false,,Zion Williamson,
insert-fearless,7,Prizms Mojo,false,25,Zion Williamson,
insert-fearless,7,Prizms Gold,false,10,Zion Williamson,
insert-fearless,7,Prizms Black,false,1,Zion Williamson,
auto-signatures,SI-ZWL,Prizms Choice,true,,Zion Williamson,
auto-signatures,SI-ZWL,Prizms Silver,true,,Zion Williamson,
auto-signatures,SI-ZWL,Prizms Mojo,true,25,Zion Williamson,
auto-signatures,SI-ZWL,Prizms Gold,true,10,Zion Williamson,
auto-signatures,SI-ZWL,Prizms Choice Green,true,8,Zion Williamson,
auto-signatures,SI-ZWL,Prizms Black,true,1,Zion Williamson,
insert-emergent,1,Prizms Green,false,,Kira Lewis Jr.,
insert-emergent,1,Prizms Silver,false,,Kira Lewis Jr.,
insert-penmanship,PE-ZWI,Prizms Orange Ice,false,,Zion Williamson,
insert-penmanship,PE-ZWI,Prizms Silver,false,,Zion Williamson,
insert-penmanship,PE-ZWI,Prizms Green Ice,false,16,Zion Williamson,
base,185,Blue Prizms,false,,Zion Williamson,
base,185,Blue Shimmer Prizms,false,,Zion Williamson,
base,185,Blue Wave Prizms,false,,Zion Williamson,
base,185,Choice Blue Prizms,false,,Zion Williamson,
base,185,"Choice Blue, Yellow and Green Prizms",false,,Zion Williamson,
base,185,Choice Green Prizms,false,,Zion Williamson,
base,185,Choice Nebula Prizms,false,,Zion Williamson,
base,185,Choice Red Prizms,false,,Zion Williamson,
base,185,Choice Tiger Stripe Prizms,false,,Zion Williamson,
base,185,Fast Break Blue Prizms,false,,Zion Williamson,
base,185,Fast Break Bronze Prizms,false,,Zion Williamson,
base,185,Fast Break Neon Green Prizms,false,,Zion Williamson,
base,185,Fast Break Prizms,false,,Zion Williamson,
base,185,Fast Break Purple Prizms,false,,Zion Williamson,
base,185,Fast Break Red Prizms,false,,Zion Williamson,
base,185,Gold Prizms,false,,Zion Williamson,
base,185,Gold Shimmer Prizms,false,,Zion Williamson,
base,185,Gold Wave Prizms,false,,Zion Williamson,
base,185,Green Ice Prizms,false,,Zion Williamson,
base,185,Green Prizms,false,,Zion Williamson,
base,185,Green Pulsar Prizms,false,,Zion Williamson,
base,185,Green Shimmer Prizms,false,,Zion Williamson,
base,185,Hyper Prizms,false,,Zion Williamson,
base,185,Lucky Envelopes Prizms,false,,Zion Williamson,
base,185,Mojo Prizms,false,,Zion Williamson,
base,185,Orange Ice Prizms,false,,Zion Williamson,
base,185,Orange Prizms,false,,Zion Williamson,
base,185,Orange Wave Prizms,false,,Zion Williamson,
base,185,Pink Ice Prizms,false,,Zion Williamson,
base,185,Pink Pulsar Prizms,false,,Zion Williamson,
base,185,Purple Ice Prizms,false,,Zion Williamson,
base,185,Purple Prizms,false,,Zion Williamson,
base,185,Purple Pulsar Prizms,false,,Zion Williamson,
base,185,Purple Wave Prizms,false,,Zion Williamson,
base,185,Red Ice Prizms,false,,Zion Williamson,
base,185,Red Prizms,false,,Zion Williamson,
base,185,"Red, White and Blue Prizms",false,,Zion Williamson,
base,185,Ruby Wave Prizms,false,,Zion Williamson,
base,185,Silver Prizms,false,,Zion Williamson,
base,185,White Sparkle Prizm,false,,Zion Williamson,
base,185,Fast Break Pink Prizms,false,,Zion Williamson,
base,185,Black Prizms,false,,Zion Williamson,
base,185,Black Shimmer Prizms,false,,Zion Williamson,
base,185,Blue Ice Prizms,false,,Zion Williamson,
base,185,Black Gold Prizms,false,,Zion Williamson,
insert-fireworks,8,Prizms Silver,false,,Brandon Ingram,
insert-fireworks,8,Fast Break,false,,Brandon Ingram,
insert-fireworks,8,Prizms Hyper,false,,Brandon Ingram,
insert-fireworks,8,Prizms Mojo,false,25,Brandon Ingram,
insert-fireworks,8,Prizms Gold,false,10,Brandon Ingram,
insert-fireworks,8,Prizms Black,false,1,Brandon Ingram,
base,272b,Blue Prizms,false,,Kira Lewis Jr.,
base,272b,Blue Shimmer Prizms,false,,Kira Lewis Jr.,
base,272b,Blue Wave Prizms,false,,Kira Lewis Jr.,
base,272b,Choice Blue Prizms,false,,Kira Lewis Jr.,
base,272b,"Choice Blue, Yellow and Green Prizms",false,,Kira Lewis Jr.,
base,272b,Choice Green Prizms,false,,Kira Lewis Jr.,
base,272b,Choice Nebula Prizms,false,,Kira Lewis Jr.,
base,272b,Choice Red Prizms,false,,Kira Lewis Jr.,
base,272b,Choice Tiger Stripe Prizms,false,,Kira Lewis Jr.,
base,272b,Fast Break Blue Prizms,false,,Kira Lewis Jr.,
base,272b,Fast Break Bronze Prizms,false,,Kira Lewis Jr.,
base,272b,Fast Break Neon Green Prizms,false,,Kira Lewis Jr.,
base,272b,Fast Break Prizms,false,,Kira Lewis Jr.,
base,272b,Fast Break Purple Prizms,false,,Kira Lewis Jr.,
base,272b,Fast Break Red Prizms,false,,Kira Lewis Jr.,
base,272b,Gold Prizms,false,,Kira Lewis Jr.,
base,272b,Gold Shimmer Prizms,false,,Kira Lewis Jr.,
base,272b,Gold Wave Prizms,false,,Kira Lewis Jr.,
base,272b,Green Ice Prizms,false,,Kira Lewis Jr.,
base,272b,Green Prizms,false,,Kira Lewis Jr.,
base,272b,Green Pulsar Prizms,false,,Kira Lewis Jr.,
base,272b,Green Shimmer Prizms,false,,Kira Lewis Jr.,
base,272b,Hyper Prizms,false,,Kira Lewis Jr.,
base,272b,Lucky Envelopes Prizms,false,,Kira Lewis Jr.,
base,272b,Mojo Prizms,false,,Kira Lewis Jr.,
base,272b,Orange Ice Prizms,false,,Kira Lewis Jr.,
base,272b,Orange Prizms,false,,Kira Lewis Jr.,
base,272b,Orange Wave Prizms,false,,Kira Lewis Jr.,
base,272b,Pink Ice Prizms,false,,Kira Lewis Jr.,
base,272b,Pink Pulsar Prizms,false,,Kira Lewis Jr.,
base,272b,Purple Ice Prizms,false,,Kira Lewis Jr.,
base,272b,Purple Prizms,false,,Kira Lewis Jr.,
base,272b,Purple Pulsar Prizms,false,,Kira Lewis Jr.,
base,272b,Purple Wave Prizms,false,,Kira Lewis Jr.,
base,272b,Red Ice Prizms,false,,Kira Lewis Jr.,
base,272b,Red Prizms,false,,Kira Lewis Jr.,
base,272b,"Red, White and Blue Prizms",false,,Kira Lewis Jr.,
base,272b,Ruby Wave Prizms,false,,Kira Lewis Jr.,
base,272b,Silver Prizms,false,,Kira Lewis Jr.,
base,272b,White Sparkle Prizm,false,,Kira Lewis Jr.,
base,272b,Fast Break Pink Prizms,false,,Kira Lewis Jr.,
base,272b,Black Prizms,false,,Kira Lewis Jr.,
base,272b,Black Shimmer Prizms,false,,Kira Lewis Jr.,
base,272b,Blue Ice Prizms,false,,Kira Lewis Jr.,
base,272b,Black Gold Prizms,false,,Kira Lewis Jr.,
base,20,Blue Prizms,false,,Jaxson Hayes,
base,20,Blue Shimmer Prizms,false,,Jaxson Hayes,
base,20,Blue Wave Prizms,false,,Jaxson Hayes,
base,20,Choice Blue Prizms,false,,Jaxson Hayes,
base,20,"Choice Blue, Yellow and Green Prizms",false,,Jaxson Hayes,
base,20,Choice Green Prizms,false,,Jaxson Hayes,
base,20,Choice Nebula Prizms,false,,Jaxson Hayes,
base,20,Choice Red Prizms,false,,Jaxson Hayes,
base,20,Choice Tiger Stripe Prizms,false,,Jaxson Hayes,
base,20,Fast Break Blue Prizms,false,,Jaxson Hayes,
base,20,Fast Break Bronze Prizms,false,,Jaxson Hayes,
base,20,Fast Break Neon Green Prizms,false,,Jaxson Hayes,
base,20,Fast Break Prizms,false,,Jaxson Hayes,
base,20,Fast Break Purple Prizms,false,,Jaxson Hayes,
base,20,Fast Break Red Prizms,false,,Jaxson Hayes,
base,20,Gold Prizms,false,,Jaxson Hayes,
base,20,Gold Shimmer Prizms,false,,Jaxson Hayes,
base,20,Gold Wave Prizms,false,,Jaxson Hayes,
base,20,Green Ice Prizms,false,,Jaxson Hayes,
base,20,Green Prizms,false,,Jaxson Hayes,
base,20,Green Pulsar Prizms,false,,Jaxson Hayes,
base,20,Green Shimmer Prizms,false,,Jaxson Hayes,
base,20,Hyper Prizms,false,,Jaxson Hayes,
base,20,Lucky Envelopes Prizms,false,,Jaxson Hayes,
base,20,Mojo Prizms,false,,Jaxson Hayes,
base,20,Orange Ice Prizms,false,,Jaxson Hayes,
base,20,Orange Prizms,false,,Jaxson Hayes,
base,20,Orange Wave Prizms,false,,Jaxson Hayes,
base,20,Pink Ice Prizms,false,,Jaxson Hayes,
base,20,Pink Pulsar Prizms,false,,Jaxson Hayes,
base,20,Purple Ice Prizms,false,,Jaxson Hayes,
base,20,Purple Prizms,false,,Jaxson Hayes,
base,20,Purple Pulsar Prizms,false,,Jaxson Hayes,
base,20,Purple Wave Prizms,false,,Jaxson Hayes,
base,20,Red Ice Prizms,false,,Jaxson Hayes,
base,20,Red Prizms,false,,Jaxson Hayes,
base,20,"Red, White and Blue Prizms",false,,Jaxson Hayes,
base,20,Ruby Wave Prizms,false,,Jaxson Hayes,
base,20,Silver Prizms,false,,Jaxson Hayes,
base,20,White Sparkle Prizm,false,,Jaxson Hayes,
base,20,Fast Break Pink Prizms,false,,Jaxson Hayes,
base,20,Black Prizms,false,,Jaxson Hayes,
base,20,Black Shimmer Prizms,false,,Jaxson Hayes,
base,20,Blue Ice Prizms,false,,Jaxson Hayes,
base,20,Black Gold Prizms,false,,Jaxson Hayes,
insert-instant-impact,19,Prizms Green,false,,Kira Lewis Jr.,
insert-instant-impact,19,Prizms Silver,false,,Kira Lewis Jr.,
auto-fast-break-rookie-autographs,FR-KLJ,Gold,true,10,Kira Lewis Jr.,
auto-fast-break-rookie-autographs,FR-KLJ,Black,true,1,Kira Lewis Jr.,
auto-sensational-signatures,SS-JAX,Prizms Silver,true,,Jaxson Hayes,
auto-sensational-signatures,SS-JAX,Prizms Choice,true,,Jaxson Hayes,
auto-sensational-signatures,SS-JAX,Prizms Mojo,true,25,Jaxson Hayes,
auto-sensational-signatures,SS-JAX,Prizms Gold,true,10,Jaxson Hayes,
auto-sensational-signatures,SS-JAX,Prizms Choice Green,true,8,Jaxson Hayes,
auto-sensational-signatures,SS-JAX,Prizms Black,true,1,Jaxson Hayes,
insert-fireworks,30,Prizms Silver,false,,Zion Williamson,
insert-fireworks,30,Fast Break,false,,Zion Williamson,
insert-fireworks,30,Prizms Hyper,false,,Zion Williamson,
insert-fireworks,30,Prizms Mojo,false,25,Zion Williamson,
insert-fireworks,30,Prizms Gold,false,10,Zion Williamson,
insert-fireworks,30,Prizms Black,false,1,Zion Williamson,
base,75,Blue Prizms,false,,Jrue Holiday,
base,75,Blue Shimmer Prizms,false,,Jrue Holiday,
base,75,Blue Wave Prizms,false,,Jrue Holiday,
base,75,Choice Blue Prizms,false,,Jrue Holiday,
base,75,"Choice Blue, Yellow and Green Prizms",false,,Jrue Holiday,
base,75,Choice Green Prizms,false,,Jrue Holiday,
base,75,Choice Nebula Prizms,false,,Jrue Holiday,
base,75,Choice Red Prizms,false,,Jrue Holiday,
base,75,Choice Tiger Stripe Prizms,false,,Jrue Holiday,
base,75,Fast Break Blue Prizms,false,,Jrue Holiday,
base,75,Fast Break Bronze Prizms,false,,Jrue Holiday,
base,75,Fast Break Neon Green Prizms,false,,Jrue Holiday,
base,75,Fast Break Prizms,false,,Jrue Holiday,
base,75,Fast Break Purple Prizms,false,,Jrue Holiday,
base,75,Fast Break Red Prizms,false,,Jrue Holiday,
base,75,Gold Prizms,false,,Jrue Holiday,
base,75,Gold Shimmer Prizms,false,,Jrue Holiday,
base,75,Gold Wave Prizms,false,,Jrue Holiday,
base,75,Green Ice Prizms,false,,Jrue Holiday,
base,75,Green Prizms,false,,Jrue Holiday,
base,75,Green Pulsar Prizms,false,,Jrue Holiday,
base,75,Green Shimmer Prizms,false,,Jrue Holiday,
base,75,Hyper Prizms,false,,Jrue Holiday,
base,75,Lucky Envelopes Prizms,false,,Jrue Holiday,
base,75,Mojo Prizms,false,,Jrue Holiday,
base,75,Orange Ice Prizms,false,,Jrue Holiday,
base,75,Orange Prizms,false,,Jrue Holiday,
base,75,Orange Wave Prizms,false,,Jrue Holiday,
base,75,Pink Ice Prizms,false,,Jrue Holiday,
base,75,Pink Pulsar Prizms,false,,Jrue Holiday,
base,75,Purple Ice Prizms,false,,Jrue Holiday,
base,75,Purple Prizms,false,,Jrue Holiday,
base,75,Purple Pulsar Prizms,false,,Jrue Holiday,
base,75,Purple Wave Prizms,false,,Jrue Holiday,
base,75,Red Ice Prizms,false,,Jrue Holiday,
base,75,Red Prizms,false,,Jrue Holiday,
base,75,"Red, White and Blue Prizms",false,,Jrue Holiday,
base,75,Ruby Wave Prizms,false,,Jrue Holiday,
base,75,Silver Prizms,false,,Jrue Holiday,
base,75,White Sparkle Prizm,false,,Jrue Holiday,
base,75,Fast Break Pink Prizms,false,,Jrue Holiday,
base,75,Black Prizms,false,,Jrue Holiday,
base,75,Black Shimmer Prizms,false,,Jrue Holiday,
base,75,Blue Ice Prizms,false,,Jrue Holiday,
base,75,Black Gold Prizms,false,,Jrue Holiday,
base,272,Blue Prizms,false,,Kira Lewis Jr.,
base,272,Blue Shimmer Prizms,false,,Kira Lewis Jr.,
base,272,Blue Wave Prizms,false,,Kira Lewis Jr.,
base,272,Choice Blue Prizms,false,,Kira Lewis Jr.,
base,272,"Choice Blue, Yellow and Green Prizms",false,,Kira Lewis Jr.,
base,272,Choice Green Prizms,false,,Kira Lewis Jr.,
base,272,Choice Nebula Prizms,false,,Kira Lewis Jr.,
base,272,Choice Red Prizms,false,,Kira Lewis Jr.,
base,272,Choice Tiger Stripe Prizms,false,,Kira Lewis Jr.,
base,272,Fast Break Blue Prizms,false,,Kira Lewis Jr.,
base,272,Fast Break Bronze Prizms,false,,Kira Lewis Jr.,
base,272,Fast Break Neon Green Prizms,false,,Kira Lewis Jr.,
base,272,Fast Break Prizms,false,,Kira Lewis Jr.,
base,272,Fast Break Purple Prizms,false,,Kira Lewis Jr.,
base,272,Fast Break Red Prizms,false,,Kira Lewis Jr.,
base,272,Gold Prizms,false,,Kira Lewis Jr.,
base,272,Gold Shimmer Prizms,false,,Kira Lewis Jr.,
base,272,Gold Wave Prizms,false,,Kira Lewis Jr.,
base,272,Green Ice Prizms,false,,Kira Lewis Jr.,
base,272,Green Prizms,false,,Kira Lewis Jr.,
base,272,Green Pulsar Prizms,false,,Kira Lewis Jr.,
base,272,Green Shimmer Prizms,false,,Kira Lewis Jr.,
base,272,Hyper Prizms,false,,Kira Lewis Jr.,
base,272,Lucky Envelopes Prizms,false,,Kira Lewis Jr.,
base,272,Mojo Prizms,false,,Kira Lewis Jr.,
base,272,Orange Ice Prizms,false,,Kira Lewis Jr.,
base,272,Orange Prizms,false,,Kira Lewis Jr.,
base,272,Orange Wave Prizms,false,,Kira Lewis Jr.,
base,272,Pink Ice Prizms,false,,Kira Lewis Jr.,
base,272,Pink Pulsar Prizms,false,,Kira Lewis Jr.,
base,272,Purple Ice Prizms,false,,Kira Lewis Jr.,
base,272,Purple Prizms,false,,Kira Lewis Jr.,
base,272,Purple Pulsar Prizms,false,,Kira Lewis Jr.,
base,272,Purple Wave Prizms,false,,Kira Lewis Jr.,
base,272,Red Ice Prizms,false,,Kira Lewis Jr.,
base,272,Red Prizms,false,,Kira Lewis Jr.,
base,272,"Red, White and Blue Prizms",false,,Kira Lewis Jr.,
base,272,Ruby Wave Prizms,false,,Kira Lewis Jr.,
base,272,Silver Prizms,false,,Kira Lewis Jr.,
base,272,White Sparkle Prizm,false,,Kira Lewis Jr.,
base,272,Fast Break Pink Prizms,false,,Kira Lewis Jr.,
base,272,Black Prizms,false,,Kira Lewis Jr.,
base,272,Black Shimmer Prizms,false,,Kira Lewis Jr.,
base,272,Blue Ice Prizms,false,,Kira Lewis Jr.,
base,272,Black Gold Prizms,false,,Kira Lewis Jr.,
base,224,Blue Prizms,false,,Lonzo Ball,
base,224,Blue Shimmer Prizms,false,,Lonzo Ball,
base,224,Blue Wave Prizms,false,,Lonzo Ball,
base,224,Choice Blue Prizms,false,,Lonzo Ball,
base,224,"Choice Blue, Yellow and Green Prizms",false,,Lonzo Ball,
base,224,Choice Green Prizms,false,,Lonzo Ball,
base,224,Choice Nebula Prizms,false,,Lonzo Ball,
base,224,Choice Red Prizms,false,,Lonzo Ball,
base,224,Choice Tiger Stripe Prizms,false,,Lonzo Ball,
base,224,Fast Break Blue Prizms,false,,Lonzo Ball,
base,224,Fast Break Bronze Prizms,false,,Lonzo Ball,
base,224,Fast Break Neon Green Prizms,false,,Lonzo Ball,
base,224,Fast Break Prizms,false,,Lonzo Ball,
base,224,Fast Break Purple Prizms,false,,Lonzo Ball,
base,224,Fast Break Red Prizms,false,,Lonzo Ball,
base,224,Gold Prizms,false,,Lonzo Ball,
base,224,Gold Shimmer Prizms,false,,Lonzo Ball,
base,224,Gold Wave Prizms,false,,Lonzo Ball,
base,224,Green Ice Prizms,false,,Lonzo Ball,
base,224,Green Prizms,false,,Lonzo Ball,
base,224,Green Pulsar Prizms,false,,Lonzo Ball,
base,224,Green Shimmer Prizms,false,,Lonzo Ball,
base,224,Hyper Prizms,false,,Lonzo Ball,
base,224,Lucky Envelopes Prizms,false,,Lonzo Ball,
base,224,Mojo Prizms,false,,Lonzo Ball,
base,224,Orange Ice Prizms,false,,Lonzo Ball,
base,224,Orange Prizms,false,,Lonzo Ball,
base,224,Orange Wave Prizms,false,,Lonzo Ball,
base,224,Pink Ice Prizms,false,,Lonzo Ball,
base,224,Pink Pulsar Prizms,false,,Lonzo Ball,
base,224,Purple Ice Prizms,false,,Lonzo Ball,
base,224,Purple Prizms,false,,Lonzo Ball,
base,224,Purple Pulsar Prizms,false,,Lonzo Ball,
base,224,Purple Wave Prizms,false,,Lonzo Ball,
base,224,Red Ice Prizms,false,,Lonzo Ball,
base,224,Red Prizms,false,,Lonzo Ball,
base,224,"Red, White and Blue Prizms",false,,Lonzo Ball,
base,224,Ruby Wave Prizms,false,,Lonzo Ball,
base,224,Silver Prizms,false,,Lonzo Ball,
base,224,White Sparkle Prizm,false,,Lonzo Ball,
base,224,Fast Break Pink Prizms,false,,Lonzo Ball,
base,224,Black Prizms,false,,Lonzo Ball,
base,224,Black Shimmer Prizms,false,,Lonzo Ball,
base,224,Blue Ice Prizms,false,,Lonzo Ball,
base,224,Black Gold Prizms,false,,Lonzo Ball,
base,133,Blue Prizms,false,,Derrick Favors,
base,133,Blue Shimmer Prizms,false,,Derrick Favors,
base,133,Blue Wave Prizms,false,,Derrick Favors,
base,133,Choice Blue Prizms,false,,Derrick Favors,
base,133,"Choice Blue, Yellow and Green Prizms",false,,Derrick Favors,
base,133,Choice Green Prizms,false,,Derrick Favors,
base,133,Choice Nebula Prizms,false,,Derrick Favors,
base,133,Choice Red Prizms,false,,Derrick Favors,
base,133,Choice Tiger Stripe Prizms,false,,Derrick Favors,
base,133,Fast Break Blue Prizms,false,,Derrick Favors,
base,133,Fast Break Bronze Prizms,false,,Derrick Favors,
base,133,Fast Break Neon Green Prizms,false,,Derrick Favors,
base,133,Fast Break Prizms,false,,Derrick Favors,
base,133,Fast Break Purple Prizms,false,,Derrick Favors,
base,133,Fast Break Red Prizms,false,,Derrick Favors,
base,133,Gold Prizms,false,,Derrick Favors,
base,133,Gold Shimmer Prizms,false,,Derrick Favors,
base,133,Gold Wave Prizms,false,,Derrick Favors,
base,133,Green Ice Prizms,false,,Derrick Favors,
base,133,Green Prizms,false,,Derrick Favors,
base,133,Green Pulsar Prizms,false,,Derrick Favors,
base,133,Green Shimmer Prizms,false,,Derrick Favors,
base,133,Hyper Prizms,false,,Derrick Favors,
base,133,Lucky Envelopes Prizms,false,,Derrick Favors,
base,133,Mojo Prizms,false,,Derrick Favors,
base,133,Orange Ice Prizms,false,,Derrick Favors,
base,133,Orange Prizms,false,,Derrick Favors,
base,133,Orange Wave Prizms,false,,Derrick Favors,
base,133,Pink Ice Prizms,false,,Derrick Favors,
base,133,Pink Pulsar Prizms,false,,Derrick Favors,
base,133,Purple Ice Prizms,false,,Derrick Favors,
base,133,Purple Prizms,false,,Derrick Favors,
base,133,Purple Pulsar Prizms,false,,Derrick Favors,
base,133,Purple Wave Prizms,false,,Derrick Favors,
base,133,Red Ice Prizms,false,,Derrick Favors,
base,133,Red Prizms,false,,Derrick Favors,
base,133,"Red, White and Blue Prizms",false,,Derrick Favors,
base,133,Ruby Wave Prizms,false,,Derrick Favors,
base,133,Silver Prizms,false,,Derrick Favors,
base,133,White Sparkle Prizm,false,,Derrick Favors,
base,133,Fast Break Pink Prizms,false,,Derrick Favors,
base,133,Black Prizms,false,,Derrick Favors,
base,133,Black Shimmer Prizms,false,,Derrick Favors,
base,133,Blue Ice Prizms,false,,Derrick Favors,
base,133,Black Gold Prizms,false,,Derrick Favors,
insert-dominance,15,Prizms Green,false,,Zion Williamson,
insert-dominance,15,Prizms Silver,false,,Zion Williamson,
base,145,Blue Prizms,false,,Brandon Ingram,
base,145,Blue Shimmer Prizms,false,,Brandon Ingram,
base,145,Blue Wave Prizms,false,,Brandon Ingram,
base,145,Choice Blue Prizms,false,,Brandon Ingram,
base,145,"Choice Blue, Yellow and Green Prizms",false,,Brandon Ingram,
base,145,Choice Green Prizms,false,,Brandon Ingram,
base,145,Choice Nebula Prizms,false,,Brandon Ingram,
base,145,Choice Red Prizms,false,,Brandon Ingram,
base,145,Choice Tiger Stripe Prizms,false,,Brandon Ingram,
base,145,Fast Break Blue Prizms,false,,Brandon Ingram,
base,145,Fast Break Bronze Prizms,false,,Brandon Ingram,
base,145,Fast Break Neon Green Prizms,false,,Brandon Ingram,
base,145,Fast Break Prizms,false,,Brandon Ingram,
base,145,Fast Break Purple Prizms,false,,Brandon Ingram,
base,145,Fast Break Red Prizms,false,,Brandon Ingram,
base,145,Gold Prizms,false,,Brandon Ingram,
base,145,Gold Shimmer Prizms,false,,Brandon Ingram,
base,145,Gold Wave Prizms,false,,Brandon Ingram,
base,145,Green Ice Prizms,false,,Brandon Ingram,
base,145,Green Prizms,false,,Brandon Ingram,
base,145,Green Pulsar Prizms,false,,Brandon Ingram,
base,145,Green Shimmer Prizms,false,,Brandon Ingram,
base,145,Hyper Prizms,false,,Brandon Ingram,
base,145,Lucky Envelopes Prizms,false,,Brandon Ingram,
base,145,Mojo Prizms,false,,Brandon Ingram,
base,145,Orange Ice Prizms,false,,Brandon Ingram,
base,145,Orange Prizms,false,,Brandon Ingram,
base,145,Orange Wave Prizms,false,,Brandon Ingram,
base,145,Pink Ice Prizms,false,,Brandon Ingram,
base,145,Pink Pulsar Prizms,false,,Brandon Ingram,
base,145,Purple Ice Prizms,false,,Brandon Ingram,
base,145,Purple Prizms,false,,Brandon Ingram,
base,145,Purple Pulsar Prizms,false,,Brandon Ingram,
base,145,Purple Wave Prizms,false,,Brandon Ingram,
base,145,Red Ice Prizms,false,,Brandon Ingram,
base,145,Red Prizms,false,,Brandon Ingram,
base,145,"Red, White and Blue Prizms",false,,Brandon Ingram,
base,145,Ruby Wave Prizms,false,,Brandon Ingram,
base,145,Silver Prizms,false,,Brandon Ingram,
base,145,White Sparkle Prizm,false,,Brandon Ingram,
base,145,Fast Break Pink Prizms,false,,Brandon Ingram,
base,145,Black Prizms,false,,Brandon Ingram,
base,145,Black Shimmer Prizms,false,,Brandon Ingram,
base,145,Blue Ice Prizms,false,,Brandon Ingram,
base,145,Black Gold Prizms,false,,Brandon Ingram,
insert-sophomore-stars,3,Prizms Silver,false,,Zion Williamson,
insert-sophomore-stars,3,Prizms Green,false,,Zion Williamson,
auto-fast-break-autographs,FBA-ZWL,Gold,true,10,Zion Williamson,
auto-fast-break-autographs,FBA-ZWL,Black,true,1,Zion Williamson,
insert-prizm,8,Flashback Fast Break,false,,Zion Williamson,
insert-prizm,8,Flashback,false,,Zion Williamson,
insert-prizm,8,Flashback Prizms Hyper,false,,Zion Williamson,
insert-prizm,8,Flashback Prizms Silver,false,,Zion Williamson,
insert-prizm,8,Flashback Prizms Mojo,false,25,Zion Williamson,
insert-prizm,8,Flashback Prizms Gold,false,10,Zion Williamson,
insert-prizm,8,Flashback Prizms Black,false,1,Zion Williamson,
insert-rookie-penmanship,RP-KLJ,Prizms Orange Ice,false,,Kira Lewis Jr.,
insert-rookie-penmanship,RP-KLJ,Prizms Blue Wave,false,,Kira Lewis Jr.,
insert-rookie-penmanship,RP-KLJ,Prizms Silver,false,,Kira Lewis Jr.,
insert-rookie-penmanship,RP-KLJ,Prizms Gold Wave,false,,Kira Lewis Jr.,
insert-rookie-penmanship,RP-KLJ,Prizms Green Ice,false,16,Kira Lewis Jr.,
auto-fast-break-autographs,FBA-JJR,Gold,true,10,JJ Redick,
auto-fast-break-autographs,FBA-JJR,Black,true,1,JJ Redick,
auto-sensational-signatures,SS-KLJ,Prizms Silver,true,,Kira Lewis Jr.,
auto-sensational-signatures,SS-KLJ,Prizms Choice,true,,Kira Lewis Jr.,
auto-sensational-signatures,SS-KLJ,Prizms Mojo,true,25,Kira Lewis Jr.,
auto-sensational-signatures,SS-KLJ,Prizms Gold,true,10,Kira Lewis Jr.,
auto-sensational-signatures,SS-KLJ,Prizms Choice Green,true,8,Kira Lewis Jr.,
auto-sensational-signatures,SS-KLJ,Prizms Black,true,1,Kira Lewis Jr.,
base,22,Blue Prizms,false,,Josh Hart,
base,22,Blue Shimmer Prizms,false,,Josh Hart,
base,22,Blue Wave Prizms,false,,Josh Hart,
base,22,Choice Blue Prizms,false,,Josh Hart,
base,22,"Choice Blue, Yellow and Green Prizms",false,,Josh Hart,
base,22,Choice Green Prizms,false,,Josh Hart,
base,22,Choice Nebula Prizms,false,,Josh Hart,
base,22,Choice Red Prizms,false,,Josh Hart,
base,22,Choice Tiger Stripe Prizms,false,,Josh Hart,
base,22,Fast Break Blue Prizms,false,,Josh Hart,
base,22,Fast Break Bronze Prizms,false,,Josh Hart,
base,22,Fast Break Neon Green Prizms,false,,Josh Hart,
base,22,Fast Break Prizms,false,,Josh Hart,
base,22,Fast Break Purple Prizms,false,,Josh Hart,
base,22,Fast Break Red Prizms,false,,Josh Hart,
base,22,Gold Prizms,false,,Josh Hart,
base,22,Gold Shimmer Prizms,false,,Josh Hart,
base,22,Gold Wave Prizms,false,,Josh Hart,
base,22,Green Ice Prizms,false,,Josh Hart,
base,22,Green Prizms,false,,Josh Hart,
base,22,Green Pulsar Prizms,false,,Josh Hart,
base,22,Green Shimmer Prizms,false,,Josh Hart,
base,22,Hyper Prizms,false,,Josh Hart,
base,22,Lucky Envelopes Prizms,false,,Josh Hart,
base,22,Mojo Prizms,false,,Josh Hart,
base,22,Orange Ice Prizms,false,,Josh Hart,
base,22,Orange Prizms,false,,Josh Hart,
base,22,Orange Wave Prizms,false,,Josh Hart,
base,22,Pink Ice Prizms,false,,Josh Hart,
base,22,Pink Pulsar Prizms,false,,Josh Hart,
base,22,Purple Ice Prizms,false,,Josh Hart,
base,22,Purple Prizms,false,,Josh Hart,
base,22,Purple Pulsar Prizms,false,,Josh Hart,
base,22,Purple Wave Prizms,false,,Josh Hart,
base,22,Red Ice Prizms,false,,Josh Hart,
base,22,Red Prizms,false,,Josh Hart,
base,22,"Red, White and Blue Prizms",false,,Josh Hart,
base,22,Ruby Wave Prizms,false,,Josh Hart,
base,22,Silver Prizms,false,,Josh Hart,
base,22,White Sparkle Prizm,false,,Josh Hart,
base,22,Fast Break Pink Prizms,false,,Josh Hart,
base,22,Black Prizms,false,,Josh Hart,
base,22,Black Shimmer Prizms,false,,Josh Hart,
base,22,Blue Ice Prizms,false,,Josh Hart,
base,22,Black Gold Prizms,false,,Josh Hart,
insert-sensational-swatches,SSW-JRU,Prizms Orange Ice,false,,Jrue Holiday,
insert-sensational-swatches,SSW-JRU,Prizms Green Ice,false,56,Jrue Holiday,
insert-sensational-swatches,SSW-JRU,Prime,false,10,Jrue Holiday,
insert-downtown-bound,25,Fast Break,false,,Zion Williamson,
insert-downtown-bound,25,Prizms Hyper,false,,Zion Williamson,
insert-downtown-bound,25,Prizms Silver,false,,Zion Williamson,
insert-downtown-bound,25,Prizms Mojo,false,25,Zion Williamson,
insert-downtown-bound,25,Prizms Gold,false,10,Zion Williamson,
insert-downtown-bound,25,Prizms Black,false,1,Zion Williamson,
insert-penmanship,PE-FRA,Prizms Orange Ice,false,,Frank Jackson,
insert-penmanship,PE-FRA,Prizms Silver,false,,Frank Jackson,
insert-penmanship,PE-FRA,Prizms Green Ice,false,16,Frank Jackson,
auto-rookie-signatures,RS-KLJ,Prizms Silver,true,,Kira Lewis Jr.,
auto-rookie-signatures,RS-KLJ,Prizms Choice,true,,Kira Lewis Jr.,
auto-rookie-signatures,RS-KLJ,Prizms Mojo,true,25,Kira Lewis Jr.,
auto-rookie-signatures,RS-KLJ,Prizms Gold,true,10,Kira Lewis Jr.,
auto-rookie-signatures,RS-KLJ,Prizms Choice Green,true,8,Kira Lewis Jr.,
auto-rookie-signatures,RS-KLJ,Prizms Black,true,1,Kira Lewis Jr.,
auto-rookie-signatures,RS-KLJ,Prizms White Sparkle,true,1,Kira Lewis Jr.,
insert-widescreen,4,Prizms Silver,false,,Zion Williamson,
insert-widescreen,4,Fast Break,false,,Zion Williamson,
insert-widescreen,4,Prizms Hyper,false,,Zion Williamson,
insert-widescreen,4,Prizms Mojo,false,25,Zion Williamson,
insert-widescreen,4,Prizms Gold,false,10,Zion Williamson,
insert-widescreen,4,Prizms Black,false,1,Zion Williamson,
insert-emergent,17,Prizms Green,false,,Obi Toppin,
insert-emergent,17,Prizms Silver,false,,Obi Toppin,
insert-sensational-swatches,SSW-KNX,Prizms Orange Ice,false,,Kevin Knox II,
insert-sensational-swatches,SSW-KNX,Prizms Green Ice,false,56,Kevin Knox II,
insert-sensational-swatches,SSW-KNX,Prime,false,10,Kevin Knox II,
insert-instant-impact,15,Prizms Green,false,,Obi Toppin,
insert-instant-impact,15,Prizms Silver,false,,Obi Toppin,
insert-sensational-swatches,SSW-MRO,Prizms Orange Ice,false,,Mitchell Robinson,
insert-sensational-swatches,SSW-MRO,Prizms Green Ice,false,56,Mitchell Robinson,
insert-sensational-swatches,SSW-MRO,Prime,false,10,Mitchell Robinson,
insert-sensational-swatches,SSW-PEW,Prizms Orange Ice,false,,Patrick Ewing,
insert-sensational-swatches,SSW-PEW,Prizms Green Ice,false,56,Patrick Ewing,
insert-sensational-swatches,SSW-PEW,Prime,false,10,Patrick Ewing,
auto-rookie-signatures,RS-OTP,Prizms Silver,true,,Obi Toppin,
auto-rookie-signatures,RS-OTP,Prizms Choice,true,,Obi Toppin,
auto-rookie-signatures,RS-OTP,Prizms Mojo,true,25,Obi Toppin,
auto-rookie-signatures,RS-OTP,Prizms Gold,true,10,Obi Toppin,
auto-rookie-signatures,RS-OTP,Prizms Choice Green,true,8,Obi Toppin,
auto-rookie-signatures,RS-OTP,Prizms Black,true,1,Obi Toppin,
auto-rookie-signatures,RS-OTP,Prizms White Sparkle,true,1,Obi Toppin,
base,113,Blue Prizms,false,,Frank Ntilikina,
base,113,Blue Shimmer Prizms,false,,Frank Ntilikina,
base,113,Blue Wave Prizms,false,,Frank Ntilikina,
base,113,Choice Blue Prizms,false,,Frank Ntilikina,
base,113,"Choice Blue, Yellow and Green Prizms",false,,Frank Ntilikina,
base,113,Choice Green Prizms,false,,Frank Ntilikina,
base,113,Choice Nebula Prizms,false,,Frank Ntilikina,
base,113,Choice Red Prizms,false,,Frank Ntilikina,
base,113,Choice Tiger Stripe Prizms,false,,Frank Ntilikina,
base,113,Fast Break Blue Prizms,false,,Frank Ntilikina,
base,113,Fast Break Bronze Prizms,false,,Frank Ntilikina,
base,113,Fast Break Neon Green Prizms,false,,Frank Ntilikina,
base,113,Fast Break Prizms,false,,Frank Ntilikina,
base,113,Fast Break Purple Prizms,false,,Frank Ntilikina,
base,113,Fast Break Red Prizms,false,,Frank Ntilikina,
base,113,Gold Prizms,false,,Frank Ntilikina,
base,113,Gold Shimmer Prizms,false,,Frank Ntilikina,
base,113,Gold Wave Prizms,false,,Frank Ntilikina,
base,113,Green Ice Prizms,false,,Frank Ntilikina,
base,113,Green Prizms,false,,Frank Ntilikina,
base,113,Green Pulsar Prizms,false,,Frank Ntilikina,
base,113,Green Shimmer Prizms,false,,Frank Ntilikina,
base,113,Hyper Prizms,false,,Frank Ntilikina,
base,113,Lucky Envelopes Prizms,false,,Frank Ntilikina,
base,113,Mojo Prizms,false,,Frank Ntilikina,
base,113,Orange Ice Prizms,false,,Frank Ntilikina,
base,113,Orange Prizms,false,,Frank Ntilikina,
base,113,Orange Wave Prizms,false,,Frank Ntilikina,
base,113,Pink Ice Prizms,false,,Frank Ntilikina,
base,113,Pink Pulsar Prizms,false,,Frank Ntilikina,
base,113,Purple Ice Prizms,false,,Frank Ntilikina,
base,113,Purple Prizms,false,,Frank Ntilikina,
base,113,Purple Pulsar Prizms,false,,Frank Ntilikina,
base,113,Purple Wave Prizms,false,,Frank Ntilikina,
base,113,Red Ice Prizms,false,,Frank Ntilikina,
base,113,Red Prizms,false,,Frank Ntilikina,
base,113,"Red, White and Blue Prizms",false,,Frank Ntilikina,
base,113,Ruby Wave Prizms,false,,Frank Ntilikina,
base,113,Silver Prizms,false,,Frank Ntilikina,
base,113,White Sparkle Prizm,false,,Frank Ntilikina,
base,113,Fast Break Pink Prizms,false,,Frank Ntilikina,
base,113,Black Prizms,false,,Frank Ntilikina,
base,113,Black Shimmer Prizms,false,,Frank Ntilikina,
base,113,Blue Ice Prizms,false,,Frank Ntilikina,
base,113,Black Gold Prizms,false,,Frank Ntilikina,
insert-sensational-swatches,SSW-AMA,Prizms Orange Ice,false,,Amar'e Stoudemire,
insert-sensational-swatches,SSW-AMA,Prizms Green Ice,false,56,Amar'e Stoudemire,
insert-sensational-swatches,SSW-AMA,Prime,false,10,Amar'e Stoudemire,
insert-sensational-swatches,SSW-ALT,Prizms Orange Ice,false,,Allonzo Trier,
insert-sensational-swatches,SSW-ALT,Prizms Green Ice,false,56,Allonzo Trier,
insert-sensational-swatches,SSW-ALT,Prime,false,10,Allonzo Trier,
insert-emergent,8,Prizms Green,false,,Immanuel Quickley,
insert-emergent,8,Prizms Silver,false,,Immanuel Quickley,
base,280b,Blue Prizms,false,,Obi Toppin,
base,280b,Blue Shimmer Prizms,false,,Obi Toppin,
base,280b,Blue Wave Prizms,false,,Obi Toppin,
base,280b,Choice Blue Prizms,false,,Obi Toppin,
base,280b,"Choice Blue, Yellow and Green Prizms",false,,Obi Toppin,
base,280b,Choice Green Prizms,false,,Obi Toppin,
base,280b,Choice Nebula Prizms,false,,Obi Toppin,
base,280b,Choice Red Prizms,false,,Obi Toppin,
base,280b,Choice Tiger Stripe Prizms,false,,Obi Toppin,
base,280b,Fast Break Blue Prizms,false,,Obi Toppin,
base,280b,Fast Break Bronze Prizms,false,,Obi Toppin,
base,280b,Fast Break Neon Green Prizms,false,,Obi Toppin,
base,280b,Fast Break Prizms,false,,Obi Toppin,
base,280b,Fast Break Purple Prizms,false,,Obi Toppin,
base,280b,Fast Break Red Prizms,false,,Obi Toppin,
base,280b,Gold Prizms,false,,Obi Toppin,
base,280b,Gold Shimmer Prizms,false,,Obi Toppin,
base,280b,Gold Wave Prizms,false,,Obi Toppin,
base,280b,Green Ice Prizms,false,,Obi Toppin,
base,280b,Green Prizms,false,,Obi Toppin,
base,280b,Green Pulsar Prizms,false,,Obi Toppin,
base,280b,Green Shimmer Prizms,false,,Obi Toppin,
base,280b,Hyper Prizms,false,,Obi Toppin,
base,280b,Lucky Envelopes Prizms,false,,Obi Toppin,
base,280b,Mojo Prizms,false,,Obi Toppin,
base,280b,Orange Ice Prizms,false,,Obi Toppin,
base,280b,Orange Prizms,false,,Obi Toppin,
base,280b,Orange Wave Prizms,false,,Obi Toppin,
base,280b,Pink Ice Prizms,false,,Obi Toppin,
base,280b,Pink Pulsar Prizms,false,,Obi Toppin,
base,280b,Purple Ice Prizms,false,,Obi Toppin,
base,280b,Purple Prizms,false,,Obi Toppin,
base,280b,Purple Pulsar Prizms,false,,Obi Toppin,
base,280b,Purple Wave Prizms,false,,Obi Toppin,
base,280b,Red Ice Prizms,false,,Obi Toppin,
base,280b,Red Prizms,false,,Obi Toppin,
base,280b,"Red, White and Blue Prizms",false,,Obi Toppin,
base,280b,Ruby Wave Prizms,false,,Obi Toppin,
base,280b,Silver Prizms,false,,Obi Toppin,
base,280b,White Sparkle Prizm,false,,Obi Toppin,
base,280b,Fast Break Pink Prizms,false,,Obi Toppin,
base,280b,Black Prizms,false,,Obi Toppin,
base,280b,Black Shimmer Prizms,false,,Obi Toppin,
base,280b,Blue Ice Prizms,false,,Obi Toppin,
base,280b,Black Gold Prizms,false,,Obi Toppin,
base,280,Blue Prizms,false,,Obi Toppin,
base,280,Blue Shimmer Prizms,false,,Obi Toppin,
base,280,Blue Wave Prizms,false,,Obi Toppin,
base,280,Choice Blue Prizms,false,,Obi Toppin,
base,280,"Choice Blue, Yellow and Green Prizms",false,,Obi Toppin,
base,280,Choice Green Prizms,false,,Obi Toppin,
base,280,Choice Nebula Prizms,false,,Obi Toppin,
base,280,Choice Red Prizms,false,,Obi Toppin,
base,280,Choice Tiger Stripe Prizms,false,,Obi Toppin,
base,280,Fast Break Blue Prizms,false,,Obi Toppin,
base,280,Fast Break Bronze Prizms,false,,Obi Toppin,
base,280,Fast Break Neon Green Prizms,false,,Obi Toppin,
base,280,Fast Break Prizms,false,,Obi Toppin,
base,280,Fast Break Purple Prizms,false,,Obi Toppin,
base,280,Fast Break Red Prizms,false,,Obi Toppin,
base,280,Gold Prizms,false,,Obi Toppin,
base,280,Gold Shimmer Prizms,false,,Obi Toppin,
base,280,Gold Wave Prizms,false,,Obi Toppin,
base,280,Green Ice Prizms,false,,Obi Toppin,
base,280,Green Prizms,false,,Obi Toppin,
base,280,Green Pulsar Prizms,false,,Obi Toppin,
base,280,Green Shimmer Prizms,false,,Obi Toppin,
base,280,Hyper Prizms,false,,Obi Toppin,
base,280,Lucky Envelopes Prizms,false,,Obi Toppin,
base,280,Mojo Prizms,false,,Obi Toppin,
base,280,Orange Ice Prizms,false,,Obi Toppin,
base,280,Orange Prizms,false,,Obi Toppin,
base,280,Orange Wave Prizms,false,,Obi Toppin,
base,280,Pink Ice Prizms,false,,Obi Toppin,
base,280,Pink Pulsar Prizms,false,,Obi Toppin,
base,280,Purple Ice Prizms,false,,Obi Toppin,
base,280,Purple Prizms,false,,Obi Toppin,
base,280,Purple Pulsar Prizms,false,,Obi Toppin,
base,280,Purple Wave Prizms,false,,Obi Toppin,
base,280,Red Ice Prizms,false,,Obi Toppin,
base,280,Red Prizms,false,,Obi Toppin,
base,280,"Red, White and Blue Prizms",false,,Obi Toppin,
base,280,Ruby Wave Prizms,false,,Obi Toppin,
base,280,Silver Prizms,false,,Obi Toppin,
base,280,White Sparkle Prizm,false,,Obi Toppin,
base,280,Fast Break Pink Prizms,false,,Obi Toppin,
base,280,Black Prizms,false,,Obi Toppin,
base,280,Black Shimmer Prizms,false,,Obi Toppin,
base,280,Blue Ice Prizms,false,,Obi Toppin,
base,280,Black Gold Prizms,false,,Obi Toppin,
base,170,Blue Prizms,false,,Mitchell Robinson,
base,170,Blue Shimmer Prizms,false,,Mitchell Robinson,
base,170,Blue Wave Prizms,false,,Mitchell Robinson,
base,170,Choice Blue Prizms,false,,Mitchell Robinson,
base,170,"Choice Blue, Yellow and Green Prizms",false,,Mitchell Robinson,
base,170,Choice Green Prizms,false,,Mitchell Robinson,
base,170,Choice Nebula Prizms,false,,Mitchell Robinson,
base,170,Choice Red Prizms,false,,Mitchell Robinson,
base,170,Choice Tiger Stripe Prizms,false,,Mitchell Robinson,
base,170,Fast Break Blue Prizms,false,,Mitchell Robinson,
base,170,Fast Break Bronze Prizms,false,,Mitchell Robinson,
base,170,Fast Break Neon Green Prizms,false,,Mitchell Robinson,
base,170,Fast Break Prizms,false,,Mitchell Robinson,
base,170,Fast Break Purple Prizms,false,,Mitchell Robinson,
base,170,Fast Break Red Prizms,false,,Mitchell Robinson,
base,170,Gold Prizms,false,,Mitchell Robinson,
base,170,Gold Shimmer Prizms,false,,Mitchell Robinson,
base,170,Gold Wave Prizms,false,,Mitchell Robinson,
base,170,Green Ice Prizms,false,,Mitchell Robinson,
base,170,Green Prizms,false,,Mitchell Robinson,
base,170,Green Pulsar Prizms,false,,Mitchell Robinson,
base,170,Green Shimmer Prizms,false,,Mitchell Robinson,
base,170,Hyper Prizms,false,,Mitchell Robinson,
base,170,Lucky Envelopes Prizms,false,,Mitchell Robinson,
base,170,Mojo Prizms,false,,Mitchell Robinson,
base,170,Orange Ice Prizms,false,,Mitchell Robinson,
base,170,Orange Prizms,false,,Mitchell Robinson,
base,170,Orange Wave Prizms,false,,Mitchell Robinson,
base,170,Pink Ice Prizms,false,,Mitchell Robinson,
base,170,Pink Pulsar Prizms,false,,Mitchell Robinson,
base,170,Purple Ice Prizms,false,,Mitchell Robinson,
base,170,Purple Prizms,false,,Mitchell Robinson,
base,170,Purple Pulsar Prizms,false,,Mitchell Robinson,
base,170,Purple Wave Prizms,false,,Mitchell Robinson,
base,170,Red Ice Prizms,false,,Mitchell Robinson,
base,170,Red Prizms,false,,Mitchell Robinson,
base,170,"Red, White and Blue Prizms",false,,Mitchell Robinson,
base,170,Ruby Wave Prizms,false,,Mitchell Robinson,
base,170,Silver Prizms,false,,Mitchell Robinson,
base,170,White Sparkle Prizm,false,,Mitchell Robinson,
base,170,Fast Break Pink Prizms,false,,Mitchell Robinson,
base,170,Black Prizms,false,,Mitchell Robinson,
base,170,Black Shimmer Prizms,false,,Mitchell Robinson,
base,170,Blue Ice Prizms,false,,Mitchell Robinson,
base,170,Black Gold Prizms,false,,Mitchell Robinson,
insert-downtown-bound,24,Fast Break,false,,RJ Barrett,
insert-downtown-bound,24,Prizms Hyper,false,,RJ Barrett,
insert-downtown-bound,24,Prizms Silver,false,,RJ Barrett,
insert-downtown-bound,24,Prizms Mojo,false,25,RJ Barrett,
insert-downtown-bound,24,Prizms Gold,false,10,RJ Barrett,
insert-downtown-bound,24,Prizms Black,false,1,RJ Barrett,
base,25,Blue Prizms,false,,Elfrid Payton,
base,25,Blue Shimmer Prizms,false,,Elfrid Payton,
base,25,Blue Wave Prizms,false,,Elfrid Payton,
base,25,Choice Blue Prizms,false,,Elfrid Payton,
base,25,"Choice Blue, Yellow and Green Prizms",false,,Elfrid Payton,
base,25,Choice Green Prizms,false,,Elfrid Payton,
base,25,Choice Nebula Prizms,false,,Elfrid Payton,
base,25,Choice Red Prizms,false,,Elfrid Payton,
base,25,Choice Tiger Stripe Prizms,false,,Elfrid Payton,
base,25,Fast Break Blue Prizms,false,,Elfrid Payton,
base,25,Fast Break Bronze Prizms,false,,Elfrid Payton,
base,25,Fast Break Neon Green Prizms,false,,Elfrid Payton,
base,25,Fast Break Prizms,false,,Elfrid Payton,
base,25,Fast Break Purple Prizms,false,,Elfrid Payton,
base,25,Fast Break Red Prizms,false,,Elfrid Payton,
base,25,Gold Prizms,false,,Elfrid Payton,
base,25,Gold Shimmer Prizms,false,,Elfrid Payton,
base,25,Gold Wave Prizms,false,,Elfrid Payton,
base,25,Green Ice Prizms,false,,Elfrid Payton,
base,25,Green Prizms,false,,Elfrid Payton,
base,25,Green Pulsar Prizms,false,,Elfrid Payton,
base,25,Green Shimmer Prizms,false,,Elfrid Payton,
base,25,Hyper Prizms,false,,Elfrid Payton,
base,25,Lucky Envelopes Prizms,false,,Elfrid Payton,
base,25,Mojo Prizms,false,,Elfrid Payton,
base,25,Orange Ice Prizms,false,,Elfrid Payton,
base,25,Orange Prizms,false,,Elfrid Payton,
base,25,Orange Wave Prizms,false,,Elfrid Payton,
base,25,Pink Ice Prizms,false,,Elfrid Payton,
base,25,Pink Pulsar Prizms,false,,Elfrid Payton,
base,25,Purple Ice Prizms,false,,Elfrid Payton,
base,25,Purple Prizms,false,,Elfrid Payton,
base,25,Purple Pulsar Prizms,false,,Elfrid Payton,
base,25,Purple Wave Prizms,false,,Elfrid Payton,
base,25,Red Ice Prizms,false,,Elfrid Payton,
base,25,Red Prizms,false,,Elfrid Payton,
base,25,"Red, White and Blue Prizms",false,,Elfrid Payton,
base,25,Ruby Wave Prizms,false,,Elfrid Payton,
base,25,Silver Prizms,false,,Elfrid Payton,
base,25,White Sparkle Prizm,false,,Elfrid Payton,
base,25,Fast Break Pink Prizms,false,,Elfrid Payton,
base,25,Black Prizms,false,,Elfrid Payton,
base,25,Black Shimmer Prizms,false,,Elfrid Payton,
base,25,Blue Ice Prizms,false,,Elfrid Payton,
base,25,Black Gold Prizms,false,,Elfrid Payton,
base,241,Blue Prizms,false,,RJ Barrett,
base,241,Blue Shimmer Prizms,false,,RJ Barrett,
base,241,Blue Wave Prizms,false,,RJ Barrett,
base,241,Choice Blue Prizms,false,,RJ Barrett,
base,241,"Choice Blue, Yellow and Green Prizms",false,,RJ Barrett,
base,241,Choice Green Prizms,false,,RJ Barrett,
base,241,Choice Nebula Prizms,false,,RJ Barrett,
base,241,Choice Red Prizms,false,,RJ Barrett,
base,241,Choice Tiger Stripe Prizms,false,,RJ Barrett,
base,241,Fast Break Blue Prizms,false,,RJ Barrett,
base,241,Fast Break Bronze Prizms,false,,RJ Barrett,
base,241,Fast Break Neon Green Prizms,false,,RJ Barrett,
base,241,Fast Break Prizms,false,,RJ Barrett,
base,241,Fast Break Purple Prizms,false,,RJ Barrett,
base,241,Fast Break Red Prizms,false,,RJ Barrett,
base,241,Gold Prizms,false,,RJ Barrett,
base,241,Gold Shimmer Prizms,false,,RJ Barrett,
base,241,Gold Wave Prizms,false,,RJ Barrett,
base,241,Green Ice Prizms,false,,RJ Barrett,
base,241,Green Prizms,false,,RJ Barrett,
base,241,Green Pulsar Prizms,false,,RJ Barrett,
base,241,Green Shimmer Prizms,false,,RJ Barrett,
base,241,Hyper Prizms,false,,RJ Barrett,
base,241,Lucky Envelopes Prizms,false,,RJ Barrett,
base,241,Mojo Prizms,false,,RJ Barrett,
base,241,Orange Ice Prizms,false,,RJ Barrett,
base,241,Orange Prizms,false,,RJ Barrett,
base,241,Orange Wave Prizms,false,,RJ Barrett,
base,241,Pink Ice Prizms,false,,RJ Barrett,
base,241,Pink Pulsar Prizms,false,,RJ Barrett,
base,241,Purple Ice Prizms,false,,RJ Barrett,
base,241,Purple Prizms,false,,RJ Barrett,
base,241,Purple Pulsar Prizms,false,,RJ Barrett,
base,241,Purple Wave Prizms,false,,RJ Barrett,
base,241,Red Ice Prizms,false,,RJ Barrett,
base,241,Red Prizms,false,,RJ Barrett,
base,241,"Red, White and Blue Prizms",false,,RJ Barrett,
base,241,Ruby Wave Prizms,false,,RJ Barrett,
base,241,Silver Prizms,false,,RJ Barrett,
base,241,White Sparkle Prizm,false,,RJ Barrett,
base,241,Fast Break Pink Prizms,false,,RJ Barrett,
base,241,Black Prizms,false,,RJ Barrett,
base,241,Black Shimmer Prizms,false,,RJ Barrett,
base,241,Blue Ice Prizms,false,,RJ Barrett,
base,241,Black Gold Prizms,false,,RJ Barrett,
insert-fireworks,25,Prizms Silver,false,,RJ Barrett,
insert-fireworks,25,Fast Break,false,,RJ Barrett,
insert-fireworks,25,Prizms Hyper,false,,RJ Barrett,
insert-fireworks,25,Prizms Mojo,false,25,RJ Barrett,
insert-fireworks,25,Prizms Gold,false,10,RJ Barrett,
insert-fireworks,25,Prizms Black,false,1,RJ Barrett,
auto-sensational-signatures,SS-RJB,Prizms Silver,true,,RJ Barrett,
auto-sensational-signatures,SS-RJB,Prizms Choice,true,,RJ Barrett,
auto-sensational-signatures,SS-RJB,Prizms Mojo,true,25,RJ Barrett,
auto-sensational-signatures,SS-RJB,Prizms Gold,true,10,RJ Barrett,
auto-sensational-signatures,SS-RJB,Prizms Choice Green,true,8,RJ Barrett,
auto-sensational-signatures,SS-RJB,Prizms Black,true,1,RJ Barrett,
auto-sensational-signatures,SS-OTP,Prizms Silver,true,,Obi Toppin,
auto-sensational-signatures,SS-OTP,Prizms Choice,true,,Obi Toppin,
auto-sensational-signatures,SS-OTP,Prizms Mojo,true,25,Obi Toppin,
auto-sensational-signatures,SS-OTP,Prizms Gold,true,10,Obi Toppin,
auto-sensational-signatures,SS-OTP,Prizms Choice Green,true,8,Obi Toppin,
auto-sensational-signatures,SS-OTP,Prizms Black,true,1,Obi Toppin,
base,54,Blue Prizms,false,,Julius Randle,
base,54,Blue Shimmer Prizms,false,,Julius Randle,
base,54,Blue Wave Prizms,false,,Julius Randle,
base,54,Choice Blue Prizms,false,,Julius Randle,
base,54,"Choice Blue, Yellow and Green Prizms",false,,Julius Randle,
base,54,Choice Green Prizms,false,,Julius Randle,
base,54,Choice Nebula Prizms,false,,Julius Randle,
base,54,Choice Red Prizms,false,,Julius Randle,
base,54,Choice Tiger Stripe Prizms,false,,Julius Randle,
base,54,Fast Break Blue Prizms,false,,Julius Randle,
base,54,Fast Break Bronze Prizms,false,,Julius Randle,
base,54,Fast Break Neon Green Prizms,false,,Julius Randle,
base,54,Fast Break Prizms,false,,Julius Randle,
base,54,Fast Break Purple Prizms,false,,Julius Randle,
base,54,Fast Break Red Prizms,false,,Julius Randle,
base,54,Gold Prizms,false,,Julius Randle,
base,54,Gold Shimmer Prizms,false,,Julius Randle,
base,54,Gold Wave Prizms,false,,Julius Randle,
base,54,Green Ice Prizms,false,,Julius Randle,
base,54,Green Prizms,false,,Julius Randle,
base,54,Green Pulsar Prizms,false,,Julius Randle,
base,54,Green Shimmer Prizms,false,,Julius Randle,
base,54,Hyper Prizms,false,,Julius Randle,
base,54,Lucky Envelopes Prizms,false,,Julius Randle,
base,54,Mojo Prizms,false,,Julius Randle,
base,54,Orange Ice Prizms,false,,Julius Randle,
base,54,Orange Prizms,false,,Julius Randle,
base,54,Orange Wave Prizms,false,,Julius Randle,
base,54,Pink Ice Prizms,false,,Julius Randle,
base,54,Pink Pulsar Prizms,false,,Julius Randle,
base,54,Purple Ice Prizms,false,,Julius Randle,
base,54,Purple Prizms,false,,Julius Randle,
base,54,Purple Pulsar Prizms,false,,Julius Randle,
base,54,Purple Wave Prizms,false,,Julius Randle,
base,54,Red Ice Prizms,false,,Julius Randle,
base,54,Red Prizms,false,,Julius Randle,
base,54,"Red, White and Blue Prizms",false,,Julius Randle,
base,54,Ruby Wave Prizms,false,,Julius Randle,
base,54,Silver Prizms,false,,Julius Randle,
base,54,White Sparkle Prizm,false,,Julius Randle,
base,54,Fast Break Pink Prizms,false,,Julius Randle,
base,54,Black Prizms,false,,Julius Randle,
base,54,Black Shimmer Prizms,false,,Julius Randle,
base,54,Blue Ice Prizms,false,,Julius Randle,
base,54,Black Gold Prizms,false,,Julius Randle,
insert-rookie-penmanship,RP-IQK,Prizms Orange Ice,false,,Immanuel Quickley,
insert-rookie-penmanship,RP-IQK,Prizms Blue Wave,false,,Immanuel Quickley,
insert-rookie-penmanship,RP-IQK,Prizms Silver,false,,Immanuel Quickley,
insert-rookie-penmanship,RP-IQK,Prizms Gold Wave,false,,Immanuel Quickley,
insert-rookie-penmanship,RP-IQK,Prizms Green Ice,false,16,Immanuel Quickley,
insert-sophomore-stars,7,Prizms Silver,false,,RJ Barrett,
insert-sophomore-stars,7,Prizms Green,false,,RJ Barrett,
base,296,Blue Prizms,false,,Immanuel Quickley,
base,296,Blue Shimmer Prizms,false,,Immanuel Quickley,
base,296,Blue Wave Prizms,false,,Immanuel Quickley,
base,296,Choice Blue Prizms,false,,Immanuel Quickley,
base,296,"Choice Blue, Yellow and Green Prizms",false,,Immanuel Quickley,
base,296,Choice Green Prizms,false,,Immanuel Quickley,
base,296,Choice Nebula Prizms,false,,Immanuel Quickley,
base,296,Choice Red Prizms,false,,Immanuel Quickley,
base,296,Choice Tiger Stripe Prizms,false,,Immanuel Quickley,
base,296,Fast Break Blue Prizms,false,,Immanuel Quickley,
base,296,Fast Break Bronze Prizms,false,,Immanuel Quickley,
base,296,Fast Break Neon Green Prizms,false,,Immanuel Quickley,
base,296,Fast Break Prizms,false,,Immanuel Quickley,
base,296,Fast Break Purple Prizms,false,,Immanuel Quickley,
base,296,Fast Break Red Prizms,false,,Immanuel Quickley,
base,296,Gold Prizms,false,,Immanuel Quickley,
base,296,Gold Shimmer Prizms,false,,Immanuel Quickley,
base,296,Gold Wave Prizms,false,,Immanuel Quickley,
base,296,Green Ice Prizms,false,,Immanuel Quickley,
base,296,Green Prizms,false,,Immanuel Quickley,
base,296,Green Pulsar Prizms,false,,Immanuel Quickley,
base,296,Green Shimmer Prizms,false,,Immanuel Quickley,
base,296,Hyper Prizms,false,,Immanuel Quickley,
base,296,Lucky Envelopes Prizms,false,,Immanuel Quickley,
base,296,Mojo Prizms,false,,Immanuel Quickley,
base,296,Orange Ice Prizms,false,,Immanuel Quickley,
base,296,Orange Prizms,false,,Immanuel Quickley,
base,296,Orange Wave Prizms,false,,Immanuel Quickley,
base,296,Pink Ice Prizms,false,,Immanuel Quickley,
base,296,Pink Pulsar Prizms,false,,Immanuel Quickley,
base,296,Purple Ice Prizms,false,,Immanuel Quickley,
base,296,Purple Prizms,false,,Immanuel Quickley,
base,296,Purple Pulsar Prizms,false,,Immanuel Quickley,
base,296,Purple Wave Prizms,false,,Immanuel Quickley,
base,296,Red Ice Prizms,false,,Immanuel Quickley,
base,296,Red Prizms,false,,Immanuel Quickley,
base,296,"Red, White and Blue Prizms",false,,Immanuel Quickley,
base,296,Ruby Wave Prizms,false,,Immanuel Quickley,
base,296,Silver Prizms,false,,Immanuel Quickley,
base,296,White Sparkle Prizm,false,,Immanuel Quickley,
base,296,Fast Break Pink Prizms,false,,Immanuel Quickley,
base,296,Black Prizms,false,,Immanuel Quickley,
base,296,Black Shimmer Prizms,false,,Immanuel Quickley,
base,296,Blue Ice Prizms,false,,Immanuel Quickley,
base,296,Black Gold Prizms,false,,Immanuel Quickley,
auto-signatures,SI-KSW,Prizms Choice,true,,"Kenny ""Sky"" Walker",
auto-signatures,SI-KSW,Prizms Silver,true,,"Kenny ""Sky"" Walker",
auto-signatures,SI-KSW,Prizms Mojo,true,25,"Kenny ""Sky"" Walker",
auto-signatures,SI-KSW,Prizms Gold,true,10,"Kenny ""Sky"" Walker",
auto-signatures,SI-KSW,Prizms Choice Green,true,8,"Kenny ""Sky"" Walker",
auto-signatures,SI-KSW,Prizms Black,true,1,"Kenny ""Sky"" Walker",
insert-rookie-penmanship,RP-OTP,Prizms Orange Ice,false,,Obi Toppin,
insert-rookie-penmanship,RP-OTP,Prizms Blue Wave,false,,Obi Toppin,
insert-rookie-penmanship,RP-OTP,Prizms Silver,false,,Obi Toppin,
insert-rookie-penmanship,RP-OTP,Prizms Gold Wave,false,,Obi Toppin,
insert-rookie-penmanship,RP-OTP,Prizms Green Ice,false,16,Obi Toppin,
auto-signatures,SI-RJB,Prizms Choice,true,,RJ Barrett,
auto-signatures,SI-RJB,Prizms Silver,true,,RJ Barrett,
auto-signatures,SI-RJB,Prizms Mojo,true,25,RJ Barrett,
auto-signatures,SI-RJB,Prizms Gold,true,10,RJ Barrett,
auto-signatures,SI-RJB,Prizms Choice Green,true,8,RJ Barrett,
auto-signatures,SI-RJB,Prizms Black,true,1,RJ Barrett,
auto-rookie-signatures,RS-IQK,Prizms Silver,true,,Immanuel Quickley,
auto-rookie-signatures,RS-IQK,Prizms Choice,true,,Immanuel Quickley,
auto-rookie-signatures,RS-IQK,Prizms Mojo,true,25,Immanuel Quickley,
auto-rookie-signatures,RS-IQK,Prizms Gold,true,10,Immanuel Quickley,
auto-rookie-signatures,RS-IQK,Prizms Choice Green,true,8,Immanuel Quickley,
auto-rookie-signatures,RS-IQK,Prizms Black,true,1,Immanuel Quickley,
auto-rookie-signatures,RS-IQK,Prizms White Sparkle,true,1,Immanuel Quickley,
auto-sensational-signatures,SS-IQK,Prizms Silver,true,,Immanuel Quickley,
auto-sensational-signatures,SS-IQK,Prizms Choice,true,,Immanuel Quickley,
auto-sensational-signatures,SS-IQK,Prizms Mojo,true,25,Immanuel Quickley,
auto-sensational-signatures,SS-IQK,Prizms Gold,true,10,Immanuel Quickley,
auto-sensational-signatures,SS-IQK,Prizms Choice Green,true,8,Immanuel Quickley,
auto-sensational-signatures,SS-IQK,Prizms Black,true,1,Immanuel Quickley,
base,221,Blue Prizms,false,,Bobby Portis,
base,221,Blue Shimmer Prizms,false,,Bobby Portis,
base,221,Blue Wave Prizms,false,,Bobby Portis,
base,221,Choice Blue Prizms,false,,Bobby Portis,
base,221,"Choice Blue, Yellow and Green Prizms",false,,Bobby Portis,
base,221,Choice Green Prizms,false,,Bobby Portis,
base,221,Choice Nebula Prizms,false,,Bobby Portis,
base,221,Choice Red Prizms,false,,Bobby Portis,
base,221,Choice Tiger Stripe Prizms,false,,Bobby Portis,
base,221,Fast Break Blue Prizms,false,,Bobby Portis,
base,221,Fast Break Bronze Prizms,false,,Bobby Portis,
base,221,Fast Break Neon Green Prizms,false,,Bobby Portis,
base,221,Fast Break Prizms,false,,Bobby Portis,
base,221,Fast Break Purple Prizms,false,,Bobby Portis,
base,221,Fast Break Red Prizms,false,,Bobby Portis,
base,221,Gold Prizms,false,,Bobby Portis,
base,221,Gold Shimmer Prizms,false,,Bobby Portis,
base,221,Gold Wave Prizms,false,,Bobby Portis,
base,221,Green Ice Prizms,false,,Bobby Portis,
base,221,Green Prizms,false,,Bobby Portis,
base,221,Green Pulsar Prizms,false,,Bobby Portis,
base,221,Green Shimmer Prizms,false,,Bobby Portis,
base,221,Hyper Prizms,false,,Bobby Portis,
base,221,Lucky Envelopes Prizms,false,,Bobby Portis,
base,221,Mojo Prizms,false,,Bobby Portis,
base,221,Orange Ice Prizms,false,,Bobby Portis,
base,221,Orange Prizms,false,,Bobby Portis,
base,221,Orange Wave Prizms,false,,Bobby Portis,
base,221,Pink Ice Prizms,false,,Bobby Portis,
base,221,Pink Pulsar Prizms,false,,Bobby Portis,
base,221,Purple Ice Prizms,false,,Bobby Portis,
base,221,Purple Prizms,false,,Bobby Portis,
base,221,Purple Pulsar Prizms,false,,Bobby Portis,
base,221,Purple Wave Prizms,false,,Bobby Portis,
base,221,Red Ice Prizms,false,,Bobby Portis,
base,221,Red Prizms,false,,Bobby Portis,
base,221,"Red, White and Blue Prizms",false,,Bobby Portis,
base,221,Ruby Wave Prizms,false,,Bobby Portis,
base,221,Silver Prizms,false,,Bobby Portis,
base,221,White Sparkle Prizm,false,,Bobby Portis,
base,221,Fast Break Pink Prizms,false,,Bobby Portis,
base,221,Black Prizms,false,,Bobby Portis,
base,221,Black Shimmer Prizms,false,,Bobby Portis,
base,221,Blue Ice Prizms,false,,Bobby Portis,
base,221,Black Gold Prizms,false,,Bobby Portis,
auto-fast-break-autographs,FBA-RBU,Gold,true,10,Reggie Bullock,
auto-fast-break-autographs,FBA-RBU,Black,true,1,Reggie Bullock,
auto-fast-break-autographs,FBA-RJB,Gold,true,10,RJ Barrett,
auto-fast-break-autographs,FBA-RJB,Black,true,1,RJ Barrett,
auto-fast-break-autographs,FBA-WFR,Gold,true,10,Walt Frazier,
auto-fast-break-autographs,FBA-WFR,Black,true,1,Walt Frazier,
auto-fast-break-rookie-autographs,FR-IQK,Gold,true,10,Immanuel Quickley,
auto-fast-break-rookie-autographs,FR-IQK,Black,true,1,Immanuel Quickley,
base,163,Blue Prizms,false,,Kevin Knox II,
base,163,Blue Shimmer Prizms,false,,Kevin Knox II,
base,163,Blue Wave Prizms,false,,Kevin Knox II,
base,163,Choice Blue Prizms,false,,Kevin Knox II,
base,163,"Choice Blue, Yellow and Green Prizms",false,,Kevin Knox II,
base,163,Choice Green Prizms,false,,Kevin Knox II,
base,163,Choice Nebula Prizms,false,,Kevin Knox II,
base,163,Choice Red Prizms,false,,Kevin Knox II,
base,163,Choice Tiger Stripe Prizms,false,,Kevin Knox II,
base,163,Fast Break Blue Prizms,false,,Kevin Knox II,
base,163,Fast Break Bronze Prizms,false,,Kevin Knox II,
base,163,Fast Break Neon Green Prizms,false,,Kevin Knox II,
base,163,Fast Break Prizms,false,,Kevin Knox II,
base,163,Fast Break Purple Prizms,false,,Kevin Knox II,
base,163,Fast Break Red Prizms,false,,Kevin Knox II,
base,163,Gold Prizms,false,,Kevin Knox II,
base,163,Gold Shimmer Prizms,false,,Kevin Knox II,
base,163,Gold Wave Prizms,false,,Kevin Knox II,
base,163,Green Ice Prizms,false,,Kevin Knox II,
base,163,Green Prizms,false,,Kevin Knox II,
base,163,Green Pulsar Prizms,false,,Kevin Knox II,
base,163,Green Shimmer Prizms,false,,Kevin Knox II,
base,163,Hyper Prizms,false,,Kevin Knox II,
base,163,Lucky Envelopes Prizms,false,,Kevin Knox II,
base,163,Mojo Prizms,false,,Kevin Knox II,
base,163,Orange Ice Prizms,false,,Kevin Knox II,
base,163,Orange Prizms,false,,Kevin Knox II,
base,163,Orange Wave Prizms,false,,Kevin Knox II,
base,163,Pink Ice Prizms,false,,Kevin Knox II,
base,163,Pink Pulsar Prizms,false,,Kevin Knox II,
base,163,Purple Ice Prizms,false,,Kevin Knox II,
base,163,Purple Prizms,false,,Kevin Knox II,
base,163,Purple Pulsar Prizms,false,,Kevin Knox II,
base,163,Purple Wave Prizms,false,,Kevin Knox II,
base,163,Red Ice Prizms,false,,Kevin Knox II,
base,163,Red Prizms,false,,Kevin Knox II,
base,163,"Red, White and Blue Prizms",false,,Kevin Knox II,
base,163,Ruby Wave Prizms,false,,Kevin Knox II,
base,163,Silver Prizms,false,,Kevin Knox II,
base,163,White Sparkle Prizm,false,,Kevin Knox II,
base,163,Fast Break Pink Prizms,false,,Kevin Knox II,
base,163,Black Prizms,false,,Kevin Knox II,
base,163,Black Shimmer Prizms,false,,Kevin Knox II,
base,163,Blue Ice Prizms,false,,Kevin Knox II,
base,163,Black Gold Prizms,false,,Kevin Knox II,
base,90,Blue Prizms,false,,Reggie Bullock,
base,90,Blue Shimmer Prizms,false,,Reggie Bullock,
base,90,Blue Wave Prizms,false,,Reggie Bullock,
base,90,Choice Blue Prizms,false,,Reggie Bullock,
base,90,"Choice Blue, Yellow and Green Prizms",false,,Reggie Bullock,
base,90,Choice Green Prizms,false,,Reggie Bullock,
base,90,Choice Nebula Prizms,false,,Reggie Bullock,
base,90,Choice Red Prizms,false,,Reggie Bullock,
base,90,Choice Tiger Stripe Prizms,false,,Reggie Bullock,
base,90,Fast Break Blue Prizms,false,,Reggie Bullock,
base,90,Fast Break Bronze Prizms,false,,Reggie Bullock,
base,90,Fast Break Neon Green Prizms,false,,Reggie Bullock,
base,90,Fast Break Prizms,false,,Reggie Bullock,
base,90,Fast Break Purple Prizms,false,,Reggie Bullock,
base,90,Fast Break Red Prizms,false,,Reggie Bullock,
base,90,Gold Prizms,false,,Reggie Bullock,
base,90,Gold Shimmer Prizms,false,,Reggie Bullock,
base,90,Gold Wave Prizms,false,,Reggie Bullock,
base,90,Green Ice Prizms,false,,Reggie Bullock,
base,90,Green Prizms,false,,Reggie Bullock,
base,90,Green Pulsar Prizms,false,,Reggie Bullock,
base,90,Green Shimmer Prizms,false,,Reggie Bullock,
base,90,Hyper Prizms,false,,Reggie Bullock,
base,90,Lucky Envelopes Prizms,false,,Reggie Bullock,
base,90,Mojo Prizms,false,,Reggie Bullock,
base,90,Orange Ice Prizms,false,,Reggie Bullock,
base,90,Orange Prizms,false,,Reggie Bullock,
base,90,Orange Wave Prizms,false,,Reggie Bullock,
base,90,Pink Ice Prizms,false,,Reggie Bullock,
base,90,Pink Pulsar Prizms,false,,Reggie Bullock,
base,90,Purple Ice Prizms,false,,Reggie Bullock,
base,90,Purple Prizms,false,,Reggie Bullock,
base,90,Purple Pulsar Prizms,false,,Reggie Bullock,
base,90,Purple Wave Prizms,false,,Reggie Bullock,
base,90,Red Ice Prizms,false,,Reggie Bullock,
base,90,Red Prizms,false,,Reggie Bullock,
base,90,"Red, White and Blue Prizms",false,,Reggie Bullock,
base,90,Ruby Wave Prizms,false,,Reggie Bullock,
base,90,Silver Prizms,false,,Reggie Bullock,
base,90,White Sparkle Prizm,false,,Reggie Bullock,
base,90,Fast Break Pink Prizms,false,,Reggie Bullock,
base,90,Black Prizms,false,,Reggie Bullock,
base,90,Black Shimmer Prizms,false,,Reggie Bullock,
base,90,Blue Ice Prizms,false,,Reggie Bullock,
base,90,Black Gold Prizms,false,,Reggie Bullock,
auto-fast-break-rookie-autographs,FR-OTP,Gold,true,10,Obi Toppin,
auto-fast-break-rookie-autographs,FR-OTP,Black,true,1,Obi Toppin,
auto-sensational-signatures,SS-DLE,Prizms Silver,true,,David Lee,
auto-sensational-signatures,SS-DLE,Prizms Choice,true,,David Lee,
auto-sensational-signatures,SS-DLE,Prizms Mojo,true,25,David Lee,
auto-sensational-signatures,SS-DLE,Prizms Gold,true,10,David Lee,
auto-sensational-signatures,SS-DLE,Prizms Choice Green,true,8,David Lee,
auto-sensational-signatures,SS-DLE,Prizms Black,true,1,David Lee,
insert-sensational-swatches,SSW-FNT,Prizms Orange Ice,false,,Frank Ntilikina,
insert-sensational-swatches,SSW-FNT,Prizms Green Ice,false,56,Frank Ntilikina,
insert-sensational-swatches,SSW-FNT,Prime,false,10,Frank Ntilikina,
insert-instant-impact,20,Prizms Green,false,,Immanuel Quickley,
insert-instant-impact,20,Prizms Silver,false,,Immanuel Quickley,
auto-fast-break-rookie-autographs,FR-APK,Gold,true,10,Aleksej Pokusevski,
auto-fast-break-rookie-autographs,FR-APK,Black,true,1,Aleksej Pokusevski,
auto-fast-break-rookie-autographs,FR-TMB,Gold,true,10,Theo Maledon,
auto-fast-break-rookie-autographs,FR-TMB,Black,true,1,Theo Maledon,
insert-fearless,2,Fast Break,false,,Gary Payton,
insert-fearless,2,Prizms Hyper,false,,Gary Payton,
insert-fearless,2,Prizms Silver,false,,Gary Payton,
insert-fearless,2,Prizms Mojo,false,25,Gary Payton,
insert-fearless,2,Prizms Gold,false,10,Gary Payton,
insert-fearless,2,Prizms Black,false,1,Gary Payton,
auto-fast-break-autographs,FBA-JSI,Gold,true,10,Jack Sikma,
auto-fast-break-autographs,FBA-JSI,Black,true,1,Jack Sikma,
insert-fireworks,24,Prizms Silver,false,,Chris Paul,
insert-fireworks,24,Fast Break,false,,Chris Paul,
insert-fireworks,24,Prizms Hyper,false,,Chris Paul,
insert-fireworks,24,Prizms Mojo,false,25,Chris Paul,
insert-fireworks,24,Prizms Gold,false,10,Chris Paul,
insert-fireworks,24,Prizms Black,false,1,Chris Paul,
insert-instant-impact,4,Prizms Green,false,,Aleksej Pokusevski,
insert-instant-impact,4,Prizms Silver,false,,Aleksej Pokusevski,
base,128,Blue Prizms,false,,Dennis Schroder,
base,128,Blue Shimmer Prizms,false,,Dennis Schroder,
base,128,Blue Wave Prizms,false,,Dennis Schroder,
base,128,Choice Blue Prizms,false,,Dennis Schroder,
base,128,"Choice Blue, Yellow and Green Prizms",false,,Dennis Schroder,
base,128,Choice Green Prizms,false,,Dennis Schroder,
base,128,Choice Nebula Prizms,false,,Dennis Schroder,
base,128,Choice Red Prizms,false,,Dennis Schroder,
base,128,Choice Tiger Stripe Prizms,false,,Dennis Schroder,
base,128,Fast Break Blue Prizms,false,,Dennis Schroder,
base,128,Fast Break Bronze Prizms,false,,Dennis Schroder,
base,128,Fast Break Neon Green Prizms,false,,Dennis Schroder,
base,128,Fast Break Prizms,false,,Dennis Schroder,
base,128,Fast Break Purple Prizms,false,,Dennis Schroder,
base,128,Fast Break Red Prizms,false,,Dennis Schroder,
base,128,Gold Prizms,false,,Dennis Schroder,
base,128,Gold Shimmer Prizms,false,,Dennis Schroder,
base,128,Gold Wave Prizms,false,,Dennis Schroder,
base,128,Green Ice Prizms,false,,Dennis Schroder,
base,128,Green Prizms,false,,Dennis Schroder,
base,128,Green Pulsar Prizms,false,,Dennis Schroder,
base,128,Green Shimmer Prizms,false,,Dennis Schroder,
base,128,Hyper Prizms,false,,Dennis Schroder,
base,128,Lucky Envelopes Prizms,false,,Dennis Schroder,
base,128,Mojo Prizms,false,,Dennis Schroder,
base,128,Orange Ice Prizms,false,,Dennis Schroder,
base,128,Orange Prizms,false,,Dennis Schroder,
base,128,Orange Wave Prizms,false,,Dennis Schroder,
base,128,Pink Ice Prizms,false,,Dennis Schroder,
base,128,Pink Pulsar Prizms,false,,Dennis Schroder,
base,128,Purple Ice Prizms,false,,Dennis Schroder,
base,128,Purple Prizms,false,,Dennis Schroder,
base,128,Purple Pulsar Prizms,false,,Dennis Schroder,
base,128,Purple Wave Prizms,false,,Dennis Schroder,
base,128,Red Ice Prizms,false,,Dennis Schroder,
base,128,Red Prizms,false,,Dennis Schroder,
base,128,"Red, White and Blue Prizms",false,,Dennis Schroder,
base,128,Ruby Wave Prizms,false,,Dennis Schroder,
base,128,Silver Prizms,false,,Dennis Schroder,
base,128,White Sparkle Prizm,false,,Dennis Schroder,
base,128,Fast Break Pink Prizms,false,,Dennis Schroder,
base,128,Black Prizms,false,,Dennis Schroder,
base,128,Black Shimmer Prizms,false,,Dennis Schroder,
base,128,Blue Ice Prizms,false,,Dennis Schroder,
base,128,Black Gold Prizms,false,,Dennis Schroder,
auto-fast-break-autographs,FBA-DEL,Gold,true,10,Dale Ellis,
auto-fast-break-autographs,FBA-DEL,Black,true,1,Dale Ellis,
base,164,Blue Prizms,false,,Darius Bazley,
base,164,Blue Shimmer Prizms,false,,Darius Bazley,
base,164,Blue Wave Prizms,false,,Darius Bazley,
base,164,Choice Blue Prizms,false,,Darius Bazley,
base,164,"Choice Blue, Yellow and Green Prizms",false,,Darius Bazley,
base,164,Choice Green Prizms,false,,Darius Bazley,
base,164,Choice Nebula Prizms,false,,Darius Bazley,
base,164,Choice Red Prizms,false,,Darius Bazley,
base,164,Choice Tiger Stripe Prizms,false,,Darius Bazley,
base,164,Fast Break Blue Prizms,false,,Darius Bazley,
base,164,Fast Break Bronze Prizms,false,,Darius Bazley,
base,164,Fast Break Neon Green Prizms,false,,Darius Bazley,
base,164,Fast Break Prizms,false,,Darius Bazley,
base,164,Fast Break Purple Prizms,false,,Darius Bazley,
base,164,Fast Break Red Prizms,false,,Darius Bazley,
base,164,Gold Prizms,false,,Darius Bazley,
base,164,Gold Shimmer Prizms,false,,Darius Bazley,
base,164,Gold Wave Prizms,false,,Darius Bazley,
base,164,Green Ice Prizms,false,,Darius Bazley,
base,164,Green Prizms,false,,Darius Bazley,
base,164,Green Pulsar Prizms,false,,Darius Bazley,
base,164,Green Shimmer Prizms,false,,Darius Bazley,
base,164,Hyper Prizms,false,,Darius Bazley,
base,164,Lucky Envelopes Prizms,false,,Darius Bazley,
base,164,Mojo Prizms,false,,Darius Bazley,
base,164,Orange Ice Prizms,false,,Darius Bazley,
base,164,Orange Prizms,false,,Darius Bazley,
base,164,Orange Wave Prizms,false,,Darius Bazley,
base,164,Pink Ice Prizms,false,,Darius Bazley,
base,164,Pink Pulsar Prizms,false,,Darius Bazley,
base,164,Purple Ice Prizms,false,,Darius Bazley,
base,164,Purple Prizms,false,,Darius Bazley,
base,164,Purple Pulsar Prizms,false,,Darius Bazley,
base,164,Purple Wave Prizms,false,,Darius Bazley,
base,164,Red Ice Prizms,false,,Darius Bazley,
base,164,Red Prizms,false,,Darius Bazley,
base,164,"Red, White and Blue Prizms",false,,Darius Bazley,
base,164,Ruby Wave Prizms,false,,Darius Bazley,
base,164,Silver Prizms,false,,Darius Bazley,
base,164,White Sparkle Prizm,false,,Darius Bazley,
base,164,Fast Break Pink Prizms,false,,Darius Bazley,
base,164,Black Prizms,false,,Darius Bazley,
base,164,Black Shimmer Prizms,false,,Darius Bazley,
base,164,Blue Ice Prizms,false,,Darius Bazley,
base,164,Black Gold Prizms,false,,Darius Bazley,
base,118,Blue Prizms,false,,Shai Gilgeous-Alexander,
base,118,Blue Shimmer Prizms,false,,Shai Gilgeous-Alexander,
base,118,Blue Wave Prizms,false,,Shai Gilgeous-Alexander,
base,118,Choice Blue Prizms,false,,Shai Gilgeous-Alexander,
base,118,"Choice Blue, Yellow and Green Prizms",false,,Shai Gilgeous-Alexander,
base,118,Choice Green Prizms,false,,Shai Gilgeous-Alexander,
base,118,Choice Nebula Prizms,false,,Shai Gilgeous-Alexander,
base,118,Choice Red Prizms,false,,Shai Gilgeous-Alexander,
base,118,Choice Tiger Stripe Prizms,false,,Shai Gilgeous-Alexander,
base,118,Fast Break Blue Prizms,false,,Shai Gilgeous-Alexander,
base,118,Fast Break Bronze Prizms,false,,Shai Gilgeous-Alexander,
base,118,Fast Break Neon Green Prizms,false,,Shai Gilgeous-Alexander,
base,118,Fast Break Prizms,false,,Shai Gilgeous-Alexander,
base,118,Fast Break Purple Prizms,false,,Shai Gilgeous-Alexander,
base,118,Fast Break Red Prizms,false,,Shai Gilgeous-Alexander,
base,118,Gold Prizms,false,,Shai Gilgeous-Alexander,
base,118,Gold Shimmer Prizms,false,,Shai Gilgeous-Alexander,
base,118,Gold Wave Prizms,false,,Shai Gilgeous-Alexander,
base,118,Green Ice Prizms,false,,Shai Gilgeous-Alexander,
base,118,Green Prizms,false,,Shai Gilgeous-Alexander,
base,118,Green Pulsar Prizms,false,,Shai Gilgeous-Alexander,
base,118,Green Shimmer Prizms,false,,Shai Gilgeous-Alexander,
base,118,Hyper Prizms,false,,Shai Gilgeous-Alexander,
base,118,Lucky Envelopes Prizms,false,,Shai Gilgeous-Alexander,
base,118,Mojo Prizms,false,,Shai Gilgeous-Alexander,
base,118,Orange Ice Prizms,false,,Shai Gilgeous-Alexander,
base,118,Orange Prizms,false,,Shai Gilgeous-Alexander,
base,118,Orange Wave Prizms,false,,Shai Gilgeous-Alexander,
base,118,Pink Ice Prizms,false,,Shai Gilgeous-Alexander,
base,118,Pink Pulsar Prizms,false,,Shai Gilgeous-Alexander,
base,118,Purple Ice Prizms,false,,Shai Gilgeous-Alexander,
base,118,Purple Prizms,false,,Shai Gilgeous-Alexander,
base,118,Purple Pulsar Prizms,false,,Shai Gilgeous-Alexander,
base,118,Purple Wave Prizms,false,,Shai Gilgeous-Alexander,
base,118,Red Ice Prizms,false,,Shai Gilgeous-Alexander,
base,118,Red Prizms,false,,Shai Gilgeous-Alexander,
base,118,"Red, White and Blue Prizms",false,,Shai Gilgeous-Alexander,
base,118,Ruby Wave Prizms,false,,Shai Gilgeous-Alexander,
base,118,Silver Prizms,false,,Shai Gilgeous-Alexander,
base,118,White Sparkle Prizm,false,,Shai Gilgeous-Alexander,
base,118,Fast Break Pink Prizms,false,,Shai Gilgeous-Alexander,
base,118,Black Prizms,false,,Shai Gilgeous-Alexander,
base,118,Black Shimmer Prizms,false,,Shai Gilgeous-Alexander,
base,118,Blue Ice Prizms,false,,Shai Gilgeous-Alexander,
base,118,Black Gold Prizms,false,,Shai Gilgeous-Alexander,
insert-penmanship,PE-HDI,Prizms Orange Ice,false,,Hamidou Diallo,
insert-penmanship,PE-HDI,Prizms Silver,false,,Hamidou Diallo,
insert-penmanship,PE-HDI,Prizms Green Ice,false,16,Hamidou Diallo,
base,110,Blue Prizms,false,,Steven Adams,
base,110,Blue Shimmer Prizms,false,,Steven Adams,
base,110,Blue Wave Prizms,false,,Steven Adams,
base,110,Choice Blue Prizms,false,,Steven Adams,
base,110,"Choice Blue, Yellow and Green Prizms",false,,Steven Adams,
base,110,Choice Green Prizms,false,,Steven Adams,
base,110,Choice Nebula Prizms,false,,Steven Adams,
base,110,Choice Red Prizms,false,,Steven Adams,
base,110,Choice Tiger Stripe Prizms,false,,Steven Adams,
base,110,Fast Break Blue Prizms,false,,Steven Adams,
base,110,Fast Break Bronze Prizms,false,,Steven Adams,
base,110,Fast Break Neon Green Prizms,false,,Steven Adams,
base,110,Fast Break Prizms,false,,Steven Adams,
base,110,Fast Break Purple Prizms,false,,Steven Adams,
base,110,Fast Break Red Prizms,false,,Steven Adams,
base,110,Gold Prizms,false,,Steven Adams,
base,110,Gold Shimmer Prizms,false,,Steven Adams,
base,110,Gold Wave Prizms,false,,Steven Adams,
base,110,Green Ice Prizms,false,,Steven Adams,
base,110,Green Prizms,false,,Steven Adams,
base,110,Green Pulsar Prizms,false,,Steven Adams,
base,110,Green Shimmer Prizms,false,,Steven Adams,
base,110,Hyper Prizms,false,,Steven Adams,
base,110,Lucky Envelopes Prizms,false,,Steven Adams,
base,110,Mojo Prizms,false,,Steven Adams,
base,110,Orange Ice Prizms,false,,Steven Adams,
base,110,Orange Prizms,false,,Steven Adams,
base,110,Orange Wave Prizms,false,,Steven Adams,
base,110,Pink Ice Prizms,false,,Steven Adams,
base,110,Pink Pulsar Prizms,false,,Steven Adams,
base,110,Purple Ice Prizms,false,,Steven Adams,
base,110,Purple Prizms,false,,Steven Adams,
base,110,Purple Pulsar Prizms,false,,Steven Adams,
base,110,Purple Wave Prizms,false,,Steven Adams,
base,110,Red Ice Prizms,false,,Steven Adams,
base,110,Red Prizms,false,,Steven Adams,
base,110,"Red, White and Blue Prizms",false,,Steven Adams,
base,110,Ruby Wave Prizms,false,,Steven Adams,
base,110,Silver Prizms,false,,Steven Adams,
base,110,White Sparkle Prizm,false,,Steven Adams,
base,110,Fast Break Pink Prizms,false,,Steven Adams,
base,110,Black Prizms,false,,Steven Adams,
base,110,Black Shimmer Prizms,false,,Steven Adams,
base,110,Blue Ice Prizms,false,,Steven Adams,
base,110,Black Gold Prizms,false,,Steven Adams,
insert-penmanship,PE-SLW,Prizms Orange Ice,false,,Slick Watts,
insert-penmanship,PE-SLW,Prizms Silver,false,,Slick Watts,
insert-penmanship,PE-SLW,Prizms Green Ice,false,16,Slick Watts,
base,108,Blue Prizms,false,,Nerlens Noel,
base,108,Blue Shimmer Prizms,false,,Nerlens Noel,
base,108,Blue Wave Prizms,false,,Nerlens Noel,
base,108,Choice Blue Prizms,false,,Nerlens Noel,
base,108,"Choice Blue, Yellow and Green Prizms",false,,Nerlens Noel,
base,108,Choice Green Prizms,false,,Nerlens Noel,
base,108,Choice Nebula Prizms,false,,Nerlens Noel,
base,108,Choice Red Prizms,false,,Nerlens Noel,
base,108,Choice Tiger Stripe Prizms,false,,Nerlens Noel,
base,108,Fast Break Blue Prizms,false,,Nerlens Noel,
base,108,Fast Break Bronze Prizms,false,,Nerlens Noel,
base,108,Fast Break Neon Green Prizms,false,,Nerlens Noel,
base,108,Fast Break Prizms,false,,Nerlens Noel,
base,108,Fast Break Purple Prizms,false,,Nerlens Noel,
base,108,Fast Break Red Prizms,false,,Nerlens Noel,
base,108,Gold Prizms,false,,Nerlens Noel,
base,108,Gold Shimmer Prizms,false,,Nerlens Noel,
base,108,Gold Wave Prizms,false,,Nerlens Noel,
base,108,Green Ice Prizms,false,,Nerlens Noel,
base,108,Green Prizms,false,,Nerlens Noel,
base,108,Green Pulsar Prizms,false,,Nerlens Noel,
base,108,Green Shimmer Prizms,false,,Nerlens Noel,
base,108,Hyper Prizms,false,,Nerlens Noel,
base,108,Lucky Envelopes Prizms,false,,Nerlens Noel,
base,108,Mojo Prizms,false,,Nerlens Noel,
base,108,Orange Ice Prizms,false,,Nerlens Noel,
base,108,Orange Prizms,false,,Nerlens Noel,
base,108,Orange Wave Prizms,false,,Nerlens Noel,
base,108,Pink Ice Prizms,false,,Nerlens Noel,
base,108,Pink Pulsar Prizms,false,,Nerlens Noel,
base,108,Purple Ice Prizms,false,,Nerlens Noel,
base,108,Purple Prizms,false,,Nerlens Noel,
base,108,Purple Pulsar Prizms,false,,Nerlens Noel,
base,108,Purple Wave Prizms,false,,Nerlens Noel,
base,108,Red Ice Prizms,false,,Nerlens Noel,
base,108,Red Prizms,false,,Nerlens Noel,
base,108,"Red, White and Blue Prizms",false,,Nerlens Noel,
base,108,Ruby Wave Prizms,false,,Nerlens Noel,
base,108,Silver Prizms,false,,Nerlens Noel,
base,108,White Sparkle Prizm,false,,Nerlens Noel,
base,108,Fast Break Pink Prizms,false,,Nerlens Noel,
base,108,Black Prizms,false,,Nerlens Noel,
base,108,Black Shimmer Prizms,false,,Nerlens Noel,
base,108,Blue Ice Prizms,false,,Nerlens Noel,
base,108,Black Gold Prizms,false,,Nerlens Noel,
insert-rookie-penmanship,RP-APK,Prizms Orange Ice,false,,Aleksej Pokusevski,
insert-rookie-penmanship,RP-APK,Prizms Blue Wave,false,,Aleksej Pokusevski,
insert-rookie-penmanship,RP-APK,Prizms Silver,false,,Aleksej Pokusevski,
insert-rookie-penmanship,RP-APK,Prizms Gold Wave,false,,Aleksej Pokusevski,
insert-rookie-penmanship,RP-APK,Prizms Green Ice,false,16,Aleksej Pokusevski,
base,93,Blue Prizms,false,,Chris Paul,
base,93,Blue Shimmer Prizms,false,,Chris Paul,
base,93,Blue Wave Prizms,false,,Chris Paul,
base,93,Choice Blue Prizms,false,,Chris Paul,
base,93,"Choice Blue, Yellow and Green Prizms",false,,Chris Paul,
base,93,Choice Green Prizms,false,,Chris Paul,
base,93,Choice Nebula Prizms,false,,Chris Paul,
base,93,Choice Red Prizms,false,,Chris Paul,
base,93,Choice Tiger Stripe Prizms,false,,Chris Paul,
base,93,Fast Break Blue Prizms,false,,Chris Paul,
base,93,Fast Break Bronze Prizms,false,,Chris Paul,
base,93,Fast Break Neon Green Prizms,false,,Chris Paul,
base,93,Fast Break Prizms,false,,Chris Paul,
base,93,Fast Break Purple Prizms,false,,Chris Paul,
base,93,Fast Break Red Prizms,false,,Chris Paul,
base,93,Gold Prizms,false,,Chris Paul,
base,93,Gold Shimmer Prizms,false,,Chris Paul,
base,93,Gold Wave Prizms,false,,Chris Paul,
base,93,Green Ice Prizms,false,,Chris Paul,
base,93,Green Prizms,false,,Chris Paul,
base,93,Green Pulsar Prizms,false,,Chris Paul,
base,93,Green Shimmer Prizms,false,,Chris Paul,
base,93,Hyper Prizms,false,,Chris Paul,
base,93,Lucky Envelopes Prizms,false,,Chris Paul,
base,93,Mojo Prizms,false,,Chris Paul,
base,93,Orange Ice Prizms,false,,Chris Paul,
base,93,Orange Prizms,false,,Chris Paul,
base,93,Orange Wave Prizms,false,,Chris Paul,
base,93,Pink Ice Prizms,false,,Chris Paul,
base,93,Pink Pulsar Prizms,false,,Chris Paul,
base,93,Purple Ice Prizms,false,,Chris Paul,
base,93,Purple Prizms,false,,Chris Paul,
base,93,Purple Pulsar Prizms,false,,Chris Paul,
base,93,Purple Wave Prizms,false,,Chris Paul,
base,93,Red Ice Prizms,false,,Chris Paul,
base,93,Red Prizms,false,,Chris Paul,
base,93,"Red, White and Blue Prizms",false,,Chris Paul,
base,93,Ruby Wave Prizms,false,,Chris Paul,
base,93,Silver Prizms,false,,Chris Paul,
base,93,White Sparkle Prizm,false,,Chris Paul,
base,93,Fast Break Pink Prizms,false,,Chris Paul,
base,93,Black Prizms,false,,Chris Paul,
base,93,Black Shimmer Prizms,false,,Chris Paul,
base,93,Blue Ice Prizms,false,,Chris Paul,
base,93,Black Gold Prizms,false,,Chris Paul,
insert-emergent,12,Prizms Green,false,,Aleksej Pokusevski,
insert-emergent,12,Prizms Silver,false,,Aleksej Pokusevski,
insert-rookie-penmanship,RP-TML,Prizms Orange Ice,false,,Theo Maledon,
insert-rookie-penmanship,RP-TML,Prizms Blue Wave,false,,Theo Maledon,
insert-rookie-penmanship,RP-TML,Prizms Silver,false,,Theo Maledon,
insert-rookie-penmanship,RP-TML,Prizms Gold Wave,false,,Theo Maledon,
insert-rookie-penmanship,RP-TML,Prizms Green Ice,false,16,Theo Maledon,
auto-rookie-signatures,RS-APK,Prizms Silver,true,,Aleksej Pokusevski,
auto-rookie-signatures,RS-APK,Prizms Choice,true,,Aleksej Pokusevski,
auto-rookie-signatures,RS-APK,Prizms Mojo,true,25,Aleksej Pokusevski,
auto-rookie-signatures,RS-APK,Prizms Gold,true,10,Aleksej Pokusevski,
auto-rookie-signatures,RS-APK,Prizms Choice Green,true,8,Aleksej Pokusevski,
auto-rookie-signatures,RS-APK,Prizms Black,true,1,Aleksej Pokusevski,
auto-rookie-signatures,RS-APK,Prizms White Sparkle,true,1,Aleksej Pokusevski,
auto-rookie-signatures,RS-TML,Prizms Silver,true,,Theo Maledon,
auto-rookie-signatures,RS-TML,Prizms Choice,true,,Theo Maledon,
auto-rookie-signatures,RS-TML,Prizms Mojo,true,25,Theo Maledon,
auto-rookie-signatures,RS-TML,Prizms Gold,true,10,Theo Maledon,
auto-rookie-signatures,RS-TML,Prizms Choice Green,true,8,Theo Maledon,
auto-rookie-signatures,RS-TML,Prizms Black,true,1,Theo Maledon,
auto-rookie-signatures,RS-TML,Prizms White Sparkle,true,1,Theo Maledon,
auto-sensational-signatures,SS-APK,Prizms Silver,true,,Aleksej Pokusevski,
auto-sensational-signatures,SS-APK,Prizms Choice,true,,Aleksej Pokusevski,
auto-sensational-signatures,SS-APK,Prizms Mojo,true,25,Aleksej Pokusevski,
auto-sensational-signatures,SS-APK,Prizms Gold,true,10,Aleksej Pokusevski,
auto-sensational-signatures,SS-APK,Prizms Choice Green,true,8,Aleksej Pokusevski,
auto-sensational-signatures,SS-APK,Prizms Black,true,1,Aleksej Pokusevski,
auto-sensational-signatures,SS-DEL,Prizms Silver,true,,Dale Ellis,
auto-sensational-signatures,SS-DEL,Prizms Choice,true,,Dale Ellis,
auto-sensational-signatures,SS-DEL,Prizms Mojo,true,25,Dale Ellis,
auto-sensational-signatures,SS-DEL,Prizms Gold,true,10,Dale Ellis,
auto-sensational-signatures,SS-DEL,Prizms Choice Green,true,8,Dale Ellis,
auto-sensational-signatures,SS-DEL,Prizms Black,true,1,Dale Ellis,
insert-downtown-bound,4,Fast Break,false,,Chris Paul,
insert-downtown-bound,4,Prizms Hyper,false,,Chris Paul,
insert-downtown-bound,4,Prizms Silver,false,,Chris Paul,
insert-downtown-bound,4,Prizms Mojo,false,25,Chris Paul,
insert-downtown-bound,4,Prizms Gold,false,10,Chris Paul,
insert-downtown-bound,4,Prizms Black,false,1,Chris Paul,
base,61,Blue Prizms,false,,Danilo Gallinari,
base,61,Blue Shimmer Prizms,false,,Danilo Gallinari,
base,61,Blue Wave Prizms,false,,Danilo Gallinari,
base,61,Choice Blue Prizms,false,,Danilo Gallinari,
base,61,"Choice Blue, Yellow and Green Prizms",false,,Danilo Gallinari,
base,61,Choice Green Prizms,false,,Danilo Gallinari,
base,61,Choice Nebula Prizms,false,,Danilo Gallinari,
base,61,Choice Red Prizms,false,,Danilo Gallinari,
base,61,Choice Tiger Stripe Prizms,false,,Danilo Gallinari,
base,61,Fast Break Blue Prizms,false,,Danilo Gallinari,
base,61,Fast Break Bronze Prizms,false,,Danilo Gallinari,
base,61,Fast Break Neon Green Prizms,false,,Danilo Gallinari,
base,61,Fast Break Prizms,false,,Danilo Gallinari,
base,61,Fast Break Purple Prizms,false,,Danilo Gallinari,
base,61,Fast Break Red Prizms,false,,Danilo Gallinari,
base,61,Gold Prizms,false,,Danilo Gallinari,
base,61,Gold Shimmer Prizms,false,,Danilo Gallinari,
base,61,Gold Wave Prizms,false,,Danilo Gallinari,
base,61,Green Ice Prizms,false,,Danilo Gallinari,
base,61,Green Prizms,false,,Danilo Gallinari,
base,61,Green Pulsar Prizms,false,,Danilo Gallinari,
base,61,Green Shimmer Prizms,false,,Danilo Gallinari,
base,61,Hyper Prizms,false,,Danilo Gallinari,
base,61,Lucky Envelopes Prizms,false,,Danilo Gallinari,
base,61,Mojo Prizms,false,,Danilo Gallinari,
base,61,Orange Ice Prizms,false,,Danilo Gallinari,
base,61,Orange Prizms,false,,Danilo Gallinari,
base,61,Orange Wave Prizms,false,,Danilo Gallinari,
base,61,Pink Ice Prizms,false,,Danilo Gallinari,
base,61,Pink Pulsar Prizms,false,,Danilo Gallinari,
base,61,Purple Ice Prizms,false,,Danilo Gallinari,
base,61,Purple Prizms,false,,Danilo Gallinari,
base,61,Purple Pulsar Prizms,false,,Danilo Gallinari,
base,61,Purple Wave Prizms,false,,Danilo Gallinari,
base,61,Red Ice Prizms,false,,Danilo Gallinari,
base,61,Red Prizms,false,,Danilo Gallinari,
base,61,"Red, White and Blue Prizms",false,,Danilo Gallinari,
base,61,Ruby Wave Prizms,false,,Danilo Gallinari,
base,61,Silver Prizms,false,,Danilo Gallinari,
base,61,White Sparkle Prizm,false,,Danilo Gallinari,
base,61,Fast Break Pink Prizms,false,,Danilo Gallinari,
base,61,Black Prizms,false,,Danilo Gallinari,
base,61,Black Shimmer Prizms,false,,Danilo Gallinari,
base,61,Blue Ice Prizms,false,,Danilo Gallinari,
base,61,Black Gold Prizms,false,,Danilo Gallinari,
auto-sensational-signatures,SS-JSI,Prizms Silver,true,,Jack Sikma,
auto-sensational-signatures,SS-JSI,Prizms Choice,true,,Jack Sikma,
auto-sensational-signatures,SS-JSI,Prizms Mojo,true,25,Jack Sikma,
auto-sensational-signatures,SS-JSI,Prizms Gold,true,10,Jack Sikma,
auto-sensational-signatures,SS-JSI,Prizms Choice Green,true,8,Jack Sikma,
auto-sensational-signatures,SS-JSI,Prizms Black,true,1,Jack Sikma,
auto-sensational-signatures,SS-SKE,Prizms Silver,true,,Shawn Kemp,
auto-sensational-signatures,SS-SKE,Prizms Choice,true,,Shawn Kemp,
auto-sensational-signatures,SS-SKE,Prizms Mojo,true,25,Shawn Kemp,
auto-sensational-signatures,SS-SKE,Prizms Gold,true,10,Shawn Kemp,
auto-sensational-signatures,SS-SKE,Prizms Choice Green,true,8,Shawn Kemp,
auto-sensational-signatures,SS-SKE,Prizms Black,true,1,Shawn Kemp,
auto-sensational-signatures,SS-TML,Prizms Silver,true,,Theo Maledon,
auto-sensational-signatures,SS-TML,Prizms Choice,true,,Theo Maledon,
auto-sensational-signatures,SS-TML,Prizms Mojo,true,25,Theo Maledon,
auto-sensational-signatures,SS-TML,Prizms Gold,true,10,Theo Maledon,
auto-sensational-signatures,SS-TML,Prizms Choice Green,true,8,Theo Maledon,
auto-sensational-signatures,SS-TML,Prizms Black,true,1,Theo Maledon,
base,31,Blue Prizms,false,,Luguentz Dort,
base,31,Blue Shimmer Prizms,false,,Luguentz Dort,
base,31,Blue Wave Prizms,false,,Luguentz Dort,
base,31,Choice Blue Prizms,false,,Luguentz Dort,
base,31,"Choice Blue, Yellow and Green Prizms",false,,Luguentz Dort,
base,31,Choice Green Prizms,false,,Luguentz Dort,
base,31,Choice Nebula Prizms,false,,Luguentz Dort,
base,31,Choice Red Prizms,false,,Luguentz Dort,
base,31,Choice Tiger Stripe Prizms,false,,Luguentz Dort,
base,31,Fast Break Blue Prizms,false,,Luguentz Dort,
base,31,Fast Break Bronze Prizms,false,,Luguentz Dort,
base,31,Fast Break Neon Green Prizms,false,,Luguentz Dort,
base,31,Fast Break Prizms,false,,Luguentz Dort,
base,31,Fast Break Purple Prizms,false,,Luguentz Dort,
base,31,Fast Break Red Prizms,false,,Luguentz Dort,
base,31,Gold Prizms,false,,Luguentz Dort,
base,31,Gold Shimmer Prizms,false,,Luguentz Dort,
base,31,Gold Wave Prizms,false,,Luguentz Dort,
base,31,Green Ice Prizms,false,,Luguentz Dort,
base,31,Green Prizms,false,,Luguentz Dort,
base,31,Green Pulsar Prizms,false,,Luguentz Dort,
base,31,Green Shimmer Prizms,false,,Luguentz Dort,
base,31,Hyper Prizms,false,,Luguentz Dort,
base,31,Lucky Envelopes Prizms,false,,Luguentz Dort,
base,31,Mojo Prizms,false,,Luguentz Dort,
base,31,Orange Ice Prizms,false,,Luguentz Dort,
base,31,Orange Prizms,false,,Luguentz Dort,
base,31,Orange Wave Prizms,false,,Luguentz Dort,
base,31,Pink Ice Prizms,false,,Luguentz Dort,
base,31,Pink Pulsar Prizms,false,,Luguentz Dort,
base,31,Purple Ice Prizms,false,,Luguentz Dort,
base,31,Purple Prizms,false,,Luguentz Dort,
base,31,Purple Pulsar Prizms,false,,Luguentz Dort,
base,31,Purple Wave Prizms,false,,Luguentz Dort,
base,31,Red Ice Prizms,false,,Luguentz Dort,
base,31,Red Prizms,false,,Luguentz Dort,
base,31,"Red, White and Blue Prizms",false,,Luguentz Dort,
base,31,Ruby Wave Prizms,false,,Luguentz Dort,
base,31,Silver Prizms,false,,Luguentz Dort,
base,31,White Sparkle Prizm,false,,Luguentz Dort,
base,31,Fast Break Pink Prizms,false,,Luguentz Dort,
base,31,Black Prizms,false,,Luguentz Dort,
base,31,Black Shimmer Prizms,false,,Luguentz Dort,
base,31,Blue Ice Prizms,false,,Luguentz Dort,
base,31,Black Gold Prizms,false,,Luguentz Dort,
base,289,Blue Prizms,false,,Theo Maledon,
base,289,Blue Shimmer Prizms,false,,Theo Maledon,
base,289,Blue Wave Prizms,false,,Theo Maledon,
base,289,Choice Blue Prizms,false,,Theo Maledon,
base,289,"Choice Blue, Yellow and Green Prizms",false,,Theo Maledon,
base,289,Choice Green Prizms,false,,Theo Maledon,
base,289,Choice Nebula Prizms,false,,Theo Maledon,
base,289,Choice Red Prizms,false,,Theo Maledon,
base,289,Choice Tiger Stripe Prizms,false,,Theo Maledon,
base,289,Fast Break Blue Prizms,false,,Theo Maledon,
base,289,Fast Break Bronze Prizms,false,,Theo Maledon,
base,289,Fast Break Neon Green Prizms,false,,Theo Maledon,
base,289,Fast Break Prizms,false,,Theo Maledon,
base,289,Fast Break Purple Prizms,false,,Theo Maledon,
base,289,Fast Break Red Prizms,false,,Theo Maledon,
base,289,Gold Prizms,false,,Theo Maledon,
base,289,Gold Shimmer Prizms,false,,Theo Maledon,
base,289,Gold Wave Prizms,false,,Theo Maledon,
base,289,Green Ice Prizms,false,,Theo Maledon,
base,289,Green Prizms,false,,Theo Maledon,
base,289,Green Pulsar Prizms,false,,Theo Maledon,
base,289,Green Shimmer Prizms,false,,Theo Maledon,
base,289,Hyper Prizms,false,,Theo Maledon,
base,289,Lucky Envelopes Prizms,false,,Theo Maledon,
base,289,Mojo Prizms,false,,Theo Maledon,
base,289,Orange Ice Prizms,false,,Theo Maledon,
base,289,Orange Prizms,false,,Theo Maledon,
base,289,Orange Wave Prizms,false,,Theo Maledon,
base,289,Pink Ice Prizms,false,,Theo Maledon,
base,289,Pink Pulsar Prizms,false,,Theo Maledon,
base,289,Purple Ice Prizms,false,,Theo Maledon,
base,289,Purple Prizms,false,,Theo Maledon,
base,289,Purple Pulsar Prizms,false,,Theo Maledon,
base,289,Purple Wave Prizms,false,,Theo Maledon,
base,289,Red Ice Prizms,false,,Theo Maledon,
base,289,Red Prizms,false,,Theo Maledon,
base,289,"Red, White and Blue Prizms",false,,Theo Maledon,
base,289,Ruby Wave Prizms,false,,Theo Maledon,
base,289,Silver Prizms,false,,Theo Maledon,
base,289,White Sparkle Prizm,false,,Theo Maledon,
base,289,Fast Break Pink Prizms,false,,Theo Maledon,
base,289,Black Prizms,false,,Theo Maledon,
base,289,Black Shimmer Prizms,false,,Theo Maledon,
base,289,Blue Ice Prizms,false,,Theo Maledon,
base,289,Black Gold Prizms,false,,Theo Maledon,
base,264,Blue Prizms,false,,Aleksej Pokusevski,
base,264,Blue Shimmer Prizms,false,,Aleksej Pokusevski,
base,264,Blue Wave Prizms,false,,Aleksej Pokusevski,
base,264,Choice Blue Prizms,false,,Aleksej Pokusevski,
base,264,"Choice Blue, Yellow and Green Prizms",false,,Aleksej Pokusevski,
base,264,Choice Green Prizms,false,,Aleksej Pokusevski,
base,264,Choice Nebula Prizms,false,,Aleksej Pokusevski,
base,264,Choice Red Prizms,false,,Aleksej Pokusevski,
base,264,Choice Tiger Stripe Prizms,false,,Aleksej Pokusevski,
base,264,Fast Break Blue Prizms,false,,Aleksej Pokusevski,
base,264,Fast Break Bronze Prizms,false,,Aleksej Pokusevski,
base,264,Fast Break Neon Green Prizms,false,,Aleksej Pokusevski,
base,264,Fast Break Prizms,false,,Aleksej Pokusevski,
base,264,Fast Break Purple Prizms,false,,Aleksej Pokusevski,
base,264,Fast Break Red Prizms,false,,Aleksej Pokusevski,
base,264,Gold Prizms,false,,Aleksej Pokusevski,
base,264,Gold Shimmer Prizms,false,,Aleksej Pokusevski,
base,264,Gold Wave Prizms,false,,Aleksej Pokusevski,
base,264,Green Ice Prizms,false,,Aleksej Pokusevski,
base,264,Green Prizms,false,,Aleksej Pokusevski,
base,264,Green Pulsar Prizms,false,,Aleksej Pokusevski,
base,264,Green Shimmer Prizms,false,,Aleksej Pokusevski,
base,264,Hyper Prizms,false,,Aleksej Pokusevski,
base,264,Lucky Envelopes Prizms,false,,Aleksej Pokusevski,
base,264,Mojo Prizms,false,,Aleksej Pokusevski,
base,264,Orange Ice Prizms,false,,Aleksej Pokusevski,
base,264,Orange Prizms,false,,Aleksej Pokusevski,
base,264,Orange Wave Prizms,false,,Aleksej Pokusevski,
base,264,Pink Ice Prizms,false,,Aleksej Pokusevski,
base,264,Pink Pulsar Prizms,false,,Aleksej Pokusevski,
base,264,Purple Ice Prizms,false,,Aleksej Pokusevski,
base,264,Purple Prizms,false,,Aleksej Pokusevski,
base,264,Purple Pulsar Prizms,false,,Aleksej Pokusevski,
base,264,Purple Wave Prizms,false,,Aleksej Pokusevski,
base,264,Red Ice Prizms,false,,Aleksej Pokusevski,
base,264,Red Prizms,false,,Aleksej Pokusevski,
base,264,"Red, White and Blue Prizms",false,,Aleksej Pokusevski,
base,264,Ruby Wave Prizms,false,,Aleksej Pokusevski,
base,264,Silver Prizms,false,,Aleksej Pokusevski,
base,264,White Sparkle Prizm,false,,Aleksej Pokusevski,
base,264,Fast Break Pink Prizms,false,,Aleksej Pokusevski,
base,264,Black Prizms,false,,Aleksej Pokusevski,
base,264,Black Shimmer Prizms,false,,Aleksej Pokusevski,
base,264,Blue Ice Prizms,false,,Aleksej Pokusevski,
base,264,Black Gold Prizms,false,,Aleksej Pokusevski,
auto-signatures,SI-DBZ,Prizms Choice,true,,Darius Bazley,
auto-signatures,SI-DBZ,Prizms Silver,true,,Darius Bazley,
auto-signatures,SI-DBZ,Prizms Mojo,true,25,Darius Bazley,
auto-signatures,SI-DBZ,Prizms Gold,true,10,Darius Bazley,
auto-signatures,SI-DBZ,Prizms Choice Green,true,8,Darius Bazley,
auto-signatures,SI-DBZ,Prizms Black,true,1,Darius Bazley,
auto-signatures,SI-SKE,Prizms Choice,true,,Shawn Kemp,
auto-signatures,SI-SKE,Prizms Silver,true,,Shawn Kemp,
auto-signatures,SI-SKE,Prizms Mojo,true,25,Shawn Kemp,
auto-signatures,SI-SKE,Prizms Gold,true,10,Shawn Kemp,
auto-signatures,SI-SKE,Prizms Choice Green,true,8,Shawn Kemp,
auto-signatures,SI-SKE,Prizms Black,true,1,Shawn Kemp,
base,250,Blue Prizms,false,,Jonathan Isaac,
base,250,Blue Shimmer Prizms,false,,Jonathan Isaac,
base,250,Blue Wave Prizms,false,,Jonathan Isaac,
base,250,Choice Blue Prizms,false,,Jonathan Isaac,
base,250,"Choice Blue, Yellow and Green Prizms",false,,Jonathan Isaac,
base,250,Choice Green Prizms,false,,Jonathan Isaac,
base,250,Choice Nebula Prizms,false,,Jonathan Isaac,
base,250,Choice Red Prizms,false,,Jonathan Isaac,
base,250,Choice Tiger Stripe Prizms,false,,Jonathan Isaac,
base,250,Fast Break Blue Prizms,false,,Jonathan Isaac,
base,250,Fast Break Bronze Prizms,false,,Jonathan Isaac,
base,250,Fast Break Neon Green Prizms,false,,Jonathan Isaac,
base,250,Fast Break Prizms,false,,Jonathan Isaac,
base,250,Fast Break Purple Prizms,false,,Jonathan Isaac,
base,250,Fast Break Red Prizms,false,,Jonathan Isaac,
base,250,Gold Prizms,false,,Jonathan Isaac,
base,250,Gold Shimmer Prizms,false,,Jonathan Isaac,
base,250,Gold Wave Prizms,false,,Jonathan Isaac,
base,250,Green Ice Prizms,false,,Jonathan Isaac,
base,250,Green Prizms,false,,Jonathan Isaac,
base,250,Green Pulsar Prizms,false,,Jonathan Isaac,
base,250,Green Shimmer Prizms,false,,Jonathan Isaac,
base,250,Hyper Prizms,false,,Jonathan Isaac,
base,250,Lucky Envelopes Prizms,false,,Jonathan Isaac,
base,250,Mojo Prizms,false,,Jonathan Isaac,
base,250,Orange Ice Prizms,false,,Jonathan Isaac,
base,250,Orange Prizms,false,,Jonathan Isaac,
base,250,Orange Wave Prizms,false,,Jonathan Isaac,
base,250,Pink Ice Prizms,false,,Jonathan Isaac,
base,250,Pink Pulsar Prizms,false,,Jonathan Isaac,
base,250,Purple Ice Prizms,false,,Jonathan Isaac,
base,250,Purple Prizms,false,,Jonathan Isaac,
base,250,Purple Pulsar Prizms,false,,Jonathan Isaac,
base,250,Purple Wave Prizms,false,,Jonathan Isaac,
base,250,Red Ice Prizms,false,,Jonathan Isaac,
base,250,Red Prizms,false,,Jonathan Isaac,
base,250,"Red, White and Blue Prizms",false,,Jonathan Isaac,
base,250,Ruby Wave Prizms,false,,Jonathan Isaac,
base,250,Silver Prizms,false,,Jonathan Isaac,
base,250,White Sparkle Prizm,false,,Jonathan Isaac,
base,250,Fast Break Pink Prizms,false,,Jonathan Isaac,
base,250,Black Prizms,false,,Jonathan Isaac,
base,250,Black Shimmer Prizms,false,,Jonathan Isaac,
base,250,Blue Ice Prizms,false,,Jonathan Isaac,
base,250,Black Gold Prizms,false,,Jonathan Isaac,
insert-instant-impact,12,Prizms Green,false,,Cole Anthony,
insert-instant-impact,12,Prizms Silver,false,,Cole Anthony,
base,229,Blue Prizms,false,,Markelle Fultz,
base,229,Blue Shimmer Prizms,false,,Markelle Fultz,
base,229,Blue Wave Prizms,false,,Markelle Fultz,
base,229,Choice Blue Prizms,false,,Markelle Fultz,
base,229,"Choice Blue, Yellow and Green Prizms",false,,Markelle Fultz,
base,229,Choice Green Prizms,false,,Markelle Fultz,
base,229,Choice Nebula Prizms,false,,Markelle Fultz,
base,229,Choice Red Prizms,false,,Markelle Fultz,
base,229,Choice Tiger Stripe Prizms,false,,Markelle Fultz,
base,229,Fast Break Blue Prizms,false,,Markelle Fultz,
base,229,Fast Break Bronze Prizms,false,,Markelle Fultz,
base,229,Fast Break Neon Green Prizms,false,,Markelle Fultz,
base,229,Fast Break Prizms,false,,Markelle Fultz,
base,229,Fast Break Purple Prizms,false,,Markelle Fultz,
base,229,Fast Break Red Prizms,false,,Markelle Fultz,
base,229,Gold Prizms,false,,Markelle Fultz,
base,229,Gold Shimmer Prizms,false,,Markelle Fultz,
base,229,Gold Wave Prizms,false,,Markelle Fultz,
base,229,Green Ice Prizms,false,,Markelle Fultz,
base,229,Green Prizms,false,,Markelle Fultz,
base,229,Green Pulsar Prizms,false,,Markelle Fultz,
base,229,Green Shimmer Prizms,false,,Markelle Fultz,
base,229,Hyper Prizms,false,,Markelle Fultz,
base,229,Lucky Envelopes Prizms,false,,Markelle Fultz,
base,229,Mojo Prizms,false,,Markelle Fultz,
base,229,Orange Ice Prizms,false,,Markelle Fultz,
base,229,Orange Prizms,false,,Markelle Fultz,
base,229,Orange Wave Prizms,false,,Markelle Fultz,
base,229,Pink Ice Prizms,false,,Markelle Fultz,
base,229,Pink Pulsar Prizms,false,,Markelle Fultz,
base,229,Purple Ice Prizms,false,,Markelle Fultz,
base,229,Purple Prizms,false,,Markelle Fultz,
base,229,Purple Pulsar Prizms,false,,Markelle Fultz,
base,229,Purple Wave Prizms,false,,Markelle Fultz,
base,229,Red Ice Prizms,false,,Markelle Fultz,
base,229,Red Prizms,false,,Markelle Fultz,
base,229,"Red, White and Blue Prizms",false,,Markelle Fultz,
base,229,Ruby Wave Prizms,false,,Markelle Fultz,
base,229,Silver Prizms,false,,Markelle Fultz,
base,229,White Sparkle Prizm,false,,Markelle Fultz,
base,229,Fast Break Pink Prizms,false,,Markelle Fultz,
base,229,Black Prizms,false,,Markelle Fultz,
base,229,Black Shimmer Prizms,false,,Markelle Fultz,
base,229,Blue Ice Prizms,false,,Markelle Fultz,
base,229,Black Gold Prizms,false,,Markelle Fultz,
base,33,Blue Prizms,false,,Terrence Ross,
base,33,Blue Shimmer Prizms,false,,Terrence Ross,
base,33,Blue Wave Prizms,false,,Terrence Ross,
base,33,Choice Blue Prizms,false,,Terrence Ross,
base,33,"Choice Blue, Yellow and Green Prizms",false,,Terrence Ross,
base,33,Choice Green Prizms,false,,Terrence Ross,
base,33,Choice Nebula Prizms,false,,Terrence Ross,
base,33,Choice Red Prizms,false,,Terrence Ross,
base,33,Choice Tiger Stripe Prizms,false,,Terrence Ross,
base,33,Fast Break Blue Prizms,false,,Terrence Ross,
base,33,Fast Break Bronze Prizms,false,,Terrence Ross,
base,33,Fast Break Neon Green Prizms,false,,Terrence Ross,
base,33,Fast Break Prizms,false,,Terrence Ross,
base,33,Fast Break Purple Prizms,false,,Terrence Ross,
base,33,Fast Break Red Prizms,false,,Terrence Ross,
base,33,Gold Prizms,false,,Terrence Ross,
base,33,Gold Shimmer Prizms,false,,Terrence Ross,
base,33,Gold Wave Prizms,false,,Terrence Ross,
base,33,Green Ice Prizms,false,,Terrence Ross,
base,33,Green Prizms,false,,Terrence Ross,
base,33,Green Pulsar Prizms,false,,Terrence Ross,
base,33,Green Shimmer Prizms,false,,Terrence Ross,
base,33,Hyper Prizms,false,,Terrence Ross,
base,33,Lucky Envelopes Prizms,false,,Terrence Ross,
base,33,Mojo Prizms,false,,Terrence Ross,
base,33,Orange Ice Prizms,false,,Terrence Ross,
base,33,Orange Prizms,false,,Terrence Ross,
base,33,Orange Wave Prizms,false,,Terrence Ross,
base,33,Pink Ice Prizms,false,,Terrence Ross,
base,33,Pink Pulsar Prizms,false,,Terrence Ross,
base,33,Purple Ice Prizms,false,,Terrence Ross,
base,33,Purple Prizms,false,,Terrence Ross,
base,33,Purple Pulsar Prizms,false,,Terrence Ross,
base,33,Purple Wave Prizms,false,,Terrence Ross,
base,33,Red Ice Prizms,false,,Terrence Ross,
base,33,Red Prizms,false,,Terrence Ross,
base,33,"Red, White and Blue Prizms",false,,Terrence Ross,
base,33,Ruby Wave Prizms,false,,Terrence Ross,
base,33,Silver Prizms,false,,Terrence Ross,
base,33,White Sparkle Prizm,false,,Terrence Ross,
base,33,Fast Break Pink Prizms,false,,Terrence Ross,
base,33,Black Prizms,false,,Terrence Ross,
base,33,Black Shimmer Prizms,false,,Terrence Ross,
base,33,Blue Ice Prizms,false,,Terrence Ross,
base,33,Black Gold Prizms,false,,Terrence Ross,
base,216,Blue Prizms,false,,Evan Fournier,
base,216,Blue Shimmer Prizms,false,,Evan Fournier,
base,216,Blue Wave Prizms,false,,Evan Fournier,
base,216,Choice Blue Prizms,false,,Evan Fournier,
base,216,"Choice Blue, Yellow and Green Prizms",false,,Evan Fournier,
base,216,Choice Green Prizms,false,,Evan Fournier,
base,216,Choice Nebula Prizms,false,,Evan Fournier,
base,216,Choice Red Prizms,false,,Evan Fournier,
base,216,Choice Tiger Stripe Prizms,false,,Evan Fournier,
base,216,Fast Break Blue Prizms,false,,Evan Fournier,
base,216,Fast Break Bronze Prizms,false,,Evan Fournier,
base,216,Fast Break Neon Green Prizms,false,,Evan Fournier,
base,216,Fast Break Prizms,false,,Evan Fournier,
base,216,Fast Break Purple Prizms,false,,Evan Fournier,
base,216,Fast Break Red Prizms,false,,Evan Fournier,
base,216,Gold Prizms,false,,Evan Fournier,
base,216,Gold Shimmer Prizms,false,,Evan Fournier,
base,216,Gold Wave Prizms,false,,Evan Fournier,
base,216,Green Ice Prizms,false,,Evan Fournier,
base,216,Green Prizms,false,,Evan Fournier,
base,216,Green Pulsar Prizms,false,,Evan Fournier,
base,216,Green Shimmer Prizms,false,,Evan Fournier,
base,216,Hyper Prizms,false,,Evan Fournier,
base,216,Lucky Envelopes Prizms,false,,Evan Fournier,
base,216,Mojo Prizms,false,,Evan Fournier,
base,216,Orange Ice Prizms,false,,Evan Fournier,
base,216,Orange Prizms,false,,Evan Fournier,
base,216,Orange Wave Prizms,false,,Evan Fournier,
base,216,Pink Ice Prizms,false,,Evan Fournier,
base,216,Pink Pulsar Prizms,false,,Evan Fournier,
base,216,Purple Ice Prizms,false,,Evan Fournier,
base,216,Purple Prizms,false,,Evan Fournier,
base,216,Purple Pulsar Prizms,false,,Evan Fournier,
base,216,Purple Wave Prizms,false,,Evan Fournier,
base,216,Red Ice Prizms,false,,Evan Fournier,
base,216,Red Prizms,false,,Evan Fournier,
base,216,"Red, White and Blue Prizms",false,,Evan Fournier,
base,216,Ruby Wave Prizms,false,,Evan Fournier,
base,216,Silver Prizms,false,,Evan Fournier,
base,216,White Sparkle Prizm,false,,Evan Fournier,
base,216,Fast Break Pink Prizms,false,,Evan Fournier,
base,216,Black Prizms,false,,Evan Fournier,
base,216,Black Shimmer Prizms,false,,Evan Fournier,
base,216,Blue Ice Prizms,false,,Evan Fournier,
base,216,Black Gold Prizms,false,,Evan Fournier,
auto-rookie-signatures,RS-CAN,Prizms Silver,true,,Cole Anthony,
auto-rookie-signatures,RS-CAN,Prizms Choice,true,,Cole Anthony,
auto-rookie-signatures,RS-CAN,Prizms Mojo,true,25,Cole Anthony,
auto-rookie-signatures,RS-CAN,Prizms Gold,true,10,Cole Anthony,
auto-rookie-signatures,RS-CAN,Prizms Choice Green,true,8,Cole Anthony,
auto-rookie-signatures,RS-CAN,Prizms Black,true,1,Cole Anthony,
auto-rookie-signatures,RS-CAN,Prizms White Sparkle,true,1,Cole Anthony,
insert-penmanship,PE-GHL,Prizms Orange Ice,false,,Grant Hill,
insert-penmanship,PE-GHL,Prizms Silver,false,,Grant Hill,
insert-penmanship,PE-GHL,Prizms Green Ice,false,16,Grant Hill,
auto-fast-break-autographs,FBA-MKF,Gold,true,10,Markelle Fultz,
auto-fast-break-autographs,FBA-MKF,Black,true,1,Markelle Fultz,
auto-fast-break-autographs,FBA-JEN,Gold,true,10,James Ennis,
auto-fast-break-autographs,FBA-JEN,Black,true,1,James Ennis,
base,292,Blue Prizms,false,,Cole Anthony,
base,292,Blue Shimmer Prizms,false,,Cole Anthony,
base,292,Blue Wave Prizms,false,,Cole Anthony,
base,292,Choice Blue Prizms,false,,Cole Anthony,
base,292,"Choice Blue, Yellow and Green Prizms",false,,Cole Anthony,
base,292,Choice Green Prizms,false,,Cole Anthony,
base,292,Choice Nebula Prizms,false,,Cole Anthony,
base,292,Choice Red Prizms,false,,Cole Anthony,
base,292,Choice Tiger Stripe Prizms,false,,Cole Anthony,
base,292,Fast Break Blue Prizms,false,,Cole Anthony,
base,292,Fast Break Bronze Prizms,false,,Cole Anthony,
base,292,Fast Break Neon Green Prizms,false,,Cole Anthony,
base,292,Fast Break Prizms,false,,Cole Anthony,
base,292,Fast Break Purple Prizms,false,,Cole Anthony,
base,292,Fast Break Red Prizms,false,,Cole Anthony,
base,292,Gold Prizms,false,,Cole Anthony,
base,292,Gold Shimmer Prizms,false,,Cole Anthony,
base,292,Gold Wave Prizms,false,,Cole Anthony,
base,292,Green Ice Prizms,false,,Cole Anthony,
base,292,Green Prizms,false,,Cole Anthony,
base,292,Green Pulsar Prizms,false,,Cole Anthony,
base,292,Green Shimmer Prizms,false,,Cole Anthony,
base,292,Hyper Prizms,false,,Cole Anthony,
base,292,Lucky Envelopes Prizms,false,,Cole Anthony,
base,292,Mojo Prizms,false,,Cole Anthony,
base,292,Orange Ice Prizms,false,,Cole Anthony,
base,292,Orange Prizms,false,,Cole Anthony,
base,292,Orange Wave Prizms,false,,Cole Anthony,
base,292,Pink Ice Prizms,false,,Cole Anthony,
base,292,Pink Pulsar Prizms,false,,Cole Anthony,
base,292,Purple Ice Prizms,false,,Cole Anthony,
base,292,Purple Prizms,false,,Cole Anthony,
base,292,Purple Pulsar Prizms,false,,Cole Anthony,
base,292,Purple Wave Prizms,false,,Cole Anthony,
base,292,Red Ice Prizms,false,,Cole Anthony,
base,292,Red Prizms,false,,Cole Anthony,
base,292,"Red, White and Blue Prizms",false,,Cole Anthony,
base,292,Ruby Wave Prizms,false,,Cole Anthony,
base,292,Silver Prizms,false,,Cole Anthony,
base,292,White Sparkle Prizm,false,,Cole Anthony,
base,292,Fast Break Pink Prizms,false,,Cole Anthony,
base,292,Black Prizms,false,,Cole Anthony,
base,292,Black Shimmer Prizms,false,,Cole Anthony,
base,292,Blue Ice Prizms,false,,Cole Anthony,
base,292,Black Gold Prizms,false,,Cole Anthony,
insert-sensational-swatches,SSW-JIS,Prizms Orange Ice,false,,Jonathan Isaac,
insert-sensational-swatches,SSW-JIS,Prizms Green Ice,false,56,Jonathan Isaac,
insert-sensational-swatches,SSW-JIS,Prime,false,10,Jonathan Isaac,
auto-fast-break-autographs,FBA-NVU,Gold,true,10,Nikola Vucevic,
auto-fast-break-autographs,FBA-NVU,Black,true,1,Nikola Vucevic,
base,171,Blue Prizms,false,,Mo Bamba,
base,171,Blue Shimmer Prizms,false,,Mo Bamba,
base,171,Blue Wave Prizms,false,,Mo Bamba,
base,171,Choice Blue Prizms,false,,Mo Bamba,
base,171,"Choice Blue, Yellow and Green Prizms",false,,Mo Bamba,
base,171,Choice Green Prizms,false,,Mo Bamba,
base,171,Choice Nebula Prizms,false,,Mo Bamba,
base,171,Choice Red Prizms,false,,Mo Bamba,
base,171,Choice Tiger Stripe Prizms,false,,Mo Bamba,
base,171,Fast Break Blue Prizms,false,,Mo Bamba,
base,171,Fast Break Bronze Prizms,false,,Mo Bamba,
base,171,Fast Break Neon Green Prizms,false,,Mo Bamba,
base,171,Fast Break Prizms,false,,Mo Bamba,
base,171,Fast Break Purple Prizms,false,,Mo Bamba,
base,171,Fast Break Red Prizms,false,,Mo Bamba,
base,171,Gold Prizms,false,,Mo Bamba,
base,171,Gold Shimmer Prizms,false,,Mo Bamba,
base,171,Gold Wave Prizms,false,,Mo Bamba,
base,171,Green Ice Prizms,false,,Mo Bamba,
base,171,Green Prizms,false,,Mo Bamba,
base,171,Green Pulsar Prizms,false,,Mo Bamba,
base,171,Green Shimmer Prizms,false,,Mo Bamba,
base,171,Hyper Prizms,false,,Mo Bamba,
base,171,Lucky Envelopes Prizms,false,,Mo Bamba,
base,171,Mojo Prizms,false,,Mo Bamba,
base,171,Orange Ice Prizms,false,,Mo Bamba,
base,171,Orange Prizms,false,,Mo Bamba,
base,171,Orange Wave Prizms,false,,Mo Bamba,
base,171,Pink Ice Prizms,false,,Mo Bamba,
base,171,Pink Pulsar Prizms,false,,Mo Bamba,
base,171,Purple Ice Prizms,false,,Mo Bamba,
base,171,Purple Prizms,false,,Mo Bamba,
base,171,Purple Pulsar Prizms,false,,Mo Bamba,
base,171,Purple Wave Prizms,false,,Mo Bamba,
base,171,Red Ice Prizms,false,,Mo Bamba,
base,171,Red Prizms,false,,Mo Bamba,
base,171,"Red, White and Blue Prizms",false,,Mo Bamba,
base,171,Ruby Wave Prizms,false,,Mo Bamba,
base,171,Silver Prizms,false,,Mo Bamba,
base,171,White Sparkle Prizm,false,,Mo Bamba,
base,171,Fast Break Pink Prizms,false,,Mo Bamba,
base,171,Black Prizms,false,,Mo Bamba,
base,171,Black Shimmer Prizms,false,,Mo Bamba,
base,171,Blue Ice Prizms,false,,Mo Bamba,
base,171,Black Gold Prizms,false,,Mo Bamba,
insert-sensational-swatches,SSW-AAG,Prizms Orange Ice,false,,Aaron Gordon,
insert-sensational-swatches,SSW-AAG,Prizms Green Ice,false,56,Aaron Gordon,
insert-sensational-swatches,SSW-AAG,Prime,false,10,Aaron Gordon,
base,161,Blue Prizms,false,,D.J. Augustin,
base,161,Blue Shimmer Prizms,false,,D.J. Augustin,
base,161,Blue Wave Prizms,false,,D.J. Augustin,
base,161,Choice Blue Prizms,false,,D.J. Augustin,
base,161,"Choice Blue, Yellow and Green Prizms",false,,D.J. Augustin,
base,161,Choice Green Prizms,false,,D.J. Augustin,
base,161,Choice Nebula Prizms,false,,D.J. Augustin,
base,161,Choice Red Prizms,false,,D.J. Augustin,
base,161,Choice Tiger Stripe Prizms,false,,D.J. Augustin,
base,161,Fast Break Blue Prizms,false,,D.J. Augustin,
base,161,Fast Break Bronze Prizms,false,,D.J. Augustin,
base,161,Fast Break Neon Green Prizms,false,,D.J. Augustin,
base,161,Fast Break Prizms,false,,D.J. Augustin,
base,161,Fast Break Purple Prizms,false,,D.J. Augustin,
base,161,Fast Break Red Prizms,false,,D.J. Augustin,
base,161,Gold Prizms,false,,D.J. Augustin,
base,161,Gold Shimmer Prizms,false,,D.J. Augustin,
base,161,Gold Wave Prizms,false,,D.J. Augustin,
base,161,Green Ice Prizms,false,,D.J. Augustin,
base,161,Green Prizms,false,,D.J. Augustin,
base,161,Green Pulsar Prizms,false,,D.J. Augustin,
base,161,Green Shimmer Prizms,false,,D.J. Augustin,
base,161,Hyper Prizms,false,,D.J. Augustin,
base,161,Lucky Envelopes Prizms,false,,D.J. Augustin,
base,161,Mojo Prizms,false,,D.J. Augustin,
base,161,Orange Ice Prizms,false,,D.J. Augustin,
base,161,Orange Prizms,false,,D.J. Augustin,
base,161,Orange Wave Prizms,false,,D.J. Augustin,
base,161,Pink Ice Prizms,false,,D.J. Augustin,
base,161,Pink Pulsar Prizms,false,,D.J. Augustin,
base,161,Purple Ice Prizms,false,,D.J. Augustin,
base,161,Purple Prizms,false,,D.J. Augustin,
base,161,Purple Pulsar Prizms,false,,D.J. Augustin,
base,161,Purple Wave Prizms,false,,D.J. Augustin,
base,161,Red Ice Prizms,false,,D.J. Augustin,
base,161,Red Prizms,false,,D.J. Augustin,
base,161,"Red, White and Blue Prizms",false,,D.J. Augustin,
base,161,Ruby Wave Prizms,false,,D.J. Augustin,
base,161,Silver Prizms,false,,D.J. Augustin,
base,161,White Sparkle Prizm,false,,D.J. Augustin,
base,161,Fast Break Pink Prizms,false,,D.J. Augustin,
base,161,Black Prizms,false,,D.J. Augustin,
base,161,Black Shimmer Prizms,false,,D.J. Augustin,
base,161,Blue Ice Prizms,false,,D.J. Augustin,
base,161,Black Gold Prizms,false,,D.J. Augustin,
base,9,Blue Prizms,false,,Nikola Vucevic,
base,9,Blue Shimmer Prizms,false,,Nikola Vucevic,
base,9,Blue Wave Prizms,false,,Nikola Vucevic,
base,9,Choice Blue Prizms,false,,Nikola Vucevic,
base,9,"Choice Blue, Yellow and Green Prizms",false,,Nikola Vucevic,
base,9,Choice Green Prizms,false,,Nikola Vucevic,
base,9,Choice Nebula Prizms,false,,Nikola Vucevic,
base,9,Choice Red Prizms,false,,Nikola Vucevic,
base,9,Choice Tiger Stripe Prizms,false,,Nikola Vucevic,
base,9,Fast Break Blue Prizms,false,,Nikola Vucevic,
base,9,Fast Break Bronze Prizms,false,,Nikola Vucevic,
base,9,Fast Break Neon Green Prizms,false,,Nikola Vucevic,
base,9,Fast Break Prizms,false,,Nikola Vucevic,
base,9,Fast Break Purple Prizms,false,,Nikola Vucevic,
base,9,Fast Break Red Prizms,false,,Nikola Vucevic,
base,9,Gold Prizms,false,,Nikola Vucevic,
base,9,Gold Shimmer Prizms,false,,Nikola Vucevic,
base,9,Gold Wave Prizms,false,,Nikola Vucevic,
base,9,Green Ice Prizms,false,,Nikola Vucevic,
base,9,Green Prizms,false,,Nikola Vucevic,
base,9,Green Pulsar Prizms,false,,Nikola Vucevic,
base,9,Green Shimmer Prizms,false,,Nikola Vucevic,
base,9,Hyper Prizms,false,,Nikola Vucevic,
base,9,Lucky Envelopes Prizms,false,,Nikola Vucevic,
base,9,Mojo Prizms,false,,Nikola Vucevic,
base,9,Orange Ice Prizms,false,,Nikola Vucevic,
base,9,Orange Prizms,false,,Nikola Vucevic,
base,9,Orange Wave Prizms,false,,Nikola Vucevic,
base,9,Pink Ice Prizms,false,,Nikola Vucevic,
base,9,Pink Pulsar Prizms,false,,Nikola Vucevic,
base,9,Purple Ice Prizms,false,,Nikola Vucevic,
base,9,Purple Prizms,false,,Nikola Vucevic,
base,9,Purple Pulsar Prizms,false,,Nikola Vucevic,
base,9,Purple Wave Prizms,false,,Nikola Vucevic,
base,9,Red Ice Prizms,false,,Nikola Vucevic,
base,9,Red Prizms,false,,Nikola Vucevic,
base,9,"Red, White and Blue Prizms",false,,Nikola Vucevic,
base,9,Ruby Wave Prizms,false,,Nikola Vucevic,
base,9,Silver Prizms,false,,Nikola Vucevic,
base,9,White Sparkle Prizm,false,,Nikola Vucevic,
base,9,Fast Break Pink Prizms,false,,Nikola Vucevic,
base,9,Black Prizms,false,,Nikola Vucevic,
base,9,Black Shimmer Prizms,false,,Nikola Vucevic,
base,9,Blue Ice Prizms,false,,Nikola Vucevic,
base,9,Black Gold Prizms,false,,Nikola Vucevic,
insert-sensational-swatches,SSW-SON,Prizms Orange Ice,false,,Shaquille O'Neal,
insert-sensational-swatches,SSW-SON,Prizms Green Ice,false,56,Shaquille O'Neal,
insert-sensational-swatches,SSW-SON,Prime,false,10,Shaquille O'Neal,
base,148,Blue Prizms,false,,Aaron Gordon,
base,148,Blue Shimmer Prizms,false,,Aaron Gordon,
base,148,Blue Wave Prizms,false,,Aaron Gordon,
base,148,Choice Blue Prizms,false,,Aaron Gordon,
base,148,"Choice Blue, Yellow and Green Prizms",false,,Aaron Gordon,
base,148,Choice Green Prizms,false,,Aaron Gordon,
base,148,Choice Nebula Prizms,false,,Aaron Gordon,
base,148,Choice Red Prizms,false,,Aaron Gordon,
base,148,Choice Tiger Stripe Prizms,false,,Aaron Gordon,
base,148,Fast Break Blue Prizms,false,,Aaron Gordon,
base,148,Fast Break Bronze Prizms,false,,Aaron Gordon,
base,148,Fast Break Neon Green Prizms,false,,Aaron Gordon,
base,148,Fast Break Prizms,false,,Aaron Gordon,
base,148,Fast Break Purple Prizms,false,,Aaron Gordon,
base,148,Fast Break Red Prizms,false,,Aaron Gordon,
base,148,Gold Prizms,false,,Aaron Gordon,
base,148,Gold Shimmer Prizms,false,,Aaron Gordon,
base,148,Gold Wave Prizms,false,,Aaron Gordon,
base,148,Green Ice Prizms,false,,Aaron Gordon,
base,148,Green Prizms,false,,Aaron Gordon,
base,148,Green Pulsar Prizms,false,,Aaron Gordon,
base,148,Green Shimmer Prizms,false,,Aaron Gordon,
base,148,Hyper Prizms,false,,Aaron Gordon,
base,148,Lucky Envelopes Prizms,false,,Aaron Gordon,
base,148,Mojo Prizms,false,,Aaron Gordon,
base,148,Orange Ice Prizms,false,,Aaron Gordon,
base,148,Orange Prizms,false,,Aaron Gordon,
base,148,Orange Wave Prizms,false,,Aaron Gordon,
base,148,Pink Ice Prizms,false,,Aaron Gordon,
base,148,Pink Pulsar Prizms,false,,Aaron Gordon,
base,148,Purple Ice Prizms,false,,Aaron Gordon,
base,148,Purple Prizms,false,,Aaron Gordon,
base,148,Purple Pulsar Prizms,false,,Aaron Gordon,
base,148,Purple Wave Prizms,false,,Aaron Gordon,
base,148,Red Ice Prizms,false,,Aaron Gordon,
base,148,Red Prizms,false,,Aaron Gordon,
base,148,"Red, White and Blue Prizms",false,,Aaron Gordon,
base,148,Ruby Wave Prizms,false,,Aaron Gordon,
base,148,Silver Prizms,false,,Aaron Gordon,
base,148,White Sparkle Prizm,false,,Aaron Gordon,
base,148,Fast Break Pink Prizms,false,,Aaron Gordon,
base,148,Black Prizms,false,,Aaron Gordon,
base,148,Black Shimmer Prizms,false,,Aaron Gordon,
base,148,Blue Ice Prizms,false,,Aaron Gordon,
base,148,Black Gold Prizms,false,,Aaron Gordon,
insert-rookie-penmanship,RP-CAN,Prizms Orange Ice,false,,Cole Anthony,
insert-rookie-penmanship,RP-CAN,Prizms Blue Wave,false,,Cole Anthony,
insert-rookie-penmanship,RP-CAN,Prizms Silver,false,,Cole Anthony,
insert-rookie-penmanship,RP-CAN,Prizms Gold Wave,false,,Cole Anthony,
insert-rookie-penmanship,RP-CAN,Prizms Green Ice,false,16,Cole Anthony,
base,120,Blue Prizms,false,,Anfernee Hardaway,
base,120,Blue Shimmer Prizms,false,,Anfernee Hardaway,
base,120,Blue Wave Prizms,false,,Anfernee Hardaway,
base,120,Choice Blue Prizms,false,,Anfernee Hardaway,
base,120,"Choice Blue, Yellow and Green Prizms",false,,Anfernee Hardaway,
base,120,Choice Green Prizms,false,,Anfernee Hardaway,
base,120,Choice Nebula Prizms,false,,Anfernee Hardaway,
base,120,Choice Red Prizms,false,,Anfernee Hardaway,
base,120,Choice Tiger Stripe Prizms,false,,Anfernee Hardaway,
base,120,Fast Break Blue Prizms,false,,Anfernee Hardaway,
base,120,Fast Break Bronze Prizms,false,,Anfernee Hardaway,
base,120,Fast Break Neon Green Prizms,false,,Anfernee Hardaway,
base,120,Fast Break Prizms,false,,Anfernee Hardaway,
base,120,Fast Break Purple Prizms,false,,Anfernee Hardaway,
base,120,Fast Break Red Prizms,false,,Anfernee Hardaway,
base,120,Gold Prizms,false,,Anfernee Hardaway,
base,120,Gold Shimmer Prizms,false,,Anfernee Hardaway,
base,120,Gold Wave Prizms,false,,Anfernee Hardaway,
base,120,Green Ice Prizms,false,,Anfernee Hardaway,
base,120,Green Prizms,false,,Anfernee Hardaway,
base,120,Green Pulsar Prizms,false,,Anfernee Hardaway,
base,120,Green Shimmer Prizms,false,,Anfernee Hardaway,
base,120,Hyper Prizms,false,,Anfernee Hardaway,
base,120,Lucky Envelopes Prizms,false,,Anfernee Hardaway,
base,120,Mojo Prizms,false,,Anfernee Hardaway,
base,120,Orange Ice Prizms,false,,Anfernee Hardaway,
base,120,Orange Prizms,false,,Anfernee Hardaway,
base,120,Orange Wave Prizms,false,,Anfernee Hardaway,
base,120,Pink Ice Prizms,false,,Anfernee Hardaway,
base,120,Pink Pulsar Prizms,false,,Anfernee Hardaway,
base,120,Purple Ice Prizms,false,,Anfernee Hardaway,
base,120,Purple Prizms,false,,Anfernee Hardaway,
base,120,Purple Pulsar Prizms,false,,Anfernee Hardaway,
base,120,Purple Wave Prizms,false,,Anfernee Hardaway,
base,120,Red Ice Prizms,false,,Anfernee Hardaway,
base,120,Red Prizms,false,,Anfernee Hardaway,
base,120,"Red, White and Blue Prizms",false,,Anfernee Hardaway,
base,120,Ruby Wave Prizms,false,,Anfernee Hardaway,
base,120,Silver Prizms,false,,Anfernee Hardaway,
base,120,White Sparkle Prizm,false,,Anfernee Hardaway,
base,120,Fast Break Pink Prizms,false,,Anfernee Hardaway,
base,120,Black Prizms,false,,Anfernee Hardaway,
base,120,Black Shimmer Prizms,false,,Anfernee Hardaway,
base,120,Blue Ice Prizms,false,,Anfernee Hardaway,
base,120,Black Gold Prizms,false,,Anfernee Hardaway,
auto-sensational-signatures,SS-CAN,Prizms Silver,true,,Cole Anthony,
auto-sensational-signatures,SS-CAN,Prizms Choice,true,,Cole Anthony,
auto-sensational-signatures,SS-CAN,Prizms Mojo,true,25,Cole Anthony,
auto-sensational-signatures,SS-CAN,Prizms Gold,true,10,Cole Anthony,
auto-sensational-signatures,SS-CAN,Prizms Choice Green,true,8,Cole Anthony,
auto-sensational-signatures,SS-CAN,Prizms Black,true,1,Cole Anthony,
insert-sensational-swatches,SSW-NVU,Prizms Orange Ice,false,,Nikola Vucevic,
insert-sensational-swatches,SSW-NVU,Prizms Green Ice,false,56,Nikola Vucevic,
insert-sensational-swatches,SSW-NVU,Prime,false,10,Nikola Vucevic,
insert-sensational-swatches,SSW-MOB,Prizms Orange Ice,false,,Mo Bamba,
insert-sensational-swatches,SSW-MOB,Prizms Green Ice,false,56,Mo Bamba,
insert-sensational-swatches,SSW-MOB,Prime,false,10,Mo Bamba,
insert-emergent,21,Prizms Green,false,,Cole Anthony,
insert-emergent,21,Prizms Silver,false,,Cole Anthony,
auto-sensational-signatures,SS-MFU,Prizms Silver,true,,Markelle Fultz,
auto-sensational-signatures,SS-MFU,Prizms Choice,true,,Markelle Fultz,
auto-sensational-signatures,SS-MFU,Prizms Mojo,true,25,Markelle Fultz,
auto-sensational-signatures,SS-MFU,Prizms Gold,true,10,Markelle Fultz,
auto-sensational-signatures,SS-MFU,Prizms Choice Green,true,8,Markelle Fultz,
auto-sensational-signatures,SS-MFU,Prizms Black,true,1,Markelle Fultz,
auto-signatures,SI-MFU,Prizms Choice,true,,Markelle Fultz,
auto-signatures,SI-MFU,Prizms Silver,true,,Markelle Fultz,
auto-signatures,SI-MFU,Prizms Mojo,true,25,Markelle Fultz,
auto-signatures,SI-MFU,Prizms Gold,true,10,Markelle Fultz,
auto-signatures,SI-MFU,Prizms Choice Green,true,8,Markelle Fultz,
auto-signatures,SI-MFU,Prizms Black,true,1,Markelle Fultz,
insert-sensational-swatches,SSW-TRO,Prizms Orange Ice,false,,Terrence Ross,
insert-sensational-swatches,SSW-TRO,Prizms Green Ice,false,56,Terrence Ross,
insert-sensational-swatches,SSW-TRO,Prime,false,10,Terrence Ross,
auto-fast-break-rookie-autographs,FR-CAN,Gold,true,10,Cole Anthony,
auto-fast-break-rookie-autographs,FR-CAN,Black,true,1,Cole Anthony,
auto-sensational-signatures,SS-SML,Prizms Silver,true,,Shake Milton,
auto-sensational-signatures,SS-SML,Prizms Choice,true,,Shake Milton,
auto-sensational-signatures,SS-SML,Prizms Mojo,true,25,Shake Milton,
auto-sensational-signatures,SS-SML,Prizms Gold,true,10,Shake Milton,
auto-sensational-signatures,SS-SML,Prizms Choice Green,true,8,Shake Milton,
auto-sensational-signatures,SS-SML,Prizms Black,true,1,Shake Milton,
base,19,Blue Prizms,false,,Allen Iverson,
base,19,Blue Shimmer Prizms,false,,Allen Iverson,
base,19,Blue Wave Prizms,false,,Allen Iverson,
base,19,Choice Blue Prizms,false,,Allen Iverson,
base,19,"Choice Blue, Yellow and Green Prizms",false,,Allen Iverson,
base,19,Choice Green Prizms,false,,Allen Iverson,
base,19,Choice Nebula Prizms,false,,Allen Iverson,
base,19,Choice Red Prizms,false,,Allen Iverson,
base,19,Choice Tiger Stripe Prizms,false,,Allen Iverson,
base,19,Fast Break Blue Prizms,false,,Allen Iverson,
base,19,Fast Break Bronze Prizms,false,,Allen Iverson,
base,19,Fast Break Neon Green Prizms,false,,Allen Iverson,
base,19,Fast Break Prizms,false,,Allen Iverson,
base,19,Fast Break Purple Prizms,false,,Allen Iverson,
base,19,Fast Break Red Prizms,false,,Allen Iverson,
base,19,Gold Prizms,false,,Allen Iverson,
base,19,Gold Shimmer Prizms,false,,Allen Iverson,
base,19,Gold Wave Prizms,false,,Allen Iverson,
base,19,Green Ice Prizms,false,,Allen Iverson,
base,19,Green Prizms,false,,Allen Iverson,
base,19,Green Pulsar Prizms,false,,Allen Iverson,
base,19,Green Shimmer Prizms,false,,Allen Iverson,
base,19,Hyper Prizms,false,,Allen Iverson,
base,19,Lucky Envelopes Prizms,false,,Allen Iverson,
base,19,Mojo Prizms,false,,Allen Iverson,
base,19,Orange Ice Prizms,false,,Allen Iverson,
base,19,Orange Prizms,false,,Allen Iverson,
base,19,Orange Wave Prizms,false,,Allen Iverson,
base,19,Pink Ice Prizms,false,,Allen Iverson,
base,19,Pink Pulsar Prizms,false,,Allen Iverson,
base,19,Purple Ice Prizms,false,,Allen Iverson,
base,19,Purple Prizms,false,,Allen Iverson,
base,19,Purple Pulsar Prizms,false,,Allen Iverson,
base,19,Purple Wave Prizms,false,,Allen Iverson,
base,19,Red Ice Prizms,false,,Allen Iverson,
base,19,Red Prizms,false,,Allen Iverson,
base,19,"Red, White and Blue Prizms",false,,Allen Iverson,
base,19,Ruby Wave Prizms,false,,Allen Iverson,
base,19,Silver Prizms,false,,Allen Iverson,
base,19,White Sparkle Prizm,false,,Allen Iverson,
base,19,Fast Break Pink Prizms,false,,Allen Iverson,
base,19,Black Prizms,false,,Allen Iverson,
base,19,Black Shimmer Prizms,false,,Allen Iverson,
base,19,Blue Ice Prizms,false,,Allen Iverson,
base,19,Black Gold Prizms,false,,Allen Iverson,
auto-sensational-signatures,SS-THA,Prizms Silver,true,,Tobias Harris,
auto-sensational-signatures,SS-THA,Prizms Choice,true,,Tobias Harris,
auto-sensational-signatures,SS-THA,Prizms Mojo,true,25,Tobias Harris,
auto-sensational-signatures,SS-THA,Prizms Gold,true,10,Tobias Harris,
auto-sensational-signatures,SS-THA,Prizms Choice Green,true,8,Tobias Harris,
auto-sensational-signatures,SS-THA,Prizms Black,true,1,Tobias Harris,
insert-fireworks,13,Prizms Silver,false,,Joel Embiid,
insert-fireworks,13,Fast Break,false,,Joel Embiid,
insert-fireworks,13,Prizms Hyper,false,,Joel Embiid,
insert-fireworks,13,Prizms Mojo,false,25,Joel Embiid,
insert-fireworks,13,Prizms Gold,false,10,Joel Embiid,
insert-fireworks,13,Prizms Black,false,1,Joel Embiid,
auto-fast-break-autographs,FBA-JRI,Gold,true,10,Josh Richardson,
auto-fast-break-autographs,FBA-JRI,Black,true,1,Josh Richardson,
auto-sensational-signatures,SS-TMX,Prizms Silver,true,,Tyrese Maxey,
auto-sensational-signatures,SS-TMX,Prizms Choice,true,,Tyrese Maxey,
auto-sensational-signatures,SS-TMX,Prizms Mojo,true,25,Tyrese Maxey,
auto-sensational-signatures,SS-TMX,Prizms Gold,true,10,Tyrese Maxey,
auto-sensational-signatures,SS-TMX,Prizms Choice Green,true,8,Tyrese Maxey,
auto-sensational-signatures,SS-TMX,Prizms Black,true,1,Tyrese Maxey,
auto-signatures,SI-ZSM,Prizms Choice,true,,Zhaire Smith,
auto-signatures,SI-ZSM,Prizms Silver,true,,Zhaire Smith,
auto-signatures,SI-ZSM,Prizms Mojo,true,25,Zhaire Smith,
auto-signatures,SI-ZSM,Prizms Gold,true,10,Zhaire Smith,
auto-signatures,SI-ZSM,Prizms Choice Green,true,8,Zhaire Smith,
auto-signatures,SI-ZSM,Prizms Black,true,1,Zhaire Smith,
insert-dominance,2,Prizms Green,false,,Ben Simmons,
insert-dominance,2,Prizms Silver,false,,Ben Simmons,
insert-emergent,24,Prizms Green,false,,Tyrese Maxey,
insert-emergent,24,Prizms Silver,false,,Tyrese Maxey,
base,125,Blue Prizms,false,,Ben Simmons,
base,125,Blue Shimmer Prizms,false,,Ben Simmons,
base,125,Blue Wave Prizms,false,,Ben Simmons,
base,125,Choice Blue Prizms,false,,Ben Simmons,
base,125,"Choice Blue, Yellow and Green Prizms",false,,Ben Simmons,
base,125,Choice Green Prizms,false,,Ben Simmons,
base,125,Choice Nebula Prizms,false,,Ben Simmons,
base,125,Choice Red Prizms,false,,Ben Simmons,
base,125,Choice Tiger Stripe Prizms,false,,Ben Simmons,
base,125,Fast Break Blue Prizms,false,,Ben Simmons,
base,125,Fast Break Bronze Prizms,false,,Ben Simmons,
base,125,Fast Break Neon Green Prizms,false,,Ben Simmons,
base,125,Fast Break Prizms,false,,Ben Simmons,
base,125,Fast Break Purple Prizms,false,,Ben Simmons,
base,125,Fast Break Red Prizms,false,,Ben Simmons,
base,125,Gold Prizms,false,,Ben Simmons,
base,125,Gold Shimmer Prizms,false,,Ben Simmons,
base,125,Gold Wave Prizms,false,,Ben Simmons,
base,125,Green Ice Prizms,false,,Ben Simmons,
base,125,Green Prizms,false,,Ben Simmons,
base,125,Green Pulsar Prizms,false,,Ben Simmons,
base,125,Green Shimmer Prizms,false,,Ben Simmons,
base,125,Hyper Prizms,false,,Ben Simmons,
base,125,Lucky Envelopes Prizms,false,,Ben Simmons,
base,125,Mojo Prizms,false,,Ben Simmons,
base,125,Orange Ice Prizms,false,,Ben Simmons,
base,125,Orange Prizms,false,,Ben Simmons,
base,125,Orange Wave Prizms,false,,Ben Simmons,
base,125,Pink Ice Prizms,false,,Ben Simmons,
base,125,Pink Pulsar Prizms,false,,Ben Simmons,
base,125,Purple Ice Prizms,false,,Ben Simmons,
base,125,Purple Prizms,false,,Ben Simmons,
base,125,Purple Pulsar Prizms,false,,Ben Simmons,
base,125,Purple Wave Prizms,false,,Ben Simmons,
base,125,Red Ice Prizms,false,,Ben Simmons,
base,125,Red Prizms,false,,Ben Simmons,
base,125,"Red, White and Blue Prizms",false,,Ben Simmons,
base,125,Ruby Wave Prizms,false,,Ben Simmons,
base,125,Silver Prizms,false,,Ben Simmons,
base,125,White Sparkle Prizm,false,,Ben Simmons,
base,125,Fast Break Pink Prizms,false,,Ben Simmons,
base,125,Black Prizms,false,,Ben Simmons,
base,125,Black Shimmer Prizms,false,,Ben Simmons,
base,125,Blue Ice Prizms,false,,Ben Simmons,
base,125,Black Gold Prizms,false,,Ben Simmons,
insert-instant-impact,16,Prizms Green,false,,Tyrese Maxey,
insert-instant-impact,16,Prizms Silver,false,,Tyrese Maxey,
auto-rookie-signatures,RS-TMX,Prizms Silver,true,,Tyrese Maxey,
auto-rookie-signatures,RS-TMX,Prizms Choice,true,,Tyrese Maxey,
auto-rookie-signatures,RS-TMX,Prizms Mojo,true,25,Tyrese Maxey,
auto-rookie-signatures,RS-TMX,Prizms Gold,true,10,Tyrese Maxey,
auto-rookie-signatures,RS-TMX,Prizms Choice Green,true,8,Tyrese Maxey,
auto-rookie-signatures,RS-TMX,Prizms Black,true,1,Tyrese Maxey,
auto-rookie-signatures,RS-TMX,Prizms White Sparkle,true,1,Tyrese Maxey,
insert-rookie-penmanship,RP-TMX,Prizms Orange Ice,false,,Tyrese Maxey,
insert-rookie-penmanship,RP-TMX,Prizms Blue Wave,false,,Tyrese Maxey,
insert-rookie-penmanship,RP-TMX,Prizms Silver,false,,Tyrese Maxey,
insert-rookie-penmanship,RP-TMX,Prizms Gold Wave,false,,Tyrese Maxey,
insert-rookie-penmanship,RP-TMX,Prizms Green Ice,false,16,Tyrese Maxey,
insert-sensational-swatches,SSW-EBR,Prizms Orange Ice,false,,Elton Brand,
insert-sensational-swatches,SSW-EBR,Prizms Green Ice,false,56,Elton Brand,
insert-sensational-swatches,SSW-EBR,Prime,false,10,Elton Brand,
auto-fast-break-rookie-autographs,FR-TMX,Gold,true,10,Tyrese Maxey,
auto-fast-break-rookie-autographs,FR-TMX,Black,true,1,Tyrese Maxey,
insert-penmanship,PE-JBO,Prizms Orange Ice,false,,Jonah Bolden,
insert-penmanship,PE-JBO,Prizms Silver,false,,Jonah Bolden,
insert-penmanship,PE-JBO,Prizms Green Ice,false,16,Jonah Bolden,
base,131,Blue Prizms,false,,Shake Milton,
base,131,Blue Shimmer Prizms,false,,Shake Milton,
base,131,Blue Wave Prizms,false,,Shake Milton,
base,131,Choice Blue Prizms,false,,Shake Milton,
base,131,"Choice Blue, Yellow and Green Prizms",false,,Shake Milton,
base,131,Choice Green Prizms,false,,Shake Milton,
base,131,Choice Nebula Prizms,false,,Shake Milton,
base,131,Choice Red Prizms,false,,Shake Milton,
base,131,Choice Tiger Stripe Prizms,false,,Shake Milton,
base,131,Fast Break Blue Prizms,false,,Shake Milton,
base,131,Fast Break Bronze Prizms,false,,Shake Milton,
base,131,Fast Break Neon Green Prizms,false,,Shake Milton,
base,131,Fast Break Prizms,false,,Shake Milton,
base,131,Fast Break Purple Prizms,false,,Shake Milton,
base,131,Fast Break Red Prizms,false,,Shake Milton,
base,131,Gold Prizms,false,,Shake Milton,
base,131,Gold Shimmer Prizms,false,,Shake Milton,
base,131,Gold Wave Prizms,false,,Shake Milton,
base,131,Green Ice Prizms,false,,Shake Milton,
base,131,Green Prizms,false,,Shake Milton,
base,131,Green Pulsar Prizms,false,,Shake Milton,
base,131,Green Shimmer Prizms,false,,Shake Milton,
base,131,Hyper Prizms,false,,Shake Milton,
base,131,Lucky Envelopes Prizms,false,,Shake Milton,
base,131,Mojo Prizms,false,,Shake Milton,
base,131,Orange Ice Prizms,false,,Shake Milton,
base,131,Orange Prizms,false,,Shake Milton,
base,131,Orange Wave Prizms,false,,Shake Milton,
base,131,Pink Ice Prizms,false,,Shake Milton,
base,131,Pink Pulsar Prizms,false,,Shake Milton,
base,131,Purple Ice Prizms,false,,Shake Milton,
base,131,Purple Prizms,false,,Shake Milton,
base,131,Purple Pulsar Prizms,false,,Shake Milton,
base,131,Purple Wave Prizms,false,,Shake Milton,
base,131,Red Ice Prizms,false,,Shake Milton,
base,131,Red Prizms,false,,Shake Milton,
base,131,"Red, White and Blue Prizms",false,,Shake Milton,
base,131,Ruby Wave Prizms,false,,Shake Milton,
base,131,Silver Prizms,false,,Shake Milton,
base,131,White Sparkle Prizm,false,,Shake Milton,
base,131,Fast Break Pink Prizms,false,,Shake Milton,
base,131,Black Prizms,false,,Shake Milton,
base,131,Black Shimmer Prizms,false,,Shake Milton,
base,131,Blue Ice Prizms,false,,Shake Milton,
base,131,Black Gold Prizms,false,,Shake Milton,
auto-fast-break-autographs,FBA-ALH,Gold,true,10,Al Horford,
auto-fast-break-autographs,FBA-ALH,Black,true,1,Al Horford,
base,152,Blue Prizms,false,,Al Horford,
base,152,Blue Shimmer Prizms,false,,Al Horford,
base,152,Blue Wave Prizms,false,,Al Horford,
base,152,Choice Blue Prizms,false,,Al Horford,
base,152,"Choice Blue, Yellow and Green Prizms",false,,Al Horford,
base,152,Choice Green Prizms,false,,Al Horford,
base,152,Choice Nebula Prizms,false,,Al Horford,
base,152,Choice Red Prizms,false,,Al Horford,
base,152,Choice Tiger Stripe Prizms,false,,Al Horford,
base,152,Fast Break Blue Prizms,false,,Al Horford,
base,152,Fast Break Bronze Prizms,false,,Al Horford,
base,152,Fast Break Neon Green Prizms,false,,Al Horford,
base,152,Fast Break Prizms,false,,Al Horford,
base,152,Fast Break Purple Prizms,false,,Al Horford,
base,152,Fast Break Red Prizms,false,,Al Horford,
base,152,Gold Prizms,false,,Al Horford,
base,152,Gold Shimmer Prizms,false,,Al Horford,
base,152,Gold Wave Prizms,false,,Al Horford,
base,152,Green Ice Prizms,false,,Al Horford,
base,152,Green Prizms,false,,Al Horford,
base,152,Green Pulsar Prizms,false,,Al Horford,
base,152,Green Shimmer Prizms,false,,Al Horford,
base,152,Hyper Prizms,false,,Al Horford,
base,152,Lucky Envelopes Prizms,false,,Al Horford,
base,152,Mojo Prizms,false,,Al Horford,
base,152,Orange Ice Prizms,false,,Al Horford,
base,152,Orange Prizms,false,,Al Horford,
base,152,Orange Wave Prizms,false,,Al Horford,
base,152,Pink Ice Prizms,false,,Al Horford,
base,152,Pink Pulsar Prizms,false,,Al Horford,
base,152,Purple Ice Prizms,false,,Al Horford,
base,152,Purple Prizms,false,,Al Horford,
base,152,Purple Pulsar Prizms,false,,Al Horford,
base,152,Purple Wave Prizms,false,,Al Horford,
base,152,Red Ice Prizms,false,,Al Horford,
base,152,Red Prizms,false,,Al Horford,
base,152,"Red, White and Blue Prizms",false,,Al Horford,
base,152,Ruby Wave Prizms,false,,Al Horford,
base,152,Silver Prizms,false,,Al Horford,
base,152,White Sparkle Prizm,false,,Al Horford,
base,152,Fast Break Pink Prizms,false,,Al Horford,
base,152,Black Prizms,false,,Al Horford,
base,152,Black Shimmer Prizms,false,,Al Horford,
base,152,Blue Ice Prizms,false,,Al Horford,
base,152,Black Gold Prizms,false,,Al Horford,
base,160,Blue Prizms,false,,Furkan Korkmaz,
base,160,Blue Shimmer Prizms,false,,Furkan Korkmaz,
base,160,Blue Wave Prizms,false,,Furkan Korkmaz,
base,160,Choice Blue Prizms,false,,Furkan Korkmaz,
base,160,"Choice Blue, Yellow and Green Prizms",false,,Furkan Korkmaz,
base,160,Choice Green Prizms,false,,Furkan Korkmaz,
base,160,Choice Nebula Prizms,false,,Furkan Korkmaz,
base,160,Choice Red Prizms,false,,Furkan Korkmaz,
base,160,Choice Tiger Stripe Prizms,false,,Furkan Korkmaz,
base,160,Fast Break Blue Prizms,false,,Furkan Korkmaz,
base,160,Fast Break Bronze Prizms,false,,Furkan Korkmaz,
base,160,Fast Break Neon Green Prizms,false,,Furkan Korkmaz,
base,160,Fast Break Prizms,false,,Furkan Korkmaz,
base,160,Fast Break Purple Prizms,false,,Furkan Korkmaz,
base,160,Fast Break Red Prizms,false,,Furkan Korkmaz,
base,160,Gold Prizms,false,,Furkan Korkmaz,
base,160,Gold Shimmer Prizms,false,,Furkan Korkmaz,
base,160,Gold Wave Prizms,false,,Furkan Korkmaz,
base,160,Green Ice Prizms,false,,Furkan Korkmaz,
base,160,Green Prizms,false,,Furkan Korkmaz,
base,160,Green Pulsar Prizms,false,,Furkan Korkmaz,
base,160,Green Shimmer Prizms,false,,Furkan Korkmaz,
base,160,Hyper Prizms,false,,Furkan Korkmaz,
base,160,Lucky Envelopes Prizms,false,,Furkan Korkmaz,
base,160,Mojo Prizms,false,,Furkan Korkmaz,
base,160,Orange Ice Prizms,false,,Furkan Korkmaz,
base,160,Orange Prizms,false,,Furkan Korkmaz,
base,160,Orange Wave Prizms,false,,Furkan Korkmaz,
base,160,Pink Ice Prizms,false,,Furkan Korkmaz,
base,160,Pink Pulsar Prizms,false,,Furkan Korkmaz,
base,160,Purple Ice Prizms,false,,Furkan Korkmaz,
base,160,Purple Prizms,false,,Furkan Korkmaz,
base,160,Purple Pulsar Prizms,false,,Furkan Korkmaz,
base,160,Purple Wave Prizms,false,,Furkan Korkmaz,
base,160,Red Ice Prizms,false,,Furkan Korkmaz,
base,160,Red Prizms,false,,Furkan Korkmaz,
base,160,"Red, White and Blue Prizms",false,,Furkan Korkmaz,
base,160,Ruby Wave Prizms,false,,Furkan Korkmaz,
base,160,Silver Prizms,false,,Furkan Korkmaz,
base,160,White Sparkle Prizm,false,,Furkan Korkmaz,
base,160,Fast Break Pink Prizms,false,,Furkan Korkmaz,
base,160,Black Prizms,false,,Furkan Korkmaz,
base,160,Black Shimmer Prizms,false,,Furkan Korkmaz,
base,160,Blue Ice Prizms,false,,Furkan Korkmaz,
base,160,Black Gold Prizms,false,,Furkan Korkmaz,
insert-penmanship,PE-ARC,Prizms Orange Ice,false,,Archie Clark,
insert-penmanship,PE-ARC,Prizms Silver,false,,Archie Clark,
insert-penmanship,PE-ARC,Prizms Green Ice,false,16,Archie Clark,
base,141,Blue Prizms,false,,Joel Embiid,
base,141,Blue Shimmer Prizms,false,,Joel Embiid,
base,141,Blue Wave Prizms,false,,Joel Embiid,
base,141,Choice Blue Prizms,false,,Joel Embiid,
base,141,"Choice Blue, Yellow and Green Prizms",false,,Joel Embiid,
base,141,Choice Green Prizms,false,,Joel Embiid,
base,141,Choice Nebula Prizms,false,,Joel Embiid,
base,141,Choice Red Prizms,false,,Joel Embiid,
base,141,Choice Tiger Stripe Prizms,false,,Joel Embiid,
base,141,Fast Break Blue Prizms,false,,Joel Embiid,
base,141,Fast Break Bronze Prizms,false,,Joel Embiid,
base,141,Fast Break Neon Green Prizms,false,,Joel Embiid,
base,141,Fast Break Prizms,false,,Joel Embiid,
base,141,Fast Break Purple Prizms,false,,Joel Embiid,
base,141,Fast Break Red Prizms,false,,Joel Embiid,
base,141,Gold Prizms,false,,Joel Embiid,
base,141,Gold Shimmer Prizms,false,,Joel Embiid,
base,141,Gold Wave Prizms,false,,Joel Embiid,
base,141,Green Ice Prizms,false,,Joel Embiid,
base,141,Green Prizms,false,,Joel Embiid,
base,141,Green Pulsar Prizms,false,,Joel Embiid,
base,141,Green Shimmer Prizms,false,,Joel Embiid,
base,141,Hyper Prizms,false,,Joel Embiid,
base,141,Lucky Envelopes Prizms,false,,Joel Embiid,
base,141,Mojo Prizms,false,,Joel Embiid,
base,141,Orange Ice Prizms,false,,Joel Embiid,
base,141,Orange Prizms,false,,Joel Embiid,
base,141,Orange Wave Prizms,false,,Joel Embiid,
base,141,Pink Ice Prizms,false,,Joel Embiid,
base,141,Pink Pulsar Prizms,false,,Joel Embiid,
base,141,Purple Ice Prizms,false,,Joel Embiid,
base,141,Purple Prizms,false,,Joel Embiid,
base,141,Purple Pulsar Prizms,false,,Joel Embiid,
base,141,Purple Wave Prizms,false,,Joel Embiid,
base,141,Red Ice Prizms,false,,Joel Embiid,
base,141,Red Prizms,false,,Joel Embiid,
base,141,"Red, White and Blue Prizms",false,,Joel Embiid,
base,141,Ruby Wave Prizms,false,,Joel Embiid,
base,141,Silver Prizms,false,,Joel Embiid,
base,141,White Sparkle Prizm,false,,Joel Embiid,
base,141,Fast Break Pink Prizms,false,,Joel Embiid,
base,141,Black Prizms,false,,Joel Embiid,
base,141,Black Shimmer Prizms,false,,Joel Embiid,
base,141,Blue Ice Prizms,false,,Joel Embiid,
base,141,Black Gold Prizms,false,,Joel Embiid,
insert-sensational-swatches,SSW-BSI,Prizms Orange Ice,false,,Ben Simmons,
insert-sensational-swatches,SSW-BSI,Prizms Green Ice,false,56,Ben Simmons,
insert-sensational-swatches,SSW-BSI,Prime,false,10,Ben Simmons,
base,200,Blue Prizms,false,,Matisse Thybulle,
base,200,Blue Shimmer Prizms,false,,Matisse Thybulle,
base,200,Blue Wave Prizms,false,,Matisse Thybulle,
base,200,Choice Blue Prizms,false,,Matisse Thybulle,
base,200,"Choice Blue, Yellow and Green Prizms",false,,Matisse Thybulle,
base,200,Choice Green Prizms,false,,Matisse Thybulle,
base,200,Choice Nebula Prizms,false,,Matisse Thybulle,
base,200,Choice Red Prizms,false,,Matisse Thybulle,
base,200,Choice Tiger Stripe Prizms,false,,Matisse Thybulle,
base,200,Fast Break Blue Prizms,false,,Matisse Thybulle,
base,200,Fast Break Bronze Prizms,false,,Matisse Thybulle,
base,200,Fast Break Neon Green Prizms,false,,Matisse Thybulle,
base,200,Fast Break Prizms,false,,Matisse Thybulle,
base,200,Fast Break Purple Prizms,false,,Matisse Thybulle,
base,200,Fast Break Red Prizms,false,,Matisse Thybulle,
base,200,Gold Prizms,false,,Matisse Thybulle,
base,200,Gold Shimmer Prizms,false,,Matisse Thybulle,
base,200,Gold Wave Prizms,false,,Matisse Thybulle,
base,200,Green Ice Prizms,false,,Matisse Thybulle,
base,200,Green Prizms,false,,Matisse Thybulle,
base,200,Green Pulsar Prizms,false,,Matisse Thybulle,
base,200,Green Shimmer Prizms,false,,Matisse Thybulle,
base,200,Hyper Prizms,false,,Matisse Thybulle,
base,200,Lucky Envelopes Prizms,false,,Matisse Thybulle,
base,200,Mojo Prizms,false,,Matisse Thybulle,
base,200,Orange Ice Prizms,false,,Matisse Thybulle,
base,200,Orange Prizms,false,,Matisse Thybulle,
base,200,Orange Wave Prizms,false,,Matisse Thybulle,
base,200,Pink Ice Prizms,false,,Matisse Thybulle,
base,200,Pink Pulsar Prizms,false,,Matisse Thybulle,
base,200,Purple Ice Prizms,false,,Matisse Thybulle,
base,200,Purple Prizms,false,,Matisse Thybulle,
base,200,Purple Pulsar Prizms,false,,Matisse Thybulle,
base,200,Purple Wave Prizms,false,,Matisse Thybulle,
base,200,Red Ice Prizms,false,,Matisse Thybulle,
base,200,Red Prizms,false,,Matisse Thybulle,
base,200,"Red, White and Blue Prizms",false,,Matisse Thybulle,
base,200,Ruby Wave Prizms,false,,Matisse Thybulle,
base,200,Silver Prizms,false,,Matisse Thybulle,
base,200,White Sparkle Prizm,false,,Matisse Thybulle,
base,200,Fast Break Pink Prizms,false,,Matisse Thybulle,
base,200,Black Prizms,false,,Matisse Thybulle,
base,200,Black Shimmer Prizms,false,,Matisse Thybulle,
base,200,Blue Ice Prizms,false,,Matisse Thybulle,
base,200,Black Gold Prizms,false,,Matisse Thybulle,
auto-signatures,SI-THA,Prizms Choice,true,,Tobias Harris,
auto-signatures,SI-THA,Prizms Silver,true,,Tobias Harris,
auto-signatures,SI-THA,Prizms Mojo,true,25,Tobias Harris,
auto-signatures,SI-THA,Prizms Gold,true,10,Tobias Harris,
auto-signatures,SI-THA,Prizms Choice Green,true,8,Tobias Harris,
auto-signatures,SI-THA,Prizms Black,true,1,Tobias Harris,
base,256,Blue Prizms,false,,Tyrese Maxey,
base,256,Blue Shimmer Prizms,false,,Tyrese Maxey,
base,256,Blue Wave Prizms,false,,Tyrese Maxey,
base,256,Choice Blue Prizms,false,,Tyrese Maxey,
base,256,"Choice Blue, Yellow and Green Prizms",false,,Tyrese Maxey,
base,256,Choice Green Prizms,false,,Tyrese Maxey,
base,256,Choice Nebula Prizms,false,,Tyrese Maxey,
base,256,Choice Red Prizms,false,,Tyrese Maxey,
base,256,Choice Tiger Stripe Prizms,false,,Tyrese Maxey,
base,256,Fast Break Blue Prizms,false,,Tyrese Maxey,
base,256,Fast Break Bronze Prizms,false,,Tyrese Maxey,
base,256,Fast Break Neon Green Prizms,false,,Tyrese Maxey,
base,256,Fast Break Prizms,false,,Tyrese Maxey,
base,256,Fast Break Purple Prizms,false,,Tyrese Maxey,
base,256,Fast Break Red Prizms,false,,Tyrese Maxey,
base,256,Gold Prizms,false,,Tyrese Maxey,
base,256,Gold Shimmer Prizms,false,,Tyrese Maxey,
base,256,Gold Wave Prizms,false,,Tyrese Maxey,
base,256,Green Ice Prizms,false,,Tyrese Maxey,
base,256,Green Prizms,false,,Tyrese Maxey,
base,256,Green Pulsar Prizms,false,,Tyrese Maxey,
base,256,Green Shimmer Prizms,false,,Tyrese Maxey,
base,256,Hyper Prizms,false,,Tyrese Maxey,
base,256,Lucky Envelopes Prizms,false,,Tyrese Maxey,
base,256,Mojo Prizms,false,,Tyrese Maxey,
base,256,Orange Ice Prizms,false,,Tyrese Maxey,
base,256,Orange Prizms,false,,Tyrese Maxey,
base,256,Orange Wave Prizms,false,,Tyrese Maxey,
base,256,Pink Ice Prizms,false,,Tyrese Maxey,
base,256,Pink Pulsar Prizms,false,,Tyrese Maxey,
base,256,Purple Ice Prizms,false,,Tyrese Maxey,
base,256,Purple Prizms,false,,Tyrese Maxey,
base,256,Purple Pulsar Prizms,false,,Tyrese Maxey,
base,256,Purple Wave Prizms,false,,Tyrese Maxey,
base,256,Red Ice Prizms,false,,Tyrese Maxey,
base,256,Red Prizms,false,,Tyrese Maxey,
base,256,"Red, White and Blue Prizms",false,,Tyrese Maxey,
base,256,Ruby Wave Prizms,false,,Tyrese Maxey,
base,256,Silver Prizms,false,,Tyrese Maxey,
base,256,White Sparkle Prizm,false,,Tyrese Maxey,
base,256,Fast Break Pink Prizms,false,,Tyrese Maxey,
base,256,Black Prizms,false,,Tyrese Maxey,
base,256,Black Shimmer Prizms,false,,Tyrese Maxey,
base,256,Blue Ice Prizms,false,,Tyrese Maxey,
base,256,Black Gold Prizms,false,,Tyrese Maxey,
insert-sensational-swatches,SSW-JEM,Prizms Orange Ice,false,,Joel Embiid,
insert-sensational-swatches,SSW-JEM,Prizms Green Ice,false,56,Joel Embiid,
insert-sensational-swatches,SSW-JEM,Prime,false,10,Joel Embiid,
insert-dominance,11,Prizms Green,false,,Joel Embiid,
insert-dominance,11,Prizms Silver,false,,Joel Embiid,
base,136,Blue Prizms,false,,Josh Richardson,
base,136,Blue Shimmer Prizms,false,,Josh Richardson,
base,136,Blue Wave Prizms,false,,Josh Richardson,
base,136,Choice Blue Prizms,false,,Josh Richardson,
base,136,"Choice Blue, Yellow and Green Prizms",false,,Josh Richardson,
base,136,Choice Green Prizms,false,,Josh Richardson,
base,136,Choice Nebula Prizms,false,,Josh Richardson,
base,136,Choice Red Prizms,false,,Josh Richardson,
base,136,Choice Tiger Stripe Prizms,false,,Josh Richardson,
base,136,Fast Break Blue Prizms,false,,Josh Richardson,
base,136,Fast Break Bronze Prizms,false,,Josh Richardson,
base,136,Fast Break Neon Green Prizms,false,,Josh Richardson,
base,136,Fast Break Prizms,false,,Josh Richardson,
base,136,Fast Break Purple Prizms,false,,Josh Richardson,
base,136,Fast Break Red Prizms,false,,Josh Richardson,
base,136,Gold Prizms,false,,Josh Richardson,
base,136,Gold Shimmer Prizms,false,,Josh Richardson,
base,136,Gold Wave Prizms,false,,Josh Richardson,
base,136,Green Ice Prizms,false,,Josh Richardson,
base,136,Green Prizms,false,,Josh Richardson,
base,136,Green Pulsar Prizms,false,,Josh Richardson,
base,136,Green Shimmer Prizms,false,,Josh Richardson,
base,136,Hyper Prizms,false,,Josh Richardson,
base,136,Lucky Envelopes Prizms,false,,Josh Richardson,
base,136,Mojo Prizms,false,,Josh Richardson,
base,136,Orange Ice Prizms,false,,Josh Richardson,
base,136,Orange Prizms,false,,Josh Richardson,
base,136,Orange Wave Prizms,false,,Josh Richardson,
base,136,Pink Ice Prizms,false,,Josh Richardson,
base,136,Pink Pulsar Prizms,false,,Josh Richardson,
base,136,Purple Ice Prizms,false,,Josh Richardson,
base,136,Purple Prizms,false,,Josh Richardson,
base,136,Purple Pulsar Prizms,false,,Josh Richardson,
base,136,Purple Wave Prizms,false,,Josh Richardson,
base,136,Red Ice Prizms,false,,Josh Richardson,
base,136,Red Prizms,false,,Josh Richardson,
base,136,"Red, White and Blue Prizms",false,,Josh Richardson,
base,136,Ruby Wave Prizms,false,,Josh Richardson,
base,136,Silver Prizms,false,,Josh Richardson,
base,136,White Sparkle Prizm,false,,Josh Richardson,
base,136,Fast Break Pink Prizms,false,,Josh Richardson,
base,136,Black Prizms,false,,Josh Richardson,
base,136,Black Shimmer Prizms,false,,Josh Richardson,
base,136,Blue Ice Prizms,false,,Josh Richardson,
base,136,Black Gold Prizms,false,,Josh Richardson,
insert-fearless,20,Fast Break,false,,Allen Iverson,
insert-fearless,20,Prizms Hyper,false,,Allen Iverson,
insert-fearless,20,Prizms Silver,false,,Allen Iverson,
insert-fearless,20,Prizms Mojo,false,25,Allen Iverson,
insert-fearless,20,Prizms Gold,false,10,Allen Iverson,
insert-fearless,20,Prizms Black,false,1,Allen Iverson,
insert-fireworks,4,Prizms Silver,false,,Ben Simmons,
insert-fireworks,4,Fast Break,false,,Ben Simmons,
insert-fireworks,4,Prizms Hyper,false,,Ben Simmons,
insert-fireworks,4,Prizms Mojo,false,25,Ben Simmons,
insert-fireworks,4,Prizms Gold,false,10,Ben Simmons,
insert-fireworks,4,Prizms Black,false,1,Ben Simmons,
base,202,Blue Prizms,false,,Tobias Harris,
base,202,Blue Shimmer Prizms,false,,Tobias Harris,
base,202,Blue Wave Prizms,false,,Tobias Harris,
base,202,Choice Blue Prizms,false,,Tobias Harris,
base,202,"Choice Blue, Yellow and Green Prizms",false,,Tobias Harris,
base,202,Choice Green Prizms,false,,Tobias Harris,
base,202,Choice Nebula Prizms,false,,Tobias Harris,
base,202,Choice Red Prizms,false,,Tobias Harris,
base,202,Choice Tiger Stripe Prizms,false,,Tobias Harris,
base,202,Fast Break Blue Prizms,false,,Tobias Harris,
base,202,Fast Break Bronze Prizms,false,,Tobias Harris,
base,202,Fast Break Neon Green Prizms,false,,Tobias Harris,
base,202,Fast Break Prizms,false,,Tobias Harris,
base,202,Fast Break Purple Prizms,false,,Tobias Harris,
base,202,Fast Break Red Prizms,false,,Tobias Harris,
base,202,Gold Prizms,false,,Tobias Harris,
base,202,Gold Shimmer Prizms,false,,Tobias Harris,
base,202,Gold Wave Prizms,false,,Tobias Harris,
base,202,Green Ice Prizms,false,,Tobias Harris,
base,202,Green Prizms,false,,Tobias Harris,
base,202,Green Pulsar Prizms,false,,Tobias Harris,
base,202,Green Shimmer Prizms,false,,Tobias Harris,
base,202,Hyper Prizms,false,,Tobias Harris,
base,202,Lucky Envelopes Prizms,false,,Tobias Harris,
base,202,Mojo Prizms,false,,Tobias Harris,
base,202,Orange Ice Prizms,false,,Tobias Harris,
base,202,Orange Prizms,false,,Tobias Harris,
base,202,Orange Wave Prizms,false,,Tobias Harris,
base,202,Pink Ice Prizms,false,,Tobias Harris,
base,202,Pink Pulsar Prizms,false,,Tobias Harris,
base,202,Purple Ice Prizms,false,,Tobias Harris,
base,202,Purple Prizms,false,,Tobias Harris,
base,202,Purple Pulsar Prizms,false,,Tobias Harris,
base,202,Purple Wave Prizms,false,,Tobias Harris,
base,202,Red Ice Prizms,false,,Tobias Harris,
base,202,Red Prizms,false,,Tobias Harris,
base,202,"Red, White and Blue Prizms",false,,Tobias Harris,
base,202,Ruby Wave Prizms,false,,Tobias Harris,
base,202,Silver Prizms,false,,Tobias Harris,
base,202,White Sparkle Prizm,false,,Tobias Harris,
base,202,Fast Break Pink Prizms,false,,Tobias Harris,
base,202,Black Prizms,false,,Tobias Harris,
base,202,Black Shimmer Prizms,false,,Tobias Harris,
base,202,Blue Ice Prizms,false,,Tobias Harris,
base,202,Black Gold Prizms,false,,Tobias Harris,
insert-penmanship,PE-MKL,Prizms Orange Ice,false,,Mikal Bridges,
insert-penmanship,PE-MKL,Prizms Silver,false,,Mikal Bridges,
insert-penmanship,PE-MKL,Prizms Green Ice,false,16,Mikal Bridges,
base,5,Blue Prizms,false,,Deandre Ayton,
base,5,Blue Shimmer Prizms,false,,Deandre Ayton,
base,5,Blue Wave Prizms,false,,Deandre Ayton,
base,5,Choice Blue Prizms,false,,Deandre Ayton,
base,5,"Choice Blue, Yellow and Green Prizms",false,,Deandre Ayton,
base,5,Choice Green Prizms,false,,Deandre Ayton,
base,5,Choice Nebula Prizms,false,,Deandre Ayton,
base,5,Choice Red Prizms,false,,Deandre Ayton,
base,5,Choice Tiger Stripe Prizms,false,,Deandre Ayton,
base,5,Fast Break Blue Prizms,false,,Deandre Ayton,
base,5,Fast Break Bronze Prizms,false,,Deandre Ayton,
base,5,Fast Break Neon Green Prizms,false,,Deandre Ayton,
base,5,Fast Break Prizms,false,,Deandre Ayton,
base,5,Fast Break Purple Prizms,false,,Deandre Ayton,
base,5,Fast Break Red Prizms,false,,Deandre Ayton,
base,5,Gold Prizms,false,,Deandre Ayton,
base,5,Gold Shimmer Prizms,false,,Deandre Ayton,
base,5,Gold Wave Prizms,false,,Deandre Ayton,
base,5,Green Ice Prizms,false,,Deandre Ayton,
base,5,Green Prizms,false,,Deandre Ayton,
base,5,Green Pulsar Prizms,false,,Deandre Ayton,
base,5,Green Shimmer Prizms,false,,Deandre Ayton,
base,5,Hyper Prizms,false,,Deandre Ayton,
base,5,Lucky Envelopes Prizms,false,,Deandre Ayton,
base,5,Mojo Prizms,false,,Deandre Ayton,
base,5,Orange Ice Prizms,false,,Deandre Ayton,
base,5,Orange Prizms,false,,Deandre Ayton,
base,5,Orange Wave Prizms,false,,Deandre Ayton,
base,5,Pink Ice Prizms,false,,Deandre Ayton,
base,5,Pink Pulsar Prizms,false,,Deandre Ayton,
base,5,Purple Ice Prizms,false,,Deandre Ayton,
base,5,Purple Prizms,false,,Deandre Ayton,
base,5,Purple Pulsar Prizms,false,,Deandre Ayton,
base,5,Purple Wave Prizms,false,,Deandre Ayton,
base,5,Red Ice Prizms,false,,Deandre Ayton,
base,5,Red Prizms,false,,Deandre Ayton,
base,5,"Red, White and Blue Prizms",false,,Deandre Ayton,
base,5,Ruby Wave Prizms,false,,Deandre Ayton,
base,5,Silver Prizms,false,,Deandre Ayton,
base,5,White Sparkle Prizm,false,,Deandre Ayton,
base,5,Fast Break Pink Prizms,false,,Deandre Ayton,
base,5,Black Prizms,false,,Deandre Ayton,
base,5,Black Shimmer Prizms,false,,Deandre Ayton,
base,5,Blue Ice Prizms,false,,Deandre Ayton,
base,5,Black Gold Prizms,false,,Deandre Ayton,
base,214,Blue Prizms,false,,Devin Booker,
base,214,Blue Shimmer Prizms,false,,Devin Booker,
base,214,Blue Wave Prizms,false,,Devin Booker,
base,214,Choice Blue Prizms,false,,Devin Booker,
base,214,"Choice Blue, Yellow and Green Prizms",false,,Devin Booker,
base,214,Choice Green Prizms,false,,Devin Booker,
base,214,Choice Nebula Prizms,false,,Devin Booker,
base,214,Choice Red Prizms,false,,Devin Booker,
base,214,Choice Tiger Stripe Prizms,false,,Devin Booker,
base,214,Fast Break Blue Prizms,false,,Devin Booker,
base,214,Fast Break Bronze Prizms,false,,Devin Booker,
base,214,Fast Break Neon Green Prizms,false,,Devin Booker,
base,214,Fast Break Prizms,false,,Devin Booker,
base,214,Fast Break Purple Prizms,false,,Devin Booker,
base,214,Fast Break Red Prizms,false,,Devin Booker,
base,214,Gold Prizms,false,,Devin Booker,
base,214,Gold Shimmer Prizms,false,,Devin Booker,
base,214,Gold Wave Prizms,false,,Devin Booker,
base,214,Green Ice Prizms,false,,Devin Booker,
base,214,Green Prizms,false,,Devin Booker,
base,214,Green Pulsar Prizms,false,,Devin Booker,
base,214,Green Shimmer Prizms,false,,Devin Booker,
base,214,Hyper Prizms,false,,Devin Booker,
base,214,Lucky Envelopes Prizms,false,,Devin Booker,
base,214,Mojo Prizms,false,,Devin Booker,
base,214,Orange Ice Prizms,false,,Devin Booker,
base,214,Orange Prizms,false,,Devin Booker,
base,214,Orange Wave Prizms,false,,Devin Booker,
base,214,Pink Ice Prizms,false,,Devin Booker,
base,214,Pink Pulsar Prizms,false,,Devin Booker,
base,214,Purple Ice Prizms,false,,Devin Booker,
base,214,Purple Prizms,false,,Devin Booker,
base,214,Purple Pulsar Prizms,false,,Devin Booker,
base,214,Purple Wave Prizms,false,,Devin Booker,
base,214,Red Ice Prizms,false,,Devin Booker,
base,214,Red Prizms,false,,Devin Booker,
base,214,"Red, White and Blue Prizms",false,,Devin Booker,
base,214,Ruby Wave Prizms,false,,Devin Booker,
base,214,Silver Prizms,false,,Devin Booker,
base,214,White Sparkle Prizm,false,,Devin Booker,
base,214,Fast Break Pink Prizms,false,,Devin Booker,
base,214,Black Prizms,false,,Devin Booker,
base,214,Black Shimmer Prizms,false,,Devin Booker,
base,214,Blue Ice Prizms,false,,Devin Booker,
base,214,Black Gold Prizms,false,,Devin Booker,
base,49,Blue Prizms,false,,Aron Baynes,
base,49,Blue Shimmer Prizms,false,,Aron Baynes,
base,49,Blue Wave Prizms,false,,Aron Baynes,
base,49,Choice Blue Prizms,false,,Aron Baynes,
base,49,"Choice Blue, Yellow and Green Prizms",false,,Aron Baynes,
base,49,Choice Green Prizms,false,,Aron Baynes,
base,49,Choice Nebula Prizms,false,,Aron Baynes,
base,49,Choice Red Prizms,false,,Aron Baynes,
base,49,Choice Tiger Stripe Prizms,false,,Aron Baynes,
base,49,Fast Break Blue Prizms,false,,Aron Baynes,
base,49,Fast Break Bronze Prizms,false,,Aron Baynes,
base,49,Fast Break Neon Green Prizms,false,,Aron Baynes,
base,49,Fast Break Prizms,false,,Aron Baynes,
base,49,Fast Break Purple Prizms,false,,Aron Baynes,
base,49,Fast Break Red Prizms,false,,Aron Baynes,
base,49,Gold Prizms,false,,Aron Baynes,
base,49,Gold Shimmer Prizms,false,,Aron Baynes,
base,49,Gold Wave Prizms,false,,Aron Baynes,
base,49,Green Ice Prizms,false,,Aron Baynes,
base,49,Green Prizms,false,,Aron Baynes,
base,49,Green Pulsar Prizms,false,,Aron Baynes,
base,49,Green Shimmer Prizms,false,,Aron Baynes,
base,49,Hyper Prizms,false,,Aron Baynes,
base,49,Lucky Envelopes Prizms,false,,Aron Baynes,
base,49,Mojo Prizms,false,,Aron Baynes,
base,49,Orange Ice Prizms,false,,Aron Baynes,
base,49,Orange Prizms,false,,Aron Baynes,
base,49,Orange Wave Prizms,false,,Aron Baynes,
base,49,Pink Ice Prizms,false,,Aron Baynes,
base,49,Pink Pulsar Prizms,false,,Aron Baynes,
base,49,Purple Ice Prizms,false,,Aron Baynes,
base,49,Purple Prizms,false,,Aron Baynes,
base,49,Purple Pulsar Prizms,false,,Aron Baynes,
base,49,Purple Wave Prizms,false,,Aron Baynes,
base,49,Red Ice Prizms,false,,Aron Baynes,
base,49,Red Prizms,false,,Aron Baynes,
base,49,"Red, White and Blue Prizms",false,,Aron Baynes,
base,49,Ruby Wave Prizms,false,,Aron Baynes,
base,49,Silver Prizms,false,,Aron Baynes,
base,49,White Sparkle Prizm,false,,Aron Baynes,
base,49,Fast Break Pink Prizms,false,,Aron Baynes,
base,49,Black Prizms,false,,Aron Baynes,
base,49,Black Shimmer Prizms,false,,Aron Baynes,
base,49,Blue Ice Prizms,false,,Aron Baynes,
base,49,Black Gold Prizms,false,,Aron Baynes,
base,46,Blue Prizms,false,,Cameron Johnson,
base,46,Blue Shimmer Prizms,false,,Cameron Johnson,
base,46,Blue Wave Prizms,false,,Cameron Johnson,
base,46,Choice Blue Prizms,false,,Cameron Johnson,
base,46,"Choice Blue, Yellow and Green Prizms",false,,Cameron Johnson,
base,46,Choice Green Prizms,false,,Cameron Johnson,
base,46,Choice Nebula Prizms,false,,Cameron Johnson,
base,46,Choice Red Prizms,false,,Cameron Johnson,
base,46,Choice Tiger Stripe Prizms,false,,Cameron Johnson,
base,46,Fast Break Blue Prizms,false,,Cameron Johnson,
base,46,Fast Break Bronze Prizms,false,,Cameron Johnson,
base,46,Fast Break Neon Green Prizms,false,,Cameron Johnson,
base,46,Fast Break Prizms,false,,Cameron Johnson,
base,46,Fast Break Purple Prizms,false,,Cameron Johnson,
base,46,Fast Break Red Prizms,false,,Cameron Johnson,
base,46,Gold Prizms,false,,Cameron Johnson,
base,46,Gold Shimmer Prizms,false,,Cameron Johnson,
base,46,Gold Wave Prizms,false,,Cameron Johnson,
base,46,Green Ice Prizms,false,,Cameron Johnson,
base,46,Green Prizms,false,,Cameron Johnson,
base,46,Green Pulsar Prizms,false,,Cameron Johnson,
base,46,Green Shimmer Prizms,false,,Cameron Johnson,
base,46,Hyper Prizms,false,,Cameron Johnson,
base,46,Lucky Envelopes Prizms,false,,Cameron Johnson,
base,46,Mojo Prizms,false,,Cameron Johnson,
base,46,Orange Ice Prizms,false,,Cameron Johnson,
base,46,Orange Prizms,false,,Cameron Johnson,
base,46,Orange Wave Prizms,false,,Cameron Johnson,
base,46,Pink Ice Prizms,false,,Cameron Johnson,
base,46,Pink Pulsar Prizms,false,,Cameron Johnson,
base,46,Purple Ice Prizms,false,,Cameron Johnson,
base,46,Purple Prizms,false,,Cameron Johnson,
base,46,Purple Pulsar Prizms,false,,Cameron Johnson,
base,46,Purple Wave Prizms,false,,Cameron Johnson,
base,46,Red Ice Prizms,false,,Cameron Johnson,
base,46,Red Prizms,false,,Cameron Johnson,
base,46,"Red, White and Blue Prizms",false,,Cameron Johnson,
base,46,Ruby Wave Prizms,false,,Cameron Johnson,
base,46,Silver Prizms,false,,Cameron Johnson,
base,46,White Sparkle Prizm,false,,Cameron Johnson,
base,46,Fast Break Pink Prizms,false,,Cameron Johnson,
base,46,Black Prizms,false,,Cameron Johnson,
base,46,Black Shimmer Prizms,false,,Cameron Johnson,
base,46,Blue Ice Prizms,false,,Cameron Johnson,
base,46,Black Gold Prizms,false,,Cameron Johnson,
auto-sensational-signatures,SS-CBK,Prizms Silver,true,,Charles Barkley,
auto-sensational-signatures,SS-CBK,Prizms Choice,true,,Charles Barkley,
auto-sensational-signatures,SS-CBK,Prizms Mojo,true,25,Charles Barkley,
auto-sensational-signatures,SS-CBK,Prizms Gold,true,10,Charles Barkley,
auto-sensational-signatures,SS-CBK,Prizms Choice Green,true,8,Charles Barkley,
auto-sensational-signatures,SS-CBK,Prizms Black,true,1,Charles Barkley,
auto-signatures,SI-KOJ,Prizms Choice,true,,Kelly Oubre Jr.,
auto-signatures,SI-KOJ,Prizms Silver,true,,Kelly Oubre Jr.,
auto-signatures,SI-KOJ,Prizms Mojo,true,25,Kelly Oubre Jr.,
auto-signatures,SI-KOJ,Prizms Gold,true,10,Kelly Oubre Jr.,
auto-signatures,SI-KOJ,Prizms Choice Green,true,8,Kelly Oubre Jr.,
auto-signatures,SI-KOJ,Prizms Black,true,1,Kelly Oubre Jr.,
base,208,Blue Prizms,false,,Kelly Oubre Jr.,
base,208,Blue Shimmer Prizms,false,,Kelly Oubre Jr.,
base,208,Blue Wave Prizms,false,,Kelly Oubre Jr.,
base,208,Choice Blue Prizms,false,,Kelly Oubre Jr.,
base,208,"Choice Blue, Yellow and Green Prizms",false,,Kelly Oubre Jr.,
base,208,Choice Green Prizms,false,,Kelly Oubre Jr.,
base,208,Choice Nebula Prizms,false,,Kelly Oubre Jr.,
base,208,Choice Red Prizms,false,,Kelly Oubre Jr.,
base,208,Choice Tiger Stripe Prizms,false,,Kelly Oubre Jr.,
base,208,Fast Break Blue Prizms,false,,Kelly Oubre Jr.,
base,208,Fast Break Bronze Prizms,false,,Kelly Oubre Jr.,
base,208,Fast Break Neon Green Prizms,false,,Kelly Oubre Jr.,
base,208,Fast Break Prizms,false,,Kelly Oubre Jr.,
base,208,Fast Break Purple Prizms,false,,Kelly Oubre Jr.,
base,208,Fast Break Red Prizms,false,,Kelly Oubre Jr.,
base,208,Gold Prizms,false,,Kelly Oubre Jr.,
base,208,Gold Shimmer Prizms,false,,Kelly Oubre Jr.,
base,208,Gold Wave Prizms,false,,Kelly Oubre Jr.,
base,208,Green Ice Prizms,false,,Kelly Oubre Jr.,
base,208,Green Prizms,false,,Kelly Oubre Jr.,
base,208,Green Pulsar Prizms,false,,Kelly Oubre Jr.,
base,208,Green Shimmer Prizms,false,,Kelly Oubre Jr.,
base,208,Hyper Prizms,false,,Kelly Oubre Jr.,
base,208,Lucky Envelopes Prizms,false,,Kelly Oubre Jr.,
base,208,Mojo Prizms,false,,Kelly Oubre Jr.,
base,208,Orange Ice Prizms,false,,Kelly Oubre Jr.,
base,208,Orange Prizms,false,,Kelly Oubre Jr.,
base,208,Orange Wave Prizms,false,,Kelly Oubre Jr.,
base,208,Pink Ice Prizms,false,,Kelly Oubre Jr.,
base,208,Pink Pulsar Prizms,false,,Kelly Oubre Jr.,
base,208,Purple Ice Prizms,false,,Kelly Oubre Jr.,
base,208,Purple Prizms,false,,Kelly Oubre Jr.,
base,208,Purple Pulsar Prizms,false,,Kelly Oubre Jr.,
base,208,Purple Wave Prizms,false,,Kelly Oubre Jr.,
base,208,Red Ice Prizms,false,,Kelly Oubre Jr.,
base,208,Red Prizms,false,,Kelly Oubre Jr.,
base,208,"Red, White and Blue Prizms",false,,Kelly Oubre Jr.,
base,208,Ruby Wave Prizms,false,,Kelly Oubre Jr.,
base,208,Silver Prizms,false,,Kelly Oubre Jr.,
base,208,White Sparkle Prizm,false,,Kelly Oubre Jr.,
base,208,Fast Break Pink Prizms,false,,Kelly Oubre Jr.,
base,208,Black Prizms,false,,Kelly Oubre Jr.,
base,208,Black Shimmer Prizms,false,,Kelly Oubre Jr.,
base,208,Blue Ice Prizms,false,,Kelly Oubre Jr.,
base,208,Black Gold Prizms,false,,Kelly Oubre Jr.,
insert-fearless,11,Fast Break,false,,Steve Nash,
insert-fearless,11,Prizms Hyper,false,,Steve Nash,
insert-fearless,11,Prizms Silver,false,,Steve Nash,
insert-fearless,11,Prizms Mojo,false,25,Steve Nash,
insert-fearless,11,Prizms Gold,false,10,Steve Nash,
insert-fearless,11,Prizms Black,false,1,Steve Nash,
base,235,Blue Prizms,false,,Ricky Rubio,
base,235,Blue Shimmer Prizms,false,,Ricky Rubio,
base,235,Blue Wave Prizms,false,,Ricky Rubio,
base,235,Choice Blue Prizms,false,,Ricky Rubio,
base,235,"Choice Blue, Yellow and Green Prizms",false,,Ricky Rubio,
base,235,Choice Green Prizms,false,,Ricky Rubio,
base,235,Choice Nebula Prizms,false,,Ricky Rubio,
base,235,Choice Red Prizms,false,,Ricky Rubio,
base,235,Choice Tiger Stripe Prizms,false,,Ricky Rubio,
base,235,Fast Break Blue Prizms,false,,Ricky Rubio,
base,235,Fast Break Bronze Prizms,false,,Ricky Rubio,
base,235,Fast Break Neon Green Prizms,false,,Ricky Rubio,
base,235,Fast Break Prizms,false,,Ricky Rubio,
base,235,Fast Break Purple Prizms,false,,Ricky Rubio,
base,235,Fast Break Red Prizms,false,,Ricky Rubio,
base,235,Gold Prizms,false,,Ricky Rubio,
base,235,Gold Shimmer Prizms,false,,Ricky Rubio,
base,235,Gold Wave Prizms,false,,Ricky Rubio,
base,235,Green Ice Prizms,false,,Ricky Rubio,
base,235,Green Prizms,false,,Ricky Rubio,
base,235,Green Pulsar Prizms,false,,Ricky Rubio,
base,235,Green Shimmer Prizms,false,,Ricky Rubio,
base,235,Hyper Prizms,false,,Ricky Rubio,
base,235,Lucky Envelopes Prizms,false,,Ricky Rubio,
base,235,Mojo Prizms,false,,Ricky Rubio,
base,235,Orange Ice Prizms,false,,Ricky Rubio,
base,235,Orange Prizms,false,,Ricky Rubio,
base,235,Orange Wave Prizms,false,,Ricky Rubio,
base,235,Pink Ice Prizms,false,,Ricky Rubio,
base,235,Pink Pulsar Prizms,false,,Ricky Rubio,
base,235,Purple Ice Prizms,false,,Ricky Rubio,
base,235,Purple Prizms,false,,Ricky Rubio,
base,235,Purple Pulsar Prizms,false,,Ricky Rubio,
base,235,Purple Wave Prizms,false,,Ricky Rubio,
base,235,Red Ice Prizms,false,,Ricky Rubio,
base,235,Red Prizms,false,,Ricky Rubio,
base,235,"Red, White and Blue Prizms",false,,Ricky Rubio,
base,235,Ruby Wave Prizms,false,,Ricky Rubio,
base,235,Silver Prizms,false,,Ricky Rubio,
base,235,White Sparkle Prizm,false,,Ricky Rubio,
base,235,Fast Break Pink Prizms,false,,Ricky Rubio,
base,235,Black Prizms,false,,Ricky Rubio,
base,235,Black Shimmer Prizms,false,,Ricky Rubio,
base,235,Blue Ice Prizms,false,,Ricky Rubio,
base,235,Black Gold Prizms,false,,Ricky Rubio,
base,300b,Blue Prizms,false,,Jalen Smith,
base,300b,Blue Shimmer Prizms,false,,Jalen Smith,
base,300b,Blue Wave Prizms,false,,Jalen Smith,
base,300b,Choice Blue Prizms,false,,Jalen Smith,
base,300b,"Choice Blue, Yellow and Green Prizms",false,,Jalen Smith,
base,300b,Choice Green Prizms,false,,Jalen Smith,
base,300b,Choice Nebula Prizms,false,,Jalen Smith,
base,300b,Choice Red Prizms,false,,Jalen Smith,
base,300b,Choice Tiger Stripe Prizms,false,,Jalen Smith,
base,300b,Fast Break Blue Prizms,false,,Jalen Smith,
base,300b,Fast Break Bronze Prizms,false,,Jalen Smith,
base,300b,Fast Break Neon Green Prizms,false,,Jalen Smith,
base,300b,Fast Break Prizms,false,,Jalen Smith,
base,300b,Fast Break Purple Prizms,false,,Jalen Smith,
base,300b,Fast Break Red Prizms,false,,Jalen Smith,
base,300b,Gold Prizms,false,,Jalen Smith,
base,300b,Gold Shimmer Prizms,false,,Jalen Smith,
base,300b,Gold Wave Prizms,false,,Jalen Smith,
base,300b,Green Ice Prizms,false,,Jalen Smith,
base,300b,Green Prizms,false,,Jalen Smith,
base,300b,Green Pulsar Prizms,false,,Jalen Smith,
base,300b,Green Shimmer Prizms,false,,Jalen Smith,
base,300b,Hyper Prizms,false,,Jalen Smith,
base,300b,Lucky Envelopes Prizms,false,,Jalen Smith,
base,300b,Mojo Prizms,false,,Jalen Smith,
base,300b,Orange Ice Prizms,false,,Jalen Smith,
base,300b,Orange Prizms,false,,Jalen Smith,
base,300b,Orange Wave Prizms,false,,Jalen Smith,
base,300b,Pink Ice Prizms,false,,Jalen Smith,
base,300b,Pink Pulsar Prizms,false,,Jalen Smith,
base,300b,Purple Ice Prizms,false,,Jalen Smith,
base,300b,Purple Prizms,false,,Jalen Smith,
base,300b,Purple Pulsar Prizms,false,,Jalen Smith,
base,300b,Purple Wave Prizms,false,,Jalen Smith,
base,300b,Red Ice Prizms,false,,Jalen Smith,
base,300b,Red Prizms,false,,Jalen Smith,
base,300b,"Red, White and Blue Prizms",false,,Jalen Smith,
base,300b,Ruby Wave Prizms,false,,Jalen Smith,
base,300b,Silver Prizms,false,,Jalen Smith,
base,300b,White Sparkle Prizm,false,,Jalen Smith,
base,300b,Fast Break Pink Prizms,false,,Jalen Smith,
base,300b,Black Prizms,false,,Jalen Smith,
base,300b,Black Shimmer Prizms,false,,Jalen Smith,
base,300b,Blue Ice Prizms,false,,Jalen Smith,
base,300b,Black Gold Prizms,false,,Jalen Smith,
base,300,Blue Prizms,false,,Jalen Smith,
base,300,Blue Shimmer Prizms,false,,Jalen Smith,
base,300,Blue Wave Prizms,false,,Jalen Smith,
base,300,Choice Blue Prizms,false,,Jalen Smith,
base,300,"Choice Blue, Yellow and Green Prizms",false,,Jalen Smith,
base,300,Choice Green Prizms,false,,Jalen Smith,
base,300,Choice Nebula Prizms,false,,Jalen Smith,
base,300,Choice Red Prizms,false,,Jalen Smith,
base,300,Choice Tiger Stripe Prizms,false,,Jalen Smith,
base,300,Fast Break Blue Prizms,false,,Jalen Smith,
base,300,Fast Break Bronze Prizms,false,,Jalen Smith,
base,300,Fast Break Neon Green Prizms,false,,Jalen Smith,
base,300,Fast Break Prizms,false,,Jalen Smith,
base,300,Fast Break Purple Prizms,false,,Jalen Smith,
base,300,Fast Break Red Prizms,false,,Jalen Smith,
base,300,Gold Prizms,false,,Jalen Smith,
base,300,Gold Shimmer Prizms,false,,Jalen Smith,
base,300,Gold Wave Prizms,false,,Jalen Smith,
base,300,Green Ice Prizms,false,,Jalen Smith,
base,300,Green Prizms,false,,Jalen Smith,
base,300,Green Pulsar Prizms,false,,Jalen Smith,
base,300,Green Shimmer Prizms,false,,Jalen Smith,
base,300,Hyper Prizms,false,,Jalen Smith,
base,300,Lucky Envelopes Prizms,false,,Jalen Smith,
base,300,Mojo Prizms,false,,Jalen Smith,
base,300,Orange Ice Prizms,false,,Jalen Smith,
base,300,Orange Prizms,false,,Jalen Smith,
base,300,Orange Wave Prizms,false,,Jalen Smith,
base,300,Pink Ice Prizms,false,,Jalen Smith,
base,300,Pink Pulsar Prizms,false,,Jalen Smith,
base,300,Purple Ice Prizms,false,,Jalen Smith,
base,300,Purple Prizms,false,,Jalen Smith,
base,300,Purple Pulsar Prizms,false,,Jalen Smith,
base,300,Purple Wave Prizms,false,,Jalen Smith,
base,300,Red Ice Prizms,false,,Jalen Smith,
base,300,Red Prizms,false,,Jalen Smith,
base,300,"Red, White and Blue Prizms",false,,Jalen Smith,
base,300,Ruby Wave Prizms,false,,Jalen Smith,
base,300,Silver Prizms,false,,Jalen Smith,
base,300,White Sparkle Prizm,false,,Jalen Smith,
base,300,Fast Break Pink Prizms,false,,Jalen Smith,
base,300,Black Prizms,false,,Jalen Smith,
base,300,Black Shimmer Prizms,false,,Jalen Smith,
base,300,Blue Ice Prizms,false,,Jalen Smith,
base,300,Black Gold Prizms,false,,Jalen Smith,
insert-penmanship,PE-SMR,Prizms Orange Ice,false,,Stephon Marbury,
insert-penmanship,PE-SMR,Prizms Silver,false,,Stephon Marbury,
insert-penmanship,PE-SMR,Prizms Green Ice,false,16,Stephon Marbury,
insert-dominance,5,Prizms Green,false,,Devin Booker,
insert-dominance,5,Prizms Silver,false,,Devin Booker,
insert-fireworks,22,Prizms Silver,false,,Devin Booker,
insert-fireworks,22,Fast Break,false,,Devin Booker,
insert-fireworks,22,Prizms Hyper,false,,Devin Booker,
insert-fireworks,22,Prizms Mojo,false,25,Devin Booker,
insert-fireworks,22,Prizms Gold,false,10,Devin Booker,
insert-fireworks,22,Prizms Black,false,1,Devin Booker,
insert-penmanship,PE-JVC,Prizms Orange Ice,false,,Jevon Carter,
insert-penmanship,PE-JVC,Prizms Silver,false,,Jevon Carter,
insert-penmanship,PE-JVC,Prizms Green Ice,false,16,Jevon Carter,
insert-emergent,9,Prizms Green,false,,Jalen Smith,
insert-emergent,9,Prizms Silver,false,,Jalen Smith,
insert-instant-impact,7,Prizms Green,false,,Jalen Smith,
insert-instant-impact,7,Prizms Silver,false,,Jalen Smith,
auto-sensational-signatures,SS-JSM,Prizms Silver,true,,Jalen Smith,
auto-sensational-signatures,SS-JSM,Prizms Choice,true,,Jalen Smith,
auto-sensational-signatures,SS-JSM,Prizms Mojo,true,25,Jalen Smith,
auto-sensational-signatures,SS-JSM,Prizms Gold,true,10,Jalen Smith,
auto-sensational-signatures,SS-JSM,Prizms Choice Green,true,8,Jalen Smith,
auto-sensational-signatures,SS-JSM,Prizms Black,true,1,Jalen Smith,
base,204,Blue Prizms,false,,Mikal Bridges,
base,204,Blue Shimmer Prizms,false,,Mikal Bridges,
base,204,Blue Wave Prizms,false,,Mikal Bridges,
base,204,Choice Blue Prizms,false,,Mikal Bridges,
base,204,"Choice Blue, Yellow and Green Prizms",false,,Mikal Bridges,
base,204,Choice Green Prizms,false,,Mikal Bridges,
base,204,Choice Nebula Prizms,false,,Mikal Bridges,
base,204,Choice Red Prizms,false,,Mikal Bridges,
base,204,Choice Tiger Stripe Prizms,false,,Mikal Bridges,
base,204,Fast Break Blue Prizms,false,,Mikal Bridges,
base,204,Fast Break Bronze Prizms,false,,Mikal Bridges,
base,204,Fast Break Neon Green Prizms,false,,Mikal Bridges,
base,204,Fast Break Prizms,false,,Mikal Bridges,
base,204,Fast Break Purple Prizms,false,,Mikal Bridges,
base,204,Fast Break Red Prizms,false,,Mikal Bridges,
base,204,Gold Prizms,false,,Mikal Bridges,
base,204,Gold Shimmer Prizms,false,,Mikal Bridges,
base,204,Gold Wave Prizms,false,,Mikal Bridges,
base,204,Green Ice Prizms,false,,Mikal Bridges,
base,204,Green Prizms,false,,Mikal Bridges,
base,204,Green Pulsar Prizms,false,,Mikal Bridges,
base,204,Green Shimmer Prizms,false,,Mikal Bridges,
base,204,Hyper Prizms,false,,Mikal Bridges,
base,204,Lucky Envelopes Prizms,false,,Mikal Bridges,
base,204,Mojo Prizms,false,,Mikal Bridges,
base,204,Orange Ice Prizms,false,,Mikal Bridges,
base,204,Orange Prizms,false,,Mikal Bridges,
base,204,Orange Wave Prizms,false,,Mikal Bridges,
base,204,Pink Ice Prizms,false,,Mikal Bridges,
base,204,Pink Pulsar Prizms,false,,Mikal Bridges,
base,204,Purple Ice Prizms,false,,Mikal Bridges,
base,204,Purple Prizms,false,,Mikal Bridges,
base,204,Purple Pulsar Prizms,false,,Mikal Bridges,
base,204,Purple Wave Prizms,false,,Mikal Bridges,
base,204,Red Ice Prizms,false,,Mikal Bridges,
base,204,Red Prizms,false,,Mikal Bridges,
base,204,"Red, White and Blue Prizms",false,,Mikal Bridges,
base,204,Ruby Wave Prizms,false,,Mikal Bridges,
base,204,Silver Prizms,false,,Mikal Bridges,
base,204,White Sparkle Prizm,false,,Mikal Bridges,
base,204,Fast Break Pink Prizms,false,,Mikal Bridges,
base,204,Black Prizms,false,,Mikal Bridges,
base,204,Black Shimmer Prizms,false,,Mikal Bridges,
base,204,Blue Ice Prizms,false,,Mikal Bridges,
base,204,Black Gold Prizms,false,,Mikal Bridges,
insert-sensational-swatches,SSW-DBK,Prizms Orange Ice,false,,Devin Booker,
insert-sensational-swatches,SSW-DBK,Prizms Green Ice,false,56,Devin Booker,
insert-sensational-swatches,SSW-DBK,Prime,false,10,Devin Booker,
base,59,Blue Prizms,false,,Frank Kaminsky,
base,59,Blue Shimmer Prizms,false,,Frank Kaminsky,
base,59,Blue Wave Prizms,false,,Frank Kaminsky,
base,59,Choice Blue Prizms,false,,Frank Kaminsky,
base,59,"Choice Blue, Yellow and Green Prizms",false,,Frank Kaminsky,
base,59,Choice Green Prizms,false,,Frank Kaminsky,
base,59,Choice Nebula Prizms,false,,Frank Kaminsky,
base,59,Choice Red Prizms,false,,Frank Kaminsky,
base,59,Choice Tiger Stripe Prizms,false,,Frank Kaminsky,
base,59,Fast Break Blue Prizms,false,,Frank Kaminsky,
base,59,Fast Break Bronze Prizms,false,,Frank Kaminsky,
base,59,Fast Break Neon Green Prizms,false,,Frank Kaminsky,
base,59,Fast Break Prizms,false,,Frank Kaminsky,
base,59,Fast Break Purple Prizms,false,,Frank Kaminsky,
base,59,Fast Break Red Prizms,false,,Frank Kaminsky,
base,59,Gold Prizms,false,,Frank Kaminsky,
base,59,Gold Shimmer Prizms,false,,Frank Kaminsky,
base,59,Gold Wave Prizms,false,,Frank Kaminsky,
base,59,Green Ice Prizms,false,,Frank Kaminsky,
base,59,Green Prizms,false,,Frank Kaminsky,
base,59,Green Pulsar Prizms,false,,Frank Kaminsky,
base,59,Green Shimmer Prizms,false,,Frank Kaminsky,
base,59,Hyper Prizms,false,,Frank Kaminsky,
base,59,Lucky Envelopes Prizms,false,,Frank Kaminsky,
base,59,Mojo Prizms,false,,Frank Kaminsky,
base,59,Orange Ice Prizms,false,,Frank Kaminsky,
base,59,Orange Prizms,false,,Frank Kaminsky,
base,59,Orange Wave Prizms,false,,Frank Kaminsky,
base,59,Pink Ice Prizms,false,,Frank Kaminsky,
base,59,Pink Pulsar Prizms,false,,Frank Kaminsky,
base,59,Purple Ice Prizms,false,,Frank Kaminsky,
base,59,Purple Prizms,false,,Frank Kaminsky,
base,59,Purple Pulsar Prizms,false,,Frank Kaminsky,
base,59,Purple Wave Prizms,false,,Frank Kaminsky,
base,59,Red Ice Prizms,false,,Frank Kaminsky,
base,59,Red Prizms,false,,Frank Kaminsky,
base,59,"Red, White and Blue Prizms",false,,Frank Kaminsky,
base,59,Ruby Wave Prizms,false,,Frank Kaminsky,
base,59,Silver Prizms,false,,Frank Kaminsky,
base,59,White Sparkle Prizm,false,,Frank Kaminsky,
base,59,Fast Break Pink Prizms,false,,Frank Kaminsky,
base,59,Black Prizms,false,,Frank Kaminsky,
base,59,Black Shimmer Prizms,false,,Frank Kaminsky,
base,59,Blue Ice Prizms,false,,Frank Kaminsky,
base,59,Black Gold Prizms,false,,Frank Kaminsky,
auto-sensational-signatures,SS-JVC,Prizms Silver,true,,Jevon Carter,
auto-sensational-signatures,SS-JVC,Prizms Choice,true,,Jevon Carter,
auto-sensational-signatures,SS-JVC,Prizms Mojo,true,25,Jevon Carter,
auto-sensational-signatures,SS-JVC,Prizms Gold,true,10,Jevon Carter,
auto-sensational-signatures,SS-JVC,Prizms Choice Green,true,8,Jevon Carter,
auto-sensational-signatures,SS-JVC,Prizms Black,true,1,Jevon Carter,
auto-rookie-signatures,RS-JSM,Prizms Silver,true,,Jalen Smith,
auto-rookie-signatures,RS-JSM,Prizms Choice,true,,Jalen Smith,
auto-rookie-signatures,RS-JSM,Prizms Mojo,true,25,Jalen Smith,
auto-rookie-signatures,RS-JSM,Prizms Gold,true,10,Jalen Smith,
auto-rookie-signatures,RS-JSM,Prizms Choice Green,true,8,Jalen Smith,
auto-rookie-signatures,RS-JSM,Prizms Black,true,1,Jalen Smith,
auto-rookie-signatures,RS-JSM,Prizms White Sparkle,true,1,Jalen Smith,
auto-fast-break-autographs,FBA-KOJ,Gold,true,10,Kelly Oubre Jr.,
auto-fast-break-autographs,FBA-KOJ,Black,true,1,Kelly Oubre Jr.,
insert-fearless,1,Fast Break,false,,Stephon Marbury,
insert-fearless,1,Prizms Hyper,false,,Stephon Marbury,
insert-fearless,1,Prizms Silver,false,,Stephon Marbury,
insert-fearless,1,Prizms Mojo,false,25,Stephon Marbury,
insert-fearless,1,Prizms Gold,false,10,Stephon Marbury,
insert-fearless,1,Prizms Black,false,1,Stephon Marbury,
insert-downtown-bound,7,Fast Break,false,,Devin Booker,
insert-downtown-bound,7,Prizms Hyper,false,,Devin Booker,
insert-downtown-bound,7,Prizms Silver,false,,Devin Booker,
insert-downtown-bound,7,Prizms Mojo,false,25,Devin Booker,
insert-downtown-bound,7,Prizms Gold,false,10,Devin Booker,
insert-downtown-bound,7,Prizms Black,false,1,Devin Booker,
auto-fast-break-rookie-autographs,FR-JSM,Gold,true,10,Jalen Smith,
auto-fast-break-rookie-autographs,FR-JSM,Black,true,1,Jalen Smith,
insert-rookie-penmanship,RP-JSM,Prizms Orange Ice,false,,Jalen Smith,
insert-rookie-penmanship,RP-JSM,Prizms Blue Wave,false,,Jalen Smith,
insert-rookie-penmanship,RP-JSM,Prizms Silver,false,,Jalen Smith,
insert-rookie-penmanship,RP-JSM,Prizms Gold Wave,false,,Jalen Smith,
insert-rookie-penmanship,RP-JSM,Prizms Green Ice,false,16,Jalen Smith,
insert-sensational-swatches,SSW-ZCL,Prizms Orange Ice,false,,Zach Collins,
insert-sensational-swatches,SSW-ZCL,Prizms Green Ice,false,56,Zach Collins,
insert-sensational-swatches,SSW-ZCL,Prime,false,10,Zach Collins,
base,283,Blue Prizms,false,,CJ Elleby,
base,283,Blue Shimmer Prizms,false,,CJ Elleby,
base,283,Blue Wave Prizms,false,,CJ Elleby,
base,283,Choice Blue Prizms,false,,CJ Elleby,
base,283,"Choice Blue, Yellow and Green Prizms",false,,CJ Elleby,
base,283,Choice Green Prizms,false,,CJ Elleby,
base,283,Choice Nebula Prizms,false,,CJ Elleby,
base,283,Choice Red Prizms,false,,CJ Elleby,
base,283,Choice Tiger Stripe Prizms,false,,CJ Elleby,
base,283,Fast Break Blue Prizms,false,,CJ Elleby,
base,283,Fast Break Bronze Prizms,false,,CJ Elleby,
base,283,Fast Break Neon Green Prizms,false,,CJ Elleby,
base,283,Fast Break Prizms,false,,CJ Elleby,
base,283,Fast Break Purple Prizms,false,,CJ Elleby,
base,283,Fast Break Red Prizms,false,,CJ Elleby,
base,283,Gold Prizms,false,,CJ Elleby,
base,283,Gold Shimmer Prizms,false,,CJ Elleby,
base,283,Gold Wave Prizms,false,,CJ Elleby,
base,283,Green Ice Prizms,false,,CJ Elleby,
base,283,Green Prizms,false,,CJ Elleby,
base,283,Green Pulsar Prizms,false,,CJ Elleby,
base,283,Green Shimmer Prizms,false,,CJ Elleby,
base,283,Hyper Prizms,false,,CJ Elleby,
base,283,Lucky Envelopes Prizms,false,,CJ Elleby,
base,283,Mojo Prizms,false,,CJ Elleby,
base,283,Orange Ice Prizms,false,,CJ Elleby,
base,283,Orange Prizms,false,,CJ Elleby,
base,283,Orange Wave Prizms,false,,CJ Elleby,
base,283,Pink Ice Prizms,false,,CJ Elleby,
base,283,Pink Pulsar Prizms,false,,CJ Elleby,
base,283,Purple Ice Prizms,false,,CJ Elleby,
base,283,Purple Prizms,false,,CJ Elleby,
base,283,Purple Pulsar Prizms,false,,CJ Elleby,
base,283,Purple Wave Prizms,false,,CJ Elleby,
base,283,Red Ice Prizms,false,,CJ Elleby,
base,283,Red Prizms,false,,CJ Elleby,
base,283,"Red, White and Blue Prizms",false,,CJ Elleby,
base,283,Ruby Wave Prizms,false,,CJ Elleby,
base,283,Silver Prizms,false,,CJ Elleby,
base,283,White Sparkle Prizm,false,,CJ Elleby,
base,283,Fast Break Pink Prizms,false,,CJ Elleby,
base,283,Black Prizms,false,,CJ Elleby,
base,283,Black Shimmer Prizms,false,,CJ Elleby,
base,283,Blue Ice Prizms,false,,CJ Elleby,
base,283,Black Gold Prizms,false,,CJ Elleby,
insert-sensational-swatches,SSW-JNU,Prizms Orange Ice,false,,Jusuf Nurkic,
insert-sensational-swatches,SSW-JNU,Prizms Green Ice,false,56,Jusuf Nurkic,
insert-sensational-swatches,SSW-JNU,Prime,false,10,Jusuf Nurkic,
base,158,Blue Prizms,false,,Hassan Whiteside,
base,158,Blue Shimmer Prizms,false,,Hassan Whiteside,
base,158,Blue Wave Prizms,false,,Hassan Whiteside,
base,158,Choice Blue Prizms,false,,Hassan Whiteside,
base,158,"Choice Blue, Yellow and Green Prizms",false,,Hassan Whiteside,
base,158,Choice Green Prizms,false,,Hassan Whiteside,
base,158,Choice Nebula Prizms,false,,Hassan Whiteside,
base,158,Choice Red Prizms,false,,Hassan Whiteside,
base,158,Choice Tiger Stripe Prizms,false,,Hassan Whiteside,
base,158,Fast Break Blue Prizms,false,,Hassan Whiteside,
base,158,Fast Break Bronze Prizms,false,,Hassan Whiteside,
base,158,Fast Break Neon Green Prizms,false,,Hassan Whiteside,
base,158,Fast Break Prizms,false,,Hassan Whiteside,
base,158,Fast Break Purple Prizms,false,,Hassan Whiteside,
base,158,Fast Break Red Prizms,false,,Hassan Whiteside,
base,158,Gold Prizms,false,,Hassan Whiteside,
base,158,Gold Shimmer Prizms,false,,Hassan Whiteside,
base,158,Gold Wave Prizms,false,,Hassan Whiteside,
base,158,Green Ice Prizms,false,,Hassan Whiteside,
base,158,Green Prizms,false,,Hassan Whiteside,
base,158,Green Pulsar Prizms,false,,Hassan Whiteside,
base,158,Green Shimmer Prizms,false,,Hassan Whiteside,
base,158,Hyper Prizms,false,,Hassan Whiteside,
base,158,Lucky Envelopes Prizms,false,,Hassan Whiteside,
base,158,Mojo Prizms,false,,Hassan Whiteside,
base,158,Orange Ice Prizms,false,,Hassan Whiteside,
base,158,Orange Prizms,false,,Hassan Whiteside,
base,158,Orange Wave Prizms,false,,Hassan Whiteside,
base,158,Pink Ice Prizms,false,,Hassan Whiteside,
base,158,Pink Pulsar Prizms,false,,Hassan Whiteside,
base,158,Purple Ice Prizms,false,,Hassan Whiteside,
base,158,Purple Prizms,false,,Hassan Whiteside,
base,158,Purple Pulsar Prizms,false,,Hassan Whiteside,
base,158,Purple Wave Prizms,false,,Hassan Whiteside,
base,158,Red Ice Prizms,false,,Hassan Whiteside,
base,158,Red Prizms,false,,Hassan Whiteside,
base,158,"Red, White and Blue Prizms",false,,Hassan Whiteside,
base,158,Ruby Wave Prizms,false,,Hassan Whiteside,
base,158,Silver Prizms,false,,Hassan Whiteside,
base,158,White Sparkle Prizm,false,,Hassan Whiteside,
base,158,Fast Break Pink Prizms,false,,Hassan Whiteside,
base,158,Black Prizms,false,,Hassan Whiteside,
base,158,Black Shimmer Prizms,false,,Hassan Whiteside,
base,158,Blue Ice Prizms,false,,Hassan Whiteside,
base,158,Black Gold Prizms,false,,Hassan Whiteside,
base,203,Blue Prizms,false,,Rodney Hood,
base,203,Blue Shimmer Prizms,false,,Rodney Hood,
base,203,Blue Wave Prizms,false,,Rodney Hood,
base,203,Choice Blue Prizms,false,,Rodney Hood,
base,203,"Choice Blue, Yellow and Green Prizms",false,,Rodney Hood,
base,203,Choice Green Prizms,false,,Rodney Hood,
base,203,Choice Nebula Prizms,false,,Rodney Hood,
base,203,Choice Red Prizms,false,,Rodney Hood,
base,203,Choice Tiger Stripe Prizms,false,,Rodney Hood,
base,203,Fast Break Blue Prizms,false,,Rodney Hood,
base,203,Fast Break Bronze Prizms,false,,Rodney Hood,
base,203,Fast Break Neon Green Prizms,false,,Rodney Hood,
base,203,Fast Break Prizms,false,,Rodney Hood,
base,203,Fast Break Purple Prizms,false,,Rodney Hood,
base,203,Fast Break Red Prizms,false,,Rodney Hood,
base,203,Gold Prizms,false,,Rodney Hood,
base,203,Gold Shimmer Prizms,false,,Rodney Hood,
base,203,Gold Wave Prizms,false,,Rodney Hood,
base,203,Green Ice Prizms,false,,Rodney Hood,
base,203,Green Prizms,false,,Rodney Hood,
base,203,Green Pulsar Prizms,false,,Rodney Hood,
base,203,Green Shimmer Prizms,false,,Rodney Hood,
base,203,Hyper Prizms,false,,Rodney Hood,
base,203,Lucky Envelopes Prizms,false,,Rodney Hood,
base,203,Mojo Prizms,false,,Rodney Hood,
base,203,Orange Ice Prizms,false,,Rodney Hood,
base,203,Orange Prizms,false,,Rodney Hood,
base,203,Orange Wave Prizms,false,,Rodney Hood,
base,203,Pink Ice Prizms,false,,Rodney Hood,
base,203,Pink Pulsar Prizms,false,,Rodney Hood,
base,203,Purple Ice Prizms,false,,Rodney Hood,
base,203,Purple Prizms,false,,Rodney Hood,
base,203,Purple Pulsar Prizms,false,,Rodney Hood,
base,203,Purple Wave Prizms,false,,Rodney Hood,
base,203,Red Ice Prizms,false,,Rodney Hood,
base,203,Red Prizms,false,,Rodney Hood,
base,203,"Red, White and Blue Prizms",false,,Rodney Hood,
base,203,Ruby Wave Prizms,false,,Rodney Hood,
base,203,Silver Prizms,false,,Rodney Hood,
base,203,White Sparkle Prizm,false,,Rodney Hood,
base,203,Fast Break Pink Prizms,false,,Rodney Hood,
base,203,Black Prizms,false,,Rodney Hood,
base,203,Black Shimmer Prizms,false,,Rodney Hood,
base,203,Blue Ice Prizms,false,,Rodney Hood,
base,203,Black Gold Prizms,false,,Rodney Hood,
base,91,Blue Prizms,false,,Jusuf Nurkic,
base,91,Blue Shimmer Prizms,false,,Jusuf Nurkic,
base,91,Blue Wave Prizms,false,,Jusuf Nurkic,
base,91,Choice Blue Prizms,false,,Jusuf Nurkic,
base,91,"Choice Blue, Yellow and Green Prizms",false,,Jusuf Nurkic,
base,91,Choice Green Prizms,false,,Jusuf Nurkic,
base,91,Choice Nebula Prizms,false,,Jusuf Nurkic,
base,91,Choice Red Prizms,false,,Jusuf Nurkic,
base,91,Choice Tiger Stripe Prizms,false,,Jusuf Nurkic,
base,91,Fast Break Blue Prizms,false,,Jusuf Nurkic,
base,91,Fast Break Bronze Prizms,false,,Jusuf Nurkic,
base,91,Fast Break Neon Green Prizms,false,,Jusuf Nurkic,
base,91,Fast Break Prizms,false,,Jusuf Nurkic,
base,91,Fast Break Purple Prizms,false,,Jusuf Nurkic,
base,91,Fast Break Red Prizms,false,,Jusuf Nurkic,
base,91,Gold Prizms,false,,Jusuf Nurkic,
base,91,Gold Shimmer Prizms,false,,Jusuf Nurkic,
base,91,Gold Wave Prizms,false,,Jusuf Nurkic,
base,91,Green Ice Prizms,false,,Jusuf Nurkic,
base,91,Green Prizms,false,,Jusuf Nurkic,
base,91,Green Pulsar Prizms,false,,Jusuf Nurkic,
base,91,Green Shimmer Prizms,false,,Jusuf Nurkic,
base,91,Hyper Prizms,false,,Jusuf Nurkic,
base,91,Lucky Envelopes Prizms,false,,Jusuf Nurkic,
base,91,Mojo Prizms,false,,Jusuf Nurkic,
base,91,Orange Ice Prizms,false,,Jusuf Nurkic,
base,91,Orange Prizms,false,,Jusuf Nurkic,
base,91,Orange Wave Prizms,false,,Jusuf Nurkic,
base,91,Pink Ice Prizms,false,,Jusuf Nurkic,
base,91,Pink Pulsar Prizms,false,,Jusuf Nurkic,
base,91,Purple Ice Prizms,false,,Jusuf Nurkic,
base,91,Purple Prizms,false,,Jusuf Nurkic,
base,91,Purple Pulsar Prizms,false,,Jusuf Nurkic,
base,91,Purple Wave Prizms,false,,Jusuf Nurkic,
base,91,Red Ice Prizms,false,,Jusuf Nurkic,
base,91,Red Prizms,false,,Jusuf Nurkic,
base,91,"Red, White and Blue Prizms",false,,Jusuf Nurkic,
base,91,Ruby Wave Prizms,false,,Jusuf Nurkic,
base,91,Silver Prizms,false,,Jusuf Nurkic,
base,91,White Sparkle Prizm,false,,Jusuf Nurkic,
base,91,Fast Break Pink Prizms,false,,Jusuf Nurkic,
base,91,Black Prizms,false,,Jusuf Nurkic,
base,91,Black Shimmer Prizms,false,,Jusuf Nurkic,
base,91,Blue Ice Prizms,false,,Jusuf Nurkic,
base,91,Black Gold Prizms,false,,Jusuf Nurkic,
auto-sensational-signatures,SS-ANF,Prizms Silver,true,,Anfernee Simons,
auto-sensational-signatures,SS-ANF,Prizms Choice,true,,Anfernee Simons,
auto-sensational-signatures,SS-ANF,Prizms Mojo,true,25,Anfernee Simons,
auto-sensational-signatures,SS-ANF,Prizms Gold,true,10,Anfernee Simons,
auto-sensational-signatures,SS-ANF,Prizms Choice Green,true,8,Anfernee Simons,
auto-sensational-signatures,SS-ANF,Prizms Black,true,1,Anfernee Simons,
base,173,Blue Prizms,false,,Damian Lillard,
base,173,Blue Shimmer Prizms,false,,Damian Lillard,
base,173,Blue Wave Prizms,false,,Damian Lillard,
base,173,Choice Blue Prizms,false,,Damian Lillard,
base,173,"Choice Blue, Yellow and Green Prizms",false,,Damian Lillard,
base,173,Choice Green Prizms,false,,Damian Lillard,
base,173,Choice Nebula Prizms,false,,Damian Lillard,
base,173,Choice Red Prizms,false,,Damian Lillard,
base,173,Choice Tiger Stripe Prizms,false,,Damian Lillard,
base,173,Fast Break Blue Prizms,false,,Damian Lillard,
base,173,Fast Break Bronze Prizms,false,,Damian Lillard,
base,173,Fast Break Neon Green Prizms,false,,Damian Lillard,
base,173,Fast Break Prizms,false,,Damian Lillard,
base,173,Fast Break Purple Prizms,false,,Damian Lillard,
base,173,Fast Break Red Prizms,false,,Damian Lillard,
base,173,Gold Prizms,false,,Damian Lillard,
base,173,Gold Shimmer Prizms,false,,Damian Lillard,
base,173,Gold Wave Prizms,false,,Damian Lillard,
base,173,Green Ice Prizms,false,,Damian Lillard,
base,173,Green Prizms,false,,Damian Lillard,
base,173,Green Pulsar Prizms,false,,Damian Lillard,
base,173,Green Shimmer Prizms,false,,Damian Lillard,
base,173,Hyper Prizms,false,,Damian Lillard,
base,173,Lucky Envelopes Prizms,false,,Damian Lillard,
base,173,Mojo Prizms,false,,Damian Lillard,
base,173,Orange Ice Prizms,false,,Damian Lillard,
base,173,Orange Prizms,false,,Damian Lillard,
base,173,Orange Wave Prizms,false,,Damian Lillard,
base,173,Pink Ice Prizms,false,,Damian Lillard,
base,173,Pink Pulsar Prizms,false,,Damian Lillard,
base,173,Purple Ice Prizms,false,,Damian Lillard,
base,173,Purple Prizms,false,,Damian Lillard,
base,173,Purple Pulsar Prizms,false,,Damian Lillard,
base,173,Purple Wave Prizms,false,,Damian Lillard,
base,173,Red Ice Prizms,false,,Damian Lillard,
base,173,Red Prizms,false,,Damian Lillard,
base,173,"Red, White and Blue Prizms",false,,Damian Lillard,
base,173,Ruby Wave Prizms,false,,Damian Lillard,
base,173,Silver Prizms,false,,Damian Lillard,
base,173,White Sparkle Prizm,false,,Damian Lillard,
base,173,Fast Break Pink Prizms,false,,Damian Lillard,
base,173,Black Prizms,false,,Damian Lillard,
base,173,Black Shimmer Prizms,false,,Damian Lillard,
base,173,Blue Ice Prizms,false,,Damian Lillard,
base,173,Black Gold Prizms,false,,Damian Lillard,
insert-downtown-bound,12,Fast Break,false,,Damian Lillard,
insert-downtown-bound,12,Prizms Hyper,false,,Damian Lillard,
insert-downtown-bound,12,Prizms Silver,false,,Damian Lillard,
insert-downtown-bound,12,Prizms Mojo,false,25,Damian Lillard,
insert-downtown-bound,12,Prizms Gold,false,10,Damian Lillard,
insert-downtown-bound,12,Prizms Black,false,1,Damian Lillard,
auto-signatures,SI-ZCO,Prizms Choice,true,,Zach Collins,
auto-signatures,SI-ZCO,Prizms Silver,true,,Zach Collins,
auto-signatures,SI-ZCO,Prizms Mojo,true,25,Zach Collins,
auto-signatures,SI-ZCO,Prizms Gold,true,10,Zach Collins,
auto-signatures,SI-ZCO,Prizms Choice Green,true,8,Zach Collins,
auto-signatures,SI-ZCO,Prizms Black,true,1,Zach Collins,
insert-rookie-penmanship,RP-CJE,Prizms Orange Ice,false,,CJ Elleby,
insert-rookie-penmanship,RP-CJE,Prizms Blue Wave,false,,CJ Elleby,
insert-rookie-penmanship,RP-CJE,Prizms Silver,false,,CJ Elleby,
insert-rookie-penmanship,RP-CJE,Prizms Gold Wave,false,,CJ Elleby,
insert-rookie-penmanship,RP-CJE,Prizms Green Ice,false,16,CJ Elleby,
auto-signatures,SI-JAY,Prizms Choice,true,,Jaylen Hoard,
auto-signatures,SI-JAY,Prizms Silver,true,,Jaylen Hoard,
auto-signatures,SI-JAY,Prizms Mojo,true,25,Jaylen Hoard,
auto-signatures,SI-JAY,Prizms Gold,true,10,Jaylen Hoard,
auto-signatures,SI-JAY,Prizms Choice Green,true,8,Jaylen Hoard,
auto-signatures,SI-JAY,Prizms Black,true,1,Jaylen Hoard,
base,154,Blue Prizms,false,,Carmelo Anthony,
base,154,Blue Shimmer Prizms,false,,Carmelo Anthony,
base,154,Blue Wave Prizms,false,,Carmelo Anthony,
base,154,Choice Blue Prizms,false,,Carmelo Anthony,
base,154,"Choice Blue, Yellow and Green Prizms",false,,Carmelo Anthony,
base,154,Choice Green Prizms,false,,Carmelo Anthony,
base,154,Choice Nebula Prizms,false,,Carmelo Anthony,
base,154,Choice Red Prizms,false,,Carmelo Anthony,
base,154,Choice Tiger Stripe Prizms,false,,Carmelo Anthony,
base,154,Fast Break Blue Prizms,false,,Carmelo Anthony,
base,154,Fast Break Bronze Prizms,false,,Carmelo Anthony,
base,154,Fast Break Neon Green Prizms,false,,Carmelo Anthony,
base,154,Fast Break Prizms,false,,Carmelo Anthony,
base,154,Fast Break Purple Prizms,false,,Carmelo Anthony,
base,154,Fast Break Red Prizms,false,,Carmelo Anthony,
base,154,Gold Prizms,false,,Carmelo Anthony,
base,154,Gold Shimmer Prizms,false,,Carmelo Anthony,
base,154,Gold Wave Prizms,false,,Carmelo Anthony,
base,154,Green Ice Prizms,false,,Carmelo Anthony,
base,154,Green Prizms,false,,Carmelo Anthony,
base,154,Green Pulsar Prizms,false,,Carmelo Anthony,
base,154,Green Shimmer Prizms,false,,Carmelo Anthony,
base,154,Hyper Prizms,false,,Carmelo Anthony,
base,154,Lucky Envelopes Prizms,false,,Carmelo Anthony,
base,154,Mojo Prizms,false,,Carmelo Anthony,
base,154,Orange Ice Prizms,false,,Carmelo Anthony,
base,154,Orange Prizms,false,,Carmelo Anthony,
base,154,Orange Wave Prizms,false,,Carmelo Anthony,
base,154,Pink Ice Prizms,false,,Carmelo Anthony,
base,154,Pink Pulsar Prizms,false,,Carmelo Anthony,
base,154,Purple Ice Prizms,false,,Carmelo Anthony,
base,154,Purple Prizms,false,,Carmelo Anthony,
base,154,Purple Pulsar Prizms,false,,Carmelo Anthony,
base,154,Purple Wave Prizms,false,,Carmelo Anthony,
base,154,Red Ice Prizms,false,,Carmelo Anthony,
base,154,Red Prizms,false,,Carmelo Anthony,
base,154,"Red, White and Blue Prizms",false,,Carmelo Anthony,
base,154,Ruby Wave Prizms,false,,Carmelo Anthony,
base,154,Silver Prizms,false,,Carmelo Anthony,
base,154,White Sparkle Prizm,false,,Carmelo Anthony,
base,154,Fast Break Pink Prizms,false,,Carmelo Anthony,
base,154,Black Prizms,false,,Carmelo Anthony,
base,154,Black Shimmer Prizms,false,,Carmelo Anthony,
base,154,Blue Ice Prizms,false,,Carmelo Anthony,
base,154,Black Gold Prizms,false,,Carmelo Anthony,
insert-prizm,11,Flashback Fast Break,false,,Damian Lillard,
insert-prizm,11,Flashback,false,,Damian Lillard,
insert-prizm,11,Flashback Prizms Hyper,false,,Damian Lillard,
insert-prizm,11,Flashback Prizms Silver,false,,Damian Lillard,
insert-prizm,11,Flashback Prizms Mojo,false,25,Damian Lillard,
insert-prizm,11,Flashback Prizms Gold,false,10,Damian Lillard,
insert-prizm,11,Flashback Prizms Black,false,1,Damian Lillard,
auto-signatures,SI-DLI,Prizms Choice,true,,Damian Lillard,
auto-signatures,SI-DLI,Prizms Silver,true,,Damian Lillard,
auto-signatures,SI-DLI,Prizms Mojo,true,25,Damian Lillard,
auto-signatures,SI-DLI,Prizms Gold,true,10,Damian Lillard,
auto-signatures,SI-DLI,Prizms Choice Green,true,8,Damian Lillard,
auto-signatures,SI-DLI,Prizms Black,true,1,Damian Lillard,
auto-sensational-signatures,SS-ZCO,Prizms Silver,true,,Zach Collins,
auto-sensational-signatures,SS-ZCO,Prizms Choice,true,,Zach Collins,
auto-sensational-signatures,SS-ZCO,Prizms Mojo,true,25,Zach Collins,
auto-sensational-signatures,SS-ZCO,Prizms Gold,true,10,Zach Collins,
auto-sensational-signatures,SS-ZCO,Prizms Choice Green,true,8,Zach Collins,
auto-sensational-signatures,SS-ZCO,Prizms Black,true,1,Zach Collins,
insert-penmanship,PE-SKA,Prizms Orange Ice,false,,Skal Labissiere,
insert-penmanship,PE-SKA,Prizms Silver,false,,Skal Labissiere,
insert-penmanship,PE-SKA,Prizms Green Ice,false,16,Skal Labissiere,
base,6,Blue Prizms,false,,Zach Collins,
base,6,Blue Shimmer Prizms,false,,Zach Collins,
base,6,Blue Wave Prizms,false,,Zach Collins,
base,6,Choice Blue Prizms,false,,Zach Collins,
base,6,"Choice Blue, Yellow and Green Prizms",false,,Zach Collins,
base,6,Choice Green Prizms,false,,Zach Collins,
base,6,Choice Nebula Prizms,false,,Zach Collins,
base,6,Choice Red Prizms,false,,Zach Collins,
base,6,Choice Tiger Stripe Prizms,false,,Zach Collins,
base,6,Fast Break Blue Prizms,false,,Zach Collins,
base,6,Fast Break Bronze Prizms,false,,Zach Collins,
base,6,Fast Break Neon Green Prizms,false,,Zach Collins,
base,6,Fast Break Prizms,false,,Zach Collins,
base,6,Fast Break Purple Prizms,false,,Zach Collins,
base,6,Fast Break Red Prizms,false,,Zach Collins,
base,6,Gold Prizms,false,,Zach Collins,
base,6,Gold Shimmer Prizms,false,,Zach Collins,
base,6,Gold Wave Prizms,false,,Zach Collins,
base,6,Green Ice Prizms,false,,Zach Collins,
base,6,Green Prizms,false,,Zach Collins,
base,6,Green Pulsar Prizms,false,,Zach Collins,
base,6,Green Shimmer Prizms,false,,Zach Collins,
base,6,Hyper Prizms,false,,Zach Collins,
base,6,Lucky Envelopes Prizms,false,,Zach Collins,
base,6,Mojo Prizms,false,,Zach Collins,
base,6,Orange Ice Prizms,false,,Zach Collins,
base,6,Orange Prizms,false,,Zach Collins,
base,6,Orange Wave Prizms,false,,Zach Collins,
base,6,Pink Ice Prizms,false,,Zach Collins,
base,6,Pink Pulsar Prizms,false,,Zach Collins,
base,6,Purple Ice Prizms,false,,Zach Collins,
base,6,Purple Prizms,false,,Zach Collins,
base,6,Purple Pulsar Prizms,false,,Zach Collins,
base,6,Purple Wave Prizms,false,,Zach Collins,
base,6,Red Ice Prizms,false,,Zach Collins,
base,6,Red Prizms,false,,Zach Collins,
base,6,"Red, White and Blue Prizms",false,,Zach Collins,
base,6,Ruby Wave Prizms,false,,Zach Collins,
base,6,Silver Prizms,false,,Zach Collins,
base,6,White Sparkle Prizm,false,,Zach Collins,
base,6,Fast Break Pink Prizms,false,,Zach Collins,
base,6,Black Prizms,false,,Zach Collins,
base,6,Black Shimmer Prizms,false,,Zach Collins,
base,6,Blue Ice Prizms,false,,Zach Collins,
base,6,Black Gold Prizms,false,,Zach Collins,
insert-fireworks,18,Prizms Silver,false,,Damian Lillard,
insert-fireworks,18,Fast Break,false,,Damian Lillard,
insert-fireworks,18,Prizms Hyper,false,,Damian Lillard,
insert-fireworks,18,Prizms Mojo,false,25,Damian Lillard,
insert-fireworks,18,Prizms Gold,false,10,Damian Lillard,
insert-fireworks,18,Prizms Black,false,1,Damian Lillard,
base,24,Blue Prizms,false,,Anfernee Simons,
base,24,Blue Shimmer Prizms,false,,Anfernee Simons,
base,24,Blue Wave Prizms,false,,Anfernee Simons,
base,24,Choice Blue Prizms,false,,Anfernee Simons,
base,24,"Choice Blue, Yellow and Green Prizms",false,,Anfernee Simons,
base,24,Choice Green Prizms,false,,Anfernee Simons,
base,24,Choice Nebula Prizms,false,,Anfernee Simons,
base,24,Choice Red Prizms,false,,Anfernee Simons,
base,24,Choice Tiger Stripe Prizms,false,,Anfernee Simons,
base,24,Fast Break Blue Prizms,false,,Anfernee Simons,
base,24,Fast Break Bronze Prizms,false,,Anfernee Simons,
base,24,Fast Break Neon Green Prizms,false,,Anfernee Simons,
base,24,Fast Break Prizms,false,,Anfernee Simons,
base,24,Fast Break Purple Prizms,false,,Anfernee Simons,
base,24,Fast Break Red Prizms,false,,Anfernee Simons,
base,24,Gold Prizms,false,,Anfernee Simons,
base,24,Gold Shimmer Prizms,false,,Anfernee Simons,
base,24,Gold Wave Prizms,false,,Anfernee Simons,
base,24,Green Ice Prizms,false,,Anfernee Simons,
base,24,Green Prizms,false,,Anfernee Simons,
base,24,Green Pulsar Prizms,false,,Anfernee Simons,
base,24,Green Shimmer Prizms,false,,Anfernee Simons,
base,24,Hyper Prizms,false,,Anfernee Simons,
base,24,Lucky Envelopes Prizms,false,,Anfernee Simons,
base,24,Mojo Prizms,false,,Anfernee Simons,
base,24,Orange Ice Prizms,false,,Anfernee Simons,
base,24,Orange Prizms,false,,Anfernee Simons,
base,24,Orange Wave Prizms,false,,Anfernee Simons,
base,24,Pink Ice Prizms,false,,Anfernee Simons,
base,24,Pink Pulsar Prizms,false,,Anfernee Simons,
base,24,Purple Ice Prizms,false,,Anfernee Simons,
base,24,Purple Prizms,false,,Anfernee Simons,
base,24,Purple Pulsar Prizms,false,,Anfernee Simons,
base,24,Purple Wave Prizms,false,,Anfernee Simons,
base,24,Red Ice Prizms,false,,Anfernee Simons,
base,24,Red Prizms,false,,Anfernee Simons,
base,24,"Red, White and Blue Prizms",false,,Anfernee Simons,
base,24,Ruby Wave Prizms,false,,Anfernee Simons,
base,24,Silver Prizms,false,,Anfernee Simons,
base,24,White Sparkle Prizm,false,,Anfernee Simons,
base,24,Fast Break Pink Prizms,false,,Anfernee Simons,
base,24,Black Prizms,false,,Anfernee Simons,
base,24,Black Shimmer Prizms,false,,Anfernee Simons,
base,24,Blue Ice Prizms,false,,Anfernee Simons,
base,24,Black Gold Prizms,false,,Anfernee Simons,
insert-sensational-swatches,SSW-CJM,Prizms Orange Ice,false,,CJ McCollum,
insert-sensational-swatches,SSW-CJM,Prizms Green Ice,false,56,CJ McCollum,
insert-sensational-swatches,SSW-CJM,Prime,false,10,CJ McCollum,
base,236,Blue Prizms,false,,CJ McCollum,
base,236,Blue Shimmer Prizms,false,,CJ McCollum,
base,236,Blue Wave Prizms,false,,CJ McCollum,
base,236,Choice Blue Prizms,false,,CJ McCollum,
base,236,"Choice Blue, Yellow and Green Prizms",false,,CJ McCollum,
base,236,Choice Green Prizms,false,,CJ McCollum,
base,236,Choice Nebula Prizms,false,,CJ McCollum,
base,236,Choice Red Prizms,false,,CJ McCollum,
base,236,Choice Tiger Stripe Prizms,false,,CJ McCollum,
base,236,Fast Break Blue Prizms,false,,CJ McCollum,
base,236,Fast Break Bronze Prizms,false,,CJ McCollum,
base,236,Fast Break Neon Green Prizms,false,,CJ McCollum,
base,236,Fast Break Prizms,false,,CJ McCollum,
base,236,Fast Break Purple Prizms,false,,CJ McCollum,
base,236,Fast Break Red Prizms,false,,CJ McCollum,
base,236,Gold Prizms,false,,CJ McCollum,
base,236,Gold Shimmer Prizms,false,,CJ McCollum,
base,236,Gold Wave Prizms,false,,CJ McCollum,
base,236,Green Ice Prizms,false,,CJ McCollum,
base,236,Green Prizms,false,,CJ McCollum,
base,236,Green Pulsar Prizms,false,,CJ McCollum,
base,236,Green Shimmer Prizms,false,,CJ McCollum,
base,236,Hyper Prizms,false,,CJ McCollum,
base,236,Lucky Envelopes Prizms,false,,CJ McCollum,
base,236,Mojo Prizms,false,,CJ McCollum,
base,236,Orange Ice Prizms,false,,CJ McCollum,
base,236,Orange Prizms,false,,CJ McCollum,
base,236,Orange Wave Prizms,false,,CJ McCollum,
base,236,Pink Ice Prizms,false,,CJ McCollum,
base,236,Pink Pulsar Prizms,false,,CJ McCollum,
base,236,Purple Ice Prizms,false,,CJ McCollum,
base,236,Purple Prizms,false,,CJ McCollum,
base,236,Purple Pulsar Prizms,false,,CJ McCollum,
base,236,Purple Wave Prizms,false,,CJ McCollum,
base,236,Red Ice Prizms,false,,CJ McCollum,
base,236,Red Prizms,false,,CJ McCollum,
base,236,"Red, White and Blue Prizms",false,,CJ McCollum,
base,236,Ruby Wave Prizms,false,,CJ McCollum,
base,236,Silver Prizms,false,,CJ McCollum,
base,236,White Sparkle Prizm,false,,CJ McCollum,
base,236,Fast Break Pink Prizms,false,,CJ McCollum,
base,236,Black Prizms,false,,CJ McCollum,
base,236,Black Shimmer Prizms,false,,CJ McCollum,
base,236,Blue Ice Prizms,false,,CJ McCollum,
base,236,Black Gold Prizms,false,,CJ McCollum,
insert-sensational-swatches,SSW-DLI,Prizms Orange Ice,false,,Damian Lillard,
insert-sensational-swatches,SSW-DLI,Prizms Green Ice,false,56,Damian Lillard,
insert-sensational-swatches,SSW-DLI,Prime,false,10,Damian Lillard,
auto-sensational-signatures,SS-CJE,Prizms Silver,true,,CJ Elleby,
auto-sensational-signatures,SS-CJE,Prizms Choice,true,,CJ Elleby,
auto-sensational-signatures,SS-CJE,Prizms Mojo,true,25,CJ Elleby,
auto-sensational-signatures,SS-CJE,Prizms Gold,true,10,CJ Elleby,
auto-sensational-signatures,SS-CJE,Prizms Choice Green,true,8,CJ Elleby,
auto-sensational-signatures,SS-CJE,Prizms Black,true,1,CJ Elleby,
insert-penmanship,PE-GEO,Prizms Orange Ice,false,,Geoff Petrie,
insert-penmanship,PE-GEO,Prizms Silver,false,,Geoff Petrie,
insert-penmanship,PE-GEO,Prizms Green Ice,false,16,Geoff Petrie,
auto-rookie-signatures,RS-CJE,Prizms Silver,true,,CJ Elleby,
auto-rookie-signatures,RS-CJE,Prizms Choice,true,,CJ Elleby,
auto-rookie-signatures,RS-CJE,Prizms Mojo,true,25,CJ Elleby,
auto-rookie-signatures,RS-CJE,Prizms Gold,true,10,CJ Elleby,
auto-rookie-signatures,RS-CJE,Prizms Choice Green,true,8,CJ Elleby,
auto-rookie-signatures,RS-CJE,Prizms Black,true,1,CJ Elleby,
auto-rookie-signatures,RS-CJE,Prizms White Sparkle,true,1,CJ Elleby,
insert-sensational-swatches,SSW-BHI,Prizms Orange Ice,false,,Buddy Hield,
insert-sensational-swatches,SSW-BHI,Prizms Green Ice,false,56,Buddy Hield,
insert-sensational-swatches,SSW-BHI,Prime,false,10,Buddy Hield,
auto-rookie-signatures,RS-RW2,Prizms Silver,true,,Robert Woodard II,
auto-rookie-signatures,RS-RW2,Prizms Choice,true,,Robert Woodard II,
auto-rookie-signatures,RS-RW2,Prizms Mojo,true,25,Robert Woodard II,
auto-rookie-signatures,RS-RW2,Prizms Gold,true,10,Robert Woodard II,
auto-rookie-signatures,RS-RW2,Prizms Choice Green,true,8,Robert Woodard II,
auto-rookie-signatures,RS-RW2,Prizms Black,true,1,Robert Woodard II,
auto-rookie-signatures,RS-RW2,Prizms White Sparkle,true,1,Robert Woodard II,
auto-rookie-signatures,RS-JRS,Prizms Silver,true,,Jahmi'us Ramsey,
auto-rookie-signatures,RS-JRS,Prizms Choice,true,,Jahmi'us Ramsey,
auto-rookie-signatures,RS-JRS,Prizms Mojo,true,25,Jahmi'us Ramsey,
auto-rookie-signatures,RS-JRS,Prizms Gold,true,10,Jahmi'us Ramsey,
auto-rookie-signatures,RS-JRS,Prizms Choice Green,true,8,Jahmi'us Ramsey,
auto-rookie-signatures,RS-JRS,Prizms Black,true,1,Jahmi'us Ramsey,
auto-rookie-signatures,RS-JRS,Prizms White Sparkle,true,1,Jahmi'us Ramsey,
insert-fearless,8,Fast Break,false,,Jason Williams,
insert-fearless,8,Prizms Hyper,false,,Jason Williams,
insert-fearless,8,Prizms Silver,false,,Jason Williams,
insert-fearless,8,Prizms Mojo,false,25,Jason Williams,
insert-fearless,8,Prizms Gold,false,10,Jason Williams,
insert-fearless,8,Prizms Black,false,1,Jason Williams,
base,36,Blue Prizms,false,,Buddy Hield,
base,36,Blue Shimmer Prizms,false,,Buddy Hield,
base,36,Blue Wave Prizms,false,,Buddy Hield,
base,36,Choice Blue Prizms,false,,Buddy Hield,
base,36,"Choice Blue, Yellow and Green Prizms",false,,Buddy Hield,
base,36,Choice Green Prizms,false,,Buddy Hield,
base,36,Choice Nebula Prizms,false,,Buddy Hield,
base,36,Choice Red Prizms,false,,Buddy Hield,
base,36,Choice Tiger Stripe Prizms,false,,Buddy Hield,
base,36,Fast Break Blue Prizms,false,,Buddy Hield,
base,36,Fast Break Bronze Prizms,false,,Buddy Hield,
base,36,Fast Break Neon Green Prizms,false,,Buddy Hield,
base,36,Fast Break Prizms,false,,Buddy Hield,
base,36,Fast Break Purple Prizms,false,,Buddy Hield,
base,36,Fast Break Red Prizms,false,,Buddy Hield,
base,36,Gold Prizms,false,,Buddy Hield,
base,36,Gold Shimmer Prizms,false,,Buddy Hield,
base,36,Gold Wave Prizms,false,,Buddy Hield,
base,36,Green Ice Prizms,false,,Buddy Hield,
base,36,Green Prizms,false,,Buddy Hield,
base,36,Green Pulsar Prizms,false,,Buddy Hield,
base,36,Green Shimmer Prizms,false,,Buddy Hield,
base,36,Hyper Prizms,false,,Buddy Hield,
base,36,Lucky Envelopes Prizms,false,,Buddy Hield,
base,36,Mojo Prizms,false,,Buddy Hield,
base,36,Orange Ice Prizms,false,,Buddy Hield,
base,36,Orange Prizms,false,,Buddy Hield,
base,36,Orange Wave Prizms,false,,Buddy Hield,
base,36,Pink Ice Prizms,false,,Buddy Hield,
base,36,Pink Pulsar Prizms,false,,Buddy Hield,
base,36,Purple Ice Prizms,false,,Buddy Hield,
base,36,Purple Prizms,false,,Buddy Hield,
base,36,Purple Pulsar Prizms,false,,Buddy Hield,
base,36,Purple Wave Prizms,false,,Buddy Hield,
base,36,Red Ice Prizms,false,,Buddy Hield,
base,36,Red Prizms,false,,Buddy Hield,
base,36,"Red, White and Blue Prizms",false,,Buddy Hield,
base,36,Ruby Wave Prizms,false,,Buddy Hield,
base,36,Silver Prizms,false,,Buddy Hield,
base,36,White Sparkle Prizm,false,,Buddy Hield,
base,36,Fast Break Pink Prizms,false,,Buddy Hield,
base,36,Black Prizms,false,,Buddy Hield,
base,36,Black Shimmer Prizms,false,,Buddy Hield,
base,36,Blue Ice Prizms,false,,Buddy Hield,
base,36,Black Gold Prizms,false,,Buddy Hield,
insert-rookie-penmanship,RP-JRS,Prizms Orange Ice,false,,Jahmi'us Ramsey,
insert-rookie-penmanship,RP-JRS,Prizms Blue Wave,false,,Jahmi'us Ramsey,
insert-rookie-penmanship,RP-JRS,Prizms Silver,false,,Jahmi'us Ramsey,
insert-rookie-penmanship,RP-JRS,Prizms Gold Wave,false,,Jahmi'us Ramsey,
insert-rookie-penmanship,RP-JRS,Prizms Green Ice,false,16,Jahmi'us Ramsey,
base,190,Blue Prizms,false,,Nemanja Bjelica,
base,190,Blue Shimmer Prizms,false,,Nemanja Bjelica,
base,190,Blue Wave Prizms,false,,Nemanja Bjelica,
base,190,Choice Blue Prizms,false,,Nemanja Bjelica,
base,190,"Choice Blue, Yellow and Green Prizms",false,,Nemanja Bjelica,
base,190,Choice Green Prizms,false,,Nemanja Bjelica,
base,190,Choice Nebula Prizms,false,,Nemanja Bjelica,
base,190,Choice Red Prizms,false,,Nemanja Bjelica,
base,190,Choice Tiger Stripe Prizms,false,,Nemanja Bjelica,
base,190,Fast Break Blue Prizms,false,,Nemanja Bjelica,
base,190,Fast Break Bronze Prizms,false,,Nemanja Bjelica,
base,190,Fast Break Neon Green Prizms,false,,Nemanja Bjelica,
base,190,Fast Break Prizms,false,,Nemanja Bjelica,
base,190,Fast Break Purple Prizms,false,,Nemanja Bjelica,
base,190,Fast Break Red Prizms,false,,Nemanja Bjelica,
base,190,Gold Prizms,false,,Nemanja Bjelica,
base,190,Gold Shimmer Prizms,false,,Nemanja Bjelica,
base,190,Gold Wave Prizms,false,,Nemanja Bjelica,
base,190,Green Ice Prizms,false,,Nemanja Bjelica,
base,190,Green Prizms,false,,Nemanja Bjelica,
base,190,Green Pulsar Prizms,false,,Nemanja Bjelica,
base,190,Green Shimmer Prizms,false,,Nemanja Bjelica,
base,190,Hyper Prizms,false,,Nemanja Bjelica,
base,190,Lucky Envelopes Prizms,false,,Nemanja Bjelica,
base,190,Mojo Prizms,false,,Nemanja Bjelica,
base,190,Orange Ice Prizms,false,,Nemanja Bjelica,
base,190,Orange Prizms,false,,Nemanja Bjelica,
base,190,Orange Wave Prizms,false,,Nemanja Bjelica,
base,190,Pink Ice Prizms,false,,Nemanja Bjelica,
base,190,Pink Pulsar Prizms,false,,Nemanja Bjelica,
base,190,Purple Ice Prizms,false,,Nemanja Bjelica,
base,190,Purple Prizms,false,,Nemanja Bjelica,
base,190,Purple Pulsar Prizms,false,,Nemanja Bjelica,
base,190,Purple Wave Prizms,false,,Nemanja Bjelica,
base,190,Red Ice Prizms,false,,Nemanja Bjelica,
base,190,Red Prizms,false,,Nemanja Bjelica,
base,190,"Red, White and Blue Prizms",false,,Nemanja Bjelica,
base,190,Ruby Wave Prizms,false,,Nemanja Bjelica,
base,190,Silver Prizms,false,,Nemanja Bjelica,
base,190,White Sparkle Prizm,false,,Nemanja Bjelica,
base,190,Fast Break Pink Prizms,false,,Nemanja Bjelica,
base,190,Black Prizms,false,,Nemanja Bjelica,
base,190,Black Shimmer Prizms,false,,Nemanja Bjelica,
base,190,Blue Ice Prizms,false,,Nemanja Bjelica,
base,190,Black Gold Prizms,false,,Nemanja Bjelica,
base,172,Blue Prizms,false,,Marvin Bagley III,
base,172,Blue Shimmer Prizms,false,,Marvin Bagley III,
base,172,Blue Wave Prizms,false,,Marvin Bagley III,
base,172,Choice Blue Prizms,false,,Marvin Bagley III,
base,172,"Choice Blue, Yellow and Green Prizms",false,,Marvin Bagley III,
base,172,Choice Green Prizms,false,,Marvin Bagley III,
base,172,Choice Nebula Prizms,false,,Marvin Bagley III,
base,172,Choice Red Prizms,false,,Marvin Bagley III,
base,172,Choice Tiger Stripe Prizms,false,,Marvin Bagley III,
base,172,Fast Break Blue Prizms,false,,Marvin Bagley III,
base,172,Fast Break Bronze Prizms,false,,Marvin Bagley III,
base,172,Fast Break Neon Green Prizms,false,,Marvin Bagley III,
base,172,Fast Break Prizms,false,,Marvin Bagley III,
base,172,Fast Break Purple Prizms,false,,Marvin Bagley III,
base,172,Fast Break Red Prizms,false,,Marvin Bagley III,
base,172,Gold Prizms,false,,Marvin Bagley III,
base,172,Gold Shimmer Prizms,false,,Marvin Bagley III,
base,172,Gold Wave Prizms,false,,Marvin Bagley III,
base,172,Green Ice Prizms,false,,Marvin Bagley III,
base,172,Green Prizms,false,,Marvin Bagley III,
base,172,Green Pulsar Prizms,false,,Marvin Bagley III,
base,172,Green Shimmer Prizms,false,,Marvin Bagley III,
base,172,Hyper Prizms,false,,Marvin Bagley III,
base,172,Lucky Envelopes Prizms,false,,Marvin Bagley III,
base,172,Mojo Prizms,false,,Marvin Bagley III,
base,172,Orange Ice Prizms,false,,Marvin Bagley III,
base,172,Orange Prizms,false,,Marvin Bagley III,
base,172,Orange Wave Prizms,false,,Marvin Bagley III,
base,172,Pink Ice Prizms,false,,Marvin Bagley III,
base,172,Pink Pulsar Prizms,false,,Marvin Bagley III,
base,172,Purple Ice Prizms,false,,Marvin Bagley III,
base,172,Purple Prizms,false,,Marvin Bagley III,
base,172,Purple Pulsar Prizms,false,,Marvin Bagley III,
base,172,Purple Wave Prizms,false,,Marvin Bagley III,
base,172,Red Ice Prizms,false,,Marvin Bagley III,
base,172,Red Prizms,false,,Marvin Bagley III,
base,172,"Red, White and Blue Prizms",false,,Marvin Bagley III,
base,172,Ruby Wave Prizms,false,,Marvin Bagley III,
base,172,Silver Prizms,false,,Marvin Bagley III,
base,172,White Sparkle Prizm,false,,Marvin Bagley III,
base,172,Fast Break Pink Prizms,false,,Marvin Bagley III,
base,172,Black Prizms,false,,Marvin Bagley III,
base,172,Black Shimmer Prizms,false,,Marvin Bagley III,
base,172,Blue Ice Prizms,false,,Marvin Bagley III,
base,172,Black Gold Prizms,false,,Marvin Bagley III,
auto-fast-break-rookie-autographs,FR-RW2,Gold,true,10,Robert Woodard II,
auto-fast-break-rookie-autographs,FR-RW2,Black,true,1,Robert Woodard II,
auto-sensational-signatures,SS-JWL,Prizms Silver,true,,Jason Williams,
auto-sensational-signatures,SS-JWL,Prizms Choice,true,,Jason Williams,
auto-sensational-signatures,SS-JWL,Prizms Mojo,true,25,Jason Williams,
auto-sensational-signatures,SS-JWL,Prizms Gold,true,10,Jason Williams,
auto-sensational-signatures,SS-JWL,Prizms Choice Green,true,8,Jason Williams,
auto-sensational-signatures,SS-JWL,Prizms Black,true,1,Jason Williams,
base,263,Blue Prizms,false,,Jahmi'us Ramsey,
base,263,Blue Shimmer Prizms,false,,Jahmi'us Ramsey,
base,263,Blue Wave Prizms,false,,Jahmi'us Ramsey,
base,263,Choice Blue Prizms,false,,Jahmi'us Ramsey,
base,263,"Choice Blue, Yellow and Green Prizms",false,,Jahmi'us Ramsey,
base,263,Choice Green Prizms,false,,Jahmi'us Ramsey,
base,263,Choice Nebula Prizms,false,,Jahmi'us Ramsey,
base,263,Choice Red Prizms,false,,Jahmi'us Ramsey,
base,263,Choice Tiger Stripe Prizms,false,,Jahmi'us Ramsey,
base,263,Fast Break Blue Prizms,false,,Jahmi'us Ramsey,
base,263,Fast Break Bronze Prizms,false,,Jahmi'us Ramsey,
base,263,Fast Break Neon Green Prizms,false,,Jahmi'us Ramsey,
base,263,Fast Break Prizms,false,,Jahmi'us Ramsey,
base,263,Fast Break Purple Prizms,false,,Jahmi'us Ramsey,
base,263,Fast Break Red Prizms,false,,Jahmi'us Ramsey,
base,263,Gold Prizms,false,,Jahmi'us Ramsey,
base,263,Gold Shimmer Prizms,false,,Jahmi'us Ramsey,
base,263,Gold Wave Prizms,false,,Jahmi'us Ramsey,
base,263,Green Ice Prizms,false,,Jahmi'us Ramsey,
base,263,Green Prizms,false,,Jahmi'us Ramsey,
base,263,Green Pulsar Prizms,false,,Jahmi'us Ramsey,
base,263,Green Shimmer Prizms,false,,Jahmi'us Ramsey,
base,263,Hyper Prizms,false,,Jahmi'us Ramsey,
base,263,Lucky Envelopes Prizms,false,,Jahmi'us Ramsey,
base,263,Mojo Prizms,false,,Jahmi'us Ramsey,
base,263,Orange Ice Prizms,false,,Jahmi'us Ramsey,
base,263,Orange Prizms,false,,Jahmi'us Ramsey,
base,263,Orange Wave Prizms,false,,Jahmi'us Ramsey,
base,263,Pink Ice Prizms,false,,Jahmi'us Ramsey,
base,263,Pink Pulsar Prizms,false,,Jahmi'us Ramsey,
base,263,Purple Ice Prizms,false,,Jahmi'us Ramsey,
base,263,Purple Prizms,false,,Jahmi'us Ramsey,
base,263,Purple Pulsar Prizms,false,,Jahmi'us Ramsey,
base,263,Purple Wave Prizms,false,,Jahmi'us Ramsey,
base,263,Red Ice Prizms,false,,Jahmi'us Ramsey,
base,263,Red Prizms,false,,Jahmi'us Ramsey,
base,263,"Red, White and Blue Prizms",false,,Jahmi'us Ramsey,
base,263,Ruby Wave Prizms,false,,Jahmi'us Ramsey,
base,263,Silver Prizms,false,,Jahmi'us Ramsey,
base,263,White Sparkle Prizm,false,,Jahmi'us Ramsey,
base,263,Fast Break Pink Prizms,false,,Jahmi'us Ramsey,
base,263,Black Prizms,false,,Jahmi'us Ramsey,
base,263,Black Shimmer Prizms,false,,Jahmi'us Ramsey,
base,263,Blue Ice Prizms,false,,Jahmi'us Ramsey,
base,263,Black Gold Prizms,false,,Jahmi'us Ramsey,
base,281,Blue Prizms,false,,Robert Woodard II,
base,281,Blue Shimmer Prizms,false,,Robert Woodard II,
base,281,Blue Wave Prizms,false,,Robert Woodard II,
base,281,Choice Blue Prizms,false,,Robert Woodard II,
base,281,"Choice Blue, Yellow and Green Prizms",false,,Robert Woodard II,
base,281,Choice Green Prizms,false,,Robert Woodard II,
base,281,Choice Nebula Prizms,false,,Robert Woodard II,
base,281,Choice Red Prizms,false,,Robert Woodard II,
base,281,Choice Tiger Stripe Prizms,false,,Robert Woodard II,
base,281,Fast Break Blue Prizms,false,,Robert Woodard II,
base,281,Fast Break Bronze Prizms,false,,Robert Woodard II,
base,281,Fast Break Neon Green Prizms,false,,Robert Woodard II,
base,281,Fast Break Prizms,false,,Robert Woodard II,
base,281,Fast Break Purple Prizms,false,,Robert Woodard II,
base,281,Fast Break Red Prizms,false,,Robert Woodard II,
base,281,Gold Prizms,false,,Robert Woodard II,
base,281,Gold Shimmer Prizms,false,,Robert Woodard II,
base,281,Gold Wave Prizms,false,,Robert Woodard II,
base,281,Green Ice Prizms,false,,Robert Woodard II,
base,281,Green Prizms,false,,Robert Woodard II,
base,281,Green Pulsar Prizms,false,,Robert Woodard II,
base,281,Green Shimmer Prizms,false,,Robert Woodard II,
base,281,Hyper Prizms,false,,Robert Woodard II,
base,281,Lucky Envelopes Prizms,false,,Robert Woodard II,
base,281,Mojo Prizms,false,,Robert Woodard II,
base,281,Orange Ice Prizms,false,,Robert Woodard II,
base,281,Orange Prizms,false,,Robert Woodard II,
base,281,Orange Wave Prizms,false,,Robert Woodard II,
base,281,Pink Ice Prizms,false,,Robert Woodard II,
base,281,Pink Pulsar Prizms,false,,Robert Woodard II,
base,281,Purple Ice Prizms,false,,Robert Woodard II,
base,281,Purple Prizms,false,,Robert Woodard II,
base,281,Purple Pulsar Prizms,false,,Robert Woodard II,
base,281,Purple Wave Prizms,false,,Robert Woodard II,
base,281,Red Ice Prizms,false,,Robert Woodard II,
base,281,Red Prizms,false,,Robert Woodard II,
base,281,"Red, White and Blue Prizms",false,,Robert Woodard II,
base,281,Ruby Wave Prizms,false,,Robert Woodard II,
base,281,Silver Prizms,false,,Robert Woodard II,
base,281,White Sparkle Prizm,false,,Robert Woodard II,
base,281,Fast Break Pink Prizms,false,,Robert Woodard II,
base,281,Black Prizms,false,,Robert Woodard II,
base,281,Black Shimmer Prizms,false,,Robert Woodard II,
base,281,Blue Ice Prizms,false,,Robert Woodard II,
base,281,Black Gold Prizms,false,,Robert Woodard II,
auto-fast-break-autographs,FBA-VDV,Gold,true,10,Vlade Divac,
auto-fast-break-autographs,FBA-VDV,Black,true,1,Vlade Divac,
auto-sensational-signatures,SS-JRS,Prizms Silver,true,,Jahmi'us Ramsey,
auto-sensational-signatures,SS-JRS,Prizms Choice,true,,Jahmi'us Ramsey,
auto-sensational-signatures,SS-JRS,Prizms Mojo,true,25,Jahmi'us Ramsey,
auto-sensational-signatures,SS-JRS,Prizms Gold,true,10,Jahmi'us Ramsey,
auto-sensational-signatures,SS-JRS,Prizms Choice Green,true,8,Jahmi'us Ramsey,
auto-sensational-signatures,SS-JRS,Prizms Black,true,1,Jahmi'us Ramsey,
base,27,Blue Prizms,false,,Bogdan Bogdanovic,
base,27,Blue Shimmer Prizms,false,,Bogdan Bogdanovic,
base,27,Blue Wave Prizms,false,,Bogdan Bogdanovic,
base,27,Choice Blue Prizms,false,,Bogdan Bogdanovic,
base,27,"Choice Blue, Yellow and Green Prizms",false,,Bogdan Bogdanovic,
base,27,Choice Green Prizms,false,,Bogdan Bogdanovic,
base,27,Choice Nebula Prizms,false,,Bogdan Bogdanovic,
base,27,Choice Red Prizms,false,,Bogdan Bogdanovic,
base,27,Choice Tiger Stripe Prizms,false,,Bogdan Bogdanovic,
base,27,Fast Break Blue Prizms,false,,Bogdan Bogdanovic,
base,27,Fast Break Bronze Prizms,false,,Bogdan Bogdanovic,
base,27,Fast Break Neon Green Prizms,false,,Bogdan Bogdanovic,
base,27,Fast Break Prizms,false,,Bogdan Bogdanovic,
base,27,Fast Break Purple Prizms,false,,Bogdan Bogdanovic,
base,27,Fast Break Red Prizms,false,,Bogdan Bogdanovic,
base,27,Gold Prizms,false,,Bogdan Bogdanovic,
base,27,Gold Shimmer Prizms,false,,Bogdan Bogdanovic,
base,27,Gold Wave Prizms,false,,Bogdan Bogdanovic,
base,27,Green Ice Prizms,false,,Bogdan Bogdanovic,
base,27,Green Prizms,false,,Bogdan Bogdanovic,
base,27,Green Pulsar Prizms,false,,Bogdan Bogdanovic,
base,27,Green Shimmer Prizms,false,,Bogdan Bogdanovic,
base,27,Hyper Prizms,false,,Bogdan Bogdanovic,
base,27,Lucky Envelopes Prizms,false,,Bogdan Bogdanovic,
base,27,Mojo Prizms,false,,Bogdan Bogdanovic,
base,27,Orange Ice Prizms,false,,Bogdan Bogdanovic,
base,27,Orange Prizms,false,,Bogdan Bogdanovic,
base,27,Orange Wave Prizms,false,,Bogdan Bogdanovic,
base,27,Pink Ice Prizms,false,,Bogdan Bogdanovic,
base,27,Pink Pulsar Prizms,false,,Bogdan Bogdanovic,
base,27,Purple Ice Prizms,false,,Bogdan Bogdanovic,
base,27,Purple Prizms,false,,Bogdan Bogdanovic,
base,27,Purple Pulsar Prizms,false,,Bogdan Bogdanovic,
base,27,Purple Wave Prizms,false,,Bogdan Bogdanovic,
base,27,Red Ice Prizms,false,,Bogdan Bogdanovic,
base,27,Red Prizms,false,,Bogdan Bogdanovic,
base,27,"Red, White and Blue Prizms",false,,Bogdan Bogdanovic,
base,27,Ruby Wave Prizms,false,,Bogdan Bogdanovic,
base,27,Silver Prizms,false,,Bogdan Bogdanovic,
base,27,White Sparkle Prizm,false,,Bogdan Bogdanovic,
base,27,Fast Break Pink Prizms,false,,Bogdan Bogdanovic,
base,27,Black Prizms,false,,Bogdan Bogdanovic,
base,27,Black Shimmer Prizms,false,,Bogdan Bogdanovic,
base,27,Blue Ice Prizms,false,,Bogdan Bogdanovic,
base,27,Black Gold Prizms,false,,Bogdan Bogdanovic,
base,262b,Blue Prizms,false,,Tyrese Haliburton,
base,262b,Blue Shimmer Prizms,false,,Tyrese Haliburton,
base,262b,Blue Wave Prizms,false,,Tyrese Haliburton,
base,262b,Choice Blue Prizms,false,,Tyrese Haliburton,
base,262b,"Choice Blue, Yellow and Green Prizms",false,,Tyrese Haliburton,
base,262b,Choice Green Prizms,false,,Tyrese Haliburton,
base,262b,Choice Nebula Prizms,false,,Tyrese Haliburton,
base,262b,Choice Red Prizms,false,,Tyrese Haliburton,
base,262b,Choice Tiger Stripe Prizms,false,,Tyrese Haliburton,
base,262b,Fast Break Blue Prizms,false,,Tyrese Haliburton,
base,262b,Fast Break Bronze Prizms,false,,Tyrese Haliburton,
base,262b,Fast Break Neon Green Prizms,false,,Tyrese Haliburton,
base,262b,Fast Break Prizms,false,,Tyrese Haliburton,
base,262b,Fast Break Purple Prizms,false,,Tyrese Haliburton,
base,262b,Fast Break Red Prizms,false,,Tyrese Haliburton,
base,262b,Gold Prizms,false,,Tyrese Haliburton,
base,262b,Gold Shimmer Prizms,false,,Tyrese Haliburton,
base,262b,Gold Wave Prizms,false,,Tyrese Haliburton,
base,262b,Green Ice Prizms,false,,Tyrese Haliburton,
base,262b,Green Prizms,false,,Tyrese Haliburton,
base,262b,Green Pulsar Prizms,false,,Tyrese Haliburton,
base,262b,Green Shimmer Prizms,false,,Tyrese Haliburton,
base,262b,Hyper Prizms,false,,Tyrese Haliburton,
base,262b,Lucky Envelopes Prizms,false,,Tyrese Haliburton,
base,262b,Mojo Prizms,false,,Tyrese Haliburton,
base,262b,Orange Ice Prizms,false,,Tyrese Haliburton,
base,262b,Orange Prizms,false,,Tyrese Haliburton,
base,262b,Orange Wave Prizms,false,,Tyrese Haliburton,
base,262b,Pink Ice Prizms,false,,Tyrese Haliburton,
base,262b,Pink Pulsar Prizms,false,,Tyrese Haliburton,
base,262b,Purple Ice Prizms,false,,Tyrese Haliburton,
base,262b,Purple Prizms,false,,Tyrese Haliburton,
base,262b,Purple Pulsar Prizms,false,,Tyrese Haliburton,
base,262b,Purple Wave Prizms,false,,Tyrese Haliburton,
base,262b,Red Ice Prizms,false,,Tyrese Haliburton,
base,262b,Red Prizms,false,,Tyrese Haliburton,
base,262b,"Red, White and Blue Prizms",false,,Tyrese Haliburton,
base,262b,Ruby Wave Prizms,false,,Tyrese Haliburton,
base,262b,Silver Prizms,false,,Tyrese Haliburton,
base,262b,White Sparkle Prizm,false,,Tyrese Haliburton,
base,262b,Fast Break Pink Prizms,false,,Tyrese Haliburton,
base,262b,Black Prizms,false,,Tyrese Haliburton,
base,262b,Black Shimmer Prizms,false,,Tyrese Haliburton,
base,262b,Blue Ice Prizms,false,,Tyrese Haliburton,
base,262b,Black Gold Prizms,false,,Tyrese Haliburton,
base,94,Blue Prizms,false,,Harrison Barnes,
base,94,Blue Shimmer Prizms,false,,Harrison Barnes,
base,94,Blue Wave Prizms,false,,Harrison Barnes,
base,94,Choice Blue Prizms,false,,Harrison Barnes,
base,94,"Choice Blue, Yellow and Green Prizms",false,,Harrison Barnes,
base,94,Choice Green Prizms,false,,Harrison Barnes,
base,94,Choice Nebula Prizms,false,,Harrison Barnes,
base,94,Choice Red Prizms,false,,Harrison Barnes,
base,94,Choice Tiger Stripe Prizms,false,,Harrison Barnes,
base,94,Fast Break Blue Prizms,false,,Harrison Barnes,
base,94,Fast Break Bronze Prizms,false,,Harrison Barnes,
base,94,Fast Break Neon Green Prizms,false,,Harrison Barnes,
base,94,Fast Break Prizms,false,,Harrison Barnes,
base,94,Fast Break Purple Prizms,false,,Harrison Barnes,
base,94,Fast Break Red Prizms,false,,Harrison Barnes,
base,94,Gold Prizms,false,,Harrison Barnes,
base,94,Gold Shimmer Prizms,false,,Harrison Barnes,
base,94,Gold Wave Prizms,false,,Harrison Barnes,
base,94,Green Ice Prizms,false,,Harrison Barnes,
base,94,Green Prizms,false,,Harrison Barnes,
base,94,Green Pulsar Prizms,false,,Harrison Barnes,
base,94,Green Shimmer Prizms,false,,Harrison Barnes,
base,94,Hyper Prizms,false,,Harrison Barnes,
base,94,Lucky Envelopes Prizms,false,,Harrison Barnes,
base,94,Mojo Prizms,false,,Harrison Barnes,
base,94,Orange Ice Prizms,false,,Harrison Barnes,
base,94,Orange Prizms,false,,Harrison Barnes,
base,94,Orange Wave Prizms,false,,Harrison Barnes,
base,94,Pink Ice Prizms,false,,Harrison Barnes,
base,94,Pink Pulsar Prizms,false,,Harrison Barnes,
base,94,Purple Ice Prizms,false,,Harrison Barnes,
base,94,Purple Prizms,false,,Harrison Barnes,
base,94,Purple Pulsar Prizms,false,,Harrison Barnes,
base,94,Purple Wave Prizms,false,,Harrison Barnes,
base,94,Red Ice Prizms,false,,Harrison Barnes,
base,94,Red Prizms,false,,Harrison Barnes,
base,94,"Red, White and Blue Prizms",false,,Harrison Barnes,
base,94,Ruby Wave Prizms,false,,Harrison Barnes,
base,94,Silver Prizms,false,,Harrison Barnes,
base,94,White Sparkle Prizm,false,,Harrison Barnes,
base,94,Fast Break Pink Prizms,false,,Harrison Barnes,
base,94,Black Prizms,false,,Harrison Barnes,
base,94,Black Shimmer Prizms,false,,Harrison Barnes,
base,94,Blue Ice Prizms,false,,Harrison Barnes,
base,94,Black Gold Prizms,false,,Harrison Barnes,
insert-rookie-penmanship,RP-RW2,Prizms Orange Ice,false,,Robert Woodard II,
insert-rookie-penmanship,RP-RW2,Prizms Blue Wave,false,,Robert Woodard II,
insert-rookie-penmanship,RP-RW2,Prizms Silver,false,,Robert Woodard II,
insert-rookie-penmanship,RP-RW2,Prizms Gold Wave,false,,Robert Woodard II,
insert-rookie-penmanship,RP-RW2,Prizms Green Ice,false,16,Robert Woodard II,
auto-sensational-signatures,SS-JJA,Prizms Silver,true,,Justin James,
auto-sensational-signatures,SS-JJA,Prizms Choice,true,,Justin James,
auto-sensational-signatures,SS-JJA,Prizms Mojo,true,25,Justin James,
auto-sensational-signatures,SS-JJA,Prizms Gold,true,10,Justin James,
auto-sensational-signatures,SS-JJA,Prizms Choice Green,true,8,Justin James,
auto-sensational-signatures,SS-JJA,Prizms Black,true,1,Justin James,
insert-penmanship,PE-JJA,Prizms Orange Ice,false,,Justin James,
insert-penmanship,PE-JJA,Prizms Silver,false,,Justin James,
insert-penmanship,PE-JJA,Prizms Green Ice,false,16,Justin James,
auto-fast-break-autographs,FBA-DAF,Gold,true,10,De'Aaron Fox,
auto-fast-break-autographs,FBA-DAF,Black,true,1,De'Aaron Fox,
base,220,Blue Prizms,false,,Jabari Parker,
base,220,Blue Shimmer Prizms,false,,Jabari Parker,
base,220,Blue Wave Prizms,false,,Jabari Parker,
base,220,Choice Blue Prizms,false,,Jabari Parker,
base,220,"Choice Blue, Yellow and Green Prizms",false,,Jabari Parker,
base,220,Choice Green Prizms,false,,Jabari Parker,
base,220,Choice Nebula Prizms,false,,Jabari Parker,
base,220,Choice Red Prizms,false,,Jabari Parker,
base,220,Choice Tiger Stripe Prizms,false,,Jabari Parker,
base,220,Fast Break Blue Prizms,false,,Jabari Parker,
base,220,Fast Break Bronze Prizms,false,,Jabari Parker,
base,220,Fast Break Neon Green Prizms,false,,Jabari Parker,
base,220,Fast Break Prizms,false,,Jabari Parker,
base,220,Fast Break Purple Prizms,false,,Jabari Parker,
base,220,Fast Break Red Prizms,false,,Jabari Parker,
base,220,Gold Prizms,false,,Jabari Parker,
base,220,Gold Shimmer Prizms,false,,Jabari Parker,
base,220,Gold Wave Prizms,false,,Jabari Parker,
base,220,Green Ice Prizms,false,,Jabari Parker,
base,220,Green Prizms,false,,Jabari Parker,
base,220,Green Pulsar Prizms,false,,Jabari Parker,
base,220,Green Shimmer Prizms,false,,Jabari Parker,
base,220,Hyper Prizms,false,,Jabari Parker,
base,220,Lucky Envelopes Prizms,false,,Jabari Parker,
base,220,Mojo Prizms,false,,Jabari Parker,
base,220,Orange Ice Prizms,false,,Jabari Parker,
base,220,Orange Prizms,false,,Jabari Parker,
base,220,Orange Wave Prizms,false,,Jabari Parker,
base,220,Pink Ice Prizms,false,,Jabari Parker,
base,220,Pink Pulsar Prizms,false,,Jabari Parker,
base,220,Purple Ice Prizms,false,,Jabari Parker,
base,220,Purple Prizms,false,,Jabari Parker,
base,220,Purple Pulsar Prizms,false,,Jabari Parker,
base,220,Purple Wave Prizms,false,,Jabari Parker,
base,220,Red Ice Prizms,false,,Jabari Parker,
base,220,Red Prizms,false,,Jabari Parker,
base,220,"Red, White and Blue Prizms",false,,Jabari Parker,
base,220,Ruby Wave Prizms,false,,Jabari Parker,
base,220,Silver Prizms,false,,Jabari Parker,
base,220,White Sparkle Prizm,false,,Jabari Parker,
base,220,Fast Break Pink Prizms,false,,Jabari Parker,
base,220,Black Prizms,false,,Jabari Parker,
base,220,Black Shimmer Prizms,false,,Jabari Parker,
base,220,Blue Ice Prizms,false,,Jabari Parker,
base,220,Black Gold Prizms,false,,Jabari Parker,
base,262,Blue Prizms,false,,Tyrese Haliburton,
base,262,Blue Shimmer Prizms,false,,Tyrese Haliburton,
base,262,Blue Wave Prizms,false,,Tyrese Haliburton,
base,262,Choice Blue Prizms,false,,Tyrese Haliburton,
base,262,"Choice Blue, Yellow and Green Prizms",false,,Tyrese Haliburton,
base,262,Choice Green Prizms,false,,Tyrese Haliburton,
base,262,Choice Nebula Prizms,false,,Tyrese Haliburton,
base,262,Choice Red Prizms,false,,Tyrese Haliburton,
base,262,Choice Tiger Stripe Prizms,false,,Tyrese Haliburton,
base,262,Fast Break Blue Prizms,false,,Tyrese Haliburton,
base,262,Fast Break Bronze Prizms,false,,Tyrese Haliburton,
base,262,Fast Break Neon Green Prizms,false,,Tyrese Haliburton,
base,262,Fast Break Prizms,false,,Tyrese Haliburton,
base,262,Fast Break Purple Prizms,false,,Tyrese Haliburton,
base,262,Fast Break Red Prizms,false,,Tyrese Haliburton,
base,262,Gold Prizms,false,,Tyrese Haliburton,
base,262,Gold Shimmer Prizms,false,,Tyrese Haliburton,
base,262,Gold Wave Prizms,false,,Tyrese Haliburton,
base,262,Green Ice Prizms,false,,Tyrese Haliburton,
base,262,Green Prizms,false,,Tyrese Haliburton,
base,262,Green Pulsar Prizms,false,,Tyrese Haliburton,
base,262,Green Shimmer Prizms,false,,Tyrese Haliburton,
base,262,Hyper Prizms,false,,Tyrese Haliburton,
base,262,Lucky Envelopes Prizms,false,,Tyrese Haliburton,
base,262,Mojo Prizms,false,,Tyrese Haliburton,
base,262,Orange Ice Prizms,false,,Tyrese Haliburton,
base,262,Orange Prizms,false,,Tyrese Haliburton,
base,262,Orange Wave Prizms,false,,Tyrese Haliburton,
base,262,Pink Ice Prizms,false,,Tyrese Haliburton,
base,262,Pink Pulsar Prizms,false,,Tyrese Haliburton,
base,262,Purple Ice Prizms,false,,Tyrese Haliburton,
base,262,Purple Prizms,false,,Tyrese Haliburton,
base,262,Purple Pulsar Prizms,false,,Tyrese Haliburton,
base,262,Purple Wave Prizms,false,,Tyrese Haliburton,
base,262,Red Ice Prizms,false,,Tyrese Haliburton,
base,262,Red Prizms,false,,Tyrese Haliburton,
base,262,"Red, White and Blue Prizms",false,,Tyrese Haliburton,
base,262,Ruby Wave Prizms,false,,Tyrese Haliburton,
base,262,Silver Prizms,false,,Tyrese Haliburton,
base,262,White Sparkle Prizm,false,,Tyrese Haliburton,
base,262,Fast Break Pink Prizms,false,,Tyrese Haliburton,
base,262,Black Prizms,false,,Tyrese Haliburton,
base,262,Black Shimmer Prizms,false,,Tyrese Haliburton,
base,262,Blue Ice Prizms,false,,Tyrese Haliburton,
base,262,Black Gold Prizms,false,,Tyrese Haliburton,
auto-fast-break-rookie-autographs,FR-THB,Gold,true,10,Tyrese Haliburton,
auto-fast-break-rookie-autographs,FR-THB,Black,true,1,Tyrese Haliburton,
auto-rookie-signatures,RS-THB,Prizms Silver,true,,Tyrese Haliburton,
auto-rookie-signatures,RS-THB,Prizms Choice,true,,Tyrese Haliburton,
auto-rookie-signatures,RS-THB,Prizms Mojo,true,25,Tyrese Haliburton,
auto-rookie-signatures,RS-THB,Prizms Gold,true,10,Tyrese Haliburton,
auto-rookie-signatures,RS-THB,Prizms Choice Green,true,8,Tyrese Haliburton,
auto-rookie-signatures,RS-THB,Prizms Black,true,1,Tyrese Haliburton,
auto-rookie-signatures,RS-THB,Prizms White Sparkle,true,1,Tyrese Haliburton,
base,13,Blue Prizms,false,,De'Aaron Fox,
base,13,Blue Shimmer Prizms,false,,De'Aaron Fox,
base,13,Blue Wave Prizms,false,,De'Aaron Fox,
base,13,Choice Blue Prizms,false,,De'Aaron Fox,
base,13,"Choice Blue, Yellow and Green Prizms",false,,De'Aaron Fox,
base,13,Choice Green Prizms,false,,De'Aaron Fox,
base,13,Choice Nebula Prizms,false,,De'Aaron Fox,
base,13,Choice Red Prizms,false,,De'Aaron Fox,
base,13,Choice Tiger Stripe Prizms,false,,De'Aaron Fox,
base,13,Fast Break Blue Prizms,false,,De'Aaron Fox,
base,13,Fast Break Bronze Prizms,false,,De'Aaron Fox,
base,13,Fast Break Neon Green Prizms,false,,De'Aaron Fox,
base,13,Fast Break Prizms,false,,De'Aaron Fox,
base,13,Fast Break Purple Prizms,false,,De'Aaron Fox,
base,13,Fast Break Red Prizms,false,,De'Aaron Fox,
base,13,Gold Prizms,false,,De'Aaron Fox,
base,13,Gold Shimmer Prizms,false,,De'Aaron Fox,
base,13,Gold Wave Prizms,false,,De'Aaron Fox,
base,13,Green Ice Prizms,false,,De'Aaron Fox,
base,13,Green Prizms,false,,De'Aaron Fox,
base,13,Green Pulsar Prizms,false,,De'Aaron Fox,
base,13,Green Shimmer Prizms,false,,De'Aaron Fox,
base,13,Hyper Prizms,false,,De'Aaron Fox,
base,13,Lucky Envelopes Prizms,false,,De'Aaron Fox,
base,13,Mojo Prizms,false,,De'Aaron Fox,
base,13,Orange Ice Prizms,false,,De'Aaron Fox,
base,13,Orange Prizms,false,,De'Aaron Fox,
base,13,Orange Wave Prizms,false,,De'Aaron Fox,
base,13,Pink Ice Prizms,false,,De'Aaron Fox,
base,13,Pink Pulsar Prizms,false,,De'Aaron Fox,
base,13,Purple Ice Prizms,false,,De'Aaron Fox,
base,13,Purple Prizms,false,,De'Aaron Fox,
base,13,Purple Pulsar Prizms,false,,De'Aaron Fox,
base,13,Purple Wave Prizms,false,,De'Aaron Fox,
base,13,Red Ice Prizms,false,,De'Aaron Fox,
base,13,Red Prizms,false,,De'Aaron Fox,
base,13,"Red, White and Blue Prizms",false,,De'Aaron Fox,
base,13,Ruby Wave Prizms,false,,De'Aaron Fox,
base,13,Silver Prizms,false,,De'Aaron Fox,
base,13,White Sparkle Prizm,false,,De'Aaron Fox,
base,13,Fast Break Pink Prizms,false,,De'Aaron Fox,
base,13,Black Prizms,false,,De'Aaron Fox,
base,13,Black Shimmer Prizms,false,,De'Aaron Fox,
base,13,Blue Ice Prizms,false,,De'Aaron Fox,
base,13,Black Gold Prizms,false,,De'Aaron Fox,
auto-sensational-signatures,SS-THB,Prizms Silver,true,,Tyrese Haliburton,
auto-sensational-signatures,SS-THB,Prizms Choice,true,,Tyrese Haliburton,
auto-sensational-signatures,SS-THB,Prizms Mojo,true,25,Tyrese Haliburton,
auto-sensational-signatures,SS-THB,Prizms Gold,true,10,Tyrese Haliburton,
auto-sensational-signatures,SS-THB,Prizms Choice Green,true,8,Tyrese Haliburton,
auto-sensational-signatures,SS-THB,Prizms Black,true,1,Tyrese Haliburton,
auto-signatures,SI-HG3,Prizms Choice,true,,Harry Giles III,
auto-signatures,SI-HG3,Prizms Silver,true,,Harry Giles III,
auto-signatures,SI-HG3,Prizms Mojo,true,25,Harry Giles III,
auto-signatures,SI-HG3,Prizms Gold,true,10,Harry Giles III,
auto-signatures,SI-HG3,Prizms Choice Green,true,8,Harry Giles III,
auto-signatures,SI-HG3,Prizms Black,true,1,Harry Giles III,
auto-sensational-signatures,SS-RW2,Prizms Silver,true,,Robert Woodard II,
auto-sensational-signatures,SS-RW2,Prizms Choice,true,,Robert Woodard II,
auto-sensational-signatures,SS-RW2,Prizms Mojo,true,25,Robert Woodard II,
auto-sensational-signatures,SS-RW2,Prizms Gold,true,10,Robert Woodard II,
auto-sensational-signatures,SS-RW2,Prizms Choice Green,true,8,Robert Woodard II,
auto-sensational-signatures,SS-RW2,Prizms Black,true,1,Robert Woodard II,
insert-rookie-penmanship,RP-THB,Prizms Orange Ice,false,,Tyrese Haliburton,
insert-rookie-penmanship,RP-THB,Prizms Blue Wave,false,,Tyrese Haliburton,
insert-rookie-penmanship,RP-THB,Prizms Silver,false,,Tyrese Haliburton,
insert-rookie-penmanship,RP-THB,Prizms Gold Wave,false,,Tyrese Haliburton,
insert-rookie-penmanship,RP-THB,Prizms Green Ice,false,16,Tyrese Haliburton,
base,233,Blue Prizms,false,,Harry Giles III,
base,233,Blue Shimmer Prizms,false,,Harry Giles III,
base,233,Blue Wave Prizms,false,,Harry Giles III,
base,233,Choice Blue Prizms,false,,Harry Giles III,
base,233,"Choice Blue, Yellow and Green Prizms",false,,Harry Giles III,
base,233,Choice Green Prizms,false,,Harry Giles III,
base,233,Choice Nebula Prizms,false,,Harry Giles III,
base,233,Choice Red Prizms,false,,Harry Giles III,
base,233,Choice Tiger Stripe Prizms,false,,Harry Giles III,
base,233,Fast Break Blue Prizms,false,,Harry Giles III,
base,233,Fast Break Bronze Prizms,false,,Harry Giles III,
base,233,Fast Break Neon Green Prizms,false,,Harry Giles III,
base,233,Fast Break Prizms,false,,Harry Giles III,
base,233,Fast Break Purple Prizms,false,,Harry Giles III,
base,233,Fast Break Red Prizms,false,,Harry Giles III,
base,233,Gold Prizms,false,,Harry Giles III,
base,233,Gold Shimmer Prizms,false,,Harry Giles III,
base,233,Gold Wave Prizms,false,,Harry Giles III,
base,233,Green Ice Prizms,false,,Harry Giles III,
base,233,Green Prizms,false,,Harry Giles III,
base,233,Green Pulsar Prizms,false,,Harry Giles III,
base,233,Green Shimmer Prizms,false,,Harry Giles III,
base,233,Hyper Prizms,false,,Harry Giles III,
base,233,Lucky Envelopes Prizms,false,,Harry Giles III,
base,233,Mojo Prizms,false,,Harry Giles III,
base,233,Orange Ice Prizms,false,,Harry Giles III,
base,233,Orange Prizms,false,,Harry Giles III,
base,233,Orange Wave Prizms,false,,Harry Giles III,
base,233,Pink Ice Prizms,false,,Harry Giles III,
base,233,Pink Pulsar Prizms,false,,Harry Giles III,
base,233,Purple Ice Prizms,false,,Harry Giles III,
base,233,Purple Prizms,false,,Harry Giles III,
base,233,Purple Pulsar Prizms,false,,Harry Giles III,
base,233,Purple Wave Prizms,false,,Harry Giles III,
base,233,Red Ice Prizms,false,,Harry Giles III,
base,233,Red Prizms,false,,Harry Giles III,
base,233,"Red, White and Blue Prizms",false,,Harry Giles III,
base,233,Ruby Wave Prizms,false,,Harry Giles III,
base,233,Silver Prizms,false,,Harry Giles III,
base,233,White Sparkle Prizm,false,,Harry Giles III,
base,233,Fast Break Pink Prizms,false,,Harry Giles III,
base,233,Black Prizms,false,,Harry Giles III,
base,233,Black Shimmer Prizms,false,,Harry Giles III,
base,233,Blue Ice Prizms,false,,Harry Giles III,
base,233,Black Gold Prizms,false,,Harry Giles III,
insert-instant-impact,9,Prizms Green,false,,Tyrese Haliburton,
insert-instant-impact,9,Prizms Silver,false,,Tyrese Haliburton,
auto-signatures,SI-JJA,Prizms Choice,true,,Justin James,
auto-signatures,SI-JJA,Prizms Silver,true,,Justin James,
auto-signatures,SI-JJA,Prizms Mojo,true,25,Justin James,
auto-signatures,SI-JJA,Prizms Gold,true,10,Justin James,
auto-signatures,SI-JJA,Prizms Choice Green,true,8,Justin James,
auto-signatures,SI-JJA,Prizms Black,true,1,Justin James,
insert-downtown-bound,20,Fast Break,false,,Buddy Hield,
insert-downtown-bound,20,Prizms Hyper,false,,Buddy Hield,
insert-downtown-bound,20,Prizms Silver,false,,Buddy Hield,
insert-downtown-bound,20,Prizms Mojo,false,25,Buddy Hield,
insert-downtown-bound,20,Prizms Gold,false,10,Buddy Hield,
insert-downtown-bound,20,Prizms Black,false,1,Buddy Hield,
insert-emergent,29,Prizms Green,false,,Tyrese Haliburton,
insert-emergent,29,Prizms Silver,false,,Tyrese Haliburton,
insert-sensational-swatches,SSW-LW4,Prizms Orange Ice,false,,Lonnie Walker IV,
insert-sensational-swatches,SSW-LW4,Prizms Green Ice,false,56,Lonnie Walker IV,
insert-sensational-swatches,SSW-LW4,Prime,false,10,Lonnie Walker IV,
auto-rookie-signatures,RS-DVS,Prizms Silver,true,,Devin Vassell,
auto-rookie-signatures,RS-DVS,Prizms Choice,true,,Devin Vassell,
auto-rookie-signatures,RS-DVS,Prizms Mojo,true,25,Devin Vassell,
auto-rookie-signatures,RS-DVS,Prizms Gold,true,10,Devin Vassell,
auto-rookie-signatures,RS-DVS,Prizms Choice Green,true,8,Devin Vassell,
auto-rookie-signatures,RS-DVS,Prizms Black,true,1,Devin Vassell,
auto-rookie-signatures,RS-DVS,Prizms White Sparkle,true,1,Devin Vassell,
base,153,Blue Prizms,false,,Dejounte Murray,
base,153,Blue Shimmer Prizms,false,,Dejounte Murray,
base,153,Blue Wave Prizms,false,,Dejounte Murray,
base,153,Choice Blue Prizms,false,,Dejounte Murray,
base,153,"Choice Blue, Yellow and Green Prizms",false,,Dejounte Murray,
base,153,Choice Green Prizms,false,,Dejounte Murray,
base,153,Choice Nebula Prizms,false,,Dejounte Murray,
base,153,Choice Red Prizms,false,,Dejounte Murray,
base,153,Choice Tiger Stripe Prizms,false,,Dejounte Murray,
base,153,Fast Break Blue Prizms,false,,Dejounte Murray,
base,153,Fast Break Bronze Prizms,false,,Dejounte Murray,
base,153,Fast Break Neon Green Prizms,false,,Dejounte Murray,
base,153,Fast Break Prizms,false,,Dejounte Murray,
base,153,Fast Break Purple Prizms,false,,Dejounte Murray,
base,153,Fast Break Red Prizms,false,,Dejounte Murray,
base,153,Gold Prizms,false,,Dejounte Murray,
base,153,Gold Shimmer Prizms,false,,Dejounte Murray,
base,153,Gold Wave Prizms,false,,Dejounte Murray,
base,153,Green Ice Prizms,false,,Dejounte Murray,
base,153,Green Prizms,false,,Dejounte Murray,
base,153,Green Pulsar Prizms,false,,Dejounte Murray,
base,153,Green Shimmer Prizms,false,,Dejounte Murray,
base,153,Hyper Prizms,false,,Dejounte Murray,
base,153,Lucky Envelopes Prizms,false,,Dejounte Murray,
base,153,Mojo Prizms,false,,Dejounte Murray,
base,153,Orange Ice Prizms,false,,Dejounte Murray,
base,153,Orange Prizms,false,,Dejounte Murray,
base,153,Orange Wave Prizms,false,,Dejounte Murray,
base,153,Pink Ice Prizms,false,,Dejounte Murray,
base,153,Pink Pulsar Prizms,false,,Dejounte Murray,
base,153,Purple Ice Prizms,false,,Dejounte Murray,
base,153,Purple Prizms,false,,Dejounte Murray,
base,153,Purple Pulsar Prizms,false,,Dejounte Murray,
base,153,Purple Wave Prizms,false,,Dejounte Murray,
base,153,Red Ice Prizms,false,,Dejounte Murray,
base,153,Red Prizms,false,,Dejounte Murray,
base,153,"Red, White and Blue Prizms",false,,Dejounte Murray,
base,153,Ruby Wave Prizms,false,,Dejounte Murray,
base,153,Silver Prizms,false,,Dejounte Murray,
base,153,White Sparkle Prizm,false,,Dejounte Murray,
base,153,Fast Break Pink Prizms,false,,Dejounte Murray,
base,153,Black Prizms,false,,Dejounte Murray,
base,153,Black Shimmer Prizms,false,,Dejounte Murray,
base,153,Blue Ice Prizms,false,,Dejounte Murray,
base,153,Black Gold Prizms,false,,Dejounte Murray,
auto-sensational-signatures,SS-DVS,Prizms Silver,true,,Devin Vassell,
auto-sensational-signatures,SS-DVS,Prizms Choice,true,,Devin Vassell,
auto-sensational-signatures,SS-DVS,Prizms Mojo,true,25,Devin Vassell,
auto-sensational-signatures,SS-DVS,Prizms Gold,true,10,Devin Vassell,
auto-sensational-signatures,SS-DVS,Prizms Choice Green,true,8,Devin Vassell,
auto-sensational-signatures,SS-DVS,Prizms Black,true,1,Devin Vassell,
insert-rookie-penmanship,RP-TJN,Prizms Orange Ice,false,,Tre Jones,
insert-rookie-penmanship,RP-TJN,Prizms Blue Wave,false,,Tre Jones,
insert-rookie-penmanship,RP-TJN,Prizms Silver,false,,Tre Jones,
insert-rookie-penmanship,RP-TJN,Prizms Gold Wave,false,,Tre Jones,
insert-rookie-penmanship,RP-TJN,Prizms Green Ice,false,16,Tre Jones,
base,66,Blue Prizms,false,,Patty Mills,
base,66,Blue Shimmer Prizms,false,,Patty Mills,
base,66,Blue Wave Prizms,false,,Patty Mills,
base,66,Choice Blue Prizms,false,,Patty Mills,
base,66,"Choice Blue, Yellow and Green Prizms",false,,Patty Mills,
base,66,Choice Green Prizms,false,,Patty Mills,
base,66,Choice Nebula Prizms,false,,Patty Mills,
base,66,Choice Red Prizms,false,,Patty Mills,
base,66,Choice Tiger Stripe Prizms,false,,Patty Mills,
base,66,Fast Break Blue Prizms,false,,Patty Mills,
base,66,Fast Break Bronze Prizms,false,,Patty Mills,
base,66,Fast Break Neon Green Prizms,false,,Patty Mills,
base,66,Fast Break Prizms,false,,Patty Mills,
base,66,Fast Break Purple Prizms,false,,Patty Mills,
base,66,Fast Break Red Prizms,false,,Patty Mills,
base,66,Gold Prizms,false,,Patty Mills,
base,66,Gold Shimmer Prizms,false,,Patty Mills,
base,66,Gold Wave Prizms,false,,Patty Mills,
base,66,Green Ice Prizms,false,,Patty Mills,
base,66,Green Prizms,false,,Patty Mills,
base,66,Green Pulsar Prizms,false,,Patty Mills,
base,66,Green Shimmer Prizms,false,,Patty Mills,
base,66,Hyper Prizms,false,,Patty Mills,
base,66,Lucky Envelopes Prizms,false,,Patty Mills,
base,66,Mojo Prizms,false,,Patty Mills,
base,66,Orange Ice Prizms,false,,Patty Mills,
base,66,Orange Prizms,false,,Patty Mills,
base,66,Orange Wave Prizms,false,,Patty Mills,
base,66,Pink Ice Prizms,false,,Patty Mills,
base,66,Pink Pulsar Prizms,false,,Patty Mills,
base,66,Purple Ice Prizms,false,,Patty Mills,
base,66,Purple Prizms,false,,Patty Mills,
base,66,Purple Pulsar Prizms,false,,Patty Mills,
base,66,Purple Wave Prizms,false,,Patty Mills,
base,66,Red Ice Prizms,false,,Patty Mills,
base,66,Red Prizms,false,,Patty Mills,
base,66,"Red, White and Blue Prizms",false,,Patty Mills,
base,66,Ruby Wave Prizms,false,,Patty Mills,
base,66,Silver Prizms,false,,Patty Mills,
base,66,White Sparkle Prizm,false,,Patty Mills,
base,66,Fast Break Pink Prizms,false,,Patty Mills,
base,66,Black Prizms,false,,Patty Mills,
base,66,Black Shimmer Prizms,false,,Patty Mills,
base,66,Blue Ice Prizms,false,,Patty Mills,
base,66,Black Gold Prizms,false,,Patty Mills,
base,174,Blue Prizms,false,,Derrick White,
base,174,Blue Shimmer Prizms,false,,Derrick White,
base,174,Blue Wave Prizms,false,,Derrick White,
base,174,Choice Blue Prizms,false,,Derrick White,
base,174,"Choice Blue, Yellow and Green Prizms",false,,Derrick White,
base,174,Choice Green Prizms,false,,Derrick White,
base,174,Choice Nebula Prizms,false,,Derrick White,
base,174,Choice Red Prizms,false,,Derrick White,
base,174,Choice Tiger Stripe Prizms,false,,Derrick White,
base,174,Fast Break Blue Prizms,false,,Derrick White,
base,174,Fast Break Bronze Prizms,false,,Derrick White,
base,174,Fast Break Neon Green Prizms,false,,Derrick White,
base,174,Fast Break Prizms,false,,Derrick White,
base,174,Fast Break Purple Prizms,false,,Derrick White,
base,174,Fast Break Red Prizms,false,,Derrick White,
base,174,Gold Prizms,false,,Derrick White,
base,174,Gold Shimmer Prizms,false,,Derrick White,
base,174,Gold Wave Prizms,false,,Derrick White,
base,174,Green Ice Prizms,false,,Derrick White,
base,174,Green Prizms,false,,Derrick White,
base,174,Green Pulsar Prizms,false,,Derrick White,
base,174,Green Shimmer Prizms,false,,Derrick White,
base,174,Hyper Prizms,false,,Derrick White,
base,174,Lucky Envelopes Prizms,false,,Derrick White,
base,174,Mojo Prizms,false,,Derrick White,
base,174,Orange Ice Prizms,false,,Derrick White,
base,174,Orange Prizms,false,,Derrick White,
base,174,Orange Wave Prizms,false,,Derrick White,
base,174,Pink Ice Prizms,false,,Derrick White,
base,174,Pink Pulsar Prizms,false,,Derrick White,
base,174,Purple Ice Prizms,false,,Derrick White,
base,174,Purple Prizms,false,,Derrick White,
base,174,Purple Pulsar Prizms,false,,Derrick White,
base,174,Purple Wave Prizms,false,,Derrick White,
base,174,Red Ice Prizms,false,,Derrick White,
base,174,Red Prizms,false,,Derrick White,
base,174,"Red, White and Blue Prizms",false,,Derrick White,
base,174,Ruby Wave Prizms,false,,Derrick White,
base,174,Silver Prizms,false,,Derrick White,
base,174,White Sparkle Prizm,false,,Derrick White,
base,174,Fast Break Pink Prizms,false,,Derrick White,
base,174,Black Prizms,false,,Derrick White,
base,174,Black Shimmer Prizms,false,,Derrick White,
base,174,Blue Ice Prizms,false,,Derrick White,
base,174,Black Gold Prizms,false,,Derrick White,
insert-emergent,19,Prizms Green,false,,Devin Vassell,
insert-emergent,19,Prizms Silver,false,,Devin Vassell,
auto-sensational-signatures,SS-LMA,Prizms Silver,true,,LaMarcus Aldridge,
auto-sensational-signatures,SS-LMA,Prizms Choice,true,,LaMarcus Aldridge,
auto-sensational-signatures,SS-LMA,Prizms Mojo,true,25,LaMarcus Aldridge,
auto-sensational-signatures,SS-LMA,Prizms Gold,true,10,LaMarcus Aldridge,
auto-sensational-signatures,SS-LMA,Prizms Choice Green,true,8,LaMarcus Aldridge,
auto-sensational-signatures,SS-LMA,Prizms Black,true,1,LaMarcus Aldridge,
auto-sensational-signatures,SS-MBO,Prizms Silver,true,,Matt Bonner,
auto-sensational-signatures,SS-MBO,Prizms Choice,true,,Matt Bonner,
auto-sensational-signatures,SS-MBO,Prizms Mojo,true,25,Matt Bonner,
auto-sensational-signatures,SS-MBO,Prizms Gold,true,10,Matt Bonner,
auto-sensational-signatures,SS-MBO,Prizms Choice Green,true,8,Matt Bonner,
auto-sensational-signatures,SS-MBO,Prizms Black,true,1,Matt Bonner,
insert-rookie-penmanship,RP-DVS,Prizms Orange Ice,false,,Devin Vassell,
insert-rookie-penmanship,RP-DVS,Prizms Blue Wave,false,,Devin Vassell,
insert-rookie-penmanship,RP-DVS,Prizms Silver,false,,Devin Vassell,
insert-rookie-penmanship,RP-DVS,Prizms Gold Wave,false,,Devin Vassell,
insert-rookie-penmanship,RP-DVS,Prizms Green Ice,false,16,Devin Vassell,
base,104,Blue Prizms,false,,LaMarcus Aldridge,
base,104,Blue Shimmer Prizms,false,,LaMarcus Aldridge,
base,104,Blue Wave Prizms,false,,LaMarcus Aldridge,
base,104,Choice Blue Prizms,false,,LaMarcus Aldridge,
base,104,"Choice Blue, Yellow and Green Prizms",false,,LaMarcus Aldridge,
base,104,Choice Green Prizms,false,,LaMarcus Aldridge,
base,104,Choice Nebula Prizms,false,,LaMarcus Aldridge,
base,104,Choice Red Prizms,false,,LaMarcus Aldridge,
base,104,Choice Tiger Stripe Prizms,false,,LaMarcus Aldridge,
base,104,Fast Break Blue Prizms,false,,LaMarcus Aldridge,
base,104,Fast Break Bronze Prizms,false,,LaMarcus Aldridge,
base,104,Fast Break Neon Green Prizms,false,,LaMarcus Aldridge,
base,104,Fast Break Prizms,false,,LaMarcus Aldridge,
base,104,Fast Break Purple Prizms,false,,LaMarcus Aldridge,
base,104,Fast Break Red Prizms,false,,LaMarcus Aldridge,
base,104,Gold Prizms,false,,LaMarcus Aldridge,
base,104,Gold Shimmer Prizms,false,,LaMarcus Aldridge,
base,104,Gold Wave Prizms,false,,LaMarcus Aldridge,
base,104,Green Ice Prizms,false,,LaMarcus Aldridge,
base,104,Green Prizms,false,,LaMarcus Aldridge,
base,104,Green Pulsar Prizms,false,,LaMarcus Aldridge,
base,104,Green Shimmer Prizms,false,,LaMarcus Aldridge,
base,104,Hyper Prizms,false,,LaMarcus Aldridge,
base,104,Lucky Envelopes Prizms,false,,LaMarcus Aldridge,
base,104,Mojo Prizms,false,,LaMarcus Aldridge,
base,104,Orange Ice Prizms,false,,LaMarcus Aldridge,
base,104,Orange Prizms,false,,LaMarcus Aldridge,
base,104,Orange Wave Prizms,false,,LaMarcus Aldridge,
base,104,Pink Ice Prizms,false,,LaMarcus Aldridge,
base,104,Pink Pulsar Prizms,false,,LaMarcus Aldridge,
base,104,Purple Ice Prizms,false,,LaMarcus Aldridge,
base,104,Purple Prizms,false,,LaMarcus Aldridge,
base,104,Purple Pulsar Prizms,false,,LaMarcus Aldridge,
base,104,Purple Wave Prizms,false,,LaMarcus Aldridge,
base,104,Red Ice Prizms,false,,LaMarcus Aldridge,
base,104,Red Prizms,false,,LaMarcus Aldridge,
base,104,"Red, White and Blue Prizms",false,,LaMarcus Aldridge,
base,104,Ruby Wave Prizms,false,,LaMarcus Aldridge,
base,104,Silver Prizms,false,,LaMarcus Aldridge,
base,104,White Sparkle Prizm,false,,LaMarcus Aldridge,
base,104,Fast Break Pink Prizms,false,,LaMarcus Aldridge,
base,104,Black Prizms,false,,LaMarcus Aldridge,
base,104,Black Shimmer Prizms,false,,LaMarcus Aldridge,
base,104,Blue Ice Prizms,false,,LaMarcus Aldridge,
base,104,Black Gold Prizms,false,,LaMarcus Aldridge,
auto-sensational-signatures,SS-TJN,Prizms Silver,true,,Tre Jones,
auto-sensational-signatures,SS-TJN,Prizms Choice,true,,Tre Jones,
auto-sensational-signatures,SS-TJN,Prizms Mojo,true,25,Tre Jones,
auto-sensational-signatures,SS-TJN,Prizms Gold,true,10,Tre Jones,
auto-sensational-signatures,SS-TJN,Prizms Choice Green,true,8,Tre Jones,
auto-sensational-signatures,SS-TJN,Prizms Black,true,1,Tre Jones,
base,4,Blue Prizms,false,,Rudy Gay,
base,4,Blue Shimmer Prizms,false,,Rudy Gay,
base,4,Blue Wave Prizms,false,,Rudy Gay,
base,4,Choice Blue Prizms,false,,Rudy Gay,
base,4,"Choice Blue, Yellow and Green Prizms",false,,Rudy Gay,
base,4,Choice Green Prizms,false,,Rudy Gay,
base,4,Choice Nebula Prizms,false,,Rudy Gay,
base,4,Choice Red Prizms,false,,Rudy Gay,
base,4,Choice Tiger Stripe Prizms,false,,Rudy Gay,
base,4,Fast Break Blue Prizms,false,,Rudy Gay,
base,4,Fast Break Bronze Prizms,false,,Rudy Gay,
base,4,Fast Break Neon Green Prizms,false,,Rudy Gay,
base,4,Fast Break Prizms,false,,Rudy Gay,
base,4,Fast Break Purple Prizms,false,,Rudy Gay,
base,4,Fast Break Red Prizms,false,,Rudy Gay,
base,4,Gold Prizms,false,,Rudy Gay,
base,4,Gold Shimmer Prizms,false,,Rudy Gay,
base,4,Gold Wave Prizms,false,,Rudy Gay,
base,4,Green Ice Prizms,false,,Rudy Gay,
base,4,Green Prizms,false,,Rudy Gay,
base,4,Green Pulsar Prizms,false,,Rudy Gay,
base,4,Green Shimmer Prizms,false,,Rudy Gay,
base,4,Hyper Prizms,false,,Rudy Gay,
base,4,Lucky Envelopes Prizms,false,,Rudy Gay,
base,4,Mojo Prizms,false,,Rudy Gay,
base,4,Orange Ice Prizms,false,,Rudy Gay,
base,4,Orange Prizms,false,,Rudy Gay,
base,4,Orange Wave Prizms,false,,Rudy Gay,
base,4,Pink Ice Prizms,false,,Rudy Gay,
base,4,Pink Pulsar Prizms,false,,Rudy Gay,
base,4,Purple Ice Prizms,false,,Rudy Gay,
base,4,Purple Prizms,false,,Rudy Gay,
base,4,Purple Pulsar Prizms,false,,Rudy Gay,
base,4,Purple Wave Prizms,false,,Rudy Gay,
base,4,Red Ice Prizms,false,,Rudy Gay,
base,4,Red Prizms,false,,Rudy Gay,
base,4,"Red, White and Blue Prizms",false,,Rudy Gay,
base,4,Ruby Wave Prizms,false,,Rudy Gay,
base,4,Silver Prizms,false,,Rudy Gay,
base,4,White Sparkle Prizm,false,,Rudy Gay,
base,4,Fast Break Pink Prizms,false,,Rudy Gay,
base,4,Black Prizms,false,,Rudy Gay,
base,4,Black Shimmer Prizms,false,,Rudy Gay,
base,4,Blue Ice Prizms,false,,Rudy Gay,
base,4,Black Gold Prizms,false,,Rudy Gay,
insert-sensational-swatches,SSW-DDR,Prizms Orange Ice,false,,DeMar DeRozan,
insert-sensational-swatches,SSW-DDR,Prizms Green Ice,false,56,DeMar DeRozan,
insert-sensational-swatches,SSW-DDR,Prime,false,10,DeMar DeRozan,
insert-sensational-swatches,SSW-DRO,Prizms Orange Ice,false,,David Robinson,
insert-sensational-swatches,SSW-DRO,Prizms Green Ice,false,56,David Robinson,
insert-sensational-swatches,SSW-DRO,Prime,false,10,David Robinson,
base,291,Blue Prizms,false,,Tre Jones,
base,291,Blue Shimmer Prizms,false,,Tre Jones,
base,291,Blue Wave Prizms,false,,Tre Jones,
base,291,Choice Blue Prizms,false,,Tre Jones,
base,291,"Choice Blue, Yellow and Green Prizms",false,,Tre Jones,
base,291,Choice Green Prizms,false,,Tre Jones,
base,291,Choice Nebula Prizms,false,,Tre Jones,
base,291,Choice Red Prizms,false,,Tre Jones,
base,291,Choice Tiger Stripe Prizms,false,,Tre Jones,
base,291,Fast Break Blue Prizms,false,,Tre Jones,
base,291,Fast Break Bronze Prizms,false,,Tre Jones,
base,291,Fast Break Neon Green Prizms,false,,Tre Jones,
base,291,Fast Break Prizms,false,,Tre Jones,
base,291,Fast Break Purple Prizms,false,,Tre Jones,
base,291,Fast Break Red Prizms,false,,Tre Jones,
base,291,Gold Prizms,false,,Tre Jones,
base,291,Gold Shimmer Prizms,false,,Tre Jones,
base,291,Gold Wave Prizms,false,,Tre Jones,
base,291,Green Ice Prizms,false,,Tre Jones,
base,291,Green Prizms,false,,Tre Jones,
base,291,Green Pulsar Prizms,false,,Tre Jones,
base,291,Green Shimmer Prizms,false,,Tre Jones,
base,291,Hyper Prizms,false,,Tre Jones,
base,291,Lucky Envelopes Prizms,false,,Tre Jones,
base,291,Mojo Prizms,false,,Tre Jones,
base,291,Orange Ice Prizms,false,,Tre Jones,
base,291,Orange Prizms,false,,Tre Jones,
base,291,Orange Wave Prizms,false,,Tre Jones,
base,291,Pink Ice Prizms,false,,Tre Jones,
base,291,Pink Pulsar Prizms,false,,Tre Jones,
base,291,Purple Ice Prizms,false,,Tre Jones,
base,291,Purple Prizms,false,,Tre Jones,
base,291,Purple Pulsar Prizms,false,,Tre Jones,
base,291,Purple Wave Prizms,false,,Tre Jones,
base,291,Red Ice Prizms,false,,Tre Jones,
base,291,Red Prizms,false,,Tre Jones,
base,291,"Red, White and Blue Prizms",false,,Tre Jones,
base,291,Ruby Wave Prizms,false,,Tre Jones,
base,291,Silver Prizms,false,,Tre Jones,
base,291,White Sparkle Prizm,false,,Tre Jones,
base,291,Fast Break Pink Prizms,false,,Tre Jones,
base,291,Black Prizms,false,,Tre Jones,
base,291,Black Shimmer Prizms,false,,Tre Jones,
base,291,Blue Ice Prizms,false,,Tre Jones,
base,291,Black Gold Prizms,false,,Tre Jones,
base,30,Blue Prizms,false,,Tim Duncan,
base,30,Blue Shimmer Prizms,false,,Tim Duncan,
base,30,Blue Wave Prizms,false,,Tim Duncan,
base,30,Choice Blue Prizms,false,,Tim Duncan,
base,30,"Choice Blue, Yellow and Green Prizms",false,,Tim Duncan,
base,30,Choice Green Prizms,false,,Tim Duncan,
base,30,Choice Nebula Prizms,false,,Tim Duncan,
base,30,Choice Red Prizms,false,,Tim Duncan,
base,30,Choice Tiger Stripe Prizms,false,,Tim Duncan,
base,30,Fast Break Blue Prizms,false,,Tim Duncan,
base,30,Fast Break Bronze Prizms,false,,Tim Duncan,
base,30,Fast Break Neon Green Prizms,false,,Tim Duncan,
base,30,Fast Break Prizms,false,,Tim Duncan,
base,30,Fast Break Purple Prizms,false,,Tim Duncan,
base,30,Fast Break Red Prizms,false,,Tim Duncan,
base,30,Gold Prizms,false,,Tim Duncan,
base,30,Gold Shimmer Prizms,false,,Tim Duncan,
base,30,Gold Wave Prizms,false,,Tim Duncan,
base,30,Green Ice Prizms,false,,Tim Duncan,
base,30,Green Prizms,false,,Tim Duncan,
base,30,Green Pulsar Prizms,false,,Tim Duncan,
base,30,Green Shimmer Prizms,false,,Tim Duncan,
base,30,Hyper Prizms,false,,Tim Duncan,
base,30,Lucky Envelopes Prizms,false,,Tim Duncan,
base,30,Mojo Prizms,false,,Tim Duncan,
base,30,Orange Ice Prizms,false,,Tim Duncan,
base,30,Orange Prizms,false,,Tim Duncan,
base,30,Orange Wave Prizms,false,,Tim Duncan,
base,30,Pink Ice Prizms,false,,Tim Duncan,
base,30,Pink Pulsar Prizms,false,,Tim Duncan,
base,30,Purple Ice Prizms,false,,Tim Duncan,
base,30,Purple Prizms,false,,Tim Duncan,
base,30,Purple Pulsar Prizms,false,,Tim Duncan,
base,30,Purple Wave Prizms,false,,Tim Duncan,
base,30,Red Ice Prizms,false,,Tim Duncan,
base,30,Red Prizms,false,,Tim Duncan,
base,30,"Red, White and Blue Prizms",false,,Tim Duncan,
base,30,Ruby Wave Prizms,false,,Tim Duncan,
base,30,Silver Prizms,false,,Tim Duncan,
base,30,White Sparkle Prizm,false,,Tim Duncan,
base,30,Fast Break Pink Prizms,false,,Tim Duncan,
base,30,Black Prizms,false,,Tim Duncan,
base,30,Black Shimmer Prizms,false,,Tim Duncan,
base,30,Blue Ice Prizms,false,,Tim Duncan,
base,30,Black Gold Prizms,false,,Tim Duncan,
base,252,Blue Prizms,false,,Devin Vassell,
base,252,Blue Shimmer Prizms,false,,Devin Vassell,
base,252,Blue Wave Prizms,false,,Devin Vassell,
base,252,Choice Blue Prizms,false,,Devin Vassell,
base,252,"Choice Blue, Yellow and Green Prizms",false,,Devin Vassell,
base,252,Choice Green Prizms,false,,Devin Vassell,
base,252,Choice Nebula Prizms,false,,Devin Vassell,
base,252,Choice Red Prizms,false,,Devin Vassell,
base,252,Choice Tiger Stripe Prizms,false,,Devin Vassell,
base,252,Fast Break Blue Prizms,false,,Devin Vassell,
base,252,Fast Break Bronze Prizms,false,,Devin Vassell,
base,252,Fast Break Neon Green Prizms,false,,Devin Vassell,
base,252,Fast Break Prizms,false,,Devin Vassell,
base,252,Fast Break Purple Prizms,false,,Devin Vassell,
base,252,Fast Break Red Prizms,false,,Devin Vassell,
base,252,Gold Prizms,false,,Devin Vassell,
base,252,Gold Shimmer Prizms,false,,Devin Vassell,
base,252,Gold Wave Prizms,false,,Devin Vassell,
base,252,Green Ice Prizms,false,,Devin Vassell,
base,252,Green Prizms,false,,Devin Vassell,
base,252,Green Pulsar Prizms,false,,Devin Vassell,
base,252,Green Shimmer Prizms,false,,Devin Vassell,
base,252,Hyper Prizms,false,,Devin Vassell,
base,252,Lucky Envelopes Prizms,false,,Devin Vassell,
base,252,Mojo Prizms,false,,Devin Vassell,
base,252,Orange Ice Prizms,false,,Devin Vassell,
base,252,Orange Prizms,false,,Devin Vassell,
base,252,Orange Wave Prizms,false,,Devin Vassell,
base,252,Pink Ice Prizms,false,,Devin Vassell,
base,252,Pink Pulsar Prizms,false,,Devin Vassell,
base,252,Purple Ice Prizms,false,,Devin Vassell,
base,252,Purple Prizms,false,,Devin Vassell,
base,252,Purple Pulsar Prizms,false,,Devin Vassell,
base,252,Purple Wave Prizms,false,,Devin Vassell,
base,252,Red Ice Prizms,false,,Devin Vassell,
base,252,Red Prizms,false,,Devin Vassell,
base,252,"Red, White and Blue Prizms",false,,Devin Vassell,
base,252,Ruby Wave Prizms,false,,Devin Vassell,
base,252,Silver Prizms,false,,Devin Vassell,
base,252,White Sparkle Prizm,false,,Devin Vassell,
base,252,Fast Break Pink Prizms,false,,Devin Vassell,
base,252,Black Prizms,false,,Devin Vassell,
base,252,Black Shimmer Prizms,false,,Devin Vassell,
base,252,Blue Ice Prizms,false,,Devin Vassell,
base,252,Black Gold Prizms,false,,Devin Vassell,
auto-fast-break-rookie-autographs,FR-DVS,Gold,true,10,Devin Vassell,
auto-fast-break-rookie-autographs,FR-DVS,Black,true,1,Devin Vassell,
base,252b,Blue Prizms,false,,Devin Vassell,
base,252b,Blue Shimmer Prizms,false,,Devin Vassell,
base,252b,Blue Wave Prizms,false,,Devin Vassell,
base,252b,Choice Blue Prizms,false,,Devin Vassell,
base,252b,"Choice Blue, Yellow and Green Prizms",false,,Devin Vassell,
base,252b,Choice Green Prizms,false,,Devin Vassell,
base,252b,Choice Nebula Prizms,false,,Devin Vassell,
base,252b,Choice Red Prizms,false,,Devin Vassell,
base,252b,Choice Tiger Stripe Prizms,false,,Devin Vassell,
base,252b,Fast Break Blue Prizms,false,,Devin Vassell,
base,252b,Fast Break Bronze Prizms,false,,Devin Vassell,
base,252b,Fast Break Neon Green Prizms,false,,Devin Vassell,
base,252b,Fast Break Prizms,false,,Devin Vassell,
base,252b,Fast Break Purple Prizms,false,,Devin Vassell,
base,252b,Fast Break Red Prizms,false,,Devin Vassell,
base,252b,Gold Prizms,false,,Devin Vassell,
base,252b,Gold Shimmer Prizms,false,,Devin Vassell,
base,252b,Gold Wave Prizms,false,,Devin Vassell,
base,252b,Green Ice Prizms,false,,Devin Vassell,
base,252b,Green Prizms,false,,Devin Vassell,
base,252b,Green Pulsar Prizms,false,,Devin Vassell,
base,252b,Green Shimmer Prizms,false,,Devin Vassell,
base,252b,Hyper Prizms,false,,Devin Vassell,
base,252b,Lucky Envelopes Prizms,false,,Devin Vassell,
base,252b,Mojo Prizms,false,,Devin Vassell,
base,252b,Orange Ice Prizms,false,,Devin Vassell,
base,252b,Orange Prizms,false,,Devin Vassell,
base,252b,Orange Wave Prizms,false,,Devin Vassell,
base,252b,Pink Ice Prizms,false,,Devin Vassell,
base,252b,Pink Pulsar Prizms,false,,Devin Vassell,
base,252b,Purple Ice Prizms,false,,Devin Vassell,
base,252b,Purple Prizms,false,,Devin Vassell,
base,252b,Purple Pulsar Prizms,false,,Devin Vassell,
base,252b,Purple Wave Prizms,false,,Devin Vassell,
base,252b,Red Ice Prizms,false,,Devin Vassell,
base,252b,Red Prizms,false,,Devin Vassell,
base,252b,"Red, White and Blue Prizms",false,,Devin Vassell,
base,252b,Ruby Wave Prizms,false,,Devin Vassell,
base,252b,Silver Prizms,false,,Devin Vassell,
base,252b,White Sparkle Prizm,false,,Devin Vassell,
base,252b,Fast Break Pink Prizms,false,,Devin Vassell,
base,252b,Black Prizms,false,,Devin Vassell,
base,252b,Black Shimmer Prizms,false,,Devin Vassell,
base,252b,Blue Ice Prizms,false,,Devin Vassell,
base,252b,Black Gold Prizms,false,,Devin Vassell,
insert-instant-impact,17,Prizms Green,false,,Devin Vassell,
insert-instant-impact,17,Prizms Silver,false,,Devin Vassell,
insert-sensational-swatches,SSW-LAL,Prizms Orange Ice,false,,LaMarcus Aldridge,
insert-sensational-swatches,SSW-LAL,Prizms Green Ice,false,56,LaMarcus Aldridge,
insert-sensational-swatches,SSW-LAL,Prime,false,10,LaMarcus Aldridge,
auto-fast-break-autographs,FBA-DRB,Gold,true,10,David Robinson,
auto-fast-break-autographs,FBA-DRB,Black,true,1,David Robinson,
base,210,Blue Prizms,false,,DeMar DeRozan,
base,210,Blue Shimmer Prizms,false,,DeMar DeRozan,
base,210,Blue Wave Prizms,false,,DeMar DeRozan,
base,210,Choice Blue Prizms,false,,DeMar DeRozan,
base,210,"Choice Blue, Yellow and Green Prizms",false,,DeMar DeRozan,
base,210,Choice Green Prizms,false,,DeMar DeRozan,
base,210,Choice Nebula Prizms,false,,DeMar DeRozan,
base,210,Choice Red Prizms,false,,DeMar DeRozan,
base,210,Choice Tiger Stripe Prizms,false,,DeMar DeRozan,
base,210,Fast Break Blue Prizms,false,,DeMar DeRozan,
base,210,Fast Break Bronze Prizms,false,,DeMar DeRozan,
base,210,Fast Break Neon Green Prizms,false,,DeMar DeRozan,
base,210,Fast Break Prizms,false,,DeMar DeRozan,
base,210,Fast Break Purple Prizms,false,,DeMar DeRozan,
base,210,Fast Break Red Prizms,false,,DeMar DeRozan,
base,210,Gold Prizms,false,,DeMar DeRozan,
base,210,Gold Shimmer Prizms,false,,DeMar DeRozan,
base,210,Gold Wave Prizms,false,,DeMar DeRozan,
base,210,Green Ice Prizms,false,,DeMar DeRozan,
base,210,Green Prizms,false,,DeMar DeRozan,
base,210,Green Pulsar Prizms,false,,DeMar DeRozan,
base,210,Green Shimmer Prizms,false,,DeMar DeRozan,
base,210,Hyper Prizms,false,,DeMar DeRozan,
base,210,Lucky Envelopes Prizms,false,,DeMar DeRozan,
base,210,Mojo Prizms,false,,DeMar DeRozan,
base,210,Orange Ice Prizms,false,,DeMar DeRozan,
base,210,Orange Prizms,false,,DeMar DeRozan,
base,210,Orange Wave Prizms,false,,DeMar DeRozan,
base,210,Pink Ice Prizms,false,,DeMar DeRozan,
base,210,Pink Pulsar Prizms,false,,DeMar DeRozan,
base,210,Purple Ice Prizms,false,,DeMar DeRozan,
base,210,Purple Prizms,false,,DeMar DeRozan,
base,210,Purple Pulsar Prizms,false,,DeMar DeRozan,
base,210,Purple Wave Prizms,false,,DeMar DeRozan,
base,210,Red Ice Prizms,false,,DeMar DeRozan,
base,210,Red Prizms,false,,DeMar DeRozan,
base,210,"Red, White and Blue Prizms",false,,DeMar DeRozan,
base,210,Ruby Wave Prizms,false,,DeMar DeRozan,
base,210,Silver Prizms,false,,DeMar DeRozan,
base,210,White Sparkle Prizm,false,,DeMar DeRozan,
base,210,Fast Break Pink Prizms,false,,DeMar DeRozan,
base,210,Black Prizms,false,,DeMar DeRozan,
base,210,Black Shimmer Prizms,false,,DeMar DeRozan,
base,210,Blue Ice Prizms,false,,DeMar DeRozan,
base,210,Black Gold Prizms,false,,DeMar DeRozan,
auto-signatures,SI-PML,Prizms Choice,true,,Patty Mills,
auto-signatures,SI-PML,Prizms Silver,true,,Patty Mills,
auto-signatures,SI-PML,Prizms Mojo,true,25,Patty Mills,
auto-signatures,SI-PML,Prizms Gold,true,10,Patty Mills,
auto-signatures,SI-PML,Prizms Choice Green,true,8,Patty Mills,
auto-signatures,SI-PML,Prizms Black,true,1,Patty Mills,
insert-fearless,3,Fast Break,false,,Tim Duncan,
insert-fearless,3,Prizms Hyper,false,,Tim Duncan,
insert-fearless,3,Prizms Silver,false,,Tim Duncan,
insert-fearless,3,Prizms Mojo,false,25,Tim Duncan,
insert-fearless,3,Prizms Gold,false,10,Tim Duncan,
insert-fearless,3,Prizms Black,false,1,Tim Duncan,
base,142,Blue Prizms,false,,Lonnie Walker IV,
base,142,Blue Shimmer Prizms,false,,Lonnie Walker IV,
base,142,Blue Wave Prizms,false,,Lonnie Walker IV,
base,142,Choice Blue Prizms,false,,Lonnie Walker IV,
base,142,"Choice Blue, Yellow and Green Prizms",false,,Lonnie Walker IV,
base,142,Choice Green Prizms,false,,Lonnie Walker IV,
base,142,Choice Nebula Prizms,false,,Lonnie Walker IV,
base,142,Choice Red Prizms,false,,Lonnie Walker IV,
base,142,Choice Tiger Stripe Prizms,false,,Lonnie Walker IV,
base,142,Fast Break Blue Prizms,false,,Lonnie Walker IV,
base,142,Fast Break Bronze Prizms,false,,Lonnie Walker IV,
base,142,Fast Break Neon Green Prizms,false,,Lonnie Walker IV,
base,142,Fast Break Prizms,false,,Lonnie Walker IV,
base,142,Fast Break Purple Prizms,false,,Lonnie Walker IV,
base,142,Fast Break Red Prizms,false,,Lonnie Walker IV,
base,142,Gold Prizms,false,,Lonnie Walker IV,
base,142,Gold Shimmer Prizms,false,,Lonnie Walker IV,
base,142,Gold Wave Prizms,false,,Lonnie Walker IV,
base,142,Green Ice Prizms,false,,Lonnie Walker IV,
base,142,Green Prizms,false,,Lonnie Walker IV,
base,142,Green Pulsar Prizms,false,,Lonnie Walker IV,
base,142,Green Shimmer Prizms,false,,Lonnie Walker IV,
base,142,Hyper Prizms,false,,Lonnie Walker IV,
base,142,Lucky Envelopes Prizms,false,,Lonnie Walker IV,
base,142,Mojo Prizms,false,,Lonnie Walker IV,
base,142,Orange Ice Prizms,false,,Lonnie Walker IV,
base,142,Orange Prizms,false,,Lonnie Walker IV,
base,142,Orange Wave Prizms,false,,Lonnie Walker IV,
base,142,Pink Ice Prizms,false,,Lonnie Walker IV,
base,142,Pink Pulsar Prizms,false,,Lonnie Walker IV,
base,142,Purple Ice Prizms,false,,Lonnie Walker IV,
base,142,Purple Prizms,false,,Lonnie Walker IV,
base,142,Purple Pulsar Prizms,false,,Lonnie Walker IV,
base,142,Purple Wave Prizms,false,,Lonnie Walker IV,
base,142,Red Ice Prizms,false,,Lonnie Walker IV,
base,142,Red Prizms,false,,Lonnie Walker IV,
base,142,"Red, White and Blue Prizms",false,,Lonnie Walker IV,
base,142,Ruby Wave Prizms,false,,Lonnie Walker IV,
base,142,Silver Prizms,false,,Lonnie Walker IV,
base,142,White Sparkle Prizm,false,,Lonnie Walker IV,
base,142,Fast Break Pink Prizms,false,,Lonnie Walker IV,
base,142,Black Prizms,false,,Lonnie Walker IV,
base,142,Black Shimmer Prizms,false,,Lonnie Walker IV,
base,142,Blue Ice Prizms,false,,Lonnie Walker IV,
base,142,Black Gold Prizms,false,,Lonnie Walker IV,
auto-fast-break-rookie-autographs,FR-TJN,Gold,true,10,Tre Jones,
auto-fast-break-rookie-autographs,FR-TJN,Black,true,1,Tre Jones,
base,232,Blue Prizms,false,,Bryn Forbes,
base,232,Blue Shimmer Prizms,false,,Bryn Forbes,
base,232,Blue Wave Prizms,false,,Bryn Forbes,
base,232,Choice Blue Prizms,false,,Bryn Forbes,
base,232,"Choice Blue, Yellow and Green Prizms",false,,Bryn Forbes,
base,232,Choice Green Prizms,false,,Bryn Forbes,
base,232,Choice Nebula Prizms,false,,Bryn Forbes,
base,232,Choice Red Prizms,false,,Bryn Forbes,
base,232,Choice Tiger Stripe Prizms,false,,Bryn Forbes,
base,232,Fast Break Blue Prizms,false,,Bryn Forbes,
base,232,Fast Break Bronze Prizms,false,,Bryn Forbes,
base,232,Fast Break Neon Green Prizms,false,,Bryn Forbes,
base,232,Fast Break Prizms,false,,Bryn Forbes,
base,232,Fast Break Purple Prizms,false,,Bryn Forbes,
base,232,Fast Break Red Prizms,false,,Bryn Forbes,
base,232,Gold Prizms,false,,Bryn Forbes,
base,232,Gold Shimmer Prizms,false,,Bryn Forbes,
base,232,Gold Wave Prizms,false,,Bryn Forbes,
base,232,Green Ice Prizms,false,,Bryn Forbes,
base,232,Green Prizms,false,,Bryn Forbes,
base,232,Green Pulsar Prizms,false,,Bryn Forbes,
base,232,Green Shimmer Prizms,false,,Bryn Forbes,
base,232,Hyper Prizms,false,,Bryn Forbes,
base,232,Lucky Envelopes Prizms,false,,Bryn Forbes,
base,232,Mojo Prizms,false,,Bryn Forbes,
base,232,Orange Ice Prizms,false,,Bryn Forbes,
base,232,Orange Prizms,false,,Bryn Forbes,
base,232,Orange Wave Prizms,false,,Bryn Forbes,
base,232,Pink Ice Prizms,false,,Bryn Forbes,
base,232,Pink Pulsar Prizms,false,,Bryn Forbes,
base,232,Purple Ice Prizms,false,,Bryn Forbes,
base,232,Purple Prizms,false,,Bryn Forbes,
base,232,Purple Pulsar Prizms,false,,Bryn Forbes,
base,232,Purple Wave Prizms,false,,Bryn Forbes,
base,232,Red Ice Prizms,false,,Bryn Forbes,
base,232,Red Prizms,false,,Bryn Forbes,
base,232,"Red, White and Blue Prizms",false,,Bryn Forbes,
base,232,Ruby Wave Prizms,false,,Bryn Forbes,
base,232,Silver Prizms,false,,Bryn Forbes,
base,232,White Sparkle Prizm,false,,Bryn Forbes,
base,232,Fast Break Pink Prizms,false,,Bryn Forbes,
base,232,Black Prizms,false,,Bryn Forbes,
base,232,Black Shimmer Prizms,false,,Bryn Forbes,
base,232,Blue Ice Prizms,false,,Bryn Forbes,
base,232,Black Gold Prizms,false,,Bryn Forbes,
auto-fast-break-autographs,FBA-RGY,Gold,true,10,Rudy Gay,
auto-fast-break-autographs,FBA-RGY,Black,true,1,Rudy Gay,
auto-rookie-signatures,RS-TJN,Prizms Silver,true,,Tre Jones,
auto-rookie-signatures,RS-TJN,Prizms Choice,true,,Tre Jones,
auto-rookie-signatures,RS-TJN,Prizms Mojo,true,25,Tre Jones,
auto-rookie-signatures,RS-TJN,Prizms Gold,true,10,Tre Jones,
auto-rookie-signatures,RS-TJN,Prizms Choice Green,true,8,Tre Jones,
auto-rookie-signatures,RS-TJN,Prizms Black,true,1,Tre Jones,
auto-rookie-signatures,RS-TJN,Prizms White Sparkle,true,1,Tre Jones,
auto-fast-break-autographs,FBA-PSK,Gold,true,10,Pascal Siakam,
auto-fast-break-autographs,FBA-PSK,Black,true,1,Pascal Siakam,
base,157,Blue Prizms,false,,Norman Powell,
base,157,Blue Shimmer Prizms,false,,Norman Powell,
base,157,Blue Wave Prizms,false,,Norman Powell,
base,157,Choice Blue Prizms,false,,Norman Powell,
base,157,"Choice Blue, Yellow and Green Prizms",false,,Norman Powell,
base,157,Choice Green Prizms,false,,Norman Powell,
base,157,Choice Nebula Prizms,false,,Norman Powell,
base,157,Choice Red Prizms,false,,Norman Powell,
base,157,Choice Tiger Stripe Prizms,false,,Norman Powell,
base,157,Fast Break Blue Prizms,false,,Norman Powell,
base,157,Fast Break Bronze Prizms,false,,Norman Powell,
base,157,Fast Break Neon Green Prizms,false,,Norman Powell,
base,157,Fast Break Prizms,false,,Norman Powell,
base,157,Fast Break Purple Prizms,false,,Norman Powell,
base,157,Fast Break Red Prizms,false,,Norman Powell,
base,157,Gold Prizms,false,,Norman Powell,
base,157,Gold Shimmer Prizms,false,,Norman Powell,
base,157,Gold Wave Prizms,false,,Norman Powell,
base,157,Green Ice Prizms,false,,Norman Powell,
base,157,Green Prizms,false,,Norman Powell,
base,157,Green Pulsar Prizms,false,,Norman Powell,
base,157,Green Shimmer Prizms,false,,Norman Powell,
base,157,Hyper Prizms,false,,Norman Powell,
base,157,Lucky Envelopes Prizms,false,,Norman Powell,
base,157,Mojo Prizms,false,,Norman Powell,
base,157,Orange Ice Prizms,false,,Norman Powell,
base,157,Orange Prizms,false,,Norman Powell,
base,157,Orange Wave Prizms,false,,Norman Powell,
base,157,Pink Ice Prizms,false,,Norman Powell,
base,157,Pink Pulsar Prizms,false,,Norman Powell,
base,157,Purple Ice Prizms,false,,Norman Powell,
base,157,Purple Prizms,false,,Norman Powell,
base,157,Purple Pulsar Prizms,false,,Norman Powell,
base,157,Purple Wave Prizms,false,,Norman Powell,
base,157,Red Ice Prizms,false,,Norman Powell,
base,157,Red Prizms,false,,Norman Powell,
base,157,"Red, White and Blue Prizms",false,,Norman Powell,
base,157,Ruby Wave Prizms,false,,Norman Powell,
base,157,Silver Prizms,false,,Norman Powell,
base,157,White Sparkle Prizm,false,,Norman Powell,
base,157,Fast Break Pink Prizms,false,,Norman Powell,
base,157,Black Prizms,false,,Norman Powell,
base,157,Black Shimmer Prizms,false,,Norman Powell,
base,157,Blue Ice Prizms,false,,Norman Powell,
base,157,Black Gold Prizms,false,,Norman Powell,
insert-fireworks,21,Prizms Silver,false,,Pascal Siakam,
insert-fireworks,21,Fast Break,false,,Pascal Siakam,
insert-fireworks,21,Prizms Hyper,false,,Pascal Siakam,
insert-fireworks,21,Prizms Mojo,false,25,Pascal Siakam,
insert-fireworks,21,Prizms Gold,false,10,Pascal Siakam,
insert-fireworks,21,Prizms Black,false,1,Pascal Siakam,
base,134,Blue Prizms,false,,Pascal Siakam,
base,134,Blue Shimmer Prizms,false,,Pascal Siakam,
base,134,Blue Wave Prizms,false,,Pascal Siakam,
base,134,Choice Blue Prizms,false,,Pascal Siakam,
base,134,"Choice Blue, Yellow and Green Prizms",false,,Pascal Siakam,
base,134,Choice Green Prizms,false,,Pascal Siakam,
base,134,Choice Nebula Prizms,false,,Pascal Siakam,
base,134,Choice Red Prizms,false,,Pascal Siakam,
base,134,Choice Tiger Stripe Prizms,false,,Pascal Siakam,
base,134,Fast Break Blue Prizms,false,,Pascal Siakam,
base,134,Fast Break Bronze Prizms,false,,Pascal Siakam,
base,134,Fast Break Neon Green Prizms,false,,Pascal Siakam,
base,134,Fast Break Prizms,false,,Pascal Siakam,
base,134,Fast Break Purple Prizms,false,,Pascal Siakam,
base,134,Fast Break Red Prizms,false,,Pascal Siakam,
base,134,Gold Prizms,false,,Pascal Siakam,
base,134,Gold Shimmer Prizms,false,,Pascal Siakam,
base,134,Gold Wave Prizms,false,,Pascal Siakam,
base,134,Green Ice Prizms,false,,Pascal Siakam,
base,134,Green Prizms,false,,Pascal Siakam,
base,134,Green Pulsar Prizms,false,,Pascal Siakam,
base,134,Green Shimmer Prizms,false,,Pascal Siakam,
base,134,Hyper Prizms,false,,Pascal Siakam,
base,134,Lucky Envelopes Prizms,false,,Pascal Siakam,
base,134,Mojo Prizms,false,,Pascal Siakam,
base,134,Orange Ice Prizms,false,,Pascal Siakam,
base,134,Orange Prizms,false,,Pascal Siakam,
base,134,Orange Wave Prizms,false,,Pascal Siakam,
base,134,Pink Ice Prizms,false,,Pascal Siakam,
base,134,Pink Pulsar Prizms,false,,Pascal Siakam,
base,134,Purple Ice Prizms,false,,Pascal Siakam,
base,134,Purple Prizms,false,,Pascal Siakam,
base,134,Purple Pulsar Prizms,false,,Pascal Siakam,
base,134,Purple Wave Prizms,false,,Pascal Siakam,
base,134,Red Ice Prizms,false,,Pascal Siakam,
base,134,Red Prizms,false,,Pascal Siakam,
base,134,"Red, White and Blue Prizms",false,,Pascal Siakam,
base,134,Ruby Wave Prizms,false,,Pascal Siakam,
base,134,Silver Prizms,false,,Pascal Siakam,
base,134,White Sparkle Prizm,false,,Pascal Siakam,
base,134,Fast Break Pink Prizms,false,,Pascal Siakam,
base,134,Black Prizms,false,,Pascal Siakam,
base,134,Black Shimmer Prizms,false,,Pascal Siakam,
base,134,Blue Ice Prizms,false,,Pascal Siakam,
base,134,Black Gold Prizms,false,,Pascal Siakam,
auto-signatures,SI-CBO,Prizms Choice,true,,Chris Boucher,
auto-signatures,SI-CBO,Prizms Silver,true,,Chris Boucher,
auto-signatures,SI-CBO,Prizms Mojo,true,25,Chris Boucher,
auto-signatures,SI-CBO,Prizms Gold,true,10,Chris Boucher,
auto-signatures,SI-CBO,Prizms Choice Green,true,8,Chris Boucher,
auto-signatures,SI-CBO,Prizms Black,true,1,Chris Boucher,
insert-instant-impact,18,Prizms Green,false,,Malachi Flynn,
insert-instant-impact,18,Prizms Silver,false,,Malachi Flynn,
insert-sensational-swatches,SSW-PSC,Prizms Orange Ice,false,,Pascal Siakam,
insert-sensational-swatches,SSW-PSC,Prizms Green Ice,false,56,Pascal Siakam,
insert-sensational-swatches,SSW-PSC,Prime,false,10,Pascal Siakam,
base,206,Blue Prizms,false,,Marc Gasol,
base,206,Blue Shimmer Prizms,false,,Marc Gasol,
base,206,Blue Wave Prizms,false,,Marc Gasol,
base,206,Choice Blue Prizms,false,,Marc Gasol,
base,206,"Choice Blue, Yellow and Green Prizms",false,,Marc Gasol,
base,206,Choice Green Prizms,false,,Marc Gasol,
base,206,Choice Nebula Prizms,false,,Marc Gasol,
base,206,Choice Red Prizms,false,,Marc Gasol,
base,206,Choice Tiger Stripe Prizms,false,,Marc Gasol,
base,206,Fast Break Blue Prizms,false,,Marc Gasol,
base,206,Fast Break Bronze Prizms,false,,Marc Gasol,
base,206,Fast Break Neon Green Prizms,false,,Marc Gasol,
base,206,Fast Break Prizms,false,,Marc Gasol,
base,206,Fast Break Purple Prizms,false,,Marc Gasol,
base,206,Fast Break Red Prizms,false,,Marc Gasol,
base,206,Gold Prizms,false,,Marc Gasol,
base,206,Gold Shimmer Prizms,false,,Marc Gasol,
base,206,Gold Wave Prizms,false,,Marc Gasol,
base,206,Green Ice Prizms,false,,Marc Gasol,
base,206,Green Prizms,false,,Marc Gasol,
base,206,Green Pulsar Prizms,false,,Marc Gasol,
base,206,Green Shimmer Prizms,false,,Marc Gasol,
base,206,Hyper Prizms,false,,Marc Gasol,
base,206,Lucky Envelopes Prizms,false,,Marc Gasol,
base,206,Mojo Prizms,false,,Marc Gasol,
base,206,Orange Ice Prizms,false,,Marc Gasol,
base,206,Orange Prizms,false,,Marc Gasol,
base,206,Orange Wave Prizms,false,,Marc Gasol,
base,206,Pink Ice Prizms,false,,Marc Gasol,
base,206,Pink Pulsar Prizms,false,,Marc Gasol,
base,206,Purple Ice Prizms,false,,Marc Gasol,
base,206,Purple Prizms,false,,Marc Gasol,
base,206,Purple Pulsar Prizms,false,,Marc Gasol,
base,206,Purple Wave Prizms,false,,Marc Gasol,
base,206,Red Ice Prizms,false,,Marc Gasol,
base,206,Red Prizms,false,,Marc Gasol,
base,206,"Red, White and Blue Prizms",false,,Marc Gasol,
base,206,Ruby Wave Prizms,false,,Marc Gasol,
base,206,Silver Prizms,false,,Marc Gasol,
base,206,White Sparkle Prizm,false,,Marc Gasol,
base,206,Fast Break Pink Prizms,false,,Marc Gasol,
base,206,Black Prizms,false,,Marc Gasol,
base,206,Black Shimmer Prizms,false,,Marc Gasol,
base,206,Blue Ice Prizms,false,,Marc Gasol,
base,206,Black Gold Prizms,false,,Marc Gasol,
base,215,Blue Prizms,false,,Fred VanVleet,
base,215,Blue Shimmer Prizms,false,,Fred VanVleet,
base,215,Blue Wave Prizms,false,,Fred VanVleet,
base,215,Choice Blue Prizms,false,,Fred VanVleet,
base,215,"Choice Blue, Yellow and Green Prizms",false,,Fred VanVleet,
base,215,Choice Green Prizms,false,,Fred VanVleet,
base,215,Choice Nebula Prizms,false,,Fred VanVleet,
base,215,Choice Red Prizms,false,,Fred VanVleet,
base,215,Choice Tiger Stripe Prizms,false,,Fred VanVleet,
base,215,Fast Break Blue Prizms,false,,Fred VanVleet,
base,215,Fast Break Bronze Prizms,false,,Fred VanVleet,
base,215,Fast Break Neon Green Prizms,false,,Fred VanVleet,
base,215,Fast Break Prizms,false,,Fred VanVleet,
base,215,Fast Break Purple Prizms,false,,Fred VanVleet,
base,215,Fast Break Red Prizms,false,,Fred VanVleet,
base,215,Gold Prizms,false,,Fred VanVleet,
base,215,Gold Shimmer Prizms,false,,Fred VanVleet,
base,215,Gold Wave Prizms,false,,Fred VanVleet,
base,215,Green Ice Prizms,false,,Fred VanVleet,
base,215,Green Prizms,false,,Fred VanVleet,
base,215,Green Pulsar Prizms,false,,Fred VanVleet,
base,215,Green Shimmer Prizms,false,,Fred VanVleet,
base,215,Hyper Prizms,false,,Fred VanVleet,
base,215,Lucky Envelopes Prizms,false,,Fred VanVleet,
base,215,Mojo Prizms,false,,Fred VanVleet,
base,215,Orange Ice Prizms,false,,Fred VanVleet,
base,215,Orange Prizms,false,,Fred VanVleet,
base,215,Orange Wave Prizms,false,,Fred VanVleet,
base,215,Pink Ice Prizms,false,,Fred VanVleet,
base,215,Pink Pulsar Prizms,false,,Fred VanVleet,
base,215,Purple Ice Prizms,false,,Fred VanVleet,
base,215,Purple Prizms,false,,Fred VanVleet,
base,215,Purple Pulsar Prizms,false,,Fred VanVleet,
base,215,Purple Wave Prizms,false,,Fred VanVleet,
base,215,Red Ice Prizms,false,,Fred VanVleet,
base,215,Red Prizms,false,,Fred VanVleet,
base,215,"Red, White and Blue Prizms",false,,Fred VanVleet,
base,215,Ruby Wave Prizms,false,,Fred VanVleet,
base,215,Silver Prizms,false,,Fred VanVleet,
base,215,White Sparkle Prizm,false,,Fred VanVleet,
base,215,Fast Break Pink Prizms,false,,Fred VanVleet,
base,215,Black Prizms,false,,Fred VanVleet,
base,215,Black Shimmer Prizms,false,,Fred VanVleet,
base,215,Blue Ice Prizms,false,,Fred VanVleet,
base,215,Black Gold Prizms,false,,Fred VanVleet,
insert-downtown-bound,1,Fast Break,false,,Kyle Lowry,
insert-downtown-bound,1,Prizms Hyper,false,,Kyle Lowry,
insert-downtown-bound,1,Prizms Silver,false,,Kyle Lowry,
insert-downtown-bound,1,Prizms Mojo,false,25,Kyle Lowry,
insert-downtown-bound,1,Prizms Gold,false,10,Kyle Lowry,
insert-downtown-bound,1,Prizms Black,false,1,Kyle Lowry,
base,287,Blue Prizms,false,,Malachi Flynn,
base,287,Blue Shimmer Prizms,false,,Malachi Flynn,
base,287,Blue Wave Prizms,false,,Malachi Flynn,
base,287,Choice Blue Prizms,false,,Malachi Flynn,
base,287,"Choice Blue, Yellow and Green Prizms",false,,Malachi Flynn,
base,287,Choice Green Prizms,false,,Malachi Flynn,
base,287,Choice Nebula Prizms,false,,Malachi Flynn,
base,287,Choice Red Prizms,false,,Malachi Flynn,
base,287,Choice Tiger Stripe Prizms,false,,Malachi Flynn,
base,287,Fast Break Blue Prizms,false,,Malachi Flynn,
base,287,Fast Break Bronze Prizms,false,,Malachi Flynn,
base,287,Fast Break Neon Green Prizms,false,,Malachi Flynn,
base,287,Fast Break Prizms,false,,Malachi Flynn,
base,287,Fast Break Purple Prizms,false,,Malachi Flynn,
base,287,Fast Break Red Prizms,false,,Malachi Flynn,
base,287,Gold Prizms,false,,Malachi Flynn,
base,287,Gold Shimmer Prizms,false,,Malachi Flynn,
base,287,Gold Wave Prizms,false,,Malachi Flynn,
base,287,Green Ice Prizms,false,,Malachi Flynn,
base,287,Green Prizms,false,,Malachi Flynn,
base,287,Green Pulsar Prizms,false,,Malachi Flynn,
base,287,Green Shimmer Prizms,false,,Malachi Flynn,
base,287,Hyper Prizms,false,,Malachi Flynn,
base,287,Lucky Envelopes Prizms,false,,Malachi Flynn,
base,287,Mojo Prizms,false,,Malachi Flynn,
base,287,Orange Ice Prizms,false,,Malachi Flynn,
base,287,Orange Prizms,false,,Malachi Flynn,
base,287,Orange Wave Prizms,false,,Malachi Flynn,
base,287,Pink Ice Prizms,false,,Malachi Flynn,
base,287,Pink Pulsar Prizms,false,,Malachi Flynn,
base,287,Purple Ice Prizms,false,,Malachi Flynn,
base,287,Purple Prizms,false,,Malachi Flynn,
base,287,Purple Pulsar Prizms,false,,Malachi Flynn,
base,287,Purple Wave Prizms,false,,Malachi Flynn,
base,287,Red Ice Prizms,false,,Malachi Flynn,
base,287,Red Prizms,false,,Malachi Flynn,
base,287,"Red, White and Blue Prizms",false,,Malachi Flynn,
base,287,Ruby Wave Prizms,false,,Malachi Flynn,
base,287,Silver Prizms,false,,Malachi Flynn,
base,287,White Sparkle Prizm,false,,Malachi Flynn,
base,287,Fast Break Pink Prizms,false,,Malachi Flynn,
base,287,Black Prizms,false,,Malachi Flynn,
base,287,Black Shimmer Prizms,false,,Malachi Flynn,
base,287,Blue Ice Prizms,false,,Malachi Flynn,
base,287,Black Gold Prizms,false,,Malachi Flynn,
base,197,Blue Prizms,false,,Terence Davis,
base,197,Blue Shimmer Prizms,false,,Terence Davis,
base,197,Blue Wave Prizms,false,,Terence Davis,
base,197,Choice Blue Prizms,false,,Terence Davis,
base,197,"Choice Blue, Yellow and Green Prizms",false,,Terence Davis,
base,197,Choice Green Prizms,false,,Terence Davis,
base,197,Choice Nebula Prizms,false,,Terence Davis,
base,197,Choice Red Prizms,false,,Terence Davis,
base,197,Choice Tiger Stripe Prizms,false,,Terence Davis,
base,197,Fast Break Blue Prizms,false,,Terence Davis,
base,197,Fast Break Bronze Prizms,false,,Terence Davis,
base,197,Fast Break Neon Green Prizms,false,,Terence Davis,
base,197,Fast Break Prizms,false,,Terence Davis,
base,197,Fast Break Purple Prizms,false,,Terence Davis,
base,197,Fast Break Red Prizms,false,,Terence Davis,
base,197,Gold Prizms,false,,Terence Davis,
base,197,Gold Shimmer Prizms,false,,Terence Davis,
base,197,Gold Wave Prizms,false,,Terence Davis,
base,197,Green Ice Prizms,false,,Terence Davis,
base,197,Green Prizms,false,,Terence Davis,
base,197,Green Pulsar Prizms,false,,Terence Davis,
base,197,Green Shimmer Prizms,false,,Terence Davis,
base,197,Hyper Prizms,false,,Terence Davis,
base,197,Lucky Envelopes Prizms,false,,Terence Davis,
base,197,Mojo Prizms,false,,Terence Davis,
base,197,Orange Ice Prizms,false,,Terence Davis,
base,197,Orange Prizms,false,,Terence Davis,
base,197,Orange Wave Prizms,false,,Terence Davis,
base,197,Pink Ice Prizms,false,,Terence Davis,
base,197,Pink Pulsar Prizms,false,,Terence Davis,
base,197,Purple Ice Prizms,false,,Terence Davis,
base,197,Purple Prizms,false,,Terence Davis,
base,197,Purple Pulsar Prizms,false,,Terence Davis,
base,197,Purple Wave Prizms,false,,Terence Davis,
base,197,Red Ice Prizms,false,,Terence Davis,
base,197,Red Prizms,false,,Terence Davis,
base,197,"Red, White and Blue Prizms",false,,Terence Davis,
base,197,Ruby Wave Prizms,false,,Terence Davis,
base,197,Silver Prizms,false,,Terence Davis,
base,197,White Sparkle Prizm,false,,Terence Davis,
base,197,Fast Break Pink Prizms,false,,Terence Davis,
base,197,Black Prizms,false,,Terence Davis,
base,197,Black Shimmer Prizms,false,,Terence Davis,
base,197,Blue Ice Prizms,false,,Terence Davis,
base,197,Black Gold Prizms,false,,Terence Davis,
insert-sensational-swatches,SSW-SER,Prizms Orange Ice,false,,Serge Ibaka,
insert-sensational-swatches,SSW-SER,Prizms Green Ice,false,56,Serge Ibaka,
insert-sensational-swatches,SSW-SER,Prime,false,10,Serge Ibaka,
insert-dominance,20,Prizms Green,false,,Pascal Siakam,
insert-dominance,20,Prizms Silver,false,,Pascal Siakam,
auto-rookie-signatures,RS-MFL,Prizms Silver,true,,Malachi Flynn,
auto-rookie-signatures,RS-MFL,Prizms Choice,true,,Malachi Flynn,
auto-rookie-signatures,RS-MFL,Prizms Mojo,true,25,Malachi Flynn,
auto-rookie-signatures,RS-MFL,Prizms Gold,true,10,Malachi Flynn,
auto-rookie-signatures,RS-MFL,Prizms Choice Green,true,8,Malachi Flynn,
auto-rookie-signatures,RS-MFL,Prizms Black,true,1,Malachi Flynn,
auto-rookie-signatures,RS-MFL,Prizms White Sparkle,true,1,Malachi Flynn,
base,103,Blue Prizms,false,,Kyle Lowry,
base,103,Blue Shimmer Prizms,false,,Kyle Lowry,
base,103,Blue Wave Prizms,false,,Kyle Lowry,
base,103,Choice Blue Prizms,false,,Kyle Lowry,
base,103,"Choice Blue, Yellow and Green Prizms",false,,Kyle Lowry,
base,103,Choice Green Prizms,false,,Kyle Lowry,
base,103,Choice Nebula Prizms,false,,Kyle Lowry,
base,103,Choice Red Prizms,false,,Kyle Lowry,
base,103,Choice Tiger Stripe Prizms,false,,Kyle Lowry,
base,103,Fast Break Blue Prizms,false,,Kyle Lowry,
base,103,Fast Break Bronze Prizms,false,,Kyle Lowry,
base,103,Fast Break Neon Green Prizms,false,,Kyle Lowry,
base,103,Fast Break Prizms,false,,Kyle Lowry,
base,103,Fast Break Purple Prizms,false,,Kyle Lowry,
base,103,Fast Break Red Prizms,false,,Kyle Lowry,
base,103,Gold Prizms,false,,Kyle Lowry,
base,103,Gold Shimmer Prizms,false,,Kyle Lowry,
base,103,Gold Wave Prizms,false,,Kyle Lowry,
base,103,Green Ice Prizms,false,,Kyle Lowry,
base,103,Green Prizms,false,,Kyle Lowry,
base,103,Green Pulsar Prizms,false,,Kyle Lowry,
base,103,Green Shimmer Prizms,false,,Kyle Lowry,
base,103,Hyper Prizms,false,,Kyle Lowry,
base,103,Lucky Envelopes Prizms,false,,Kyle Lowry,
base,103,Mojo Prizms,false,,Kyle Lowry,
base,103,Orange Ice Prizms,false,,Kyle Lowry,
base,103,Orange Prizms,false,,Kyle Lowry,
base,103,Orange Wave Prizms,false,,Kyle Lowry,
base,103,Pink Ice Prizms,false,,Kyle Lowry,
base,103,Pink Pulsar Prizms,false,,Kyle Lowry,
base,103,Purple Ice Prizms,false,,Kyle Lowry,
base,103,Purple Prizms,false,,Kyle Lowry,
base,103,Purple Pulsar Prizms,false,,Kyle Lowry,
base,103,Purple Wave Prizms,false,,Kyle Lowry,
base,103,Red Ice Prizms,false,,Kyle Lowry,
base,103,Red Prizms,false,,Kyle Lowry,
base,103,"Red, White and Blue Prizms",false,,Kyle Lowry,
base,103,Ruby Wave Prizms,false,,Kyle Lowry,
base,103,Silver Prizms,false,,Kyle Lowry,
base,103,White Sparkle Prizm,false,,Kyle Lowry,
base,103,Fast Break Pink Prizms,false,,Kyle Lowry,
base,103,Black Prizms,false,,Kyle Lowry,
base,103,Black Shimmer Prizms,false,,Kyle Lowry,
base,103,Blue Ice Prizms,false,,Kyle Lowry,
base,103,Black Gold Prizms,false,,Kyle Lowry,
base,246,Blue Prizms,false,,Serge Ibaka,
base,246,Blue Shimmer Prizms,false,,Serge Ibaka,
base,246,Blue Wave Prizms,false,,Serge Ibaka,
base,246,Choice Blue Prizms,false,,Serge Ibaka,
base,246,"Choice Blue, Yellow and Green Prizms",false,,Serge Ibaka,
base,246,Choice Green Prizms,false,,Serge Ibaka,
base,246,Choice Nebula Prizms,false,,Serge Ibaka,
base,246,Choice Red Prizms,false,,Serge Ibaka,
base,246,Choice Tiger Stripe Prizms,false,,Serge Ibaka,
base,246,Fast Break Blue Prizms,false,,Serge Ibaka,
base,246,Fast Break Bronze Prizms,false,,Serge Ibaka,
base,246,Fast Break Neon Green Prizms,false,,Serge Ibaka,
base,246,Fast Break Prizms,false,,Serge Ibaka,
base,246,Fast Break Purple Prizms,false,,Serge Ibaka,
base,246,Fast Break Red Prizms,false,,Serge Ibaka,
base,246,Gold Prizms,false,,Serge Ibaka,
base,246,Gold Shimmer Prizms,false,,Serge Ibaka,
base,246,Gold Wave Prizms,false,,Serge Ibaka,
base,246,Green Ice Prizms,false,,Serge Ibaka,
base,246,Green Prizms,false,,Serge Ibaka,
base,246,Green Pulsar Prizms,false,,Serge Ibaka,
base,246,Green Shimmer Prizms,false,,Serge Ibaka,
base,246,Hyper Prizms,false,,Serge Ibaka,
base,246,Lucky Envelopes Prizms,false,,Serge Ibaka,
base,246,Mojo Prizms,false,,Serge Ibaka,
base,246,Orange Ice Prizms,false,,Serge Ibaka,
base,246,Orange Prizms,false,,Serge Ibaka,
base,246,Orange Wave Prizms,false,,Serge Ibaka,
base,246,Pink Ice Prizms,false,,Serge Ibaka,
base,246,Pink Pulsar Prizms,false,,Serge Ibaka,
base,246,Purple Ice Prizms,false,,Serge Ibaka,
base,246,Purple Prizms,false,,Serge Ibaka,
base,246,Purple Pulsar Prizms,false,,Serge Ibaka,
base,246,Purple Wave Prizms,false,,Serge Ibaka,
base,246,Red Ice Prizms,false,,Serge Ibaka,
base,246,Red Prizms,false,,Serge Ibaka,
base,246,"Red, White and Blue Prizms",false,,Serge Ibaka,
base,246,Ruby Wave Prizms,false,,Serge Ibaka,
base,246,Silver Prizms,false,,Serge Ibaka,
base,246,White Sparkle Prizm,false,,Serge Ibaka,
base,246,Fast Break Pink Prizms,false,,Serge Ibaka,
base,246,Black Prizms,false,,Serge Ibaka,
base,246,Black Shimmer Prizms,false,,Serge Ibaka,
base,246,Blue Ice Prizms,false,,Serge Ibaka,
base,246,Black Gold Prizms,false,,Serge Ibaka,
insert-rookie-penmanship,RP-MFL,Prizms Orange Ice,false,,Malachi Flynn,
insert-rookie-penmanship,RP-MFL,Prizms Blue Wave,false,,Malachi Flynn,
insert-rookie-penmanship,RP-MFL,Prizms Silver,false,,Malachi Flynn,
insert-rookie-penmanship,RP-MFL,Prizms Gold Wave,false,,Malachi Flynn,
insert-rookie-penmanship,RP-MFL,Prizms Green Ice,false,16,Malachi Flynn,
insert-emergent,16,Prizms Green,false,,Malachi Flynn,
insert-emergent,16,Prizms Silver,false,,Malachi Flynn,
auto-sensational-signatures,SS-MFL,Prizms Silver,true,,Malachi Flynn,
auto-sensational-signatures,SS-MFL,Prizms Choice,true,,Malachi Flynn,
auto-sensational-signatures,SS-MFL,Prizms Mojo,true,25,Malachi Flynn,
auto-sensational-signatures,SS-MFL,Prizms Gold,true,10,Malachi Flynn,
auto-sensational-signatures,SS-MFL,Prizms Choice Green,true,8,Malachi Flynn,
auto-sensational-signatures,SS-MFL,Prizms Black,true,1,Malachi Flynn,
insert-sensational-swatches,SSW-KLW,Prizms Orange Ice,false,,Kyle Lowry,
insert-sensational-swatches,SSW-KLW,Prizms Green Ice,false,56,Kyle Lowry,
insert-sensational-swatches,SSW-KLW,Prime,false,10,Kyle Lowry,
base,117,Blue Prizms,false,,Vince Carter,
base,117,Blue Shimmer Prizms,false,,Vince Carter,
base,117,Blue Wave Prizms,false,,Vince Carter,
base,117,Choice Blue Prizms,false,,Vince Carter,
base,117,"Choice Blue, Yellow and Green Prizms",false,,Vince Carter,
base,117,Choice Green Prizms,false,,Vince Carter,
base,117,Choice Nebula Prizms,false,,Vince Carter,
base,117,Choice Red Prizms,false,,Vince Carter,
base,117,Choice Tiger Stripe Prizms,false,,Vince Carter,
base,117,Fast Break Blue Prizms,false,,Vince Carter,
base,117,Fast Break Bronze Prizms,false,,Vince Carter,
base,117,Fast Break Neon Green Prizms,false,,Vince Carter,
base,117,Fast Break Prizms,false,,Vince Carter,
base,117,Fast Break Purple Prizms,false,,Vince Carter,
base,117,Fast Break Red Prizms,false,,Vince Carter,
base,117,Gold Prizms,false,,Vince Carter,
base,117,Gold Shimmer Prizms,false,,Vince Carter,
base,117,Gold Wave Prizms,false,,Vince Carter,
base,117,Green Ice Prizms,false,,Vince Carter,
base,117,Green Prizms,false,,Vince Carter,
base,117,Green Pulsar Prizms,false,,Vince Carter,
base,117,Green Shimmer Prizms,false,,Vince Carter,
base,117,Hyper Prizms,false,,Vince Carter,
base,117,Lucky Envelopes Prizms,false,,Vince Carter,
base,117,Mojo Prizms,false,,Vince Carter,
base,117,Orange Ice Prizms,false,,Vince Carter,
base,117,Orange Prizms,false,,Vince Carter,
base,117,Orange Wave Prizms,false,,Vince Carter,
base,117,Pink Ice Prizms,false,,Vince Carter,
base,117,Pink Pulsar Prizms,false,,Vince Carter,
base,117,Purple Ice Prizms,false,,Vince Carter,
base,117,Purple Prizms,false,,Vince Carter,
base,117,Purple Pulsar Prizms,false,,Vince Carter,
base,117,Purple Wave Prizms,false,,Vince Carter,
base,117,Red Ice Prizms,false,,Vince Carter,
base,117,Red Prizms,false,,Vince Carter,
base,117,"Red, White and Blue Prizms",false,,Vince Carter,
base,117,Ruby Wave Prizms,false,,Vince Carter,
base,117,Silver Prizms,false,,Vince Carter,
base,117,White Sparkle Prizm,false,,Vince Carter,
base,117,Fast Break Pink Prizms,false,,Vince Carter,
base,117,Black Prizms,false,,Vince Carter,
base,117,Black Shimmer Prizms,false,,Vince Carter,
base,117,Blue Ice Prizms,false,,Vince Carter,
base,117,Black Gold Prizms,false,,Vince Carter,
insert-emergent,20,Prizms Green,false,,Malachi Flynn,
insert-emergent,20,Prizms Silver,false,,Malachi Flynn,
base,211,Blue Prizms,false,,OG Anunoby,
base,211,Blue Shimmer Prizms,false,,OG Anunoby,
base,211,Blue Wave Prizms,false,,OG Anunoby,
base,211,Choice Blue Prizms,false,,OG Anunoby,
base,211,"Choice Blue, Yellow and Green Prizms",false,,OG Anunoby,
base,211,Choice Green Prizms,false,,OG Anunoby,
base,211,Choice Nebula Prizms,false,,OG Anunoby,
base,211,Choice Red Prizms,false,,OG Anunoby,
base,211,Choice Tiger Stripe Prizms,false,,OG Anunoby,
base,211,Fast Break Blue Prizms,false,,OG Anunoby,
base,211,Fast Break Bronze Prizms,false,,OG Anunoby,
base,211,Fast Break Neon Green Prizms,false,,OG Anunoby,
base,211,Fast Break Prizms,false,,OG Anunoby,
base,211,Fast Break Purple Prizms,false,,OG Anunoby,
base,211,Fast Break Red Prizms,false,,OG Anunoby,
base,211,Gold Prizms,false,,OG Anunoby,
base,211,Gold Shimmer Prizms,false,,OG Anunoby,
base,211,Gold Wave Prizms,false,,OG Anunoby,
base,211,Green Ice Prizms,false,,OG Anunoby,
base,211,Green Prizms,false,,OG Anunoby,
base,211,Green Pulsar Prizms,false,,OG Anunoby,
base,211,Green Shimmer Prizms,false,,OG Anunoby,
base,211,Hyper Prizms,false,,OG Anunoby,
base,211,Lucky Envelopes Prizms,false,,OG Anunoby,
base,211,Mojo Prizms,false,,OG Anunoby,
base,211,Orange Ice Prizms,false,,OG Anunoby,
base,211,Orange Prizms,false,,OG Anunoby,
base,211,Orange Wave Prizms,false,,OG Anunoby,
base,211,Pink Ice Prizms,false,,OG Anunoby,
base,211,Pink Pulsar Prizms,false,,OG Anunoby,
base,211,Purple Ice Prizms,false,,OG Anunoby,
base,211,Purple Prizms,false,,OG Anunoby,
base,211,Purple Pulsar Prizms,false,,OG Anunoby,
base,211,Purple Wave Prizms,false,,OG Anunoby,
base,211,Red Ice Prizms,false,,OG Anunoby,
base,211,Red Prizms,false,,OG Anunoby,
base,211,"Red, White and Blue Prizms",false,,OG Anunoby,
base,211,Ruby Wave Prizms,false,,OG Anunoby,
base,211,Silver Prizms,false,,OG Anunoby,
base,211,White Sparkle Prizm,false,,OG Anunoby,
base,211,Fast Break Pink Prizms,false,,OG Anunoby,
base,211,Black Prizms,false,,OG Anunoby,
base,211,Black Shimmer Prizms,false,,OG Anunoby,
base,211,Blue Ice Prizms,false,,OG Anunoby,
base,211,Black Gold Prizms,false,,OG Anunoby,
auto-fast-break-rookie-autographs,FR-MFL,Gold,true,10,Malachi Flynn,
auto-fast-break-rookie-autographs,FR-MFL,Black,true,1,Malachi Flynn,
auto-fast-break-autographs,FBA-NPO,Gold,true,10,Norman Powell,
auto-fast-break-autographs,FBA-NPO,Black,true,1,Norman Powell,
insert-usa-basketball,4,Prizms Green,false,,Kevin Garnett,
insert-usa-basketball,4,Prizms Silver,false,,Kevin Garnett,
insert-usa-basketball,9,Prizms Green,false,,Dwyane Wade,
insert-usa-basketball,9,Prizms Silver,false,,Dwyane Wade,
insert-usa-basketball,7,Prizms Green,false,,Magic Johnson,
insert-usa-basketball,7,Prizms Silver,false,,Magic Johnson,
insert-usa-basketball,3,Prizms Green,false,,Kevin Durant,
insert-usa-basketball,3,Prizms Silver,false,,Kevin Durant,
insert-usa-basketball,6,Prizms Green,false,,Clyde Drexler,
insert-usa-basketball,6,Prizms Silver,false,,Clyde Drexler,
insert-usa-basketball,8,Prizms Green,false,,Anthony Davis,
insert-usa-basketball,8,Prizms Silver,false,,Anthony Davis,
insert-usa-basketball,2,Prizms Green,false,,Charles Barkley,
insert-usa-basketball,2,Prizms Silver,false,,Charles Barkley,
insert-usa-basketball,5,Prizms Green,false,,David Robinson,
insert-usa-basketball,5,Prizms Silver,false,,David Robinson,
insert-usa-basketball,1,Prizms Green,false,,Allen Iverson,
insert-usa-basketball,1,Prizms Silver,false,,Allen Iverson,
insert-usa-basketball,10,Prizms Green,false,,Stephen Curry,
insert-usa-basketball,10,Prizms Silver,false,,Stephen Curry,
insert-sensational-swatches,SSW-RJE,Prizms Orange Ice,false,,Richard Jefferson,
insert-sensational-swatches,SSW-RJE,Prizms Green Ice,false,56,Richard Jefferson,
insert-sensational-swatches,SSW-RJE,Prime,false,10,Richard Jefferson,
auto-fast-break-autographs,FBA-DMI,Gold,true,10,Donovan Mitchell,
auto-fast-break-autographs,FBA-DMI,Black,true,1,Donovan Mitchell,
insert-sensational-swatches,SSW-JOE,Prizms Orange Ice,false,,Joe Ingles,
insert-sensational-swatches,SSW-JOE,Prizms Green Ice,false,56,Joe Ingles,
insert-sensational-swatches,SSW-JOE,Prime,false,10,Joe Ingles,
insert-sensational-swatches,SSW-RGO,Prizms Orange Ice,false,,Rudy Gobert,
insert-sensational-swatches,SSW-RGO,Prizms Green Ice,false,56,Rudy Gobert,
insert-sensational-swatches,SSW-RGO,Prime,false,10,Rudy Gobert,
base,176,Blue Prizms,false,,Emmanuel Mudiay,
base,176,Blue Shimmer Prizms,false,,Emmanuel Mudiay,
base,176,Blue Wave Prizms,false,,Emmanuel Mudiay,
base,176,Choice Blue Prizms,false,,Emmanuel Mudiay,
base,176,"Choice Blue, Yellow and Green Prizms",false,,Emmanuel Mudiay,
base,176,Choice Green Prizms,false,,Emmanuel Mudiay,
base,176,Choice Nebula Prizms,false,,Emmanuel Mudiay,
base,176,Choice Red Prizms,false,,Emmanuel Mudiay,
base,176,Choice Tiger Stripe Prizms,false,,Emmanuel Mudiay,
base,176,Fast Break Blue Prizms,false,,Emmanuel Mudiay,
base,176,Fast Break Bronze Prizms,false,,Emmanuel Mudiay,
base,176,Fast Break Neon Green Prizms,false,,Emmanuel Mudiay,
base,176,Fast Break Prizms,false,,Emmanuel Mudiay,
base,176,Fast Break Purple Prizms,false,,Emmanuel Mudiay,
base,176,Fast Break Red Prizms,false,,Emmanuel Mudiay,
base,176,Gold Prizms,false,,Emmanuel Mudiay,
base,176,Gold Shimmer Prizms,false,,Emmanuel Mudiay,
base,176,Gold Wave Prizms,false,,Emmanuel Mudiay,
base,176,Green Ice Prizms,false,,Emmanuel Mudiay,
base,176,Green Prizms,false,,Emmanuel Mudiay,
base,176,Green Pulsar Prizms,false,,Emmanuel Mudiay,
base,176,Green Shimmer Prizms,false,,Emmanuel Mudiay,
base,176,Hyper Prizms,false,,Emmanuel Mudiay,
base,176,Lucky Envelopes Prizms,false,,Emmanuel Mudiay,
base,176,Mojo Prizms,false,,Emmanuel Mudiay,
base,176,Orange Ice Prizms,false,,Emmanuel Mudiay,
base,176,Orange Prizms,false,,Emmanuel Mudiay,
base,176,Orange Wave Prizms,false,,Emmanuel Mudiay,
base,176,Pink Ice Prizms,false,,Emmanuel Mudiay,
base,176,Pink Pulsar Prizms,false,,Emmanuel Mudiay,
base,176,Purple Ice Prizms,false,,Emmanuel Mudiay,
base,176,Purple Prizms,false,,Emmanuel Mudiay,
base,176,Purple Pulsar Prizms,false,,Emmanuel Mudiay,
base,176,Purple Wave Prizms,false,,Emmanuel Mudiay,
base,176,Red Ice Prizms,false,,Emmanuel Mudiay,
base,176,Red Prizms,false,,Emmanuel Mudiay,
base,176,"Red, White and Blue Prizms",false,,Emmanuel Mudiay,
base,176,Ruby Wave Prizms,false,,Emmanuel Mudiay,
base,176,Silver Prizms,false,,Emmanuel Mudiay,
base,176,White Sparkle Prizm,false,,Emmanuel Mudiay,
base,176,Fast Break Pink Prizms,false,,Emmanuel Mudiay,
base,176,Black Prizms,false,,Emmanuel Mudiay,
base,176,Black Shimmer Prizms,false,,Emmanuel Mudiay,
base,176,Blue Ice Prizms,false,,Emmanuel Mudiay,
base,176,Black Gold Prizms,false,,Emmanuel Mudiay,
insert-sensational-swatches,SSW-DMI,Prizms Orange Ice,false,,Donovan Mitchell,
insert-sensational-swatches,SSW-DMI,Prizms Green Ice,false,56,Donovan Mitchell,
insert-sensational-swatches,SSW-DMI,Prime,false,10,Donovan Mitchell,
insert-penmanship,PE-KML,Prizms Orange Ice,false,,Karl Malone,
insert-penmanship,PE-KML,Prizms Silver,false,,Karl Malone,
insert-penmanship,PE-KML,Prizms Green Ice,false,16,Karl Malone,
insert-penmanship,PE-MON,Prizms Orange Ice,false,,Miye Oni,
insert-penmanship,PE-MON,Prizms Silver,false,,Miye Oni,
insert-penmanship,PE-MON,Prizms Green Ice,false,16,Miye Oni,
base,135,Blue Prizms,false,,Jordan Clarkson,
base,135,Blue Shimmer Prizms,false,,Jordan Clarkson,
base,135,Blue Wave Prizms,false,,Jordan Clarkson,
base,135,Choice Blue Prizms,false,,Jordan Clarkson,
base,135,"Choice Blue, Yellow and Green Prizms",false,,Jordan Clarkson,
base,135,Choice Green Prizms,false,,Jordan Clarkson,
base,135,Choice Nebula Prizms,false,,Jordan Clarkson,
base,135,Choice Red Prizms,false,,Jordan Clarkson,
base,135,Choice Tiger Stripe Prizms,false,,Jordan Clarkson,
base,135,Fast Break Blue Prizms,false,,Jordan Clarkson,
base,135,Fast Break Bronze Prizms,false,,Jordan Clarkson,
base,135,Fast Break Neon Green Prizms,false,,Jordan Clarkson,
base,135,Fast Break Prizms,false,,Jordan Clarkson,
base,135,Fast Break Purple Prizms,false,,Jordan Clarkson,
base,135,Fast Break Red Prizms,false,,Jordan Clarkson,
base,135,Gold Prizms,false,,Jordan Clarkson,
base,135,Gold Shimmer Prizms,false,,Jordan Clarkson,
base,135,Gold Wave Prizms,false,,Jordan Clarkson,
base,135,Green Ice Prizms,false,,Jordan Clarkson,
base,135,Green Prizms,false,,Jordan Clarkson,
base,135,Green Pulsar Prizms,false,,Jordan Clarkson,
base,135,Green Shimmer Prizms,false,,Jordan Clarkson,
base,135,Hyper Prizms,false,,Jordan Clarkson,
base,135,Lucky Envelopes Prizms,false,,Jordan Clarkson,
base,135,Mojo Prizms,false,,Jordan Clarkson,
base,135,Orange Ice Prizms,false,,Jordan Clarkson,
base,135,Orange Prizms,false,,Jordan Clarkson,
base,135,Orange Wave Prizms,false,,Jordan Clarkson,
base,135,Pink Ice Prizms,false,,Jordan Clarkson,
base,135,Pink Pulsar Prizms,false,,Jordan Clarkson,
base,135,Purple Ice Prizms,false,,Jordan Clarkson,
base,135,Purple Prizms,false,,Jordan Clarkson,
base,135,Purple Pulsar Prizms,false,,Jordan Clarkson,
base,135,Purple Wave Prizms,false,,Jordan Clarkson,
base,135,Red Ice Prizms,false,,Jordan Clarkson,
base,135,Red Prizms,false,,Jordan Clarkson,
base,135,"Red, White and Blue Prizms",false,,Jordan Clarkson,
base,135,Ruby Wave Prizms,false,,Jordan Clarkson,
base,135,Silver Prizms,false,,Jordan Clarkson,
base,135,White Sparkle Prizm,false,,Jordan Clarkson,
base,135,Fast Break Pink Prizms,false,,Jordan Clarkson,
base,135,Black Prizms,false,,Jordan Clarkson,
base,135,Black Shimmer Prizms,false,,Jordan Clarkson,
base,135,Blue Ice Prizms,false,,Jordan Clarkson,
base,135,Black Gold Prizms,false,,Jordan Clarkson,
insert-emergent,28,Prizms Green,false,,Udoka Azubuike,
insert-emergent,28,Prizms Silver,false,,Udoka Azubuike,
base,243,Blue Prizms,false,,Joe Ingles,
base,243,Blue Shimmer Prizms,false,,Joe Ingles,
base,243,Blue Wave Prizms,false,,Joe Ingles,
base,243,Choice Blue Prizms,false,,Joe Ingles,
base,243,"Choice Blue, Yellow and Green Prizms",false,,Joe Ingles,
base,243,Choice Green Prizms,false,,Joe Ingles,
base,243,Choice Nebula Prizms,false,,Joe Ingles,
base,243,Choice Red Prizms,false,,Joe Ingles,
base,243,Choice Tiger Stripe Prizms,false,,Joe Ingles,
base,243,Fast Break Blue Prizms,false,,Joe Ingles,
base,243,Fast Break Bronze Prizms,false,,Joe Ingles,
base,243,Fast Break Neon Green Prizms,false,,Joe Ingles,
base,243,Fast Break Prizms,false,,Joe Ingles,
base,243,Fast Break Purple Prizms,false,,Joe Ingles,
base,243,Fast Break Red Prizms,false,,Joe Ingles,
base,243,Gold Prizms,false,,Joe Ingles,
base,243,Gold Shimmer Prizms,false,,Joe Ingles,
base,243,Gold Wave Prizms,false,,Joe Ingles,
base,243,Green Ice Prizms,false,,Joe Ingles,
base,243,Green Prizms,false,,Joe Ingles,
base,243,Green Pulsar Prizms,false,,Joe Ingles,
base,243,Green Shimmer Prizms,false,,Joe Ingles,
base,243,Hyper Prizms,false,,Joe Ingles,
base,243,Lucky Envelopes Prizms,false,,Joe Ingles,
base,243,Mojo Prizms,false,,Joe Ingles,
base,243,Orange Ice Prizms,false,,Joe Ingles,
base,243,Orange Prizms,false,,Joe Ingles,
base,243,Orange Wave Prizms,false,,Joe Ingles,
base,243,Pink Ice Prizms,false,,Joe Ingles,
base,243,Pink Pulsar Prizms,false,,Joe Ingles,
base,243,Purple Ice Prizms,false,,Joe Ingles,
base,243,Purple Prizms,false,,Joe Ingles,
base,243,Purple Pulsar Prizms,false,,Joe Ingles,
base,243,Purple Wave Prizms,false,,Joe Ingles,
base,243,Red Ice Prizms,false,,Joe Ingles,
base,243,Red Prizms,false,,Joe Ingles,
base,243,"Red, White and Blue Prizms",false,,Joe Ingles,
base,243,Ruby Wave Prizms,false,,Joe Ingles,
base,243,Silver Prizms,false,,Joe Ingles,
base,243,White Sparkle Prizm,false,,Joe Ingles,
base,243,Fast Break Pink Prizms,false,,Joe Ingles,
base,243,Black Prizms,false,,Joe Ingles,
base,243,Black Shimmer Prizms,false,,Joe Ingles,
base,243,Blue Ice Prizms,false,,Joe Ingles,
base,243,Black Gold Prizms,false,,Joe Ingles,
auto-sensational-signatures,SS-UDK,Prizms Silver,true,,Udoka Azubuike,
auto-sensational-signatures,SS-UDK,Prizms Choice,true,,Udoka Azubuike,
auto-sensational-signatures,SS-UDK,Prizms Mojo,true,25,Udoka Azubuike,
auto-sensational-signatures,SS-UDK,Prizms Gold,true,10,Udoka Azubuike,
auto-sensational-signatures,SS-UDK,Prizms Choice Green,true,8,Udoka Azubuike,
auto-sensational-signatures,SS-UDK,Prizms Black,true,1,Udoka Azubuike,
auto-signatures,SI-DMI,Prizms Choice,true,,Donovan Mitchell,
auto-signatures,SI-DMI,Prizms Silver,true,,Donovan Mitchell,
auto-signatures,SI-DMI,Prizms Mojo,true,25,Donovan Mitchell,
auto-signatures,SI-DMI,Prizms Gold,true,10,Donovan Mitchell,
auto-signatures,SI-DMI,Prizms Choice Green,true,8,Donovan Mitchell,
auto-signatures,SI-DMI,Prizms Black,true,1,Donovan Mitchell,
auto-signatures,SI-DWL,Prizms Choice,true,,Deron Williams,
auto-signatures,SI-DWL,Prizms Silver,true,,Deron Williams,
auto-signatures,SI-DWL,Prizms Mojo,true,25,Deron Williams,
auto-signatures,SI-DWL,Prizms Gold,true,10,Deron Williams,
auto-signatures,SI-DWL,Prizms Choice Green,true,8,Deron Williams,
auto-signatures,SI-DWL,Prizms Black,true,1,Deron Williams,
insert-fireworks,5,Prizms Silver,false,,Donovan Mitchell,
insert-fireworks,5,Fast Break,false,,Donovan Mitchell,
insert-fireworks,5,Prizms Hyper,false,,Donovan Mitchell,
insert-fireworks,5,Prizms Mojo,false,25,Donovan Mitchell,
insert-fireworks,5,Prizms Gold,false,10,Donovan Mitchell,
insert-fireworks,5,Prizms Black,false,1,Donovan Mitchell,
insert-dominance,6,Prizms Green,false,,Donovan Mitchell,
insert-dominance,6,Prizms Silver,false,,Donovan Mitchell,
base,271,Blue Prizms,false,,Elijah Hughes,
base,271,Blue Shimmer Prizms,false,,Elijah Hughes,
base,271,Blue Wave Prizms,false,,Elijah Hughes,
base,271,Choice Blue Prizms,false,,Elijah Hughes,
base,271,"Choice Blue, Yellow and Green Prizms",false,,Elijah Hughes,
base,271,Choice Green Prizms,false,,Elijah Hughes,
base,271,Choice Nebula Prizms,false,,Elijah Hughes,
base,271,Choice Red Prizms,false,,Elijah Hughes,
base,271,Choice Tiger Stripe Prizms,false,,Elijah Hughes,
base,271,Fast Break Blue Prizms,false,,Elijah Hughes,
base,271,Fast Break Bronze Prizms,false,,Elijah Hughes,
base,271,Fast Break Neon Green Prizms,false,,Elijah Hughes,
base,271,Fast Break Prizms,false,,Elijah Hughes,
base,271,Fast Break Purple Prizms,false,,Elijah Hughes,
base,271,Fast Break Red Prizms,false,,Elijah Hughes,
base,271,Gold Prizms,false,,Elijah Hughes,
base,271,Gold Shimmer Prizms,false,,Elijah Hughes,
base,271,Gold Wave Prizms,false,,Elijah Hughes,
base,271,Green Ice Prizms,false,,Elijah Hughes,
base,271,Green Prizms,false,,Elijah Hughes,
base,271,Green Pulsar Prizms,false,,Elijah Hughes,
base,271,Green Shimmer Prizms,false,,Elijah Hughes,
base,271,Hyper Prizms,false,,Elijah Hughes,
base,271,Lucky Envelopes Prizms,false,,Elijah Hughes,
base,271,Mojo Prizms,false,,Elijah Hughes,
base,271,Orange Ice Prizms,false,,Elijah Hughes,
base,271,Orange Prizms,false,,Elijah Hughes,
base,271,Orange Wave Prizms,false,,Elijah Hughes,
base,271,Pink Ice Prizms,false,,Elijah Hughes,
base,271,Pink Pulsar Prizms,false,,Elijah Hughes,
base,271,Purple Ice Prizms,false,,Elijah Hughes,
base,271,Purple Prizms,false,,Elijah Hughes,
base,271,Purple Pulsar Prizms,false,,Elijah Hughes,
base,271,Purple Wave Prizms,false,,Elijah Hughes,
base,271,Red Ice Prizms,false,,Elijah Hughes,
base,271,Red Prizms,false,,Elijah Hughes,
base,271,"Red, White and Blue Prizms",false,,Elijah Hughes,
base,271,Ruby Wave Prizms,false,,Elijah Hughes,
base,271,Silver Prizms,false,,Elijah Hughes,
base,271,White Sparkle Prizm,false,,Elijah Hughes,
base,271,Fast Break Pink Prizms,false,,Elijah Hughes,
base,271,Black Prizms,false,,Elijah Hughes,
base,271,Black Shimmer Prizms,false,,Elijah Hughes,
base,271,Blue Ice Prizms,false,,Elijah Hughes,
base,271,Black Gold Prizms,false,,Elijah Hughes,
base,53,Blue Prizms,false,,Rudy Gobert,
base,53,Blue Shimmer Prizms,false,,Rudy Gobert,
base,53,Blue Wave Prizms,false,,Rudy Gobert,
base,53,Choice Blue Prizms,false,,Rudy Gobert,
base,53,"Choice Blue, Yellow and Green Prizms",false,,Rudy Gobert,
base,53,Choice Green Prizms,false,,Rudy Gobert,
base,53,Choice Nebula Prizms,false,,Rudy Gobert,
base,53,Choice Red Prizms,false,,Rudy Gobert,
base,53,Choice Tiger Stripe Prizms,false,,Rudy Gobert,
base,53,Fast Break Blue Prizms,false,,Rudy Gobert,
base,53,Fast Break Bronze Prizms,false,,Rudy Gobert,
base,53,Fast Break Neon Green Prizms,false,,Rudy Gobert,
base,53,Fast Break Prizms,false,,Rudy Gobert,
base,53,Fast Break Purple Prizms,false,,Rudy Gobert,
base,53,Fast Break Red Prizms,false,,Rudy Gobert,
base,53,Gold Prizms,false,,Rudy Gobert,
base,53,Gold Shimmer Prizms,false,,Rudy Gobert,
base,53,Gold Wave Prizms,false,,Rudy Gobert,
base,53,Green Ice Prizms,false,,Rudy Gobert,
base,53,Green Prizms,false,,Rudy Gobert,
base,53,Green Pulsar Prizms,false,,Rudy Gobert,
base,53,Green Shimmer Prizms,false,,Rudy Gobert,
base,53,Hyper Prizms,false,,Rudy Gobert,
base,53,Lucky Envelopes Prizms,false,,Rudy Gobert,
base,53,Mojo Prizms,false,,Rudy Gobert,
base,53,Orange Ice Prizms,false,,Rudy Gobert,
base,53,Orange Prizms,false,,Rudy Gobert,
base,53,Orange Wave Prizms,false,,Rudy Gobert,
base,53,Pink Ice Prizms,false,,Rudy Gobert,
base,53,Pink Pulsar Prizms,false,,Rudy Gobert,
base,53,Purple Ice Prizms,false,,Rudy Gobert,
base,53,Purple Prizms,false,,Rudy Gobert,
base,53,Purple Pulsar Prizms,false,,Rudy Gobert,
base,53,Purple Wave Prizms,false,,Rudy Gobert,
base,53,Red Ice Prizms,false,,Rudy Gobert,
base,53,Red Prizms,false,,Rudy Gobert,
base,53,"Red, White and Blue Prizms",false,,Rudy Gobert,
base,53,Ruby Wave Prizms,false,,Rudy Gobert,
base,53,Silver Prizms,false,,Rudy Gobert,
base,53,White Sparkle Prizm,false,,Rudy Gobert,
base,53,Fast Break Pink Prizms,false,,Rudy Gobert,
base,53,Black Prizms,false,,Rudy Gobert,
base,53,Black Shimmer Prizms,false,,Rudy Gobert,
base,53,Blue Ice Prizms,false,,Rudy Gobert,
base,53,Black Gold Prizms,false,,Rudy Gobert,
insert-rookie-penmanship,RP-EHS,Prizms Orange Ice,false,,Elijah Hughes,
insert-rookie-penmanship,RP-EHS,Prizms Blue Wave,false,,Elijah Hughes,
insert-rookie-penmanship,RP-EHS,Prizms Silver,false,,Elijah Hughes,
insert-rookie-penmanship,RP-EHS,Prizms Gold Wave,false,,Elijah Hughes,
insert-rookie-penmanship,RP-EHS,Prizms Green Ice,false,16,Elijah Hughes,
auto-signatures,SI-RON,Prizms Choice,true,,Royce O'Neale,
auto-signatures,SI-RON,Prizms Silver,true,,Royce O'Neale,
auto-signatures,SI-RON,Prizms Mojo,true,25,Royce O'Neale,
auto-signatures,SI-RON,Prizms Gold,true,10,Royce O'Neale,
auto-signatures,SI-RON,Prizms Choice Green,true,8,Royce O'Neale,
auto-signatures,SI-RON,Prizms Black,true,1,Royce O'Neale,
base,267,Blue Prizms,false,,Udoka Azubuike,
base,267,Blue Shimmer Prizms,false,,Udoka Azubuike,
base,267,Blue Wave Prizms,false,,Udoka Azubuike,
base,267,Choice Blue Prizms,false,,Udoka Azubuike,
base,267,"Choice Blue, Yellow and Green Prizms",false,,Udoka Azubuike,
base,267,Choice Green Prizms,false,,Udoka Azubuike,
base,267,Choice Nebula Prizms,false,,Udoka Azubuike,
base,267,Choice Red Prizms,false,,Udoka Azubuike,
base,267,Choice Tiger Stripe Prizms,false,,Udoka Azubuike,
base,267,Fast Break Blue Prizms,false,,Udoka Azubuike,
base,267,Fast Break Bronze Prizms,false,,Udoka Azubuike,
base,267,Fast Break Neon Green Prizms,false,,Udoka Azubuike,
base,267,Fast Break Prizms,false,,Udoka Azubuike,
base,267,Fast Break Purple Prizms,false,,Udoka Azubuike,
base,267,Fast Break Red Prizms,false,,Udoka Azubuike,
base,267,Gold Prizms,false,,Udoka Azubuike,
base,267,Gold Shimmer Prizms,false,,Udoka Azubuike,
base,267,Gold Wave Prizms,false,,Udoka Azubuike,
base,267,Green Ice Prizms,false,,Udoka Azubuike,
base,267,Green Prizms,false,,Udoka Azubuike,
base,267,Green Pulsar Prizms,false,,Udoka Azubuike,
base,267,Green Shimmer Prizms,false,,Udoka Azubuike,
base,267,Hyper Prizms,false,,Udoka Azubuike,
base,267,Lucky Envelopes Prizms,false,,Udoka Azubuike,
base,267,Mojo Prizms,false,,Udoka Azubuike,
base,267,Orange Ice Prizms,false,,Udoka Azubuike,
base,267,Orange Prizms,false,,Udoka Azubuike,
base,267,Orange Wave Prizms,false,,Udoka Azubuike,
base,267,Pink Ice Prizms,false,,Udoka Azubuike,
base,267,Pink Pulsar Prizms,false,,Udoka Azubuike,
base,267,Purple Ice Prizms,false,,Udoka Azubuike,
base,267,Purple Prizms,false,,Udoka Azubuike,
base,267,Purple Pulsar Prizms,false,,Udoka Azubuike,
base,267,Purple Wave Prizms,false,,Udoka Azubuike,
base,267,Red Ice Prizms,false,,Udoka Azubuike,
base,267,Red Prizms,false,,Udoka Azubuike,
base,267,"Red, White and Blue Prizms",false,,Udoka Azubuike,
base,267,Ruby Wave Prizms,false,,Udoka Azubuike,
base,267,Silver Prizms,false,,Udoka Azubuike,
base,267,White Sparkle Prizm,false,,Udoka Azubuike,
base,267,Fast Break Pink Prizms,false,,Udoka Azubuike,
base,267,Black Prizms,false,,Udoka Azubuike,
base,267,Black Shimmer Prizms,false,,Udoka Azubuike,
base,267,Blue Ice Prizms,false,,Udoka Azubuike,
base,267,Black Gold Prizms,false,,Udoka Azubuike,
auto-fast-break-rookie-autographs,FR-UDK,Gold,true,10,Udoka Azubuike,
auto-fast-break-rookie-autographs,FR-UDK,Black,true,1,Udoka Azubuike,
insert-dominance,22,Prizms Green,false,,Rudy Gobert,
insert-dominance,22,Prizms Silver,false,,Rudy Gobert,
insert-downtown-bound,2,Fast Break,false,,Donovan Mitchell,
insert-downtown-bound,2,Prizms Hyper,false,,Donovan Mitchell,
insert-downtown-bound,2,Prizms Silver,false,,Donovan Mitchell,
insert-downtown-bound,2,Prizms Mojo,false,25,Donovan Mitchell,
insert-downtown-bound,2,Prizms Gold,false,10,Donovan Mitchell,
insert-downtown-bound,2,Prizms Black,false,1,Donovan Mitchell,
base,67,Blue Prizms,false,,Donovan Mitchell,
base,67,Blue Shimmer Prizms,false,,Donovan Mitchell,
base,67,Blue Wave Prizms,false,,Donovan Mitchell,
base,67,Choice Blue Prizms,false,,Donovan Mitchell,
base,67,"Choice Blue, Yellow and Green Prizms",false,,Donovan Mitchell,
base,67,Choice Green Prizms,false,,Donovan Mitchell,
base,67,Choice Nebula Prizms,false,,Donovan Mitchell,
base,67,Choice Red Prizms,false,,Donovan Mitchell,
base,67,Choice Tiger Stripe Prizms,false,,Donovan Mitchell,
base,67,Fast Break Blue Prizms,false,,Donovan Mitchell,
base,67,Fast Break Bronze Prizms,false,,Donovan Mitchell,
base,67,Fast Break Neon Green Prizms,false,,Donovan Mitchell,
base,67,Fast Break Prizms,false,,Donovan Mitchell,
base,67,Fast Break Purple Prizms,false,,Donovan Mitchell,
base,67,Fast Break Red Prizms,false,,Donovan Mitchell,
base,67,Gold Prizms,false,,Donovan Mitchell,
base,67,Gold Shimmer Prizms,false,,Donovan Mitchell,
base,67,Gold Wave Prizms,false,,Donovan Mitchell,
base,67,Green Ice Prizms,false,,Donovan Mitchell,
base,67,Green Prizms,false,,Donovan Mitchell,
base,67,Green Pulsar Prizms,false,,Donovan Mitchell,
base,67,Green Shimmer Prizms,false,,Donovan Mitchell,
base,67,Hyper Prizms,false,,Donovan Mitchell,
base,67,Lucky Envelopes Prizms,false,,Donovan Mitchell,
base,67,Mojo Prizms,false,,Donovan Mitchell,
base,67,Orange Ice Prizms,false,,Donovan Mitchell,
base,67,Orange Prizms,false,,Donovan Mitchell,
base,67,Orange Wave Prizms,false,,Donovan Mitchell,
base,67,Pink Ice Prizms,false,,Donovan Mitchell,
base,67,Pink Pulsar Prizms,false,,Donovan Mitchell,
base,67,Purple Ice Prizms,false,,Donovan Mitchell,
base,67,Purple Prizms,false,,Donovan Mitchell,
base,67,Purple Pulsar Prizms,false,,Donovan Mitchell,
base,67,Purple Wave Prizms,false,,Donovan Mitchell,
base,67,Red Ice Prizms,false,,Donovan Mitchell,
base,67,Red Prizms,false,,Donovan Mitchell,
base,67,"Red, White and Blue Prizms",false,,Donovan Mitchell,
base,67,Ruby Wave Prizms,false,,Donovan Mitchell,
base,67,Silver Prizms,false,,Donovan Mitchell,
base,67,White Sparkle Prizm,false,,Donovan Mitchell,
base,67,Fast Break Pink Prizms,false,,Donovan Mitchell,
base,67,Black Prizms,false,,Donovan Mitchell,
base,67,Black Shimmer Prizms,false,,Donovan Mitchell,
base,67,Blue Ice Prizms,false,,Donovan Mitchell,
base,67,Black Gold Prizms,false,,Donovan Mitchell,
auto-sensational-signatures,SS-EHS,Prizms Silver,true,,Elijah Hughes,
auto-sensational-signatures,SS-EHS,Prizms Choice,true,,Elijah Hughes,
auto-sensational-signatures,SS-EHS,Prizms Mojo,true,25,Elijah Hughes,
auto-sensational-signatures,SS-EHS,Prizms Gold,true,10,Elijah Hughes,
auto-sensational-signatures,SS-EHS,Prizms Choice Green,true,8,Elijah Hughes,
auto-sensational-signatures,SS-EHS,Prizms Black,true,1,Elijah Hughes,
insert-rookie-penmanship,RP-UDK,Prizms Orange Ice,false,,Udoka Azubuike,
insert-rookie-penmanship,RP-UDK,Prizms Blue Wave,false,,Udoka Azubuike,
insert-rookie-penmanship,RP-UDK,Prizms Silver,false,,Udoka Azubuike,
insert-rookie-penmanship,RP-UDK,Prizms Gold Wave,false,,Udoka Azubuike,
insert-rookie-penmanship,RP-UDK,Prizms Green Ice,false,16,Udoka Azubuike,
auto-sensational-signatures,SS-DMI,Prizms Silver,true,,Donovan Mitchell,
auto-sensational-signatures,SS-DMI,Prizms Choice,true,,Donovan Mitchell,
auto-sensational-signatures,SS-DMI,Prizms Mojo,true,25,Donovan Mitchell,
auto-sensational-signatures,SS-DMI,Prizms Gold,true,10,Donovan Mitchell,
auto-sensational-signatures,SS-DMI,Prizms Choice Green,true,8,Donovan Mitchell,
auto-sensational-signatures,SS-DMI,Prizms Black,true,1,Donovan Mitchell,
auto-rookie-signatures,RS-EHS,Prizms Silver,true,,Elijah Hughes,
auto-rookie-signatures,RS-EHS,Prizms Choice,true,,Elijah Hughes,
auto-rookie-signatures,RS-EHS,Prizms Mojo,true,25,Elijah Hughes,
auto-rookie-signatures,RS-EHS,Prizms Gold,true,10,Elijah Hughes,
auto-rookie-signatures,RS-EHS,Prizms Choice Green,true,8,Elijah Hughes,
auto-rookie-signatures,RS-EHS,Prizms Black,true,1,Elijah Hughes,
auto-rookie-signatures,RS-EHS,Prizms White Sparkle,true,1,Elijah Hughes,
base,88,Blue Prizms,false,,Royce O'Neale,
base,88,Blue Shimmer Prizms,false,,Royce O'Neale,
base,88,Blue Wave Prizms,false,,Royce O'Neale,
base,88,Choice Blue Prizms,false,,Royce O'Neale,
base,88,"Choice Blue, Yellow and Green Prizms",false,,Royce O'Neale,
base,88,Choice Green Prizms,false,,Royce O'Neale,
base,88,Choice Nebula Prizms,false,,Royce O'Neale,
base,88,Choice Red Prizms,false,,Royce O'Neale,
base,88,Choice Tiger Stripe Prizms,false,,Royce O'Neale,
base,88,Fast Break Blue Prizms,false,,Royce O'Neale,
base,88,Fast Break Bronze Prizms,false,,Royce O'Neale,
base,88,Fast Break Neon Green Prizms,false,,Royce O'Neale,
base,88,Fast Break Prizms,false,,Royce O'Neale,
base,88,Fast Break Purple Prizms,false,,Royce O'Neale,
base,88,Fast Break Red Prizms,false,,Royce O'Neale,
base,88,Gold Prizms,false,,Royce O'Neale,
base,88,Gold Shimmer Prizms,false,,Royce O'Neale,
base,88,Gold Wave Prizms,false,,Royce O'Neale,
base,88,Green Ice Prizms,false,,Royce O'Neale,
base,88,Green Prizms,false,,Royce O'Neale,
base,88,Green Pulsar Prizms,false,,Royce O'Neale,
base,88,Green Shimmer Prizms,false,,Royce O'Neale,
base,88,Hyper Prizms,false,,Royce O'Neale,
base,88,Lucky Envelopes Prizms,false,,Royce O'Neale,
base,88,Mojo Prizms,false,,Royce O'Neale,
base,88,Orange Ice Prizms,false,,Royce O'Neale,
base,88,Orange Prizms,false,,Royce O'Neale,
base,88,Orange Wave Prizms,false,,Royce O'Neale,
base,88,Pink Ice Prizms,false,,Royce O'Neale,
base,88,Pink Pulsar Prizms,false,,Royce O'Neale,
base,88,Purple Ice Prizms,false,,Royce O'Neale,
base,88,Purple Prizms,false,,Royce O'Neale,
base,88,Purple Pulsar Prizms,false,,Royce O'Neale,
base,88,Purple Wave Prizms,false,,Royce O'Neale,
base,88,Red Ice Prizms,false,,Royce O'Neale,
base,88,Red Prizms,false,,Royce O'Neale,
base,88,"Red, White and Blue Prizms",false,,Royce O'Neale,
base,88,Ruby Wave Prizms,false,,Royce O'Neale,
base,88,Silver Prizms,false,,Royce O'Neale,
base,88,White Sparkle Prizm,false,,Royce O'Neale,
base,88,Fast Break Pink Prizms,false,,Royce O'Neale,
base,88,Black Prizms,false,,Royce O'Neale,
base,88,Black Shimmer Prizms,false,,Royce O'Neale,
base,88,Blue Ice Prizms,false,,Royce O'Neale,
base,88,Black Gold Prizms,false,,Royce O'Neale,
base,72,Blue Prizms,false,,Bojan Bogdanovic,
base,72,Blue Shimmer Prizms,false,,Bojan Bogdanovic,
base,72,Blue Wave Prizms,false,,Bojan Bogdanovic,
base,72,Choice Blue Prizms,false,,Bojan Bogdanovic,
base,72,"Choice Blue, Yellow and Green Prizms",false,,Bojan Bogdanovic,
base,72,Choice Green Prizms,false,,Bojan Bogdanovic,
base,72,Choice Nebula Prizms,false,,Bojan Bogdanovic,
base,72,Choice Red Prizms,false,,Bojan Bogdanovic,
base,72,Choice Tiger Stripe Prizms,false,,Bojan Bogdanovic,
base,72,Fast Break Blue Prizms,false,,Bojan Bogdanovic,
base,72,Fast Break Bronze Prizms,false,,Bojan Bogdanovic,
base,72,Fast Break Neon Green Prizms,false,,Bojan Bogdanovic,
base,72,Fast Break Prizms,false,,Bojan Bogdanovic,
base,72,Fast Break Purple Prizms,false,,Bojan Bogdanovic,
base,72,Fast Break Red Prizms,false,,Bojan Bogdanovic,
base,72,Gold Prizms,false,,Bojan Bogdanovic,
base,72,Gold Shimmer Prizms,false,,Bojan Bogdanovic,
base,72,Gold Wave Prizms,false,,Bojan Bogdanovic,
base,72,Green Ice Prizms,false,,Bojan Bogdanovic,
base,72,Green Prizms,false,,Bojan Bogdanovic,
base,72,Green Pulsar Prizms,false,,Bojan Bogdanovic,
base,72,Green Shimmer Prizms,false,,Bojan Bogdanovic,
base,72,Hyper Prizms,false,,Bojan Bogdanovic,
base,72,Lucky Envelopes Prizms,false,,Bojan Bogdanovic,
base,72,Mojo Prizms,false,,Bojan Bogdanovic,
base,72,Orange Ice Prizms,false,,Bojan Bogdanovic,
base,72,Orange Prizms,false,,Bojan Bogdanovic,
base,72,Orange Wave Prizms,false,,Bojan Bogdanovic,
base,72,Pink Ice Prizms,false,,Bojan Bogdanovic,
base,72,Pink Pulsar Prizms,false,,Bojan Bogdanovic,
base,72,Purple Ice Prizms,false,,Bojan Bogdanovic,
base,72,Purple Prizms,false,,Bojan Bogdanovic,
base,72,Purple Pulsar Prizms,false,,Bojan Bogdanovic,
base,72,Purple Wave Prizms,false,,Bojan Bogdanovic,
base,72,Red Ice Prizms,false,,Bojan Bogdanovic,
base,72,Red Prizms,false,,Bojan Bogdanovic,
base,72,"Red, White and Blue Prizms",false,,Bojan Bogdanovic,
base,72,Ruby Wave Prizms,false,,Bojan Bogdanovic,
base,72,Silver Prizms,false,,Bojan Bogdanovic,
base,72,White Sparkle Prizm,false,,Bojan Bogdanovic,
base,72,Fast Break Pink Prizms,false,,Bojan Bogdanovic,
base,72,Black Prizms,false,,Bojan Bogdanovic,
base,72,Black Shimmer Prizms,false,,Bojan Bogdanovic,
base,72,Blue Ice Prizms,false,,Bojan Bogdanovic,
base,72,Black Gold Prizms,false,,Bojan Bogdanovic,
base,198,Blue Prizms,false,,Mike Conley,
base,198,Blue Shimmer Prizms,false,,Mike Conley,
base,198,Blue Wave Prizms,false,,Mike Conley,
base,198,Choice Blue Prizms,false,,Mike Conley,
base,198,"Choice Blue, Yellow and Green Prizms",false,,Mike Conley,
base,198,Choice Green Prizms,false,,Mike Conley,
base,198,Choice Nebula Prizms,false,,Mike Conley,
base,198,Choice Red Prizms,false,,Mike Conley,
base,198,Choice Tiger Stripe Prizms,false,,Mike Conley,
base,198,Fast Break Blue Prizms,false,,Mike Conley,
base,198,Fast Break Bronze Prizms,false,,Mike Conley,
base,198,Fast Break Neon Green Prizms,false,,Mike Conley,
base,198,Fast Break Prizms,false,,Mike Conley,
base,198,Fast Break Purple Prizms,false,,Mike Conley,
base,198,Fast Break Red Prizms,false,,Mike Conley,
base,198,Gold Prizms,false,,Mike Conley,
base,198,Gold Shimmer Prizms,false,,Mike Conley,
base,198,Gold Wave Prizms,false,,Mike Conley,
base,198,Green Ice Prizms,false,,Mike Conley,
base,198,Green Prizms,false,,Mike Conley,
base,198,Green Pulsar Prizms,false,,Mike Conley,
base,198,Green Shimmer Prizms,false,,Mike Conley,
base,198,Hyper Prizms,false,,Mike Conley,
base,198,Lucky Envelopes Prizms,false,,Mike Conley,
base,198,Mojo Prizms,false,,Mike Conley,
base,198,Orange Ice Prizms,false,,Mike Conley,
base,198,Orange Prizms,false,,Mike Conley,
base,198,Orange Wave Prizms,false,,Mike Conley,
base,198,Pink Ice Prizms,false,,Mike Conley,
base,198,Pink Pulsar Prizms,false,,Mike Conley,
base,198,Purple Ice Prizms,false,,Mike Conley,
base,198,Purple Prizms,false,,Mike Conley,
base,198,Purple Pulsar Prizms,false,,Mike Conley,
base,198,Purple Wave Prizms,false,,Mike Conley,
base,198,Red Ice Prizms,false,,Mike Conley,
base,198,Red Prizms,false,,Mike Conley,
base,198,"Red, White and Blue Prizms",false,,Mike Conley,
base,198,Ruby Wave Prizms,false,,Mike Conley,
base,198,Silver Prizms,false,,Mike Conley,
base,198,White Sparkle Prizm,false,,Mike Conley,
base,198,Fast Break Pink Prizms,false,,Mike Conley,
base,198,Black Prizms,false,,Mike Conley,
base,198,Black Shimmer Prizms,false,,Mike Conley,
base,198,Blue Ice Prizms,false,,Mike Conley,
base,198,Black Gold Prizms,false,,Mike Conley,
insert-sensational-swatches,SSW-KML,Prizms Orange Ice,false,,Karl Malone,
insert-sensational-swatches,SSW-KML,Prizms Green Ice,false,56,Karl Malone,
insert-sensational-swatches,SSW-KML,Prime,false,10,Karl Malone,
auto-rookie-signatures,RS-UDK,Prizms Silver,true,,Udoka Azubuike,
auto-rookie-signatures,RS-UDK,Prizms Choice,true,,Udoka Azubuike,
auto-rookie-signatures,RS-UDK,Prizms Mojo,true,25,Udoka Azubuike,
auto-rookie-signatures,RS-UDK,Prizms Gold,true,10,Udoka Azubuike,
auto-rookie-signatures,RS-UDK,Prizms Choice Green,true,8,Udoka Azubuike,
auto-rookie-signatures,RS-UDK,Prizms Black,true,1,Udoka Azubuike,
auto-rookie-signatures,RS-UDK,Prizms White Sparkle,true,1,Udoka Azubuike,
base,290b,Blue Prizms,false,,Deni Avdija,
base,290b,Blue Shimmer Prizms,false,,Deni Avdija,
base,290b,Blue Wave Prizms,false,,Deni Avdija,
base,290b,Choice Blue Prizms,false,,Deni Avdija,
base,290b,"Choice Blue, Yellow and Green Prizms",false,,Deni Avdija,
base,290b,Choice Green Prizms,false,,Deni Avdija,
base,290b,Choice Nebula Prizms,false,,Deni Avdija,
base,290b,Choice Red Prizms,false,,Deni Avdija,
base,290b,Choice Tiger Stripe Prizms,false,,Deni Avdija,
base,290b,Fast Break Blue Prizms,false,,Deni Avdija,
base,290b,Fast Break Bronze Prizms,false,,Deni Avdija,
base,290b,Fast Break Neon Green Prizms,false,,Deni Avdija,
base,290b,Fast Break Prizms,false,,Deni Avdija,
base,290b,Fast Break Purple Prizms,false,,Deni Avdija,
base,290b,Fast Break Red Prizms,false,,Deni Avdija,
base,290b,Gold Prizms,false,,Deni Avdija,
base,290b,Gold Shimmer Prizms,false,,Deni Avdija,
base,290b,Gold Wave Prizms,false,,Deni Avdija,
base,290b,Green Ice Prizms,false,,Deni Avdija,
base,290b,Green Prizms,false,,Deni Avdija,
base,290b,Green Pulsar Prizms,false,,Deni Avdija,
base,290b,Green Shimmer Prizms,false,,Deni Avdija,
base,290b,Hyper Prizms,false,,Deni Avdija,
base,290b,Lucky Envelopes Prizms,false,,Deni Avdija,
base,290b,Mojo Prizms,false,,Deni Avdija,
base,290b,Orange Ice Prizms,false,,Deni Avdija,
base,290b,Orange Prizms,false,,Deni Avdija,
base,290b,Orange Wave Prizms,false,,Deni Avdija,
base,290b,Pink Ice Prizms,false,,Deni Avdija,
base,290b,Pink Pulsar Prizms,false,,Deni Avdija,
base,290b,Purple Ice Prizms,false,,Deni Avdija,
base,290b,Purple Prizms,false,,Deni Avdija,
base,290b,Purple Pulsar Prizms,false,,Deni Avdija,
base,290b,Purple Wave Prizms,false,,Deni Avdija,
base,290b,Red Ice Prizms,false,,Deni Avdija,
base,290b,Red Prizms,false,,Deni Avdija,
base,290b,"Red, White and Blue Prizms",false,,Deni Avdija,
base,290b,Ruby Wave Prizms,false,,Deni Avdija,
base,290b,Silver Prizms,false,,Deni Avdija,
base,290b,White Sparkle Prizm,false,,Deni Avdija,
base,290b,Fast Break Pink Prizms,false,,Deni Avdija,
base,290b,Black Prizms,false,,Deni Avdija,
base,290b,Black Shimmer Prizms,false,,Deni Avdija,
base,290b,Blue Ice Prizms,false,,Deni Avdija,
base,290b,Black Gold Prizms,false,,Deni Avdija,
base,290,Blue Prizms,false,,Deni Avdija,
base,290,Blue Shimmer Prizms,false,,Deni Avdija,
base,290,Blue Wave Prizms,false,,Deni Avdija,
base,290,Choice Blue Prizms,false,,Deni Avdija,
base,290,"Choice Blue, Yellow and Green Prizms",false,,Deni Avdija,
base,290,Choice Green Prizms,false,,Deni Avdija,
base,290,Choice Nebula Prizms,false,,Deni Avdija,
base,290,Choice Red Prizms,false,,Deni Avdija,
base,290,Choice Tiger Stripe Prizms,false,,Deni Avdija,
base,290,Fast Break Blue Prizms,false,,Deni Avdija,
base,290,Fast Break Bronze Prizms,false,,Deni Avdija,
base,290,Fast Break Neon Green Prizms,false,,Deni Avdija,
base,290,Fast Break Prizms,false,,Deni Avdija,
base,290,Fast Break Purple Prizms,false,,Deni Avdija,
base,290,Fast Break Red Prizms,false,,Deni Avdija,
base,290,Gold Prizms,false,,Deni Avdija,
base,290,Gold Shimmer Prizms,false,,Deni Avdija,
base,290,Gold Wave Prizms,false,,Deni Avdija,
base,290,Green Ice Prizms,false,,Deni Avdija,
base,290,Green Prizms,false,,Deni Avdija,
base,290,Green Pulsar Prizms,false,,Deni Avdija,
base,290,Green Shimmer Prizms,false,,Deni Avdija,
base,290,Hyper Prizms,false,,Deni Avdija,
base,290,Lucky Envelopes Prizms,false,,Deni Avdija,
base,290,Mojo Prizms,false,,Deni Avdija,
base,290,Orange Ice Prizms,false,,Deni Avdija,
base,290,Orange Prizms,false,,Deni Avdija,
base,290,Orange Wave Prizms,false,,Deni Avdija,
base,290,Pink Ice Prizms,false,,Deni Avdija,
base,290,Pink Pulsar Prizms,false,,Deni Avdija,
base,290,Purple Ice Prizms,false,,Deni Avdija,
base,290,Purple Prizms,false,,Deni Avdija,
base,290,Purple Pulsar Prizms,false,,Deni Avdija,
base,290,Purple Wave Prizms,false,,Deni Avdija,
base,290,Red Ice Prizms,false,,Deni Avdija,
base,290,Red Prizms,false,,Deni Avdija,
base,290,"Red, White and Blue Prizms",false,,Deni Avdija,
base,290,Ruby Wave Prizms,false,,Deni Avdija,
base,290,Silver Prizms,false,,Deni Avdija,
base,290,White Sparkle Prizm,false,,Deni Avdija,
base,290,Fast Break Pink Prizms,false,,Deni Avdija,
base,290,Black Prizms,false,,Deni Avdija,
base,290,Black Shimmer Prizms,false,,Deni Avdija,
base,290,Blue Ice Prizms,false,,Deni Avdija,
base,290,Black Gold Prizms,false,,Deni Avdija,
insert-emergent,27,Prizms Green,false,,Deni Avdija,
insert-emergent,27,Prizms Silver,false,,Deni Avdija,
auto-fast-break-rookie-autographs,FR-DAV,Gold,true,10,Deni Avdija,
auto-fast-break-rookie-autographs,FR-DAV,Black,true,1,Deni Avdija,
insert-sophomore-stars,1,Prizms Silver,false,,Rui Hachimura,
insert-sophomore-stars,1,Prizms Green,false,,Rui Hachimura,
auto-fast-break-autographs,FBA-JHW,Gold,true,10,Juwan Howard,
auto-fast-break-autographs,FBA-JHW,Black,true,1,Juwan Howard,
base,230,Blue Prizms,false,,Bradley Beal,
base,230,Blue Shimmer Prizms,false,,Bradley Beal,
base,230,Blue Wave Prizms,false,,Bradley Beal,
base,230,Choice Blue Prizms,false,,Bradley Beal,
base,230,"Choice Blue, Yellow and Green Prizms",false,,Bradley Beal,
base,230,Choice Green Prizms,false,,Bradley Beal,
base,230,Choice Nebula Prizms,false,,Bradley Beal,
base,230,Choice Red Prizms,false,,Bradley Beal,
base,230,Choice Tiger Stripe Prizms,false,,Bradley Beal,
base,230,Fast Break Blue Prizms,false,,Bradley Beal,
base,230,Fast Break Bronze Prizms,false,,Bradley Beal,
base,230,Fast Break Neon Green Prizms,false,,Bradley Beal,
base,230,Fast Break Prizms,false,,Bradley Beal,
base,230,Fast Break Purple Prizms,false,,Bradley Beal,
base,230,Fast Break Red Prizms,false,,Bradley Beal,
base,230,Gold Prizms,false,,Bradley Beal,
base,230,Gold Shimmer Prizms,false,,Bradley Beal,
base,230,Gold Wave Prizms,false,,Bradley Beal,
base,230,Green Ice Prizms,false,,Bradley Beal,
base,230,Green Prizms,false,,Bradley Beal,
base,230,Green Pulsar Prizms,false,,Bradley Beal,
base,230,Green Shimmer Prizms,false,,Bradley Beal,
base,230,Hyper Prizms,false,,Bradley Beal,
base,230,Lucky Envelopes Prizms,false,,Bradley Beal,
base,230,Mojo Prizms,false,,Bradley Beal,
base,230,Orange Ice Prizms,false,,Bradley Beal,
base,230,Orange Prizms,false,,Bradley Beal,
base,230,Orange Wave Prizms,false,,Bradley Beal,
base,230,Pink Ice Prizms,false,,Bradley Beal,
base,230,Pink Pulsar Prizms,false,,Bradley Beal,
base,230,Purple Ice Prizms,false,,Bradley Beal,
base,230,Purple Prizms,false,,Bradley Beal,
base,230,Purple Pulsar Prizms,false,,Bradley Beal,
base,230,Purple Wave Prizms,false,,Bradley Beal,
base,230,Red Ice Prizms,false,,Bradley Beal,
base,230,Red Prizms,false,,Bradley Beal,
base,230,"Red, White and Blue Prizms",false,,Bradley Beal,
base,230,Ruby Wave Prizms,false,,Bradley Beal,
base,230,Silver Prizms,false,,Bradley Beal,
base,230,White Sparkle Prizm,false,,Bradley Beal,
base,230,Fast Break Pink Prizms,false,,Bradley Beal,
base,230,Black Prizms,false,,Bradley Beal,
base,230,Black Shimmer Prizms,false,,Bradley Beal,
base,230,Blue Ice Prizms,false,,Bradley Beal,
base,230,Black Gold Prizms,false,,Bradley Beal,
base,275,Blue Prizms,false,,Cassius Winston,
base,275,Blue Shimmer Prizms,false,,Cassius Winston,
base,275,Blue Wave Prizms,false,,Cassius Winston,
base,275,Choice Blue Prizms,false,,Cassius Winston,
base,275,"Choice Blue, Yellow and Green Prizms",false,,Cassius Winston,
base,275,Choice Green Prizms,false,,Cassius Winston,
base,275,Choice Nebula Prizms,false,,Cassius Winston,
base,275,Choice Red Prizms,false,,Cassius Winston,
base,275,Choice Tiger Stripe Prizms,false,,Cassius Winston,
base,275,Fast Break Blue Prizms,false,,Cassius Winston,
base,275,Fast Break Bronze Prizms,false,,Cassius Winston,
base,275,Fast Break Neon Green Prizms,false,,Cassius Winston,
base,275,Fast Break Prizms,false,,Cassius Winston,
base,275,Fast Break Purple Prizms,false,,Cassius Winston,
base,275,Fast Break Red Prizms,false,,Cassius Winston,
base,275,Gold Prizms,false,,Cassius Winston,
base,275,Gold Shimmer Prizms,false,,Cassius Winston,
base,275,Gold Wave Prizms,false,,Cassius Winston,
base,275,Green Ice Prizms,false,,Cassius Winston,
base,275,Green Prizms,false,,Cassius Winston,
base,275,Green Pulsar Prizms,false,,Cassius Winston,
base,275,Green Shimmer Prizms,false,,Cassius Winston,
base,275,Hyper Prizms,false,,Cassius Winston,
base,275,Lucky Envelopes Prizms,false,,Cassius Winston,
base,275,Mojo Prizms,false,,Cassius Winston,
base,275,Orange Ice Prizms,false,,Cassius Winston,
base,275,Orange Prizms,false,,Cassius Winston,
base,275,Orange Wave Prizms,false,,Cassius Winston,
base,275,Pink Ice Prizms,false,,Cassius Winston,
base,275,Pink Pulsar Prizms,false,,Cassius Winston,
base,275,Purple Ice Prizms,false,,Cassius Winston,
base,275,Purple Prizms,false,,Cassius Winston,
base,275,Purple Pulsar Prizms,false,,Cassius Winston,
base,275,Purple Wave Prizms,false,,Cassius Winston,
base,275,Red Ice Prizms,false,,Cassius Winston,
base,275,Red Prizms,false,,Cassius Winston,
base,275,"Red, White and Blue Prizms",false,,Cassius Winston,
base,275,Ruby Wave Prizms,false,,Cassius Winston,
base,275,Silver Prizms,false,,Cassius Winston,
base,275,White Sparkle Prizm,false,,Cassius Winston,
base,275,Fast Break Pink Prizms,false,,Cassius Winston,
base,275,Black Prizms,false,,Cassius Winston,
base,275,Black Shimmer Prizms,false,,Cassius Winston,
base,275,Blue Ice Prizms,false,,Cassius Winston,
base,275,Black Gold Prizms,false,,Cassius Winston,
auto-fast-break-autographs,FBA-TBR,Gold,true,10,Thomas Bryant,
auto-fast-break-autographs,FBA-TBR,Black,true,1,Thomas Bryant,
auto-rookie-signatures,RS-DAV,Prizms Silver,true,,Deni Avdija,
auto-rookie-signatures,RS-DAV,Prizms Choice,true,,Deni Avdija,
auto-rookie-signatures,RS-DAV,Prizms Mojo,true,25,Deni Avdija,
auto-rookie-signatures,RS-DAV,Prizms Gold,true,10,Deni Avdija,
auto-rookie-signatures,RS-DAV,Prizms Choice Green,true,8,Deni Avdija,
auto-rookie-signatures,RS-DAV,Prizms Black,true,1,Deni Avdija,
auto-rookie-signatures,RS-DAV,Prizms White Sparkle,true,1,Deni Avdija,
insert-instant-impact,25,Prizms Green,false,,Deni Avdija,
insert-instant-impact,25,Prizms Silver,false,,Deni Avdija,
insert-downtown-bound,5,Fast Break,false,,Bradley Beal,
insert-downtown-bound,5,Prizms Hyper,false,,Bradley Beal,
insert-downtown-bound,5,Prizms Silver,false,,Bradley Beal,
insert-downtown-bound,5,Prizms Mojo,false,25,Bradley Beal,
insert-downtown-bound,5,Prizms Gold,false,10,Bradley Beal,
insert-downtown-bound,5,Prizms Black,false,1,Bradley Beal,
base,127,Blue Prizms,false,,Troy Brown Jr.,
base,127,Blue Shimmer Prizms,false,,Troy Brown Jr.,
base,127,Blue Wave Prizms,false,,Troy Brown Jr.,
base,127,Choice Blue Prizms,false,,Troy Brown Jr.,
base,127,"Choice Blue, Yellow and Green Prizms",false,,Troy Brown Jr.,
base,127,Choice Green Prizms,false,,Troy Brown Jr.,
base,127,Choice Nebula Prizms,false,,Troy Brown Jr.,
base,127,Choice Red Prizms,false,,Troy Brown Jr.,
base,127,Choice Tiger Stripe Prizms,false,,Troy Brown Jr.,
base,127,Fast Break Blue Prizms,false,,Troy Brown Jr.,
base,127,Fast Break Bronze Prizms,false,,Troy Brown Jr.,
base,127,Fast Break Neon Green Prizms,false,,Troy Brown Jr.,
base,127,Fast Break Prizms,false,,Troy Brown Jr.,
base,127,Fast Break Purple Prizms,false,,Troy Brown Jr.,
base,127,Fast Break Red Prizms,false,,Troy Brown Jr.,
base,127,Gold Prizms,false,,Troy Brown Jr.,
base,127,Gold Shimmer Prizms,false,,Troy Brown Jr.,
base,127,Gold Wave Prizms,false,,Troy Brown Jr.,
base,127,Green Ice Prizms,false,,Troy Brown Jr.,
base,127,Green Prizms,false,,Troy Brown Jr.,
base,127,Green Pulsar Prizms,false,,Troy Brown Jr.,
base,127,Green Shimmer Prizms,false,,Troy Brown Jr.,
base,127,Hyper Prizms,false,,Troy Brown Jr.,
base,127,Lucky Envelopes Prizms,false,,Troy Brown Jr.,
base,127,Mojo Prizms,false,,Troy Brown Jr.,
base,127,Orange Ice Prizms,false,,Troy Brown Jr.,
base,127,Orange Prizms,false,,Troy Brown Jr.,
base,127,Orange Wave Prizms,false,,Troy Brown Jr.,
base,127,Pink Ice Prizms,false,,Troy Brown Jr.,
base,127,Pink Pulsar Prizms,false,,Troy Brown Jr.,
base,127,Purple Ice Prizms,false,,Troy Brown Jr.,
base,127,Purple Prizms,false,,Troy Brown Jr.,
base,127,Purple Pulsar Prizms,false,,Troy Brown Jr.,
base,127,Purple Wave Prizms,false,,Troy Brown Jr.,
base,127,Red Ice Prizms,false,,Troy Brown Jr.,
base,127,Red Prizms,false,,Troy Brown Jr.,
base,127,"Red, White and Blue Prizms",false,,Troy Brown Jr.,
base,127,Ruby Wave Prizms,false,,Troy Brown Jr.,
base,127,Silver Prizms,false,,Troy Brown Jr.,
base,127,White Sparkle Prizm,false,,Troy Brown Jr.,
base,127,Fast Break Pink Prizms,false,,Troy Brown Jr.,
base,127,Black Prizms,false,,Troy Brown Jr.,
base,127,Black Shimmer Prizms,false,,Troy Brown Jr.,
base,127,Blue Ice Prizms,false,,Troy Brown Jr.,
base,127,Black Gold Prizms,false,,Troy Brown Jr.,
insert-sensational-swatches,SSW-JWL,Prizms Orange Ice,false,,John Wall,
insert-sensational-swatches,SSW-JWL,Prizms Green Ice,false,56,John Wall,
insert-sensational-swatches,SSW-JWL,Prime,false,10,John Wall,
auto-sensational-signatures,SS-DAV,Prizms Silver,true,,Deni Avdija,
auto-sensational-signatures,SS-DAV,Prizms Choice,true,,Deni Avdija,
auto-sensational-signatures,SS-DAV,Prizms Mojo,true,25,Deni Avdija,
auto-sensational-signatures,SS-DAV,Prizms Gold,true,10,Deni Avdija,
auto-sensational-signatures,SS-DAV,Prizms Choice Green,true,8,Deni Avdija,
auto-sensational-signatures,SS-DAV,Prizms Black,true,1,Deni Avdija,
auto-sensational-signatures,SS-CWS,Prizms Silver,true,,Cassius Winston,
auto-sensational-signatures,SS-CWS,Prizms Choice,true,,Cassius Winston,
auto-sensational-signatures,SS-CWS,Prizms Mojo,true,25,Cassius Winston,
auto-sensational-signatures,SS-CWS,Prizms Gold,true,10,Cassius Winston,
auto-sensational-signatures,SS-CWS,Prizms Choice Green,true,8,Cassius Winston,
auto-sensational-signatures,SS-CWS,Prizms Black,true,1,Cassius Winston,
auto-rookie-signatures,RS-CWS,Prizms Silver,true,,Cassius Winston,
auto-rookie-signatures,RS-CWS,Prizms Choice,true,,Cassius Winston,
auto-rookie-signatures,RS-CWS,Prizms Mojo,true,25,Cassius Winston,
auto-rookie-signatures,RS-CWS,Prizms Gold,true,10,Cassius Winston,
auto-rookie-signatures,RS-CWS,Prizms Choice Green,true,8,Cassius Winston,
auto-rookie-signatures,RS-CWS,Prizms Black,true,1,Cassius Winston,
auto-rookie-signatures,RS-CWS,Prizms White Sparkle,true,1,Cassius Winston,
base,76,Blue Prizms,false,,Thomas Bryant,
base,76,Blue Shimmer Prizms,false,,Thomas Bryant,
base,76,Blue Wave Prizms,false,,Thomas Bryant,
base,76,Choice Blue Prizms,false,,Thomas Bryant,
base,76,"Choice Blue, Yellow and Green Prizms",false,,Thomas Bryant,
base,76,Choice Green Prizms,false,,Thomas Bryant,
base,76,Choice Nebula Prizms,false,,Thomas Bryant,
base,76,Choice Red Prizms,false,,Thomas Bryant,
base,76,Choice Tiger Stripe Prizms,false,,Thomas Bryant,
base,76,Fast Break Blue Prizms,false,,Thomas Bryant,
base,76,Fast Break Bronze Prizms,false,,Thomas Bryant,
base,76,Fast Break Neon Green Prizms,false,,Thomas Bryant,
base,76,Fast Break Prizms,false,,Thomas Bryant,
base,76,Fast Break Purple Prizms,false,,Thomas Bryant,
base,76,Fast Break Red Prizms,false,,Thomas Bryant,
base,76,Gold Prizms,false,,Thomas Bryant,
base,76,Gold Shimmer Prizms,false,,Thomas Bryant,
base,76,Gold Wave Prizms,false,,Thomas Bryant,
base,76,Green Ice Prizms,false,,Thomas Bryant,
base,76,Green Prizms,false,,Thomas Bryant,
base,76,Green Pulsar Prizms,false,,Thomas Bryant,
base,76,Green Shimmer Prizms,false,,Thomas Bryant,
base,76,Hyper Prizms,false,,Thomas Bryant,
base,76,Lucky Envelopes Prizms,false,,Thomas Bryant,
base,76,Mojo Prizms,false,,Thomas Bryant,
base,76,Orange Ice Prizms,false,,Thomas Bryant,
base,76,Orange Prizms,false,,Thomas Bryant,
base,76,Orange Wave Prizms,false,,Thomas Bryant,
base,76,Pink Ice Prizms,false,,Thomas Bryant,
base,76,Pink Pulsar Prizms,false,,Thomas Bryant,
base,76,Purple Ice Prizms,false,,Thomas Bryant,
base,76,Purple Prizms,false,,Thomas Bryant,
base,76,Purple Pulsar Prizms,false,,Thomas Bryant,
base,76,Purple Wave Prizms,false,,Thomas Bryant,
base,76,Red Ice Prizms,false,,Thomas Bryant,
base,76,Red Prizms,false,,Thomas Bryant,
base,76,"Red, White and Blue Prizms",false,,Thomas Bryant,
base,76,Ruby Wave Prizms,false,,Thomas Bryant,
base,76,Silver Prizms,false,,Thomas Bryant,
base,76,White Sparkle Prizm,false,,Thomas Bryant,
base,76,Fast Break Pink Prizms,false,,Thomas Bryant,
base,76,Black Prizms,false,,Thomas Bryant,
base,76,Black Shimmer Prizms,false,,Thomas Bryant,
base,76,Blue Ice Prizms,false,,Thomas Bryant,
base,76,Black Gold Prizms,false,,Thomas Bryant,
base,98,Blue Prizms,false,,Davis Bertans,
base,98,Blue Shimmer Prizms,false,,Davis Bertans,
base,98,Blue Wave Prizms,false,,Davis Bertans,
base,98,Choice Blue Prizms,false,,Davis Bertans,
base,98,"Choice Blue, Yellow and Green Prizms",false,,Davis Bertans,
base,98,Choice Green Prizms,false,,Davis Bertans,
base,98,Choice Nebula Prizms,false,,Davis Bertans,
base,98,Choice Red Prizms,false,,Davis Bertans,
base,98,Choice Tiger Stripe Prizms,false,,Davis Bertans,
base,98,Fast Break Blue Prizms,false,,Davis Bertans,
base,98,Fast Break Bronze Prizms,false,,Davis Bertans,
base,98,Fast Break Neon Green Prizms,false,,Davis Bertans,
base,98,Fast Break Prizms,false,,Davis Bertans,
base,98,Fast Break Purple Prizms,false,,Davis Bertans,
base,98,Fast Break Red Prizms,false,,Davis Bertans,
base,98,Gold Prizms,false,,Davis Bertans,
base,98,Gold Shimmer Prizms,false,,Davis Bertans,
base,98,Gold Wave Prizms,false,,Davis Bertans,
base,98,Green Ice Prizms,false,,Davis Bertans,
base,98,Green Prizms,false,,Davis Bertans,
base,98,Green Pulsar Prizms,false,,Davis Bertans,
base,98,Green Shimmer Prizms,false,,Davis Bertans,
base,98,Hyper Prizms,false,,Davis Bertans,
base,98,Lucky Envelopes Prizms,false,,Davis Bertans,
base,98,Mojo Prizms,false,,Davis Bertans,
base,98,Orange Ice Prizms,false,,Davis Bertans,
base,98,Orange Prizms,false,,Davis Bertans,
base,98,Orange Wave Prizms,false,,Davis Bertans,
base,98,Pink Ice Prizms,false,,Davis Bertans,
base,98,Pink Pulsar Prizms,false,,Davis Bertans,
base,98,Purple Ice Prizms,false,,Davis Bertans,
base,98,Purple Prizms,false,,Davis Bertans,
base,98,Purple Pulsar Prizms,false,,Davis Bertans,
base,98,Purple Wave Prizms,false,,Davis Bertans,
base,98,Red Ice Prizms,false,,Davis Bertans,
base,98,Red Prizms,false,,Davis Bertans,
base,98,"Red, White and Blue Prizms",false,,Davis Bertans,
base,98,Ruby Wave Prizms,false,,Davis Bertans,
base,98,Silver Prizms,false,,Davis Bertans,
base,98,White Sparkle Prizm,false,,Davis Bertans,
base,98,Fast Break Pink Prizms,false,,Davis Bertans,
base,98,Black Prizms,false,,Davis Bertans,
base,98,Black Shimmer Prizms,false,,Davis Bertans,
base,98,Blue Ice Prizms,false,,Davis Bertans,
base,98,Black Gold Prizms,false,,Davis Bertans,
auto-signatures,SI-JMA,Prizms Choice,true,,Jeff Malone,
auto-signatures,SI-JMA,Prizms Silver,true,,Jeff Malone,
auto-signatures,SI-JMA,Prizms Mojo,true,25,Jeff Malone,
auto-signatures,SI-JMA,Prizms Gold,true,10,Jeff Malone,
auto-signatures,SI-JMA,Prizms Choice Green,true,8,Jeff Malone,
auto-signatures,SI-JMA,Prizms Black,true,1,Jeff Malone,
insert-sensational-swatches,SSW-BBR,Prizms Orange Ice,false,,Bradley Beal,
insert-sensational-swatches,SSW-BBR,Prizms Green Ice,false,56,Bradley Beal,
insert-sensational-swatches,SSW-BBR,Prime,false,10,Bradley Beal,
insert-sensational-swatches,SSW-TBR,Prizms Orange Ice,false,,Thomas Bryant,
insert-sensational-swatches,SSW-TBR,Prizms Green Ice,false,56,Thomas Bryant,
insert-sensational-swatches,SSW-TBR,Prime,false,10,Thomas Bryant,
insert-rookie-penmanship,RP-DAV,Prizms Orange Ice,false,,Deni Avdija,
insert-rookie-penmanship,RP-DAV,Prizms Blue Wave,false,,Deni Avdija,
insert-rookie-penmanship,RP-DAV,Prizms Silver,false,,Deni Avdija,
insert-rookie-penmanship,RP-DAV,Prizms Gold Wave,false,,Deni Avdija,
insert-rookie-penmanship,RP-DAV,Prizms Green Ice,false,16,Deni Avdija,
base,56,Blue Prizms,false,,John Wall,
base,56,Blue Shimmer Prizms,false,,John Wall,
base,56,Blue Wave Prizms,false,,John Wall,
base,56,Choice Blue Prizms,false,,John Wall,
base,56,"Choice Blue, Yellow and Green Prizms",false,,John Wall,
base,56,Choice Green Prizms,false,,John Wall,
base,56,Choice Nebula Prizms,false,,John Wall,
base,56,Choice Red Prizms,false,,John Wall,
base,56,Choice Tiger Stripe Prizms,false,,John Wall,
base,56,Fast Break Blue Prizms,false,,John Wall,
base,56,Fast Break Bronze Prizms,false,,John Wall,
base,56,Fast Break Neon Green Prizms,false,,John Wall,
base,56,Fast Break Prizms,false,,John Wall,
base,56,Fast Break Purple Prizms,false,,John Wall,
base,56,Fast Break Red Prizms,false,,John Wall,
base,56,Gold Prizms,false,,John Wall,
base,56,Gold Shimmer Prizms,false,,John Wall,
base,56,Gold Wave Prizms,false,,John Wall,
base,56,Green Ice Prizms,false,,John Wall,
base,56,Green Prizms,false,,John Wall,
base,56,Green Pulsar Prizms,false,,John Wall,
base,56,Green Shimmer Prizms,false,,John Wall,
base,56,Hyper Prizms,false,,John Wall,
base,56,Lucky Envelopes Prizms,false,,John Wall,
base,56,Mojo Prizms,false,,John Wall,
base,56,Orange Ice Prizms,false,,John Wall,
base,56,Orange Prizms,false,,John Wall,
base,56,Orange Wave Prizms,false,,John Wall,
base,56,Pink Ice Prizms,false,,John Wall,
base,56,Pink Pulsar Prizms,false,,John Wall,
base,56,Purple Ice Prizms,false,,John Wall,
base,56,Purple Prizms,false,,John Wall,
base,56,Purple Pulsar Prizms,false,,John Wall,
base,56,Purple Wave Prizms,false,,John Wall,
base,56,Red Ice Prizms,false,,John Wall,
base,56,Red Prizms,false,,John Wall,
base,56,"Red, White and Blue Prizms",false,,John Wall,
base,56,Ruby Wave Prizms,false,,John Wall,
base,56,Silver Prizms,false,,John Wall,
base,56,White Sparkle Prizm,false,,John Wall,
base,56,Fast Break Pink Prizms,false,,John Wall,
base,56,Black Prizms,false,,John Wall,
base,56,Black Shimmer Prizms,false,,John Wall,
base,56,Blue Ice Prizms,false,,John Wall,
base,56,Black Gold Prizms,false,,John Wall,
insert-rookie-penmanship,RP-CWS,Prizms Orange Ice,false,,Cassius Winston,
insert-rookie-penmanship,RP-CWS,Prizms Blue Wave,false,,Cassius Winston,
insert-rookie-penmanship,RP-CWS,Prizms Silver,false,,Cassius Winston,
insert-rookie-penmanship,RP-CWS,Prizms Gold Wave,false,,Cassius Winston,
insert-rookie-penmanship,RP-CWS,Prizms Green Ice,false,16,Cassius Winston,
base,249,Blue Prizms,false,,Rui Hachimura,
base,249,Blue Shimmer Prizms,false,,Rui Hachimura,
base,249,Blue Wave Prizms,false,,Rui Hachimura,
base,249,Choice Blue Prizms,false,,Rui Hachimura,
base,249,"Choice Blue, Yellow and Green Prizms",false,,Rui Hachimura,
base,249,Choice Green Prizms,false,,Rui Hachimura,
base,249,Choice Nebula Prizms,false,,Rui Hachimura,
base,249,Choice Red Prizms,false,,Rui Hachimura,
base,249,Choice Tiger Stripe Prizms,false,,Rui Hachimura,
base,249,Fast Break Blue Prizms,false,,Rui Hachimura,
base,249,Fast Break Bronze Prizms,false,,Rui Hachimura,
base,249,Fast Break Neon Green Prizms,false,,Rui Hachimura,
base,249,Fast Break Prizms,false,,Rui Hachimura,
base,249,Fast Break Purple Prizms,false,,Rui Hachimura,
base,249,Fast Break Red Prizms,false,,Rui Hachimura,
base,249,Gold Prizms,false,,Rui Hachimura,
base,249,Gold Shimmer Prizms,false,,Rui Hachimura,
base,249,Gold Wave Prizms,false,,Rui Hachimura,
base,249,Green Ice Prizms,false,,Rui Hachimura,
base,249,Green Prizms,false,,Rui Hachimura,
base,249,Green Pulsar Prizms,false,,Rui Hachimura,
base,249,Green Shimmer Prizms,false,,Rui Hachimura,
base,249,Hyper Prizms,false,,Rui Hachimura,
base,249,Lucky Envelopes Prizms,false,,Rui Hachimura,
base,249,Mojo Prizms,false,,Rui Hachimura,
base,249,Orange Ice Prizms,false,,Rui Hachimura,
base,249,Orange Prizms,false,,Rui Hachimura,
base,249,Orange Wave Prizms,false,,Rui Hachimura,
base,249,Pink Ice Prizms,false,,Rui Hachimura,
base,249,Pink Pulsar Prizms,false,,Rui Hachimura,
base,249,Purple Ice Prizms,false,,Rui Hachimura,
base,249,Purple Prizms,false,,Rui Hachimura,
base,249,Purple Pulsar Prizms,false,,Rui Hachimura,
base,249,Purple Wave Prizms,false,,Rui Hachimura,
base,249,Red Ice Prizms,false,,Rui Hachimura,
base,249,Red Prizms,false,,Rui Hachimura,
base,249,"Red, White and Blue Prizms",false,,Rui Hachimura,
base,249,Ruby Wave Prizms,false,,Rui Hachimura,
base,249,Silver Prizms,false,,Rui Hachimura,
base,249,White Sparkle Prizm,false,,Rui Hachimura,
base,249,Fast Break Pink Prizms,false,,Rui Hachimura,
base,249,Black Prizms,false,,Rui Hachimura,
base,249,Black Shimmer Prizms,false,,Rui Hachimura,
base,249,Blue Ice Prizms,false,,Rui Hachimura,
base,249,Black Gold Prizms,false,,Rui Hachimura,
auto-signatures,SI-ISH,Prizms Choice,true,,Ish Smith,
auto-signatures,SI-ISH,Prizms Silver,true,,Ish Smith,
auto-signatures,SI-ISH,Prizms Mojo,true,25,Ish Smith,
auto-signatures,SI-ISH,Prizms Gold,true,10,Ish Smith,
auto-signatures,SI-ISH,Prizms Choice Green,true,8,Ish Smith,
auto-signatures,SI-ISH,Prizms Black,true,1,Ish Smith,
auto-sensational-signatures,SS-BBL,Prizms Silver,true,,Bradley Beal,
auto-sensational-signatures,SS-BBL,Prizms Choice,true,,Bradley Beal,
auto-sensational-signatures,SS-BBL,Prizms Mojo,true,25,Bradley Beal,
auto-sensational-signatures,SS-BBL,Prizms Gold,true,10,Bradley Beal,
auto-sensational-signatures,SS-BBL,Prizms Choice Green,true,8,Bradley Beal,
auto-sensational-signatures,SS-BBL,Prizms Black,true,1,Bradley Beal,
base,193,Blue Prizms,false,,Shabazz Napier,
base,193,Blue Shimmer Prizms,false,,Shabazz Napier,
base,193,Blue Wave Prizms,false,,Shabazz Napier,
base,193,Choice Blue Prizms,false,,Shabazz Napier,
base,193,"Choice Blue, Yellow and Green Prizms",false,,Shabazz Napier,
base,193,Choice Green Prizms,false,,Shabazz Napier,
base,193,Choice Nebula Prizms,false,,Shabazz Napier,
base,193,Choice Red Prizms,false,,Shabazz Napier,
base,193,Choice Tiger Stripe Prizms,false,,Shabazz Napier,
base,193,Fast Break Blue Prizms,false,,Shabazz Napier,
base,193,Fast Break Bronze Prizms,false,,Shabazz Napier,
base,193,Fast Break Neon Green Prizms,false,,Shabazz Napier,
base,193,Fast Break Prizms,false,,Shabazz Napier,
base,193,Fast Break Purple Prizms,false,,Shabazz Napier,
base,193,Fast Break Red Prizms,false,,Shabazz Napier,
base,193,Gold Prizms,false,,Shabazz Napier,
base,193,Gold Shimmer Prizms,false,,Shabazz Napier,
base,193,Gold Wave Prizms,false,,Shabazz Napier,
base,193,Green Ice Prizms,false,,Shabazz Napier,
base,193,Green Prizms,false,,Shabazz Napier,
base,193,Green Pulsar Prizms,false,,Shabazz Napier,
base,193,Green Shimmer Prizms,false,,Shabazz Napier,
base,193,Hyper Prizms,false,,Shabazz Napier,
base,193,Lucky Envelopes Prizms,false,,Shabazz Napier,
base,193,Mojo Prizms,false,,Shabazz Napier,
base,193,Orange Ice Prizms,false,,Shabazz Napier,
base,193,Orange Prizms,false,,Shabazz Napier,
base,193,Orange Wave Prizms,false,,Shabazz Napier,
base,193,Pink Ice Prizms,false,,Shabazz Napier,
base,193,Pink Pulsar Prizms,false,,Shabazz Napier,
base,193,Purple Ice Prizms,false,,Shabazz Napier,
base,193,Purple Prizms,false,,Shabazz Napier,
base,193,Purple Pulsar Prizms,false,,Shabazz Napier,
base,193,Purple Wave Prizms,false,,Shabazz Napier,
base,193,Red Ice Prizms,false,,Shabazz Napier,
base,193,Red Prizms,false,,Shabazz Napier,
base,193,"Red, White and Blue Prizms",false,,Shabazz Napier,
base,193,Ruby Wave Prizms,false,,Shabazz Napier,
base,193,Silver Prizms,false,,Shabazz Napier,
base,193,White Sparkle Prizm,false,,Shabazz Napier,
base,193,Fast Break Pink Prizms,false,,Shabazz Napier,
base,193,Black Prizms,false,,Shabazz Napier,
base,193,Black Shimmer Prizms,false,,Shabazz Napier,
base,193,Blue Ice Prizms,false,,Shabazz Napier,
base,193,Black Gold Prizms,false,,Shabazz Napier,
insert-fireworks,10,Prizms Silver,false,,Bradley Beal,
insert-fireworks,10,Fast Break,false,,Bradley Beal,
insert-fireworks,10,Prizms Hyper,false,,Bradley Beal,
insert-fireworks,10,Prizms Mojo,false,25,Bradley Beal,
insert-fireworks,10,Prizms Gold,false,10,Bradley Beal,
insert-fireworks,10,Prizms Black,false,1,Bradley Beal,
insert-dominance,3,Prizms Green,false,,Bradley Beal,
insert-dominance,3,Prizms Silver,false,,Bradley Beal,
base,37,Blue Prizms,false,,Ish Smith,
base,37,Blue Shimmer Prizms,false,,Ish Smith,
base,37,Blue Wave Prizms,false,,Ish Smith,
base,37,Choice Blue Prizms,false,,Ish Smith,
base,37,"Choice Blue, Yellow and Green Prizms",false,,Ish Smith,
base,37,Choice Green Prizms,false,,Ish Smith,
base,37,Choice Nebula Prizms,false,,Ish Smith,
base,37,Choice Red Prizms,false,,Ish Smith,
base,37,Choice Tiger Stripe Prizms,false,,Ish Smith,
base,37,Fast Break Blue Prizms,false,,Ish Smith,
base,37,Fast Break Bronze Prizms,false,,Ish Smith,
base,37,Fast Break Neon Green Prizms,false,,Ish Smith,
base,37,Fast Break Prizms,false,,Ish Smith,
base,37,Fast Break Purple Prizms,false,,Ish Smith,
base,37,Fast Break Red Prizms,false,,Ish Smith,
base,37,Gold Prizms,false,,Ish Smith,
base,37,Gold Shimmer Prizms,false,,Ish Smith,
base,37,Gold Wave Prizms,false,,Ish Smith,
base,37,Green Ice Prizms,false,,Ish Smith,
base,37,Green Prizms,false,,Ish Smith,
base,37,Green Pulsar Prizms,false,,Ish Smith,
base,37,Green Shimmer Prizms,false,,Ish Smith,
base,37,Hyper Prizms,false,,Ish Smith,
base,37,Lucky Envelopes Prizms,false,,Ish Smith,
base,37,Mojo Prizms,false,,Ish Smith,
base,37,Orange Ice Prizms,false,,Ish Smith,
base,37,Orange Prizms,false,,Ish Smith,
base,37,Orange Wave Prizms,false,,Ish Smith,
base,37,Pink Ice Prizms,false,,Ish Smith,
base,37,Pink Pulsar Prizms,false,,Ish Smith,
base,37,Purple Ice Prizms,false,,Ish Smith,
base,37,Purple Prizms,false,,Ish Smith,
base,37,Purple Pulsar Prizms,false,,Ish Smith,
base,37,Purple Wave Prizms,false,,Ish Smith,
base,37,Red Ice Prizms,false,,Ish Smith,
base,37,Red Prizms,false,,Ish Smith,
base,37,"Red, White and Blue Prizms",false,,Ish Smith,
base,37,Ruby Wave Prizms,false,,Ish Smith,
base,37,Silver Prizms,false,,Ish Smith,
base,37,White Sparkle Prizm,false,,Ish Smith,
base,37,Fast Break Pink Prizms,false,,Ish Smith,
base,37,Black Prizms,false,,Ish Smith,
base,37,Black Shimmer Prizms,false,,Ish Smith,
base,37,Blue Ice Prizms,false,,Ish Smith,
base,37,Black Gold Prizms,false,,Ish Smith,
