category,cardNumber,parallel,isAuto,printRun,player,parallelNote
auto-rookie-triple-autographs,RTA-WR,,true,,Ja'Marr Chase,
auto-rookie-triple-autographs,RTA-WR,,true,,Jaylen Waddle,
auto-rookie-triple-autographs,RTA-QB,,true,,Trey Lance,
auto-rookie-triple-autographs,RTA-QB,,true,,Trevor Lawrence,
auto-rookie-triple-autographs,RTA-RB,,true,,Najee Harris,
auto-rookie-triple-autographs,RTA-RB,,true,,Javonte Williams,
auto-rookie-triple-autographs,RTA-QB,,true,,Zach Wilson,
auto-rookie-triple-autographs,RTA-RB,,true,,"Travis Etienne Jr. AU, SN25, EXCH",
auto-rookie-triple-autographs,RTA-WR,,true,,DeVonta Smith,
insert-dominators-ice,DM-KM,,false,,Kyler Murray,
auto-legendary-patch-autographs,LPA-JP,,true,,Jake Plummer,
insert-rookie-phenoms-horizontal,RPH-17,,false,,Rondale Moore,
base,179,,false,,Chase Edmonds,
base,180,,false,,J.J. Watt,
base,176,,false,,A.J. Green,
insert-my-house-ice,MH-19,,false,,Kyler Murray,
insert-downtown,DT-28,,false,,Kyler Murray,
insert-gifted-rookies,GR-17,,false,,Rondale Moore,
auto-rated-rookies-rps-autographs-ice,217,,true,,Rondale Moore,
insert-gifted-rookies-ice,GR-17,,false,,Rondale Moore,
insert-rookie-phenoms,RP-17,,false,,Rondale Moore,
insert-rookie-kings,RK-16,,false,,Rondale Moore,
insert-my-house,MH-19,,false,,Kyler Murray,
auto-rated-rookies-rps-autographs,217,,true,,Rondale Moore,
insert-legendary-logos,LL-1,,false,,Kyler Murray,
base,181,,false,,Kurt Warner,
base,265,,false,,Zaven Collins,
insert-legendary-logos-ice,LL-1,,false,,Kyler Murray,
insert-mythical,MY-7,,false,,Kyler Murray,
base,217,,false,,Rondale Moore,
auto-rookie-patch-autographs,RPA-RM,,true,,Rondale Moore,
insert-dominators,DM-KM,,false,,Kyler Murray,
base,177,,false,,DeAndre Hopkins,
base,178,,false,,Kyler Murray,
insert-rookie-phenoms-horizontal,RPH-11,,false,,Kyle Pitts,
auto-rated-rookies-autographs-ice,269,,true,,Richie Grant,
base,299,,false,,Feleipe Franks,
insert-rookie-kings,RK-11,,false,,Kyle Pitts,
base,290,,false,,Frank Darby,
base,211,,false,,Kyle Pitts,
base,269,,false,,Richie Grant,
auto-rated-rookies-autographs-ice,290,,true,,Frank Darby,
auto-rated-rookies-rps-autographs,211,,true,,Kyle Pitts,
insert-rookie-phenoms,RP-11,,false,,Kyle Pitts,
insert-globall-ice,GB-7,,false,,Younghoe Koo,
auto-rated-rookies-autographs-ice,299,,true,,Feleipe Franks,
insert-the-rookies,TR-10,,false,,Kyle Pitts,
auto-rookie-patch-autographs,RPA-KP,,true,,Kyle Pitts,
insert-the-elite-series-rookies-ice,ESR-10,,false,,Kyle Pitts,
insert-globall,GB-7,,false,,Younghoe Koo,
insert-the-elite-series-rookies,ESR-10,,false,,Kyle Pitts,
insert-the-rookies-ice,TR-10,,false,,Kyle Pitts,
insert-gifted-rookies-ice,GR-11,,false,,Kyle Pitts,
insert-my-house,MH-17,,false,,Matt Ryan,
auto-rated-rookies-autographs,290,,true,,Frank Darby,
auto-rated-rookies-rps-autographs-ice,211,,true,,Kyle Pitts,
insert-gifted-rookies,GR-11,,false,,Kyle Pitts,
insert-red-hot-rookies,RHR-6,,false,,Kyle Pitts,
insert-elite-series-rookies,ESR-10,,false,,Kyle Pitts,
auto-the-elite-series-rookies-autographs,ESR-10,,true,,Kyle Pitts,
insert-red-hot-rookies-ice,RHR-6,,false,,Kyle Pitts,
auto-the-rookies-autographs,TR-10,,true,,Kyle Pitts,
insert-retro-series,RS-MV,,false,,Michael Vick,
auto-dynamic-patch-autographs,DPA-MV,,true,,Michael Vick,
insert-retro-series-ice,RS-MV,,false,,Michael Vick,
auto-rated-rookies-autographs,299,,true,,Feleipe Franks,
auto-signature-series-holo,SS-YK,,true,,Younghoe Koo,
auto-rated-rookies-autographs,269,,true,,Richie Grant,
insert-my-house-ice,MH-17,,false,,Matt Ryan,
insert-downtown,DT-13,,false,,Kyle Pitts,
insert-rookie-gridiron-kings,RGK-9,,false,,Kyle Pitts,
base,151,,false,,Calvin Ridley,
base,152,,false,,Hayden Hurst,
base,153,,false,,Matt Ryan,
base,154,,false,,Mike Davis,
base,155,,false,,Deion Jones,
base,156,,false,,Michael Vick,
auto-rookie-gridiron-kings-autographs,RGK-9,,true,,Kyle Pitts,
insert-rookie-gridiron-kings-ice,RGK-9,,false,,Kyle Pitts,
base,129,,false,,J.K. Dobbins,
base,128,,false,,Lamar Jackson,
insert-retro-series-ice,RS-ER,,false,,Ed Reed,
base,127,,false,,Mark Andrews,
base,126,,false,,Marquise Brown,
base,226,,false,,Tylan Wallace,
insert-donruss-threads,TH-6,,false,,J.K. Dobbins,
insert-rookie-phenoms-horizontal,RPH-10,,false,,Rashod Bateman,
auto-signature-series-holo,SS-RL,,true,,Ray Lewis,
auto-the-elite-series-rookies-autographs,ESR-9,,true,,Rashod Bateman,
auto-rated-rookies-autographs,258,,true,,Odafe Oweh,
insert-white-hot-rookies,WHR-5,,false,,Rashod Bateman,
auto-rated-rookies-rps-autographs,226,,true,,Tylan Wallace,
insert-white-hot-rookies-ice,WHR-5,,false,,Rashod Bateman,
auto-rated-rookies-rps-autographs,210,,true,,Rashod Bateman,
base,210,,false,,Rashod Bateman,
insert-gifted-rookies-ice,GR-10,,false,,Rashod Bateman,
insert-the-elite-series-rookies,ESR-9,,false,,Rashod Bateman,
auto-rated-rookies-rps-autographs-ice,210,,true,,Rashod Bateman,
insert-the-elite-series-rookies-ice,ESR-9,,false,,Rashod Bateman,
auto-rated-rookies-autographs-ice,258,,true,,Odafe Oweh,
auto-rookie-patch-autographs,RPA-RB,,true,,Rashod Bateman,
insert-rookie-phenoms,RP-10,,false,,Rashod Bateman,
insert-downtown,DT-9,,false,,Lamar Jackson,
auto-rookie-dual-autographs,RDA-BW,,true,,Tylan Wallace,
insert-my-house,MH-9,,false,,Lamar Jackson,
base,258,,false,,Odafe Oweh,
auto-rookie-dual-autographs,RDA-BW,,true,,Rashod Bateman,
insert-rookie-kings,RK-10,,false,,Rashod Bateman,
insert-rookie-phenoms,RP-26,,false,,Tylan Wallace,
insert-gifted-rookies,GR-10,,false,,Rashod Bateman,
auto-rated-rookies-rps-autographs-ice,226,,true,,Tylan Wallace,
auto-legendary-patch-autographs,LPA-ER,,true,,Ed Reed,
auto-rookie-patch-autographs,RPA-TW,,true,,Tylan Wallace,
insert-my-house-ice,MH-9,,false,,Lamar Jackson,
auto-signature-series-holo,SS-JT,,true,,Justin Tucker,
insert-rookie-phenoms-horizontal,RPH-26,,false,,Tylan Wallace,
insert-elite-series-rookies,ESR-9,,false,,Rashod Bateman,
base,131,,false,,Ray Lewis,
base,130,,false,,Patrick Queen,
insert-retro-series,RS-ER,,false,,Ed Reed,
base,56,,false,,Jim Kelly,
insert-downtown,DT-1,,false,,Josh Allen,
base,277,,false,,"Carlos ""Boogie"" Basham",
insert-mythical,MY-6,,false,,Josh Allen,
auto-rated-rookies-autographs-ice,253,,true,,Greg Rousseau,
insert-legendary-logos-ice,LL-20,,false,,Josh Allen,
auto-rated-rookies-autographs-ice,257,,true,,Marquez Stevenson,
insert-my-house,MH-8,,false,,Josh Allen,
insert-dominators,DM-SD,,false,,Stefon Diggs,
auto-rated-rookies-autographs,277,,true,,"Carlos ""Boogie"" Basham",
auto-rated-rookies-autographs-ice,277,,true,,"Carlos ""Boogie"" Basham",
insert-mythical,MY-17,,false,,Stefon Diggs,
insert-my-house-ice,MH-8,,false,,Josh Allen,
insert-legendary-logos,LL-20,,false,,Josh Allen,
base,253,,false,,Greg Rousseau,
auto-rated-rookies-autographs,253,,true,,Greg Rousseau,
insert-dominators-ice,DM-SD,,false,,Stefon Diggs,
base,51,,false,,Stefon Diggs,
base,52,,false,,Cole Beasley,
base,53,,false,,Josh Allen,
base,54,,false,,Devin Singletary,
base,55,,false,,Jordan Poyer,
auto-rated-rookies-autographs,257,,true,,Marquez Stevenson,
base,257,,false,,Marquez Stevenson,
insert-elite-series-rookies,ESR-14,,false,,Terrace Marshall Jr.,
auto-rookie-dual-autographs,RDA-MH,,true,,Terrace Marshall Jr.,
insert-the-elite-series-rookies,ESR-14,,false,,Terrace Marshall Jr.,
auto-the-elite-series-rookies-autographs,ESR-14,,true,,Terrace Marshall Jr.,
auto-rated-rookies-rps-autographs,218,,true,,Terrace Marshall Jr.,
auto-rated-rookies-autographs-ice,282,,true,,Tommy Tremble,
auto-rated-rookies-rps-autographs-ice,225,,true,,Chuba Hubbard,
auto-rated-rookies-autographs-ice,292,,true,,Shi Smith,
base,282,,false,,Tommy Tremble,
base,218,,false,,Terrace Marshall Jr.,
auto-rated-rookies-rps-autographs-ice,218,,true,,Terrace Marshall Jr.,
insert-white-hot-rookies-ice,WHR-9,,false,,Terrace Marshall Jr.,
insert-mythical,MY-11,,false,,Christian McCaffrey,
auto-rookie-patch-autographs,RPA-CH,,true,,Chuba Hubbard,
base,243,,false,,Jaycee Horn,
insert-globall-ice,GB-14,,false,,Chuba Hubbard,
insert-globall,GB-14,,false,,Chuba Hubbard,
auto-rookie-patch-autographs,RPA-TM,,true,,Terrace Marshall Jr.,
insert-gifted-rookies-ice,GR-18,,false,,Terrace Marshall Jr.,
auto-rookie-dual-autographs,RDA-MH,,true,,Chuba Hubbard,
insert-white-hot-rookies,WHR-9,,false,,Terrace Marshall Jr.,
insert-gifted-rookies,GR-18,,false,,Terrace Marshall Jr.,
insert-the-elite-series-rookies-ice,ESR-14,,false,,Terrace Marshall Jr.,
insert-rookie-phenoms-horizontal,RPH-18,,false,,Terrace Marshall Jr.,
auto-rated-rookies-autographs,282,,true,,Tommy Tremble,
insert-rookie-phenoms,RP-18,,false,,Terrace Marshall Jr.,
auto-rated-rookies-rps-autographs,225,,true,,Chuba Hubbard,
insert-rising-suns,RS-9,,false,,Jaycee Horn,
base,162,,false,,Jeremy Chinn,
insert-rising-suns-ice,RS-6,,false,,Christian McCaffrey,
insert-rising-suns,RS-6,,false,,Christian McCaffrey,
insert-rising-suns-ice,RS-9,,false,,Jaycee Horn,
base,161,,false,,Yetur Gross-Matos,
base,225,,false,,Chuba Hubbard,
base,160,,false,,Christian McCaffrey,
base,159,,false,,Sam Darnold,
base,158,,false,,Robby Anderson,
base,157,,false,,DJ Moore,
insert-rookie-phenoms,RP-25,,false,,Chuba Hubbard,
insert-rookie-phenoms-horizontal,RPH-25,,false,,Chuba Hubbard,
base,292,,false,,Shi Smith,
insert-mythical,MY-24,,false,,Justin Fields,
insert-white-hot-rookies,WHR-2,,false,,Justin Fields,
insert-rookie-phenoms,RP-4,,false,,Justin Fields,
insert-my-house-ice,MH-4,,false,,Justin Fields,
insert-the-rookies-ice,TR-4,,false,,Justin Fields,
auto-rated-rookies-autographs,293,,true,,Khalil Herbert,
insert-my-house,MH-4,,false,,Justin Fields,
insert-legendary-logos-ice,LL-2,,false,,Justin Fields,
insert-white-hot-rookies-ice,WHR-2,,false,,Justin Fields,
insert-legendary-logos,LL-2,,false,,Justin Fields,
auto-rated-rookies-autographs-ice,293,,true,,Khalil Herbert,
auto-the-rookies-autographs,TR-4,,true,,Justin Fields,
insert-globall-ice,GB-9,,false,,Cairo Santos,
auto-rated-rookies-rps-autographs,204,,true,,Justin Fields,
insert-the-rookies,TR-4,,false,,Justin Fields,
insert-globall,GB-9,,false,,Cairo Santos,
insert-the-elite-series-rookies-ice,ESR-4,,false,,Justin Fields,
base,76,,false,,Allen Robinson II,
base,77,,false,,Darnell Mooney,
base,78,,false,,Jimmy Graham,
base,79,,false,,David Montgomery,
base,80,,false,,Khalil Mack,
base,81,,false,,Steve McMichael,
auto-rated-rookies-rps-autographs-ice,204,,true,,Justin Fields,
insert-gifted-rookies-ice,GR-4,,false,,Justin Fields,
insert-the-elite-series-rookies,ESR-4,,false,,Justin Fields,
insert-gifted-rookies,GR-4,,false,,Justin Fields,
insert-elite-series-rookies,ESR-4,,false,,Justin Fields,
auto-dynamic-patch-autographs,DPA-DH,,true,,Devin Hester,
insert-downtown,DT-39,,false,,Justin Fields,
auto-the-elite-series-rookies-autographs,ESR-4,,true,,Justin Fields,
insert-rookie-gridiron-kings,RGK-4,,false,,Justin Fields,
auto-signature-series-holo,SS-WP,,true,,William Perry,
auto-signature-series-holo,SS-RD,,true,,Richard Dent,
auto-rookie-gridiron-kings-autographs,RGK-4,,true,,Justin Fields,
insert-rookie-gridiron-kings-ice,RGK-4,,false,,Justin Fields,
auto-signature-series-holo,SS-CK,,true,,Cole Kmet,
insert-rookie-kings,RK-4,,false,,Justin Fields,
base,293,,false,,Khalil Herbert,
insert-rookie-phenoms-horizontal,RPH-4,,false,,Justin Fields,
base,204,,false,,Justin Fields,
auto-rookie-patch-autographs,RPA-JF,,true,,Justin Fields,
insert-legendary-logos-ice,LL-3,,false,,Joe Burrow,
insert-the-rookies-ice,TR-7,,false,,Ja'Marr Chase,
auto-rated-rookies-rps-autographs,207,,true,,Ja'Marr Chase,
auto-the-rookies-autographs,TR-7,,true,,Ja'Marr Chase,
insert-the-rookies,TR-7,,false,,Ja'Marr Chase,
insert-the-elite-series-rookies-ice,ESR-7,,false,,Ja'Marr Chase,
insert-the-elite-series-rookies,ESR-7,,false,,Ja'Marr Chase,
auto-the-elite-series-rookies-autographs,ESR-7,,true,,Ja'Marr Chase,
base,132,,false,,Tyler Boyd,
base,133,,false,,Tee Higgins,
base,134,,false,,Joe Burrow,
base,135,,false,,Joe Mixon,
base,136,,false,,Germaine Pratt,
base,137,,false,,Chad Johnson,
insert-rookie-phenoms-horizontal,RPH-7,,false,,Ja'Marr Chase,
base,207,,false,,Ja'Marr Chase,
insert-rookie-phenoms,RP-7,,false,,Ja'Marr Chase,
auto-rookie-patch-autographs,RPA-JC,,true,,Ja'Marr Chase,
base,279,,false,,Joseph Ossai,
base,294,,false,,Chris Evans,
insert-rookie-kings,RK-7,,false,,Ja'Marr Chase,
insert-rookie-gridiron-kings-ice,RGK-7,,false,,Ja'Marr Chase,
auto-rookie-gridiron-kings-autographs,RGK-7,,true,,Ja'Marr Chase,
insert-donruss-threads,TH-10,,false,,Joe Burrow,
insert-donruss-threads,TH-13,,false,,Tee Higgins,
insert-rookie-gridiron-kings,RGK-7,,false,,Ja'Marr Chase,
insert-downtown,DT-10,,false,,Joe Burrow,
insert-rising-suns-ice,RS-7,,false,,Joe Burrow,
insert-rising-suns,RS-7,,false,,Joe Burrow,
insert-downtown,DT-36,,false,,Ja'Marr Chase,
auto-dynamic-patch-autographs,DPA-CJ,,true,,Chad Johnson,
insert-retro-series-ice,RS-CJ,,false,,Chad Johnson,
insert-retro-series,RS-CJ,,false,,Chad Johnson,
insert-elite-series-rookies,ESR-7,,false,,Ja'Marr Chase,
insert-red-hot-rookies-ice,RHR-4,,false,,Ja'Marr Chase,
insert-red-hot-rookies,RHR-4,,false,,Ja'Marr Chase,
insert-gifted-rookies,GR-7,,false,,Ja'Marr Chase,
auto-rated-rookies-rps-autographs-ice,207,,true,,Ja'Marr Chase,
insert-gifted-rookies-ice,GR-7,,false,,Ja'Marr Chase,
insert-globall,GB-2,,false,,Joseph Ossai,
insert-globall-ice,GB-2,,false,,Joseph Ossai,
auto-rated-rookies-autographs-ice,294,,true,,Chris Evans,
insert-legendary-logos,LL-3,,false,,Joe Burrow,
auto-rated-rookies-autographs,294,,true,,Chris Evans,
insert-my-house,MH-11,,false,,Joe Burrow,
insert-my-house-ice,MH-11,,false,,Joe Burrow,
base,252,,false,,Greg Newsome II,
insert-rookie-phenoms,RP-31,,false,,Anthony Schwartz,
auto-rated-rookies-rps-autographs-ice,231,,true,,Anthony Schwartz,
base,138,,false,,Odell Beckham Jr.,
base,144,,false,,Eric Metcalf,
insert-rookie-phenoms-horizontal,RPH-31,,false,,Anthony Schwartz,
base,139,,false,,Jarvis Landry,
base,231,,false,,Anthony Schwartz,
auto-legendary-patch-autographs,LPA-JT,,true,,Joe Thomas,
insert-globall-ice,GB-11,,false,,Jamie Gillan,
auto-rated-rookies-rps-autographs,231,,true,,Anthony Schwartz,
base,140,,false,,Baker Mayfield,
insert-globall,GB-11,,false,,Jamie Gillan,
auto-rookie-patch-autographs,RPA-AS,,true,,Anthony Schwartz,
auto-rated-rookies-autographs,252,,true,,Greg Newsome II,
base,274,,false,,Jeremiah Owusu-Koramoah,
insert-my-house,MH-10,,false,,Baker Mayfield,
insert-legendary-logos,LL-4,,false,,Baker Mayfield,
insert-my-house-ice,MH-10,,false,,Baker Mayfield,
base,141,,false,,Nick Chubb,
insert-downtown,DT-11,,false,,Baker Mayfield,
insert-legendary-logos-ice,LL-4,,false,,Baker Mayfield,
auto-rated-rookies-autographs-ice,274,,true,,Jeremiah Owusu-Koramoah,
auto-rated-rookies-autographs,274,,true,,Jeremiah Owusu-Koramoah,
base,142,,false,,Kareem Hunt,
base,143,,false,,Myles Garrett,
auto-rated-rookies-autographs-ice,252,,true,,Greg Newsome II,
insert-downtown,DT-5,,false,,Dak Prescott,
insert-retro-series,RS-RS,,false,,Roger Staubach,
base,286,,false,,Jabril Cox,
insert-legendary-logos-ice,LL-5,,false,,Dak Prescott,
insert-retro-series,RS-TA,,false,,Troy Aikman,
insert-retro-series-ice,RS-TA,,false,,Troy Aikman,
auto-rated-rookies-autographs-ice,285,,true,,Nahshon Wright,
insert-retro-series-ice,RS-RS,,false,,Roger Staubach,
auto-rated-rookies-autographs-ice,286,,true,,Jabril Cox,
base,245,,false,,Micah Parsons,
insert-legendary-logos,LL-5,,false,,Dak Prescott,
auto-rated-rookies-rps-autographs-ice,242,,true,,Simi Fehoko,
base,250,,false,,Kelvin Joseph,
auto-rookie-patch-autographs,RPA-SF,,true,,Simi Fehoko,
base,242,,false,,Simi Fehoko,
insert-dominators,DM-DP,,false,,Dak Prescott,
insert-rookie-phenoms-horizontal,RPH-42,,false,,Simi Fehoko,
insert-mythical,MY-15,,false,,Emmitt Smith,
auto-dominators-autographs,DM-DP,,true,,Dak Prescott,
auto-rated-rookies-autographs,286,,true,,Jabril Cox,
insert-rookie-phenoms,RP-42,,false,,Simi Fehoko,
insert-dominators-ice,DM-DP,,false,,Dak Prescott,
auto-rated-rookies-rps-autographs,242,,true,,Simi Fehoko,
base,19,,false,,Amari Cooper,
insert-my-house,MH-6,,false,,Dak Prescott,
base,20,,false,,CeeDee Lamb,
insert-donruss-threads,TH-3,,false,,CeeDee Lamb,
auto-legendary-patch-autographs,LPA-TR,,true,,Tony Romo,
base,21,,false,,Michael Gallup,
auto-rated-rookies-autographs,285,,true,,Nahshon Wright,
base,22,,false,,Dak Prescott,
base,23,,false,,Ezekiel Elliott,
auto-rated-rookies-autographs-ice,245,,true,,Micah Parsons,
auto-rated-rookies-autographs,245,,true,,Micah Parsons,
base,24,,false,,DeMarcus Lawrence,
base,25,,false,,Emmitt Smith,
insert-my-house-ice,MH-6,,false,,Dak Prescott,
base,285,,false,,Nahshon Wright,
auto-rated-rookies-autographs-ice,244,,true,,Patrick Surtain II,
insert-gifted-rookies,GR-15,,false,,Javonte Williams,
insert-rookie-phenoms,RP-15,,false,,Javonte Williams,
insert-red-hot-rookies,RHR-8,,false,,Javonte Williams,
insert-rookie-kings,RK-15,,false,,Javonte Williams,
insert-rookie-gridiron-kings,RGK-13,,false,,Javonte Williams,
base,27,,false,,Jerry Jeudy,
base,29,,false,,Melvin Gordon III,
auto-signature-series-holo,SS-VJ,,true,,Vance Johnson,
insert-mythical,MY-10,,false,,John Elway,
insert-rising-suns,RS-10,,false,,Patrick Surtain II,
base,244,,false,,Patrick Surtain II,
auto-rookie-patch-autographs,RPA-JW,,true,,Javonte Williams,
base,262,,false,,Quinn Meinerz,
insert-rookie-phenoms-horizontal,RPH-15,,false,,Javonte Williams,
insert-downtown,DT-24,,false,,John Elway,
insert-legendary-logos,LL-6,,false,,Javonte Williams,
auto-rated-rookies-autographs,244,,true,,Patrick Surtain II,
base,215,,false,,Javonte Williams,
auto-dynamic-patch-autographs,DPA-CP,,true,,Clinton Portis,
base,31,,false,,Jake Plummer,
base,28,,false,,Noah Fant,
base,30,,false,,Von Miller,
insert-red-hot-rookies-ice,RHR-8,,false,,Javonte Williams,
auto-rated-rookies-rps-autographs-ice,215,,true,,Javonte Williams,
insert-legendary-logos-ice,LL-6,,false,,Javonte Williams,
auto-rookie-gridiron-kings-autographs,RGK-13,,true,,Javonte Williams,
insert-gifted-rookies-ice,GR-15,,false,,Javonte Williams,
base,26,,false,,Courtland Sutton,
insert-retro-series-ice,RS-TD,,false,,Terrell Davis,
auto-rated-rookies-rps-autographs,215,,true,,Javonte Williams,
insert-retro-series,RS-TD,,false,,Terrell Davis,
insert-rookie-gridiron-kings-ice,RGK-13,,false,,Javonte Williams,
insert-donruss-threads,TH-9,,false,,Jerry Jeudy,
insert-rising-suns-ice,RS-10,,false,,Patrick Surtain II,
base,84,,false,,Jared Goff,
auto-rated-rookies-autographs,270,,true,,Levi Onwuzurike,
base,87,,false,,Barry Sanders,
base,86,,false,,Jeff Okudah,
base,85,,false,,D'Andre Swift,
base,228,,false,,Amon-Ra St. Brown,
base,270,,false,,Levi Onwuzurike,
insert-rookie-phenoms-horizontal,RPH-28,,false,,Amon-Ra St. Brown,
base,296,,false,,Jermar Jefferson,
insert-rookie-gridiron-kings-ice,RGK-17,,false,,Amon-Ra St. Brown,
auto-signature-series-holo,SS-BS,,true,,Barry Sanders,
auto-the-rookies-autographs,TR-17,,true,,Amon-Ra St. Brown,
auto-signature-series-holo,SS-DS,,true,,D'Andre Swift,
auto-rookie-gridiron-kings-autographs,RGK-17,,true,,Amon-Ra St. Brown,
auto-rated-rookies-autographs,296,,true,,Jermar Jefferson,
insert-the-rookies-ice,TR-17,,false,,Amon-Ra St. Brown,
insert-rookie-gridiron-kings,RGK-17,,false,,Amon-Ra St. Brown,
insert-downtown,DT-14,,false,,Barry Sanders,
auto-rated-rookies-autographs-ice,270,,true,,Levi Onwuzurike,
insert-legendary-logos-ice,LL-7,,false,,Jared Goff,
auto-dynamic-patch-autographs,DPA-BS,,true,,Barry Sanders,
insert-legendary-logos,LL-7,,false,,Jared Goff,
insert-retro-series-ice,RS-BS,,false,,Barry Sanders,
auto-rated-rookies-autographs-ice,296,,true,,Jermar Jefferson,
insert-the-rookies,TR-17,,false,,Amon-Ra St. Brown,
insert-retro-series,RS-BS,,false,,Barry Sanders,
insert-globall-ice,GB-3,,false,,Amon-Ra St. Brown,
insert-the-elite-series-rookies-ice,ESR-17,,false,,Amon-Ra St. Brown,
insert-the-elite-series-rookies,ESR-17,,false,,Amon-Ra St. Brown,
auto-rookie-patch-autographs,RPA-AB,,true,,Amon-Ra St. Brown,
insert-elite-series-rookies,ESR-17,,false,,Amon-Ra St. Brown,
base,260,,false,,Penei Sewell,
insert-globall,GB-3,,false,,Amon-Ra St. Brown,
insert-mythical,MY-14,,false,,Barry Sanders,
base,82,,false,,Jamaal Williams,
auto-rated-rookies-rps-autographs-ice,228,,true,,Amon-Ra St. Brown,
insert-rookie-phenoms,RP-28,,false,,Amon-Ra St. Brown,
auto-rated-rookies-rps-autographs,228,,true,,Amon-Ra St. Brown,
auto-the-elite-series-rookies-autographs,ESR-17,,true,,Amon-Ra St. Brown,
base,83,,false,,T.J. Hockenson,
insert-dominators-ice,DM-DA,,false,,Davante Adams,
base,102,,false,,Randall Cobb,
auto-rated-rookies-autographs,289,,true,,Kylin Hill,
auto-signature-series-holo,SS-AJ,,true,,AJ Dillon,
insert-my-house,MH-15,,false,,Aaron Rodgers,
base,88,,false,,Davante Adams,
base,261,,false,,Amari Rodgers,
base,89,,false,,Robert Tonyan,
insert-dominators,DM-DA,,false,,Davante Adams,
insert-my-house-ice,MH-15,,false,,Aaron Rodgers,
base,92,,false,,Za'Darius Smith,
insert-legendary-logos,LL-8,,false,,Aaron Rodgers,
base,251,,false,,Eric Stokes,
auto-dynamic-patch-autographs,DPA-CW,,true,,Charles Woodson,
insert-mythical,MY-9,,false,,Brett Favre,
auto-rated-rookies-autographs-ice,289,,true,,Kylin Hill,
auto-rated-rookies-autographs,251,,true,,Eric Stokes,
insert-mythical,MY-18,,false,,Davante Adams,
insert-legendary-logos-ice,LL-8,,false,,Aaron Rodgers,
insert-downtown,DT-15,,false,,Aaron Rodgers,
auto-legendary-patch-autographs,LPA-BF,,true,,Brett Favre,
auto-rated-rookies-autographs-ice,251,,true,,Eric Stokes,
insert-donruss-threads,TH-12,,false,,Jordan Love,
base,91,,false,,Aaron Jones,
auto-signature-series-holo,SS-MV,,true,,Marquez Valdes-Scantling,
base,93,,false,,Brett Favre,
base,289,,false,,Kylin Hill,
auto-signature-series-holo,SS-GB,,true,,Gilbert Brown,
base,90,,false,,Aaron Rodgers,
auto-rookie-patch-autographs,RPA-DM,,true,,Davis Mills,
insert-rookie-phenoms,RP-30,,false,,Nico Collins,
insert-rookie-kings,RK-18,,false,,Davis Mills,
base,288,,false,,Brevin Jordan,
insert-rookie-phenoms-horizontal,RPH-22,,false,,Davis Mills,
insert-rookie-phenoms-horizontal,RPH-30,,false,,Nico Collins,
auto-signature-series-holo,SS-PL,,true,,Phillip Lindsay,
base,105,,false,,Zach Cunningham,
base,104,,false,,David Johnson,
insert-elite-series-rookies,ESR-15,,false,,Davis Mills,
base,103,,false,,Jordan Akins,
auto-rated-rookies-rps-autographs-ice,230,,true,,Nico Collins,
base,101,,false,,Brandin Cooks,
auto-the-elite-series-rookies-autographs,ESR-15,,true,,Davis Mills,
auto-rated-rookies-rps-autographs-ice,222,,true,,Davis Mills,
auto-rated-rookies-rps-autographs,230,,true,,Nico Collins,
auto-rated-rookies-rps-autographs,222,,true,,Davis Mills,
insert-the-elite-series-rookies,ESR-15,,false,,Davis Mills,
insert-the-elite-series-rookies-ice,ESR-15,,false,,Davis Mills,
auto-rated-rookies-autographs-ice,288,,true,,Brevin Jordan,
base,230,,false,,Nico Collins,
auto-rookie-patch-autographs,RPA-NC,,true,,Nico Collins,
base,222,,false,,Davis Mills,
insert-rookie-phenoms,RP-22,,false,,Davis Mills,
auto-rated-rookies-autographs,288,,true,,Brevin Jordan,
base,107,,false,,T.Y. Hilton,
base,110,,false,,Jonathan Taylor,
insert-globall,GB-1,,false,,Kwity Paye,
auto-rated-rookies-autographs-ice,248,,true,,Kwity Paye,
insert-downtown,DT-18,,false,,Peyton Manning,
base,111,,false,,DeForest Buckner,
auto-signature-series-holo,SS-XR,,true,,Xavier Rhodes,
base,112,,false,,Darius Leonard,
insert-rising-suns-ice,RS-4,,false,,Michael Pittman Jr.,
auto-dynamic-patch-autographs,DPA-MF,,true,,Marshall Faulk,
insert-legendary-logos-ice,LL-9,,false,,Carson Wentz,
insert-globall-ice,GB-1,,false,,Kwity Paye,
base,113,,false,,Peyton Manning,
insert-rising-suns,RS-4,,false,,Michael Pittman Jr.,
base,108,,false,,Michael Pittman Jr.,
insert-legendary-logos,LL-9,,false,,Carson Wentz,
auto-rated-rookies-autographs,248,,true,,Kwity Paye,
base,248,,false,,Kwity Paye,
base,246,,false,,Sam Ehlinger,
base,109,,false,,Carson Wentz,
auto-legendary-patch-autographs,LPA-PM,,true,,Peyton Manning,
insert-donruss-threads,TH-11,,false,,Jonathan Taylor,
insert-rookie-phenoms-horizontal,RPH-14,,false,,Travis Etienne Jr.,
insert-red-hot-rookies,RHR-1,,false,,Trevor Lawrence,
insert-the-elite-series-rookies,ESR-13,,false,,Travis Etienne Jr.,
insert-the-rookies-ice,TR-1,,false,,Trevor Lawrence,
base,278,,false,,Andre Cisco,
insert-elite-series-rookies,ESR-13,,false,,Travis Etienne Jr.,
insert-the-elite-series-rookies-ice,ESR-1,,false,,Trevor Lawrence,
insert-the-elite-series-rookies-ice,ESR-13,,false,,Travis Etienne Jr.,
insert-red-hot-rookies-ice,RHR-1,,false,,Trevor Lawrence,
auto-rated-rookies-rps-autographs,214,,true,,Travis Etienne Jr.,
insert-the-rookies,TR-1,,false,,Trevor Lawrence,
insert-the-rookies,TR-12,,false,,Travis Etienne Jr.,
auto-the-rookies-autographs,TR-1,,true,,Trevor Lawrence,
insert-elite-series-rookies,ESR-1,,false,,Trevor Lawrence,
auto-dynamic-patch-autographs,DPA-JR,,true,,James Robinson,
base,114,,false,,DJ Chark Jr.,
base,117,,false,,James Robinson,
insert-downtown,DT-33,,false,,Trevor Lawrence,
insert-mythical,MY-21,,false,,Trevor Lawrence,
base,118,,false,,Josh Allen,
auto-rated-rookies-autographs-ice,278,,true,,Andre Cisco,
base,119,,false,,Mark Brunell,
auto-the-elite-series-rookies-autographs,ESR-1,,true,,Trevor Lawrence,
auto-rated-rookies-rps-autographs-ice,201,,true,,Trevor Lawrence,
auto-rookie-dual-autographs,RDA-LE,,true,,Trevor Lawrence,
auto-rookie-dual-autographs,RDA-LE,,true,,Travis Etienne Jr.,
auto-rated-rookies-autographs,278,,true,,Andre Cisco,
insert-rookie-gridiron-kings,RGK-1,,false,,Trevor Lawrence,
insert-rookie-gridiron-kings,RGK-12,,false,,Travis Etienne Jr.,
auto-rookie-gridiron-kings-autographs,RGK-1,,true,,Trevor Lawrence,
insert-my-house-ice,MH-1,,false,,Trevor Lawrence,
insert-white-hot-rookies,WHR-7,,false,,Travis Etienne Jr.,
auto-signature-series-holo,SS-JR,,true,,James Robinson,
insert-my-house,MH-1,,false,,Trevor Lawrence,
auto-rookie-gridiron-kings-autographs,RGK-12,,true,,Travis Etienne Jr.,
insert-rookie-gridiron-kings-ice,RGK-1,,false,,Trevor Lawrence,
auto-the-rookies-autographs,TR-12,,true,,Travis Etienne Jr.,
insert-rookie-gridiron-kings-ice,RGK-12,,false,,Travis Etienne Jr.,
insert-rookie-phenoms,RP-1,,false,,Trevor Lawrence,
insert-rookie-kings,RK-1,,false,,Trevor Lawrence,
auto-rookie-patch-autographs,RPA-TL,,true,,Trevor Lawrence,
auto-rookie-patch-autographs,RPA-TE,,true,,Travis Etienne Jr.,
auto-rated-rookies-rps-autographs,201,,true,,Trevor Lawrence,
insert-the-rookies-ice,TR-12,,false,,Travis Etienne Jr.,
insert-rookie-phenoms,RP-14,,false,,Travis Etienne Jr.,
auto-rated-rookies-autographs,287,,true,,Luke Farrell,
insert-gifted-rookies,GR-1,,false,,Trevor Lawrence,
base,287,,false,,Luke Farrell,
insert-rookie-kings,RK-14,,false,,Travis Etienne Jr.,
insert-rookie-phenoms-horizontal,RPH-1,,false,,Trevor Lawrence,
base,201,,false,,Trevor Lawrence,
auto-rated-rookies-rps-autographs-ice,214,,true,,Travis Etienne Jr.,
insert-gifted-rookies-ice,GR-14,,false,,Travis Etienne Jr.,
insert-gifted-rookies-ice,GR-1,,false,,Trevor Lawrence,
base,214,,false,,Travis Etienne Jr.,
insert-the-elite-series-rookies,ESR-1,,false,,Trevor Lawrence,
insert-gifted-rookies,GR-14,,false,,Travis Etienne Jr.,
auto-the-elite-series-rookies-autographs,ESR-13,,true,,Travis Etienne Jr.,
auto-rated-rookies-autographs-ice,287,,true,,Luke Farrell,
base,115,,false,,Laviska Shenault Jr.,
insert-white-hot-rookies-ice,WHR-7,,false,,Travis Etienne Jr.,
base,116,,false,,Marvin Jones Jr.,
insert-legendary-logos,LL-10,,false,,Patrick Mahomes II,
base,37,,false,,Tyrann Mathieu,
base,36,,false,,Frank Clark,
base,35,,false,,Clyde Edwards-Helaire,
insert-mythical,MY-16,,false,,Tyreek Hill,
base,275,,false,,Nick Bolton,
auto-rated-rookies-rps-autographs,240,,true,,Cornell Powell,
base,240,,false,,Cornell Powell,
insert-rookie-phenoms,RP-40,,false,,Cornell Powell,
base,34,,false,,Patrick Mahomes II,
base,33,,false,,Travis Kelce,
base,32,,false,,Tyreek Hill,
auto-rated-rookies-autographs,298,,true,,Shane Buechele,
insert-retro-series-ice,RS-TG,,false,,Tony Gonzalez,
insert-retro-series-ice,RS-JM,,false,,Joe Montana,
insert-rookie-phenoms-horizontal,RPH-40,,false,,Cornell Powell,
insert-dominators-ice,DM-TK,,false,,Travis Kelce,
insert-mythical,MY-2,,false,,Patrick Mahomes II,
auto-rookie-patch-autographs,RPA-CP,,true,,Cornell Powell,
insert-retro-series,RS-TG,,false,,Tony Gonzalez,
insert-legendary-logos-ice,LL-10,,false,,Patrick Mahomes II,
base,38,,false,,Larry Johnson,
insert-dominators-ice,DM-PM,,false,,Patrick Mahomes II,
base,298,,false,,Shane Buechele,
auto-rated-rookies-autographs-ice,275,,true,,Nick Bolton,
auto-signature-series-holo,SS-DN,,true,,Derrick Johnson,
insert-dominators,DM-TK,,false,,Travis Kelce,
insert-downtown,DT-25,,false,,Patrick Mahomes II,
auto-dynamic-patch-autographs,DPA-TH,,true,,Tyreek Hill,
insert-retro-series,RS-JM,,false,,Joe Montana,
insert-my-house-ice,MH-12,,false,,Patrick Mahomes II,
insert-my-house,MH-12,,false,,Patrick Mahomes II,
auto-the-rookies-autographs,TR-20,,true,,Cornell Powell,
auto-rated-rookies-autographs,275,,true,,Nick Bolton,
insert-the-rookies-ice,TR-20,,false,,Cornell Powell,
insert-dominators,DM-PM,,false,,Patrick Mahomes II,
auto-signature-series-holo,SS-TG,,true,,Tony Gonzalez,
auto-rated-rookies-rps-autographs-ice,240,,true,,Cornell Powell,
insert-globall-ice,GB-12,,false,,Christian Okoye,
auto-rated-rookies-autographs-ice,298,,true,,Shane Buechele,
insert-the-rookies,TR-20,,false,,Cornell Powell,
insert-globall,GB-12,,false,,Christian Okoye,
insert-globall-ice,GB-10,,false,,Nelson Agholor,
base,39,,false,,Hunter Renfrow,
base,40,,false,,Darren Waller,
base,41,,false,,Derek Carr,
base,42,,false,,Josh Jacobs,
base,43,,false,,Kenyan Drake,
base,44,,false,,Bo Jackson,
base,266,,false,,Alex Leatherwood,
base,271,,false,,Tre'von Moehrig,
insert-downtown,DT-26,,false,,Derek Carr,
auto-dynamic-patch-autographs,DPA-BJ,,true,,Bo Jackson,
insert-globall,GB-10,,false,,Nelson Agholor,
insert-legendary-logos,LL-11,,false,,Derek Carr,
insert-legendary-logos-ice,LL-11,,false,,Derek Carr,
auto-legendary-patch-autographs,LPA-TB,,true,,Tim Brown,
auto-rated-rookies-autographs,266,,true,,Alex Leatherwood,
auto-rated-rookies-autographs,271,,true,,Tre'von Moehrig,
auto-rated-rookies-autographs-ice,266,,true,,Alex Leatherwood,
auto-rated-rookies-autographs-ice,271,,true,,Tre'von Moehrig,
insert-retro-series,RS-CW,,false,,Charles Woodson,
insert-retro-series,RS-JR,,false,,Jerry Rice,
insert-retro-series,RS-MA,,false,,Marcus Allen,
insert-retro-series,RS-RG,,false,,Rich Gannon,
insert-retro-series-ice,RS-CW,,false,,Charles Woodson,
insert-retro-series-ice,RS-JR,,false,,Jerry Rice,
insert-retro-series-ice,RS-MA,,false,,Marcus Allen,
insert-retro-series-ice,RS-RG,,false,,Rich Gannon,
auto-signature-series-holo,SS-FB,,true,,Fred Biletnikoff,
auto-signature-series-holo,SS-JJ,,true,,Josh Jacobs,
auto-signature-series-holo,SS-LJ,,true,,Linval Joseph,
auto-rated-rookies-autographs-ice,256,,true,,Larry Rountree III,
auto-dynamic-patch-autographs,DPA-LT,,true,,LaDainian Tomlinson,
auto-signature-series-holo,SS-JH,,true,,Justin Herbert,
insert-rookie-phenoms-horizontal,RPH-29,,false,,Josh Palmer,
auto-rated-rookies-autographs-ice,263,,true,,Rashawn Slater,
auto-rated-rookies-rps-autographs-ice,229,,true,,Josh Palmer,
insert-the-rookies-ice,TR-18,,false,,Josh Palmer,
insert-downtown,DT-27,,false,,Justin Herbert,
insert-rookie-gridiron-kings,RGK-18,,false,,Josh Palmer,
auto-the-rookies-autographs,TR-18,,true,,Josh Palmer,
auto-rated-rookies-rps-autographs,229,,true,,Josh Palmer,
auto-rookie-gridiron-kings-autographs,RGK-18,,true,,Josh Palmer,
base,45,,false,,Keenan Allen,
insert-my-house-ice,MH-13,,false,,Justin Herbert,
base,46,,false,,Mike Williams,
base,47,,false,,Justin Herbert,
base,48,,false,,Austin Ekeler,
insert-rookie-gridiron-kings-ice,RGK-18,,false,,Josh Palmer,
auto-rated-rookies-autographs,263,,true,,Rashawn Slater,
insert-the-rookies,TR-18,,false,,Josh Palmer,
base,49,,false,,Joey Bosa,
auto-rated-rookies-autographs,284,,true,,Tre' McKitty,
insert-elite-series-rookies,ESR-18,,false,,Josh Palmer,
base,50,,false,,LaDainian Tomlinson,
insert-globall,GB-15,,false,,Josh Palmer,
base,284,,false,,Tre' McKitty,
base,272,,false,,Asante Samuel Jr.,
insert-my-house,MH-13,,false,,Justin Herbert,
base,263,,false,,Rashawn Slater,
auto-rookie-patch-autographs,RPA-JP,,true,,Josh Palmer,
insert-the-elite-series-rookies-ice,ESR-18,,false,,Josh Palmer,
base,256,,false,,Larry Rountree III,
insert-mythical,MY-8,,false,,Justin Herbert,
base,229,,false,,Josh Palmer,
insert-globall-ice,GB-15,,false,,Josh Palmer,
insert-the-elite-series-rookies,ESR-18,,false,,Josh Palmer,
insert-legendary-logos,LL-12,,false,,Justin Herbert,
auto-the-elite-series-rookies-autographs,ESR-18,,true,,Josh Palmer,
insert-rookie-phenoms,RP-29,,false,,Josh Palmer,
auto-signature-series-holo,SS-SM,,true,,Shawne Merriman,
auto-rated-rookies-autographs,256,,true,,Larry Rountree III,
auto-rated-rookies-autographs-ice,284,,true,,Tre' McKitty,
auto-legendary-patch-autographs,LPA-AG,,true,,Antonio Gates,
insert-legendary-logos-ice,LL-12,,false,,Justin Herbert,
insert-retro-series,RS-ED,,false,,Eric Dickerson,
auto-rated-rookies-rps-autographs-ice,238,,true,,Jacob Harris,
auto-rated-rookies-rps-autographs-ice,220,,true,,Tutu Atwell,
auto-the-rookies-autographs,TR-14,,true,,Tutu Atwell,
insert-the-rookies,TR-14,,false,,Tutu Atwell,
auto-signature-series-holo,SS-JY,,true,,Jack Youngblood,
base,182,,false,,Cooper Kupp,
base,183,,false,,Robert Woods,
base,184,,false,,Tyler Higbee,
base,185,,false,,Matthew Stafford,
base,186,,false,,Cam Akers,
base,187,,false,,Aaron Donald,
base,188,,false,,Eric Dickerson,
insert-rookie-phenoms-horizontal,RPH-38,,false,,Jacob Harris,
insert-legendary-logos-ice,LL-13,,false,,Matthew Stafford,
insert-rookie-phenoms-horizontal,RPH-20,,false,,Tutu Atwell,
insert-rookie-phenoms,RP-38,,false,,Jacob Harris,
base,220,,false,,Tutu Atwell,
insert-legendary-logos,LL-13,,false,,Matthew Stafford,
insert-rookie-phenoms,RP-20,,false,,Tutu Atwell,
auto-rated-rookies-autographs-ice,295,,true,,Jake Funk,
base,238,,false,,Jacob Harris,
auto-rookie-patch-autographs,RPA-TA,,true,,Tutu Atwell,
auto-rookie-patch-autographs,RPA-JH,,true,,Jacob Harris,
base,295,,false,,Jake Funk,
insert-donruss-threads,TH-2,,false,,Cam Akers,
insert-downtown,DT-29,,false,,Matthew Stafford,
insert-rising-suns-ice,RS-1,,false,,Cooper Kupp,
insert-rising-suns,RS-1,,false,,Cooper Kupp,
insert-retro-series-ice,RS-ED,,false,,Eric Dickerson,
auto-rated-rookies-rps-autographs,238,,true,,Jacob Harris,
insert-the-rookies-ice,TR-14,,false,,Tutu Atwell,
insert-the-elite-series-rookies-ice,ESR-8,,false,,Jaylen Waddle,
base,63,,false,,Dan Marino,
insert-white-hot-rookies-ice,WHR-4,,false,,Jaylen Waddle,
insert-rookie-phenoms,RP-8,,false,,Jaylen Waddle,
auto-rated-rookies-autographs,267,,true,,Jevon Holland,
base,62,,false,,Byron Jones,
insert-retro-series-ice,RS-DM,,false,,Dan Marino,
base,254,,false,,Jaelan Phillips,
base,61,,false,,Myles Gaskin,
auto-rookie-patch-autographs,RPA-JW,,true,,Jaylen Waddle,
base,60,,false,,Tua Tagovailoa,
insert-gifted-rookies-ice,GR-8,,false,,Jaylen Waddle,
base,59,,false,,Mike Gesicki,
auto-rated-rookies-rps-autographs,208,,true,,Jaylen Waddle,
base,267,,false,,Jevon Holland,
base,58,,false,,Will Fuller V,
base,281,,false,,Hunter Long,
insert-the-rookies,TR-8,,false,,Jaylen Waddle,
base,57,,false,,DeVante Parker,
insert-downtown,DT-37,,false,,Jaylen Waddle,
insert-rookie-kings,RK-8,,false,,Jaylen Waddle,
auto-signature-series-holo,SS-BG,,true,,Bob Griese,
auto-rated-rookies-autographs,281,,true,,Hunter Long,
auto-rated-rookies-autographs-ice,267,,true,,Jevon Holland,
auto-rated-rookies-autographs,254,,true,,Jaelan Phillips,
insert-rookie-gridiron-kings-ice,RGK-8,,false,,Jaylen Waddle,
insert-white-hot-rookies,WHR-4,,false,,Jaylen Waddle,
auto-the-rookies-autographs,TR-8,,true,,Jaylen Waddle,
auto-dynamic-patch-autographs,DPA-TT,,true,,Tua Tagovailoa,
auto-rookie-gridiron-kings-autographs,RGK-8,,true,,Jaylen Waddle,
insert-donruss-threads,TH-14,,false,,Tua Tagovailoa,
auto-rated-rookies-rps-autographs-ice,208,,true,,Jaylen Waddle,
insert-the-rookies-ice,TR-8,,false,,Jaylen Waddle,
auto-rated-rookies-autographs-ice,254,,true,,Jaelan Phillips,
insert-mythical,MY-5,,false,,Dan Marino,
auto-rated-rookies-autographs-ice,281,,true,,Hunter Long,
insert-downtown,DT-2,,false,,Dan Marino,
insert-rookie-phenoms-horizontal,RPH-8,,false,,Jaylen Waddle,
auto-legendary-patch-autographs,LPA-DM,,true,,Dan Marino,
base,208,,false,,Jaylen Waddle,
insert-gifted-rookies,GR-8,,false,,Jaylen Waddle,
auto-signature-series-holo,SS-MG,,true,,Mike Gesicki,
auto-the-elite-series-rookies-autographs,ESR-8,,true,,Jaylen Waddle,
insert-elite-series-rookies,ESR-8,,false,,Jaylen Waddle,
insert-rookie-gridiron-kings,RGK-8,,false,,Jaylen Waddle,
insert-retro-series,RS-DM,,false,,Dan Marino,
insert-the-elite-series-rookies,ESR-8,,false,,Jaylen Waddle,
insert-rookie-phenoms,RP-33,,false,,Kene Nwangwu,
auto-rated-rookies-autographs,280,,true,,Chazz Surratt,
auto-rated-rookies-autographs-ice,280,,true,,Chazz Surratt,
insert-globall-ice,GB-8,,false,,Danielle Hunter,
insert-globall,GB-8,,false,,Danielle Hunter,
auto-rated-rookies-rps-autographs,221,,true,,Kellen Mond,
insert-gifted-rookies-ice,GR-19,,false,,Kellen Mond,
auto-rated-rookies-rps-autographs,233,,true,,Kene Nwangwu,
auto-rated-rookies-rps-autographs,241,,true,,Ihmir Smith-Marsette,
insert-gifted-rookies,GR-19,,false,,Kellen Mond,
auto-rated-rookies-rps-autographs-ice,221,,true,,Kellen Mond,
auto-rated-rookies-rps-autographs-ice,233,,true,,Kene Nwangwu,
auto-rated-rookies-rps-autographs-ice,241,,true,,Ihmir Smith-Marsette,
insert-red-hot-rookies,RHR-9,,false,,Kellen Mond,
insert-red-hot-rookies-ice,RHR-9,,false,,Kellen Mond,
insert-retro-series,RS-BF,,false,,Brett Favre,
insert-retro-series,RS-JR,,false,,John Randle,
insert-retro-series,RS-RM,,false,,Randy Moss,
insert-retro-series-ice,RS-BF,,false,,Brett Favre,
auto-dynamic-patch-autographs,DPA-FT,,true,,Fran Tarkenton,
insert-retro-series-ice,RS-JR,,false,,John Randle,
insert-retro-series-ice,RS-RM,,false,,Randy Moss,
insert-downtown,DT-16,,false,,Justin Jefferson,
auto-rookie-dual-autographs,RDA-MM,,true,,Ihmir Smith-Marsette,
auto-rookie-dual-autographs,RDA-MM,,true,,Kellen Mond,
insert-rookie-kings,RK-17,,false,,Kellen Mond,
base,280,,false,,Chazz Surratt,
auto-rookie-patch-autographs,RPA-IS,,true,,Ihmir Smith-Marsette,
auto-rookie-patch-autographs,RPA-KM,,true,,Kellen Mond,
auto-rookie-patch-autographs,RPA-KN,,true,,Kene Nwangwu,
base,241,,false,,Ihmir Smith-Marsette,
base,233,,false,,Kene Nwangwu,
insert-rookie-phenoms,RP-21,,false,,Kellen Mond,
base,221,,false,,Kellen Mond,
insert-rookie-phenoms,RP-41,,false,,Ihmir Smith-Marsette,
insert-rookie-phenoms-horizontal,RPH-21,,false,,Kellen Mond,
insert-rookie-phenoms-horizontal,RPH-33,,false,,Kene Nwangwu,
insert-rookie-phenoms-horizontal,RPH-41,,false,,Ihmir Smith-Marsette,
base,100,,false,,Randy Moss,
base,99,,false,,Danielle Hunter,
base,98,,false,,Dalvin Cook,
base,97,,false,,Kirk Cousins,
base,96,,false,,Irv Smith Jr.,
base,95,,false,,Justin Jefferson,
base,94,,false,,Adam Thielen,
insert-the-rookies,TR-15,,false,,Kellen Mond,
auto-the-rookies-autographs,TR-15,,true,,Kellen Mond,
insert-the-rookies-ice,TR-15,,false,,Kellen Mond,
insert-mythical,MY-19,,false,,Randy Moss,
insert-mythical,MY-12,,false,,Dalvin Cook,
insert-gifted-rookies-ice,GR-6,,false,,Mac Jones,
auto-rookie-gridiron-kings-autographs,RGK-6,,true,,Mac Jones,
insert-elite-series-rookies,ESR-6,,false,,Mac Jones,
insert-rookie-gridiron-kings,RGK-20,,false,,Rhamondre Stevenson,
insert-downtown,DT-3,,false,,Randy Moss,
insert-rookie-gridiron-kings,RGK-6,,false,,Mac Jones,
auto-rated-rookies-autographs,268,,true,,Christian Barmore,
auto-rookie-dual-autographs,RDA-JS,,true,,"Rhamondre Stevenson AU, SN10, EXCH",
insert-mythical,MY-25,,false,,Mac Jones,
auto-rookie-dual-autographs,RDA-JS,,true,,Mac Jones,
auto-the-rookies-autographs,TR-19,,true,,Rhamondre Stevenson,
insert-the-rookies-ice,TR-6,,false,,Mac Jones,
insert-legendary-logos,LL-14,,false,,Mac Jones,
insert-gifted-rookies,GR-6,,false,,Mac Jones,
auto-rated-rookies-rps-autographs-ice,237,,true,,Rhamondre Stevenson,
base,69,,false,,Drew Bledsoe,
auto-rated-rookies-autographs-ice,268,,true,,Christian Barmore,
insert-white-hot-rookies,WHR-3,,false,,Mac Jones,
base,68,,false,,James White,
auto-dynamic-patch-autographs,DPA-RG,,true,,Rob Gronkowski,
auto-rated-rookies-rps-autographs,237,,true,,Rhamondre Stevenson,
auto-the-elite-series-rookies-autographs,ESR-6,,true,,Mac Jones,
insert-the-elite-series-rookies-ice,ESR-6,,false,,Mac Jones,
insert-rookie-phenoms,RP-6,,false,,Mac Jones,
auto-rated-rookies-rps-autographs-ice,206,,true,,Mac Jones,
base,67,,false,,Damien Harris,
base,237,,false,,Rhamondre Stevenson,
insert-elite-series-rookies,ESR-20,,false,,Rhamondre Stevenson,
auto-signature-series-holo,SS-WM,,true,,Willie McGinest,
base,66,,false,,Devin McCourty,
base,65,,false,,Jonnu Smith,
insert-the-elite-series-rookies,ESR-6,,false,,Mac Jones,
auto-rated-rookies-autographs-ice,283,,true,,Ronnie Perkins,
auto-rookie-patch-autographs,RPA-RS,,true,,Rhamondre Stevenson,
auto-the-elite-series-rookies-autographs,ESR-20,,true,,Rhamondre Stevenson,
insert-rookie-phenoms-horizontal,RPH-6,,false,,Mac Jones,
base,64,,false,,Nelson Agholor,
base,206,,false,,Mac Jones,
auto-rookie-patch-autographs,RPA-MJ,,true,,Mac Jones,
insert-the-rookies-ice,TR-19,,false,,Rhamondre Stevenson,
insert-rookie-phenoms-horizontal,RPH-37,,false,,Rhamondre Stevenson,
insert-legendary-logos-ice,LL-14,,false,,Mac Jones,
auto-rated-rookies-rps-autographs,206,,true,,Mac Jones,
insert-my-house,MH-5,,false,,Mac Jones,
insert-the-elite-series-rookies-ice,ESR-20,,false,,Rhamondre Stevenson,
insert-the-rookies,TR-6,,false,,Mac Jones,
insert-rookie-phenoms,RP-37,,false,,Rhamondre Stevenson,
base,268,,false,,Christian Barmore,
base,283,,false,,Ronnie Perkins,
insert-the-elite-series-rookies,ESR-20,,false,,Rhamondre Stevenson,
insert-rookie-kings,RK-6,,false,,Mac Jones,
insert-rookie-gridiron-kings-ice,RGK-20,,false,,Rhamondre Stevenson,
auto-rated-rookies-autographs,283,,true,,Ronnie Perkins,
insert-white-hot-rookies-ice,WHR-3,,false,,Mac Jones,
insert-the-rookies,TR-19,,false,,Rhamondre Stevenson,
insert-downtown,DT-40,,false,,Mac Jones,
insert-my-house-ice,MH-5,,false,,Mac Jones,
insert-rookie-gridiron-kings-ice,RGK-6,,false,,Mac Jones,
auto-the-rookies-autographs,TR-6,,true,,Mac Jones,
auto-rookie-gridiron-kings-autographs,RGK-20,,true,,Rhamondre Stevenson,
auto-rated-rookies-autographs-ice,276,,true,,Pete Werner,
auto-legendary-patch-autographs,LPA-MC,,true,,Marques Colston,
base,168,,false,,Marques Colston,
base,167,,false,,Marcus Davenport,
auto-rated-rookies-autographs-ice,259,,true,,Payton Turner,
base,166,,false,,Alvin Kamara,
auto-rated-rookies-rps-autographs-ice,227,,true,,Ian Book,
base,165,,false,,Jameis Winston,
base,164,,false,,Tre'Quan Smith,
auto-signature-series-holo,SS-MC,,true,,Marques Colston,
base,163,,false,,Michael Thomas,
insert-red-hot-rookies-ice,RHR-10,,false,,Ian Book,
insert-my-house-ice,MH-16,,false,,Alvin Kamara,
insert-downtown,DT-22,,false,,Alvin Kamara,
insert-downtown,DT-21,,false,,Drew Brees,
insert-mythical,MY-4,,false,,Drew Brees,
auto-rated-rookies-rps-autographs,227,,true,,Ian Book,
insert-red-hot-rookies,RHR-10,,false,,Ian Book,
insert-rookie-gridiron-kings,RGK-16,,false,,Ian Book,
auto-rookie-gridiron-kings-autographs,RGK-16,,true,,Ian Book,
insert-dominators-ice,DM-AK,,false,,Alvin Kamara,
auto-rated-rookies-autographs,276,,true,,Pete Werner,
insert-rookie-gridiron-kings-ice,RGK-16,,false,,Ian Book,
insert-dominators,DM-AK,,false,,Alvin Kamara,
insert-my-house,MH-16,,false,,Alvin Kamara,
base,276,,false,,Pete Werner,
auto-rookie-patch-autographs,RPA-IB,,true,,Ian Book,
auto-dynamic-patch-autographs,DPA-TH,,true,,Taysom Hill,
base,259,,false,,Payton Turner,
base,227,,false,,Ian Book,
insert-rookie-phenoms,RP-27,,false,,Ian Book,
auto-rated-rookies-autographs,259,,true,,Payton Turner,
insert-rookie-phenoms-horizontal,RPH-27,,false,,Ian Book,
auto-rated-rookies-rps-autographs-ice,212,,true,,Kadarius Toney,
insert-gifted-rookies-ice,GR-12,,false,,Kadarius Toney,
auto-rookie-gridiron-kings-autographs,RGK-10,,true,,Kadarius Toney,
insert-white-hot-rookies,WHR-6,,false,,Kadarius Toney,
insert-retro-series,RS-LT,,false,,Lawrence Taylor,
base,17,,false,,Blake Martinez,
insert-rookie-kings,RK-12,,false,,Kadarius Toney,
insert-the-elite-series-rookies,ESR-11,,false,,Kadarius Toney,
base,14,,false,,Kenny Golladay,
auto-signature-series-holo,SS-MS,,true,,Michael Strahan,
auto-rated-rookies-rps-autographs,212,,true,,Kadarius Toney,
auto-legendary-patch-autographs,LPA-PB,,true,,Plaxico Burress,
base,16,,false,,Saquon Barkley,
auto-the-elite-series-rookies-autographs,ESR-11,,true,,Kadarius Toney,
insert-rookie-gridiron-kings-ice,RGK-10,,false,,Kadarius Toney,
insert-rookie-phenoms,RP-12,,false,,Kadarius Toney,
base,273,,false,,Azeez Ojulari,
insert-retro-series-ice,RS-LT,,false,,Lawrence Taylor,
insert-white-hot-rookies-ice,WHR-6,,false,,Kadarius Toney,
base,18,,false,,Michael Strahan,
insert-gifted-rookies,GR-12,,false,,Kadarius Toney,
auto-rated-rookies-autographs,273,,true,,Azeez Ojulari,
auto-signature-series-holo,SS-DS,,true,,Darius Slayton,
insert-elite-series-rookies,ESR-11,,false,,Kadarius Toney,
auto-rated-rookies-autographs-ice,273,,true,,Azeez Ojulari,
auto-rookie-patch-autographs,RPA-KT,,true,,Kadarius Toney,
auto-dynamic-patch-autographs,DPA-JS,,true,,Jeremy Shockey,
insert-downtown,DT-6,,false,,Saquon Barkley,
base,13,,false,,Darius Slayton,
insert-the-elite-series-rookies-ice,ESR-11,,false,,Kadarius Toney,
insert-rookie-phenoms-horizontal,RPH-12,,false,,Kadarius Toney,
base,15,,false,,Daniel Jones,
insert-rookie-gridiron-kings,RGK-10,,false,,Kadarius Toney,
base,212,,false,,Kadarius Toney,
base,73,,false,,Quinnen Williams,
insert-downtown,DT-4,,false,,Joe Namath,
base,202,,false,,Zach Wilson,
insert-rookie-gridiron-kings-ice,RGK-14,,false,,Elijah Moore,
insert-gifted-rookies-ice,GR-16,,false,,Elijah Moore,
insert-rookie-phenoms-horizontal,RPH-35,,false,,Michael Carter,
insert-my-house-ice,MH-2,,false,,Zach Wilson,
insert-rookie-gridiron-kings-ice,RGK-19,,false,,Michael Carter,
insert-downtown,DT-34,,false,,Zach Wilson,
insert-rookie-kings,RK-2,,false,,Zach Wilson,
auto-rated-rookies-rps-autographs-ice,202,,true,,Zach Wilson,
insert-the-rookies,TR-13,,false,,Elijah Moore,
insert-white-hot-rookies,WHR-8,,false,,Elijah Moore,
auto-rated-rookies-rps-autographs,216,,true,,Elijah Moore,
insert-rookie-phenoms-horizontal,RPH-2,,false,,Zach Wilson,
insert-elite-series-rookies,ESR-19,,false,,Michael Carter,
auto-the-elite-series-rookies-autographs,ESR-19,,true,,Michael Carter,
auto-rated-rookies-rps-autographs-ice,235,,true,,Michael Carter,
auto-rookie-dual-autographs,RDA-MC,,true,,"Michael Carter AU, SN25, EXCH",
auto-rookie-dual-autographs,RDA-MC,,true,,Elijah Moore,
insert-rookie-gridiron-kings,RGK-14,,false,,Elijah Moore,
insert-rookie-kings,RK-20,,false,,Michael Carter,
insert-the-rookies-ice,TR-2,,false,,Zach Wilson,
base,72,,false,,Denzel Mims,
base,71,,false,,Jamison Crowder,
base,70,,false,,Corey Davis,
insert-the-rookies-ice,TR-13,,false,,Elijah Moore,
insert-the-rookies,TR-2,,false,,Zach Wilson,
base,75,,false,,John Riggins,
auto-rookie-patch-autographs,RPA-EM,,true,,Elijah Moore,
insert-the-elite-series-rookies,ESR-2,,false,,Zach Wilson,
insert-the-elite-series-rookies-ice,ESR-19,,false,,Michael Carter,
base,264,,false,,Alijah Vera-Tucker,
insert-rookie-phenoms,RP-35,,false,,Michael Carter,
insert-elite-series-rookies,ESR-2,,false,,Zach Wilson,
insert-rookie-gridiron-kings,RGK-19,,false,,Michael Carter,
insert-the-elite-series-rookies,ESR-19,,false,,Michael Carter,
base,74,,false,,Marcus Maye,
auto-rookie-gridiron-kings-autographs,RGK-2,,true,,Zach Wilson,
auto-rated-rookies-rps-autographs,202,,true,,Zach Wilson,
insert-my-house,MH-2,,false,,Zach Wilson,
auto-rookie-patch-autographs,RPA-MC,,true,,Michael Carter,
insert-white-hot-rookies-ice,WHR-8,,false,,Elijah Moore,
auto-rookie-dual-autographs,RDA-WM,,true,,Zach Wilson,
insert-legendary-logos,LL-15,,false,,Zach Wilson,
base,216,,false,,Elijah Moore,
insert-legendary-logos-ice,LL-15,,false,,Zach Wilson,
auto-rated-rookies-autographs,264,,true,,Alijah Vera-Tucker,
insert-white-hot-rookies,WHR-1,,false,,Zach Wilson,
auto-rookie-dual-autographs,RDA-WM,,true,,"Elijah Moore AU, SN10, EXCH",
insert-white-hot-rookies-ice,WHR-1,,false,,Zach Wilson,
insert-gifted-rookies,GR-2,,false,,Zach Wilson,
insert-mythical,MY-22,,false,,Zach Wilson,
auto-rookie-patch-autographs,RPA-ZW,,true,,Zach Wilson,
auto-rated-rookies-autographs-ice,264,,true,,Alijah Vera-Tucker,
insert-rookie-phenoms,RP-2,,false,,Zach Wilson,
insert-the-elite-series-rookies-ice,ESR-2,,false,,Zach Wilson,
base,235,,false,,Michael Carter,
insert-rookie-gridiron-kings,RGK-2,,false,,Zach Wilson,
auto-the-elite-series-rookies-autographs,ESR-2,,true,,Zach Wilson,
insert-gifted-rookies-ice,GR-2,,false,,Zach Wilson,
insert-rookie-phenoms,RP-16,,false,,Elijah Moore,
auto-rookie-gridiron-kings-autographs,RGK-14,,true,,Elijah Moore,
auto-the-rookies-autographs,TR-13,,true,,Elijah Moore,
insert-rookie-phenoms-horizontal,RPH-16,,false,,Elijah Moore,
insert-gifted-rookies,GR-16,,false,,Elijah Moore,
auto-rookie-gridiron-kings-autographs,RGK-19,,true,,Michael Carter,
auto-rated-rookies-rps-autographs,235,,true,,Michael Carter,
insert-rookie-gridiron-kings-ice,RGK-2,,false,,Zach Wilson,
auto-rated-rookies-rps-autographs-ice,216,,true,,Elijah Moore,
auto-the-rookies-autographs,TR-2,,true,,Zach Wilson,
insert-rookie-phenoms-horizontal,RPH-5,,false,,DeVonta Smith,
insert-downtown,DT-7,,false,,Brian Dawkins,
auto-rated-rookies-rps-autographs-ice,205,,true,,DeVonta Smith,
insert-rookie-gridiron-kings,RGK-5,,false,,DeVonta Smith,
insert-donruss-threads,TH-8,,false,,Jalen Reagor,
auto-rookie-gridiron-kings-autographs,RGK-5,,true,,DeVonta Smith,
insert-rising-suns,RS-3,,false,,Jalen Reagor,
insert-donruss-threads,TH-7,,false,,Jalen Hurts,
base,12,,false,,Brian Dawkins,
insert-my-house-ice,MH-14,,false,,Jalen Hurts,
auto-the-rookies-autographs,TR-5,,true,,DeVonta Smith,
insert-rookie-gridiron-kings-ice,RGK-5,,false,,DeVonta Smith,
insert-downtown,DT-38,,false,,DeVonta Smith,
insert-the-elite-series-rookies,ESR-5,,false,,DeVonta Smith,
base,11,,false,,Derek Barnett,
insert-rookie-kings,RK-5,,false,,DeVonta Smith,
auto-dynamic-patch-autographs,DPA-BW,,true,,Brian Westbrook,
insert-my-house,MH-14,,false,,Jalen Hurts,
base,9,,false,,Jalen Hurts,
insert-red-hot-rookies,RHR-3,,false,,DeVonta Smith,
insert-the-rookies,TR-5,,false,,DeVonta Smith,
base,10,,false,,Miles Sanders,
auto-rookie-patch-autographs,RPA-DS,,true,,DeVonta Smith,
auto-signature-series-holo,SS-JU,,true,,Jalen Hurts,
auto-rated-rookies-rps-autographs,205,,true,,DeVonta Smith,
auto-rated-rookies-rps-autographs,239,,true,,Kenneth Gainwell,
auto-rookie-patch-autographs,RPA-KG,,true,,Kenneth Gainwell,
auto-signature-series-holo,SS-JP,,true,,Jason Peters,
base,8,,false,,Dallas Goedert,
insert-gifted-rookies-ice,GR-5,,false,,DeVonta Smith,
base,239,,false,,Kenneth Gainwell,
auto-legendary-patch-autographs,LPA-RW,,true,,Ricky Watters,
insert-rookie-phenoms,RP-5,,false,,DeVonta Smith,
auto-the-elite-series-rookies-autographs,ESR-5,,true,,DeVonta Smith,
base,205,,false,,DeVonta Smith,
insert-the-elite-series-rookies-ice,ESR-5,,false,,DeVonta Smith,
base,7,,false,,Jalen Reagor,
auto-rated-rookies-rps-autographs-ice,239,,true,,Kenneth Gainwell,
insert-legendary-logos-ice,LL-16,,false,,Jalen Hurts,
insert-gifted-rookies,GR-5,,false,,DeVonta Smith,
insert-legendary-logos,LL-16,,false,,Jalen Hurts,
insert-rookie-phenoms-horizontal,RPH-39,,false,,Kenneth Gainwell,
insert-rookie-phenoms,RP-39,,false,,Kenneth Gainwell,
insert-the-rookies-ice,TR-5,,false,,DeVonta Smith,
insert-rising-suns-ice,RS-3,,false,,Jalen Reagor,
insert-elite-series-rookies,ESR-5,,false,,DeVonta Smith,
insert-red-hot-rookies-ice,RHR-3,,false,,DeVonta Smith,
auto-signature-series-holo,SS-DJ,,true,,Diontae Johnson,
insert-the-elite-series-rookies-ice,ESR-12,,false,,Najee Harris,
insert-downtown,DT-17,,false,,T.J. Watt,
auto-rookie-patch-autographs,RPA-PF,,true,,Pat Freiermuth,
auto-rookie-patch-autographs,RPA-NHA,,true,,Najee Harris,
base,213,,false,,Najee Harris,
insert-elite-series-rookies,ESR-12,,false,,Najee Harris,
insert-rookie-phenoms,RP-32,,false,,Pat Freiermuth,
insert-globall,GB-4,,false,,Chase Claypool,
auto-rated-rookies-rps-autographs-ice,232,,true,,Pat Freiermuth,
base,147,,false,,Eric Ebron,
base,148,,false,,Ben Roethlisberger,
insert-downtown,DT-12,,false,,Troy Polamalu,
insert-legendary-logos,LL-17,,false,,Najee Harris,
insert-rookie-gridiron-kings,RGK-11,,false,,Najee Harris,
base,149,,false,,T.J. Watt,
insert-globall-ice,GB-4,,false,,Chase Claypool,
auto-rated-rookies-rps-autographs,213,,true,,Najee Harris,
insert-rookie-kings,RK-13,,false,,Najee Harris,
insert-globall,GB-13,,false,,Hines Ward,
insert-the-rookies,TR-11,,false,,Najee Harris,
base,150,,false,,Hines Ward,
insert-donruss-threads,TH-16,,false,,Chase Claypool,
insert-red-hot-rookies-ice,RHR-7,,false,,Najee Harris,
insert-gifted-rookies,GR-13,,false,,Najee Harris,
insert-the-rookies-ice,TR-11,,false,,Najee Harris,
auto-rated-rookies-rps-autographs,232,,true,,Pat Freiermuth,
insert-rookie-gridiron-kings-ice,RGK-11,,false,,Najee Harris,
insert-gifted-rookies-ice,GR-13,,false,,Najee Harris,
insert-rookie-phenoms-horizontal,RPH-32,,false,,Pat Freiermuth,
insert-rookie-phenoms-horizontal,RPH-13,,false,,Najee Harris,
insert-the-elite-series-rookies,ESR-12,,false,,Najee Harris,
auto-rookie-gridiron-kings-autographs,RGK-11,,true,,Najee Harris,
insert-downtown,DT-20,,false,,Najee Harris,
auto-the-rookies-autographs,TR-11,,true,,Najee Harris,
auto-rookie-dual-autographs,RDA-HF,,true,,Najee Harris,
auto-rookie-dual-autographs,RDA-HF,,true,,"Pat Freiermuth AU, SN25, EXCH",
insert-globall-ice,GB-13,,false,,Hines Ward,
insert-rookie-phenoms,RP-13,,false,,Najee Harris,
base,232,,false,,Pat Freiermuth,
auto-the-elite-series-rookies-autographs,ESR-12,,true,,Najee Harris,
auto-signature-series-holo,SS-AR,,true,,Antwaan Randle El,
auto-rated-rookies-rps-autographs-ice,213,,true,,Najee Harris,
base,145,,false,,Chase Claypool,
base,146,,false,,Diontae Johnson,
insert-legendary-logos-ice,LL-17,,false,,Najee Harris,
insert-red-hot-rookies,RHR-7,,false,,Najee Harris,
insert-red-hot-rookies-ice,RHR-2,,false,,Trey Lance,
insert-elite-series-rookies,ESR-3,,false,,Trey Lance,
auto-rated-rookies-rps-autographs-ice,203,,true,,Trey Lance,
insert-retro-series,RS-RW,,false,,Ricky Watters,
auto-dynamic-patch-autographs,DPA-RW,,true,,Ricky Watters,
insert-retro-series-ice,RS-RW,,false,,Ricky Watters,
insert-downtown,DT-35,,false,,Trey Lance,
insert-rising-suns,RS-8,,false,,Nick Bosa,
insert-downtown,DT-30,,false,,Jerry Rice,
insert-rising-suns-ice,RS-8,,false,,Nick Bosa,
auto-rookie-dual-autographs,RDA-LS,,true,,Trey Lance,
auto-rookie-dual-autographs,RDA-LS,,true,,Trey Sermon,
insert-mythical,MY-3,,false,,Joe Montana,
insert-rookie-gridiron-kings,RGK-3,,false,,Trey Lance,
insert-rookie-gridiron-kings,RGK-15,,false,,Trey Sermon,
insert-donruss-threads,TH-15,,false,,Brandon Aiyuk,
insert-gifted-rookies-ice,GR-20,,false,,Trey Sermon,
auto-rookie-gridiron-kings-autographs,RGK-3,,true,,Trey Lance,
auto-rated-rookies-rps-autographs,224,,true,,Trey Sermon,
auto-rookie-gridiron-kings-autographs,RGK-15,,true,,Trey Sermon,
insert-globall,GB-5,,false,,Javon Kinlaw,
insert-rookie-gridiron-kings-ice,RGK-3,,false,,Trey Lance,
insert-rookie-gridiron-kings-ice,RGK-15,,false,,Trey Sermon,
insert-rookie-kings,RK-3,,false,,Trey Lance,
base,291,,false,,Elijah Mitchell,
insert-rookie-kings,RK-19,,false,,Trey Sermon,
insert-globall-ice,GB-5,,false,,Javon Kinlaw,
auto-rated-rookies-rps-autographs,203,,true,,Trey Lance,
auto-rookie-patch-autographs,RPA-TL,,true,,Trey Lance,
auto-rookie-patch-autographs,RPA-TS,,true,,Trey Sermon,
insert-rookie-phenoms,RP-3,,false,,Trey Lance,
base,224,,false,,Trey Sermon,
auto-rated-rookies-autographs-ice,291,,true,,Eli Mitchell,
insert-rookie-phenoms,RP-24,,false,,Trey Sermon,
insert-legendary-logos,LL-18,,false,,Trey Lance,
insert-rookie-phenoms-horizontal,RPH-3,,false,,Trey Lance,
base,203,,false,,Trey Lance,
base,194,,false,,Joe Montana,
insert-rookie-phenoms-horizontal,RPH-24,,false,,Trey Sermon,
base,193,,false,,Nick Bosa,
base,192,,false,,Jimmy Garoppolo,
base,191,,false,,George Kittle,
base,190,,false,,Deebo Samuel,
base,189,,false,,Brandon Aiyuk,
insert-mythical,MY-20,,false,,Jerry Rice,
insert-white-hot-rookies,WHR-10,,false,,Trey Sermon,
auto-signature-series-holo,SS-CH,,true,,Charles Haley,
insert-legendary-logos-ice,LL-18,,false,,Trey Lance,
insert-white-hot-rookies-ice,WHR-10,,false,,Trey Sermon,
auto-signature-series-holo,SS-JM,,true,,Joe Montana,
auto-signature-series-holo,SS-KJ,,true,,Kyle Juszczyk,
auto-signature-series-holo,SS-NB,,true,,Nick Bosa,
auto-the-elite-series-rookies-autographs,ESR-3,,true,,Trey Lance,
insert-mythical,MY-23,,false,,Trey Lance,
insert-the-elite-series-rookies,ESR-3,,false,,Trey Lance,
insert-the-elite-series-rookies-ice,ESR-3,,false,,Trey Lance,
insert-my-house,MH-3,,false,,Trey Lance,
insert-the-rookies,TR-3,,false,,Trey Lance,
auto-rated-rookies-autographs,291,,true,,Eli Mitchell,
insert-my-house-ice,MH-3,,false,,Trey Lance,
auto-the-rookies-autographs,TR-3,,true,,Trey Lance,
insert-gifted-rookies,GR-20,,false,,Trey Sermon,
auto-rated-rookies-rps-autographs-ice,224,,true,,Trey Sermon,
insert-gifted-rookies-ice,GR-3,,false,,Trey Lance,
insert-gifted-rookies,GR-3,,false,,Trey Lance,
insert-the-rookies-ice,TR-3,,false,,Trey Lance,
insert-red-hot-rookies,RHR-2,,false,,Trey Lance,
auto-rated-rookies-rps-autographs,219,,true,,D'Wayne Eskridge,
auto-rated-rookies-rps-autographs-ice,219,,true,,D'Wayne Eskridge,
insert-dominators,DM-RW,,false,,Russell Wilson,
insert-globall,GB-6,,false,,Michael Dickson,
auto-dynamic-patch-autographs,DPA-DK,,true,,DK Metcalf,
insert-rising-suns,RS-5,,false,,DK Metcalf,
insert-my-house,MH-18,,false,,DK Metcalf,
auto-rookie-patch-autographs,RPA-DE,,true,,D'Wayne Eskridge,
insert-downtown,DT-32,,false,,DK Metcalf,
insert-rookie-phenoms-horizontal,RPH-19,,false,,D'Wayne Eskridge,
base,195,,false,,Tyler Lockett,
insert-my-house-ice,MH-18,,false,,DK Metcalf,
base,196,,false,,DK Metcalf,
base,197,,false,,Russell Wilson,
base,198,,false,,Chris Carson,
base,199,,false,,Jamal Adams,
base,200,,false,,Shaun Alexander,
insert-retro-series-ice,RS-SA,,false,,Shaun Alexander,
insert-retro-series,RS-SA,,false,,Shaun Alexander,
auto-signature-series-holo,SS-SL,,true,,Steve Largent,
insert-globall-ice,GB-6,,false,,Michael Dickson,
insert-rookie-phenoms,RP-19,,false,,D'Wayne Eskridge,
base,219,,false,,D'Wayne Eskridge,
insert-downtown,DT-31,,false,,Russell Wilson,
insert-rising-suns-ice,RS-5,,false,,DK Metcalf,
insert-dominators-ice,DM-RW,,false,,Russell Wilson,
insert-the-champ-is-here,CH-4,,false,,Chris Godwin,
insert-the-champ-is-here,CH-6,,false,,Ronald Jones II,
insert-the-champ-is-here,CH-7,,false,,Scott Miller,
insert-the-champ-is-here,CH-8,,false,,Tristan Wirfs,
insert-the-champ-is-here,CH-9,,false,,Rob Gronkowski,
insert-the-champ-is-here,CH-10,,false,,Ndamukong Suh,
insert-the-champ-is-here,CH-11,,false,,Jason Pierre-Paul,
insert-the-champ-is-here,CH-12,,false,,Devin White,
insert-the-champ-is-here,CH-13,,false,,Shaquil Barrett,
insert-the-champ-is-here,CH-14,,false,,Antoine Winfield Jr.,
insert-the-champ-is-here,CH-15,,false,,Lavonte David,
base,171,,false,,Rob Gronkowski,
auto-dynamic-patch-autographs,DPA-MA,,true,,Mike Alstott,
base,172,,false,,Tom Brady,
base,173,,false,,Ronald Jones II,
base,174,,false,,Devin White,
base,175,,false,,Steve Young,
insert-mythical,MY-1,,false,,Tom Brady,
insert-rookie-phenoms-horizontal,RPH-34,,false,,Jaelon Darden,
auto-rated-rookies-autographs,255,,true,,Joe Tryon-Shoyinka,
insert-legendary-logos,LL-19,,false,,Tom Brady,
insert-rookie-phenoms-horizontal,RPH-9,,false,,Kyle Trask,
base,209,,false,,Kyle Trask,
insert-rookie-phenoms,RP-34,,false,,Jaelon Darden,
insert-retro-series,RS-SY,,false,,Steve Young,
insert-rookie-phenoms,RP-9,,false,,Kyle Trask,
base,234,,false,,Jaelon Darden,
base,255,,false,,Joe Tryon-Shoyinka,
auto-rookie-patch-autographs,RPA-KT,,true,,Kyle Trask,
auto-rookie-patch-autographs,RPA-JD,,true,,Jaelon Darden,
auto-rated-rookies-rps-autographs,209,,true,,Kyle Trask,
insert-my-house,MH-7,,false,,Tom Brady,
insert-red-hot-rookies-ice,RHR-5,,false,,Kyle Trask,
insert-rookie-kings,RK-9,,false,,Kyle Trask,
insert-the-rookies,TR-9,,false,,Kyle Trask,
insert-gifted-rookies-ice,GR-9,,false,,Kyle Trask,
insert-dominators,DM-TB,,false,,Tom Brady,
insert-my-house-ice,MH-7,,false,,Tom Brady,
insert-red-hot-rookies,RHR-5,,false,,Kyle Trask,
insert-dominators-ice,DM-TB,,false,,Tom Brady,
auto-the-rookies-autographs,TR-9,,true,,Kyle Trask,
auto-rookie-dual-autographs,RDA-TD,,true,,Jaelon Darden,
auto-rookie-dual-autographs,RDA-TD,,true,,Kyle Trask,
insert-downtown,DT-23,,false,,Tom Brady,
insert-rising-suns-ice,RS-2,,false,,Antoine Winfield Jr.,
auto-rated-rookies-rps-autographs,234,,true,,Jaelon Darden,
insert-rising-suns,RS-2,,false,,Antoine Winfield Jr.,
insert-retro-series-ice,RS-SY,,false,,Steve Young,
insert-gifted-rookies,GR-9,,false,,Kyle Trask,
auto-rated-rookies-rps-autographs-ice,234,,true,,Jaelon Darden,
insert-the-rookies-ice,TR-9,,false,,Kyle Trask,
auto-rated-rookies-rps-autographs-ice,209,,true,,Kyle Trask,
auto-rated-rookies-autographs-ice,255,,true,,Joe Tryon-Shoyinka,
insert-legendary-logos-ice,LL-19,,false,,Tom Brady,
base,169,,false,,Mike Evans,
base,170,,false,,Chris Godwin,
insert-the-champ-is-here,CH-1,,false,,Tom Brady,
insert-the-champ-is-here,CH-2,,false,,Leonard Fournette,
insert-the-champ-is-here,CH-3,,false,,Mike Evans,
insert-the-champ-is-here,CH-5,,false,,Antonio Brown,
base,121,,false,,A.J. Brown,
insert-retro-series-ice,RS-VY,,false,,Vince Young,
base,236,,false,,Dez Fitzpatrick,
base,124,,false,,Kevin Byard,
auto-rated-rookies-rps-autographs-ice,236,,true,,Dez Fitzpatrick,
insert-dominators-ice,DM-DH,,false,,Derrick Henry,
base,249,,false,,Caleb Farley,
auto-rated-rookies-autographs-ice,300,,true,,Elijah Molden,
auto-rated-rookies-rps-autographs,236,,true,,Dez Fitzpatrick,
auto-signature-series-holo,SS-CJ,,true,,Chris Johnson,
insert-downtown,DT-19,,false,,Derrick Henry,
insert-mythical,MY-13,,false,,Derrick Henry,
insert-retro-series,RS-VY,,false,,Vince Young,
auto-dynamic-patch-autographs,DPA-WM,,true,,Warren Moon,
base,125,,false,,Vince Young,
auto-legendary-patch-autographs,LPA-EC,,true,,Earl Campbell,
auto-signature-series-holo,SS-AF,,true,,Anthony Firkser,
auto-rookie-patch-autographs,RPA-DF,,true,,Dez Fitzpatrick,
base,123,,false,,Derrick Henry,
auto-rated-rookies-autographs,249,,true,,Caleb Farley,
insert-retro-series,RS-EC,,false,,Earl Campbell,
base,122,,false,,Ryan Tannehill,
auto-dominators-autographs,DM-DH,,true,,Derrick Henry,
base,106,,false,,Earl Campbell,
base,120,,false,,Julio Jones,
auto-rated-rookies-autographs,300,,true,,Elijah Molden,
auto-rated-rookies-autographs-ice,249,,true,,Caleb Farley,
insert-my-house,MH-20,,false,,Derrick Henry,
base,300,,false,,Elijah Molden,
insert-rookie-phenoms-horizontal,RPH-36,,false,,Dez Fitzpatrick,
insert-my-house-ice,MH-20,,false,,Derrick Henry,
insert-rookie-phenoms,RP-36,,false,,Dez Fitzpatrick,
insert-retro-series-ice,RS-EC,,false,,Earl Campbell,
insert-dominators,DM-DH,,false,,Derrick Henry,
insert-the-rookies-ice,TR-16,,false,,Dyami Brown,
base,1,,false,,Terry McLaurin,
auto-rated-rookies-autographs-ice,247,,true,,Jamin Davis,
insert-retro-series-ice,RS-JT,,false,,Joe Theismann,
auto-the-elite-series-rookies-autographs,ESR-16,,true,,Dyami Brown,
base,2,,false,,Curtis Samuel,
insert-donruss-threads,TH-1,,false,,Antonio Gibson,
auto-rated-rookies-rps-autographs,223,,true,,Dyami Brown,
insert-donruss-threads,TH-4,,false,,Chase Young,
insert-downtown,DT-8,,false,,Chase Young,
auto-the-rookies-autographs,TR-16,,true,,Dyami Brown,
base,4,,false,,Antonio Gibson,
insert-retro-series,RS-JT,,false,,Joe Theismann,
insert-rookie-phenoms,RP-23,,false,,Dyami Brown,
auto-signature-series-holo,SS-RF,,true,,Ryan Fitzpatrick,
base,223,,false,,Dyami Brown,
auto-rated-rookies-autographs-ice,297,,true,,Jaret Patterson,
insert-the-elite-series-rookies,ESR-16,,false,,Dyami Brown,
base,247,,false,,Jamin Davis,
auto-rated-rookies-autographs,297,,true,,Jaret Patterson,
insert-the-elite-series-rookies-ice,ESR-16,,false,,Dyami Brown,
base,6,,false,,Clinton Portis,
auto-rated-rookies-rps-autographs-ice,223,,true,,Dyami Brown,
base,5,,false,,Chase Young,
base,3,,false,,Ryan Fitzpatrick,
auto-rookie-patch-autographs,RPA-DB,,true,,Dyami Brown,
insert-the-rookies,TR-16,,false,,Dyami Brown,
auto-dynamic-patch-autographs,DPA-CC,,true,,Chris Cooley,
insert-elite-series-rookies,ESR-16,,false,,Dyami Brown,
insert-rookie-phenoms-horizontal,RPH-23,,false,,Dyami Brown,
base,297,,false,,Jaret Patterson,
auto-rookie-triple-autographs,RTA-WR,Gold Vinyl,true,,Ja'Marr Chase,
auto-rookie-triple-autographs,RTA-WR,Gold Vinyl,true,,Jaylen Waddle,
auto-rookie-triple-autographs,RTA-QB,Gold Vinyl,true,,Trey Lance,
auto-rookie-triple-autographs,RTA-QB,Gold Vinyl,true,,Trevor Lawrence,
auto-rookie-triple-autographs,RTA-RB,Gold Vinyl,true,,Najee Harris,
auto-rookie-triple-autographs,RTA-RB,Gold Vinyl,true,,Javonte Williams,
auto-rookie-triple-autographs,RTA-QB,Gold Vinyl,true,,Zach Wilson,
auto-rookie-triple-autographs,RTA-RB,Gold Vinyl,true,,"Travis Etienne Jr. AU, SN25, EXCH",
auto-rookie-triple-autographs,RTA-WR,Gold Vinyl,true,,DeVonta Smith,
auto-legendary-patch-autographs,LPA-JP,Gold Vinyl,true,,Jake Plummer,
insert-rookie-phenoms-horizontal,RPH-17,Blue Hyper,false,,Rondale Moore,
insert-rookie-phenoms-horizontal,RPH-17,Prime,false,,Rondale Moore,
insert-rookie-phenoms-horizontal,RPH-17,Red,false,,Rondale Moore,
insert-rookie-phenoms-horizontal,RPH-17,Gold Vinyl,false,,Rondale Moore,
base,179,White Sparkle,false,,Chase Edmonds,
base,179,Black,false,,Chase Edmonds,
base,179,Black Pandora,false,,Chase Edmonds,
base,179,Blue,false,,Chase Edmonds,
base,179,Blue Hyper,false,,Chase Edmonds,
base,179,Blue Scope,false,,Chase Edmonds,
base,179,Bronze,false,,Chase Edmonds,
base,179,Fire,false,,Chase Edmonds,
base,179,Freedom,false,,Chase Edmonds,
base,179,Gold,false,,Chase Edmonds,
base,179,Gold Vinyl,false,,Chase Edmonds,
base,179,Green,false,,Chase Edmonds,
base,179,Green Velocity,false,,Chase Edmonds,
base,179,Holo,false,,Chase Edmonds,
base,179,Holo Variation,false,,Chase Edmonds,
base,179,Ice,false,,Chase Edmonds,
base,179,Lime Green,false,,Chase Edmonds,
base,179,One Hundred,false,,Chase Edmonds,
base,179,Orange,false,,Chase Edmonds,
base,179,Orange Scope,false,,Chase Edmonds,
base,179,Pink,false,,Chase Edmonds,
base,179,Pink Velocity,false,,Chase Edmonds,
base,179,Purple,false,,Chase Edmonds,
base,179,Purple Shock,false,,Chase Edmonds,
base,179,Purple Stars,false,,Chase Edmonds,
base,179,Purple Velocity,false,,Chase Edmonds,
base,179,Red,false,,Chase Edmonds,
base,179,Red Hyper,false,,Chase Edmonds,
base,179,Red Mojo,false,,Chase Edmonds,
base,179,Red Stars,false,,Chase Edmonds,
base,179,Rocket,false,,Chase Edmonds,
base,179,Silver Circles,false,,Chase Edmonds,
base,179,Stars,false,,Chase Edmonds,
base,179,Teal Velocity,false,,Chase Edmonds,
base,179,Wave,false,,Chase Edmonds,
base,179,Aqua,false,,Chase Edmonds,
base,179,Printing Plate Black,false,,Chase Edmonds,
base,180,White Sparkle,false,,J.J. Watt,
base,180,Black,false,,J.J. Watt,
base,180,Black Pandora,false,,J.J. Watt,
base,180,Blue,false,,J.J. Watt,
base,180,Blue Hyper,false,,J.J. Watt,
base,180,Blue Scope,false,,J.J. Watt,
base,180,Bronze,false,,J.J. Watt,
base,180,Fire,false,,J.J. Watt,
base,180,Freedom,false,,J.J. Watt,
base,180,Gold,false,,J.J. Watt,
base,180,Gold Vinyl,false,,J.J. Watt,
base,180,Green,false,,J.J. Watt,
base,180,Green Velocity,false,,J.J. Watt,
base,180,Holo,false,,J.J. Watt,
base,180,Holo Variation,false,,J.J. Watt,
base,180,Ice,false,,J.J. Watt,
base,180,Lime Green,false,,J.J. Watt,
base,180,One Hundred,false,,J.J. Watt,
base,180,Orange,false,,J.J. Watt,
base,180,Orange Scope,false,,J.J. Watt,
base,180,Pink,false,,J.J. Watt,
base,180,Pink Velocity,false,,J.J. Watt,
base,180,Purple,false,,J.J. Watt,
base,180,Purple Shock,false,,J.J. Watt,
base,180,Purple Stars,false,,J.J. Watt,
base,180,Purple Velocity,false,,J.J. Watt,
base,180,Red,false,,J.J. Watt,
base,180,Red Hyper,false,,J.J. Watt,
base,180,Red Mojo,false,,J.J. Watt,
base,180,Red Stars,false,,J.J. Watt,
base,180,Rocket,false,,J.J. Watt,
base,180,Silver Circles,false,,J.J. Watt,
base,180,Stars,false,,J.J. Watt,
base,180,Teal Velocity,false,,J.J. Watt,
base,180,Wave,false,,J.J. Watt,
base,180,Aqua,false,,J.J. Watt,
base,180,Printing Plate Black,false,,J.J. Watt,
base,176,White Sparkle,false,,A.J. Green,
base,176,Black,false,,A.J. Green,
base,176,Black Pandora,false,,A.J. Green,
base,176,Blue,false,,A.J. Green,
base,176,Blue Hyper,false,,A.J. Green,
base,176,Blue Scope,false,,A.J. Green,
base,176,Bronze,false,,A.J. Green,
base,176,Fire,false,,A.J. Green,
base,176,Freedom,false,,A.J. Green,
base,176,Gold,false,,A.J. Green,
base,176,Gold Vinyl,false,,A.J. Green,
base,176,Green,false,,A.J. Green,
base,176,Green Velocity,false,,A.J. Green,
base,176,Holo,false,,A.J. Green,
base,176,Holo Variation,false,,A.J. Green,
base,176,Ice,false,,A.J. Green,
base,176,Lime Green,false,,A.J. Green,
base,176,One Hundred,false,,A.J. Green,
base,176,Orange,false,,A.J. Green,
base,176,Orange Scope,false,,A.J. Green,
base,176,Pink,false,,A.J. Green,
base,176,Pink Velocity,false,,A.J. Green,
base,176,Purple,false,,A.J. Green,
base,176,Purple Shock,false,,A.J. Green,
base,176,Purple Stars,false,,A.J. Green,
base,176,Purple Velocity,false,,A.J. Green,
base,176,Red,false,,A.J. Green,
base,176,Red Hyper,false,,A.J. Green,
base,176,Red Mojo,false,,A.J. Green,
base,176,Red Stars,false,,A.J. Green,
base,176,Rocket,false,,A.J. Green,
base,176,Silver Circles,false,,A.J. Green,
base,176,Stars,false,,A.J. Green,
base,176,Teal Velocity,false,,A.J. Green,
base,176,Wave,false,,A.J. Green,
base,176,Aqua,false,,A.J. Green,
base,176,Printing Plate Black,false,,A.J. Green,
insert-downtown,DT-28,Gold Vinyl,false,,Kyler Murray,
insert-downtown,DT-28,Gold,false,,Kyler Murray,
insert-downtown,DT-28,Black Pandora,false,,Kyler Murray,
insert-downtown,DT-28,White Sparkle,false,,Kyler Murray,
insert-gifted-rookies,GR-17,Gold Vinyl,false,,Rondale Moore,
insert-gifted-rookies,GR-17,Gold,false,,Rondale Moore,
insert-gifted-rookies,GR-17,Black Pandora,false,,Rondale Moore,
insert-gifted-rookies,GR-17,Purple Stars,false,,Rondale Moore,
insert-rookie-phenoms,RP-17,Prime,false,,Rondale Moore,
insert-rookie-phenoms,RP-17,Blue Hyper,false,,Rondale Moore,
insert-rookie-phenoms,RP-17,Gold Vinyl,false,,Rondale Moore,
insert-rookie-phenoms,RP-17,Red,false,,Rondale Moore,
insert-rookie-kings,RK-16,Gold,false,,Rondale Moore,
insert-rookie-kings,RK-16,Gold Vinyl,false,,Rondale Moore,
insert-rookie-kings,RK-16,White Sparkle,false,,Rondale Moore,
insert-rookie-kings,RK-16,Black Pandora,false,,Rondale Moore,
insert-my-house,MH-19,Black Pandora,false,,Kyler Murray,
insert-my-house,MH-19,Gold,false,,Kyler Murray,
insert-my-house,MH-19,Gold Vinyl,false,,Kyler Murray,
insert-my-house,MH-19,Purple Stars,false,,Kyler Murray,
auto-rated-rookies-rps-autographs,217,Gold Vinyl,true,,Rondale Moore,
auto-rated-rookies-rps-autographs,217,Red Hyper,true,,Rondale Moore,
auto-rated-rookies-rps-autographs,217,Red,true,,Rondale Moore,
auto-rated-rookies-rps-autographs,217,Purple Stars,true,,Rondale Moore,
auto-rated-rookies-rps-autographs,217,Purple,true,,Rondale Moore,
auto-rated-rookies-rps-autographs,217,Pink Velocity,true,,Rondale Moore,
auto-rated-rookies-rps-autographs,217,Holo,true,,Rondale Moore,
auto-rated-rookies-rps-autographs,217,Green,true,,Rondale Moore,
auto-rated-rookies-rps-autographs,217,Gold,true,,Rondale Moore,
auto-rated-rookies-rps-autographs,217,Bronze,true,,Rondale Moore,
auto-rated-rookies-rps-autographs,217,Blue,true,,Rondale Moore,
auto-rated-rookies-rps-autographs,217,Black Pandora,true,,Rondale Moore,
insert-legendary-logos,LL-1,Gold Vinyl,false,,Kyler Murray,
insert-legendary-logos,LL-1,Gold,false,,Kyler Murray,
insert-legendary-logos,LL-1,Black Pandora,false,,Kyler Murray,
insert-legendary-logos,LL-1,Purple Stars,false,,Kyler Murray,
base,181,White Sparkle,false,,Kurt Warner,
base,181,Black,false,,Kurt Warner,
base,181,Black Pandora,false,,Kurt Warner,
base,181,Blue,false,,Kurt Warner,
base,181,Blue Hyper,false,,Kurt Warner,
base,181,Blue Scope,false,,Kurt Warner,
base,181,Bronze,false,,Kurt Warner,
base,181,Fire,false,,Kurt Warner,
base,181,Freedom,false,,Kurt Warner,
base,181,Gold,false,,Kurt Warner,
base,181,Gold Vinyl,false,,Kurt Warner,
base,181,Green,false,,Kurt Warner,
base,181,Green Velocity,false,,Kurt Warner,
base,181,Holo,false,,Kurt Warner,
base,181,Holo Variation,false,,Kurt Warner,
base,181,Ice,false,,Kurt Warner,
base,181,Lime Green,false,,Kurt Warner,
base,181,One Hundred,false,,Kurt Warner,
base,181,Orange,false,,Kurt Warner,
base,181,Orange Scope,false,,Kurt Warner,
base,181,Pink,false,,Kurt Warner,
base,181,Pink Velocity,false,,Kurt Warner,
base,181,Purple,false,,Kurt Warner,
base,181,Purple Shock,false,,Kurt Warner,
base,181,Purple Stars,false,,Kurt Warner,
base,181,Purple Velocity,false,,Kurt Warner,
base,181,Red,false,,Kurt Warner,
base,181,Red Hyper,false,,Kurt Warner,
base,181,Red Mojo,false,,Kurt Warner,
base,181,Red Stars,false,,Kurt Warner,
base,181,Rocket,false,,Kurt Warner,
base,181,Silver Circles,false,,Kurt Warner,
base,181,Stars,false,,Kurt Warner,
base,181,Teal Velocity,false,,Kurt Warner,
base,181,Wave,false,,Kurt Warner,
base,181,Aqua,false,,Kurt Warner,
base,181,Printing Plate Black,false,,Kurt Warner,
base,265,White Sparkle,false,,Zaven Collins,
base,265,Black,false,,Zaven Collins,
base,265,Black Pandora,false,,Zaven Collins,
base,265,Blue,false,,Zaven Collins,
base,265,Blue Hyper,false,,Zaven Collins,
base,265,Blue Scope,false,,Zaven Collins,
base,265,Bronze,false,,Zaven Collins,
base,265,Fire,false,,Zaven Collins,
base,265,Freedom,false,,Zaven Collins,
base,265,Gold,false,,Zaven Collins,
base,265,Gold Vinyl,false,,Zaven Collins,
base,265,Green,false,,Zaven Collins,
base,265,Green Velocity,false,,Zaven Collins,
base,265,Holo,false,,Zaven Collins,
base,265,Holo Variation,false,,Zaven Collins,
base,265,Ice,false,,Zaven Collins,
base,265,Lime Green,false,,Zaven Collins,
base,265,One Hundred,false,,Zaven Collins,
base,265,Orange,false,,Zaven Collins,
base,265,Orange Scope,false,,Zaven Collins,
base,265,Pink,false,,Zaven Collins,
base,265,Pink Velocity,false,,Zaven Collins,
base,265,Purple,false,,Zaven Collins,
base,265,Purple Shock,false,,Zaven Collins,
base,265,Purple Stars,false,,Zaven Collins,
base,265,Purple Velocity,false,,Zaven Collins,
base,265,Red,false,,Zaven Collins,
base,265,Red Hyper,false,,Zaven Collins,
base,265,Red Mojo,false,,Zaven Collins,
base,265,Red Stars,false,,Zaven Collins,
base,265,Rocket,false,,Zaven Collins,
base,265,Silver Circles,false,,Zaven Collins,
base,265,Stars,false,,Zaven Collins,
base,265,Teal Velocity,false,,Zaven Collins,
base,265,Wave,false,,Zaven Collins,
base,265,Aqua,false,,Zaven Collins,
base,265,Printing Plate Black,false,,Zaven Collins,
insert-mythical,MY-7,White Sparkle,false,,Kyler Murray,
insert-mythical,MY-7,Gold,false,,Kyler Murray,
insert-mythical,MY-7,Black Pandora,false,,Kyler Murray,
insert-mythical,MY-7,Gold Vinyl,false,,Kyler Murray,
base,217,White Sparkle,false,,Rondale Moore,
base,217,Black,false,,Rondale Moore,
base,217,Black Pandora,false,,Rondale Moore,
base,217,Blue,false,,Rondale Moore,
base,217,Blue Hyper,false,,Rondale Moore,
base,217,Blue Scope,false,,Rondale Moore,
base,217,Bronze,false,,Rondale Moore,
base,217,Fire,false,,Rondale Moore,
base,217,Freedom,false,,Rondale Moore,
base,217,Gold,false,,Rondale Moore,
base,217,Gold Vinyl,false,,Rondale Moore,
base,217,Green,false,,Rondale Moore,
base,217,Green Velocity,false,,Rondale Moore,
base,217,Holo,false,,Rondale Moore,
base,217,Holo Variation,false,,Rondale Moore,
base,217,Ice,false,,Rondale Moore,
base,217,Lime Green,false,,Rondale Moore,
base,217,One Hundred,false,,Rondale Moore,
base,217,Orange,false,,Rondale Moore,
base,217,Orange Scope,false,,Rondale Moore,
base,217,Pink,false,,Rondale Moore,
base,217,Pink Velocity,false,,Rondale Moore,
base,217,Purple,false,,Rondale Moore,
base,217,Purple Shock,false,,Rondale Moore,
base,217,Purple Stars,false,,Rondale Moore,
base,217,Purple Velocity,false,,Rondale Moore,
base,217,Red,false,,Rondale Moore,
base,217,Red Hyper,false,,Rondale Moore,
base,217,Red Mojo,false,,Rondale Moore,
base,217,Red Stars,false,,Rondale Moore,
base,217,Rocket,false,,Rondale Moore,
base,217,Silver Circles,false,,Rondale Moore,
base,217,Stars,false,,Rondale Moore,
base,217,Teal Velocity,false,,Rondale Moore,
base,217,Wave,false,,Rondale Moore,
base,217,Aqua,false,,Rondale Moore,
base,217,Printing Plate Black,false,,Rondale Moore,
auto-rookie-patch-autographs,RPA-RM,Gold Vinyl,true,,Rondale Moore,
insert-dominators,DM-KM,Gold Vinyl,false,,Kyler Murray,
insert-dominators,DM-KM,Gold,false,,Kyler Murray,
insert-dominators,DM-KM,Black Pandora,false,,Kyler Murray,
insert-dominators,DM-KM,Purple Stars,false,,Kyler Murray,
base,177,White Sparkle,false,,DeAndre Hopkins,
base,177,Black,false,,DeAndre Hopkins,
base,177,Black Pandora,false,,DeAndre Hopkins,
base,177,Blue,false,,DeAndre Hopkins,
base,177,Blue Hyper,false,,DeAndre Hopkins,
base,177,Blue Scope,false,,DeAndre Hopkins,
base,177,Bronze,false,,DeAndre Hopkins,
base,177,Fire,false,,DeAndre Hopkins,
base,177,Freedom,false,,DeAndre Hopkins,
base,177,Gold,false,,DeAndre Hopkins,
base,177,Gold Vinyl,false,,DeAndre Hopkins,
base,177,Green,false,,DeAndre Hopkins,
base,177,Green Velocity,false,,DeAndre Hopkins,
base,177,Holo,false,,DeAndre Hopkins,
base,177,Holo Variation,false,,DeAndre Hopkins,
base,177,Ice,false,,DeAndre Hopkins,
base,177,Lime Green,false,,DeAndre Hopkins,
base,177,One Hundred,false,,DeAndre Hopkins,
base,177,Orange,false,,DeAndre Hopkins,
base,177,Orange Scope,false,,DeAndre Hopkins,
base,177,Pink,false,,DeAndre Hopkins,
base,177,Pink Velocity,false,,DeAndre Hopkins,
base,177,Purple,false,,DeAndre Hopkins,
base,177,Purple Shock,false,,DeAndre Hopkins,
base,177,Purple Stars,false,,DeAndre Hopkins,
base,177,Purple Velocity,false,,DeAndre Hopkins,
base,177,Red,false,,DeAndre Hopkins,
base,177,Red Hyper,false,,DeAndre Hopkins,
base,177,Red Mojo,false,,DeAndre Hopkins,
base,177,Red Stars,false,,DeAndre Hopkins,
base,177,Rocket,false,,DeAndre Hopkins,
base,177,Silver Circles,false,,DeAndre Hopkins,
base,177,Stars,false,,DeAndre Hopkins,
base,177,Teal Velocity,false,,DeAndre Hopkins,
base,177,Wave,false,,DeAndre Hopkins,
base,177,Aqua,false,,DeAndre Hopkins,
base,177,Printing Plate Black,false,,DeAndre Hopkins,
base,178,White Sparkle,false,,Kyler Murray,
base,178,Black,false,,Kyler Murray,
base,178,Black Pandora,false,,Kyler Murray,
base,178,Blue,false,,Kyler Murray,
base,178,Blue Hyper,false,,Kyler Murray,
base,178,Blue Scope,false,,Kyler Murray,
base,178,Bronze,false,,Kyler Murray,
base,178,Fire,false,,Kyler Murray,
base,178,Freedom,false,,Kyler Murray,
base,178,Gold,false,,Kyler Murray,
base,178,Gold Vinyl,false,,Kyler Murray,
base,178,Green,false,,Kyler Murray,
base,178,Green Velocity,false,,Kyler Murray,
base,178,Holo,false,,Kyler Murray,
base,178,Holo Variation,false,,Kyler Murray,
base,178,Ice,false,,Kyler Murray,
base,178,Lime Green,false,,Kyler Murray,
base,178,One Hundred,false,,Kyler Murray,
base,178,Orange,false,,Kyler Murray,
base,178,Orange Scope,false,,Kyler Murray,
base,178,Pink,false,,Kyler Murray,
base,178,Pink Velocity,false,,Kyler Murray,
base,178,Purple,false,,Kyler Murray,
base,178,Purple Shock,false,,Kyler Murray,
base,178,Purple Stars,false,,Kyler Murray,
base,178,Purple Velocity,false,,Kyler Murray,
base,178,Red,false,,Kyler Murray,
base,178,Red Hyper,false,,Kyler Murray,
base,178,Red Mojo,false,,Kyler Murray,
base,178,Red Stars,false,,Kyler Murray,
base,178,Rocket,false,,Kyler Murray,
base,178,Silver Circles,false,,Kyler Murray,
base,178,Stars,false,,Kyler Murray,
base,178,Teal Velocity,false,,Kyler Murray,
base,178,Wave,false,,Kyler Murray,
base,178,Aqua,false,,Kyler Murray,
base,178,Printing Plate Black,false,,Kyler Murray,
insert-rookie-phenoms-horizontal,RPH-11,Blue Hyper,false,,Kyle Pitts,
insert-rookie-phenoms-horizontal,RPH-11,Prime,false,,Kyle Pitts,
insert-rookie-phenoms-horizontal,RPH-11,Red,false,,Kyle Pitts,
insert-rookie-phenoms-horizontal,RPH-11,Gold Vinyl,false,,Kyle Pitts,
base,299,White Sparkle,false,,Feleipe Franks,
base,299,Black,false,,Feleipe Franks,
base,299,Black Pandora,false,,Feleipe Franks,
base,299,Blue,false,,Feleipe Franks,
base,299,Blue Hyper,false,,Feleipe Franks,
base,299,Blue Scope,false,,Feleipe Franks,
base,299,Bronze,false,,Feleipe Franks,
base,299,Fire,false,,Feleipe Franks,
base,299,Freedom,false,,Feleipe Franks,
base,299,Gold,false,,Feleipe Franks,
base,299,Gold Vinyl,false,,Feleipe Franks,
base,299,Green,false,,Feleipe Franks,
base,299,Green Velocity,false,,Feleipe Franks,
base,299,Holo,false,,Feleipe Franks,
base,299,Holo Variation,false,,Feleipe Franks,
base,299,Ice,false,,Feleipe Franks,
base,299,Lime Green,false,,Feleipe Franks,
base,299,One Hundred,false,,Feleipe Franks,
base,299,Orange,false,,Feleipe Franks,
base,299,Orange Scope,false,,Feleipe Franks,
base,299,Pink,false,,Feleipe Franks,
base,299,Pink Velocity,false,,Feleipe Franks,
base,299,Purple,false,,Feleipe Franks,
base,299,Purple Shock,false,,Feleipe Franks,
base,299,Purple Stars,false,,Feleipe Franks,
base,299,Purple Velocity,false,,Feleipe Franks,
base,299,Red,false,,Feleipe Franks,
base,299,Red Hyper,false,,Feleipe Franks,
base,299,Red Mojo,false,,Feleipe Franks,
base,299,Red Stars,false,,Feleipe Franks,
base,299,Rocket,false,,Feleipe Franks,
base,299,Silver Circles,false,,Feleipe Franks,
base,299,Stars,false,,Feleipe Franks,
base,299,Teal Velocity,false,,Feleipe Franks,
base,299,Wave,false,,Feleipe Franks,
base,299,Aqua,false,,Feleipe Franks,
base,299,Printing Plate Black,false,,Feleipe Franks,
insert-rookie-kings,RK-11,Gold,false,,Kyle Pitts,
insert-rookie-kings,RK-11,Gold Vinyl,false,,Kyle Pitts,
insert-rookie-kings,RK-11,White Sparkle,false,,Kyle Pitts,
insert-rookie-kings,RK-11,Black Pandora,false,,Kyle Pitts,
base,290,White Sparkle,false,,Frank Darby,
base,290,Black,false,,Frank Darby,
base,290,Black Pandora,false,,Frank Darby,
base,290,Blue,false,,Frank Darby,
base,290,Blue Hyper,false,,Frank Darby,
base,290,Blue Scope,false,,Frank Darby,
base,290,Bronze,false,,Frank Darby,
base,290,Fire,false,,Frank Darby,
base,290,Freedom,false,,Frank Darby,
base,290,Gold,false,,Frank Darby,
base,290,Gold Vinyl,false,,Frank Darby,
base,290,Green,false,,Frank Darby,
base,290,Green Velocity,false,,Frank Darby,
base,290,Holo,false,,Frank Darby,
base,290,Holo Variation,false,,Frank Darby,
base,290,Ice,false,,Frank Darby,
base,290,Lime Green,false,,Frank Darby,
base,290,One Hundred,false,,Frank Darby,
base,290,Orange,false,,Frank Darby,
base,290,Orange Scope,false,,Frank Darby,
base,290,Pink,false,,Frank Darby,
base,290,Pink Velocity,false,,Frank Darby,
base,290,Purple,false,,Frank Darby,
base,290,Purple Shock,false,,Frank Darby,
base,290,Purple Stars,false,,Frank Darby,
base,290,Purple Velocity,false,,Frank Darby,
base,290,Red,false,,Frank Darby,
base,290,Red Hyper,false,,Frank Darby,
base,290,Red Mojo,false,,Frank Darby,
base,290,Red Stars,false,,Frank Darby,
base,290,Rocket,false,,Frank Darby,
base,290,Silver Circles,false,,Frank Darby,
base,290,Stars,false,,Frank Darby,
base,290,Teal Velocity,false,,Frank Darby,
base,290,Wave,false,,Frank Darby,
base,290,Aqua,false,,Frank Darby,
base,290,Printing Plate Black,false,,Frank Darby,
base,211,White Sparkle,false,,Kyle Pitts,
base,211,Black,false,,Kyle Pitts,
base,211,Black Pandora,false,,Kyle Pitts,
base,211,Blue,false,,Kyle Pitts,
base,211,Blue Hyper,false,,Kyle Pitts,
base,211,Blue Scope,false,,Kyle Pitts,
base,211,Bronze,false,,Kyle Pitts,
base,211,Fire,false,,Kyle Pitts,
base,211,Freedom,false,,Kyle Pitts,
base,211,Gold,false,,Kyle Pitts,
base,211,Gold Vinyl,false,,Kyle Pitts,
base,211,Green,false,,Kyle Pitts,
base,211,Green Velocity,false,,Kyle Pitts,
base,211,Holo,false,,Kyle Pitts,
base,211,Holo Variation,false,,Kyle Pitts,
base,211,Ice,false,,Kyle Pitts,
base,211,Lime Green,false,,Kyle Pitts,
base,211,One Hundred,false,,Kyle Pitts,
base,211,Orange,false,,Kyle Pitts,
base,211,Orange Scope,false,,Kyle Pitts,
base,211,Pink,false,,Kyle Pitts,
base,211,Pink Velocity,false,,Kyle Pitts,
base,211,Purple,false,,Kyle Pitts,
base,211,Purple Shock,false,,Kyle Pitts,
base,211,Purple Stars,false,,Kyle Pitts,
base,211,Purple Velocity,false,,Kyle Pitts,
base,211,Red,false,,Kyle Pitts,
base,211,Red Hyper,false,,Kyle Pitts,
base,211,Red Mojo,false,,Kyle Pitts,
base,211,Red Stars,false,,Kyle Pitts,
base,211,Rocket,false,,Kyle Pitts,
base,211,Silver Circles,false,,Kyle Pitts,
base,211,Stars,false,,Kyle Pitts,
base,211,Teal Velocity,false,,Kyle Pitts,
base,211,Wave,false,,Kyle Pitts,
base,211,Aqua,false,,Kyle Pitts,
base,211,Printing Plate Black,false,,Kyle Pitts,
base,269,White Sparkle,false,,Richie Grant,
base,269,Black,false,,Richie Grant,
base,269,Black Pandora,false,,Richie Grant,
base,269,Blue,false,,Richie Grant,
base,269,Blue Hyper,false,,Richie Grant,
base,269,Blue Scope,false,,Richie Grant,
base,269,Bronze,false,,Richie Grant,
base,269,Fire,false,,Richie Grant,
base,269,Freedom,false,,Richie Grant,
base,269,Gold,false,,Richie Grant,
base,269,Gold Vinyl,false,,Richie Grant,
base,269,Green,false,,Richie Grant,
base,269,Green Velocity,false,,Richie Grant,
base,269,Holo,false,,Richie Grant,
base,269,Holo Variation,false,,Richie Grant,
base,269,Ice,false,,Richie Grant,
base,269,Lime Green,false,,Richie Grant,
base,269,One Hundred,false,,Richie Grant,
base,269,Orange,false,,Richie Grant,
base,269,Orange Scope,false,,Richie Grant,
base,269,Pink,false,,Richie Grant,
base,269,Pink Velocity,false,,Richie Grant,
base,269,Purple,false,,Richie Grant,
base,269,Purple Shock,false,,Richie Grant,
base,269,Purple Stars,false,,Richie Grant,
base,269,Purple Velocity,false,,Richie Grant,
base,269,Red,false,,Richie Grant,
base,269,Red Hyper,false,,Richie Grant,
base,269,Red Mojo,false,,Richie Grant,
base,269,Red Stars,false,,Richie Grant,
base,269,Rocket,false,,Richie Grant,
base,269,Silver Circles,false,,Richie Grant,
base,269,Stars,false,,Richie Grant,
base,269,Teal Velocity,false,,Richie Grant,
base,269,Wave,false,,Richie Grant,
base,269,Aqua,false,,Richie Grant,
base,269,Printing Plate Black,false,,Richie Grant,
auto-rated-rookies-rps-autographs,211,Gold Vinyl,true,,Kyle Pitts,
auto-rated-rookies-rps-autographs,211,Red Hyper,true,,Kyle Pitts,
auto-rated-rookies-rps-autographs,211,Red,true,,Kyle Pitts,
auto-rated-rookies-rps-autographs,211,Purple Stars,true,,Kyle Pitts,
auto-rated-rookies-rps-autographs,211,Purple,true,,Kyle Pitts,
auto-rated-rookies-rps-autographs,211,Pink Velocity,true,,Kyle Pitts,
auto-rated-rookies-rps-autographs,211,Holo,true,,Kyle Pitts,
auto-rated-rookies-rps-autographs,211,Green,true,,Kyle Pitts,
auto-rated-rookies-rps-autographs,211,Gold,true,,Kyle Pitts,
auto-rated-rookies-rps-autographs,211,Bronze,true,,Kyle Pitts,
auto-rated-rookies-rps-autographs,211,Blue,true,,Kyle Pitts,
auto-rated-rookies-rps-autographs,211,Black Pandora,true,,Kyle Pitts,
insert-rookie-phenoms,RP-11,Prime,false,,Kyle Pitts,
insert-rookie-phenoms,RP-11,Blue Hyper,false,,Kyle Pitts,
insert-rookie-phenoms,RP-11,Gold Vinyl,false,,Kyle Pitts,
insert-rookie-phenoms,RP-11,Red,false,,Kyle Pitts,
insert-the-rookies,TR-10,Gold Vinyl,false,,Kyle Pitts,
insert-the-rookies,TR-10,Purple Stars,false,,Kyle Pitts,
insert-the-rookies,TR-10,Black Pandora,false,,Kyle Pitts,
insert-the-rookies,TR-10,Gold,false,,Kyle Pitts,
auto-rookie-patch-autographs,RPA-KP,Gold Vinyl,true,,Kyle Pitts,
insert-globall,GB-7,Purple Stars,false,,Younghoe Koo,
insert-globall,GB-7,Gold,false,,Younghoe Koo,
insert-globall,GB-7,Black Pandora,false,,Younghoe Koo,
insert-globall,GB-7,Gold Vinyl,false,,Younghoe Koo,
insert-the-elite-series-rookies,ESR-10,Gold Vinyl,false,,Kyle Pitts,
insert-the-elite-series-rookies,ESR-10,Purple Stars,false,,Kyle Pitts,
insert-the-elite-series-rookies,ESR-10,Gold,false,,Kyle Pitts,
insert-the-elite-series-rookies,ESR-10,Black Pandora,false,,Kyle Pitts,
insert-my-house,MH-17,Black Pandora,false,,Matt Ryan,
insert-my-house,MH-17,Gold,false,,Matt Ryan,
insert-my-house,MH-17,Gold Vinyl,false,,Matt Ryan,
insert-my-house,MH-17,Purple Stars,false,,Matt Ryan,
auto-rated-rookies-autographs,290,Holo,true,,Frank Darby,
auto-rated-rookies-autographs,290,Pink Velocity,true,,Frank Darby,
auto-rated-rookies-autographs,290,Black Pandora,true,,Frank Darby,
auto-rated-rookies-autographs,290,Blue,true,,Frank Darby,
auto-rated-rookies-autographs,290,Red Hyper,true,,Frank Darby,
auto-rated-rookies-autographs,290,Red,true,,Frank Darby,
auto-rated-rookies-autographs,290,Purple Stars,true,,Frank Darby,
auto-rated-rookies-autographs,290,Purple,true,,Frank Darby,
auto-rated-rookies-autographs,290,Bronze,true,,Frank Darby,
auto-rated-rookies-autographs,290,Gold,true,,Frank Darby,
auto-rated-rookies-autographs,290,Green,true,,Frank Darby,
auto-rated-rookies-autographs,290,Gold Vinyl,true,,Frank Darby,
insert-gifted-rookies,GR-11,Gold Vinyl,false,,Kyle Pitts,
insert-gifted-rookies,GR-11,Gold,false,,Kyle Pitts,
insert-gifted-rookies,GR-11,Black Pandora,false,,Kyle Pitts,
insert-gifted-rookies,GR-11,Purple Stars,false,,Kyle Pitts,
insert-red-hot-rookies,RHR-6,Black Pandora,false,,Kyle Pitts,
insert-red-hot-rookies,RHR-6,Gold Vinyl,false,,Kyle Pitts,
insert-red-hot-rookies,RHR-6,Purple Stars,false,,Kyle Pitts,
insert-red-hot-rookies,RHR-6,Gold,false,,Kyle Pitts,
auto-the-elite-series-rookies-autographs,ESR-10,Purple Stars,true,,Kyle Pitts,
auto-the-elite-series-rookies-autographs,ESR-10,Gold Vinyl,true,,Kyle Pitts,
auto-the-rookies-autographs,TR-10,Gold Vinyl,true,,Kyle Pitts,
auto-the-rookies-autographs,TR-10,Purple Stars,true,,Kyle Pitts,
insert-retro-series,RS-MV,Gold,false,,Michael Vick,
insert-retro-series,RS-MV,Black Pandora,false,,Michael Vick,
insert-retro-series,RS-MV,Gold Vinyl,false,,Michael Vick,
insert-retro-series,RS-MV,Purple Stars,false,,Michael Vick,
auto-dynamic-patch-autographs,DPA-MV,Gold Vinyl,true,,Michael Vick,
auto-rated-rookies-autographs,299,Holo,true,,Feleipe Franks,
auto-rated-rookies-autographs,299,Pink Velocity,true,,Feleipe Franks,
auto-rated-rookies-autographs,299,Black Pandora,true,,Feleipe Franks,
auto-rated-rookies-autographs,299,Blue,true,,Feleipe Franks,
auto-rated-rookies-autographs,299,Red Hyper,true,,Feleipe Franks,
auto-rated-rookies-autographs,299,Red,true,,Feleipe Franks,
auto-rated-rookies-autographs,299,Purple Stars,true,,Feleipe Franks,
auto-rated-rookies-autographs,299,Purple,true,,Feleipe Franks,
auto-rated-rookies-autographs,299,Bronze,true,,Feleipe Franks,
auto-rated-rookies-autographs,299,Gold,true,,Feleipe Franks,
auto-rated-rookies-autographs,299,Green,true,,Feleipe Franks,
auto-rated-rookies-autographs,299,Gold Vinyl,true,,Feleipe Franks,
auto-rated-rookies-autographs,269,Holo,true,,Richie Grant,
auto-rated-rookies-autographs,269,Pink Velocity,true,,Richie Grant,
auto-rated-rookies-autographs,269,Black Pandora,true,,Richie Grant,
auto-rated-rookies-autographs,269,Blue,true,,Richie Grant,
auto-rated-rookies-autographs,269,Red Hyper,true,,Richie Grant,
auto-rated-rookies-autographs,269,Red,true,,Richie Grant,
auto-rated-rookies-autographs,269,Purple Stars,true,,Richie Grant,
auto-rated-rookies-autographs,269,Purple,true,,Richie Grant,
auto-rated-rookies-autographs,269,Bronze,true,,Richie Grant,
auto-rated-rookies-autographs,269,Gold,true,,Richie Grant,
auto-rated-rookies-autographs,269,Green,true,,Richie Grant,
auto-rated-rookies-autographs,269,Gold Vinyl,true,,Richie Grant,
insert-downtown,DT-13,Gold Vinyl,false,,Kyle Pitts,
insert-downtown,DT-13,Gold,false,,Kyle Pitts,
insert-downtown,DT-13,Black Pandora,false,,Kyle Pitts,
insert-downtown,DT-13,White Sparkle,false,,Kyle Pitts,
insert-rookie-gridiron-kings,RGK-9,Gold,false,,Kyle Pitts,
insert-rookie-gridiron-kings,RGK-9,Gold Vinyl,false,,Kyle Pitts,
insert-rookie-gridiron-kings,RGK-9,Black Pandora,false,,Kyle Pitts,
insert-rookie-gridiron-kings,RGK-9,Purple Stars,false,,Kyle Pitts,
base,151,White Sparkle,false,,Calvin Ridley,
base,151,Black,false,,Calvin Ridley,
base,151,Black Pandora,false,,Calvin Ridley,
base,151,Blue,false,,Calvin Ridley,
base,151,Blue Hyper,false,,Calvin Ridley,
base,151,Blue Scope,false,,Calvin Ridley,
base,151,Bronze,false,,Calvin Ridley,
base,151,Fire,false,,Calvin Ridley,
base,151,Freedom,false,,Calvin Ridley,
base,151,Gold,false,,Calvin Ridley,
base,151,Gold Vinyl,false,,Calvin Ridley,
base,151,Green,false,,Calvin Ridley,
base,151,Green Velocity,false,,Calvin Ridley,
base,151,Holo,false,,Calvin Ridley,
base,151,Holo Variation,false,,Calvin Ridley,
base,151,Ice,false,,Calvin Ridley,
base,151,Lime Green,false,,Calvin Ridley,
base,151,One Hundred,false,,Calvin Ridley,
base,151,Orange,false,,Calvin Ridley,
base,151,Orange Scope,false,,Calvin Ridley,
base,151,Pink,false,,Calvin Ridley,
base,151,Pink Velocity,false,,Calvin Ridley,
base,151,Purple,false,,Calvin Ridley,
base,151,Purple Shock,false,,Calvin Ridley,
base,151,Purple Stars,false,,Calvin Ridley,
base,151,Purple Velocity,false,,Calvin Ridley,
base,151,Red,false,,Calvin Ridley,
base,151,Red Hyper,false,,Calvin Ridley,
base,151,Red Mojo,false,,Calvin Ridley,
base,151,Red Stars,false,,Calvin Ridley,
base,151,Rocket,false,,Calvin Ridley,
base,151,Silver Circles,false,,Calvin Ridley,
base,151,Stars,false,,Calvin Ridley,
base,151,Teal Velocity,false,,Calvin Ridley,
base,151,Wave,false,,Calvin Ridley,
base,151,Aqua,false,,Calvin Ridley,
base,151,Printing Plate Black,false,,Calvin Ridley,
base,152,White Sparkle,false,,Hayden Hurst,
base,152,Black,false,,Hayden Hurst,
base,152,Black Pandora,false,,Hayden Hurst,
base,152,Blue,false,,Hayden Hurst,
base,152,Blue Hyper,false,,Hayden Hurst,
base,152,Blue Scope,false,,Hayden Hurst,
base,152,Bronze,false,,Hayden Hurst,
base,152,Fire,false,,Hayden Hurst,
base,152,Freedom,false,,Hayden Hurst,
base,152,Gold,false,,Hayden Hurst,
base,152,Gold Vinyl,false,,Hayden Hurst,
base,152,Green,false,,Hayden Hurst,
base,152,Green Velocity,false,,Hayden Hurst,
base,152,Holo,false,,Hayden Hurst,
base,152,Holo Variation,false,,Hayden Hurst,
base,152,Ice,false,,Hayden Hurst,
base,152,Lime Green,false,,Hayden Hurst,
base,152,One Hundred,false,,Hayden Hurst,
base,152,Orange,false,,Hayden Hurst,
base,152,Orange Scope,false,,Hayden Hurst,
base,152,Pink,false,,Hayden Hurst,
base,152,Pink Velocity,false,,Hayden Hurst,
base,152,Purple,false,,Hayden Hurst,
base,152,Purple Shock,false,,Hayden Hurst,
base,152,Purple Stars,false,,Hayden Hurst,
base,152,Purple Velocity,false,,Hayden Hurst,
base,152,Red,false,,Hayden Hurst,
base,152,Red Hyper,false,,Hayden Hurst,
base,152,Red Mojo,false,,Hayden Hurst,
base,152,Red Stars,false,,Hayden Hurst,
base,152,Rocket,false,,Hayden Hurst,
base,152,Silver Circles,false,,Hayden Hurst,
base,152,Stars,false,,Hayden Hurst,
base,152,Teal Velocity,false,,Hayden Hurst,
base,152,Wave,false,,Hayden Hurst,
base,152,Aqua,false,,Hayden Hurst,
base,152,Printing Plate Black,false,,Hayden Hurst,
base,153,White Sparkle,false,,Matt Ryan,
base,153,Black,false,,Matt Ryan,
base,153,Black Pandora,false,,Matt Ryan,
base,153,Blue,false,,Matt Ryan,
base,153,Blue Hyper,false,,Matt Ryan,
base,153,Blue Scope,false,,Matt Ryan,
base,153,Bronze,false,,Matt Ryan,
base,153,Fire,false,,Matt Ryan,
base,153,Freedom,false,,Matt Ryan,
base,153,Gold,false,,Matt Ryan,
base,153,Gold Vinyl,false,,Matt Ryan,
base,153,Green,false,,Matt Ryan,
base,153,Green Velocity,false,,Matt Ryan,
base,153,Holo,false,,Matt Ryan,
base,153,Holo Variation,false,,Matt Ryan,
base,153,Ice,false,,Matt Ryan,
base,153,Lime Green,false,,Matt Ryan,
base,153,One Hundred,false,,Matt Ryan,
base,153,Orange,false,,Matt Ryan,
base,153,Orange Scope,false,,Matt Ryan,
base,153,Pink,false,,Matt Ryan,
base,153,Pink Velocity,false,,Matt Ryan,
base,153,Purple,false,,Matt Ryan,
base,153,Purple Shock,false,,Matt Ryan,
base,153,Purple Stars,false,,Matt Ryan,
base,153,Purple Velocity,false,,Matt Ryan,
base,153,Red,false,,Matt Ryan,
base,153,Red Hyper,false,,Matt Ryan,
base,153,Red Mojo,false,,Matt Ryan,
base,153,Red Stars,false,,Matt Ryan,
base,153,Rocket,false,,Matt Ryan,
base,153,Silver Circles,false,,Matt Ryan,
base,153,Stars,false,,Matt Ryan,
base,153,Teal Velocity,false,,Matt Ryan,
base,153,Wave,false,,Matt Ryan,
base,153,Aqua,false,,Matt Ryan,
base,153,Printing Plate Black,false,,Matt Ryan,
base,154,White Sparkle,false,,Mike Davis,
base,154,Black,false,,Mike Davis,
base,154,Black Pandora,false,,Mike Davis,
base,154,Blue,false,,Mike Davis,
base,154,Blue Hyper,false,,Mike Davis,
base,154,Blue Scope,false,,Mike Davis,
base,154,Bronze,false,,Mike Davis,
base,154,Fire,false,,Mike Davis,
base,154,Freedom,false,,Mike Davis,
base,154,Gold,false,,Mike Davis,
base,154,Gold Vinyl,false,,Mike Davis,
base,154,Green,false,,Mike Davis,
base,154,Green Velocity,false,,Mike Davis,
base,154,Holo,false,,Mike Davis,
base,154,Holo Variation,false,,Mike Davis,
base,154,Ice,false,,Mike Davis,
base,154,Lime Green,false,,Mike Davis,
base,154,One Hundred,false,,Mike Davis,
base,154,Orange,false,,Mike Davis,
base,154,Orange Scope,false,,Mike Davis,
base,154,Pink,false,,Mike Davis,
base,154,Pink Velocity,false,,Mike Davis,
base,154,Purple,false,,Mike Davis,
base,154,Purple Shock,false,,Mike Davis,
base,154,Purple Stars,false,,Mike Davis,
base,154,Purple Velocity,false,,Mike Davis,
base,154,Red,false,,Mike Davis,
base,154,Red Hyper,false,,Mike Davis,
base,154,Red Mojo,false,,Mike Davis,
base,154,Red Stars,false,,Mike Davis,
base,154,Rocket,false,,Mike Davis,
base,154,Silver Circles,false,,Mike Davis,
base,154,Stars,false,,Mike Davis,
base,154,Teal Velocity,false,,Mike Davis,
base,154,Wave,false,,Mike Davis,
base,154,Aqua,false,,Mike Davis,
base,154,Printing Plate Black,false,,Mike Davis,
base,155,White Sparkle,false,,Deion Jones,
base,155,Black,false,,Deion Jones,
base,155,Black Pandora,false,,Deion Jones,
base,155,Blue,false,,Deion Jones,
base,155,Blue Hyper,false,,Deion Jones,
base,155,Blue Scope,false,,Deion Jones,
base,155,Bronze,false,,Deion Jones,
base,155,Fire,false,,Deion Jones,
base,155,Freedom,false,,Deion Jones,
base,155,Gold,false,,Deion Jones,
base,155,Gold Vinyl,false,,Deion Jones,
base,155,Green,false,,Deion Jones,
base,155,Green Velocity,false,,Deion Jones,
base,155,Holo,false,,Deion Jones,
base,155,Holo Variation,false,,Deion Jones,
base,155,Ice,false,,Deion Jones,
base,155,Lime Green,false,,Deion Jones,
base,155,One Hundred,false,,Deion Jones,
base,155,Orange,false,,Deion Jones,
base,155,Orange Scope,false,,Deion Jones,
base,155,Pink,false,,Deion Jones,
base,155,Pink Velocity,false,,Deion Jones,
base,155,Purple,false,,Deion Jones,
base,155,Purple Shock,false,,Deion Jones,
base,155,Purple Stars,false,,Deion Jones,
base,155,Purple Velocity,false,,Deion Jones,
base,155,Red,false,,Deion Jones,
base,155,Red Hyper,false,,Deion Jones,
base,155,Red Mojo,false,,Deion Jones,
base,155,Red Stars,false,,Deion Jones,
base,155,Rocket,false,,Deion Jones,
base,155,Silver Circles,false,,Deion Jones,
base,155,Stars,false,,Deion Jones,
base,155,Teal Velocity,false,,Deion Jones,
base,155,Wave,false,,Deion Jones,
base,155,Aqua,false,,Deion Jones,
base,155,Printing Plate Black,false,,Deion Jones,
base,156,White Sparkle,false,,Michael Vick,
base,156,Black,false,,Michael Vick,
base,156,Black Pandora,false,,Michael Vick,
base,156,Blue,false,,Michael Vick,
base,156,Blue Hyper,false,,Michael Vick,
base,156,Blue Scope,false,,Michael Vick,
base,156,Bronze,false,,Michael Vick,
base,156,Fire,false,,Michael Vick,
base,156,Freedom,false,,Michael Vick,
base,156,Gold,false,,Michael Vick,
base,156,Gold Vinyl,false,,Michael Vick,
base,156,Green,false,,Michael Vick,
base,156,Green Velocity,false,,Michael Vick,
base,156,Holo,false,,Michael Vick,
base,156,Holo Variation,false,,Michael Vick,
base,156,Ice,false,,Michael Vick,
base,156,Lime Green,false,,Michael Vick,
base,156,One Hundred,false,,Michael Vick,
base,156,Orange,false,,Michael Vick,
base,156,Orange Scope,false,,Michael Vick,
base,156,Pink,false,,Michael Vick,
base,156,Pink Velocity,false,,Michael Vick,
base,156,Purple,false,,Michael Vick,
base,156,Purple Shock,false,,Michael Vick,
base,156,Purple Stars,false,,Michael Vick,
base,156,Purple Velocity,false,,Michael Vick,
base,156,Red,false,,Michael Vick,
base,156,Red Hyper,false,,Michael Vick,
base,156,Red Mojo,false,,Michael Vick,
base,156,Red Stars,false,,Michael Vick,
base,156,Rocket,false,,Michael Vick,
base,156,Silver Circles,false,,Michael Vick,
base,156,Stars,false,,Michael Vick,
base,156,Teal Velocity,false,,Michael Vick,
base,156,Wave,false,,Michael Vick,
base,156,Aqua,false,,Michael Vick,
base,156,Printing Plate Black,false,,Michael Vick,
auto-rookie-gridiron-kings-autographs,RGK-9,Gold Vinyl,true,,Kyle Pitts,
auto-rookie-gridiron-kings-autographs,RGK-9,Purple Stars,true,,Kyle Pitts,
base,129,White Sparkle,false,,J.K. Dobbins,
base,129,Black,false,,J.K. Dobbins,
base,129,Black Pandora,false,,J.K. Dobbins,
base,129,Blue,false,,J.K. Dobbins,
base,129,Blue Hyper,false,,J.K. Dobbins,
base,129,Blue Scope,false,,J.K. Dobbins,
base,129,Bronze,false,,J.K. Dobbins,
base,129,Fire,false,,J.K. Dobbins,
base,129,Freedom,false,,J.K. Dobbins,
base,129,Gold,false,,J.K. Dobbins,
base,129,Gold Vinyl,false,,J.K. Dobbins,
base,129,Green,false,,J.K. Dobbins,
base,129,Green Velocity,false,,J.K. Dobbins,
base,129,Holo,false,,J.K. Dobbins,
base,129,Holo Variation,false,,J.K. Dobbins,
base,129,Ice,false,,J.K. Dobbins,
base,129,Lime Green,false,,J.K. Dobbins,
base,129,One Hundred,false,,J.K. Dobbins,
base,129,Orange,false,,J.K. Dobbins,
base,129,Orange Scope,false,,J.K. Dobbins,
base,129,Pink,false,,J.K. Dobbins,
base,129,Pink Velocity,false,,J.K. Dobbins,
base,129,Purple,false,,J.K. Dobbins,
base,129,Purple Shock,false,,J.K. Dobbins,
base,129,Purple Stars,false,,J.K. Dobbins,
base,129,Purple Velocity,false,,J.K. Dobbins,
base,129,Red,false,,J.K. Dobbins,
base,129,Red Hyper,false,,J.K. Dobbins,
base,129,Red Mojo,false,,J.K. Dobbins,
base,129,Red Stars,false,,J.K. Dobbins,
base,129,Rocket,false,,J.K. Dobbins,
base,129,Silver Circles,false,,J.K. Dobbins,
base,129,Stars,false,,J.K. Dobbins,
base,129,Teal Velocity,false,,J.K. Dobbins,
base,129,Wave,false,,J.K. Dobbins,
base,129,Aqua,false,,J.K. Dobbins,
base,129,Printing Plate Black,false,,J.K. Dobbins,
base,128,White Sparkle,false,,Lamar Jackson,
base,128,Black,false,,Lamar Jackson,
base,128,Black Pandora,false,,Lamar Jackson,
base,128,Blue,false,,Lamar Jackson,
base,128,Blue Hyper,false,,Lamar Jackson,
base,128,Blue Scope,false,,Lamar Jackson,
base,128,Bronze,false,,Lamar Jackson,
base,128,Fire,false,,Lamar Jackson,
base,128,Freedom,false,,Lamar Jackson,
base,128,Gold,false,,Lamar Jackson,
base,128,Gold Vinyl,false,,Lamar Jackson,
base,128,Green,false,,Lamar Jackson,
base,128,Green Velocity,false,,Lamar Jackson,
base,128,Holo,false,,Lamar Jackson,
base,128,Holo Variation,false,,Lamar Jackson,
base,128,Ice,false,,Lamar Jackson,
base,128,Lime Green,false,,Lamar Jackson,
base,128,One Hundred,false,,Lamar Jackson,
base,128,Orange,false,,Lamar Jackson,
base,128,Orange Scope,false,,Lamar Jackson,
base,128,Pink,false,,Lamar Jackson,
base,128,Pink Velocity,false,,Lamar Jackson,
base,128,Purple,false,,Lamar Jackson,
base,128,Purple Shock,false,,Lamar Jackson,
base,128,Purple Stars,false,,Lamar Jackson,
base,128,Purple Velocity,false,,Lamar Jackson,
base,128,Red,false,,Lamar Jackson,
base,128,Red Hyper,false,,Lamar Jackson,
base,128,Red Mojo,false,,Lamar Jackson,
base,128,Red Stars,false,,Lamar Jackson,
base,128,Rocket,false,,Lamar Jackson,
base,128,Silver Circles,false,,Lamar Jackson,
base,128,Stars,false,,Lamar Jackson,
base,128,Teal Velocity,false,,Lamar Jackson,
base,128,Wave,false,,Lamar Jackson,
base,128,Aqua,false,,Lamar Jackson,
base,128,Printing Plate Black,false,,Lamar Jackson,
base,127,White Sparkle,false,,Mark Andrews,
base,127,Black,false,,Mark Andrews,
base,127,Black Pandora,false,,Mark Andrews,
base,127,Blue,false,,Mark Andrews,
base,127,Blue Hyper,false,,Mark Andrews,
base,127,Blue Scope,false,,Mark Andrews,
base,127,Bronze,false,,Mark Andrews,
base,127,Fire,false,,Mark Andrews,
base,127,Freedom,false,,Mark Andrews,
base,127,Gold,false,,Mark Andrews,
base,127,Gold Vinyl,false,,Mark Andrews,
base,127,Green,false,,Mark Andrews,
base,127,Green Velocity,false,,Mark Andrews,
base,127,Holo,false,,Mark Andrews,
base,127,Holo Variation,false,,Mark Andrews,
base,127,Ice,false,,Mark Andrews,
base,127,Lime Green,false,,Mark Andrews,
base,127,One Hundred,false,,Mark Andrews,
base,127,Orange,false,,Mark Andrews,
base,127,Orange Scope,false,,Mark Andrews,
base,127,Pink,false,,Mark Andrews,
base,127,Pink Velocity,false,,Mark Andrews,
base,127,Purple,false,,Mark Andrews,
base,127,Purple Shock,false,,Mark Andrews,
base,127,Purple Stars,false,,Mark Andrews,
base,127,Purple Velocity,false,,Mark Andrews,
base,127,Red,false,,Mark Andrews,
base,127,Red Hyper,false,,Mark Andrews,
base,127,Red Mojo,false,,Mark Andrews,
base,127,Red Stars,false,,Mark Andrews,
base,127,Rocket,false,,Mark Andrews,
base,127,Silver Circles,false,,Mark Andrews,
base,127,Stars,false,,Mark Andrews,
base,127,Teal Velocity,false,,Mark Andrews,
base,127,Wave,false,,Mark Andrews,
base,127,Aqua,false,,Mark Andrews,
base,127,Printing Plate Black,false,,Mark Andrews,
base,126,White Sparkle,false,,Marquise Brown,
base,126,Black,false,,Marquise Brown,
base,126,Black Pandora,false,,Marquise Brown,
base,126,Blue,false,,Marquise Brown,
base,126,Blue Hyper,false,,Marquise Brown,
base,126,Blue Scope,false,,Marquise Brown,
base,126,Bronze,false,,Marquise Brown,
base,126,Fire,false,,Marquise Brown,
base,126,Freedom,false,,Marquise Brown,
base,126,Gold,false,,Marquise Brown,
base,126,Gold Vinyl,false,,Marquise Brown,
base,126,Green,false,,Marquise Brown,
base,126,Green Velocity,false,,Marquise Brown,
base,126,Holo,false,,Marquise Brown,
base,126,Holo Variation,false,,Marquise Brown,
base,126,Ice,false,,Marquise Brown,
base,126,Lime Green,false,,Marquise Brown,
base,126,One Hundred,false,,Marquise Brown,
base,126,Orange,false,,Marquise Brown,
base,126,Orange Scope,false,,Marquise Brown,
base,126,Pink,false,,Marquise Brown,
base,126,Pink Velocity,false,,Marquise Brown,
base,126,Purple,false,,Marquise Brown,
base,126,Purple Shock,false,,Marquise Brown,
base,126,Purple Stars,false,,Marquise Brown,
base,126,Purple Velocity,false,,Marquise Brown,
base,126,Red,false,,Marquise Brown,
base,126,Red Hyper,false,,Marquise Brown,
base,126,Red Mojo,false,,Marquise Brown,
base,126,Red Stars,false,,Marquise Brown,
base,126,Rocket,false,,Marquise Brown,
base,126,Silver Circles,false,,Marquise Brown,
base,126,Stars,false,,Marquise Brown,
base,126,Teal Velocity,false,,Marquise Brown,
base,126,Wave,false,,Marquise Brown,
base,126,Aqua,false,,Marquise Brown,
base,126,Printing Plate Black,false,,Marquise Brown,
base,226,White Sparkle,false,,Tylan Wallace,
base,226,Black,false,,Tylan Wallace,
base,226,Black Pandora,false,,Tylan Wallace,
base,226,Blue,false,,Tylan Wallace,
base,226,Blue Hyper,false,,Tylan Wallace,
base,226,Blue Scope,false,,Tylan Wallace,
base,226,Bronze,false,,Tylan Wallace,
base,226,Fire,false,,Tylan Wallace,
base,226,Freedom,false,,Tylan Wallace,
base,226,Gold,false,,Tylan Wallace,
base,226,Gold Vinyl,false,,Tylan Wallace,
base,226,Green,false,,Tylan Wallace,
base,226,Green Velocity,false,,Tylan Wallace,
base,226,Holo,false,,Tylan Wallace,
base,226,Holo Variation,false,,Tylan Wallace,
base,226,Ice,false,,Tylan Wallace,
base,226,Lime Green,false,,Tylan Wallace,
base,226,One Hundred,false,,Tylan Wallace,
base,226,Orange,false,,Tylan Wallace,
base,226,Orange Scope,false,,Tylan Wallace,
base,226,Pink,false,,Tylan Wallace,
base,226,Pink Velocity,false,,Tylan Wallace,
base,226,Purple,false,,Tylan Wallace,
base,226,Purple Shock,false,,Tylan Wallace,
base,226,Purple Stars,false,,Tylan Wallace,
base,226,Purple Velocity,false,,Tylan Wallace,
base,226,Red,false,,Tylan Wallace,
base,226,Red Hyper,false,,Tylan Wallace,
base,226,Red Mojo,false,,Tylan Wallace,
base,226,Red Stars,false,,Tylan Wallace,
base,226,Rocket,false,,Tylan Wallace,
base,226,Silver Circles,false,,Tylan Wallace,
base,226,Stars,false,,Tylan Wallace,
base,226,Teal Velocity,false,,Tylan Wallace,
base,226,Wave,false,,Tylan Wallace,
base,226,Aqua,false,,Tylan Wallace,
base,226,Printing Plate Black,false,,Tylan Wallace,
insert-donruss-threads,TH-6,Red,false,,J.K. Dobbins,
insert-donruss-threads,TH-6,Blue Hyper,false,,J.K. Dobbins,
insert-donruss-threads,TH-6,Gold Vinyl,false,,J.K. Dobbins,
insert-donruss-threads,TH-6,Prime,false,,J.K. Dobbins,
insert-rookie-phenoms-horizontal,RPH-10,Blue Hyper,false,,Rashod Bateman,
insert-rookie-phenoms-horizontal,RPH-10,Prime,false,,Rashod Bateman,
insert-rookie-phenoms-horizontal,RPH-10,Red,false,,Rashod Bateman,
insert-rookie-phenoms-horizontal,RPH-10,Gold Vinyl,false,,Rashod Bateman,
auto-the-elite-series-rookies-autographs,ESR-9,Purple Stars,true,,Rashod Bateman,
auto-the-elite-series-rookies-autographs,ESR-9,Gold Vinyl,true,,Rashod Bateman,
auto-rated-rookies-autographs,258,Holo,true,,Odafe Oweh,
auto-rated-rookies-autographs,258,Pink Velocity,true,,Odafe Oweh,
auto-rated-rookies-autographs,258,Black Pandora,true,,Odafe Oweh,
auto-rated-rookies-autographs,258,Blue,true,,Odafe Oweh,
auto-rated-rookies-autographs,258,Red Hyper,true,,Odafe Oweh,
auto-rated-rookies-autographs,258,Red,true,,Odafe Oweh,
auto-rated-rookies-autographs,258,Purple Stars,true,,Odafe Oweh,
auto-rated-rookies-autographs,258,Purple,true,,Odafe Oweh,
auto-rated-rookies-autographs,258,Bronze,true,,Odafe Oweh,
auto-rated-rookies-autographs,258,Gold,true,,Odafe Oweh,
auto-rated-rookies-autographs,258,Green,true,,Odafe Oweh,
auto-rated-rookies-autographs,258,Gold Vinyl,true,,Odafe Oweh,
insert-white-hot-rookies,WHR-5,Black Pandora,false,,Rashod Bateman,
insert-white-hot-rookies,WHR-5,Gold,false,,Rashod Bateman,
insert-white-hot-rookies,WHR-5,Gold Vinyl,false,,Rashod Bateman,
insert-white-hot-rookies,WHR-5,Purple Stars,false,,Rashod Bateman,
auto-rated-rookies-rps-autographs,226,Gold Vinyl,true,,Tylan Wallace,
auto-rated-rookies-rps-autographs,226,Red Hyper,true,,Tylan Wallace,
auto-rated-rookies-rps-autographs,226,Red,true,,Tylan Wallace,
auto-rated-rookies-rps-autographs,226,Purple Stars,true,,Tylan Wallace,
auto-rated-rookies-rps-autographs,226,Purple,true,,Tylan Wallace,
auto-rated-rookies-rps-autographs,226,Pink Velocity,true,,Tylan Wallace,
auto-rated-rookies-rps-autographs,226,Holo,true,,Tylan Wallace,
auto-rated-rookies-rps-autographs,226,Green,true,,Tylan Wallace,
auto-rated-rookies-rps-autographs,226,Gold,true,,Tylan Wallace,
auto-rated-rookies-rps-autographs,226,Bronze,true,,Tylan Wallace,
auto-rated-rookies-rps-autographs,226,Blue,true,,Tylan Wallace,
auto-rated-rookies-rps-autographs,226,Black Pandora,true,,Tylan Wallace,
auto-rated-rookies-rps-autographs,210,Gold Vinyl,true,,Rashod Bateman,
auto-rated-rookies-rps-autographs,210,Red Hyper,true,,Rashod Bateman,
auto-rated-rookies-rps-autographs,210,Red,true,,Rashod Bateman,
auto-rated-rookies-rps-autographs,210,Purple Stars,true,,Rashod Bateman,
auto-rated-rookies-rps-autographs,210,Purple,true,,Rashod Bateman,
auto-rated-rookies-rps-autographs,210,Pink Velocity,true,,Rashod Bateman,
auto-rated-rookies-rps-autographs,210,Holo,true,,Rashod Bateman,
auto-rated-rookies-rps-autographs,210,Green,true,,Rashod Bateman,
auto-rated-rookies-rps-autographs,210,Gold,true,,Rashod Bateman,
auto-rated-rookies-rps-autographs,210,Bronze,true,,Rashod Bateman,
auto-rated-rookies-rps-autographs,210,Blue,true,,Rashod Bateman,
auto-rated-rookies-rps-autographs,210,Black Pandora,true,,Rashod Bateman,
base,210,White Sparkle,false,,Rashod Bateman,
base,210,Black,false,,Rashod Bateman,
base,210,Black Pandora,false,,Rashod Bateman,
base,210,Blue,false,,Rashod Bateman,
base,210,Blue Hyper,false,,Rashod Bateman,
base,210,Blue Scope,false,,Rashod Bateman,
base,210,Bronze,false,,Rashod Bateman,
base,210,Fire,false,,Rashod Bateman,
base,210,Freedom,false,,Rashod Bateman,
base,210,Gold,false,,Rashod Bateman,
base,210,Gold Vinyl,false,,Rashod Bateman,
base,210,Green,false,,Rashod Bateman,
base,210,Green Velocity,false,,Rashod Bateman,
base,210,Holo,false,,Rashod Bateman,
base,210,Holo Variation,false,,Rashod Bateman,
base,210,Ice,false,,Rashod Bateman,
base,210,Lime Green,false,,Rashod Bateman,
base,210,One Hundred,false,,Rashod Bateman,
base,210,Orange,false,,Rashod Bateman,
base,210,Orange Scope,false,,Rashod Bateman,
base,210,Pink,false,,Rashod Bateman,
base,210,Pink Velocity,false,,Rashod Bateman,
base,210,Purple,false,,Rashod Bateman,
base,210,Purple Shock,false,,Rashod Bateman,
base,210,Purple Stars,false,,Rashod Bateman,
base,210,Purple Velocity,false,,Rashod Bateman,
base,210,Red,false,,Rashod Bateman,
base,210,Red Hyper,false,,Rashod Bateman,
base,210,Red Mojo,false,,Rashod Bateman,
base,210,Red Stars,false,,Rashod Bateman,
base,210,Rocket,false,,Rashod Bateman,
base,210,Silver Circles,false,,Rashod Bateman,
base,210,Stars,false,,Rashod Bateman,
base,210,Teal Velocity,false,,Rashod Bateman,
base,210,Wave,false,,Rashod Bateman,
base,210,Aqua,false,,Rashod Bateman,
base,210,Printing Plate Black,false,,Rashod Bateman,
insert-the-elite-series-rookies,ESR-9,Gold Vinyl,false,,Rashod Bateman,
insert-the-elite-series-rookies,ESR-9,Purple Stars,false,,Rashod Bateman,
insert-the-elite-series-rookies,ESR-9,Gold,false,,Rashod Bateman,
insert-the-elite-series-rookies,ESR-9,Black Pandora,false,,Rashod Bateman,
auto-rookie-patch-autographs,RPA-RB,Gold Vinyl,true,,Rashod Bateman,
insert-rookie-phenoms,RP-10,Prime,false,,Rashod Bateman,
insert-rookie-phenoms,RP-10,Blue Hyper,false,,Rashod Bateman,
insert-rookie-phenoms,RP-10,Gold Vinyl,false,,Rashod Bateman,
insert-rookie-phenoms,RP-10,Red,false,,Rashod Bateman,
insert-downtown,DT-9,Gold Vinyl,false,,Lamar Jackson,
insert-downtown,DT-9,Gold,false,,Lamar Jackson,
insert-downtown,DT-9,Black Pandora,false,,Lamar Jackson,
insert-downtown,DT-9,White Sparkle,false,,Lamar Jackson,
auto-rookie-dual-autographs,RDA-BW,Gold Vinyl,true,,Tylan Wallace,
insert-my-house,MH-9,Black Pandora,false,,Lamar Jackson,
insert-my-house,MH-9,Gold,false,,Lamar Jackson,
insert-my-house,MH-9,Gold Vinyl,false,,Lamar Jackson,
insert-my-house,MH-9,Purple Stars,false,,Lamar Jackson,
base,258,White Sparkle,false,,Odafe Oweh,
base,258,Black,false,,Odafe Oweh,
base,258,Black Pandora,false,,Odafe Oweh,
base,258,Blue,false,,Odafe Oweh,
base,258,Blue Hyper,false,,Odafe Oweh,
base,258,Blue Scope,false,,Odafe Oweh,
base,258,Bronze,false,,Odafe Oweh,
base,258,Fire,false,,Odafe Oweh,
base,258,Freedom,false,,Odafe Oweh,
base,258,Gold,false,,Odafe Oweh,
base,258,Gold Vinyl,false,,Odafe Oweh,
base,258,Green,false,,Odafe Oweh,
base,258,Green Velocity,false,,Odafe Oweh,
base,258,Holo,false,,Odafe Oweh,
base,258,Holo Variation,false,,Odafe Oweh,
base,258,Ice,false,,Odafe Oweh,
base,258,Lime Green,false,,Odafe Oweh,
base,258,One Hundred,false,,Odafe Oweh,
base,258,Orange,false,,Odafe Oweh,
base,258,Orange Scope,false,,Odafe Oweh,
base,258,Pink,false,,Odafe Oweh,
base,258,Pink Velocity,false,,Odafe Oweh,
base,258,Purple,false,,Odafe Oweh,
base,258,Purple Shock,false,,Odafe Oweh,
base,258,Purple Stars,false,,Odafe Oweh,
base,258,Purple Velocity,false,,Odafe Oweh,
base,258,Red,false,,Odafe Oweh,
base,258,Red Hyper,false,,Odafe Oweh,
base,258,Red Mojo,false,,Odafe Oweh,
base,258,Red Stars,false,,Odafe Oweh,
base,258,Rocket,false,,Odafe Oweh,
base,258,Silver Circles,false,,Odafe Oweh,
base,258,Stars,false,,Odafe Oweh,
base,258,Teal Velocity,false,,Odafe Oweh,
base,258,Wave,false,,Odafe Oweh,
base,258,Aqua,false,,Odafe Oweh,
base,258,Printing Plate Black,false,,Odafe Oweh,
auto-rookie-dual-autographs,RDA-BW,Gold Vinyl,true,,Rashod Bateman,
insert-rookie-kings,RK-10,Gold,false,,Rashod Bateman,
insert-rookie-kings,RK-10,Gold Vinyl,false,,Rashod Bateman,
insert-rookie-kings,RK-10,White Sparkle,false,,Rashod Bateman,
insert-rookie-kings,RK-10,Black Pandora,false,,Rashod Bateman,
insert-rookie-phenoms,RP-26,Prime,false,,Tylan Wallace,
insert-rookie-phenoms,RP-26,Blue Hyper,false,,Tylan Wallace,
insert-rookie-phenoms,RP-26,Gold Vinyl,false,,Tylan Wallace,
insert-rookie-phenoms,RP-26,Red,false,,Tylan Wallace,
insert-gifted-rookies,GR-10,Gold Vinyl,false,,Rashod Bateman,
insert-gifted-rookies,GR-10,Gold,false,,Rashod Bateman,
insert-gifted-rookies,GR-10,Black Pandora,false,,Rashod Bateman,
insert-gifted-rookies,GR-10,Purple Stars,false,,Rashod Bateman,
auto-legendary-patch-autographs,LPA-ER,Gold Vinyl,true,,Ed Reed,
auto-rookie-patch-autographs,RPA-TW,Gold Vinyl,true,,Tylan Wallace,
insert-rookie-phenoms-horizontal,RPH-26,Blue Hyper,false,,Tylan Wallace,
insert-rookie-phenoms-horizontal,RPH-26,Prime,false,,Tylan Wallace,
insert-rookie-phenoms-horizontal,RPH-26,Red,false,,Tylan Wallace,
insert-rookie-phenoms-horizontal,RPH-26,Gold Vinyl,false,,Tylan Wallace,
base,131,White Sparkle,false,,Ray Lewis,
base,131,Black,false,,Ray Lewis,
base,131,Black Pandora,false,,Ray Lewis,
base,131,Blue,false,,Ray Lewis,
base,131,Blue Hyper,false,,Ray Lewis,
base,131,Blue Scope,false,,Ray Lewis,
base,131,Bronze,false,,Ray Lewis,
base,131,Fire,false,,Ray Lewis,
base,131,Freedom,false,,Ray Lewis,
base,131,Gold,false,,Ray Lewis,
base,131,Gold Vinyl,false,,Ray Lewis,
base,131,Green,false,,Ray Lewis,
base,131,Green Velocity,false,,Ray Lewis,
base,131,Holo,false,,Ray Lewis,
base,131,Holo Variation,false,,Ray Lewis,
base,131,Ice,false,,Ray Lewis,
base,131,Lime Green,false,,Ray Lewis,
base,131,One Hundred,false,,Ray Lewis,
base,131,Orange,false,,Ray Lewis,
base,131,Orange Scope,false,,Ray Lewis,
base,131,Pink,false,,Ray Lewis,
base,131,Pink Velocity,false,,Ray Lewis,
base,131,Purple,false,,Ray Lewis,
base,131,Purple Shock,false,,Ray Lewis,
base,131,Purple Stars,false,,Ray Lewis,
base,131,Purple Velocity,false,,Ray Lewis,
base,131,Red,false,,Ray Lewis,
base,131,Red Hyper,false,,Ray Lewis,
base,131,Red Mojo,false,,Ray Lewis,
base,131,Red Stars,false,,Ray Lewis,
base,131,Rocket,false,,Ray Lewis,
base,131,Silver Circles,false,,Ray Lewis,
base,131,Stars,false,,Ray Lewis,
base,131,Teal Velocity,false,,Ray Lewis,
base,131,Wave,false,,Ray Lewis,
base,131,Aqua,false,,Ray Lewis,
base,131,Printing Plate Black,false,,Ray Lewis,
base,130,White Sparkle,false,,Patrick Queen,
base,130,Black,false,,Patrick Queen,
base,130,Black Pandora,false,,Patrick Queen,
base,130,Blue,false,,Patrick Queen,
base,130,Blue Hyper,false,,Patrick Queen,
base,130,Blue Scope,false,,Patrick Queen,
base,130,Bronze,false,,Patrick Queen,
base,130,Fire,false,,Patrick Queen,
base,130,Freedom,false,,Patrick Queen,
base,130,Gold,false,,Patrick Queen,
base,130,Gold Vinyl,false,,Patrick Queen,
base,130,Green,false,,Patrick Queen,
base,130,Green Velocity,false,,Patrick Queen,
base,130,Holo,false,,Patrick Queen,
base,130,Holo Variation,false,,Patrick Queen,
base,130,Ice,false,,Patrick Queen,
base,130,Lime Green,false,,Patrick Queen,
base,130,One Hundred,false,,Patrick Queen,
base,130,Orange,false,,Patrick Queen,
base,130,Orange Scope,false,,Patrick Queen,
base,130,Pink,false,,Patrick Queen,
base,130,Pink Velocity,false,,Patrick Queen,
base,130,Purple,false,,Patrick Queen,
base,130,Purple Shock,false,,Patrick Queen,
base,130,Purple Stars,false,,Patrick Queen,
base,130,Purple Velocity,false,,Patrick Queen,
base,130,Red,false,,Patrick Queen,
base,130,Red Hyper,false,,Patrick Queen,
base,130,Red Mojo,false,,Patrick Queen,
base,130,Red Stars,false,,Patrick Queen,
base,130,Rocket,false,,Patrick Queen,
base,130,Silver Circles,false,,Patrick Queen,
base,130,Stars,false,,Patrick Queen,
base,130,Teal Velocity,false,,Patrick Queen,
base,130,Wave,false,,Patrick Queen,
base,130,Aqua,false,,Patrick Queen,
base,130,Printing Plate Black,false,,Patrick Queen,
insert-retro-series,RS-ER,Gold,false,,Ed Reed,
insert-retro-series,RS-ER,Black Pandora,false,,Ed Reed,
insert-retro-series,RS-ER,Gold Vinyl,false,,Ed Reed,
insert-retro-series,RS-ER,Purple Stars,false,,Ed Reed,
base,56,White Sparkle,false,,Jim Kelly,
base,56,Black,false,,Jim Kelly,
base,56,Black Pandora,false,,Jim Kelly,
base,56,Blue,false,,Jim Kelly,
base,56,Blue Hyper,false,,Jim Kelly,
base,56,Blue Scope,false,,Jim Kelly,
base,56,Bronze,false,,Jim Kelly,
base,56,Fire,false,,Jim Kelly,
base,56,Freedom,false,,Jim Kelly,
base,56,Gold,false,,Jim Kelly,
base,56,Gold Vinyl,false,,Jim Kelly,
base,56,Green,false,,Jim Kelly,
base,56,Green Velocity,false,,Jim Kelly,
base,56,Holo,false,,Jim Kelly,
base,56,Holo Variation,false,,Jim Kelly,
base,56,Ice,false,,Jim Kelly,
base,56,Lime Green,false,,Jim Kelly,
base,56,One Hundred,false,,Jim Kelly,
base,56,Orange,false,,Jim Kelly,
base,56,Orange Scope,false,,Jim Kelly,
base,56,Pink,false,,Jim Kelly,
base,56,Pink Velocity,false,,Jim Kelly,
base,56,Purple,false,,Jim Kelly,
base,56,Purple Shock,false,,Jim Kelly,
base,56,Purple Stars,false,,Jim Kelly,
base,56,Purple Velocity,false,,Jim Kelly,
base,56,Red,false,,Jim Kelly,
base,56,Red Hyper,false,,Jim Kelly,
base,56,Red Mojo,false,,Jim Kelly,
base,56,Red Stars,false,,Jim Kelly,
base,56,Rocket,false,,Jim Kelly,
base,56,Silver Circles,false,,Jim Kelly,
base,56,Stars,false,,Jim Kelly,
base,56,Teal Velocity,false,,Jim Kelly,
base,56,Wave,false,,Jim Kelly,
base,56,Aqua,false,,Jim Kelly,
base,56,Printing Plate Black,false,,Jim Kelly,
insert-downtown,DT-1,Gold Vinyl,false,,Josh Allen,
insert-downtown,DT-1,Gold,false,,Josh Allen,
insert-downtown,DT-1,Black Pandora,false,,Josh Allen,
insert-downtown,DT-1,White Sparkle,false,,Josh Allen,
base,277,White Sparkle,false,,"Carlos ""Boogie"" Basham",
base,277,Black,false,,"Carlos ""Boogie"" Basham",
base,277,Black Pandora,false,,"Carlos ""Boogie"" Basham",
base,277,Blue,false,,"Carlos ""Boogie"" Basham",
base,277,Blue Hyper,false,,"Carlos ""Boogie"" Basham",
base,277,Blue Scope,false,,"Carlos ""Boogie"" Basham",
base,277,Bronze,false,,"Carlos ""Boogie"" Basham",
base,277,Fire,false,,"Carlos ""Boogie"" Basham",
base,277,Freedom,false,,"Carlos ""Boogie"" Basham",
base,277,Gold,false,,"Carlos ""Boogie"" Basham",
base,277,Gold Vinyl,false,,"Carlos ""Boogie"" Basham",
base,277,Green,false,,"Carlos ""Boogie"" Basham",
base,277,Green Velocity,false,,"Carlos ""Boogie"" Basham",
base,277,Holo,false,,"Carlos ""Boogie"" Basham",
base,277,Holo Variation,false,,"Carlos ""Boogie"" Basham",
base,277,Ice,false,,"Carlos ""Boogie"" Basham",
base,277,Lime Green,false,,"Carlos ""Boogie"" Basham",
base,277,One Hundred,false,,"Carlos ""Boogie"" Basham",
base,277,Orange,false,,"Carlos ""Boogie"" Basham",
base,277,Orange Scope,false,,"Carlos ""Boogie"" Basham",
base,277,Pink,false,,"Carlos ""Boogie"" Basham",
base,277,Pink Velocity,false,,"Carlos ""Boogie"" Basham",
base,277,Purple,false,,"Carlos ""Boogie"" Basham",
base,277,Purple Shock,false,,"Carlos ""Boogie"" Basham",
base,277,Purple Stars,false,,"Carlos ""Boogie"" Basham",
base,277,Purple Velocity,false,,"Carlos ""Boogie"" Basham",
base,277,Red,false,,"Carlos ""Boogie"" Basham",
base,277,Red Hyper,false,,"Carlos ""Boogie"" Basham",
base,277,Red Mojo,false,,"Carlos ""Boogie"" Basham",
base,277,Red Stars,false,,"Carlos ""Boogie"" Basham",
base,277,Rocket,false,,"Carlos ""Boogie"" Basham",
base,277,Silver Circles,false,,"Carlos ""Boogie"" Basham",
base,277,Stars,false,,"Carlos ""Boogie"" Basham",
base,277,Teal Velocity,false,,"Carlos ""Boogie"" Basham",
base,277,Wave,false,,"Carlos ""Boogie"" Basham",
base,277,Aqua,false,,"Carlos ""Boogie"" Basham",
base,277,Printing Plate Black,false,,"Carlos ""Boogie"" Basham",
insert-mythical,MY-6,White Sparkle,false,,Josh Allen,
insert-mythical,MY-6,Gold,false,,Josh Allen,
insert-mythical,MY-6,Black Pandora,false,,Josh Allen,
insert-mythical,MY-6,Gold Vinyl,false,,Josh Allen,
insert-my-house,MH-8,Black Pandora,false,,Josh Allen,
insert-my-house,MH-8,Gold,false,,Josh Allen,
insert-my-house,MH-8,Gold Vinyl,false,,Josh Allen,
insert-my-house,MH-8,Purple Stars,false,,Josh Allen,
insert-dominators,DM-SD,Gold Vinyl,false,,Stefon Diggs,
insert-dominators,DM-SD,Gold,false,,Stefon Diggs,
insert-dominators,DM-SD,Black Pandora,false,,Stefon Diggs,
insert-dominators,DM-SD,Purple Stars,false,,Stefon Diggs,
auto-rated-rookies-autographs,277,Holo,true,,"Carlos ""Boogie"" Basham",
auto-rated-rookies-autographs,277,Pink Velocity,true,,"Carlos ""Boogie"" Basham",
auto-rated-rookies-autographs,277,Black Pandora,true,,"Carlos ""Boogie"" Basham",
auto-rated-rookies-autographs,277,Blue,true,,"Carlos ""Boogie"" Basham",
auto-rated-rookies-autographs,277,Red Hyper,true,,"Carlos ""Boogie"" Basham",
auto-rated-rookies-autographs,277,Red,true,,"Carlos ""Boogie"" Basham",
auto-rated-rookies-autographs,277,Purple Stars,true,,"Carlos ""Boogie"" Basham",
auto-rated-rookies-autographs,277,Purple,true,,"Carlos ""Boogie"" Basham",
auto-rated-rookies-autographs,277,Bronze,true,,"Carlos ""Boogie"" Basham",
auto-rated-rookies-autographs,277,Gold,true,,"Carlos ""Boogie"" Basham",
auto-rated-rookies-autographs,277,Green,true,,"Carlos ""Boogie"" Basham",
auto-rated-rookies-autographs,277,Gold Vinyl,true,,"Carlos ""Boogie"" Basham",
insert-mythical,MY-17,White Sparkle,false,,Stefon Diggs,
insert-mythical,MY-17,Gold,false,,Stefon Diggs,
insert-mythical,MY-17,Black Pandora,false,,Stefon Diggs,
insert-mythical,MY-17,Gold Vinyl,false,,Stefon Diggs,
insert-legendary-logos,LL-20,Gold Vinyl,false,,Josh Allen,
insert-legendary-logos,LL-20,Gold,false,,Josh Allen,
insert-legendary-logos,LL-20,Black Pandora,false,,Josh Allen,
insert-legendary-logos,LL-20,Purple Stars,false,,Josh Allen,
base,253,White Sparkle,false,,Greg Rousseau,
base,253,Black,false,,Greg Rousseau,
base,253,Black Pandora,false,,Greg Rousseau,
base,253,Blue,false,,Greg Rousseau,
base,253,Blue Hyper,false,,Greg Rousseau,
base,253,Blue Scope,false,,Greg Rousseau,
base,253,Bronze,false,,Greg Rousseau,
base,253,Fire,false,,Greg Rousseau,
base,253,Freedom,false,,Greg Rousseau,
base,253,Gold,false,,Greg Rousseau,
base,253,Gold Vinyl,false,,Greg Rousseau,
base,253,Green,false,,Greg Rousseau,
base,253,Green Velocity,false,,Greg Rousseau,
base,253,Holo,false,,Greg Rousseau,
base,253,Holo Variation,false,,Greg Rousseau,
base,253,Ice,false,,Greg Rousseau,
base,253,Lime Green,false,,Greg Rousseau,
base,253,One Hundred,false,,Greg Rousseau,
base,253,Orange,false,,Greg Rousseau,
base,253,Orange Scope,false,,Greg Rousseau,
base,253,Pink,false,,Greg Rousseau,
base,253,Pink Velocity,false,,Greg Rousseau,
base,253,Purple,false,,Greg Rousseau,
base,253,Purple Shock,false,,Greg Rousseau,
base,253,Purple Stars,false,,Greg Rousseau,
base,253,Purple Velocity,false,,Greg Rousseau,
base,253,Red,false,,Greg Rousseau,
base,253,Red Hyper,false,,Greg Rousseau,
base,253,Red Mojo,false,,Greg Rousseau,
base,253,Red Stars,false,,Greg Rousseau,
base,253,Rocket,false,,Greg Rousseau,
base,253,Silver Circles,false,,Greg Rousseau,
base,253,Stars,false,,Greg Rousseau,
base,253,Teal Velocity,false,,Greg Rousseau,
base,253,Wave,false,,Greg Rousseau,
base,253,Aqua,false,,Greg Rousseau,
base,253,Printing Plate Black,false,,Greg Rousseau,
auto-rated-rookies-autographs,253,Holo,true,,Greg Rousseau,
auto-rated-rookies-autographs,253,Pink Velocity,true,,Greg Rousseau,
auto-rated-rookies-autographs,253,Black Pandora,true,,Greg Rousseau,
auto-rated-rookies-autographs,253,Blue,true,,Greg Rousseau,
auto-rated-rookies-autographs,253,Red Hyper,true,,Greg Rousseau,
auto-rated-rookies-autographs,253,Red,true,,Greg Rousseau,
auto-rated-rookies-autographs,253,Purple Stars,true,,Greg Rousseau,
auto-rated-rookies-autographs,253,Purple,true,,Greg Rousseau,
auto-rated-rookies-autographs,253,Bronze,true,,Greg Rousseau,
auto-rated-rookies-autographs,253,Gold,true,,Greg Rousseau,
auto-rated-rookies-autographs,253,Green,true,,Greg Rousseau,
auto-rated-rookies-autographs,253,Gold Vinyl,true,,Greg Rousseau,
base,51,White Sparkle,false,,Stefon Diggs,
base,51,Black,false,,Stefon Diggs,
base,51,Black Pandora,false,,Stefon Diggs,
base,51,Blue,false,,Stefon Diggs,
base,51,Blue Hyper,false,,Stefon Diggs,
base,51,Blue Scope,false,,Stefon Diggs,
base,51,Bronze,false,,Stefon Diggs,
base,51,Fire,false,,Stefon Diggs,
base,51,Freedom,false,,Stefon Diggs,
base,51,Gold,false,,Stefon Diggs,
base,51,Gold Vinyl,false,,Stefon Diggs,
base,51,Green,false,,Stefon Diggs,
base,51,Green Velocity,false,,Stefon Diggs,
base,51,Holo,false,,Stefon Diggs,
base,51,Holo Variation,false,,Stefon Diggs,
base,51,Ice,false,,Stefon Diggs,
base,51,Lime Green,false,,Stefon Diggs,
base,51,One Hundred,false,,Stefon Diggs,
base,51,Orange,false,,Stefon Diggs,
base,51,Orange Scope,false,,Stefon Diggs,
base,51,Pink,false,,Stefon Diggs,
base,51,Pink Velocity,false,,Stefon Diggs,
base,51,Purple,false,,Stefon Diggs,
base,51,Purple Shock,false,,Stefon Diggs,
base,51,Purple Stars,false,,Stefon Diggs,
base,51,Purple Velocity,false,,Stefon Diggs,
base,51,Red,false,,Stefon Diggs,
base,51,Red Hyper,false,,Stefon Diggs,
base,51,Red Mojo,false,,Stefon Diggs,
base,51,Red Stars,false,,Stefon Diggs,
base,51,Rocket,false,,Stefon Diggs,
base,51,Silver Circles,false,,Stefon Diggs,
base,51,Stars,false,,Stefon Diggs,
base,51,Teal Velocity,false,,Stefon Diggs,
base,51,Wave,false,,Stefon Diggs,
base,51,Aqua,false,,Stefon Diggs,
base,51,Printing Plate Black,false,,Stefon Diggs,
base,52,White Sparkle,false,,Cole Beasley,
base,52,Black,false,,Cole Beasley,
base,52,Black Pandora,false,,Cole Beasley,
base,52,Blue,false,,Cole Beasley,
base,52,Blue Hyper,false,,Cole Beasley,
base,52,Blue Scope,false,,Cole Beasley,
base,52,Bronze,false,,Cole Beasley,
base,52,Fire,false,,Cole Beasley,
base,52,Freedom,false,,Cole Beasley,
base,52,Gold,false,,Cole Beasley,
base,52,Gold Vinyl,false,,Cole Beasley,
base,52,Green,false,,Cole Beasley,
base,52,Green Velocity,false,,Cole Beasley,
base,52,Holo,false,,Cole Beasley,
base,52,Holo Variation,false,,Cole Beasley,
base,52,Ice,false,,Cole Beasley,
base,52,Lime Green,false,,Cole Beasley,
base,52,One Hundred,false,,Cole Beasley,
base,52,Orange,false,,Cole Beasley,
base,52,Orange Scope,false,,Cole Beasley,
base,52,Pink,false,,Cole Beasley,
base,52,Pink Velocity,false,,Cole Beasley,
base,52,Purple,false,,Cole Beasley,
base,52,Purple Shock,false,,Cole Beasley,
base,52,Purple Stars,false,,Cole Beasley,
base,52,Purple Velocity,false,,Cole Beasley,
base,52,Red,false,,Cole Beasley,
base,52,Red Hyper,false,,Cole Beasley,
base,52,Red Mojo,false,,Cole Beasley,
base,52,Red Stars,false,,Cole Beasley,
base,52,Rocket,false,,Cole Beasley,
base,52,Silver Circles,false,,Cole Beasley,
base,52,Stars,false,,Cole Beasley,
base,52,Teal Velocity,false,,Cole Beasley,
base,52,Wave,false,,Cole Beasley,
base,52,Aqua,false,,Cole Beasley,
base,52,Printing Plate Black,false,,Cole Beasley,
base,53,White Sparkle,false,,Josh Allen,
base,53,Black,false,,Josh Allen,
base,53,Black Pandora,false,,Josh Allen,
base,53,Blue,false,,Josh Allen,
base,53,Blue Hyper,false,,Josh Allen,
base,53,Blue Scope,false,,Josh Allen,
base,53,Bronze,false,,Josh Allen,
base,53,Fire,false,,Josh Allen,
base,53,Freedom,false,,Josh Allen,
base,53,Gold,false,,Josh Allen,
base,53,Gold Vinyl,false,,Josh Allen,
base,53,Green,false,,Josh Allen,
base,53,Green Velocity,false,,Josh Allen,
base,53,Holo,false,,Josh Allen,
base,53,Holo Variation,false,,Josh Allen,
base,53,Ice,false,,Josh Allen,
base,53,Lime Green,false,,Josh Allen,
base,53,One Hundred,false,,Josh Allen,
base,53,Orange,false,,Josh Allen,
base,53,Orange Scope,false,,Josh Allen,
base,53,Pink,false,,Josh Allen,
base,53,Pink Velocity,false,,Josh Allen,
base,53,Purple,false,,Josh Allen,
base,53,Purple Shock,false,,Josh Allen,
base,53,Purple Stars,false,,Josh Allen,
base,53,Purple Velocity,false,,Josh Allen,
base,53,Red,false,,Josh Allen,
base,53,Red Hyper,false,,Josh Allen,
base,53,Red Mojo,false,,Josh Allen,
base,53,Red Stars,false,,Josh Allen,
base,53,Rocket,false,,Josh Allen,
base,53,Silver Circles,false,,Josh Allen,
base,53,Stars,false,,Josh Allen,
base,53,Teal Velocity,false,,Josh Allen,
base,53,Wave,false,,Josh Allen,
base,53,Aqua,false,,Josh Allen,
base,53,Printing Plate Black,false,,Josh Allen,
base,54,White Sparkle,false,,Devin Singletary,
base,54,Black,false,,Devin Singletary,
base,54,Black Pandora,false,,Devin Singletary,
base,54,Blue,false,,Devin Singletary,
base,54,Blue Hyper,false,,Devin Singletary,
base,54,Blue Scope,false,,Devin Singletary,
base,54,Bronze,false,,Devin Singletary,
base,54,Fire,false,,Devin Singletary,
base,54,Freedom,false,,Devin Singletary,
base,54,Gold,false,,Devin Singletary,
base,54,Gold Vinyl,false,,Devin Singletary,
base,54,Green,false,,Devin Singletary,
base,54,Green Velocity,false,,Devin Singletary,
base,54,Holo,false,,Devin Singletary,
base,54,Holo Variation,false,,Devin Singletary,
base,54,Ice,false,,Devin Singletary,
base,54,Lime Green,false,,Devin Singletary,
base,54,One Hundred,false,,Devin Singletary,
base,54,Orange,false,,Devin Singletary,
base,54,Orange Scope,false,,Devin Singletary,
base,54,Pink,false,,Devin Singletary,
base,54,Pink Velocity,false,,Devin Singletary,
base,54,Purple,false,,Devin Singletary,
base,54,Purple Shock,false,,Devin Singletary,
base,54,Purple Stars,false,,Devin Singletary,
base,54,Purple Velocity,false,,Devin Singletary,
base,54,Red,false,,Devin Singletary,
base,54,Red Hyper,false,,Devin Singletary,
base,54,Red Mojo,false,,Devin Singletary,
base,54,Red Stars,false,,Devin Singletary,
base,54,Rocket,false,,Devin Singletary,
base,54,Silver Circles,false,,Devin Singletary,
base,54,Stars,false,,Devin Singletary,
base,54,Teal Velocity,false,,Devin Singletary,
base,54,Wave,false,,Devin Singletary,
base,54,Aqua,false,,Devin Singletary,
base,54,Printing Plate Black,false,,Devin Singletary,
base,55,White Sparkle,false,,Jordan Poyer,
base,55,Black,false,,Jordan Poyer,
base,55,Black Pandora,false,,Jordan Poyer,
base,55,Blue,false,,Jordan Poyer,
base,55,Blue Hyper,false,,Jordan Poyer,
base,55,Blue Scope,false,,Jordan Poyer,
base,55,Bronze,false,,Jordan Poyer,
base,55,Fire,false,,Jordan Poyer,
base,55,Freedom,false,,Jordan Poyer,
base,55,Gold,false,,Jordan Poyer,
base,55,Gold Vinyl,false,,Jordan Poyer,
base,55,Green,false,,Jordan Poyer,
base,55,Green Velocity,false,,Jordan Poyer,
base,55,Holo,false,,Jordan Poyer,
base,55,Holo Variation,false,,Jordan Poyer,
base,55,Ice,false,,Jordan Poyer,
base,55,Lime Green,false,,Jordan Poyer,
base,55,One Hundred,false,,Jordan Poyer,
base,55,Orange,false,,Jordan Poyer,
base,55,Orange Scope,false,,Jordan Poyer,
base,55,Pink,false,,Jordan Poyer,
base,55,Pink Velocity,false,,Jordan Poyer,
base,55,Purple,false,,Jordan Poyer,
base,55,Purple Shock,false,,Jordan Poyer,
base,55,Purple Stars,false,,Jordan Poyer,
base,55,Purple Velocity,false,,Jordan Poyer,
base,55,Red,false,,Jordan Poyer,
base,55,Red Hyper,false,,Jordan Poyer,
base,55,Red Mojo,false,,Jordan Poyer,
base,55,Red Stars,false,,Jordan Poyer,
base,55,Rocket,false,,Jordan Poyer,
base,55,Silver Circles,false,,Jordan Poyer,
base,55,Stars,false,,Jordan Poyer,
base,55,Teal Velocity,false,,Jordan Poyer,
base,55,Wave,false,,Jordan Poyer,
base,55,Aqua,false,,Jordan Poyer,
base,55,Printing Plate Black,false,,Jordan Poyer,
auto-rated-rookies-autographs,257,Holo,true,,Marquez Stevenson,
auto-rated-rookies-autographs,257,Pink Velocity,true,,Marquez Stevenson,
auto-rated-rookies-autographs,257,Black Pandora,true,,Marquez Stevenson,
auto-rated-rookies-autographs,257,Blue,true,,Marquez Stevenson,
auto-rated-rookies-autographs,257,Red Hyper,true,,Marquez Stevenson,
auto-rated-rookies-autographs,257,Red,true,,Marquez Stevenson,
auto-rated-rookies-autographs,257,Purple Stars,true,,Marquez Stevenson,
auto-rated-rookies-autographs,257,Purple,true,,Marquez Stevenson,
auto-rated-rookies-autographs,257,Bronze,true,,Marquez Stevenson,
auto-rated-rookies-autographs,257,Gold,true,,Marquez Stevenson,
auto-rated-rookies-autographs,257,Green,true,,Marquez Stevenson,
auto-rated-rookies-autographs,257,Gold Vinyl,true,,Marquez Stevenson,
base,257,White Sparkle,false,,Marquez Stevenson,
base,257,Black,false,,Marquez Stevenson,
base,257,Black Pandora,false,,Marquez Stevenson,
base,257,Blue,false,,Marquez Stevenson,
base,257,Blue Hyper,false,,Marquez Stevenson,
base,257,Blue Scope,false,,Marquez Stevenson,
base,257,Bronze,false,,Marquez Stevenson,
base,257,Fire,false,,Marquez Stevenson,
base,257,Freedom,false,,Marquez Stevenson,
base,257,Gold,false,,Marquez Stevenson,
base,257,Gold Vinyl,false,,Marquez Stevenson,
base,257,Green,false,,Marquez Stevenson,
base,257,Green Velocity,false,,Marquez Stevenson,
base,257,Holo,false,,Marquez Stevenson,
base,257,Holo Variation,false,,Marquez Stevenson,
base,257,Ice,false,,Marquez Stevenson,
base,257,Lime Green,false,,Marquez Stevenson,
base,257,One Hundred,false,,Marquez Stevenson,
base,257,Orange,false,,Marquez Stevenson,
base,257,Orange Scope,false,,Marquez Stevenson,
base,257,Pink,false,,Marquez Stevenson,
base,257,Pink Velocity,false,,Marquez Stevenson,
base,257,Purple,false,,Marquez Stevenson,
base,257,Purple Shock,false,,Marquez Stevenson,
base,257,Purple Stars,false,,Marquez Stevenson,
base,257,Purple Velocity,false,,Marquez Stevenson,
base,257,Red,false,,Marquez Stevenson,
base,257,Red Hyper,false,,Marquez Stevenson,
base,257,Red Mojo,false,,Marquez Stevenson,
base,257,Red Stars,false,,Marquez Stevenson,
base,257,Rocket,false,,Marquez Stevenson,
base,257,Silver Circles,false,,Marquez Stevenson,
base,257,Stars,false,,Marquez Stevenson,
base,257,Teal Velocity,false,,Marquez Stevenson,
base,257,Wave,false,,Marquez Stevenson,
base,257,Aqua,false,,Marquez Stevenson,
base,257,Printing Plate Black,false,,Marquez Stevenson,
auto-rookie-dual-autographs,RDA-MH,Gold Vinyl,true,,Terrace Marshall Jr.,
insert-the-elite-series-rookies,ESR-14,Gold Vinyl,false,,Terrace Marshall Jr.,
insert-the-elite-series-rookies,ESR-14,Purple Stars,false,,Terrace Marshall Jr.,
insert-the-elite-series-rookies,ESR-14,Gold,false,,Terrace Marshall Jr.,
insert-the-elite-series-rookies,ESR-14,Black Pandora,false,,Terrace Marshall Jr.,
auto-the-elite-series-rookies-autographs,ESR-14,Purple Stars,true,,Terrace Marshall Jr.,
auto-the-elite-series-rookies-autographs,ESR-14,Gold Vinyl,true,,Terrace Marshall Jr.,
auto-rated-rookies-rps-autographs,218,Gold Vinyl,true,,Terrace Marshall Jr.,
auto-rated-rookies-rps-autographs,218,Red Hyper,true,,Terrace Marshall Jr.,
auto-rated-rookies-rps-autographs,218,Red,true,,Terrace Marshall Jr.,
auto-rated-rookies-rps-autographs,218,Purple Stars,true,,Terrace Marshall Jr.,
auto-rated-rookies-rps-autographs,218,Purple,true,,Terrace Marshall Jr.,
auto-rated-rookies-rps-autographs,218,Pink Velocity,true,,Terrace Marshall Jr.,
auto-rated-rookies-rps-autographs,218,Holo,true,,Terrace Marshall Jr.,
auto-rated-rookies-rps-autographs,218,Green,true,,Terrace Marshall Jr.,
auto-rated-rookies-rps-autographs,218,Gold,true,,Terrace Marshall Jr.,
auto-rated-rookies-rps-autographs,218,Bronze,true,,Terrace Marshall Jr.,
auto-rated-rookies-rps-autographs,218,Blue,true,,Terrace Marshall Jr.,
auto-rated-rookies-rps-autographs,218,Black Pandora,true,,Terrace Marshall Jr.,
base,282,White Sparkle,false,,Tommy Tremble,
base,282,Black,false,,Tommy Tremble,
base,282,Black Pandora,false,,Tommy Tremble,
base,282,Blue,false,,Tommy Tremble,
base,282,Blue Hyper,false,,Tommy Tremble,
base,282,Blue Scope,false,,Tommy Tremble,
base,282,Bronze,false,,Tommy Tremble,
base,282,Fire,false,,Tommy Tremble,
base,282,Freedom,false,,Tommy Tremble,
base,282,Gold,false,,Tommy Tremble,
base,282,Gold Vinyl,false,,Tommy Tremble,
base,282,Green,false,,Tommy Tremble,
base,282,Green Velocity,false,,Tommy Tremble,
base,282,Holo,false,,Tommy Tremble,
base,282,Holo Variation,false,,Tommy Tremble,
base,282,Ice,false,,Tommy Tremble,
base,282,Lime Green,false,,Tommy Tremble,
base,282,One Hundred,false,,Tommy Tremble,
base,282,Orange,false,,Tommy Tremble,
base,282,Orange Scope,false,,Tommy Tremble,
base,282,Pink,false,,Tommy Tremble,
base,282,Pink Velocity,false,,Tommy Tremble,
base,282,Purple,false,,Tommy Tremble,
base,282,Purple Shock,false,,Tommy Tremble,
base,282,Purple Stars,false,,Tommy Tremble,
base,282,Purple Velocity,false,,Tommy Tremble,
base,282,Red,false,,Tommy Tremble,
base,282,Red Hyper,false,,Tommy Tremble,
base,282,Red Mojo,false,,Tommy Tremble,
base,282,Red Stars,false,,Tommy Tremble,
base,282,Rocket,false,,Tommy Tremble,
base,282,Silver Circles,false,,Tommy Tremble,
base,282,Stars,false,,Tommy Tremble,
base,282,Teal Velocity,false,,Tommy Tremble,
base,282,Wave,false,,Tommy Tremble,
base,282,Aqua,false,,Tommy Tremble,
base,282,Printing Plate Black,false,,Tommy Tremble,
base,218,White Sparkle,false,,Terrace Marshall Jr.,
base,218,Black,false,,Terrace Marshall Jr.,
base,218,Black Pandora,false,,Terrace Marshall Jr.,
base,218,Blue,false,,Terrace Marshall Jr.,
base,218,Blue Hyper,false,,Terrace Marshall Jr.,
base,218,Blue Scope,false,,Terrace Marshall Jr.,
base,218,Bronze,false,,Terrace Marshall Jr.,
base,218,Fire,false,,Terrace Marshall Jr.,
base,218,Freedom,false,,Terrace Marshall Jr.,
base,218,Gold,false,,Terrace Marshall Jr.,
base,218,Gold Vinyl,false,,Terrace Marshall Jr.,
base,218,Green,false,,Terrace Marshall Jr.,
base,218,Green Velocity,false,,Terrace Marshall Jr.,
base,218,Holo,false,,Terrace Marshall Jr.,
base,218,Holo Variation,false,,Terrace Marshall Jr.,
base,218,Ice,false,,Terrace Marshall Jr.,
base,218,Lime Green,false,,Terrace Marshall Jr.,
base,218,One Hundred,false,,Terrace Marshall Jr.,
base,218,Orange,false,,Terrace Marshall Jr.,
base,218,Orange Scope,false,,Terrace Marshall Jr.,
base,218,Pink,false,,Terrace Marshall Jr.,
base,218,Pink Velocity,false,,Terrace Marshall Jr.,
base,218,Purple,false,,Terrace Marshall Jr.,
base,218,Purple Shock,false,,Terrace Marshall Jr.,
base,218,Purple Stars,false,,Terrace Marshall Jr.,
base,218,Purple Velocity,false,,Terrace Marshall Jr.,
base,218,Red,false,,Terrace Marshall Jr.,
base,218,Red Hyper,false,,Terrace Marshall Jr.,
base,218,Red Mojo,false,,Terrace Marshall Jr.,
base,218,Red Stars,false,,Terrace Marshall Jr.,
base,218,Rocket,false,,Terrace Marshall Jr.,
base,218,Silver Circles,false,,Terrace Marshall Jr.,
base,218,Stars,false,,Terrace Marshall Jr.,
base,218,Teal Velocity,false,,Terrace Marshall Jr.,
base,218,Wave,false,,Terrace Marshall Jr.,
base,218,Aqua,false,,Terrace Marshall Jr.,
base,218,Printing Plate Black,false,,Terrace Marshall Jr.,
insert-mythical,MY-11,White Sparkle,false,,Christian McCaffrey,
insert-mythical,MY-11,Gold,false,,Christian McCaffrey,
insert-mythical,MY-11,Black Pandora,false,,Christian McCaffrey,
insert-mythical,MY-11,Gold Vinyl,false,,Christian McCaffrey,
auto-rookie-patch-autographs,RPA-CH,Gold Vinyl,true,,Chuba Hubbard,
base,243,White Sparkle,false,,Jaycee Horn,
base,243,Black,false,,Jaycee Horn,
base,243,Black Pandora,false,,Jaycee Horn,
base,243,Blue,false,,Jaycee Horn,
base,243,Blue Hyper,false,,Jaycee Horn,
base,243,Blue Scope,false,,Jaycee Horn,
base,243,Bronze,false,,Jaycee Horn,
base,243,Fire,false,,Jaycee Horn,
base,243,Freedom,false,,Jaycee Horn,
base,243,Gold,false,,Jaycee Horn,
base,243,Gold Vinyl,false,,Jaycee Horn,
base,243,Green,false,,Jaycee Horn,
base,243,Green Velocity,false,,Jaycee Horn,
base,243,Holo,false,,Jaycee Horn,
base,243,Holo Variation,false,,Jaycee Horn,
base,243,Ice,false,,Jaycee Horn,
base,243,Lime Green,false,,Jaycee Horn,
base,243,One Hundred,false,,Jaycee Horn,
base,243,Orange,false,,Jaycee Horn,
base,243,Orange Scope,false,,Jaycee Horn,
base,243,Pink,false,,Jaycee Horn,
base,243,Pink Velocity,false,,Jaycee Horn,
base,243,Purple,false,,Jaycee Horn,
base,243,Purple Shock,false,,Jaycee Horn,
base,243,Purple Stars,false,,Jaycee Horn,
base,243,Purple Velocity,false,,Jaycee Horn,
base,243,Red,false,,Jaycee Horn,
base,243,Red Hyper,false,,Jaycee Horn,
base,243,Red Mojo,false,,Jaycee Horn,
base,243,Red Stars,false,,Jaycee Horn,
base,243,Rocket,false,,Jaycee Horn,
base,243,Silver Circles,false,,Jaycee Horn,
base,243,Stars,false,,Jaycee Horn,
base,243,Teal Velocity,false,,Jaycee Horn,
base,243,Wave,false,,Jaycee Horn,
base,243,Aqua,false,,Jaycee Horn,
base,243,Printing Plate Black,false,,Jaycee Horn,
insert-globall,GB-14,Purple Stars,false,,Chuba Hubbard,
insert-globall,GB-14,Gold,false,,Chuba Hubbard,
insert-globall,GB-14,Black Pandora,false,,Chuba Hubbard,
insert-globall,GB-14,Gold Vinyl,false,,Chuba Hubbard,
auto-rookie-patch-autographs,RPA-TM,Gold Vinyl,true,,Terrace Marshall Jr.,
auto-rookie-dual-autographs,RDA-MH,Gold Vinyl,true,,Chuba Hubbard,
insert-white-hot-rookies,WHR-9,Black Pandora,false,,Terrace Marshall Jr.,
insert-white-hot-rookies,WHR-9,Gold,false,,Terrace Marshall Jr.,
insert-white-hot-rookies,WHR-9,Gold Vinyl,false,,Terrace Marshall Jr.,
insert-white-hot-rookies,WHR-9,Purple Stars,false,,Terrace Marshall Jr.,
insert-gifted-rookies,GR-18,Gold Vinyl,false,,Terrace Marshall Jr.,
insert-gifted-rookies,GR-18,Gold,false,,Terrace Marshall Jr.,
insert-gifted-rookies,GR-18,Black Pandora,false,,Terrace Marshall Jr.,
insert-gifted-rookies,GR-18,Purple Stars,false,,Terrace Marshall Jr.,
insert-rookie-phenoms-horizontal,RPH-18,Blue Hyper,false,,Terrace Marshall Jr.,
insert-rookie-phenoms-horizontal,RPH-18,Prime,false,,Terrace Marshall Jr.,
insert-rookie-phenoms-horizontal,RPH-18,Red,false,,Terrace Marshall Jr.,
insert-rookie-phenoms-horizontal,RPH-18,Gold Vinyl,false,,Terrace Marshall Jr.,
auto-rated-rookies-autographs,282,Holo,true,,Tommy Tremble,
auto-rated-rookies-autographs,282,Pink Velocity,true,,Tommy Tremble,
auto-rated-rookies-autographs,282,Black Pandora,true,,Tommy Tremble,
auto-rated-rookies-autographs,282,Blue,true,,Tommy Tremble,
auto-rated-rookies-autographs,282,Red Hyper,true,,Tommy Tremble,
auto-rated-rookies-autographs,282,Red,true,,Tommy Tremble,
auto-rated-rookies-autographs,282,Purple Stars,true,,Tommy Tremble,
auto-rated-rookies-autographs,282,Purple,true,,Tommy Tremble,
auto-rated-rookies-autographs,282,Bronze,true,,Tommy Tremble,
auto-rated-rookies-autographs,282,Gold,true,,Tommy Tremble,
auto-rated-rookies-autographs,282,Green,true,,Tommy Tremble,
auto-rated-rookies-autographs,282,Gold Vinyl,true,,Tommy Tremble,
insert-rookie-phenoms,RP-18,Prime,false,,Terrace Marshall Jr.,
insert-rookie-phenoms,RP-18,Blue Hyper,false,,Terrace Marshall Jr.,
insert-rookie-phenoms,RP-18,Gold Vinyl,false,,Terrace Marshall Jr.,
insert-rookie-phenoms,RP-18,Red,false,,Terrace Marshall Jr.,
auto-rated-rookies-rps-autographs,225,Gold Vinyl,true,,Chuba Hubbard,
auto-rated-rookies-rps-autographs,225,Red Hyper,true,,Chuba Hubbard,
auto-rated-rookies-rps-autographs,225,Red,true,,Chuba Hubbard,
auto-rated-rookies-rps-autographs,225,Purple Stars,true,,Chuba Hubbard,
auto-rated-rookies-rps-autographs,225,Purple,true,,Chuba Hubbard,
auto-rated-rookies-rps-autographs,225,Pink Velocity,true,,Chuba Hubbard,
auto-rated-rookies-rps-autographs,225,Holo,true,,Chuba Hubbard,
auto-rated-rookies-rps-autographs,225,Green,true,,Chuba Hubbard,
auto-rated-rookies-rps-autographs,225,Gold,true,,Chuba Hubbard,
auto-rated-rookies-rps-autographs,225,Bronze,true,,Chuba Hubbard,
auto-rated-rookies-rps-autographs,225,Blue,true,,Chuba Hubbard,
auto-rated-rookies-rps-autographs,225,Black Pandora,true,,Chuba Hubbard,
insert-rising-suns,RS-9,Purple Stars,false,,Jaycee Horn,
insert-rising-suns,RS-9,Gold,false,,Jaycee Horn,
insert-rising-suns,RS-9,Gold Vinyl,false,,Jaycee Horn,
insert-rising-suns,RS-9,Black Pandora,false,,Jaycee Horn,
base,162,White Sparkle,false,,Jeremy Chinn,
base,162,Black,false,,Jeremy Chinn,
base,162,Black Pandora,false,,Jeremy Chinn,
base,162,Blue,false,,Jeremy Chinn,
base,162,Blue Hyper,false,,Jeremy Chinn,
base,162,Blue Scope,false,,Jeremy Chinn,
base,162,Bronze,false,,Jeremy Chinn,
base,162,Fire,false,,Jeremy Chinn,
base,162,Freedom,false,,Jeremy Chinn,
base,162,Gold,false,,Jeremy Chinn,
base,162,Gold Vinyl,false,,Jeremy Chinn,
base,162,Green,false,,Jeremy Chinn,
base,162,Green Velocity,false,,Jeremy Chinn,
base,162,Holo,false,,Jeremy Chinn,
base,162,Holo Variation,false,,Jeremy Chinn,
base,162,Ice,false,,Jeremy Chinn,
base,162,Lime Green,false,,Jeremy Chinn,
base,162,One Hundred,false,,Jeremy Chinn,
base,162,Orange,false,,Jeremy Chinn,
base,162,Orange Scope,false,,Jeremy Chinn,
base,162,Pink,false,,Jeremy Chinn,
base,162,Pink Velocity,false,,Jeremy Chinn,
base,162,Purple,false,,Jeremy Chinn,
base,162,Purple Shock,false,,Jeremy Chinn,
base,162,Purple Stars,false,,Jeremy Chinn,
base,162,Purple Velocity,false,,Jeremy Chinn,
base,162,Red,false,,Jeremy Chinn,
base,162,Red Hyper,false,,Jeremy Chinn,
base,162,Red Mojo,false,,Jeremy Chinn,
base,162,Red Stars,false,,Jeremy Chinn,
base,162,Rocket,false,,Jeremy Chinn,
base,162,Silver Circles,false,,Jeremy Chinn,
base,162,Stars,false,,Jeremy Chinn,
base,162,Teal Velocity,false,,Jeremy Chinn,
base,162,Wave,false,,Jeremy Chinn,
base,162,Aqua,false,,Jeremy Chinn,
base,162,Printing Plate Black,false,,Jeremy Chinn,
insert-rising-suns,RS-6,Purple Stars,false,,Christian McCaffrey,
insert-rising-suns,RS-6,Gold,false,,Christian McCaffrey,
insert-rising-suns,RS-6,Gold Vinyl,false,,Christian McCaffrey,
insert-rising-suns,RS-6,Black Pandora,false,,Christian McCaffrey,
base,161,White Sparkle,false,,Yetur Gross-Matos,
base,161,Black,false,,Yetur Gross-Matos,
base,161,Black Pandora,false,,Yetur Gross-Matos,
base,161,Blue,false,,Yetur Gross-Matos,
base,161,Blue Hyper,false,,Yetur Gross-Matos,
base,161,Blue Scope,false,,Yetur Gross-Matos,
base,161,Bronze,false,,Yetur Gross-Matos,
base,161,Fire,false,,Yetur Gross-Matos,
base,161,Freedom,false,,Yetur Gross-Matos,
base,161,Gold,false,,Yetur Gross-Matos,
base,161,Gold Vinyl,false,,Yetur Gross-Matos,
base,161,Green,false,,Yetur Gross-Matos,
base,161,Green Velocity,false,,Yetur Gross-Matos,
base,161,Holo,false,,Yetur Gross-Matos,
base,161,Holo Variation,false,,Yetur Gross-Matos,
base,161,Ice,false,,Yetur Gross-Matos,
base,161,Lime Green,false,,Yetur Gross-Matos,
base,161,One Hundred,false,,Yetur Gross-Matos,
base,161,Orange,false,,Yetur Gross-Matos,
base,161,Orange Scope,false,,Yetur Gross-Matos,
base,161,Pink,false,,Yetur Gross-Matos,
base,161,Pink Velocity,false,,Yetur Gross-Matos,
base,161,Purple,false,,Yetur Gross-Matos,
base,161,Purple Shock,false,,Yetur Gross-Matos,
base,161,Purple Stars,false,,Yetur Gross-Matos,
base,161,Purple Velocity,false,,Yetur Gross-Matos,
base,161,Red,false,,Yetur Gross-Matos,
base,161,Red Hyper,false,,Yetur Gross-Matos,
base,161,Red Mojo,false,,Yetur Gross-Matos,
base,161,Red Stars,false,,Yetur Gross-Matos,
base,161,Rocket,false,,Yetur Gross-Matos,
base,161,Silver Circles,false,,Yetur Gross-Matos,
base,161,Stars,false,,Yetur Gross-Matos,
base,161,Teal Velocity,false,,Yetur Gross-Matos,
base,161,Wave,false,,Yetur Gross-Matos,
base,161,Aqua,false,,Yetur Gross-Matos,
base,161,Printing Plate Black,false,,Yetur Gross-Matos,
base,225,White Sparkle,false,,Chuba Hubbard,
base,225,Black,false,,Chuba Hubbard,
base,225,Black Pandora,false,,Chuba Hubbard,
base,225,Blue,false,,Chuba Hubbard,
base,225,Blue Hyper,false,,Chuba Hubbard,
base,225,Blue Scope,false,,Chuba Hubbard,
base,225,Bronze,false,,Chuba Hubbard,
base,225,Fire,false,,Chuba Hubbard,
base,225,Freedom,false,,Chuba Hubbard,
base,225,Gold,false,,Chuba Hubbard,
base,225,Gold Vinyl,false,,Chuba Hubbard,
base,225,Green,false,,Chuba Hubbard,
base,225,Green Velocity,false,,Chuba Hubbard,
base,225,Holo,false,,Chuba Hubbard,
base,225,Holo Variation,false,,Chuba Hubbard,
base,225,Ice,false,,Chuba Hubbard,
base,225,Lime Green,false,,Chuba Hubbard,
base,225,One Hundred,false,,Chuba Hubbard,
base,225,Orange,false,,Chuba Hubbard,
base,225,Orange Scope,false,,Chuba Hubbard,
base,225,Pink,false,,Chuba Hubbard,
base,225,Pink Velocity,false,,Chuba Hubbard,
base,225,Purple,false,,Chuba Hubbard,
base,225,Purple Shock,false,,Chuba Hubbard,
base,225,Purple Stars,false,,Chuba Hubbard,
base,225,Purple Velocity,false,,Chuba Hubbard,
base,225,Red,false,,Chuba Hubbard,
base,225,Red Hyper,false,,Chuba Hubbard,
base,225,Red Mojo,false,,Chuba Hubbard,
base,225,Red Stars,false,,Chuba Hubbard,
base,225,Rocket,false,,Chuba Hubbard,
base,225,Silver Circles,false,,Chuba Hubbard,
base,225,Stars,false,,Chuba Hubbard,
base,225,Teal Velocity,false,,Chuba Hubbard,
base,225,Wave,false,,Chuba Hubbard,
base,225,Aqua,false,,Chuba Hubbard,
base,225,Printing Plate Black,false,,Chuba Hubbard,
base,160,White Sparkle,false,,Christian McCaffrey,
base,160,Black,false,,Christian McCaffrey,
base,160,Black Pandora,false,,Christian McCaffrey,
base,160,Blue,false,,Christian McCaffrey,
base,160,Blue Hyper,false,,Christian McCaffrey,
base,160,Blue Scope,false,,Christian McCaffrey,
base,160,Bronze,false,,Christian McCaffrey,
base,160,Fire,false,,Christian McCaffrey,
base,160,Freedom,false,,Christian McCaffrey,
base,160,Gold,false,,Christian McCaffrey,
base,160,Gold Vinyl,false,,Christian McCaffrey,
base,160,Green,false,,Christian McCaffrey,
base,160,Green Velocity,false,,Christian McCaffrey,
base,160,Holo,false,,Christian McCaffrey,
base,160,Holo Variation,false,,Christian McCaffrey,
base,160,Ice,false,,Christian McCaffrey,
base,160,Lime Green,false,,Christian McCaffrey,
base,160,One Hundred,false,,Christian McCaffrey,
base,160,Orange,false,,Christian McCaffrey,
base,160,Orange Scope,false,,Christian McCaffrey,
base,160,Pink,false,,Christian McCaffrey,
base,160,Pink Velocity,false,,Christian McCaffrey,
base,160,Purple,false,,Christian McCaffrey,
base,160,Purple Shock,false,,Christian McCaffrey,
base,160,Purple Stars,false,,Christian McCaffrey,
base,160,Purple Velocity,false,,Christian McCaffrey,
base,160,Red,false,,Christian McCaffrey,
base,160,Red Hyper,false,,Christian McCaffrey,
base,160,Red Mojo,false,,Christian McCaffrey,
base,160,Red Stars,false,,Christian McCaffrey,
base,160,Rocket,false,,Christian McCaffrey,
base,160,Silver Circles,false,,Christian McCaffrey,
base,160,Stars,false,,Christian McCaffrey,
base,160,Teal Velocity,false,,Christian McCaffrey,
base,160,Wave,false,,Christian McCaffrey,
base,160,Aqua,false,,Christian McCaffrey,
base,160,Printing Plate Black,false,,Christian McCaffrey,
base,159,White Sparkle,false,,Sam Darnold,
base,159,Black,false,,Sam Darnold,
base,159,Black Pandora,false,,Sam Darnold,
base,159,Blue,false,,Sam Darnold,
base,159,Blue Hyper,false,,Sam Darnold,
base,159,Blue Scope,false,,Sam Darnold,
base,159,Bronze,false,,Sam Darnold,
base,159,Fire,false,,Sam Darnold,
base,159,Freedom,false,,Sam Darnold,
base,159,Gold,false,,Sam Darnold,
base,159,Gold Vinyl,false,,Sam Darnold,
base,159,Green,false,,Sam Darnold,
base,159,Green Velocity,false,,Sam Darnold,
base,159,Holo,false,,Sam Darnold,
base,159,Holo Variation,false,,Sam Darnold,
base,159,Ice,false,,Sam Darnold,
base,159,Lime Green,false,,Sam Darnold,
base,159,One Hundred,false,,Sam Darnold,
base,159,Orange,false,,Sam Darnold,
base,159,Orange Scope,false,,Sam Darnold,
base,159,Pink,false,,Sam Darnold,
base,159,Pink Velocity,false,,Sam Darnold,
base,159,Purple,false,,Sam Darnold,
base,159,Purple Shock,false,,Sam Darnold,
base,159,Purple Stars,false,,Sam Darnold,
base,159,Purple Velocity,false,,Sam Darnold,
base,159,Red,false,,Sam Darnold,
base,159,Red Hyper,false,,Sam Darnold,
base,159,Red Mojo,false,,Sam Darnold,
base,159,Red Stars,false,,Sam Darnold,
base,159,Rocket,false,,Sam Darnold,
base,159,Silver Circles,false,,Sam Darnold,
base,159,Stars,false,,Sam Darnold,
base,159,Teal Velocity,false,,Sam Darnold,
base,159,Wave,false,,Sam Darnold,
base,159,Aqua,false,,Sam Darnold,
base,159,Printing Plate Black,false,,Sam Darnold,
base,158,White Sparkle,false,,Robby Anderson,
base,158,Black,false,,Robby Anderson,
base,158,Black Pandora,false,,Robby Anderson,
base,158,Blue,false,,Robby Anderson,
base,158,Blue Hyper,false,,Robby Anderson,
base,158,Blue Scope,false,,Robby Anderson,
base,158,Bronze,false,,Robby Anderson,
base,158,Fire,false,,Robby Anderson,
base,158,Freedom,false,,Robby Anderson,
base,158,Gold,false,,Robby Anderson,
base,158,Gold Vinyl,false,,Robby Anderson,
base,158,Green,false,,Robby Anderson,
base,158,Green Velocity,false,,Robby Anderson,
base,158,Holo,false,,Robby Anderson,
base,158,Holo Variation,false,,Robby Anderson,
base,158,Ice,false,,Robby Anderson,
base,158,Lime Green,false,,Robby Anderson,
base,158,One Hundred,false,,Robby Anderson,
base,158,Orange,false,,Robby Anderson,
base,158,Orange Scope,false,,Robby Anderson,
base,158,Pink,false,,Robby Anderson,
base,158,Pink Velocity,false,,Robby Anderson,
base,158,Purple,false,,Robby Anderson,
base,158,Purple Shock,false,,Robby Anderson,
base,158,Purple Stars,false,,Robby Anderson,
base,158,Purple Velocity,false,,Robby Anderson,
base,158,Red,false,,Robby Anderson,
base,158,Red Hyper,false,,Robby Anderson,
base,158,Red Mojo,false,,Robby Anderson,
base,158,Red Stars,false,,Robby Anderson,
base,158,Rocket,false,,Robby Anderson,
base,158,Silver Circles,false,,Robby Anderson,
base,158,Stars,false,,Robby Anderson,
base,158,Teal Velocity,false,,Robby Anderson,
base,158,Wave,false,,Robby Anderson,
base,158,Aqua,false,,Robby Anderson,
base,158,Printing Plate Black,false,,Robby Anderson,
base,157,White Sparkle,false,,DJ Moore,
base,157,Black,false,,DJ Moore,
base,157,Black Pandora,false,,DJ Moore,
base,157,Blue,false,,DJ Moore,
base,157,Blue Hyper,false,,DJ Moore,
base,157,Blue Scope,false,,DJ Moore,
base,157,Bronze,false,,DJ Moore,
base,157,Fire,false,,DJ Moore,
base,157,Freedom,false,,DJ Moore,
base,157,Gold,false,,DJ Moore,
base,157,Gold Vinyl,false,,DJ Moore,
base,157,Green,false,,DJ Moore,
base,157,Green Velocity,false,,DJ Moore,
base,157,Holo,false,,DJ Moore,
base,157,Holo Variation,false,,DJ Moore,
base,157,Ice,false,,DJ Moore,
base,157,Lime Green,false,,DJ Moore,
base,157,One Hundred,false,,DJ Moore,
base,157,Orange,false,,DJ Moore,
base,157,Orange Scope,false,,DJ Moore,
base,157,Pink,false,,DJ Moore,
base,157,Pink Velocity,false,,DJ Moore,
base,157,Purple,false,,DJ Moore,
base,157,Purple Shock,false,,DJ Moore,
base,157,Purple Stars,false,,DJ Moore,
base,157,Purple Velocity,false,,DJ Moore,
base,157,Red,false,,DJ Moore,
base,157,Red Hyper,false,,DJ Moore,
base,157,Red Mojo,false,,DJ Moore,
base,157,Red Stars,false,,DJ Moore,
base,157,Rocket,false,,DJ Moore,
base,157,Silver Circles,false,,DJ Moore,
base,157,Stars,false,,DJ Moore,
base,157,Teal Velocity,false,,DJ Moore,
base,157,Wave,false,,DJ Moore,
base,157,Aqua,false,,DJ Moore,
base,157,Printing Plate Black,false,,DJ Moore,
insert-rookie-phenoms,RP-25,Prime,false,,Chuba Hubbard,
insert-rookie-phenoms,RP-25,Blue Hyper,false,,Chuba Hubbard,
insert-rookie-phenoms,RP-25,Gold Vinyl,false,,Chuba Hubbard,
insert-rookie-phenoms,RP-25,Red,false,,Chuba Hubbard,
insert-rookie-phenoms-horizontal,RPH-25,Blue Hyper,false,,Chuba Hubbard,
insert-rookie-phenoms-horizontal,RPH-25,Prime,false,,Chuba Hubbard,
insert-rookie-phenoms-horizontal,RPH-25,Red,false,,Chuba Hubbard,
insert-rookie-phenoms-horizontal,RPH-25,Gold Vinyl,false,,Chuba Hubbard,
base,292,White Sparkle,false,,Shi Smith,
base,292,Black,false,,Shi Smith,
base,292,Black Pandora,false,,Shi Smith,
base,292,Blue,false,,Shi Smith,
base,292,Blue Hyper,false,,Shi Smith,
base,292,Blue Scope,false,,Shi Smith,
base,292,Bronze,false,,Shi Smith,
base,292,Fire,false,,Shi Smith,
base,292,Freedom,false,,Shi Smith,
base,292,Gold,false,,Shi Smith,
base,292,Gold Vinyl,false,,Shi Smith,
base,292,Green,false,,Shi Smith,
base,292,Green Velocity,false,,Shi Smith,
base,292,Holo,false,,Shi Smith,
base,292,Holo Variation,false,,Shi Smith,
base,292,Ice,false,,Shi Smith,
base,292,Lime Green,false,,Shi Smith,
base,292,One Hundred,false,,Shi Smith,
base,292,Orange,false,,Shi Smith,
base,292,Orange Scope,false,,Shi Smith,
base,292,Pink,false,,Shi Smith,
base,292,Pink Velocity,false,,Shi Smith,
base,292,Purple,false,,Shi Smith,
base,292,Purple Shock,false,,Shi Smith,
base,292,Purple Stars,false,,Shi Smith,
base,292,Purple Velocity,false,,Shi Smith,
base,292,Red,false,,Shi Smith,
base,292,Red Hyper,false,,Shi Smith,
base,292,Red Mojo,false,,Shi Smith,
base,292,Red Stars,false,,Shi Smith,
base,292,Rocket,false,,Shi Smith,
base,292,Silver Circles,false,,Shi Smith,
base,292,Stars,false,,Shi Smith,
base,292,Teal Velocity,false,,Shi Smith,
base,292,Wave,false,,Shi Smith,
base,292,Aqua,false,,Shi Smith,
base,292,Printing Plate Black,false,,Shi Smith,
insert-mythical,MY-24,White Sparkle,false,,Justin Fields,
insert-mythical,MY-24,Gold,false,,Justin Fields,
insert-mythical,MY-24,Black Pandora,false,,Justin Fields,
insert-mythical,MY-24,Gold Vinyl,false,,Justin Fields,
insert-white-hot-rookies,WHR-2,Black Pandora,false,,Justin Fields,
insert-white-hot-rookies,WHR-2,Gold,false,,Justin Fields,
insert-white-hot-rookies,WHR-2,Gold Vinyl,false,,Justin Fields,
insert-white-hot-rookies,WHR-2,Purple Stars,false,,Justin Fields,
insert-rookie-phenoms,RP-4,Prime,false,,Justin Fields,
insert-rookie-phenoms,RP-4,Blue Hyper,false,,Justin Fields,
insert-rookie-phenoms,RP-4,Gold Vinyl,false,,Justin Fields,
insert-rookie-phenoms,RP-4,Red,false,,Justin Fields,
auto-rated-rookies-autographs,293,Holo,true,,Khalil Herbert,
auto-rated-rookies-autographs,293,Pink Velocity,true,,Khalil Herbert,
auto-rated-rookies-autographs,293,Black Pandora,true,,Khalil Herbert,
auto-rated-rookies-autographs,293,Blue,true,,Khalil Herbert,
auto-rated-rookies-autographs,293,Red Hyper,true,,Khalil Herbert,
auto-rated-rookies-autographs,293,Red,true,,Khalil Herbert,
auto-rated-rookies-autographs,293,Purple Stars,true,,Khalil Herbert,
auto-rated-rookies-autographs,293,Purple,true,,Khalil Herbert,
auto-rated-rookies-autographs,293,Bronze,true,,Khalil Herbert,
auto-rated-rookies-autographs,293,Gold,true,,Khalil Herbert,
auto-rated-rookies-autographs,293,Green,true,,Khalil Herbert,
auto-rated-rookies-autographs,293,Gold Vinyl,true,,Khalil Herbert,
insert-my-house,MH-4,Black Pandora,false,,Justin Fields,
insert-my-house,MH-4,Gold,false,,Justin Fields,
insert-my-house,MH-4,Gold Vinyl,false,,Justin Fields,
insert-my-house,MH-4,Purple Stars,false,,Justin Fields,
insert-legendary-logos,LL-2,Gold Vinyl,false,,Justin Fields,
insert-legendary-logos,LL-2,Gold,false,,Justin Fields,
insert-legendary-logos,LL-2,Black Pandora,false,,Justin Fields,
insert-legendary-logos,LL-2,Purple Stars,false,,Justin Fields,
auto-the-rookies-autographs,TR-4,Gold Vinyl,true,,Justin Fields,
auto-the-rookies-autographs,TR-4,Purple Stars,true,,Justin Fields,
auto-rated-rookies-rps-autographs,204,Gold Vinyl,true,,Justin Fields,
auto-rated-rookies-rps-autographs,204,Red Hyper,true,,Justin Fields,
auto-rated-rookies-rps-autographs,204,Red,true,,Justin Fields,
auto-rated-rookies-rps-autographs,204,Purple Stars,true,,Justin Fields,
auto-rated-rookies-rps-autographs,204,Purple,true,,Justin Fields,
auto-rated-rookies-rps-autographs,204,Pink Velocity,true,,Justin Fields,
auto-rated-rookies-rps-autographs,204,Holo,true,,Justin Fields,
auto-rated-rookies-rps-autographs,204,Green,true,,Justin Fields,
auto-rated-rookies-rps-autographs,204,Gold,true,,Justin Fields,
auto-rated-rookies-rps-autographs,204,Bronze,true,,Justin Fields,
auto-rated-rookies-rps-autographs,204,Blue,true,,Justin Fields,
auto-rated-rookies-rps-autographs,204,Black Pandora,true,,Justin Fields,
insert-the-rookies,TR-4,Gold Vinyl,false,,Justin Fields,
insert-the-rookies,TR-4,Purple Stars,false,,Justin Fields,
insert-the-rookies,TR-4,Black Pandora,false,,Justin Fields,
insert-the-rookies,TR-4,Gold,false,,Justin Fields,
insert-globall,GB-9,Purple Stars,false,,Cairo Santos,
insert-globall,GB-9,Gold,false,,Cairo Santos,
insert-globall,GB-9,Black Pandora,false,,Cairo Santos,
insert-globall,GB-9,Gold Vinyl,false,,Cairo Santos,
base,76,White Sparkle,false,,Allen Robinson II,
base,76,Black,false,,Allen Robinson II,
base,76,Black Pandora,false,,Allen Robinson II,
base,76,Blue,false,,Allen Robinson II,
base,76,Blue Hyper,false,,Allen Robinson II,
base,76,Blue Scope,false,,Allen Robinson II,
base,76,Bronze,false,,Allen Robinson II,
base,76,Fire,false,,Allen Robinson II,
base,76,Freedom,false,,Allen Robinson II,
base,76,Gold,false,,Allen Robinson II,
base,76,Gold Vinyl,false,,Allen Robinson II,
base,76,Green,false,,Allen Robinson II,
base,76,Green Velocity,false,,Allen Robinson II,
base,76,Holo,false,,Allen Robinson II,
base,76,Holo Variation,false,,Allen Robinson II,
base,76,Ice,false,,Allen Robinson II,
base,76,Lime Green,false,,Allen Robinson II,
base,76,One Hundred,false,,Allen Robinson II,
base,76,Orange,false,,Allen Robinson II,
base,76,Orange Scope,false,,Allen Robinson II,
base,76,Pink,false,,Allen Robinson II,
base,76,Pink Velocity,false,,Allen Robinson II,
base,76,Purple,false,,Allen Robinson II,
base,76,Purple Shock,false,,Allen Robinson II,
base,76,Purple Stars,false,,Allen Robinson II,
base,76,Purple Velocity,false,,Allen Robinson II,
base,76,Red,false,,Allen Robinson II,
base,76,Red Hyper,false,,Allen Robinson II,
base,76,Red Mojo,false,,Allen Robinson II,
base,76,Red Stars,false,,Allen Robinson II,
base,76,Rocket,false,,Allen Robinson II,
base,76,Silver Circles,false,,Allen Robinson II,
base,76,Stars,false,,Allen Robinson II,
base,76,Teal Velocity,false,,Allen Robinson II,
base,76,Wave,false,,Allen Robinson II,
base,76,Aqua,false,,Allen Robinson II,
base,76,Printing Plate Black,false,,Allen Robinson II,
base,77,White Sparkle,false,,Darnell Mooney,
base,77,Black,false,,Darnell Mooney,
base,77,Black Pandora,false,,Darnell Mooney,
base,77,Blue,false,,Darnell Mooney,
base,77,Blue Hyper,false,,Darnell Mooney,
base,77,Blue Scope,false,,Darnell Mooney,
base,77,Bronze,false,,Darnell Mooney,
base,77,Fire,false,,Darnell Mooney,
base,77,Freedom,false,,Darnell Mooney,
base,77,Gold,false,,Darnell Mooney,
base,77,Gold Vinyl,false,,Darnell Mooney,
base,77,Green,false,,Darnell Mooney,
base,77,Green Velocity,false,,Darnell Mooney,
base,77,Holo,false,,Darnell Mooney,
base,77,Holo Variation,false,,Darnell Mooney,
base,77,Ice,false,,Darnell Mooney,
base,77,Lime Green,false,,Darnell Mooney,
base,77,One Hundred,false,,Darnell Mooney,
base,77,Orange,false,,Darnell Mooney,
base,77,Orange Scope,false,,Darnell Mooney,
base,77,Pink,false,,Darnell Mooney,
base,77,Pink Velocity,false,,Darnell Mooney,
base,77,Purple,false,,Darnell Mooney,
base,77,Purple Shock,false,,Darnell Mooney,
base,77,Purple Stars,false,,Darnell Mooney,
base,77,Purple Velocity,false,,Darnell Mooney,
base,77,Red,false,,Darnell Mooney,
base,77,Red Hyper,false,,Darnell Mooney,
base,77,Red Mojo,false,,Darnell Mooney,
base,77,Red Stars,false,,Darnell Mooney,
base,77,Rocket,false,,Darnell Mooney,
base,77,Silver Circles,false,,Darnell Mooney,
base,77,Stars,false,,Darnell Mooney,
base,77,Teal Velocity,false,,Darnell Mooney,
base,77,Wave,false,,Darnell Mooney,
base,77,Aqua,false,,Darnell Mooney,
base,77,Printing Plate Black,false,,Darnell Mooney,
base,78,White Sparkle,false,,Jimmy Graham,
base,78,Black,false,,Jimmy Graham,
base,78,Black Pandora,false,,Jimmy Graham,
base,78,Blue,false,,Jimmy Graham,
base,78,Blue Hyper,false,,Jimmy Graham,
base,78,Blue Scope,false,,Jimmy Graham,
base,78,Bronze,false,,Jimmy Graham,
base,78,Fire,false,,Jimmy Graham,
base,78,Freedom,false,,Jimmy Graham,
base,78,Gold,false,,Jimmy Graham,
base,78,Gold Vinyl,false,,Jimmy Graham,
base,78,Green,false,,Jimmy Graham,
base,78,Green Velocity,false,,Jimmy Graham,
base,78,Holo,false,,Jimmy Graham,
base,78,Holo Variation,false,,Jimmy Graham,
base,78,Ice,false,,Jimmy Graham,
base,78,Lime Green,false,,Jimmy Graham,
base,78,One Hundred,false,,Jimmy Graham,
base,78,Orange,false,,Jimmy Graham,
base,78,Orange Scope,false,,Jimmy Graham,
base,78,Pink,false,,Jimmy Graham,
base,78,Pink Velocity,false,,Jimmy Graham,
base,78,Purple,false,,Jimmy Graham,
base,78,Purple Shock,false,,Jimmy Graham,
base,78,Purple Stars,false,,Jimmy Graham,
base,78,Purple Velocity,false,,Jimmy Graham,
base,78,Red,false,,Jimmy Graham,
base,78,Red Hyper,false,,Jimmy Graham,
base,78,Red Mojo,false,,Jimmy Graham,
base,78,Red Stars,false,,Jimmy Graham,
base,78,Rocket,false,,Jimmy Graham,
base,78,Silver Circles,false,,Jimmy Graham,
base,78,Stars,false,,Jimmy Graham,
base,78,Teal Velocity,false,,Jimmy Graham,
base,78,Wave,false,,Jimmy Graham,
base,78,Aqua,false,,Jimmy Graham,
base,78,Printing Plate Black,false,,Jimmy Graham,
base,79,White Sparkle,false,,David Montgomery,
base,79,Black,false,,David Montgomery,
base,79,Black Pandora,false,,David Montgomery,
base,79,Blue,false,,David Montgomery,
base,79,Blue Hyper,false,,David Montgomery,
base,79,Blue Scope,false,,David Montgomery,
base,79,Bronze,false,,David Montgomery,
base,79,Fire,false,,David Montgomery,
base,79,Freedom,false,,David Montgomery,
base,79,Gold,false,,David Montgomery,
base,79,Gold Vinyl,false,,David Montgomery,
base,79,Green,false,,David Montgomery,
base,79,Green Velocity,false,,David Montgomery,
base,79,Holo,false,,David Montgomery,
base,79,Holo Variation,false,,David Montgomery,
base,79,Ice,false,,David Montgomery,
base,79,Lime Green,false,,David Montgomery,
base,79,One Hundred,false,,David Montgomery,
base,79,Orange,false,,David Montgomery,
base,79,Orange Scope,false,,David Montgomery,
base,79,Pink,false,,David Montgomery,
base,79,Pink Velocity,false,,David Montgomery,
base,79,Purple,false,,David Montgomery,
base,79,Purple Shock,false,,David Montgomery,
base,79,Purple Stars,false,,David Montgomery,
base,79,Purple Velocity,false,,David Montgomery,
base,79,Red,false,,David Montgomery,
base,79,Red Hyper,false,,David Montgomery,
base,79,Red Mojo,false,,David Montgomery,
base,79,Red Stars,false,,David Montgomery,
base,79,Rocket,false,,David Montgomery,
base,79,Silver Circles,false,,David Montgomery,
base,79,Stars,false,,David Montgomery,
base,79,Teal Velocity,false,,David Montgomery,
base,79,Wave,false,,David Montgomery,
base,79,Aqua,false,,David Montgomery,
base,79,Printing Plate Black,false,,David Montgomery,
base,80,White Sparkle,false,,Khalil Mack,
base,80,Black,false,,Khalil Mack,
base,80,Black Pandora,false,,Khalil Mack,
base,80,Blue,false,,Khalil Mack,
base,80,Blue Hyper,false,,Khalil Mack,
base,80,Blue Scope,false,,Khalil Mack,
base,80,Bronze,false,,Khalil Mack,
base,80,Fire,false,,Khalil Mack,
base,80,Freedom,false,,Khalil Mack,
base,80,Gold,false,,Khalil Mack,
base,80,Gold Vinyl,false,,Khalil Mack,
base,80,Green,false,,Khalil Mack,
base,80,Green Velocity,false,,Khalil Mack,
base,80,Holo,false,,Khalil Mack,
base,80,Holo Variation,false,,Khalil Mack,
base,80,Ice,false,,Khalil Mack,
base,80,Lime Green,false,,Khalil Mack,
base,80,One Hundred,false,,Khalil Mack,
base,80,Orange,false,,Khalil Mack,
base,80,Orange Scope,false,,Khalil Mack,
base,80,Pink,false,,Khalil Mack,
base,80,Pink Velocity,false,,Khalil Mack,
base,80,Purple,false,,Khalil Mack,
base,80,Purple Shock,false,,Khalil Mack,
base,80,Purple Stars,false,,Khalil Mack,
base,80,Purple Velocity,false,,Khalil Mack,
base,80,Red,false,,Khalil Mack,
base,80,Red Hyper,false,,Khalil Mack,
base,80,Red Mojo,false,,Khalil Mack,
base,80,Red Stars,false,,Khalil Mack,
base,80,Rocket,false,,Khalil Mack,
base,80,Silver Circles,false,,Khalil Mack,
base,80,Stars,false,,Khalil Mack,
base,80,Teal Velocity,false,,Khalil Mack,
base,80,Wave,false,,Khalil Mack,
base,80,Aqua,false,,Khalil Mack,
base,80,Printing Plate Black,false,,Khalil Mack,
base,81,White Sparkle,false,,Steve McMichael,
base,81,Black,false,,Steve McMichael,
base,81,Black Pandora,false,,Steve McMichael,
base,81,Blue,false,,Steve McMichael,
base,81,Blue Hyper,false,,Steve McMichael,
base,81,Blue Scope,false,,Steve McMichael,
base,81,Bronze,false,,Steve McMichael,
base,81,Fire,false,,Steve McMichael,
base,81,Freedom,false,,Steve McMichael,
base,81,Gold,false,,Steve McMichael,
base,81,Gold Vinyl,false,,Steve McMichael,
base,81,Green,false,,Steve McMichael,
base,81,Green Velocity,false,,Steve McMichael,
base,81,Holo,false,,Steve McMichael,
base,81,Holo Variation,false,,Steve McMichael,
base,81,Ice,false,,Steve McMichael,
base,81,Lime Green,false,,Steve McMichael,
base,81,One Hundred,false,,Steve McMichael,
base,81,Orange,false,,Steve McMichael,
base,81,Orange Scope,false,,Steve McMichael,
base,81,Pink,false,,Steve McMichael,
base,81,Pink Velocity,false,,Steve McMichael,
base,81,Purple,false,,Steve McMichael,
base,81,Purple Shock,false,,Steve McMichael,
base,81,Purple Stars,false,,Steve McMichael,
base,81,Purple Velocity,false,,Steve McMichael,
base,81,Red,false,,Steve McMichael,
base,81,Red Hyper,false,,Steve McMichael,
base,81,Red Mojo,false,,Steve McMichael,
base,81,Red Stars,false,,Steve McMichael,
base,81,Rocket,false,,Steve McMichael,
base,81,Silver Circles,false,,Steve McMichael,
base,81,Stars,false,,Steve McMichael,
base,81,Teal Velocity,false,,Steve McMichael,
base,81,Wave,false,,Steve McMichael,
base,81,Aqua,false,,Steve McMichael,
base,81,Printing Plate Black,false,,Steve McMichael,
insert-the-elite-series-rookies,ESR-4,Gold Vinyl,false,,Justin Fields,
insert-the-elite-series-rookies,ESR-4,Purple Stars,false,,Justin Fields,
insert-the-elite-series-rookies,ESR-4,Gold,false,,Justin Fields,
insert-the-elite-series-rookies,ESR-4,Black Pandora,false,,Justin Fields,
insert-gifted-rookies,GR-4,Gold Vinyl,false,,Justin Fields,
insert-gifted-rookies,GR-4,Gold,false,,Justin Fields,
insert-gifted-rookies,GR-4,Black Pandora,false,,Justin Fields,
insert-gifted-rookies,GR-4,Purple Stars,false,,Justin Fields,
auto-dynamic-patch-autographs,DPA-DH,Gold Vinyl,true,,Devin Hester,
insert-downtown,DT-39,Gold Vinyl,false,,Justin Fields,
insert-downtown,DT-39,Gold,false,,Justin Fields,
insert-downtown,DT-39,Black Pandora,false,,Justin Fields,
insert-downtown,DT-39,White Sparkle,false,,Justin Fields,
auto-the-elite-series-rookies-autographs,ESR-4,Purple Stars,true,,Justin Fields,
auto-the-elite-series-rookies-autographs,ESR-4,Gold Vinyl,true,,Justin Fields,
insert-rookie-gridiron-kings,RGK-4,Gold,false,,Justin Fields,
insert-rookie-gridiron-kings,RGK-4,Gold Vinyl,false,,Justin Fields,
insert-rookie-gridiron-kings,RGK-4,Black Pandora,false,,Justin Fields,
insert-rookie-gridiron-kings,RGK-4,Purple Stars,false,,Justin Fields,
auto-rookie-gridiron-kings-autographs,RGK-4,Gold Vinyl,true,,Justin Fields,
auto-rookie-gridiron-kings-autographs,RGK-4,Purple Stars,true,,Justin Fields,
insert-rookie-kings,RK-4,Gold,false,,Justin Fields,
insert-rookie-kings,RK-4,Gold Vinyl,false,,Justin Fields,
insert-rookie-kings,RK-4,White Sparkle,false,,Justin Fields,
insert-rookie-kings,RK-4,Black Pandora,false,,Justin Fields,
base,293,White Sparkle,false,,Khalil Herbert,
base,293,Black,false,,Khalil Herbert,
base,293,Black Pandora,false,,Khalil Herbert,
base,293,Blue,false,,Khalil Herbert,
base,293,Blue Hyper,false,,Khalil Herbert,
base,293,Blue Scope,false,,Khalil Herbert,
base,293,Bronze,false,,Khalil Herbert,
base,293,Fire,false,,Khalil Herbert,
base,293,Freedom,false,,Khalil Herbert,
base,293,Gold,false,,Khalil Herbert,
base,293,Gold Vinyl,false,,Khalil Herbert,
base,293,Green,false,,Khalil Herbert,
base,293,Green Velocity,false,,Khalil Herbert,
base,293,Holo,false,,Khalil Herbert,
base,293,Holo Variation,false,,Khalil Herbert,
base,293,Ice,false,,Khalil Herbert,
base,293,Lime Green,false,,Khalil Herbert,
base,293,One Hundred,false,,Khalil Herbert,
base,293,Orange,false,,Khalil Herbert,
base,293,Orange Scope,false,,Khalil Herbert,
base,293,Pink,false,,Khalil Herbert,
base,293,Pink Velocity,false,,Khalil Herbert,
base,293,Purple,false,,Khalil Herbert,
base,293,Purple Shock,false,,Khalil Herbert,
base,293,Purple Stars,false,,Khalil Herbert,
base,293,Purple Velocity,false,,Khalil Herbert,
base,293,Red,false,,Khalil Herbert,
base,293,Red Hyper,false,,Khalil Herbert,
base,293,Red Mojo,false,,Khalil Herbert,
base,293,Red Stars,false,,Khalil Herbert,
base,293,Rocket,false,,Khalil Herbert,
base,293,Silver Circles,false,,Khalil Herbert,
base,293,Stars,false,,Khalil Herbert,
base,293,Teal Velocity,false,,Khalil Herbert,
base,293,Wave,false,,Khalil Herbert,
base,293,Aqua,false,,Khalil Herbert,
base,293,Printing Plate Black,false,,Khalil Herbert,
insert-rookie-phenoms-horizontal,RPH-4,Blue Hyper,false,,Justin Fields,
insert-rookie-phenoms-horizontal,RPH-4,Prime,false,,Justin Fields,
insert-rookie-phenoms-horizontal,RPH-4,Red,false,,Justin Fields,
insert-rookie-phenoms-horizontal,RPH-4,Gold Vinyl,false,,Justin Fields,
base,204,White Sparkle,false,,Justin Fields,
base,204,Black,false,,Justin Fields,
base,204,Black Pandora,false,,Justin Fields,
base,204,Blue,false,,Justin Fields,
base,204,Blue Hyper,false,,Justin Fields,
base,204,Blue Scope,false,,Justin Fields,
base,204,Bronze,false,,Justin Fields,
base,204,Fire,false,,Justin Fields,
base,204,Freedom,false,,Justin Fields,
base,204,Gold,false,,Justin Fields,
base,204,Gold Vinyl,false,,Justin Fields,
base,204,Green,false,,Justin Fields,
base,204,Green Velocity,false,,Justin Fields,
base,204,Holo,false,,Justin Fields,
base,204,Holo Variation,false,,Justin Fields,
base,204,Ice,false,,Justin Fields,
base,204,Lime Green,false,,Justin Fields,
base,204,One Hundred,false,,Justin Fields,
base,204,Orange,false,,Justin Fields,
base,204,Orange Scope,false,,Justin Fields,
base,204,Pink,false,,Justin Fields,
base,204,Pink Velocity,false,,Justin Fields,
base,204,Purple,false,,Justin Fields,
base,204,Purple Shock,false,,Justin Fields,
base,204,Purple Stars,false,,Justin Fields,
base,204,Purple Velocity,false,,Justin Fields,
base,204,Red,false,,Justin Fields,
base,204,Red Hyper,false,,Justin Fields,
base,204,Red Mojo,false,,Justin Fields,
base,204,Red Stars,false,,Justin Fields,
base,204,Rocket,false,,Justin Fields,
base,204,Silver Circles,false,,Justin Fields,
base,204,Stars,false,,Justin Fields,
base,204,Teal Velocity,false,,Justin Fields,
base,204,Wave,false,,Justin Fields,
base,204,Aqua,false,,Justin Fields,
base,204,Printing Plate Black,false,,Justin Fields,
auto-rookie-patch-autographs,RPA-JF,Gold Vinyl,true,,Justin Fields,
auto-rated-rookies-rps-autographs,207,Gold Vinyl,true,,Ja'Marr Chase,
auto-rated-rookies-rps-autographs,207,Red Hyper,true,,Ja'Marr Chase,
auto-rated-rookies-rps-autographs,207,Red,true,,Ja'Marr Chase,
auto-rated-rookies-rps-autographs,207,Purple Stars,true,,Ja'Marr Chase,
auto-rated-rookies-rps-autographs,207,Purple,true,,Ja'Marr Chase,
auto-rated-rookies-rps-autographs,207,Pink Velocity,true,,Ja'Marr Chase,
auto-rated-rookies-rps-autographs,207,Holo,true,,Ja'Marr Chase,
auto-rated-rookies-rps-autographs,207,Green,true,,Ja'Marr Chase,
auto-rated-rookies-rps-autographs,207,Gold,true,,Ja'Marr Chase,
auto-rated-rookies-rps-autographs,207,Bronze,true,,Ja'Marr Chase,
auto-rated-rookies-rps-autographs,207,Blue,true,,Ja'Marr Chase,
auto-rated-rookies-rps-autographs,207,Black Pandora,true,,Ja'Marr Chase,
auto-the-rookies-autographs,TR-7,Gold Vinyl,true,,Ja'Marr Chase,
auto-the-rookies-autographs,TR-7,Purple Stars,true,,Ja'Marr Chase,
insert-the-rookies,TR-7,Gold Vinyl,false,,Ja'Marr Chase,
insert-the-rookies,TR-7,Purple Stars,false,,Ja'Marr Chase,
insert-the-rookies,TR-7,Black Pandora,false,,Ja'Marr Chase,
insert-the-rookies,TR-7,Gold,false,,Ja'Marr Chase,
insert-the-elite-series-rookies,ESR-7,Gold Vinyl,false,,Ja'Marr Chase,
insert-the-elite-series-rookies,ESR-7,Purple Stars,false,,Ja'Marr Chase,
insert-the-elite-series-rookies,ESR-7,Gold,false,,Ja'Marr Chase,
insert-the-elite-series-rookies,ESR-7,Black Pandora,false,,Ja'Marr Chase,
auto-the-elite-series-rookies-autographs,ESR-7,Purple Stars,true,,Ja'Marr Chase,
auto-the-elite-series-rookies-autographs,ESR-7,Gold Vinyl,true,,Ja'Marr Chase,
base,132,White Sparkle,false,,Tyler Boyd,
base,132,Black,false,,Tyler Boyd,
base,132,Black Pandora,false,,Tyler Boyd,
base,132,Blue,false,,Tyler Boyd,
base,132,Blue Hyper,false,,Tyler Boyd,
base,132,Blue Scope,false,,Tyler Boyd,
base,132,Bronze,false,,Tyler Boyd,
base,132,Fire,false,,Tyler Boyd,
base,132,Freedom,false,,Tyler Boyd,
base,132,Gold,false,,Tyler Boyd,
base,132,Gold Vinyl,false,,Tyler Boyd,
base,132,Green,false,,Tyler Boyd,
base,132,Green Velocity,false,,Tyler Boyd,
base,132,Holo,false,,Tyler Boyd,
base,132,Holo Variation,false,,Tyler Boyd,
base,132,Ice,false,,Tyler Boyd,
base,132,Lime Green,false,,Tyler Boyd,
base,132,One Hundred,false,,Tyler Boyd,
base,132,Orange,false,,Tyler Boyd,
base,132,Orange Scope,false,,Tyler Boyd,
base,132,Pink,false,,Tyler Boyd,
base,132,Pink Velocity,false,,Tyler Boyd,
base,132,Purple,false,,Tyler Boyd,
base,132,Purple Shock,false,,Tyler Boyd,
base,132,Purple Stars,false,,Tyler Boyd,
base,132,Purple Velocity,false,,Tyler Boyd,
base,132,Red,false,,Tyler Boyd,
base,132,Red Hyper,false,,Tyler Boyd,
base,132,Red Mojo,false,,Tyler Boyd,
base,132,Red Stars,false,,Tyler Boyd,
base,132,Rocket,false,,Tyler Boyd,
base,132,Silver Circles,false,,Tyler Boyd,
base,132,Stars,false,,Tyler Boyd,
base,132,Teal Velocity,false,,Tyler Boyd,
base,132,Wave,false,,Tyler Boyd,
base,132,Aqua,false,,Tyler Boyd,
base,132,Printing Plate Black,false,,Tyler Boyd,
base,133,White Sparkle,false,,Tee Higgins,
base,133,Black,false,,Tee Higgins,
base,133,Black Pandora,false,,Tee Higgins,
base,133,Blue,false,,Tee Higgins,
base,133,Blue Hyper,false,,Tee Higgins,
base,133,Blue Scope,false,,Tee Higgins,
base,133,Bronze,false,,Tee Higgins,
base,133,Fire,false,,Tee Higgins,
base,133,Freedom,false,,Tee Higgins,
base,133,Gold,false,,Tee Higgins,
base,133,Gold Vinyl,false,,Tee Higgins,
base,133,Green,false,,Tee Higgins,
base,133,Green Velocity,false,,Tee Higgins,
base,133,Holo,false,,Tee Higgins,
base,133,Holo Variation,false,,Tee Higgins,
base,133,Ice,false,,Tee Higgins,
base,133,Lime Green,false,,Tee Higgins,
base,133,One Hundred,false,,Tee Higgins,
base,133,Orange,false,,Tee Higgins,
base,133,Orange Scope,false,,Tee Higgins,
base,133,Pink,false,,Tee Higgins,
base,133,Pink Velocity,false,,Tee Higgins,
base,133,Purple,false,,Tee Higgins,
base,133,Purple Shock,false,,Tee Higgins,
base,133,Purple Stars,false,,Tee Higgins,
base,133,Purple Velocity,false,,Tee Higgins,
base,133,Red,false,,Tee Higgins,
base,133,Red Hyper,false,,Tee Higgins,
base,133,Red Mojo,false,,Tee Higgins,
base,133,Red Stars,false,,Tee Higgins,
base,133,Rocket,false,,Tee Higgins,
base,133,Silver Circles,false,,Tee Higgins,
base,133,Stars,false,,Tee Higgins,
base,133,Teal Velocity,false,,Tee Higgins,
base,133,Wave,false,,Tee Higgins,
base,133,Aqua,false,,Tee Higgins,
base,133,Printing Plate Black,false,,Tee Higgins,
base,134,White Sparkle,false,,Joe Burrow,
base,134,Black,false,,Joe Burrow,
base,134,Black Pandora,false,,Joe Burrow,
base,134,Blue,false,,Joe Burrow,
base,134,Blue Hyper,false,,Joe Burrow,
base,134,Blue Scope,false,,Joe Burrow,
base,134,Bronze,false,,Joe Burrow,
base,134,Fire,false,,Joe Burrow,
base,134,Freedom,false,,Joe Burrow,
base,134,Gold,false,,Joe Burrow,
base,134,Gold Vinyl,false,,Joe Burrow,
base,134,Green,false,,Joe Burrow,
base,134,Green Velocity,false,,Joe Burrow,
base,134,Holo,false,,Joe Burrow,
base,134,Holo Variation,false,,Joe Burrow,
base,134,Ice,false,,Joe Burrow,
base,134,Lime Green,false,,Joe Burrow,
base,134,One Hundred,false,,Joe Burrow,
base,134,Orange,false,,Joe Burrow,
base,134,Orange Scope,false,,Joe Burrow,
base,134,Pink,false,,Joe Burrow,
base,134,Pink Velocity,false,,Joe Burrow,
base,134,Purple,false,,Joe Burrow,
base,134,Purple Shock,false,,Joe Burrow,
base,134,Purple Stars,false,,Joe Burrow,
base,134,Purple Velocity,false,,Joe Burrow,
base,134,Red,false,,Joe Burrow,
base,134,Red Hyper,false,,Joe Burrow,
base,134,Red Mojo,false,,Joe Burrow,
base,134,Red Stars,false,,Joe Burrow,
base,134,Rocket,false,,Joe Burrow,
base,134,Silver Circles,false,,Joe Burrow,
base,134,Stars,false,,Joe Burrow,
base,134,Teal Velocity,false,,Joe Burrow,
base,134,Wave,false,,Joe Burrow,
base,134,Aqua,false,,Joe Burrow,
base,134,Printing Plate Black,false,,Joe Burrow,
base,135,White Sparkle,false,,Joe Mixon,
base,135,Black,false,,Joe Mixon,
base,135,Black Pandora,false,,Joe Mixon,
base,135,Blue,false,,Joe Mixon,
base,135,Blue Hyper,false,,Joe Mixon,
base,135,Blue Scope,false,,Joe Mixon,
base,135,Bronze,false,,Joe Mixon,
base,135,Fire,false,,Joe Mixon,
base,135,Freedom,false,,Joe Mixon,
base,135,Gold,false,,Joe Mixon,
base,135,Gold Vinyl,false,,Joe Mixon,
base,135,Green,false,,Joe Mixon,
base,135,Green Velocity,false,,Joe Mixon,
base,135,Holo,false,,Joe Mixon,
base,135,Holo Variation,false,,Joe Mixon,
base,135,Ice,false,,Joe Mixon,
base,135,Lime Green,false,,Joe Mixon,
base,135,One Hundred,false,,Joe Mixon,
base,135,Orange,false,,Joe Mixon,
base,135,Orange Scope,false,,Joe Mixon,
base,135,Pink,false,,Joe Mixon,
base,135,Pink Velocity,false,,Joe Mixon,
base,135,Purple,false,,Joe Mixon,
base,135,Purple Shock,false,,Joe Mixon,
base,135,Purple Stars,false,,Joe Mixon,
base,135,Purple Velocity,false,,Joe Mixon,
base,135,Red,false,,Joe Mixon,
base,135,Red Hyper,false,,Joe Mixon,
base,135,Red Mojo,false,,Joe Mixon,
base,135,Red Stars,false,,Joe Mixon,
base,135,Rocket,false,,Joe Mixon,
base,135,Silver Circles,false,,Joe Mixon,
base,135,Stars,false,,Joe Mixon,
base,135,Teal Velocity,false,,Joe Mixon,
base,135,Wave,false,,Joe Mixon,
base,135,Aqua,false,,Joe Mixon,
base,135,Printing Plate Black,false,,Joe Mixon,
base,136,White Sparkle,false,,Germaine Pratt,
base,136,Black,false,,Germaine Pratt,
base,136,Black Pandora,false,,Germaine Pratt,
base,136,Blue,false,,Germaine Pratt,
base,136,Blue Hyper,false,,Germaine Pratt,
base,136,Blue Scope,false,,Germaine Pratt,
base,136,Bronze,false,,Germaine Pratt,
base,136,Fire,false,,Germaine Pratt,
base,136,Freedom,false,,Germaine Pratt,
base,136,Gold,false,,Germaine Pratt,
base,136,Gold Vinyl,false,,Germaine Pratt,
base,136,Green,false,,Germaine Pratt,
base,136,Green Velocity,false,,Germaine Pratt,
base,136,Holo,false,,Germaine Pratt,
base,136,Holo Variation,false,,Germaine Pratt,
base,136,Ice,false,,Germaine Pratt,
base,136,Lime Green,false,,Germaine Pratt,
base,136,One Hundred,false,,Germaine Pratt,
base,136,Orange,false,,Germaine Pratt,
base,136,Orange Scope,false,,Germaine Pratt,
base,136,Pink,false,,Germaine Pratt,
base,136,Pink Velocity,false,,Germaine Pratt,
base,136,Purple,false,,Germaine Pratt,
base,136,Purple Shock,false,,Germaine Pratt,
base,136,Purple Stars,false,,Germaine Pratt,
base,136,Purple Velocity,false,,Germaine Pratt,
base,136,Red,false,,Germaine Pratt,
base,136,Red Hyper,false,,Germaine Pratt,
base,136,Red Mojo,false,,Germaine Pratt,
base,136,Red Stars,false,,Germaine Pratt,
base,136,Rocket,false,,Germaine Pratt,
base,136,Silver Circles,false,,Germaine Pratt,
base,136,Stars,false,,Germaine Pratt,
base,136,Teal Velocity,false,,Germaine Pratt,
base,136,Wave,false,,Germaine Pratt,
base,136,Aqua,false,,Germaine Pratt,
base,136,Printing Plate Black,false,,Germaine Pratt,
base,137,White Sparkle,false,,Chad Johnson,
base,137,Black,false,,Chad Johnson,
base,137,Black Pandora,false,,Chad Johnson,
base,137,Blue,false,,Chad Johnson,
base,137,Blue Hyper,false,,Chad Johnson,
base,137,Blue Scope,false,,Chad Johnson,
base,137,Bronze,false,,Chad Johnson,
base,137,Fire,false,,Chad Johnson,
base,137,Freedom,false,,Chad Johnson,
base,137,Gold,false,,Chad Johnson,
base,137,Gold Vinyl,false,,Chad Johnson,
base,137,Green,false,,Chad Johnson,
base,137,Green Velocity,false,,Chad Johnson,
base,137,Holo,false,,Chad Johnson,
base,137,Holo Variation,false,,Chad Johnson,
base,137,Ice,false,,Chad Johnson,
base,137,Lime Green,false,,Chad Johnson,
base,137,One Hundred,false,,Chad Johnson,
base,137,Orange,false,,Chad Johnson,
base,137,Orange Scope,false,,Chad Johnson,
base,137,Pink,false,,Chad Johnson,
base,137,Pink Velocity,false,,Chad Johnson,
base,137,Purple,false,,Chad Johnson,
base,137,Purple Shock,false,,Chad Johnson,
base,137,Purple Stars,false,,Chad Johnson,
base,137,Purple Velocity,false,,Chad Johnson,
base,137,Red,false,,Chad Johnson,
base,137,Red Hyper,false,,Chad Johnson,
base,137,Red Mojo,false,,Chad Johnson,
base,137,Red Stars,false,,Chad Johnson,
base,137,Rocket,false,,Chad Johnson,
base,137,Silver Circles,false,,Chad Johnson,
base,137,Stars,false,,Chad Johnson,
base,137,Teal Velocity,false,,Chad Johnson,
base,137,Wave,false,,Chad Johnson,
base,137,Aqua,false,,Chad Johnson,
base,137,Printing Plate Black,false,,Chad Johnson,
insert-rookie-phenoms-horizontal,RPH-7,Blue Hyper,false,,Ja'Marr Chase,
insert-rookie-phenoms-horizontal,RPH-7,Prime,false,,Ja'Marr Chase,
insert-rookie-phenoms-horizontal,RPH-7,Red,false,,Ja'Marr Chase,
insert-rookie-phenoms-horizontal,RPH-7,Gold Vinyl,false,,Ja'Marr Chase,
base,207,White Sparkle,false,,Ja'Marr Chase,
base,207,Black,false,,Ja'Marr Chase,
base,207,Black Pandora,false,,Ja'Marr Chase,
base,207,Blue,false,,Ja'Marr Chase,
base,207,Blue Hyper,false,,Ja'Marr Chase,
base,207,Blue Scope,false,,Ja'Marr Chase,
base,207,Bronze,false,,Ja'Marr Chase,
base,207,Fire,false,,Ja'Marr Chase,
base,207,Freedom,false,,Ja'Marr Chase,
base,207,Gold,false,,Ja'Marr Chase,
base,207,Gold Vinyl,false,,Ja'Marr Chase,
base,207,Green,false,,Ja'Marr Chase,
base,207,Green Velocity,false,,Ja'Marr Chase,
base,207,Holo,false,,Ja'Marr Chase,
base,207,Holo Variation,false,,Ja'Marr Chase,
base,207,Ice,false,,Ja'Marr Chase,
base,207,Lime Green,false,,Ja'Marr Chase,
base,207,One Hundred,false,,Ja'Marr Chase,
base,207,Orange,false,,Ja'Marr Chase,
base,207,Orange Scope,false,,Ja'Marr Chase,
base,207,Pink,false,,Ja'Marr Chase,
base,207,Pink Velocity,false,,Ja'Marr Chase,
base,207,Purple,false,,Ja'Marr Chase,
base,207,Purple Shock,false,,Ja'Marr Chase,
base,207,Purple Stars,false,,Ja'Marr Chase,
base,207,Purple Velocity,false,,Ja'Marr Chase,
base,207,Red,false,,Ja'Marr Chase,
base,207,Red Hyper,false,,Ja'Marr Chase,
base,207,Red Mojo,false,,Ja'Marr Chase,
base,207,Red Stars,false,,Ja'Marr Chase,
base,207,Rocket,false,,Ja'Marr Chase,
base,207,Silver Circles,false,,Ja'Marr Chase,
base,207,Stars,false,,Ja'Marr Chase,
base,207,Teal Velocity,false,,Ja'Marr Chase,
base,207,Wave,false,,Ja'Marr Chase,
base,207,Aqua,false,,Ja'Marr Chase,
base,207,Printing Plate Black,false,,Ja'Marr Chase,
insert-rookie-phenoms,RP-7,Prime,false,,Ja'Marr Chase,
insert-rookie-phenoms,RP-7,Blue Hyper,false,,Ja'Marr Chase,
insert-rookie-phenoms,RP-7,Gold Vinyl,false,,Ja'Marr Chase,
insert-rookie-phenoms,RP-7,Red,false,,Ja'Marr Chase,
auto-rookie-patch-autographs,RPA-JC,Gold Vinyl,true,,Ja'Marr Chase,
base,279,White Sparkle,false,,Joseph Ossai,
base,279,Black,false,,Joseph Ossai,
base,279,Black Pandora,false,,Joseph Ossai,
base,279,Blue,false,,Joseph Ossai,
base,279,Blue Hyper,false,,Joseph Ossai,
base,279,Blue Scope,false,,Joseph Ossai,
base,279,Bronze,false,,Joseph Ossai,
base,279,Fire,false,,Joseph Ossai,
base,279,Freedom,false,,Joseph Ossai,
base,279,Gold,false,,Joseph Ossai,
base,279,Gold Vinyl,false,,Joseph Ossai,
base,279,Green,false,,Joseph Ossai,
base,279,Green Velocity,false,,Joseph Ossai,
base,279,Holo,false,,Joseph Ossai,
base,279,Holo Variation,false,,Joseph Ossai,
base,279,Ice,false,,Joseph Ossai,
base,279,Lime Green,false,,Joseph Ossai,
base,279,One Hundred,false,,Joseph Ossai,
base,279,Orange,false,,Joseph Ossai,
base,279,Orange Scope,false,,Joseph Ossai,
base,279,Pink,false,,Joseph Ossai,
base,279,Pink Velocity,false,,Joseph Ossai,
base,279,Purple,false,,Joseph Ossai,
base,279,Purple Shock,false,,Joseph Ossai,
base,279,Purple Stars,false,,Joseph Ossai,
base,279,Purple Velocity,false,,Joseph Ossai,
base,279,Red,false,,Joseph Ossai,
base,279,Red Hyper,false,,Joseph Ossai,
base,279,Red Mojo,false,,Joseph Ossai,
base,279,Red Stars,false,,Joseph Ossai,
base,279,Rocket,false,,Joseph Ossai,
base,279,Silver Circles,false,,Joseph Ossai,
base,279,Stars,false,,Joseph Ossai,
base,279,Teal Velocity,false,,Joseph Ossai,
base,279,Wave,false,,Joseph Ossai,
base,279,Aqua,false,,Joseph Ossai,
base,279,Printing Plate Black,false,,Joseph Ossai,
base,294,White Sparkle,false,,Chris Evans,
base,294,Black,false,,Chris Evans,
base,294,Black Pandora,false,,Chris Evans,
base,294,Blue,false,,Chris Evans,
base,294,Blue Hyper,false,,Chris Evans,
base,294,Blue Scope,false,,Chris Evans,
base,294,Bronze,false,,Chris Evans,
base,294,Fire,false,,Chris Evans,
base,294,Freedom,false,,Chris Evans,
base,294,Gold,false,,Chris Evans,
base,294,Gold Vinyl,false,,Chris Evans,
base,294,Green,false,,Chris Evans,
base,294,Green Velocity,false,,Chris Evans,
base,294,Holo,false,,Chris Evans,
base,294,Holo Variation,false,,Chris Evans,
base,294,Ice,false,,Chris Evans,
base,294,Lime Green,false,,Chris Evans,
base,294,One Hundred,false,,Chris Evans,
base,294,Orange,false,,Chris Evans,
base,294,Orange Scope,false,,Chris Evans,
base,294,Pink,false,,Chris Evans,
base,294,Pink Velocity,false,,Chris Evans,
base,294,Purple,false,,Chris Evans,
base,294,Purple Shock,false,,Chris Evans,
base,294,Purple Stars,false,,Chris Evans,
base,294,Purple Velocity,false,,Chris Evans,
base,294,Red,false,,Chris Evans,
base,294,Red Hyper,false,,Chris Evans,
base,294,Red Mojo,false,,Chris Evans,
base,294,Red Stars,false,,Chris Evans,
base,294,Rocket,false,,Chris Evans,
base,294,Silver Circles,false,,Chris Evans,
base,294,Stars,false,,Chris Evans,
base,294,Teal Velocity,false,,Chris Evans,
base,294,Wave,false,,Chris Evans,
base,294,Aqua,false,,Chris Evans,
base,294,Printing Plate Black,false,,Chris Evans,
insert-rookie-kings,RK-7,Gold,false,,Ja'Marr Chase,
insert-rookie-kings,RK-7,Gold Vinyl,false,,Ja'Marr Chase,
insert-rookie-kings,RK-7,White Sparkle,false,,Ja'Marr Chase,
insert-rookie-kings,RK-7,Black Pandora,false,,Ja'Marr Chase,
auto-rookie-gridiron-kings-autographs,RGK-7,Gold Vinyl,true,,Ja'Marr Chase,
auto-rookie-gridiron-kings-autographs,RGK-7,Purple Stars,true,,Ja'Marr Chase,
insert-donruss-threads,TH-10,Red,false,,Joe Burrow,
insert-donruss-threads,TH-10,Blue Hyper,false,,Joe Burrow,
insert-donruss-threads,TH-10,Gold Vinyl,false,,Joe Burrow,
insert-donruss-threads,TH-10,Prime,false,,Joe Burrow,
insert-donruss-threads,TH-13,Red,false,,Tee Higgins,
insert-donruss-threads,TH-13,Blue Hyper,false,,Tee Higgins,
insert-donruss-threads,TH-13,Gold Vinyl,false,,Tee Higgins,
insert-donruss-threads,TH-13,Prime,false,,Tee Higgins,
insert-rookie-gridiron-kings,RGK-7,Gold,false,,Ja'Marr Chase,
insert-rookie-gridiron-kings,RGK-7,Gold Vinyl,false,,Ja'Marr Chase,
insert-rookie-gridiron-kings,RGK-7,Black Pandora,false,,Ja'Marr Chase,
insert-rookie-gridiron-kings,RGK-7,Purple Stars,false,,Ja'Marr Chase,
insert-downtown,DT-10,Gold Vinyl,false,,Joe Burrow,
insert-downtown,DT-10,Gold,false,,Joe Burrow,
insert-downtown,DT-10,Black Pandora,false,,Joe Burrow,
insert-downtown,DT-10,White Sparkle,false,,Joe Burrow,
insert-rising-suns,RS-7,Purple Stars,false,,Joe Burrow,
insert-rising-suns,RS-7,Gold,false,,Joe Burrow,
insert-rising-suns,RS-7,Gold Vinyl,false,,Joe Burrow,
insert-rising-suns,RS-7,Black Pandora,false,,Joe Burrow,
insert-downtown,DT-36,Gold Vinyl,false,,Ja'Marr Chase,
insert-downtown,DT-36,Gold,false,,Ja'Marr Chase,
insert-downtown,DT-36,Black Pandora,false,,Ja'Marr Chase,
insert-downtown,DT-36,White Sparkle,false,,Ja'Marr Chase,
auto-dynamic-patch-autographs,DPA-CJ,Gold Vinyl,true,,Chad Johnson,
insert-retro-series,RS-CJ,Gold,false,,Chad Johnson,
insert-retro-series,RS-CJ,Black Pandora,false,,Chad Johnson,
insert-retro-series,RS-CJ,Gold Vinyl,false,,Chad Johnson,
insert-retro-series,RS-CJ,Purple Stars,false,,Chad Johnson,
insert-red-hot-rookies,RHR-4,Black Pandora,false,,Ja'Marr Chase,
insert-red-hot-rookies,RHR-4,Gold Vinyl,false,,Ja'Marr Chase,
insert-red-hot-rookies,RHR-4,Purple Stars,false,,Ja'Marr Chase,
insert-red-hot-rookies,RHR-4,Gold,false,,Ja'Marr Chase,
insert-gifted-rookies,GR-7,Gold Vinyl,false,,Ja'Marr Chase,
insert-gifted-rookies,GR-7,Gold,false,,Ja'Marr Chase,
insert-gifted-rookies,GR-7,Black Pandora,false,,Ja'Marr Chase,
insert-gifted-rookies,GR-7,Purple Stars,false,,Ja'Marr Chase,
insert-globall,GB-2,Purple Stars,false,,Joseph Ossai,
insert-globall,GB-2,Gold,false,,Joseph Ossai,
insert-globall,GB-2,Black Pandora,false,,Joseph Ossai,
insert-globall,GB-2,Gold Vinyl,false,,Joseph Ossai,
insert-legendary-logos,LL-3,Gold Vinyl,false,,Joe Burrow,
insert-legendary-logos,LL-3,Gold,false,,Joe Burrow,
insert-legendary-logos,LL-3,Black Pandora,false,,Joe Burrow,
insert-legendary-logos,LL-3,Purple Stars,false,,Joe Burrow,
auto-rated-rookies-autographs,294,Holo,true,,Chris Evans,
auto-rated-rookies-autographs,294,Pink Velocity,true,,Chris Evans,
auto-rated-rookies-autographs,294,Black Pandora,true,,Chris Evans,
auto-rated-rookies-autographs,294,Blue,true,,Chris Evans,
auto-rated-rookies-autographs,294,Red Hyper,true,,Chris Evans,
auto-rated-rookies-autographs,294,Red,true,,Chris Evans,
auto-rated-rookies-autographs,294,Purple Stars,true,,Chris Evans,
auto-rated-rookies-autographs,294,Purple,true,,Chris Evans,
auto-rated-rookies-autographs,294,Bronze,true,,Chris Evans,
auto-rated-rookies-autographs,294,Gold,true,,Chris Evans,
auto-rated-rookies-autographs,294,Green,true,,Chris Evans,
auto-rated-rookies-autographs,294,Gold Vinyl,true,,Chris Evans,
insert-my-house,MH-11,Black Pandora,false,,Joe Burrow,
insert-my-house,MH-11,Gold,false,,Joe Burrow,
insert-my-house,MH-11,Gold Vinyl,false,,Joe Burrow,
insert-my-house,MH-11,Purple Stars,false,,Joe Burrow,
base,252,White Sparkle,false,,Greg Newsome II,
base,252,Black,false,,Greg Newsome II,
base,252,Black Pandora,false,,Greg Newsome II,
base,252,Blue,false,,Greg Newsome II,
base,252,Blue Hyper,false,,Greg Newsome II,
base,252,Blue Scope,false,,Greg Newsome II,
base,252,Bronze,false,,Greg Newsome II,
base,252,Fire,false,,Greg Newsome II,
base,252,Freedom,false,,Greg Newsome II,
base,252,Gold,false,,Greg Newsome II,
base,252,Gold Vinyl,false,,Greg Newsome II,
base,252,Green,false,,Greg Newsome II,
base,252,Green Velocity,false,,Greg Newsome II,
base,252,Holo,false,,Greg Newsome II,
base,252,Holo Variation,false,,Greg Newsome II,
base,252,Ice,false,,Greg Newsome II,
base,252,Lime Green,false,,Greg Newsome II,
base,252,One Hundred,false,,Greg Newsome II,
base,252,Orange,false,,Greg Newsome II,
base,252,Orange Scope,false,,Greg Newsome II,
base,252,Pink,false,,Greg Newsome II,
base,252,Pink Velocity,false,,Greg Newsome II,
base,252,Purple,false,,Greg Newsome II,
base,252,Purple Shock,false,,Greg Newsome II,
base,252,Purple Stars,false,,Greg Newsome II,
base,252,Purple Velocity,false,,Greg Newsome II,
base,252,Red,false,,Greg Newsome II,
base,252,Red Hyper,false,,Greg Newsome II,
base,252,Red Mojo,false,,Greg Newsome II,
base,252,Red Stars,false,,Greg Newsome II,
base,252,Rocket,false,,Greg Newsome II,
base,252,Silver Circles,false,,Greg Newsome II,
base,252,Stars,false,,Greg Newsome II,
base,252,Teal Velocity,false,,Greg Newsome II,
base,252,Wave,false,,Greg Newsome II,
base,252,Aqua,false,,Greg Newsome II,
base,252,Printing Plate Black,false,,Greg Newsome II,
insert-rookie-phenoms,RP-31,Prime,false,,Anthony Schwartz,
insert-rookie-phenoms,RP-31,Blue Hyper,false,,Anthony Schwartz,
insert-rookie-phenoms,RP-31,Gold Vinyl,false,,Anthony Schwartz,
insert-rookie-phenoms,RP-31,Red,false,,Anthony Schwartz,
base,138,White Sparkle,false,,Odell Beckham Jr.,
base,138,Black,false,,Odell Beckham Jr.,
base,138,Black Pandora,false,,Odell Beckham Jr.,
base,138,Blue,false,,Odell Beckham Jr.,
base,138,Blue Hyper,false,,Odell Beckham Jr.,
base,138,Blue Scope,false,,Odell Beckham Jr.,
base,138,Bronze,false,,Odell Beckham Jr.,
base,138,Fire,false,,Odell Beckham Jr.,
base,138,Freedom,false,,Odell Beckham Jr.,
base,138,Gold,false,,Odell Beckham Jr.,
base,138,Gold Vinyl,false,,Odell Beckham Jr.,
base,138,Green,false,,Odell Beckham Jr.,
base,138,Green Velocity,false,,Odell Beckham Jr.,
base,138,Holo,false,,Odell Beckham Jr.,
base,138,Holo Variation,false,,Odell Beckham Jr.,
base,138,Ice,false,,Odell Beckham Jr.,
base,138,Lime Green,false,,Odell Beckham Jr.,
base,138,One Hundred,false,,Odell Beckham Jr.,
base,138,Orange,false,,Odell Beckham Jr.,
base,138,Orange Scope,false,,Odell Beckham Jr.,
base,138,Pink,false,,Odell Beckham Jr.,
base,138,Pink Velocity,false,,Odell Beckham Jr.,
base,138,Purple,false,,Odell Beckham Jr.,
base,138,Purple Shock,false,,Odell Beckham Jr.,
base,138,Purple Stars,false,,Odell Beckham Jr.,
base,138,Purple Velocity,false,,Odell Beckham Jr.,
base,138,Red,false,,Odell Beckham Jr.,
base,138,Red Hyper,false,,Odell Beckham Jr.,
base,138,Red Mojo,false,,Odell Beckham Jr.,
base,138,Red Stars,false,,Odell Beckham Jr.,
base,138,Rocket,false,,Odell Beckham Jr.,
base,138,Silver Circles,false,,Odell Beckham Jr.,
base,138,Stars,false,,Odell Beckham Jr.,
base,138,Teal Velocity,false,,Odell Beckham Jr.,
base,138,Wave,false,,Odell Beckham Jr.,
base,138,Aqua,false,,Odell Beckham Jr.,
base,138,Printing Plate Black,false,,Odell Beckham Jr.,
base,144,White Sparkle,false,,Eric Metcalf,
base,144,Black,false,,Eric Metcalf,
base,144,Black Pandora,false,,Eric Metcalf,
base,144,Blue,false,,Eric Metcalf,
base,144,Blue Hyper,false,,Eric Metcalf,
base,144,Blue Scope,false,,Eric Metcalf,
base,144,Bronze,false,,Eric Metcalf,
base,144,Fire,false,,Eric Metcalf,
base,144,Freedom,false,,Eric Metcalf,
base,144,Gold,false,,Eric Metcalf,
base,144,Gold Vinyl,false,,Eric Metcalf,
base,144,Green,false,,Eric Metcalf,
base,144,Green Velocity,false,,Eric Metcalf,
base,144,Holo,false,,Eric Metcalf,
base,144,Holo Variation,false,,Eric Metcalf,
base,144,Ice,false,,Eric Metcalf,
base,144,Lime Green,false,,Eric Metcalf,
base,144,One Hundred,false,,Eric Metcalf,
base,144,Orange,false,,Eric Metcalf,
base,144,Orange Scope,false,,Eric Metcalf,
base,144,Pink,false,,Eric Metcalf,
base,144,Pink Velocity,false,,Eric Metcalf,
base,144,Purple,false,,Eric Metcalf,
base,144,Purple Shock,false,,Eric Metcalf,
base,144,Purple Stars,false,,Eric Metcalf,
base,144,Purple Velocity,false,,Eric Metcalf,
base,144,Red,false,,Eric Metcalf,
base,144,Red Hyper,false,,Eric Metcalf,
base,144,Red Mojo,false,,Eric Metcalf,
base,144,Red Stars,false,,Eric Metcalf,
base,144,Rocket,false,,Eric Metcalf,
base,144,Silver Circles,false,,Eric Metcalf,
base,144,Stars,false,,Eric Metcalf,
base,144,Teal Velocity,false,,Eric Metcalf,
base,144,Wave,false,,Eric Metcalf,
base,144,Aqua,false,,Eric Metcalf,
base,144,Printing Plate Black,false,,Eric Metcalf,
insert-rookie-phenoms-horizontal,RPH-31,Blue Hyper,false,,Anthony Schwartz,
insert-rookie-phenoms-horizontal,RPH-31,Prime,false,,Anthony Schwartz,
insert-rookie-phenoms-horizontal,RPH-31,Red,false,,Anthony Schwartz,
insert-rookie-phenoms-horizontal,RPH-31,Gold Vinyl,false,,Anthony Schwartz,
base,139,White Sparkle,false,,Jarvis Landry,
base,139,Black,false,,Jarvis Landry,
base,139,Black Pandora,false,,Jarvis Landry,
base,139,Blue,false,,Jarvis Landry,
base,139,Blue Hyper,false,,Jarvis Landry,
base,139,Blue Scope,false,,Jarvis Landry,
base,139,Bronze,false,,Jarvis Landry,
base,139,Fire,false,,Jarvis Landry,
base,139,Freedom,false,,Jarvis Landry,
base,139,Gold,false,,Jarvis Landry,
base,139,Gold Vinyl,false,,Jarvis Landry,
base,139,Green,false,,Jarvis Landry,
base,139,Green Velocity,false,,Jarvis Landry,
base,139,Holo,false,,Jarvis Landry,
base,139,Holo Variation,false,,Jarvis Landry,
base,139,Ice,false,,Jarvis Landry,
base,139,Lime Green,false,,Jarvis Landry,
base,139,One Hundred,false,,Jarvis Landry,
base,139,Orange,false,,Jarvis Landry,
base,139,Orange Scope,false,,Jarvis Landry,
base,139,Pink,false,,Jarvis Landry,
base,139,Pink Velocity,false,,Jarvis Landry,
base,139,Purple,false,,Jarvis Landry,
base,139,Purple Shock,false,,Jarvis Landry,
base,139,Purple Stars,false,,Jarvis Landry,
base,139,Purple Velocity,false,,Jarvis Landry,
base,139,Red,false,,Jarvis Landry,
base,139,Red Hyper,false,,Jarvis Landry,
base,139,Red Mojo,false,,Jarvis Landry,
base,139,Red Stars,false,,Jarvis Landry,
base,139,Rocket,false,,Jarvis Landry,
base,139,Silver Circles,false,,Jarvis Landry,
base,139,Stars,false,,Jarvis Landry,
base,139,Teal Velocity,false,,Jarvis Landry,
base,139,Wave,false,,Jarvis Landry,
base,139,Aqua,false,,Jarvis Landry,
base,139,Printing Plate Black,false,,Jarvis Landry,
base,231,White Sparkle,false,,Anthony Schwartz,
base,231,Black,false,,Anthony Schwartz,
base,231,Black Pandora,false,,Anthony Schwartz,
base,231,Blue,false,,Anthony Schwartz,
base,231,Blue Hyper,false,,Anthony Schwartz,
base,231,Blue Scope,false,,Anthony Schwartz,
base,231,Bronze,false,,Anthony Schwartz,
base,231,Fire,false,,Anthony Schwartz,
base,231,Freedom,false,,Anthony Schwartz,
base,231,Gold,false,,Anthony Schwartz,
base,231,Gold Vinyl,false,,Anthony Schwartz,
base,231,Green,false,,Anthony Schwartz,
base,231,Green Velocity,false,,Anthony Schwartz,
base,231,Holo,false,,Anthony Schwartz,
base,231,Holo Variation,false,,Anthony Schwartz,
base,231,Ice,false,,Anthony Schwartz,
base,231,Lime Green,false,,Anthony Schwartz,
base,231,One Hundred,false,,Anthony Schwartz,
base,231,Orange,false,,Anthony Schwartz,
base,231,Orange Scope,false,,Anthony Schwartz,
base,231,Pink,false,,Anthony Schwartz,
base,231,Pink Velocity,false,,Anthony Schwartz,
base,231,Purple,false,,Anthony Schwartz,
base,231,Purple Shock,false,,Anthony Schwartz,
base,231,Purple Stars,false,,Anthony Schwartz,
base,231,Purple Velocity,false,,Anthony Schwartz,
base,231,Red,false,,Anthony Schwartz,
base,231,Red Hyper,false,,Anthony Schwartz,
base,231,Red Mojo,false,,Anthony Schwartz,
base,231,Red Stars,false,,Anthony Schwartz,
base,231,Rocket,false,,Anthony Schwartz,
base,231,Silver Circles,false,,Anthony Schwartz,
base,231,Stars,false,,Anthony Schwartz,
base,231,Teal Velocity,false,,Anthony Schwartz,
base,231,Wave,false,,Anthony Schwartz,
base,231,Aqua,false,,Anthony Schwartz,
base,231,Printing Plate Black,false,,Anthony Schwartz,
auto-legendary-patch-autographs,LPA-JT,Gold Vinyl,true,,Joe Thomas,
auto-rated-rookies-rps-autographs,231,Gold Vinyl,true,,Anthony Schwartz,
auto-rated-rookies-rps-autographs,231,Red Hyper,true,,Anthony Schwartz,
auto-rated-rookies-rps-autographs,231,Red,true,,Anthony Schwartz,
auto-rated-rookies-rps-autographs,231,Purple Stars,true,,Anthony Schwartz,
auto-rated-rookies-rps-autographs,231,Purple,true,,Anthony Schwartz,
auto-rated-rookies-rps-autographs,231,Pink Velocity,true,,Anthony Schwartz,
auto-rated-rookies-rps-autographs,231,Holo,true,,Anthony Schwartz,
auto-rated-rookies-rps-autographs,231,Green,true,,Anthony Schwartz,
auto-rated-rookies-rps-autographs,231,Gold,true,,Anthony Schwartz,
auto-rated-rookies-rps-autographs,231,Bronze,true,,Anthony Schwartz,
auto-rated-rookies-rps-autographs,231,Blue,true,,Anthony Schwartz,
auto-rated-rookies-rps-autographs,231,Black Pandora,true,,Anthony Schwartz,
base,140,White Sparkle,false,,Baker Mayfield,
base,140,Black,false,,Baker Mayfield,
base,140,Black Pandora,false,,Baker Mayfield,
base,140,Blue,false,,Baker Mayfield,
base,140,Blue Hyper,false,,Baker Mayfield,
base,140,Blue Scope,false,,Baker Mayfield,
base,140,Bronze,false,,Baker Mayfield,
base,140,Fire,false,,Baker Mayfield,
base,140,Freedom,false,,Baker Mayfield,
base,140,Gold,false,,Baker Mayfield,
base,140,Gold Vinyl,false,,Baker Mayfield,
base,140,Green,false,,Baker Mayfield,
base,140,Green Velocity,false,,Baker Mayfield,
base,140,Holo,false,,Baker Mayfield,
base,140,Holo Variation,false,,Baker Mayfield,
base,140,Ice,false,,Baker Mayfield,
base,140,Lime Green,false,,Baker Mayfield,
base,140,One Hundred,false,,Baker Mayfield,
base,140,Orange,false,,Baker Mayfield,
base,140,Orange Scope,false,,Baker Mayfield,
base,140,Pink,false,,Baker Mayfield,
base,140,Pink Velocity,false,,Baker Mayfield,
base,140,Purple,false,,Baker Mayfield,
base,140,Purple Shock,false,,Baker Mayfield,
base,140,Purple Stars,false,,Baker Mayfield,
base,140,Purple Velocity,false,,Baker Mayfield,
base,140,Red,false,,Baker Mayfield,
base,140,Red Hyper,false,,Baker Mayfield,
base,140,Red Mojo,false,,Baker Mayfield,
base,140,Red Stars,false,,Baker Mayfield,
base,140,Rocket,false,,Baker Mayfield,
base,140,Silver Circles,false,,Baker Mayfield,
base,140,Stars,false,,Baker Mayfield,
base,140,Teal Velocity,false,,Baker Mayfield,
base,140,Wave,false,,Baker Mayfield,
base,140,Aqua,false,,Baker Mayfield,
base,140,Printing Plate Black,false,,Baker Mayfield,
insert-globall,GB-11,Purple Stars,false,,Jamie Gillan,
insert-globall,GB-11,Gold,false,,Jamie Gillan,
insert-globall,GB-11,Black Pandora,false,,Jamie Gillan,
insert-globall,GB-11,Gold Vinyl,false,,Jamie Gillan,
auto-rookie-patch-autographs,RPA-AS,Gold Vinyl,true,,Anthony Schwartz,
auto-rated-rookies-autographs,252,Holo,true,,Greg Newsome II,
auto-rated-rookies-autographs,252,Pink Velocity,true,,Greg Newsome II,
auto-rated-rookies-autographs,252,Black Pandora,true,,Greg Newsome II,
auto-rated-rookies-autographs,252,Blue,true,,Greg Newsome II,
auto-rated-rookies-autographs,252,Red Hyper,true,,Greg Newsome II,
auto-rated-rookies-autographs,252,Red,true,,Greg Newsome II,
auto-rated-rookies-autographs,252,Purple Stars,true,,Greg Newsome II,
auto-rated-rookies-autographs,252,Purple,true,,Greg Newsome II,
auto-rated-rookies-autographs,252,Bronze,true,,Greg Newsome II,
auto-rated-rookies-autographs,252,Gold,true,,Greg Newsome II,
auto-rated-rookies-autographs,252,Green,true,,Greg Newsome II,
auto-rated-rookies-autographs,252,Gold Vinyl,true,,Greg Newsome II,
base,274,White Sparkle,false,,Jeremiah Owusu-Koramoah,
base,274,Black,false,,Jeremiah Owusu-Koramoah,
base,274,Black Pandora,false,,Jeremiah Owusu-Koramoah,
base,274,Blue,false,,Jeremiah Owusu-Koramoah,
base,274,Blue Hyper,false,,Jeremiah Owusu-Koramoah,
base,274,Blue Scope,false,,Jeremiah Owusu-Koramoah,
base,274,Bronze,false,,Jeremiah Owusu-Koramoah,
base,274,Fire,false,,Jeremiah Owusu-Koramoah,
base,274,Freedom,false,,Jeremiah Owusu-Koramoah,
base,274,Gold,false,,Jeremiah Owusu-Koramoah,
base,274,Gold Vinyl,false,,Jeremiah Owusu-Koramoah,
base,274,Green,false,,Jeremiah Owusu-Koramoah,
base,274,Green Velocity,false,,Jeremiah Owusu-Koramoah,
base,274,Holo,false,,Jeremiah Owusu-Koramoah,
base,274,Holo Variation,false,,Jeremiah Owusu-Koramoah,
base,274,Ice,false,,Jeremiah Owusu-Koramoah,
base,274,Lime Green,false,,Jeremiah Owusu-Koramoah,
base,274,One Hundred,false,,Jeremiah Owusu-Koramoah,
base,274,Orange,false,,Jeremiah Owusu-Koramoah,
base,274,Orange Scope,false,,Jeremiah Owusu-Koramoah,
base,274,Pink,false,,Jeremiah Owusu-Koramoah,
base,274,Pink Velocity,false,,Jeremiah Owusu-Koramoah,
base,274,Purple,false,,Jeremiah Owusu-Koramoah,
base,274,Purple Shock,false,,Jeremiah Owusu-Koramoah,
base,274,Purple Stars,false,,Jeremiah Owusu-Koramoah,
base,274,Purple Velocity,false,,Jeremiah Owusu-Koramoah,
base,274,Red,false,,Jeremiah Owusu-Koramoah,
base,274,Red Hyper,false,,Jeremiah Owusu-Koramoah,
base,274,Red Mojo,false,,Jeremiah Owusu-Koramoah,
base,274,Red Stars,false,,Jeremiah Owusu-Koramoah,
base,274,Rocket,false,,Jeremiah Owusu-Koramoah,
base,274,Silver Circles,false,,Jeremiah Owusu-Koramoah,
base,274,Stars,false,,Jeremiah Owusu-Koramoah,
base,274,Teal Velocity,false,,Jeremiah Owusu-Koramoah,
base,274,Wave,false,,Jeremiah Owusu-Koramoah,
base,274,Aqua,false,,Jeremiah Owusu-Koramoah,
base,274,Printing Plate Black,false,,Jeremiah Owusu-Koramoah,
insert-my-house,MH-10,Black Pandora,false,,Baker Mayfield,
insert-my-house,MH-10,Gold,false,,Baker Mayfield,
insert-my-house,MH-10,Gold Vinyl,false,,Baker Mayfield,
insert-my-house,MH-10,Purple Stars,false,,Baker Mayfield,
insert-legendary-logos,LL-4,Gold Vinyl,false,,Baker Mayfield,
insert-legendary-logos,LL-4,Gold,false,,Baker Mayfield,
insert-legendary-logos,LL-4,Black Pandora,false,,Baker Mayfield,
insert-legendary-logos,LL-4,Purple Stars,false,,Baker Mayfield,
base,141,White Sparkle,false,,Nick Chubb,
base,141,Black,false,,Nick Chubb,
base,141,Black Pandora,false,,Nick Chubb,
base,141,Blue,false,,Nick Chubb,
base,141,Blue Hyper,false,,Nick Chubb,
base,141,Blue Scope,false,,Nick Chubb,
base,141,Bronze,false,,Nick Chubb,
base,141,Fire,false,,Nick Chubb,
base,141,Freedom,false,,Nick Chubb,
base,141,Gold,false,,Nick Chubb,
base,141,Gold Vinyl,false,,Nick Chubb,
base,141,Green,false,,Nick Chubb,
base,141,Green Velocity,false,,Nick Chubb,
base,141,Holo,false,,Nick Chubb,
base,141,Holo Variation,false,,Nick Chubb,
base,141,Ice,false,,Nick Chubb,
base,141,Lime Green,false,,Nick Chubb,
base,141,One Hundred,false,,Nick Chubb,
base,141,Orange,false,,Nick Chubb,
base,141,Orange Scope,false,,Nick Chubb,
base,141,Pink,false,,Nick Chubb,
base,141,Pink Velocity,false,,Nick Chubb,
base,141,Purple,false,,Nick Chubb,
base,141,Purple Shock,false,,Nick Chubb,
base,141,Purple Stars,false,,Nick Chubb,
base,141,Purple Velocity,false,,Nick Chubb,
base,141,Red,false,,Nick Chubb,
base,141,Red Hyper,false,,Nick Chubb,
base,141,Red Mojo,false,,Nick Chubb,
base,141,Red Stars,false,,Nick Chubb,
base,141,Rocket,false,,Nick Chubb,
base,141,Silver Circles,false,,Nick Chubb,
base,141,Stars,false,,Nick Chubb,
base,141,Teal Velocity,false,,Nick Chubb,
base,141,Wave,false,,Nick Chubb,
base,141,Aqua,false,,Nick Chubb,
base,141,Printing Plate Black,false,,Nick Chubb,
insert-downtown,DT-11,Gold Vinyl,false,,Baker Mayfield,
insert-downtown,DT-11,Gold,false,,Baker Mayfield,
insert-downtown,DT-11,Black Pandora,false,,Baker Mayfield,
insert-downtown,DT-11,White Sparkle,false,,Baker Mayfield,
auto-rated-rookies-autographs,274,Holo,true,,Jeremiah Owusu-Koramoah,
auto-rated-rookies-autographs,274,Pink Velocity,true,,Jeremiah Owusu-Koramoah,
auto-rated-rookies-autographs,274,Black Pandora,true,,Jeremiah Owusu-Koramoah,
auto-rated-rookies-autographs,274,Blue,true,,Jeremiah Owusu-Koramoah,
auto-rated-rookies-autographs,274,Red Hyper,true,,Jeremiah Owusu-Koramoah,
auto-rated-rookies-autographs,274,Red,true,,Jeremiah Owusu-Koramoah,
auto-rated-rookies-autographs,274,Purple Stars,true,,Jeremiah Owusu-Koramoah,
auto-rated-rookies-autographs,274,Purple,true,,Jeremiah Owusu-Koramoah,
auto-rated-rookies-autographs,274,Bronze,true,,Jeremiah Owusu-Koramoah,
auto-rated-rookies-autographs,274,Gold,true,,Jeremiah Owusu-Koramoah,
auto-rated-rookies-autographs,274,Green,true,,Jeremiah Owusu-Koramoah,
auto-rated-rookies-autographs,274,Gold Vinyl,true,,Jeremiah Owusu-Koramoah,
base,142,White Sparkle,false,,Kareem Hunt,
base,142,Black,false,,Kareem Hunt,
base,142,Black Pandora,false,,Kareem Hunt,
base,142,Blue,false,,Kareem Hunt,
base,142,Blue Hyper,false,,Kareem Hunt,
base,142,Blue Scope,false,,Kareem Hunt,
base,142,Bronze,false,,Kareem Hunt,
base,142,Fire,false,,Kareem Hunt,
base,142,Freedom,false,,Kareem Hunt,
base,142,Gold,false,,Kareem Hunt,
base,142,Gold Vinyl,false,,Kareem Hunt,
base,142,Green,false,,Kareem Hunt,
base,142,Green Velocity,false,,Kareem Hunt,
base,142,Holo,false,,Kareem Hunt,
base,142,Holo Variation,false,,Kareem Hunt,
base,142,Ice,false,,Kareem Hunt,
base,142,Lime Green,false,,Kareem Hunt,
base,142,One Hundred,false,,Kareem Hunt,
base,142,Orange,false,,Kareem Hunt,
base,142,Orange Scope,false,,Kareem Hunt,
base,142,Pink,false,,Kareem Hunt,
base,142,Pink Velocity,false,,Kareem Hunt,
base,142,Purple,false,,Kareem Hunt,
base,142,Purple Shock,false,,Kareem Hunt,
base,142,Purple Stars,false,,Kareem Hunt,
base,142,Purple Velocity,false,,Kareem Hunt,
base,142,Red,false,,Kareem Hunt,
base,142,Red Hyper,false,,Kareem Hunt,
base,142,Red Mojo,false,,Kareem Hunt,
base,142,Red Stars,false,,Kareem Hunt,
base,142,Rocket,false,,Kareem Hunt,
base,142,Silver Circles,false,,Kareem Hunt,
base,142,Stars,false,,Kareem Hunt,
base,142,Teal Velocity,false,,Kareem Hunt,
base,142,Wave,false,,Kareem Hunt,
base,142,Aqua,false,,Kareem Hunt,
base,142,Printing Plate Black,false,,Kareem Hunt,
base,143,White Sparkle,false,,Myles Garrett,
base,143,Black,false,,Myles Garrett,
base,143,Black Pandora,false,,Myles Garrett,
base,143,Blue,false,,Myles Garrett,
base,143,Blue Hyper,false,,Myles Garrett,
base,143,Blue Scope,false,,Myles Garrett,
base,143,Bronze,false,,Myles Garrett,
base,143,Fire,false,,Myles Garrett,
base,143,Freedom,false,,Myles Garrett,
base,143,Gold,false,,Myles Garrett,
base,143,Gold Vinyl,false,,Myles Garrett,
base,143,Green,false,,Myles Garrett,
base,143,Green Velocity,false,,Myles Garrett,
base,143,Holo,false,,Myles Garrett,
base,143,Holo Variation,false,,Myles Garrett,
base,143,Ice,false,,Myles Garrett,
base,143,Lime Green,false,,Myles Garrett,
base,143,One Hundred,false,,Myles Garrett,
base,143,Orange,false,,Myles Garrett,
base,143,Orange Scope,false,,Myles Garrett,
base,143,Pink,false,,Myles Garrett,
base,143,Pink Velocity,false,,Myles Garrett,
base,143,Purple,false,,Myles Garrett,
base,143,Purple Shock,false,,Myles Garrett,
base,143,Purple Stars,false,,Myles Garrett,
base,143,Purple Velocity,false,,Myles Garrett,
base,143,Red,false,,Myles Garrett,
base,143,Red Hyper,false,,Myles Garrett,
base,143,Red Mojo,false,,Myles Garrett,
base,143,Red Stars,false,,Myles Garrett,
base,143,Rocket,false,,Myles Garrett,
base,143,Silver Circles,false,,Myles Garrett,
base,143,Stars,false,,Myles Garrett,
base,143,Teal Velocity,false,,Myles Garrett,
base,143,Wave,false,,Myles Garrett,
base,143,Aqua,false,,Myles Garrett,
base,143,Printing Plate Black,false,,Myles Garrett,
insert-downtown,DT-5,Gold Vinyl,false,,Dak Prescott,
insert-downtown,DT-5,Gold,false,,Dak Prescott,
insert-downtown,DT-5,Black Pandora,false,,Dak Prescott,
insert-downtown,DT-5,White Sparkle,false,,Dak Prescott,
insert-retro-series,RS-RS,Gold,false,,Roger Staubach,
insert-retro-series,RS-RS,Black Pandora,false,,Roger Staubach,
insert-retro-series,RS-RS,Gold Vinyl,false,,Roger Staubach,
insert-retro-series,RS-RS,Purple Stars,false,,Roger Staubach,
base,286,White Sparkle,false,,Jabril Cox,
base,286,Black,false,,Jabril Cox,
base,286,Black Pandora,false,,Jabril Cox,
base,286,Blue,false,,Jabril Cox,
base,286,Blue Hyper,false,,Jabril Cox,
base,286,Blue Scope,false,,Jabril Cox,
base,286,Bronze,false,,Jabril Cox,
base,286,Fire,false,,Jabril Cox,
base,286,Freedom,false,,Jabril Cox,
base,286,Gold,false,,Jabril Cox,
base,286,Gold Vinyl,false,,Jabril Cox,
base,286,Green,false,,Jabril Cox,
base,286,Green Velocity,false,,Jabril Cox,
base,286,Holo,false,,Jabril Cox,
base,286,Holo Variation,false,,Jabril Cox,
base,286,Ice,false,,Jabril Cox,
base,286,Lime Green,false,,Jabril Cox,
base,286,One Hundred,false,,Jabril Cox,
base,286,Orange,false,,Jabril Cox,
base,286,Orange Scope,false,,Jabril Cox,
base,286,Pink,false,,Jabril Cox,
base,286,Pink Velocity,false,,Jabril Cox,
base,286,Purple,false,,Jabril Cox,
base,286,Purple Shock,false,,Jabril Cox,
base,286,Purple Stars,false,,Jabril Cox,
base,286,Purple Velocity,false,,Jabril Cox,
base,286,Red,false,,Jabril Cox,
base,286,Red Hyper,false,,Jabril Cox,
base,286,Red Mojo,false,,Jabril Cox,
base,286,Red Stars,false,,Jabril Cox,
base,286,Rocket,false,,Jabril Cox,
base,286,Silver Circles,false,,Jabril Cox,
base,286,Stars,false,,Jabril Cox,
base,286,Teal Velocity,false,,Jabril Cox,
base,286,Wave,false,,Jabril Cox,
base,286,Aqua,false,,Jabril Cox,
base,286,Printing Plate Black,false,,Jabril Cox,
insert-retro-series,RS-TA,Gold,false,,Troy Aikman,
insert-retro-series,RS-TA,Black Pandora,false,,Troy Aikman,
insert-retro-series,RS-TA,Gold Vinyl,false,,Troy Aikman,
insert-retro-series,RS-TA,Purple Stars,false,,Troy Aikman,
base,245,White Sparkle,false,,Micah Parsons,
base,245,Black,false,,Micah Parsons,
base,245,Black Pandora,false,,Micah Parsons,
base,245,Blue,false,,Micah Parsons,
base,245,Blue Hyper,false,,Micah Parsons,
base,245,Blue Scope,false,,Micah Parsons,
base,245,Bronze,false,,Micah Parsons,
base,245,Fire,false,,Micah Parsons,
base,245,Freedom,false,,Micah Parsons,
base,245,Gold,false,,Micah Parsons,
base,245,Gold Vinyl,false,,Micah Parsons,
base,245,Green,false,,Micah Parsons,
base,245,Green Velocity,false,,Micah Parsons,
base,245,Holo,false,,Micah Parsons,
base,245,Holo Variation,false,,Micah Parsons,
base,245,Ice,false,,Micah Parsons,
base,245,Lime Green,false,,Micah Parsons,
base,245,One Hundred,false,,Micah Parsons,
base,245,Orange,false,,Micah Parsons,
base,245,Orange Scope,false,,Micah Parsons,
base,245,Pink,false,,Micah Parsons,
base,245,Pink Velocity,false,,Micah Parsons,
base,245,Purple,false,,Micah Parsons,
base,245,Purple Shock,false,,Micah Parsons,
base,245,Purple Stars,false,,Micah Parsons,
base,245,Purple Velocity,false,,Micah Parsons,
base,245,Red,false,,Micah Parsons,
base,245,Red Hyper,false,,Micah Parsons,
base,245,Red Mojo,false,,Micah Parsons,
base,245,Red Stars,false,,Micah Parsons,
base,245,Rocket,false,,Micah Parsons,
base,245,Silver Circles,false,,Micah Parsons,
base,245,Stars,false,,Micah Parsons,
base,245,Teal Velocity,false,,Micah Parsons,
base,245,Wave,false,,Micah Parsons,
base,245,Aqua,false,,Micah Parsons,
base,245,Printing Plate Black,false,,Micah Parsons,
insert-legendary-logos,LL-5,Gold Vinyl,false,,Dak Prescott,
insert-legendary-logos,LL-5,Gold,false,,Dak Prescott,
insert-legendary-logos,LL-5,Black Pandora,false,,Dak Prescott,
insert-legendary-logos,LL-5,Purple Stars,false,,Dak Prescott,
base,250,White Sparkle,false,,Kelvin Joseph,
base,250,Black,false,,Kelvin Joseph,
base,250,Black Pandora,false,,Kelvin Joseph,
base,250,Blue,false,,Kelvin Joseph,
base,250,Blue Hyper,false,,Kelvin Joseph,
base,250,Blue Scope,false,,Kelvin Joseph,
base,250,Bronze,false,,Kelvin Joseph,
base,250,Fire,false,,Kelvin Joseph,
base,250,Freedom,false,,Kelvin Joseph,
base,250,Gold,false,,Kelvin Joseph,
base,250,Gold Vinyl,false,,Kelvin Joseph,
base,250,Green,false,,Kelvin Joseph,
base,250,Green Velocity,false,,Kelvin Joseph,
base,250,Holo,false,,Kelvin Joseph,
base,250,Holo Variation,false,,Kelvin Joseph,
base,250,Ice,false,,Kelvin Joseph,
base,250,Lime Green,false,,Kelvin Joseph,
base,250,One Hundred,false,,Kelvin Joseph,
base,250,Orange,false,,Kelvin Joseph,
base,250,Orange Scope,false,,Kelvin Joseph,
base,250,Pink,false,,Kelvin Joseph,
base,250,Pink Velocity,false,,Kelvin Joseph,
base,250,Purple,false,,Kelvin Joseph,
base,250,Purple Shock,false,,Kelvin Joseph,
base,250,Purple Stars,false,,Kelvin Joseph,
base,250,Purple Velocity,false,,Kelvin Joseph,
base,250,Red,false,,Kelvin Joseph,
base,250,Red Hyper,false,,Kelvin Joseph,
base,250,Red Mojo,false,,Kelvin Joseph,
base,250,Red Stars,false,,Kelvin Joseph,
base,250,Rocket,false,,Kelvin Joseph,
base,250,Silver Circles,false,,Kelvin Joseph,
base,250,Stars,false,,Kelvin Joseph,
base,250,Teal Velocity,false,,Kelvin Joseph,
base,250,Wave,false,,Kelvin Joseph,
base,250,Aqua,false,,Kelvin Joseph,
base,250,Printing Plate Black,false,,Kelvin Joseph,
auto-rookie-patch-autographs,RPA-SF,Gold Vinyl,true,,Simi Fehoko,
base,242,White Sparkle,false,,Simi Fehoko,
base,242,Black,false,,Simi Fehoko,
base,242,Black Pandora,false,,Simi Fehoko,
base,242,Blue,false,,Simi Fehoko,
base,242,Blue Hyper,false,,Simi Fehoko,
base,242,Blue Scope,false,,Simi Fehoko,
base,242,Bronze,false,,Simi Fehoko,
base,242,Fire,false,,Simi Fehoko,
base,242,Freedom,false,,Simi Fehoko,
base,242,Gold,false,,Simi Fehoko,
base,242,Gold Vinyl,false,,Simi Fehoko,
base,242,Green,false,,Simi Fehoko,
base,242,Green Velocity,false,,Simi Fehoko,
base,242,Holo,false,,Simi Fehoko,
base,242,Holo Variation,false,,Simi Fehoko,
base,242,Ice,false,,Simi Fehoko,
base,242,Lime Green,false,,Simi Fehoko,
base,242,One Hundred,false,,Simi Fehoko,
base,242,Orange,false,,Simi Fehoko,
base,242,Orange Scope,false,,Simi Fehoko,
base,242,Pink,false,,Simi Fehoko,
base,242,Pink Velocity,false,,Simi Fehoko,
base,242,Purple,false,,Simi Fehoko,
base,242,Purple Shock,false,,Simi Fehoko,
base,242,Purple Stars,false,,Simi Fehoko,
base,242,Purple Velocity,false,,Simi Fehoko,
base,242,Red,false,,Simi Fehoko,
base,242,Red Hyper,false,,Simi Fehoko,
base,242,Red Mojo,false,,Simi Fehoko,
base,242,Red Stars,false,,Simi Fehoko,
base,242,Rocket,false,,Simi Fehoko,
base,242,Silver Circles,false,,Simi Fehoko,
base,242,Stars,false,,Simi Fehoko,
base,242,Teal Velocity,false,,Simi Fehoko,
base,242,Wave,false,,Simi Fehoko,
base,242,Aqua,false,,Simi Fehoko,
base,242,Printing Plate Black,false,,Simi Fehoko,
insert-dominators,DM-DP,Gold Vinyl,false,,Dak Prescott,
insert-dominators,DM-DP,Gold,false,,Dak Prescott,
insert-dominators,DM-DP,Black Pandora,false,,Dak Prescott,
insert-dominators,DM-DP,Purple Stars,false,,Dak Prescott,
insert-rookie-phenoms-horizontal,RPH-42,Blue Hyper,false,,Simi Fehoko,
insert-rookie-phenoms-horizontal,RPH-42,Prime,false,,Simi Fehoko,
insert-rookie-phenoms-horizontal,RPH-42,Red,false,,Simi Fehoko,
insert-rookie-phenoms-horizontal,RPH-42,Gold Vinyl,false,,Simi Fehoko,
insert-mythical,MY-15,White Sparkle,false,,Emmitt Smith,
insert-mythical,MY-15,Gold,false,,Emmitt Smith,
insert-mythical,MY-15,Black Pandora,false,,Emmitt Smith,
insert-mythical,MY-15,Gold Vinyl,false,,Emmitt Smith,
auto-dominators-autographs,DM-DP,Gold Vinyl,true,,Dak Prescott,
auto-rated-rookies-autographs,286,Holo,true,,Jabril Cox,
auto-rated-rookies-autographs,286,Pink Velocity,true,,Jabril Cox,
auto-rated-rookies-autographs,286,Black Pandora,true,,Jabril Cox,
auto-rated-rookies-autographs,286,Blue,true,,Jabril Cox,
auto-rated-rookies-autographs,286,Red Hyper,true,,Jabril Cox,
auto-rated-rookies-autographs,286,Red,true,,Jabril Cox,
auto-rated-rookies-autographs,286,Purple Stars,true,,Jabril Cox,
auto-rated-rookies-autographs,286,Purple,true,,Jabril Cox,
auto-rated-rookies-autographs,286,Bronze,true,,Jabril Cox,
auto-rated-rookies-autographs,286,Gold,true,,Jabril Cox,
auto-rated-rookies-autographs,286,Green,true,,Jabril Cox,
auto-rated-rookies-autographs,286,Gold Vinyl,true,,Jabril Cox,
insert-rookie-phenoms,RP-42,Prime,false,,Simi Fehoko,
insert-rookie-phenoms,RP-42,Blue Hyper,false,,Simi Fehoko,
insert-rookie-phenoms,RP-42,Gold Vinyl,false,,Simi Fehoko,
insert-rookie-phenoms,RP-42,Red,false,,Simi Fehoko,
auto-rated-rookies-rps-autographs,242,Gold Vinyl,true,,Simi Fehoko,
auto-rated-rookies-rps-autographs,242,Red Hyper,true,,Simi Fehoko,
auto-rated-rookies-rps-autographs,242,Red,true,,Simi Fehoko,
auto-rated-rookies-rps-autographs,242,Purple Stars,true,,Simi Fehoko,
auto-rated-rookies-rps-autographs,242,Purple,true,,Simi Fehoko,
auto-rated-rookies-rps-autographs,242,Pink Velocity,true,,Simi Fehoko,
auto-rated-rookies-rps-autographs,242,Holo,true,,Simi Fehoko,
auto-rated-rookies-rps-autographs,242,Green,true,,Simi Fehoko,
auto-rated-rookies-rps-autographs,242,Gold,true,,Simi Fehoko,
auto-rated-rookies-rps-autographs,242,Bronze,true,,Simi Fehoko,
auto-rated-rookies-rps-autographs,242,Blue,true,,Simi Fehoko,
auto-rated-rookies-rps-autographs,242,Black Pandora,true,,Simi Fehoko,
base,19,White Sparkle,false,,Amari Cooper,
base,19,Black,false,,Amari Cooper,
base,19,Black Pandora,false,,Amari Cooper,
base,19,Blue,false,,Amari Cooper,
base,19,Blue Hyper,false,,Amari Cooper,
base,19,Blue Scope,false,,Amari Cooper,
base,19,Bronze,false,,Amari Cooper,
base,19,Fire,false,,Amari Cooper,
base,19,Freedom,false,,Amari Cooper,
base,19,Gold,false,,Amari Cooper,
base,19,Gold Vinyl,false,,Amari Cooper,
base,19,Green,false,,Amari Cooper,
base,19,Green Velocity,false,,Amari Cooper,
base,19,Holo,false,,Amari Cooper,
base,19,Holo Variation,false,,Amari Cooper,
base,19,Ice,false,,Amari Cooper,
base,19,Lime Green,false,,Amari Cooper,
base,19,One Hundred,false,,Amari Cooper,
base,19,Orange,false,,Amari Cooper,
base,19,Orange Scope,false,,Amari Cooper,
base,19,Pink,false,,Amari Cooper,
base,19,Pink Velocity,false,,Amari Cooper,
base,19,Purple,false,,Amari Cooper,
base,19,Purple Shock,false,,Amari Cooper,
base,19,Purple Stars,false,,Amari Cooper,
base,19,Purple Velocity,false,,Amari Cooper,
base,19,Red,false,,Amari Cooper,
base,19,Red Hyper,false,,Amari Cooper,
base,19,Red Mojo,false,,Amari Cooper,
base,19,Red Stars,false,,Amari Cooper,
base,19,Rocket,false,,Amari Cooper,
base,19,Silver Circles,false,,Amari Cooper,
base,19,Stars,false,,Amari Cooper,
base,19,Teal Velocity,false,,Amari Cooper,
base,19,Wave,false,,Amari Cooper,
base,19,Aqua,false,,Amari Cooper,
base,19,Printing Plate Black,false,,Amari Cooper,
insert-my-house,MH-6,Black Pandora,false,,Dak Prescott,
insert-my-house,MH-6,Gold,false,,Dak Prescott,
insert-my-house,MH-6,Gold Vinyl,false,,Dak Prescott,
insert-my-house,MH-6,Purple Stars,false,,Dak Prescott,
base,20,White Sparkle,false,,CeeDee Lamb,
base,20,Black,false,,CeeDee Lamb,
base,20,Black Pandora,false,,CeeDee Lamb,
base,20,Blue,false,,CeeDee Lamb,
base,20,Blue Hyper,false,,CeeDee Lamb,
base,20,Blue Scope,false,,CeeDee Lamb,
base,20,Bronze,false,,CeeDee Lamb,
base,20,Fire,false,,CeeDee Lamb,
base,20,Freedom,false,,CeeDee Lamb,
base,20,Gold,false,,CeeDee Lamb,
base,20,Gold Vinyl,false,,CeeDee Lamb,
base,20,Green,false,,CeeDee Lamb,
base,20,Green Velocity,false,,CeeDee Lamb,
base,20,Holo,false,,CeeDee Lamb,
base,20,Holo Variation,false,,CeeDee Lamb,
base,20,Ice,false,,CeeDee Lamb,
base,20,Lime Green,false,,CeeDee Lamb,
base,20,One Hundred,false,,CeeDee Lamb,
base,20,Orange,false,,CeeDee Lamb,
base,20,Orange Scope,false,,CeeDee Lamb,
base,20,Pink,false,,CeeDee Lamb,
base,20,Pink Velocity,false,,CeeDee Lamb,
base,20,Purple,false,,CeeDee Lamb,
base,20,Purple Shock,false,,CeeDee Lamb,
base,20,Purple Stars,false,,CeeDee Lamb,
base,20,Purple Velocity,false,,CeeDee Lamb,
base,20,Red,false,,CeeDee Lamb,
base,20,Red Hyper,false,,CeeDee Lamb,
base,20,Red Mojo,false,,CeeDee Lamb,
base,20,Red Stars,false,,CeeDee Lamb,
base,20,Rocket,false,,CeeDee Lamb,
base,20,Silver Circles,false,,CeeDee Lamb,
base,20,Stars,false,,CeeDee Lamb,
base,20,Teal Velocity,false,,CeeDee Lamb,
base,20,Wave,false,,CeeDee Lamb,
base,20,Aqua,false,,CeeDee Lamb,
base,20,Printing Plate Black,false,,CeeDee Lamb,
insert-donruss-threads,TH-3,Red,false,,CeeDee Lamb,
insert-donruss-threads,TH-3,Blue Hyper,false,,CeeDee Lamb,
insert-donruss-threads,TH-3,Gold Vinyl,false,,CeeDee Lamb,
insert-donruss-threads,TH-3,Prime,false,,CeeDee Lamb,
auto-legendary-patch-autographs,LPA-TR,Gold Vinyl,true,,Tony Romo,
base,21,White Sparkle,false,,Michael Gallup,
base,21,Black,false,,Michael Gallup,
base,21,Black Pandora,false,,Michael Gallup,
base,21,Blue,false,,Michael Gallup,
base,21,Blue Hyper,false,,Michael Gallup,
base,21,Blue Scope,false,,Michael Gallup,
base,21,Bronze,false,,Michael Gallup,
base,21,Fire,false,,Michael Gallup,
base,21,Freedom,false,,Michael Gallup,
base,21,Gold,false,,Michael Gallup,
base,21,Gold Vinyl,false,,Michael Gallup,
base,21,Green,false,,Michael Gallup,
base,21,Green Velocity,false,,Michael Gallup,
base,21,Holo,false,,Michael Gallup,
base,21,Holo Variation,false,,Michael Gallup,
base,21,Ice,false,,Michael Gallup,
base,21,Lime Green,false,,Michael Gallup,
base,21,One Hundred,false,,Michael Gallup,
base,21,Orange,false,,Michael Gallup,
base,21,Orange Scope,false,,Michael Gallup,
base,21,Pink,false,,Michael Gallup,
base,21,Pink Velocity,false,,Michael Gallup,
base,21,Purple,false,,Michael Gallup,
base,21,Purple Shock,false,,Michael Gallup,
base,21,Purple Stars,false,,Michael Gallup,
base,21,Purple Velocity,false,,Michael Gallup,
base,21,Red,false,,Michael Gallup,
base,21,Red Hyper,false,,Michael Gallup,
base,21,Red Mojo,false,,Michael Gallup,
base,21,Red Stars,false,,Michael Gallup,
base,21,Rocket,false,,Michael Gallup,
base,21,Silver Circles,false,,Michael Gallup,
base,21,Stars,false,,Michael Gallup,
base,21,Teal Velocity,false,,Michael Gallup,
base,21,Wave,false,,Michael Gallup,
base,21,Aqua,false,,Michael Gallup,
base,21,Printing Plate Black,false,,Michael Gallup,
auto-rated-rookies-autographs,285,Holo,true,,Nahshon Wright,
auto-rated-rookies-autographs,285,Pink Velocity,true,,Nahshon Wright,
auto-rated-rookies-autographs,285,Black Pandora,true,,Nahshon Wright,
auto-rated-rookies-autographs,285,Blue,true,,Nahshon Wright,
auto-rated-rookies-autographs,285,Red Hyper,true,,Nahshon Wright,
auto-rated-rookies-autographs,285,Red,true,,Nahshon Wright,
auto-rated-rookies-autographs,285,Purple Stars,true,,Nahshon Wright,
auto-rated-rookies-autographs,285,Purple,true,,Nahshon Wright,
auto-rated-rookies-autographs,285,Bronze,true,,Nahshon Wright,
auto-rated-rookies-autographs,285,Gold,true,,Nahshon Wright,
auto-rated-rookies-autographs,285,Green,true,,Nahshon Wright,
auto-rated-rookies-autographs,285,Gold Vinyl,true,,Nahshon Wright,
base,22,White Sparkle,false,,Dak Prescott,
base,22,Black,false,,Dak Prescott,
base,22,Black Pandora,false,,Dak Prescott,
base,22,Blue,false,,Dak Prescott,
base,22,Blue Hyper,false,,Dak Prescott,
base,22,Blue Scope,false,,Dak Prescott,
base,22,Bronze,false,,Dak Prescott,
base,22,Fire,false,,Dak Prescott,
base,22,Freedom,false,,Dak Prescott,
base,22,Gold,false,,Dak Prescott,
base,22,Gold Vinyl,false,,Dak Prescott,
base,22,Green,false,,Dak Prescott,
base,22,Green Velocity,false,,Dak Prescott,
base,22,Holo,false,,Dak Prescott,
base,22,Holo Variation,false,,Dak Prescott,
base,22,Ice,false,,Dak Prescott,
base,22,Lime Green,false,,Dak Prescott,
base,22,One Hundred,false,,Dak Prescott,
base,22,Orange,false,,Dak Prescott,
base,22,Orange Scope,false,,Dak Prescott,
base,22,Pink,false,,Dak Prescott,
base,22,Pink Velocity,false,,Dak Prescott,
base,22,Purple,false,,Dak Prescott,
base,22,Purple Shock,false,,Dak Prescott,
base,22,Purple Stars,false,,Dak Prescott,
base,22,Purple Velocity,false,,Dak Prescott,
base,22,Red,false,,Dak Prescott,
base,22,Red Hyper,false,,Dak Prescott,
base,22,Red Mojo,false,,Dak Prescott,
base,22,Red Stars,false,,Dak Prescott,
base,22,Rocket,false,,Dak Prescott,
base,22,Silver Circles,false,,Dak Prescott,
base,22,Stars,false,,Dak Prescott,
base,22,Teal Velocity,false,,Dak Prescott,
base,22,Wave,false,,Dak Prescott,
base,22,Aqua,false,,Dak Prescott,
base,22,Printing Plate Black,false,,Dak Prescott,
base,23,White Sparkle,false,,Ezekiel Elliott,
base,23,Black,false,,Ezekiel Elliott,
base,23,Black Pandora,false,,Ezekiel Elliott,
base,23,Blue,false,,Ezekiel Elliott,
base,23,Blue Hyper,false,,Ezekiel Elliott,
base,23,Blue Scope,false,,Ezekiel Elliott,
base,23,Bronze,false,,Ezekiel Elliott,
base,23,Fire,false,,Ezekiel Elliott,
base,23,Freedom,false,,Ezekiel Elliott,
base,23,Gold,false,,Ezekiel Elliott,
base,23,Gold Vinyl,false,,Ezekiel Elliott,
base,23,Green,false,,Ezekiel Elliott,
base,23,Green Velocity,false,,Ezekiel Elliott,
base,23,Holo,false,,Ezekiel Elliott,
base,23,Holo Variation,false,,Ezekiel Elliott,
base,23,Ice,false,,Ezekiel Elliott,
base,23,Lime Green,false,,Ezekiel Elliott,
base,23,One Hundred,false,,Ezekiel Elliott,
base,23,Orange,false,,Ezekiel Elliott,
base,23,Orange Scope,false,,Ezekiel Elliott,
base,23,Pink,false,,Ezekiel Elliott,
base,23,Pink Velocity,false,,Ezekiel Elliott,
base,23,Purple,false,,Ezekiel Elliott,
base,23,Purple Shock,false,,Ezekiel Elliott,
base,23,Purple Stars,false,,Ezekiel Elliott,
base,23,Purple Velocity,false,,Ezekiel Elliott,
base,23,Red,false,,Ezekiel Elliott,
base,23,Red Hyper,false,,Ezekiel Elliott,
base,23,Red Mojo,false,,Ezekiel Elliott,
base,23,Red Stars,false,,Ezekiel Elliott,
base,23,Rocket,false,,Ezekiel Elliott,
base,23,Silver Circles,false,,Ezekiel Elliott,
base,23,Stars,false,,Ezekiel Elliott,
base,23,Teal Velocity,false,,Ezekiel Elliott,
base,23,Wave,false,,Ezekiel Elliott,
base,23,Aqua,false,,Ezekiel Elliott,
base,23,Printing Plate Black,false,,Ezekiel Elliott,
auto-rated-rookies-autographs,245,Holo,true,,Micah Parsons,
auto-rated-rookies-autographs,245,Pink Velocity,true,,Micah Parsons,
auto-rated-rookies-autographs,245,Black Pandora,true,,Micah Parsons,
auto-rated-rookies-autographs,245,Blue,true,,Micah Parsons,
auto-rated-rookies-autographs,245,Red Hyper,true,,Micah Parsons,
auto-rated-rookies-autographs,245,Red,true,,Micah Parsons,
auto-rated-rookies-autographs,245,Purple Stars,true,,Micah Parsons,
auto-rated-rookies-autographs,245,Purple,true,,Micah Parsons,
auto-rated-rookies-autographs,245,Bronze,true,,Micah Parsons,
auto-rated-rookies-autographs,245,Gold,true,,Micah Parsons,
auto-rated-rookies-autographs,245,Green,true,,Micah Parsons,
auto-rated-rookies-autographs,245,Gold Vinyl,true,,Micah Parsons,
base,24,White Sparkle,false,,DeMarcus Lawrence,
base,24,Black,false,,DeMarcus Lawrence,
base,24,Black Pandora,false,,DeMarcus Lawrence,
base,24,Blue,false,,DeMarcus Lawrence,
base,24,Blue Hyper,false,,DeMarcus Lawrence,
base,24,Blue Scope,false,,DeMarcus Lawrence,
base,24,Bronze,false,,DeMarcus Lawrence,
base,24,Fire,false,,DeMarcus Lawrence,
base,24,Freedom,false,,DeMarcus Lawrence,
base,24,Gold,false,,DeMarcus Lawrence,
base,24,Gold Vinyl,false,,DeMarcus Lawrence,
base,24,Green,false,,DeMarcus Lawrence,
base,24,Green Velocity,false,,DeMarcus Lawrence,
base,24,Holo,false,,DeMarcus Lawrence,
base,24,Holo Variation,false,,DeMarcus Lawrence,
base,24,Ice,false,,DeMarcus Lawrence,
base,24,Lime Green,false,,DeMarcus Lawrence,
base,24,One Hundred,false,,DeMarcus Lawrence,
base,24,Orange,false,,DeMarcus Lawrence,
base,24,Orange Scope,false,,DeMarcus Lawrence,
base,24,Pink,false,,DeMarcus Lawrence,
base,24,Pink Velocity,false,,DeMarcus Lawrence,
base,24,Purple,false,,DeMarcus Lawrence,
base,24,Purple Shock,false,,DeMarcus Lawrence,
base,24,Purple Stars,false,,DeMarcus Lawrence,
base,24,Purple Velocity,false,,DeMarcus Lawrence,
base,24,Red,false,,DeMarcus Lawrence,
base,24,Red Hyper,false,,DeMarcus Lawrence,
base,24,Red Mojo,false,,DeMarcus Lawrence,
base,24,Red Stars,false,,DeMarcus Lawrence,
base,24,Rocket,false,,DeMarcus Lawrence,
base,24,Silver Circles,false,,DeMarcus Lawrence,
base,24,Stars,false,,DeMarcus Lawrence,
base,24,Teal Velocity,false,,DeMarcus Lawrence,
base,24,Wave,false,,DeMarcus Lawrence,
base,24,Aqua,false,,DeMarcus Lawrence,
base,24,Printing Plate Black,false,,DeMarcus Lawrence,
base,25,White Sparkle,false,,Emmitt Smith,
base,25,Black,false,,Emmitt Smith,
base,25,Black Pandora,false,,Emmitt Smith,
base,25,Blue,false,,Emmitt Smith,
base,25,Blue Hyper,false,,Emmitt Smith,
base,25,Blue Scope,false,,Emmitt Smith,
base,25,Bronze,false,,Emmitt Smith,
base,25,Fire,false,,Emmitt Smith,
base,25,Freedom,false,,Emmitt Smith,
base,25,Gold,false,,Emmitt Smith,
base,25,Gold Vinyl,false,,Emmitt Smith,
base,25,Green,false,,Emmitt Smith,
base,25,Green Velocity,false,,Emmitt Smith,
base,25,Holo,false,,Emmitt Smith,
base,25,Holo Variation,false,,Emmitt Smith,
base,25,Ice,false,,Emmitt Smith,
base,25,Lime Green,false,,Emmitt Smith,
base,25,One Hundred,false,,Emmitt Smith,
base,25,Orange,false,,Emmitt Smith,
base,25,Orange Scope,false,,Emmitt Smith,
base,25,Pink,false,,Emmitt Smith,
base,25,Pink Velocity,false,,Emmitt Smith,
base,25,Purple,false,,Emmitt Smith,
base,25,Purple Shock,false,,Emmitt Smith,
base,25,Purple Stars,false,,Emmitt Smith,
base,25,Purple Velocity,false,,Emmitt Smith,
base,25,Red,false,,Emmitt Smith,
base,25,Red Hyper,false,,Emmitt Smith,
base,25,Red Mojo,false,,Emmitt Smith,
base,25,Red Stars,false,,Emmitt Smith,
base,25,Rocket,false,,Emmitt Smith,
base,25,Silver Circles,false,,Emmitt Smith,
base,25,Stars,false,,Emmitt Smith,
base,25,Teal Velocity,false,,Emmitt Smith,
base,25,Wave,false,,Emmitt Smith,
base,25,Aqua,false,,Emmitt Smith,
base,25,Printing Plate Black,false,,Emmitt Smith,
base,285,White Sparkle,false,,Nahshon Wright,
base,285,Black,false,,Nahshon Wright,
base,285,Black Pandora,false,,Nahshon Wright,
base,285,Blue,false,,Nahshon Wright,
base,285,Blue Hyper,false,,Nahshon Wright,
base,285,Blue Scope,false,,Nahshon Wright,
base,285,Bronze,false,,Nahshon Wright,
base,285,Fire,false,,Nahshon Wright,
base,285,Freedom,false,,Nahshon Wright,
base,285,Gold,false,,Nahshon Wright,
base,285,Gold Vinyl,false,,Nahshon Wright,
base,285,Green,false,,Nahshon Wright,
base,285,Green Velocity,false,,Nahshon Wright,
base,285,Holo,false,,Nahshon Wright,
base,285,Holo Variation,false,,Nahshon Wright,
base,285,Ice,false,,Nahshon Wright,
base,285,Lime Green,false,,Nahshon Wright,
base,285,One Hundred,false,,Nahshon Wright,
base,285,Orange,false,,Nahshon Wright,
base,285,Orange Scope,false,,Nahshon Wright,
base,285,Pink,false,,Nahshon Wright,
base,285,Pink Velocity,false,,Nahshon Wright,
base,285,Purple,false,,Nahshon Wright,
base,285,Purple Shock,false,,Nahshon Wright,
base,285,Purple Stars,false,,Nahshon Wright,
base,285,Purple Velocity,false,,Nahshon Wright,
base,285,Red,false,,Nahshon Wright,
base,285,Red Hyper,false,,Nahshon Wright,
base,285,Red Mojo,false,,Nahshon Wright,
base,285,Red Stars,false,,Nahshon Wright,
base,285,Rocket,false,,Nahshon Wright,
base,285,Silver Circles,false,,Nahshon Wright,
base,285,Stars,false,,Nahshon Wright,
base,285,Teal Velocity,false,,Nahshon Wright,
base,285,Wave,false,,Nahshon Wright,
base,285,Aqua,false,,Nahshon Wright,
base,285,Printing Plate Black,false,,Nahshon Wright,
insert-gifted-rookies,GR-15,Gold Vinyl,false,,Javonte Williams,
insert-gifted-rookies,GR-15,Gold,false,,Javonte Williams,
insert-gifted-rookies,GR-15,Black Pandora,false,,Javonte Williams,
insert-gifted-rookies,GR-15,Purple Stars,false,,Javonte Williams,
insert-rookie-phenoms,RP-15,Prime,false,,Javonte Williams,
insert-rookie-phenoms,RP-15,Blue Hyper,false,,Javonte Williams,
insert-rookie-phenoms,RP-15,Gold Vinyl,false,,Javonte Williams,
insert-rookie-phenoms,RP-15,Red,false,,Javonte Williams,
insert-red-hot-rookies,RHR-8,Black Pandora,false,,Javonte Williams,
insert-red-hot-rookies,RHR-8,Gold Vinyl,false,,Javonte Williams,
insert-red-hot-rookies,RHR-8,Purple Stars,false,,Javonte Williams,
insert-red-hot-rookies,RHR-8,Gold,false,,Javonte Williams,
insert-rookie-kings,RK-15,Gold,false,,Javonte Williams,
insert-rookie-kings,RK-15,Gold Vinyl,false,,Javonte Williams,
insert-rookie-kings,RK-15,White Sparkle,false,,Javonte Williams,
insert-rookie-kings,RK-15,Black Pandora,false,,Javonte Williams,
insert-rookie-gridiron-kings,RGK-13,Gold,false,,Javonte Williams,
insert-rookie-gridiron-kings,RGK-13,Gold Vinyl,false,,Javonte Williams,
insert-rookie-gridiron-kings,RGK-13,Black Pandora,false,,Javonte Williams,
insert-rookie-gridiron-kings,RGK-13,Purple Stars,false,,Javonte Williams,
base,27,White Sparkle,false,,Jerry Jeudy,
base,27,Black,false,,Jerry Jeudy,
base,27,Black Pandora,false,,Jerry Jeudy,
base,27,Blue,false,,Jerry Jeudy,
base,27,Blue Hyper,false,,Jerry Jeudy,
base,27,Blue Scope,false,,Jerry Jeudy,
base,27,Bronze,false,,Jerry Jeudy,
base,27,Fire,false,,Jerry Jeudy,
base,27,Freedom,false,,Jerry Jeudy,
base,27,Gold,false,,Jerry Jeudy,
base,27,Gold Vinyl,false,,Jerry Jeudy,
base,27,Green,false,,Jerry Jeudy,
base,27,Green Velocity,false,,Jerry Jeudy,
base,27,Holo,false,,Jerry Jeudy,
base,27,Holo Variation,false,,Jerry Jeudy,
base,27,Ice,false,,Jerry Jeudy,
base,27,Lime Green,false,,Jerry Jeudy,
base,27,One Hundred,false,,Jerry Jeudy,
base,27,Orange,false,,Jerry Jeudy,
base,27,Orange Scope,false,,Jerry Jeudy,
base,27,Pink,false,,Jerry Jeudy,
base,27,Pink Velocity,false,,Jerry Jeudy,
base,27,Purple,false,,Jerry Jeudy,
base,27,Purple Shock,false,,Jerry Jeudy,
base,27,Purple Stars,false,,Jerry Jeudy,
base,27,Purple Velocity,false,,Jerry Jeudy,
base,27,Red,false,,Jerry Jeudy,
base,27,Red Hyper,false,,Jerry Jeudy,
base,27,Red Mojo,false,,Jerry Jeudy,
base,27,Red Stars,false,,Jerry Jeudy,
base,27,Rocket,false,,Jerry Jeudy,
base,27,Silver Circles,false,,Jerry Jeudy,
base,27,Stars,false,,Jerry Jeudy,
base,27,Teal Velocity,false,,Jerry Jeudy,
base,27,Wave,false,,Jerry Jeudy,
base,27,Aqua,false,,Jerry Jeudy,
base,27,Printing Plate Black,false,,Jerry Jeudy,
base,29,White Sparkle,false,,Melvin Gordon III,
base,29,Black,false,,Melvin Gordon III,
base,29,Black Pandora,false,,Melvin Gordon III,
base,29,Blue,false,,Melvin Gordon III,
base,29,Blue Hyper,false,,Melvin Gordon III,
base,29,Blue Scope,false,,Melvin Gordon III,
base,29,Bronze,false,,Melvin Gordon III,
base,29,Fire,false,,Melvin Gordon III,
base,29,Freedom,false,,Melvin Gordon III,
base,29,Gold,false,,Melvin Gordon III,
base,29,Gold Vinyl,false,,Melvin Gordon III,
base,29,Green,false,,Melvin Gordon III,
base,29,Green Velocity,false,,Melvin Gordon III,
base,29,Holo,false,,Melvin Gordon III,
base,29,Holo Variation,false,,Melvin Gordon III,
base,29,Ice,false,,Melvin Gordon III,
base,29,Lime Green,false,,Melvin Gordon III,
base,29,One Hundred,false,,Melvin Gordon III,
base,29,Orange,false,,Melvin Gordon III,
base,29,Orange Scope,false,,Melvin Gordon III,
base,29,Pink,false,,Melvin Gordon III,
base,29,Pink Velocity,false,,Melvin Gordon III,
base,29,Purple,false,,Melvin Gordon III,
base,29,Purple Shock,false,,Melvin Gordon III,
base,29,Purple Stars,false,,Melvin Gordon III,
base,29,Purple Velocity,false,,Melvin Gordon III,
base,29,Red,false,,Melvin Gordon III,
base,29,Red Hyper,false,,Melvin Gordon III,
base,29,Red Mojo,false,,Melvin Gordon III,
base,29,Red Stars,false,,Melvin Gordon III,
base,29,Rocket,false,,Melvin Gordon III,
base,29,Silver Circles,false,,Melvin Gordon III,
base,29,Stars,false,,Melvin Gordon III,
base,29,Teal Velocity,false,,Melvin Gordon III,
base,29,Wave,false,,Melvin Gordon III,
base,29,Aqua,false,,Melvin Gordon III,
base,29,Printing Plate Black,false,,Melvin Gordon III,
insert-mythical,MY-10,White Sparkle,false,,John Elway,
insert-mythical,MY-10,Gold,false,,John Elway,
insert-mythical,MY-10,Black Pandora,false,,John Elway,
insert-mythical,MY-10,Gold Vinyl,false,,John Elway,
insert-rising-suns,RS-10,Purple Stars,false,,Patrick Surtain II,
insert-rising-suns,RS-10,Gold,false,,Patrick Surtain II,
insert-rising-suns,RS-10,Gold Vinyl,false,,Patrick Surtain II,
insert-rising-suns,RS-10,Black Pandora,false,,Patrick Surtain II,
base,244,White Sparkle,false,,Patrick Surtain II,
base,244,Black,false,,Patrick Surtain II,
base,244,Black Pandora,false,,Patrick Surtain II,
base,244,Blue,false,,Patrick Surtain II,
base,244,Blue Hyper,false,,Patrick Surtain II,
base,244,Blue Scope,false,,Patrick Surtain II,
base,244,Bronze,false,,Patrick Surtain II,
base,244,Fire,false,,Patrick Surtain II,
base,244,Freedom,false,,Patrick Surtain II,
base,244,Gold,false,,Patrick Surtain II,
base,244,Gold Vinyl,false,,Patrick Surtain II,
base,244,Green,false,,Patrick Surtain II,
base,244,Green Velocity,false,,Patrick Surtain II,
base,244,Holo,false,,Patrick Surtain II,
base,244,Holo Variation,false,,Patrick Surtain II,
base,244,Ice,false,,Patrick Surtain II,
base,244,Lime Green,false,,Patrick Surtain II,
base,244,One Hundred,false,,Patrick Surtain II,
base,244,Orange,false,,Patrick Surtain II,
base,244,Orange Scope,false,,Patrick Surtain II,
base,244,Pink,false,,Patrick Surtain II,
base,244,Pink Velocity,false,,Patrick Surtain II,
base,244,Purple,false,,Patrick Surtain II,
base,244,Purple Shock,false,,Patrick Surtain II,
base,244,Purple Stars,false,,Patrick Surtain II,
base,244,Purple Velocity,false,,Patrick Surtain II,
base,244,Red,false,,Patrick Surtain II,
base,244,Red Hyper,false,,Patrick Surtain II,
base,244,Red Mojo,false,,Patrick Surtain II,
base,244,Red Stars,false,,Patrick Surtain II,
base,244,Rocket,false,,Patrick Surtain II,
base,244,Silver Circles,false,,Patrick Surtain II,
base,244,Stars,false,,Patrick Surtain II,
base,244,Teal Velocity,false,,Patrick Surtain II,
base,244,Wave,false,,Patrick Surtain II,
base,244,Aqua,false,,Patrick Surtain II,
base,244,Printing Plate Black,false,,Patrick Surtain II,
auto-rookie-patch-autographs,RPA-JW,Gold Vinyl,true,,Javonte Williams,
base,262,White Sparkle,false,,Quinn Meinerz,
base,262,Black,false,,Quinn Meinerz,
base,262,Black Pandora,false,,Quinn Meinerz,
base,262,Blue,false,,Quinn Meinerz,
base,262,Blue Hyper,false,,Quinn Meinerz,
base,262,Blue Scope,false,,Quinn Meinerz,
base,262,Bronze,false,,Quinn Meinerz,
base,262,Fire,false,,Quinn Meinerz,
base,262,Freedom,false,,Quinn Meinerz,
base,262,Gold,false,,Quinn Meinerz,
base,262,Gold Vinyl,false,,Quinn Meinerz,
base,262,Green,false,,Quinn Meinerz,
base,262,Green Velocity,false,,Quinn Meinerz,
base,262,Holo,false,,Quinn Meinerz,
base,262,Holo Variation,false,,Quinn Meinerz,
base,262,Ice,false,,Quinn Meinerz,
base,262,Lime Green,false,,Quinn Meinerz,
base,262,One Hundred,false,,Quinn Meinerz,
base,262,Orange,false,,Quinn Meinerz,
base,262,Orange Scope,false,,Quinn Meinerz,
base,262,Pink,false,,Quinn Meinerz,
base,262,Pink Velocity,false,,Quinn Meinerz,
base,262,Purple,false,,Quinn Meinerz,
base,262,Purple Shock,false,,Quinn Meinerz,
base,262,Purple Stars,false,,Quinn Meinerz,
base,262,Purple Velocity,false,,Quinn Meinerz,
base,262,Red,false,,Quinn Meinerz,
base,262,Red Hyper,false,,Quinn Meinerz,
base,262,Red Mojo,false,,Quinn Meinerz,
base,262,Red Stars,false,,Quinn Meinerz,
base,262,Rocket,false,,Quinn Meinerz,
base,262,Silver Circles,false,,Quinn Meinerz,
base,262,Stars,false,,Quinn Meinerz,
base,262,Teal Velocity,false,,Quinn Meinerz,
base,262,Wave,false,,Quinn Meinerz,
base,262,Aqua,false,,Quinn Meinerz,
base,262,Printing Plate Black,false,,Quinn Meinerz,
insert-rookie-phenoms-horizontal,RPH-15,Blue Hyper,false,,Javonte Williams,
insert-rookie-phenoms-horizontal,RPH-15,Prime,false,,Javonte Williams,
insert-rookie-phenoms-horizontal,RPH-15,Red,false,,Javonte Williams,
insert-rookie-phenoms-horizontal,RPH-15,Gold Vinyl,false,,Javonte Williams,
insert-downtown,DT-24,Gold Vinyl,false,,John Elway,
insert-downtown,DT-24,Gold,false,,John Elway,
insert-downtown,DT-24,Black Pandora,false,,John Elway,
insert-downtown,DT-24,White Sparkle,false,,John Elway,
insert-legendary-logos,LL-6,Gold Vinyl,false,,Javonte Williams,
insert-legendary-logos,LL-6,Gold,false,,Javonte Williams,
insert-legendary-logos,LL-6,Black Pandora,false,,Javonte Williams,
insert-legendary-logos,LL-6,Purple Stars,false,,Javonte Williams,
auto-rated-rookies-autographs,244,Holo,true,,Patrick Surtain II,
auto-rated-rookies-autographs,244,Pink Velocity,true,,Patrick Surtain II,
auto-rated-rookies-autographs,244,Black Pandora,true,,Patrick Surtain II,
auto-rated-rookies-autographs,244,Blue,true,,Patrick Surtain II,
auto-rated-rookies-autographs,244,Red Hyper,true,,Patrick Surtain II,
auto-rated-rookies-autographs,244,Red,true,,Patrick Surtain II,
auto-rated-rookies-autographs,244,Purple Stars,true,,Patrick Surtain II,
auto-rated-rookies-autographs,244,Purple,true,,Patrick Surtain II,
auto-rated-rookies-autographs,244,Bronze,true,,Patrick Surtain II,
auto-rated-rookies-autographs,244,Gold,true,,Patrick Surtain II,
auto-rated-rookies-autographs,244,Green,true,,Patrick Surtain II,
auto-rated-rookies-autographs,244,Gold Vinyl,true,,Patrick Surtain II,
base,215,White Sparkle,false,,Javonte Williams,
base,215,Black,false,,Javonte Williams,
base,215,Black Pandora,false,,Javonte Williams,
base,215,Blue,false,,Javonte Williams,
base,215,Blue Hyper,false,,Javonte Williams,
base,215,Blue Scope,false,,Javonte Williams,
base,215,Bronze,false,,Javonte Williams,
base,215,Fire,false,,Javonte Williams,
base,215,Freedom,false,,Javonte Williams,
base,215,Gold,false,,Javonte Williams,
base,215,Gold Vinyl,false,,Javonte Williams,
base,215,Green,false,,Javonte Williams,
base,215,Green Velocity,false,,Javonte Williams,
base,215,Holo,false,,Javonte Williams,
base,215,Holo Variation,false,,Javonte Williams,
base,215,Ice,false,,Javonte Williams,
base,215,Lime Green,false,,Javonte Williams,
base,215,One Hundred,false,,Javonte Williams,
base,215,Orange,false,,Javonte Williams,
base,215,Orange Scope,false,,Javonte Williams,
base,215,Pink,false,,Javonte Williams,
base,215,Pink Velocity,false,,Javonte Williams,
base,215,Purple,false,,Javonte Williams,
base,215,Purple Shock,false,,Javonte Williams,
base,215,Purple Stars,false,,Javonte Williams,
base,215,Purple Velocity,false,,Javonte Williams,
base,215,Red,false,,Javonte Williams,
base,215,Red Hyper,false,,Javonte Williams,
base,215,Red Mojo,false,,Javonte Williams,
base,215,Red Stars,false,,Javonte Williams,
base,215,Rocket,false,,Javonte Williams,
base,215,Silver Circles,false,,Javonte Williams,
base,215,Stars,false,,Javonte Williams,
base,215,Teal Velocity,false,,Javonte Williams,
base,215,Wave,false,,Javonte Williams,
base,215,Aqua,false,,Javonte Williams,
base,215,Printing Plate Black,false,,Javonte Williams,
auto-dynamic-patch-autographs,DPA-CP,Gold Vinyl,true,,Clinton Portis,
base,31,White Sparkle,false,,Jake Plummer,
base,31,Black,false,,Jake Plummer,
base,31,Black Pandora,false,,Jake Plummer,
base,31,Blue,false,,Jake Plummer,
base,31,Blue Hyper,false,,Jake Plummer,
base,31,Blue Scope,false,,Jake Plummer,
base,31,Bronze,false,,Jake Plummer,
base,31,Fire,false,,Jake Plummer,
base,31,Freedom,false,,Jake Plummer,
base,31,Gold,false,,Jake Plummer,
base,31,Gold Vinyl,false,,Jake Plummer,
base,31,Green,false,,Jake Plummer,
base,31,Green Velocity,false,,Jake Plummer,
base,31,Holo,false,,Jake Plummer,
base,31,Holo Variation,false,,Jake Plummer,
base,31,Ice,false,,Jake Plummer,
base,31,Lime Green,false,,Jake Plummer,
base,31,One Hundred,false,,Jake Plummer,
base,31,Orange,false,,Jake Plummer,
base,31,Orange Scope,false,,Jake Plummer,
base,31,Pink,false,,Jake Plummer,
base,31,Pink Velocity,false,,Jake Plummer,
base,31,Purple,false,,Jake Plummer,
base,31,Purple Shock,false,,Jake Plummer,
base,31,Purple Stars,false,,Jake Plummer,
base,31,Purple Velocity,false,,Jake Plummer,
base,31,Red,false,,Jake Plummer,
base,31,Red Hyper,false,,Jake Plummer,
base,31,Red Mojo,false,,Jake Plummer,
base,31,Red Stars,false,,Jake Plummer,
base,31,Rocket,false,,Jake Plummer,
base,31,Silver Circles,false,,Jake Plummer,
base,31,Stars,false,,Jake Plummer,
base,31,Teal Velocity,false,,Jake Plummer,
base,31,Wave,false,,Jake Plummer,
base,31,Aqua,false,,Jake Plummer,
base,31,Printing Plate Black,false,,Jake Plummer,
base,28,White Sparkle,false,,Noah Fant,
base,28,Black,false,,Noah Fant,
base,28,Black Pandora,false,,Noah Fant,
base,28,Blue,false,,Noah Fant,
base,28,Blue Hyper,false,,Noah Fant,
base,28,Blue Scope,false,,Noah Fant,
base,28,Bronze,false,,Noah Fant,
base,28,Fire,false,,Noah Fant,
base,28,Freedom,false,,Noah Fant,
base,28,Gold,false,,Noah Fant,
base,28,Gold Vinyl,false,,Noah Fant,
base,28,Green,false,,Noah Fant,
base,28,Green Velocity,false,,Noah Fant,
base,28,Holo,false,,Noah Fant,
base,28,Holo Variation,false,,Noah Fant,
base,28,Ice,false,,Noah Fant,
base,28,Lime Green,false,,Noah Fant,
base,28,One Hundred,false,,Noah Fant,
base,28,Orange,false,,Noah Fant,
base,28,Orange Scope,false,,Noah Fant,
base,28,Pink,false,,Noah Fant,
base,28,Pink Velocity,false,,Noah Fant,
base,28,Purple,false,,Noah Fant,
base,28,Purple Shock,false,,Noah Fant,
base,28,Purple Stars,false,,Noah Fant,
base,28,Purple Velocity,false,,Noah Fant,
base,28,Red,false,,Noah Fant,
base,28,Red Hyper,false,,Noah Fant,
base,28,Red Mojo,false,,Noah Fant,
base,28,Red Stars,false,,Noah Fant,
base,28,Rocket,false,,Noah Fant,
base,28,Silver Circles,false,,Noah Fant,
base,28,Stars,false,,Noah Fant,
base,28,Teal Velocity,false,,Noah Fant,
base,28,Wave,false,,Noah Fant,
base,28,Aqua,false,,Noah Fant,
base,28,Printing Plate Black,false,,Noah Fant,
base,30,White Sparkle,false,,Von Miller,
base,30,Black,false,,Von Miller,
base,30,Black Pandora,false,,Von Miller,
base,30,Blue,false,,Von Miller,
base,30,Blue Hyper,false,,Von Miller,
base,30,Blue Scope,false,,Von Miller,
base,30,Bronze,false,,Von Miller,
base,30,Fire,false,,Von Miller,
base,30,Freedom,false,,Von Miller,
base,30,Gold,false,,Von Miller,
base,30,Gold Vinyl,false,,Von Miller,
base,30,Green,false,,Von Miller,
base,30,Green Velocity,false,,Von Miller,
base,30,Holo,false,,Von Miller,
base,30,Holo Variation,false,,Von Miller,
base,30,Ice,false,,Von Miller,
base,30,Lime Green,false,,Von Miller,
base,30,One Hundred,false,,Von Miller,
base,30,Orange,false,,Von Miller,
base,30,Orange Scope,false,,Von Miller,
base,30,Pink,false,,Von Miller,
base,30,Pink Velocity,false,,Von Miller,
base,30,Purple,false,,Von Miller,
base,30,Purple Shock,false,,Von Miller,
base,30,Purple Stars,false,,Von Miller,
base,30,Purple Velocity,false,,Von Miller,
base,30,Red,false,,Von Miller,
base,30,Red Hyper,false,,Von Miller,
base,30,Red Mojo,false,,Von Miller,
base,30,Red Stars,false,,Von Miller,
base,30,Rocket,false,,Von Miller,
base,30,Silver Circles,false,,Von Miller,
base,30,Stars,false,,Von Miller,
base,30,Teal Velocity,false,,Von Miller,
base,30,Wave,false,,Von Miller,
base,30,Aqua,false,,Von Miller,
base,30,Printing Plate Black,false,,Von Miller,
auto-rookie-gridiron-kings-autographs,RGK-13,Gold Vinyl,true,,Javonte Williams,
auto-rookie-gridiron-kings-autographs,RGK-13,Purple Stars,true,,Javonte Williams,
base,26,White Sparkle,false,,Courtland Sutton,
base,26,Black,false,,Courtland Sutton,
base,26,Black Pandora,false,,Courtland Sutton,
base,26,Blue,false,,Courtland Sutton,
base,26,Blue Hyper,false,,Courtland Sutton,
base,26,Blue Scope,false,,Courtland Sutton,
base,26,Bronze,false,,Courtland Sutton,
base,26,Fire,false,,Courtland Sutton,
base,26,Freedom,false,,Courtland Sutton,
base,26,Gold,false,,Courtland Sutton,
base,26,Gold Vinyl,false,,Courtland Sutton,
base,26,Green,false,,Courtland Sutton,
base,26,Green Velocity,false,,Courtland Sutton,
base,26,Holo,false,,Courtland Sutton,
base,26,Holo Variation,false,,Courtland Sutton,
base,26,Ice,false,,Courtland Sutton,
base,26,Lime Green,false,,Courtland Sutton,
base,26,One Hundred,false,,Courtland Sutton,
base,26,Orange,false,,Courtland Sutton,
base,26,Orange Scope,false,,Courtland Sutton,
base,26,Pink,false,,Courtland Sutton,
base,26,Pink Velocity,false,,Courtland Sutton,
base,26,Purple,false,,Courtland Sutton,
base,26,Purple Shock,false,,Courtland Sutton,
base,26,Purple Stars,false,,Courtland Sutton,
base,26,Purple Velocity,false,,Courtland Sutton,
base,26,Red,false,,Courtland Sutton,
base,26,Red Hyper,false,,Courtland Sutton,
base,26,Red Mojo,false,,Courtland Sutton,
base,26,Red Stars,false,,Courtland Sutton,
base,26,Rocket,false,,Courtland Sutton,
base,26,Silver Circles,false,,Courtland Sutton,
base,26,Stars,false,,Courtland Sutton,
base,26,Teal Velocity,false,,Courtland Sutton,
base,26,Wave,false,,Courtland Sutton,
base,26,Aqua,false,,Courtland Sutton,
base,26,Printing Plate Black,false,,Courtland Sutton,
auto-rated-rookies-rps-autographs,215,Gold Vinyl,true,,Javonte Williams,
auto-rated-rookies-rps-autographs,215,Red Hyper,true,,Javonte Williams,
auto-rated-rookies-rps-autographs,215,Red,true,,Javonte Williams,
auto-rated-rookies-rps-autographs,215,Purple Stars,true,,Javonte Williams,
auto-rated-rookies-rps-autographs,215,Purple,true,,Javonte Williams,
auto-rated-rookies-rps-autographs,215,Pink Velocity,true,,Javonte Williams,
auto-rated-rookies-rps-autographs,215,Holo,true,,Javonte Williams,
auto-rated-rookies-rps-autographs,215,Green,true,,Javonte Williams,
auto-rated-rookies-rps-autographs,215,Gold,true,,Javonte Williams,
auto-rated-rookies-rps-autographs,215,Bronze,true,,Javonte Williams,
auto-rated-rookies-rps-autographs,215,Blue,true,,Javonte Williams,
auto-rated-rookies-rps-autographs,215,Black Pandora,true,,Javonte Williams,
insert-retro-series,RS-TD,Gold,false,,Terrell Davis,
insert-retro-series,RS-TD,Black Pandora,false,,Terrell Davis,
insert-retro-series,RS-TD,Gold Vinyl,false,,Terrell Davis,
insert-retro-series,RS-TD,Purple Stars,false,,Terrell Davis,
insert-donruss-threads,TH-9,Red,false,,Jerry Jeudy,
insert-donruss-threads,TH-9,Blue Hyper,false,,Jerry Jeudy,
insert-donruss-threads,TH-9,Gold Vinyl,false,,Jerry Jeudy,
insert-donruss-threads,TH-9,Prime,false,,Jerry Jeudy,
base,84,White Sparkle,false,,Jared Goff,
base,84,Black,false,,Jared Goff,
base,84,Black Pandora,false,,Jared Goff,
base,84,Blue,false,,Jared Goff,
base,84,Blue Hyper,false,,Jared Goff,
base,84,Blue Scope,false,,Jared Goff,
base,84,Bronze,false,,Jared Goff,
base,84,Fire,false,,Jared Goff,
base,84,Freedom,false,,Jared Goff,
base,84,Gold,false,,Jared Goff,
base,84,Gold Vinyl,false,,Jared Goff,
base,84,Green,false,,Jared Goff,
base,84,Green Velocity,false,,Jared Goff,
base,84,Holo,false,,Jared Goff,
base,84,Holo Variation,false,,Jared Goff,
base,84,Ice,false,,Jared Goff,
base,84,Lime Green,false,,Jared Goff,
base,84,One Hundred,false,,Jared Goff,
base,84,Orange,false,,Jared Goff,
base,84,Orange Scope,false,,Jared Goff,
base,84,Pink,false,,Jared Goff,
base,84,Pink Velocity,false,,Jared Goff,
base,84,Purple,false,,Jared Goff,
base,84,Purple Shock,false,,Jared Goff,
base,84,Purple Stars,false,,Jared Goff,
base,84,Purple Velocity,false,,Jared Goff,
base,84,Red,false,,Jared Goff,
base,84,Red Hyper,false,,Jared Goff,
base,84,Red Mojo,false,,Jared Goff,
base,84,Red Stars,false,,Jared Goff,
base,84,Rocket,false,,Jared Goff,
base,84,Silver Circles,false,,Jared Goff,
base,84,Stars,false,,Jared Goff,
base,84,Teal Velocity,false,,Jared Goff,
base,84,Wave,false,,Jared Goff,
base,84,Aqua,false,,Jared Goff,
base,84,Printing Plate Black,false,,Jared Goff,
auto-rated-rookies-autographs,270,Holo,true,,Levi Onwuzurike,
auto-rated-rookies-autographs,270,Pink Velocity,true,,Levi Onwuzurike,
auto-rated-rookies-autographs,270,Black Pandora,true,,Levi Onwuzurike,
auto-rated-rookies-autographs,270,Blue,true,,Levi Onwuzurike,
auto-rated-rookies-autographs,270,Red Hyper,true,,Levi Onwuzurike,
auto-rated-rookies-autographs,270,Red,true,,Levi Onwuzurike,
auto-rated-rookies-autographs,270,Purple Stars,true,,Levi Onwuzurike,
auto-rated-rookies-autographs,270,Purple,true,,Levi Onwuzurike,
auto-rated-rookies-autographs,270,Bronze,true,,Levi Onwuzurike,
auto-rated-rookies-autographs,270,Gold,true,,Levi Onwuzurike,
auto-rated-rookies-autographs,270,Green,true,,Levi Onwuzurike,
auto-rated-rookies-autographs,270,Gold Vinyl,true,,Levi Onwuzurike,
base,87,White Sparkle,false,,Barry Sanders,
base,87,Black,false,,Barry Sanders,
base,87,Black Pandora,false,,Barry Sanders,
base,87,Blue,false,,Barry Sanders,
base,87,Blue Hyper,false,,Barry Sanders,
base,87,Blue Scope,false,,Barry Sanders,
base,87,Bronze,false,,Barry Sanders,
base,87,Fire,false,,Barry Sanders,
base,87,Freedom,false,,Barry Sanders,
base,87,Gold,false,,Barry Sanders,
base,87,Gold Vinyl,false,,Barry Sanders,
base,87,Green,false,,Barry Sanders,
base,87,Green Velocity,false,,Barry Sanders,
base,87,Holo,false,,Barry Sanders,
base,87,Holo Variation,false,,Barry Sanders,
base,87,Ice,false,,Barry Sanders,
base,87,Lime Green,false,,Barry Sanders,
base,87,One Hundred,false,,Barry Sanders,
base,87,Orange,false,,Barry Sanders,
base,87,Orange Scope,false,,Barry Sanders,
base,87,Pink,false,,Barry Sanders,
base,87,Pink Velocity,false,,Barry Sanders,
base,87,Purple,false,,Barry Sanders,
base,87,Purple Shock,false,,Barry Sanders,
base,87,Purple Stars,false,,Barry Sanders,
base,87,Purple Velocity,false,,Barry Sanders,
base,87,Red,false,,Barry Sanders,
base,87,Red Hyper,false,,Barry Sanders,
base,87,Red Mojo,false,,Barry Sanders,
base,87,Red Stars,false,,Barry Sanders,
base,87,Rocket,false,,Barry Sanders,
base,87,Silver Circles,false,,Barry Sanders,
base,87,Stars,false,,Barry Sanders,
base,87,Teal Velocity,false,,Barry Sanders,
base,87,Wave,false,,Barry Sanders,
base,87,Aqua,false,,Barry Sanders,
base,87,Printing Plate Black,false,,Barry Sanders,
base,86,White Sparkle,false,,Jeff Okudah,
base,86,Black,false,,Jeff Okudah,
base,86,Black Pandora,false,,Jeff Okudah,
base,86,Blue,false,,Jeff Okudah,
base,86,Blue Hyper,false,,Jeff Okudah,
base,86,Blue Scope,false,,Jeff Okudah,
base,86,Bronze,false,,Jeff Okudah,
base,86,Fire,false,,Jeff Okudah,
base,86,Freedom,false,,Jeff Okudah,
base,86,Gold,false,,Jeff Okudah,
base,86,Gold Vinyl,false,,Jeff Okudah,
base,86,Green,false,,Jeff Okudah,
base,86,Green Velocity,false,,Jeff Okudah,
base,86,Holo,false,,Jeff Okudah,
base,86,Holo Variation,false,,Jeff Okudah,
base,86,Ice,false,,Jeff Okudah,
base,86,Lime Green,false,,Jeff Okudah,
base,86,One Hundred,false,,Jeff Okudah,
base,86,Orange,false,,Jeff Okudah,
base,86,Orange Scope,false,,Jeff Okudah,
base,86,Pink,false,,Jeff Okudah,
base,86,Pink Velocity,false,,Jeff Okudah,
base,86,Purple,false,,Jeff Okudah,
base,86,Purple Shock,false,,Jeff Okudah,
base,86,Purple Stars,false,,Jeff Okudah,
base,86,Purple Velocity,false,,Jeff Okudah,
base,86,Red,false,,Jeff Okudah,
base,86,Red Hyper,false,,Jeff Okudah,
base,86,Red Mojo,false,,Jeff Okudah,
base,86,Red Stars,false,,Jeff Okudah,
base,86,Rocket,false,,Jeff Okudah,
base,86,Silver Circles,false,,Jeff Okudah,
base,86,Stars,false,,Jeff Okudah,
base,86,Teal Velocity,false,,Jeff Okudah,
base,86,Wave,false,,Jeff Okudah,
base,86,Aqua,false,,Jeff Okudah,
base,86,Printing Plate Black,false,,Jeff Okudah,
base,85,White Sparkle,false,,D'Andre Swift,
base,85,Black,false,,D'Andre Swift,
base,85,Black Pandora,false,,D'Andre Swift,
base,85,Blue,false,,D'Andre Swift,
base,85,Blue Hyper,false,,D'Andre Swift,
base,85,Blue Scope,false,,D'Andre Swift,
base,85,Bronze,false,,D'Andre Swift,
base,85,Fire,false,,D'Andre Swift,
base,85,Freedom,false,,D'Andre Swift,
base,85,Gold,false,,D'Andre Swift,
base,85,Gold Vinyl,false,,D'Andre Swift,
base,85,Green,false,,D'Andre Swift,
base,85,Green Velocity,false,,D'Andre Swift,
base,85,Holo,false,,D'Andre Swift,
base,85,Holo Variation,false,,D'Andre Swift,
base,85,Ice,false,,D'Andre Swift,
base,85,Lime Green,false,,D'Andre Swift,
base,85,One Hundred,false,,D'Andre Swift,
base,85,Orange,false,,D'Andre Swift,
base,85,Orange Scope,false,,D'Andre Swift,
base,85,Pink,false,,D'Andre Swift,
base,85,Pink Velocity,false,,D'Andre Swift,
base,85,Purple,false,,D'Andre Swift,
base,85,Purple Shock,false,,D'Andre Swift,
base,85,Purple Stars,false,,D'Andre Swift,
base,85,Purple Velocity,false,,D'Andre Swift,
base,85,Red,false,,D'Andre Swift,
base,85,Red Hyper,false,,D'Andre Swift,
base,85,Red Mojo,false,,D'Andre Swift,
base,85,Red Stars,false,,D'Andre Swift,
base,85,Rocket,false,,D'Andre Swift,
base,85,Silver Circles,false,,D'Andre Swift,
base,85,Stars,false,,D'Andre Swift,
base,85,Teal Velocity,false,,D'Andre Swift,
base,85,Wave,false,,D'Andre Swift,
base,85,Aqua,false,,D'Andre Swift,
base,85,Printing Plate Black,false,,D'Andre Swift,
base,228,White Sparkle,false,,Amon-Ra St. Brown,
base,228,Black,false,,Amon-Ra St. Brown,
base,228,Black Pandora,false,,Amon-Ra St. Brown,
base,228,Blue,false,,Amon-Ra St. Brown,
base,228,Blue Hyper,false,,Amon-Ra St. Brown,
base,228,Blue Scope,false,,Amon-Ra St. Brown,
base,228,Bronze,false,,Amon-Ra St. Brown,
base,228,Fire,false,,Amon-Ra St. Brown,
base,228,Freedom,false,,Amon-Ra St. Brown,
base,228,Gold,false,,Amon-Ra St. Brown,
base,228,Gold Vinyl,false,,Amon-Ra St. Brown,
base,228,Green,false,,Amon-Ra St. Brown,
base,228,Green Velocity,false,,Amon-Ra St. Brown,
base,228,Holo,false,,Amon-Ra St. Brown,
base,228,Holo Variation,false,,Amon-Ra St. Brown,
base,228,Ice,false,,Amon-Ra St. Brown,
base,228,Lime Green,false,,Amon-Ra St. Brown,
base,228,One Hundred,false,,Amon-Ra St. Brown,
base,228,Orange,false,,Amon-Ra St. Brown,
base,228,Orange Scope,false,,Amon-Ra St. Brown,
base,228,Pink,false,,Amon-Ra St. Brown,
base,228,Pink Velocity,false,,Amon-Ra St. Brown,
base,228,Purple,false,,Amon-Ra St. Brown,
base,228,Purple Shock,false,,Amon-Ra St. Brown,
base,228,Purple Stars,false,,Amon-Ra St. Brown,
base,228,Purple Velocity,false,,Amon-Ra St. Brown,
base,228,Red,false,,Amon-Ra St. Brown,
base,228,Red Hyper,false,,Amon-Ra St. Brown,
base,228,Red Mojo,false,,Amon-Ra St. Brown,
base,228,Red Stars,false,,Amon-Ra St. Brown,
base,228,Rocket,false,,Amon-Ra St. Brown,
base,228,Silver Circles,false,,Amon-Ra St. Brown,
base,228,Stars,false,,Amon-Ra St. Brown,
base,228,Teal Velocity,false,,Amon-Ra St. Brown,
base,228,Wave,false,,Amon-Ra St. Brown,
base,228,Aqua,false,,Amon-Ra St. Brown,
base,228,Printing Plate Black,false,,Amon-Ra St. Brown,
base,270,White Sparkle,false,,Levi Onwuzurike,
base,270,Black,false,,Levi Onwuzurike,
base,270,Black Pandora,false,,Levi Onwuzurike,
base,270,Blue,false,,Levi Onwuzurike,
base,270,Blue Hyper,false,,Levi Onwuzurike,
base,270,Blue Scope,false,,Levi Onwuzurike,
base,270,Bronze,false,,Levi Onwuzurike,
base,270,Fire,false,,Levi Onwuzurike,
base,270,Freedom,false,,Levi Onwuzurike,
base,270,Gold,false,,Levi Onwuzurike,
base,270,Gold Vinyl,false,,Levi Onwuzurike,
base,270,Green,false,,Levi Onwuzurike,
base,270,Green Velocity,false,,Levi Onwuzurike,
base,270,Holo,false,,Levi Onwuzurike,
base,270,Holo Variation,false,,Levi Onwuzurike,
base,270,Ice,false,,Levi Onwuzurike,
base,270,Lime Green,false,,Levi Onwuzurike,
base,270,One Hundred,false,,Levi Onwuzurike,
base,270,Orange,false,,Levi Onwuzurike,
base,270,Orange Scope,false,,Levi Onwuzurike,
base,270,Pink,false,,Levi Onwuzurike,
base,270,Pink Velocity,false,,Levi Onwuzurike,
base,270,Purple,false,,Levi Onwuzurike,
base,270,Purple Shock,false,,Levi Onwuzurike,
base,270,Purple Stars,false,,Levi Onwuzurike,
base,270,Purple Velocity,false,,Levi Onwuzurike,
base,270,Red,false,,Levi Onwuzurike,
base,270,Red Hyper,false,,Levi Onwuzurike,
base,270,Red Mojo,false,,Levi Onwuzurike,
base,270,Red Stars,false,,Levi Onwuzurike,
base,270,Rocket,false,,Levi Onwuzurike,
base,270,Silver Circles,false,,Levi Onwuzurike,
base,270,Stars,false,,Levi Onwuzurike,
base,270,Teal Velocity,false,,Levi Onwuzurike,
base,270,Wave,false,,Levi Onwuzurike,
base,270,Aqua,false,,Levi Onwuzurike,
base,270,Printing Plate Black,false,,Levi Onwuzurike,
insert-rookie-phenoms-horizontal,RPH-28,Blue Hyper,false,,Amon-Ra St. Brown,
insert-rookie-phenoms-horizontal,RPH-28,Prime,false,,Amon-Ra St. Brown,
insert-rookie-phenoms-horizontal,RPH-28,Red,false,,Amon-Ra St. Brown,
insert-rookie-phenoms-horizontal,RPH-28,Gold Vinyl,false,,Amon-Ra St. Brown,
base,296,White Sparkle,false,,Jermar Jefferson,
base,296,Black,false,,Jermar Jefferson,
base,296,Black Pandora,false,,Jermar Jefferson,
base,296,Blue,false,,Jermar Jefferson,
base,296,Blue Hyper,false,,Jermar Jefferson,
base,296,Blue Scope,false,,Jermar Jefferson,
base,296,Bronze,false,,Jermar Jefferson,
base,296,Fire,false,,Jermar Jefferson,
base,296,Freedom,false,,Jermar Jefferson,
base,296,Gold,false,,Jermar Jefferson,
base,296,Gold Vinyl,false,,Jermar Jefferson,
base,296,Green,false,,Jermar Jefferson,
base,296,Green Velocity,false,,Jermar Jefferson,
base,296,Holo,false,,Jermar Jefferson,
base,296,Holo Variation,false,,Jermar Jefferson,
base,296,Ice,false,,Jermar Jefferson,
base,296,Lime Green,false,,Jermar Jefferson,
base,296,One Hundred,false,,Jermar Jefferson,
base,296,Orange,false,,Jermar Jefferson,
base,296,Orange Scope,false,,Jermar Jefferson,
base,296,Pink,false,,Jermar Jefferson,
base,296,Pink Velocity,false,,Jermar Jefferson,
base,296,Purple,false,,Jermar Jefferson,
base,296,Purple Shock,false,,Jermar Jefferson,
base,296,Purple Stars,false,,Jermar Jefferson,
base,296,Purple Velocity,false,,Jermar Jefferson,
base,296,Red,false,,Jermar Jefferson,
base,296,Red Hyper,false,,Jermar Jefferson,
base,296,Red Mojo,false,,Jermar Jefferson,
base,296,Red Stars,false,,Jermar Jefferson,
base,296,Rocket,false,,Jermar Jefferson,
base,296,Silver Circles,false,,Jermar Jefferson,
base,296,Stars,false,,Jermar Jefferson,
base,296,Teal Velocity,false,,Jermar Jefferson,
base,296,Wave,false,,Jermar Jefferson,
base,296,Aqua,false,,Jermar Jefferson,
base,296,Printing Plate Black,false,,Jermar Jefferson,
auto-the-rookies-autographs,TR-17,Gold Vinyl,true,,Amon-Ra St. Brown,
auto-the-rookies-autographs,TR-17,Purple Stars,true,,Amon-Ra St. Brown,
auto-rookie-gridiron-kings-autographs,RGK-17,Gold Vinyl,true,,Amon-Ra St. Brown,
auto-rookie-gridiron-kings-autographs,RGK-17,Purple Stars,true,,Amon-Ra St. Brown,
auto-rated-rookies-autographs,296,Holo,true,,Jermar Jefferson,
auto-rated-rookies-autographs,296,Pink Velocity,true,,Jermar Jefferson,
auto-rated-rookies-autographs,296,Black Pandora,true,,Jermar Jefferson,
auto-rated-rookies-autographs,296,Blue,true,,Jermar Jefferson,
auto-rated-rookies-autographs,296,Red Hyper,true,,Jermar Jefferson,
auto-rated-rookies-autographs,296,Red,true,,Jermar Jefferson,
auto-rated-rookies-autographs,296,Purple Stars,true,,Jermar Jefferson,
auto-rated-rookies-autographs,296,Purple,true,,Jermar Jefferson,
auto-rated-rookies-autographs,296,Bronze,true,,Jermar Jefferson,
auto-rated-rookies-autographs,296,Gold,true,,Jermar Jefferson,
auto-rated-rookies-autographs,296,Green,true,,Jermar Jefferson,
auto-rated-rookies-autographs,296,Gold Vinyl,true,,Jermar Jefferson,
insert-rookie-gridiron-kings,RGK-17,Gold,false,,Amon-Ra St. Brown,
insert-rookie-gridiron-kings,RGK-17,Gold Vinyl,false,,Amon-Ra St. Brown,
insert-rookie-gridiron-kings,RGK-17,Black Pandora,false,,Amon-Ra St. Brown,
insert-rookie-gridiron-kings,RGK-17,Purple Stars,false,,Amon-Ra St. Brown,
insert-downtown,DT-14,Gold Vinyl,false,,Barry Sanders,
insert-downtown,DT-14,Gold,false,,Barry Sanders,
insert-downtown,DT-14,Black Pandora,false,,Barry Sanders,
insert-downtown,DT-14,White Sparkle,false,,Barry Sanders,
auto-dynamic-patch-autographs,DPA-BS,Gold Vinyl,true,,Barry Sanders,
insert-legendary-logos,LL-7,Gold Vinyl,false,,Jared Goff,
insert-legendary-logos,LL-7,Gold,false,,Jared Goff,
insert-legendary-logos,LL-7,Black Pandora,false,,Jared Goff,
insert-legendary-logos,LL-7,Purple Stars,false,,Jared Goff,
insert-the-rookies,TR-17,Gold Vinyl,false,,Amon-Ra St. Brown,
insert-the-rookies,TR-17,Purple Stars,false,,Amon-Ra St. Brown,
insert-the-rookies,TR-17,Black Pandora,false,,Amon-Ra St. Brown,
insert-the-rookies,TR-17,Gold,false,,Amon-Ra St. Brown,
insert-retro-series,RS-BS,Gold,false,,Barry Sanders,
insert-retro-series,RS-BS,Black Pandora,false,,Barry Sanders,
insert-retro-series,RS-BS,Gold Vinyl,false,,Barry Sanders,
insert-retro-series,RS-BS,Purple Stars,false,,Barry Sanders,
insert-the-elite-series-rookies,ESR-17,Gold Vinyl,false,,Amon-Ra St. Brown,
insert-the-elite-series-rookies,ESR-17,Purple Stars,false,,Amon-Ra St. Brown,
insert-the-elite-series-rookies,ESR-17,Gold,false,,Amon-Ra St. Brown,
insert-the-elite-series-rookies,ESR-17,Black Pandora,false,,Amon-Ra St. Brown,
auto-rookie-patch-autographs,RPA-AB,Gold Vinyl,true,,Amon-Ra St. Brown,
base,260,White Sparkle,false,,Penei Sewell,
base,260,Black,false,,Penei Sewell,
base,260,Black Pandora,false,,Penei Sewell,
base,260,Blue,false,,Penei Sewell,
base,260,Blue Hyper,false,,Penei Sewell,
base,260,Blue Scope,false,,Penei Sewell,
base,260,Bronze,false,,Penei Sewell,
base,260,Fire,false,,Penei Sewell,
base,260,Freedom,false,,Penei Sewell,
base,260,Gold,false,,Penei Sewell,
base,260,Gold Vinyl,false,,Penei Sewell,
base,260,Green,false,,Penei Sewell,
base,260,Green Velocity,false,,Penei Sewell,
base,260,Holo,false,,Penei Sewell,
base,260,Holo Variation,false,,Penei Sewell,
base,260,Ice,false,,Penei Sewell,
base,260,Lime Green,false,,Penei Sewell,
base,260,One Hundred,false,,Penei Sewell,
base,260,Orange,false,,Penei Sewell,
base,260,Orange Scope,false,,Penei Sewell,
base,260,Pink,false,,Penei Sewell,
base,260,Pink Velocity,false,,Penei Sewell,
base,260,Purple,false,,Penei Sewell,
base,260,Purple Shock,false,,Penei Sewell,
base,260,Purple Stars,false,,Penei Sewell,
base,260,Purple Velocity,false,,Penei Sewell,
base,260,Red,false,,Penei Sewell,
base,260,Red Hyper,false,,Penei Sewell,
base,260,Red Mojo,false,,Penei Sewell,
base,260,Red Stars,false,,Penei Sewell,
base,260,Rocket,false,,Penei Sewell,
base,260,Silver Circles,false,,Penei Sewell,
base,260,Stars,false,,Penei Sewell,
base,260,Teal Velocity,false,,Penei Sewell,
base,260,Wave,false,,Penei Sewell,
base,260,Aqua,false,,Penei Sewell,
base,260,Printing Plate Black,false,,Penei Sewell,
insert-globall,GB-3,Purple Stars,false,,Amon-Ra St. Brown,
insert-globall,GB-3,Gold,false,,Amon-Ra St. Brown,
insert-globall,GB-3,Black Pandora,false,,Amon-Ra St. Brown,
insert-globall,GB-3,Gold Vinyl,false,,Amon-Ra St. Brown,
insert-mythical,MY-14,White Sparkle,false,,Barry Sanders,
insert-mythical,MY-14,Gold,false,,Barry Sanders,
insert-mythical,MY-14,Black Pandora,false,,Barry Sanders,
insert-mythical,MY-14,Gold Vinyl,false,,Barry Sanders,
base,82,White Sparkle,false,,Jamaal Williams,
base,82,Black,false,,Jamaal Williams,
base,82,Black Pandora,false,,Jamaal Williams,
base,82,Blue,false,,Jamaal Williams,
base,82,Blue Hyper,false,,Jamaal Williams,
base,82,Blue Scope,false,,Jamaal Williams,
base,82,Bronze,false,,Jamaal Williams,
base,82,Fire,false,,Jamaal Williams,
base,82,Freedom,false,,Jamaal Williams,
base,82,Gold,false,,Jamaal Williams,
base,82,Gold Vinyl,false,,Jamaal Williams,
base,82,Green,false,,Jamaal Williams,
base,82,Green Velocity,false,,Jamaal Williams,
base,82,Holo,false,,Jamaal Williams,
base,82,Holo Variation,false,,Jamaal Williams,
base,82,Ice,false,,Jamaal Williams,
base,82,Lime Green,false,,Jamaal Williams,
base,82,One Hundred,false,,Jamaal Williams,
base,82,Orange,false,,Jamaal Williams,
base,82,Orange Scope,false,,Jamaal Williams,
base,82,Pink,false,,Jamaal Williams,
base,82,Pink Velocity,false,,Jamaal Williams,
base,82,Purple,false,,Jamaal Williams,
base,82,Purple Shock,false,,Jamaal Williams,
base,82,Purple Stars,false,,Jamaal Williams,
base,82,Purple Velocity,false,,Jamaal Williams,
base,82,Red,false,,Jamaal Williams,
base,82,Red Hyper,false,,Jamaal Williams,
base,82,Red Mojo,false,,Jamaal Williams,
base,82,Red Stars,false,,Jamaal Williams,
base,82,Rocket,false,,Jamaal Williams,
base,82,Silver Circles,false,,Jamaal Williams,
base,82,Stars,false,,Jamaal Williams,
base,82,Teal Velocity,false,,Jamaal Williams,
base,82,Wave,false,,Jamaal Williams,
base,82,Aqua,false,,Jamaal Williams,
base,82,Printing Plate Black,false,,Jamaal Williams,
insert-rookie-phenoms,RP-28,Prime,false,,Amon-Ra St. Brown,
insert-rookie-phenoms,RP-28,Blue Hyper,false,,Amon-Ra St. Brown,
insert-rookie-phenoms,RP-28,Gold Vinyl,false,,Amon-Ra St. Brown,
insert-rookie-phenoms,RP-28,Red,false,,Amon-Ra St. Brown,
auto-rated-rookies-rps-autographs,228,Gold Vinyl,true,,Amon-Ra St. Brown,
auto-rated-rookies-rps-autographs,228,Red Hyper,true,,Amon-Ra St. Brown,
auto-rated-rookies-rps-autographs,228,Red,true,,Amon-Ra St. Brown,
auto-rated-rookies-rps-autographs,228,Purple Stars,true,,Amon-Ra St. Brown,
auto-rated-rookies-rps-autographs,228,Purple,true,,Amon-Ra St. Brown,
auto-rated-rookies-rps-autographs,228,Pink Velocity,true,,Amon-Ra St. Brown,
auto-rated-rookies-rps-autographs,228,Holo,true,,Amon-Ra St. Brown,
auto-rated-rookies-rps-autographs,228,Green,true,,Amon-Ra St. Brown,
auto-rated-rookies-rps-autographs,228,Gold,true,,Amon-Ra St. Brown,
auto-rated-rookies-rps-autographs,228,Bronze,true,,Amon-Ra St. Brown,
auto-rated-rookies-rps-autographs,228,Blue,true,,Amon-Ra St. Brown,
auto-rated-rookies-rps-autographs,228,Black Pandora,true,,Amon-Ra St. Brown,
auto-the-elite-series-rookies-autographs,ESR-17,Purple Stars,true,,Amon-Ra St. Brown,
auto-the-elite-series-rookies-autographs,ESR-17,Gold Vinyl,true,,Amon-Ra St. Brown,
base,83,White Sparkle,false,,T.J. Hockenson,
base,83,Black,false,,T.J. Hockenson,
base,83,Black Pandora,false,,T.J. Hockenson,
base,83,Blue,false,,T.J. Hockenson,
base,83,Blue Hyper,false,,T.J. Hockenson,
base,83,Blue Scope,false,,T.J. Hockenson,
base,83,Bronze,false,,T.J. Hockenson,
base,83,Fire,false,,T.J. Hockenson,
base,83,Freedom,false,,T.J. Hockenson,
base,83,Gold,false,,T.J. Hockenson,
base,83,Gold Vinyl,false,,T.J. Hockenson,
base,83,Green,false,,T.J. Hockenson,
base,83,Green Velocity,false,,T.J. Hockenson,
base,83,Holo,false,,T.J. Hockenson,
base,83,Holo Variation,false,,T.J. Hockenson,
base,83,Ice,false,,T.J. Hockenson,
base,83,Lime Green,false,,T.J. Hockenson,
base,83,One Hundred,false,,T.J. Hockenson,
base,83,Orange,false,,T.J. Hockenson,
base,83,Orange Scope,false,,T.J. Hockenson,
base,83,Pink,false,,T.J. Hockenson,
base,83,Pink Velocity,false,,T.J. Hockenson,
base,83,Purple,false,,T.J. Hockenson,
base,83,Purple Shock,false,,T.J. Hockenson,
base,83,Purple Stars,false,,T.J. Hockenson,
base,83,Purple Velocity,false,,T.J. Hockenson,
base,83,Red,false,,T.J. Hockenson,
base,83,Red Hyper,false,,T.J. Hockenson,
base,83,Red Mojo,false,,T.J. Hockenson,
base,83,Red Stars,false,,T.J. Hockenson,
base,83,Rocket,false,,T.J. Hockenson,
base,83,Silver Circles,false,,T.J. Hockenson,
base,83,Stars,false,,T.J. Hockenson,
base,83,Teal Velocity,false,,T.J. Hockenson,
base,83,Wave,false,,T.J. Hockenson,
base,83,Aqua,false,,T.J. Hockenson,
base,83,Printing Plate Black,false,,T.J. Hockenson,
base,102,White Sparkle,false,,Randall Cobb,
base,102,Black,false,,Randall Cobb,
base,102,Black Pandora,false,,Randall Cobb,
base,102,Blue,false,,Randall Cobb,
base,102,Blue Hyper,false,,Randall Cobb,
base,102,Blue Scope,false,,Randall Cobb,
base,102,Bronze,false,,Randall Cobb,
base,102,Fire,false,,Randall Cobb,
base,102,Freedom,false,,Randall Cobb,
base,102,Gold,false,,Randall Cobb,
base,102,Gold Vinyl,false,,Randall Cobb,
base,102,Green,false,,Randall Cobb,
base,102,Green Velocity,false,,Randall Cobb,
base,102,Holo,false,,Randall Cobb,
base,102,Holo Variation,false,,Randall Cobb,
base,102,Ice,false,,Randall Cobb,
base,102,Lime Green,false,,Randall Cobb,
base,102,One Hundred,false,,Randall Cobb,
base,102,Orange,false,,Randall Cobb,
base,102,Orange Scope,false,,Randall Cobb,
base,102,Pink,false,,Randall Cobb,
base,102,Pink Velocity,false,,Randall Cobb,
base,102,Purple,false,,Randall Cobb,
base,102,Purple Shock,false,,Randall Cobb,
base,102,Purple Stars,false,,Randall Cobb,
base,102,Purple Velocity,false,,Randall Cobb,
base,102,Red,false,,Randall Cobb,
base,102,Red Hyper,false,,Randall Cobb,
base,102,Red Mojo,false,,Randall Cobb,
base,102,Red Stars,false,,Randall Cobb,
base,102,Rocket,false,,Randall Cobb,
base,102,Silver Circles,false,,Randall Cobb,
base,102,Stars,false,,Randall Cobb,
base,102,Teal Velocity,false,,Randall Cobb,
base,102,Wave,false,,Randall Cobb,
base,102,Aqua,false,,Randall Cobb,
base,102,Printing Plate Black,false,,Randall Cobb,
auto-rated-rookies-autographs,289,Holo,true,,Kylin Hill,
auto-rated-rookies-autographs,289,Pink Velocity,true,,Kylin Hill,
auto-rated-rookies-autographs,289,Black Pandora,true,,Kylin Hill,
auto-rated-rookies-autographs,289,Blue,true,,Kylin Hill,
auto-rated-rookies-autographs,289,Red Hyper,true,,Kylin Hill,
auto-rated-rookies-autographs,289,Red,true,,Kylin Hill,
auto-rated-rookies-autographs,289,Purple Stars,true,,Kylin Hill,
auto-rated-rookies-autographs,289,Purple,true,,Kylin Hill,
auto-rated-rookies-autographs,289,Bronze,true,,Kylin Hill,
auto-rated-rookies-autographs,289,Gold,true,,Kylin Hill,
auto-rated-rookies-autographs,289,Green,true,,Kylin Hill,
auto-rated-rookies-autographs,289,Gold Vinyl,true,,Kylin Hill,
insert-my-house,MH-15,Black Pandora,false,,Aaron Rodgers,
insert-my-house,MH-15,Gold,false,,Aaron Rodgers,
insert-my-house,MH-15,Gold Vinyl,false,,Aaron Rodgers,
insert-my-house,MH-15,Purple Stars,false,,Aaron Rodgers,
base,88,White Sparkle,false,,Davante Adams,
base,88,Black,false,,Davante Adams,
base,88,Black Pandora,false,,Davante Adams,
base,88,Blue,false,,Davante Adams,
base,88,Blue Hyper,false,,Davante Adams,
base,88,Blue Scope,false,,Davante Adams,
base,88,Bronze,false,,Davante Adams,
base,88,Fire,false,,Davante Adams,
base,88,Freedom,false,,Davante Adams,
base,88,Gold,false,,Davante Adams,
base,88,Gold Vinyl,false,,Davante Adams,
base,88,Green,false,,Davante Adams,
base,88,Green Velocity,false,,Davante Adams,
base,88,Holo,false,,Davante Adams,
base,88,Holo Variation,false,,Davante Adams,
base,88,Ice,false,,Davante Adams,
base,88,Lime Green,false,,Davante Adams,
base,88,One Hundred,false,,Davante Adams,
base,88,Orange,false,,Davante Adams,
base,88,Orange Scope,false,,Davante Adams,
base,88,Pink,false,,Davante Adams,
base,88,Pink Velocity,false,,Davante Adams,
base,88,Purple,false,,Davante Adams,
base,88,Purple Shock,false,,Davante Adams,
base,88,Purple Stars,false,,Davante Adams,
base,88,Purple Velocity,false,,Davante Adams,
base,88,Red,false,,Davante Adams,
base,88,Red Hyper,false,,Davante Adams,
base,88,Red Mojo,false,,Davante Adams,
base,88,Red Stars,false,,Davante Adams,
base,88,Rocket,false,,Davante Adams,
base,88,Silver Circles,false,,Davante Adams,
base,88,Stars,false,,Davante Adams,
base,88,Teal Velocity,false,,Davante Adams,
base,88,Wave,false,,Davante Adams,
base,88,Aqua,false,,Davante Adams,
base,88,Printing Plate Black,false,,Davante Adams,
base,261,White Sparkle,false,,Amari Rodgers,
base,261,Black,false,,Amari Rodgers,
base,261,Black Pandora,false,,Amari Rodgers,
base,261,Blue,false,,Amari Rodgers,
base,261,Blue Hyper,false,,Amari Rodgers,
base,261,Blue Scope,false,,Amari Rodgers,
base,261,Bronze,false,,Amari Rodgers,
base,261,Fire,false,,Amari Rodgers,
base,261,Freedom,false,,Amari Rodgers,
base,261,Gold,false,,Amari Rodgers,
base,261,Gold Vinyl,false,,Amari Rodgers,
base,261,Green,false,,Amari Rodgers,
base,261,Green Velocity,false,,Amari Rodgers,
base,261,Holo,false,,Amari Rodgers,
base,261,Holo Variation,false,,Amari Rodgers,
base,261,Ice,false,,Amari Rodgers,
base,261,Lime Green,false,,Amari Rodgers,
base,261,One Hundred,false,,Amari Rodgers,
base,261,Orange,false,,Amari Rodgers,
base,261,Orange Scope,false,,Amari Rodgers,
base,261,Pink,false,,Amari Rodgers,
base,261,Pink Velocity,false,,Amari Rodgers,
base,261,Purple,false,,Amari Rodgers,
base,261,Purple Shock,false,,Amari Rodgers,
base,261,Purple Stars,false,,Amari Rodgers,
base,261,Purple Velocity,false,,Amari Rodgers,
base,261,Red,false,,Amari Rodgers,
base,261,Red Hyper,false,,Amari Rodgers,
base,261,Red Mojo,false,,Amari Rodgers,
base,261,Red Stars,false,,Amari Rodgers,
base,261,Rocket,false,,Amari Rodgers,
base,261,Silver Circles,false,,Amari Rodgers,
base,261,Stars,false,,Amari Rodgers,
base,261,Teal Velocity,false,,Amari Rodgers,
base,261,Wave,false,,Amari Rodgers,
base,261,Aqua,false,,Amari Rodgers,
base,261,Printing Plate Black,false,,Amari Rodgers,
base,89,White Sparkle,false,,Robert Tonyan,
base,89,Black,false,,Robert Tonyan,
base,89,Black Pandora,false,,Robert Tonyan,
base,89,Blue,false,,Robert Tonyan,
base,89,Blue Hyper,false,,Robert Tonyan,
base,89,Blue Scope,false,,Robert Tonyan,
base,89,Bronze,false,,Robert Tonyan,
base,89,Fire,false,,Robert Tonyan,
base,89,Freedom,false,,Robert Tonyan,
base,89,Gold,false,,Robert Tonyan,
base,89,Gold Vinyl,false,,Robert Tonyan,
base,89,Green,false,,Robert Tonyan,
base,89,Green Velocity,false,,Robert Tonyan,
base,89,Holo,false,,Robert Tonyan,
base,89,Holo Variation,false,,Robert Tonyan,
base,89,Ice,false,,Robert Tonyan,
base,89,Lime Green,false,,Robert Tonyan,
base,89,One Hundred,false,,Robert Tonyan,
base,89,Orange,false,,Robert Tonyan,
base,89,Orange Scope,false,,Robert Tonyan,
base,89,Pink,false,,Robert Tonyan,
base,89,Pink Velocity,false,,Robert Tonyan,
base,89,Purple,false,,Robert Tonyan,
base,89,Purple Shock,false,,Robert Tonyan,
base,89,Purple Stars,false,,Robert Tonyan,
base,89,Purple Velocity,false,,Robert Tonyan,
base,89,Red,false,,Robert Tonyan,
base,89,Red Hyper,false,,Robert Tonyan,
base,89,Red Mojo,false,,Robert Tonyan,
base,89,Red Stars,false,,Robert Tonyan,
base,89,Rocket,false,,Robert Tonyan,
base,89,Silver Circles,false,,Robert Tonyan,
base,89,Stars,false,,Robert Tonyan,
base,89,Teal Velocity,false,,Robert Tonyan,
base,89,Wave,false,,Robert Tonyan,
base,89,Aqua,false,,Robert Tonyan,
base,89,Printing Plate Black,false,,Robert Tonyan,
insert-dominators,DM-DA,Gold Vinyl,false,,Davante Adams,
insert-dominators,DM-DA,Gold,false,,Davante Adams,
insert-dominators,DM-DA,Black Pandora,false,,Davante Adams,
insert-dominators,DM-DA,Purple Stars,false,,Davante Adams,
base,92,White Sparkle,false,,Za'Darius Smith,
base,92,Black,false,,Za'Darius Smith,
base,92,Black Pandora,false,,Za'Darius Smith,
base,92,Blue,false,,Za'Darius Smith,
base,92,Blue Hyper,false,,Za'Darius Smith,
base,92,Blue Scope,false,,Za'Darius Smith,
base,92,Bronze,false,,Za'Darius Smith,
base,92,Fire,false,,Za'Darius Smith,
base,92,Freedom,false,,Za'Darius Smith,
base,92,Gold,false,,Za'Darius Smith,
base,92,Gold Vinyl,false,,Za'Darius Smith,
base,92,Green,false,,Za'Darius Smith,
base,92,Green Velocity,false,,Za'Darius Smith,
base,92,Holo,false,,Za'Darius Smith,
base,92,Holo Variation,false,,Za'Darius Smith,
base,92,Ice,false,,Za'Darius Smith,
base,92,Lime Green,false,,Za'Darius Smith,
base,92,One Hundred,false,,Za'Darius Smith,
base,92,Orange,false,,Za'Darius Smith,
base,92,Orange Scope,false,,Za'Darius Smith,
base,92,Pink,false,,Za'Darius Smith,
base,92,Pink Velocity,false,,Za'Darius Smith,
base,92,Purple,false,,Za'Darius Smith,
base,92,Purple Shock,false,,Za'Darius Smith,
base,92,Purple Stars,false,,Za'Darius Smith,
base,92,Purple Velocity,false,,Za'Darius Smith,
base,92,Red,false,,Za'Darius Smith,
base,92,Red Hyper,false,,Za'Darius Smith,
base,92,Red Mojo,false,,Za'Darius Smith,
base,92,Red Stars,false,,Za'Darius Smith,
base,92,Rocket,false,,Za'Darius Smith,
base,92,Silver Circles,false,,Za'Darius Smith,
base,92,Stars,false,,Za'Darius Smith,
base,92,Teal Velocity,false,,Za'Darius Smith,
base,92,Wave,false,,Za'Darius Smith,
base,92,Aqua,false,,Za'Darius Smith,
base,92,Printing Plate Black,false,,Za'Darius Smith,
insert-legendary-logos,LL-8,Gold Vinyl,false,,Aaron Rodgers,
insert-legendary-logos,LL-8,Gold,false,,Aaron Rodgers,
insert-legendary-logos,LL-8,Black Pandora,false,,Aaron Rodgers,
insert-legendary-logos,LL-8,Purple Stars,false,,Aaron Rodgers,
base,251,White Sparkle,false,,Eric Stokes,
base,251,Black,false,,Eric Stokes,
base,251,Black Pandora,false,,Eric Stokes,
base,251,Blue,false,,Eric Stokes,
base,251,Blue Hyper,false,,Eric Stokes,
base,251,Blue Scope,false,,Eric Stokes,
base,251,Bronze,false,,Eric Stokes,
base,251,Fire,false,,Eric Stokes,
base,251,Freedom,false,,Eric Stokes,
base,251,Gold,false,,Eric Stokes,
base,251,Gold Vinyl,false,,Eric Stokes,
base,251,Green,false,,Eric Stokes,
base,251,Green Velocity,false,,Eric Stokes,
base,251,Holo,false,,Eric Stokes,
base,251,Holo Variation,false,,Eric Stokes,
base,251,Ice,false,,Eric Stokes,
base,251,Lime Green,false,,Eric Stokes,
base,251,One Hundred,false,,Eric Stokes,
base,251,Orange,false,,Eric Stokes,
base,251,Orange Scope,false,,Eric Stokes,
base,251,Pink,false,,Eric Stokes,
base,251,Pink Velocity,false,,Eric Stokes,
base,251,Purple,false,,Eric Stokes,
base,251,Purple Shock,false,,Eric Stokes,
base,251,Purple Stars,false,,Eric Stokes,
base,251,Purple Velocity,false,,Eric Stokes,
base,251,Red,false,,Eric Stokes,
base,251,Red Hyper,false,,Eric Stokes,
base,251,Red Mojo,false,,Eric Stokes,
base,251,Red Stars,false,,Eric Stokes,
base,251,Rocket,false,,Eric Stokes,
base,251,Silver Circles,false,,Eric Stokes,
base,251,Stars,false,,Eric Stokes,
base,251,Teal Velocity,false,,Eric Stokes,
base,251,Wave,false,,Eric Stokes,
base,251,Aqua,false,,Eric Stokes,
base,251,Printing Plate Black,false,,Eric Stokes,
auto-dynamic-patch-autographs,DPA-CW,Gold Vinyl,true,,Charles Woodson,
insert-mythical,MY-9,White Sparkle,false,,Brett Favre,
insert-mythical,MY-9,Gold,false,,Brett Favre,
insert-mythical,MY-9,Black Pandora,false,,Brett Favre,
insert-mythical,MY-9,Gold Vinyl,false,,Brett Favre,
auto-rated-rookies-autographs,251,Holo,true,,Eric Stokes,
auto-rated-rookies-autographs,251,Pink Velocity,true,,Eric Stokes,
auto-rated-rookies-autographs,251,Black Pandora,true,,Eric Stokes,
auto-rated-rookies-autographs,251,Blue,true,,Eric Stokes,
auto-rated-rookies-autographs,251,Red Hyper,true,,Eric Stokes,
auto-rated-rookies-autographs,251,Red,true,,Eric Stokes,
auto-rated-rookies-autographs,251,Purple Stars,true,,Eric Stokes,
auto-rated-rookies-autographs,251,Purple,true,,Eric Stokes,
auto-rated-rookies-autographs,251,Bronze,true,,Eric Stokes,
auto-rated-rookies-autographs,251,Gold,true,,Eric Stokes,
auto-rated-rookies-autographs,251,Green,true,,Eric Stokes,
auto-rated-rookies-autographs,251,Gold Vinyl,true,,Eric Stokes,
insert-mythical,MY-18,White Sparkle,false,,Davante Adams,
insert-mythical,MY-18,Gold,false,,Davante Adams,
insert-mythical,MY-18,Black Pandora,false,,Davante Adams,
insert-mythical,MY-18,Gold Vinyl,false,,Davante Adams,
insert-downtown,DT-15,Gold Vinyl,false,,Aaron Rodgers,
insert-downtown,DT-15,Gold,false,,Aaron Rodgers,
insert-downtown,DT-15,Black Pandora,false,,Aaron Rodgers,
insert-downtown,DT-15,White Sparkle,false,,Aaron Rodgers,
auto-legendary-patch-autographs,LPA-BF,Gold Vinyl,true,,Brett Favre,
insert-donruss-threads,TH-12,Red,false,,Jordan Love,
insert-donruss-threads,TH-12,Blue Hyper,false,,Jordan Love,
insert-donruss-threads,TH-12,Gold Vinyl,false,,Jordan Love,
insert-donruss-threads,TH-12,Prime,false,,Jordan Love,
base,91,White Sparkle,false,,Aaron Jones,
base,91,Black,false,,Aaron Jones,
base,91,Black Pandora,false,,Aaron Jones,
base,91,Blue,false,,Aaron Jones,
base,91,Blue Hyper,false,,Aaron Jones,
base,91,Blue Scope,false,,Aaron Jones,
base,91,Bronze,false,,Aaron Jones,
base,91,Fire,false,,Aaron Jones,
base,91,Freedom,false,,Aaron Jones,
base,91,Gold,false,,Aaron Jones,
base,91,Gold Vinyl,false,,Aaron Jones,
base,91,Green,false,,Aaron Jones,
base,91,Green Velocity,false,,Aaron Jones,
base,91,Holo,false,,Aaron Jones,
base,91,Holo Variation,false,,Aaron Jones,
base,91,Ice,false,,Aaron Jones,
base,91,Lime Green,false,,Aaron Jones,
base,91,One Hundred,false,,Aaron Jones,
base,91,Orange,false,,Aaron Jones,
base,91,Orange Scope,false,,Aaron Jones,
base,91,Pink,false,,Aaron Jones,
base,91,Pink Velocity,false,,Aaron Jones,
base,91,Purple,false,,Aaron Jones,
base,91,Purple Shock,false,,Aaron Jones,
base,91,Purple Stars,false,,Aaron Jones,
base,91,Purple Velocity,false,,Aaron Jones,
base,91,Red,false,,Aaron Jones,
base,91,Red Hyper,false,,Aaron Jones,
base,91,Red Mojo,false,,Aaron Jones,
base,91,Red Stars,false,,Aaron Jones,
base,91,Rocket,false,,Aaron Jones,
base,91,Silver Circles,false,,Aaron Jones,
base,91,Stars,false,,Aaron Jones,
base,91,Teal Velocity,false,,Aaron Jones,
base,91,Wave,false,,Aaron Jones,
base,91,Aqua,false,,Aaron Jones,
base,91,Printing Plate Black,false,,Aaron Jones,
base,93,White Sparkle,false,,Brett Favre,
base,93,Black,false,,Brett Favre,
base,93,Black Pandora,false,,Brett Favre,
base,93,Blue,false,,Brett Favre,
base,93,Blue Hyper,false,,Brett Favre,
base,93,Blue Scope,false,,Brett Favre,
base,93,Bronze,false,,Brett Favre,
base,93,Fire,false,,Brett Favre,
base,93,Freedom,false,,Brett Favre,
base,93,Gold,false,,Brett Favre,
base,93,Gold Vinyl,false,,Brett Favre,
base,93,Green,false,,Brett Favre,
base,93,Green Velocity,false,,Brett Favre,
base,93,Holo,false,,Brett Favre,
base,93,Holo Variation,false,,Brett Favre,
base,93,Ice,false,,Brett Favre,
base,93,Lime Green,false,,Brett Favre,
base,93,One Hundred,false,,Brett Favre,
base,93,Orange,false,,Brett Favre,
base,93,Orange Scope,false,,Brett Favre,
base,93,Pink,false,,Brett Favre,
base,93,Pink Velocity,false,,Brett Favre,
base,93,Purple,false,,Brett Favre,
base,93,Purple Shock,false,,Brett Favre,
base,93,Purple Stars,false,,Brett Favre,
base,93,Purple Velocity,false,,Brett Favre,
base,93,Red,false,,Brett Favre,
base,93,Red Hyper,false,,Brett Favre,
base,93,Red Mojo,false,,Brett Favre,
base,93,Red Stars,false,,Brett Favre,
base,93,Rocket,false,,Brett Favre,
base,93,Silver Circles,false,,Brett Favre,
base,93,Stars,false,,Brett Favre,
base,93,Teal Velocity,false,,Brett Favre,
base,93,Wave,false,,Brett Favre,
base,93,Aqua,false,,Brett Favre,
base,93,Printing Plate Black,false,,Brett Favre,
base,289,White Sparkle,false,,Kylin Hill,
base,289,Black,false,,Kylin Hill,
base,289,Black Pandora,false,,Kylin Hill,
base,289,Blue,false,,Kylin Hill,
base,289,Blue Hyper,false,,Kylin Hill,
base,289,Blue Scope,false,,Kylin Hill,
base,289,Bronze,false,,Kylin Hill,
base,289,Fire,false,,Kylin Hill,
base,289,Freedom,false,,Kylin Hill,
base,289,Gold,false,,Kylin Hill,
base,289,Gold Vinyl,false,,Kylin Hill,
base,289,Green,false,,Kylin Hill,
base,289,Green Velocity,false,,Kylin Hill,
base,289,Holo,false,,Kylin Hill,
base,289,Holo Variation,false,,Kylin Hill,
base,289,Ice,false,,Kylin Hill,
base,289,Lime Green,false,,Kylin Hill,
base,289,One Hundred,false,,Kylin Hill,
base,289,Orange,false,,Kylin Hill,
base,289,Orange Scope,false,,Kylin Hill,
base,289,Pink,false,,Kylin Hill,
base,289,Pink Velocity,false,,Kylin Hill,
base,289,Purple,false,,Kylin Hill,
base,289,Purple Shock,false,,Kylin Hill,
base,289,Purple Stars,false,,Kylin Hill,
base,289,Purple Velocity,false,,Kylin Hill,
base,289,Red,false,,Kylin Hill,
base,289,Red Hyper,false,,Kylin Hill,
base,289,Red Mojo,false,,Kylin Hill,
base,289,Red Stars,false,,Kylin Hill,
base,289,Rocket,false,,Kylin Hill,
base,289,Silver Circles,false,,Kylin Hill,
base,289,Stars,false,,Kylin Hill,
base,289,Teal Velocity,false,,Kylin Hill,
base,289,Wave,false,,Kylin Hill,
base,289,Aqua,false,,Kylin Hill,
base,289,Printing Plate Black,false,,Kylin Hill,
base,90,White Sparkle,false,,Aaron Rodgers,
base,90,Black,false,,Aaron Rodgers,
base,90,Black Pandora,false,,Aaron Rodgers,
base,90,Blue,false,,Aaron Rodgers,
base,90,Blue Hyper,false,,Aaron Rodgers,
base,90,Blue Scope,false,,Aaron Rodgers,
base,90,Bronze,false,,Aaron Rodgers,
base,90,Fire,false,,Aaron Rodgers,
base,90,Freedom,false,,Aaron Rodgers,
base,90,Gold,false,,Aaron Rodgers,
base,90,Gold Vinyl,false,,Aaron Rodgers,
base,90,Green,false,,Aaron Rodgers,
base,90,Green Velocity,false,,Aaron Rodgers,
base,90,Holo,false,,Aaron Rodgers,
base,90,Holo Variation,false,,Aaron Rodgers,
base,90,Ice,false,,Aaron Rodgers,
base,90,Lime Green,false,,Aaron Rodgers,
base,90,One Hundred,false,,Aaron Rodgers,
base,90,Orange,false,,Aaron Rodgers,
base,90,Orange Scope,false,,Aaron Rodgers,
base,90,Pink,false,,Aaron Rodgers,
base,90,Pink Velocity,false,,Aaron Rodgers,
base,90,Purple,false,,Aaron Rodgers,
base,90,Purple Shock,false,,Aaron Rodgers,
base,90,Purple Stars,false,,Aaron Rodgers,
base,90,Purple Velocity,false,,Aaron Rodgers,
base,90,Red,false,,Aaron Rodgers,
base,90,Red Hyper,false,,Aaron Rodgers,
base,90,Red Mojo,false,,Aaron Rodgers,
base,90,Red Stars,false,,Aaron Rodgers,
base,90,Rocket,false,,Aaron Rodgers,
base,90,Silver Circles,false,,Aaron Rodgers,
base,90,Stars,false,,Aaron Rodgers,
base,90,Teal Velocity,false,,Aaron Rodgers,
base,90,Wave,false,,Aaron Rodgers,
base,90,Aqua,false,,Aaron Rodgers,
base,90,Printing Plate Black,false,,Aaron Rodgers,
auto-rookie-patch-autographs,RPA-DM,Gold Vinyl,true,,Davis Mills,
insert-rookie-phenoms,RP-30,Prime,false,,Nico Collins,
insert-rookie-phenoms,RP-30,Blue Hyper,false,,Nico Collins,
insert-rookie-phenoms,RP-30,Gold Vinyl,false,,Nico Collins,
insert-rookie-phenoms,RP-30,Red,false,,Nico Collins,
insert-rookie-kings,RK-18,Gold,false,,Davis Mills,
insert-rookie-kings,RK-18,Gold Vinyl,false,,Davis Mills,
insert-rookie-kings,RK-18,White Sparkle,false,,Davis Mills,
insert-rookie-kings,RK-18,Black Pandora,false,,Davis Mills,
base,288,White Sparkle,false,,Brevin Jordan,
base,288,Black,false,,Brevin Jordan,
base,288,Black Pandora,false,,Brevin Jordan,
base,288,Blue,false,,Brevin Jordan,
base,288,Blue Hyper,false,,Brevin Jordan,
base,288,Blue Scope,false,,Brevin Jordan,
base,288,Bronze,false,,Brevin Jordan,
base,288,Fire,false,,Brevin Jordan,
base,288,Freedom,false,,Brevin Jordan,
base,288,Gold,false,,Brevin Jordan,
base,288,Gold Vinyl,false,,Brevin Jordan,
base,288,Green,false,,Brevin Jordan,
base,288,Green Velocity,false,,Brevin Jordan,
base,288,Holo,false,,Brevin Jordan,
base,288,Holo Variation,false,,Brevin Jordan,
base,288,Ice,false,,Brevin Jordan,
base,288,Lime Green,false,,Brevin Jordan,
base,288,One Hundred,false,,Brevin Jordan,
base,288,Orange,false,,Brevin Jordan,
base,288,Orange Scope,false,,Brevin Jordan,
base,288,Pink,false,,Brevin Jordan,
base,288,Pink Velocity,false,,Brevin Jordan,
base,288,Purple,false,,Brevin Jordan,
base,288,Purple Shock,false,,Brevin Jordan,
base,288,Purple Stars,false,,Brevin Jordan,
base,288,Purple Velocity,false,,Brevin Jordan,
base,288,Red,false,,Brevin Jordan,
base,288,Red Hyper,false,,Brevin Jordan,
base,288,Red Mojo,false,,Brevin Jordan,
base,288,Red Stars,false,,Brevin Jordan,
base,288,Rocket,false,,Brevin Jordan,
base,288,Silver Circles,false,,Brevin Jordan,
base,288,Stars,false,,Brevin Jordan,
base,288,Teal Velocity,false,,Brevin Jordan,
base,288,Wave,false,,Brevin Jordan,
base,288,Aqua,false,,Brevin Jordan,
base,288,Printing Plate Black,false,,Brevin Jordan,
insert-rookie-phenoms-horizontal,RPH-22,Blue Hyper,false,,Davis Mills,
insert-rookie-phenoms-horizontal,RPH-22,Prime,false,,Davis Mills,
insert-rookie-phenoms-horizontal,RPH-22,Red,false,,Davis Mills,
insert-rookie-phenoms-horizontal,RPH-22,Gold Vinyl,false,,Davis Mills,
insert-rookie-phenoms-horizontal,RPH-30,Blue Hyper,false,,Nico Collins,
insert-rookie-phenoms-horizontal,RPH-30,Prime,false,,Nico Collins,
insert-rookie-phenoms-horizontal,RPH-30,Red,false,,Nico Collins,
insert-rookie-phenoms-horizontal,RPH-30,Gold Vinyl,false,,Nico Collins,
base,105,White Sparkle,false,,Zach Cunningham,
base,105,Black,false,,Zach Cunningham,
base,105,Black Pandora,false,,Zach Cunningham,
base,105,Blue,false,,Zach Cunningham,
base,105,Blue Hyper,false,,Zach Cunningham,
base,105,Blue Scope,false,,Zach Cunningham,
base,105,Bronze,false,,Zach Cunningham,
base,105,Fire,false,,Zach Cunningham,
base,105,Freedom,false,,Zach Cunningham,
base,105,Gold,false,,Zach Cunningham,
base,105,Gold Vinyl,false,,Zach Cunningham,
base,105,Green,false,,Zach Cunningham,
base,105,Green Velocity,false,,Zach Cunningham,
base,105,Holo,false,,Zach Cunningham,
base,105,Holo Variation,false,,Zach Cunningham,
base,105,Ice,false,,Zach Cunningham,
base,105,Lime Green,false,,Zach Cunningham,
base,105,One Hundred,false,,Zach Cunningham,
base,105,Orange,false,,Zach Cunningham,
base,105,Orange Scope,false,,Zach Cunningham,
base,105,Pink,false,,Zach Cunningham,
base,105,Pink Velocity,false,,Zach Cunningham,
base,105,Purple,false,,Zach Cunningham,
base,105,Purple Shock,false,,Zach Cunningham,
base,105,Purple Stars,false,,Zach Cunningham,
base,105,Purple Velocity,false,,Zach Cunningham,
base,105,Red,false,,Zach Cunningham,
base,105,Red Hyper,false,,Zach Cunningham,
base,105,Red Mojo,false,,Zach Cunningham,
base,105,Red Stars,false,,Zach Cunningham,
base,105,Rocket,false,,Zach Cunningham,
base,105,Silver Circles,false,,Zach Cunningham,
base,105,Stars,false,,Zach Cunningham,
base,105,Teal Velocity,false,,Zach Cunningham,
base,105,Wave,false,,Zach Cunningham,
base,105,Aqua,false,,Zach Cunningham,
base,105,Printing Plate Black,false,,Zach Cunningham,
base,104,White Sparkle,false,,David Johnson,
base,104,Black,false,,David Johnson,
base,104,Black Pandora,false,,David Johnson,
base,104,Blue,false,,David Johnson,
base,104,Blue Hyper,false,,David Johnson,
base,104,Blue Scope,false,,David Johnson,
base,104,Bronze,false,,David Johnson,
base,104,Fire,false,,David Johnson,
base,104,Freedom,false,,David Johnson,
base,104,Gold,false,,David Johnson,
base,104,Gold Vinyl,false,,David Johnson,
base,104,Green,false,,David Johnson,
base,104,Green Velocity,false,,David Johnson,
base,104,Holo,false,,David Johnson,
base,104,Holo Variation,false,,David Johnson,
base,104,Ice,false,,David Johnson,
base,104,Lime Green,false,,David Johnson,
base,104,One Hundred,false,,David Johnson,
base,104,Orange,false,,David Johnson,
base,104,Orange Scope,false,,David Johnson,
base,104,Pink,false,,David Johnson,
base,104,Pink Velocity,false,,David Johnson,
base,104,Purple,false,,David Johnson,
base,104,Purple Shock,false,,David Johnson,
base,104,Purple Stars,false,,David Johnson,
base,104,Purple Velocity,false,,David Johnson,
base,104,Red,false,,David Johnson,
base,104,Red Hyper,false,,David Johnson,
base,104,Red Mojo,false,,David Johnson,
base,104,Red Stars,false,,David Johnson,
base,104,Rocket,false,,David Johnson,
base,104,Silver Circles,false,,David Johnson,
base,104,Stars,false,,David Johnson,
base,104,Teal Velocity,false,,David Johnson,
base,104,Wave,false,,David Johnson,
base,104,Aqua,false,,David Johnson,
base,104,Printing Plate Black,false,,David Johnson,
base,103,White Sparkle,false,,Jordan Akins,
base,103,Black,false,,Jordan Akins,
base,103,Black Pandora,false,,Jordan Akins,
base,103,Blue,false,,Jordan Akins,
base,103,Blue Hyper,false,,Jordan Akins,
base,103,Blue Scope,false,,Jordan Akins,
base,103,Bronze,false,,Jordan Akins,
base,103,Fire,false,,Jordan Akins,
base,103,Freedom,false,,Jordan Akins,
base,103,Gold,false,,Jordan Akins,
base,103,Gold Vinyl,false,,Jordan Akins,
base,103,Green,false,,Jordan Akins,
base,103,Green Velocity,false,,Jordan Akins,
base,103,Holo,false,,Jordan Akins,
base,103,Holo Variation,false,,Jordan Akins,
base,103,Ice,false,,Jordan Akins,
base,103,Lime Green,false,,Jordan Akins,
base,103,One Hundred,false,,Jordan Akins,
base,103,Orange,false,,Jordan Akins,
base,103,Orange Scope,false,,Jordan Akins,
base,103,Pink,false,,Jordan Akins,
base,103,Pink Velocity,false,,Jordan Akins,
base,103,Purple,false,,Jordan Akins,
base,103,Purple Shock,false,,Jordan Akins,
base,103,Purple Stars,false,,Jordan Akins,
base,103,Purple Velocity,false,,Jordan Akins,
base,103,Red,false,,Jordan Akins,
base,103,Red Hyper,false,,Jordan Akins,
base,103,Red Mojo,false,,Jordan Akins,
base,103,Red Stars,false,,Jordan Akins,
base,103,Rocket,false,,Jordan Akins,
base,103,Silver Circles,false,,Jordan Akins,
base,103,Stars,false,,Jordan Akins,
base,103,Teal Velocity,false,,Jordan Akins,
base,103,Wave,false,,Jordan Akins,
base,103,Aqua,false,,Jordan Akins,
base,103,Printing Plate Black,false,,Jordan Akins,
base,101,White Sparkle,false,,Brandin Cooks,
base,101,Black,false,,Brandin Cooks,
base,101,Black Pandora,false,,Brandin Cooks,
base,101,Blue,false,,Brandin Cooks,
base,101,Blue Hyper,false,,Brandin Cooks,
base,101,Blue Scope,false,,Brandin Cooks,
base,101,Bronze,false,,Brandin Cooks,
base,101,Fire,false,,Brandin Cooks,
base,101,Freedom,false,,Brandin Cooks,
base,101,Gold,false,,Brandin Cooks,
base,101,Gold Vinyl,false,,Brandin Cooks,
base,101,Green,false,,Brandin Cooks,
base,101,Green Velocity,false,,Brandin Cooks,
base,101,Holo,false,,Brandin Cooks,
base,101,Holo Variation,false,,Brandin Cooks,
base,101,Ice,false,,Brandin Cooks,
base,101,Lime Green,false,,Brandin Cooks,
base,101,One Hundred,false,,Brandin Cooks,
base,101,Orange,false,,Brandin Cooks,
base,101,Orange Scope,false,,Brandin Cooks,
base,101,Pink,false,,Brandin Cooks,
base,101,Pink Velocity,false,,Brandin Cooks,
base,101,Purple,false,,Brandin Cooks,
base,101,Purple Shock,false,,Brandin Cooks,
base,101,Purple Stars,false,,Brandin Cooks,
base,101,Purple Velocity,false,,Brandin Cooks,
base,101,Red,false,,Brandin Cooks,
base,101,Red Hyper,false,,Brandin Cooks,
base,101,Red Mojo,false,,Brandin Cooks,
base,101,Red Stars,false,,Brandin Cooks,
base,101,Rocket,false,,Brandin Cooks,
base,101,Silver Circles,false,,Brandin Cooks,
base,101,Stars,false,,Brandin Cooks,
base,101,Teal Velocity,false,,Brandin Cooks,
base,101,Wave,false,,Brandin Cooks,
base,101,Aqua,false,,Brandin Cooks,
base,101,Printing Plate Black,false,,Brandin Cooks,
auto-the-elite-series-rookies-autographs,ESR-15,Purple Stars,true,,Davis Mills,
auto-the-elite-series-rookies-autographs,ESR-15,Gold Vinyl,true,,Davis Mills,
auto-rated-rookies-rps-autographs,230,Gold Vinyl,true,,Nico Collins,
auto-rated-rookies-rps-autographs,230,Red Hyper,true,,Nico Collins,
auto-rated-rookies-rps-autographs,230,Red,true,,Nico Collins,
auto-rated-rookies-rps-autographs,230,Purple Stars,true,,Nico Collins,
auto-rated-rookies-rps-autographs,230,Purple,true,,Nico Collins,
auto-rated-rookies-rps-autographs,230,Pink Velocity,true,,Nico Collins,
auto-rated-rookies-rps-autographs,230,Holo,true,,Nico Collins,
auto-rated-rookies-rps-autographs,230,Green,true,,Nico Collins,
auto-rated-rookies-rps-autographs,230,Gold,true,,Nico Collins,
auto-rated-rookies-rps-autographs,230,Bronze,true,,Nico Collins,
auto-rated-rookies-rps-autographs,230,Blue,true,,Nico Collins,
auto-rated-rookies-rps-autographs,230,Black Pandora,true,,Nico Collins,
auto-rated-rookies-rps-autographs,222,Gold Vinyl,true,,Davis Mills,
auto-rated-rookies-rps-autographs,222,Red Hyper,true,,Davis Mills,
auto-rated-rookies-rps-autographs,222,Red,true,,Davis Mills,
auto-rated-rookies-rps-autographs,222,Purple Stars,true,,Davis Mills,
auto-rated-rookies-rps-autographs,222,Purple,true,,Davis Mills,
auto-rated-rookies-rps-autographs,222,Pink Velocity,true,,Davis Mills,
auto-rated-rookies-rps-autographs,222,Holo,true,,Davis Mills,
auto-rated-rookies-rps-autographs,222,Green,true,,Davis Mills,
auto-rated-rookies-rps-autographs,222,Gold,true,,Davis Mills,
auto-rated-rookies-rps-autographs,222,Bronze,true,,Davis Mills,
auto-rated-rookies-rps-autographs,222,Blue,true,,Davis Mills,
auto-rated-rookies-rps-autographs,222,Black Pandora,true,,Davis Mills,
insert-the-elite-series-rookies,ESR-15,Gold Vinyl,false,,Davis Mills,
insert-the-elite-series-rookies,ESR-15,Purple Stars,false,,Davis Mills,
insert-the-elite-series-rookies,ESR-15,Gold,false,,Davis Mills,
insert-the-elite-series-rookies,ESR-15,Black Pandora,false,,Davis Mills,
base,230,White Sparkle,false,,Nico Collins,
base,230,Black,false,,Nico Collins,
base,230,Black Pandora,false,,Nico Collins,
base,230,Blue,false,,Nico Collins,
base,230,Blue Hyper,false,,Nico Collins,
base,230,Blue Scope,false,,Nico Collins,
base,230,Bronze,false,,Nico Collins,
base,230,Fire,false,,Nico Collins,
base,230,Freedom,false,,Nico Collins,
base,230,Gold,false,,Nico Collins,
base,230,Gold Vinyl,false,,Nico Collins,
base,230,Green,false,,Nico Collins,
base,230,Green Velocity,false,,Nico Collins,
base,230,Holo,false,,Nico Collins,
base,230,Holo Variation,false,,Nico Collins,
base,230,Ice,false,,Nico Collins,
base,230,Lime Green,false,,Nico Collins,
base,230,One Hundred,false,,Nico Collins,
base,230,Orange,false,,Nico Collins,
base,230,Orange Scope,false,,Nico Collins,
base,230,Pink,false,,Nico Collins,
base,230,Pink Velocity,false,,Nico Collins,
base,230,Purple,false,,Nico Collins,
base,230,Purple Shock,false,,Nico Collins,
base,230,Purple Stars,false,,Nico Collins,
base,230,Purple Velocity,false,,Nico Collins,
base,230,Red,false,,Nico Collins,
base,230,Red Hyper,false,,Nico Collins,
base,230,Red Mojo,false,,Nico Collins,
base,230,Red Stars,false,,Nico Collins,
base,230,Rocket,false,,Nico Collins,
base,230,Silver Circles,false,,Nico Collins,
base,230,Stars,false,,Nico Collins,
base,230,Teal Velocity,false,,Nico Collins,
base,230,Wave,false,,Nico Collins,
base,230,Aqua,false,,Nico Collins,
base,230,Printing Plate Black,false,,Nico Collins,
auto-rookie-patch-autographs,RPA-NC,Gold Vinyl,true,,Nico Collins,
base,222,White Sparkle,false,,Davis Mills,
base,222,Black,false,,Davis Mills,
base,222,Black Pandora,false,,Davis Mills,
base,222,Blue,false,,Davis Mills,
base,222,Blue Hyper,false,,Davis Mills,
base,222,Blue Scope,false,,Davis Mills,
base,222,Bronze,false,,Davis Mills,
base,222,Fire,false,,Davis Mills,
base,222,Freedom,false,,Davis Mills,
base,222,Gold,false,,Davis Mills,
base,222,Gold Vinyl,false,,Davis Mills,
base,222,Green,false,,Davis Mills,
base,222,Green Velocity,false,,Davis Mills,
base,222,Holo,false,,Davis Mills,
base,222,Holo Variation,false,,Davis Mills,
base,222,Ice,false,,Davis Mills,
base,222,Lime Green,false,,Davis Mills,
base,222,One Hundred,false,,Davis Mills,
base,222,Orange,false,,Davis Mills,
base,222,Orange Scope,false,,Davis Mills,
base,222,Pink,false,,Davis Mills,
base,222,Pink Velocity,false,,Davis Mills,
base,222,Purple,false,,Davis Mills,
base,222,Purple Shock,false,,Davis Mills,
base,222,Purple Stars,false,,Davis Mills,
base,222,Purple Velocity,false,,Davis Mills,
base,222,Red,false,,Davis Mills,
base,222,Red Hyper,false,,Davis Mills,
base,222,Red Mojo,false,,Davis Mills,
base,222,Red Stars,false,,Davis Mills,
base,222,Rocket,false,,Davis Mills,
base,222,Silver Circles,false,,Davis Mills,
base,222,Stars,false,,Davis Mills,
base,222,Teal Velocity,false,,Davis Mills,
base,222,Wave,false,,Davis Mills,
base,222,Aqua,false,,Davis Mills,
base,222,Printing Plate Black,false,,Davis Mills,
insert-rookie-phenoms,RP-22,Prime,false,,Davis Mills,
insert-rookie-phenoms,RP-22,Blue Hyper,false,,Davis Mills,
insert-rookie-phenoms,RP-22,Gold Vinyl,false,,Davis Mills,
insert-rookie-phenoms,RP-22,Red,false,,Davis Mills,
auto-rated-rookies-autographs,288,Holo,true,,Brevin Jordan,
auto-rated-rookies-autographs,288,Pink Velocity,true,,Brevin Jordan,
auto-rated-rookies-autographs,288,Black Pandora,true,,Brevin Jordan,
auto-rated-rookies-autographs,288,Blue,true,,Brevin Jordan,
auto-rated-rookies-autographs,288,Red Hyper,true,,Brevin Jordan,
auto-rated-rookies-autographs,288,Red,true,,Brevin Jordan,
auto-rated-rookies-autographs,288,Purple Stars,true,,Brevin Jordan,
auto-rated-rookies-autographs,288,Purple,true,,Brevin Jordan,
auto-rated-rookies-autographs,288,Bronze,true,,Brevin Jordan,
auto-rated-rookies-autographs,288,Gold,true,,Brevin Jordan,
auto-rated-rookies-autographs,288,Green,true,,Brevin Jordan,
auto-rated-rookies-autographs,288,Gold Vinyl,true,,Brevin Jordan,
base,107,White Sparkle,false,,T.Y. Hilton,
base,107,Black,false,,T.Y. Hilton,
base,107,Black Pandora,false,,T.Y. Hilton,
base,107,Blue,false,,T.Y. Hilton,
base,107,Blue Hyper,false,,T.Y. Hilton,
base,107,Blue Scope,false,,T.Y. Hilton,
base,107,Bronze,false,,T.Y. Hilton,
base,107,Fire,false,,T.Y. Hilton,
base,107,Freedom,false,,T.Y. Hilton,
base,107,Gold,false,,T.Y. Hilton,
base,107,Gold Vinyl,false,,T.Y. Hilton,
base,107,Green,false,,T.Y. Hilton,
base,107,Green Velocity,false,,T.Y. Hilton,
base,107,Holo,false,,T.Y. Hilton,
base,107,Holo Variation,false,,T.Y. Hilton,
base,107,Ice,false,,T.Y. Hilton,
base,107,Lime Green,false,,T.Y. Hilton,
base,107,One Hundred,false,,T.Y. Hilton,
base,107,Orange,false,,T.Y. Hilton,
base,107,Orange Scope,false,,T.Y. Hilton,
base,107,Pink,false,,T.Y. Hilton,
base,107,Pink Velocity,false,,T.Y. Hilton,
base,107,Purple,false,,T.Y. Hilton,
base,107,Purple Shock,false,,T.Y. Hilton,
base,107,Purple Stars,false,,T.Y. Hilton,
base,107,Purple Velocity,false,,T.Y. Hilton,
base,107,Red,false,,T.Y. Hilton,
base,107,Red Hyper,false,,T.Y. Hilton,
base,107,Red Mojo,false,,T.Y. Hilton,
base,107,Red Stars,false,,T.Y. Hilton,
base,107,Rocket,false,,T.Y. Hilton,
base,107,Silver Circles,false,,T.Y. Hilton,
base,107,Stars,false,,T.Y. Hilton,
base,107,Teal Velocity,false,,T.Y. Hilton,
base,107,Wave,false,,T.Y. Hilton,
base,107,Aqua,false,,T.Y. Hilton,
base,107,Printing Plate Black,false,,T.Y. Hilton,
base,110,White Sparkle,false,,Jonathan Taylor,
base,110,Black,false,,Jonathan Taylor,
base,110,Black Pandora,false,,Jonathan Taylor,
base,110,Blue,false,,Jonathan Taylor,
base,110,Blue Hyper,false,,Jonathan Taylor,
base,110,Blue Scope,false,,Jonathan Taylor,
base,110,Bronze,false,,Jonathan Taylor,
base,110,Fire,false,,Jonathan Taylor,
base,110,Freedom,false,,Jonathan Taylor,
base,110,Gold,false,,Jonathan Taylor,
base,110,Gold Vinyl,false,,Jonathan Taylor,
base,110,Green,false,,Jonathan Taylor,
base,110,Green Velocity,false,,Jonathan Taylor,
base,110,Holo,false,,Jonathan Taylor,
base,110,Holo Variation,false,,Jonathan Taylor,
base,110,Ice,false,,Jonathan Taylor,
base,110,Lime Green,false,,Jonathan Taylor,
base,110,One Hundred,false,,Jonathan Taylor,
base,110,Orange,false,,Jonathan Taylor,
base,110,Orange Scope,false,,Jonathan Taylor,
base,110,Pink,false,,Jonathan Taylor,
base,110,Pink Velocity,false,,Jonathan Taylor,
base,110,Purple,false,,Jonathan Taylor,
base,110,Purple Shock,false,,Jonathan Taylor,
base,110,Purple Stars,false,,Jonathan Taylor,
base,110,Purple Velocity,false,,Jonathan Taylor,
base,110,Red,false,,Jonathan Taylor,
base,110,Red Hyper,false,,Jonathan Taylor,
base,110,Red Mojo,false,,Jonathan Taylor,
base,110,Red Stars,false,,Jonathan Taylor,
base,110,Rocket,false,,Jonathan Taylor,
base,110,Silver Circles,false,,Jonathan Taylor,
base,110,Stars,false,,Jonathan Taylor,
base,110,Teal Velocity,false,,Jonathan Taylor,
base,110,Wave,false,,Jonathan Taylor,
base,110,Aqua,false,,Jonathan Taylor,
base,110,Printing Plate Black,false,,Jonathan Taylor,
insert-globall,GB-1,Purple Stars,false,,Kwity Paye,
insert-globall,GB-1,Gold,false,,Kwity Paye,
insert-globall,GB-1,Black Pandora,false,,Kwity Paye,
insert-globall,GB-1,Gold Vinyl,false,,Kwity Paye,
insert-downtown,DT-18,Gold Vinyl,false,,Peyton Manning,
insert-downtown,DT-18,Gold,false,,Peyton Manning,
insert-downtown,DT-18,Black Pandora,false,,Peyton Manning,
insert-downtown,DT-18,White Sparkle,false,,Peyton Manning,
base,111,White Sparkle,false,,DeForest Buckner,
base,111,Black,false,,DeForest Buckner,
base,111,Black Pandora,false,,DeForest Buckner,
base,111,Blue,false,,DeForest Buckner,
base,111,Blue Hyper,false,,DeForest Buckner,
base,111,Blue Scope,false,,DeForest Buckner,
base,111,Bronze,false,,DeForest Buckner,
base,111,Fire,false,,DeForest Buckner,
base,111,Freedom,false,,DeForest Buckner,
base,111,Gold,false,,DeForest Buckner,
base,111,Gold Vinyl,false,,DeForest Buckner,
base,111,Green,false,,DeForest Buckner,
base,111,Green Velocity,false,,DeForest Buckner,
base,111,Holo,false,,DeForest Buckner,
base,111,Holo Variation,false,,DeForest Buckner,
base,111,Ice,false,,DeForest Buckner,
base,111,Lime Green,false,,DeForest Buckner,
base,111,One Hundred,false,,DeForest Buckner,
base,111,Orange,false,,DeForest Buckner,
base,111,Orange Scope,false,,DeForest Buckner,
base,111,Pink,false,,DeForest Buckner,
base,111,Pink Velocity,false,,DeForest Buckner,
base,111,Purple,false,,DeForest Buckner,
base,111,Purple Shock,false,,DeForest Buckner,
base,111,Purple Stars,false,,DeForest Buckner,
base,111,Purple Velocity,false,,DeForest Buckner,
base,111,Red,false,,DeForest Buckner,
base,111,Red Hyper,false,,DeForest Buckner,
base,111,Red Mojo,false,,DeForest Buckner,
base,111,Red Stars,false,,DeForest Buckner,
base,111,Rocket,false,,DeForest Buckner,
base,111,Silver Circles,false,,DeForest Buckner,
base,111,Stars,false,,DeForest Buckner,
base,111,Teal Velocity,false,,DeForest Buckner,
base,111,Wave,false,,DeForest Buckner,
base,111,Aqua,false,,DeForest Buckner,
base,111,Printing Plate Black,false,,DeForest Buckner,
base,112,White Sparkle,false,,Darius Leonard,
base,112,Black,false,,Darius Leonard,
base,112,Black Pandora,false,,Darius Leonard,
base,112,Blue,false,,Darius Leonard,
base,112,Blue Hyper,false,,Darius Leonard,
base,112,Blue Scope,false,,Darius Leonard,
base,112,Bronze,false,,Darius Leonard,
base,112,Fire,false,,Darius Leonard,
base,112,Freedom,false,,Darius Leonard,
base,112,Gold,false,,Darius Leonard,
base,112,Gold Vinyl,false,,Darius Leonard,
base,112,Green,false,,Darius Leonard,
base,112,Green Velocity,false,,Darius Leonard,
base,112,Holo,false,,Darius Leonard,
base,112,Holo Variation,false,,Darius Leonard,
base,112,Ice,false,,Darius Leonard,
base,112,Lime Green,false,,Darius Leonard,
base,112,One Hundred,false,,Darius Leonard,
base,112,Orange,false,,Darius Leonard,
base,112,Orange Scope,false,,Darius Leonard,
base,112,Pink,false,,Darius Leonard,
base,112,Pink Velocity,false,,Darius Leonard,
base,112,Purple,false,,Darius Leonard,
base,112,Purple Shock,false,,Darius Leonard,
base,112,Purple Stars,false,,Darius Leonard,
base,112,Purple Velocity,false,,Darius Leonard,
base,112,Red,false,,Darius Leonard,
base,112,Red Hyper,false,,Darius Leonard,
base,112,Red Mojo,false,,Darius Leonard,
base,112,Red Stars,false,,Darius Leonard,
base,112,Rocket,false,,Darius Leonard,
base,112,Silver Circles,false,,Darius Leonard,
base,112,Stars,false,,Darius Leonard,
base,112,Teal Velocity,false,,Darius Leonard,
base,112,Wave,false,,Darius Leonard,
base,112,Aqua,false,,Darius Leonard,
base,112,Printing Plate Black,false,,Darius Leonard,
auto-dynamic-patch-autographs,DPA-MF,Gold Vinyl,true,,Marshall Faulk,
base,113,White Sparkle,false,,Peyton Manning,
base,113,Black,false,,Peyton Manning,
base,113,Black Pandora,false,,Peyton Manning,
base,113,Blue,false,,Peyton Manning,
base,113,Blue Hyper,false,,Peyton Manning,
base,113,Blue Scope,false,,Peyton Manning,
base,113,Bronze,false,,Peyton Manning,
base,113,Fire,false,,Peyton Manning,
base,113,Freedom,false,,Peyton Manning,
base,113,Gold,false,,Peyton Manning,
base,113,Gold Vinyl,false,,Peyton Manning,
base,113,Green,false,,Peyton Manning,
base,113,Green Velocity,false,,Peyton Manning,
base,113,Holo,false,,Peyton Manning,
base,113,Holo Variation,false,,Peyton Manning,
base,113,Ice,false,,Peyton Manning,
base,113,Lime Green,false,,Peyton Manning,
base,113,One Hundred,false,,Peyton Manning,
base,113,Orange,false,,Peyton Manning,
base,113,Orange Scope,false,,Peyton Manning,
base,113,Pink,false,,Peyton Manning,
base,113,Pink Velocity,false,,Peyton Manning,
base,113,Purple,false,,Peyton Manning,
base,113,Purple Shock,false,,Peyton Manning,
base,113,Purple Stars,false,,Peyton Manning,
base,113,Purple Velocity,false,,Peyton Manning,
base,113,Red,false,,Peyton Manning,
base,113,Red Hyper,false,,Peyton Manning,
base,113,Red Mojo,false,,Peyton Manning,
base,113,Red Stars,false,,Peyton Manning,
base,113,Rocket,false,,Peyton Manning,
base,113,Silver Circles,false,,Peyton Manning,
base,113,Stars,false,,Peyton Manning,
base,113,Teal Velocity,false,,Peyton Manning,
base,113,Wave,false,,Peyton Manning,
base,113,Aqua,false,,Peyton Manning,
base,113,Printing Plate Black,false,,Peyton Manning,
insert-rising-suns,RS-4,Purple Stars,false,,Michael Pittman Jr.,
insert-rising-suns,RS-4,Gold,false,,Michael Pittman Jr.,
insert-rising-suns,RS-4,Gold Vinyl,false,,Michael Pittman Jr.,
insert-rising-suns,RS-4,Black Pandora,false,,Michael Pittman Jr.,
base,108,White Sparkle,false,,Michael Pittman Jr.,
base,108,Black,false,,Michael Pittman Jr.,
base,108,Black Pandora,false,,Michael Pittman Jr.,
base,108,Blue,false,,Michael Pittman Jr.,
base,108,Blue Hyper,false,,Michael Pittman Jr.,
base,108,Blue Scope,false,,Michael Pittman Jr.,
base,108,Bronze,false,,Michael Pittman Jr.,
base,108,Fire,false,,Michael Pittman Jr.,
base,108,Freedom,false,,Michael Pittman Jr.,
base,108,Gold,false,,Michael Pittman Jr.,
base,108,Gold Vinyl,false,,Michael Pittman Jr.,
base,108,Green,false,,Michael Pittman Jr.,
base,108,Green Velocity,false,,Michael Pittman Jr.,
base,108,Holo,false,,Michael Pittman Jr.,
base,108,Holo Variation,false,,Michael Pittman Jr.,
base,108,Ice,false,,Michael Pittman Jr.,
base,108,Lime Green,false,,Michael Pittman Jr.,
base,108,One Hundred,false,,Michael Pittman Jr.,
base,108,Orange,false,,Michael Pittman Jr.,
base,108,Orange Scope,false,,Michael Pittman Jr.,
base,108,Pink,false,,Michael Pittman Jr.,
base,108,Pink Velocity,false,,Michael Pittman Jr.,
base,108,Purple,false,,Michael Pittman Jr.,
base,108,Purple Shock,false,,Michael Pittman Jr.,
base,108,Purple Stars,false,,Michael Pittman Jr.,
base,108,Purple Velocity,false,,Michael Pittman Jr.,
base,108,Red,false,,Michael Pittman Jr.,
base,108,Red Hyper,false,,Michael Pittman Jr.,
base,108,Red Mojo,false,,Michael Pittman Jr.,
base,108,Red Stars,false,,Michael Pittman Jr.,
base,108,Rocket,false,,Michael Pittman Jr.,
base,108,Silver Circles,false,,Michael Pittman Jr.,
base,108,Stars,false,,Michael Pittman Jr.,
base,108,Teal Velocity,false,,Michael Pittman Jr.,
base,108,Wave,false,,Michael Pittman Jr.,
base,108,Aqua,false,,Michael Pittman Jr.,
base,108,Printing Plate Black,false,,Michael Pittman Jr.,
insert-legendary-logos,LL-9,Gold Vinyl,false,,Carson Wentz,
insert-legendary-logos,LL-9,Gold,false,,Carson Wentz,
insert-legendary-logos,LL-9,Black Pandora,false,,Carson Wentz,
insert-legendary-logos,LL-9,Purple Stars,false,,Carson Wentz,
auto-rated-rookies-autographs,248,Holo,true,,Kwity Paye,
auto-rated-rookies-autographs,248,Pink Velocity,true,,Kwity Paye,
auto-rated-rookies-autographs,248,Black Pandora,true,,Kwity Paye,
auto-rated-rookies-autographs,248,Blue,true,,Kwity Paye,
auto-rated-rookies-autographs,248,Red Hyper,true,,Kwity Paye,
auto-rated-rookies-autographs,248,Red,true,,Kwity Paye,
auto-rated-rookies-autographs,248,Purple Stars,true,,Kwity Paye,
auto-rated-rookies-autographs,248,Purple,true,,Kwity Paye,
auto-rated-rookies-autographs,248,Bronze,true,,Kwity Paye,
auto-rated-rookies-autographs,248,Gold,true,,Kwity Paye,
auto-rated-rookies-autographs,248,Green,true,,Kwity Paye,
auto-rated-rookies-autographs,248,Gold Vinyl,true,,Kwity Paye,
base,248,White Sparkle,false,,Kwity Paye,
base,248,Black,false,,Kwity Paye,
base,248,Black Pandora,false,,Kwity Paye,
base,248,Blue,false,,Kwity Paye,
base,248,Blue Hyper,false,,Kwity Paye,
base,248,Blue Scope,false,,Kwity Paye,
base,248,Bronze,false,,Kwity Paye,
base,248,Fire,false,,Kwity Paye,
base,248,Freedom,false,,Kwity Paye,
base,248,Gold,false,,Kwity Paye,
base,248,Gold Vinyl,false,,Kwity Paye,
base,248,Green,false,,Kwity Paye,
base,248,Green Velocity,false,,Kwity Paye,
base,248,Holo,false,,Kwity Paye,
base,248,Holo Variation,false,,Kwity Paye,
base,248,Ice,false,,Kwity Paye,
base,248,Lime Green,false,,Kwity Paye,
base,248,One Hundred,false,,Kwity Paye,
base,248,Orange,false,,Kwity Paye,
base,248,Orange Scope,false,,Kwity Paye,
base,248,Pink,false,,Kwity Paye,
base,248,Pink Velocity,false,,Kwity Paye,
base,248,Purple,false,,Kwity Paye,
base,248,Purple Shock,false,,Kwity Paye,
base,248,Purple Stars,false,,Kwity Paye,
base,248,Purple Velocity,false,,Kwity Paye,
base,248,Red,false,,Kwity Paye,
base,248,Red Hyper,false,,Kwity Paye,
base,248,Red Mojo,false,,Kwity Paye,
base,248,Red Stars,false,,Kwity Paye,
base,248,Rocket,false,,Kwity Paye,
base,248,Silver Circles,false,,Kwity Paye,
base,248,Stars,false,,Kwity Paye,
base,248,Teal Velocity,false,,Kwity Paye,
base,248,Wave,false,,Kwity Paye,
base,248,Aqua,false,,Kwity Paye,
base,248,Printing Plate Black,false,,Kwity Paye,
base,246,White Sparkle,false,,Sam Ehlinger,
base,246,Black,false,,Sam Ehlinger,
base,246,Black Pandora,false,,Sam Ehlinger,
base,246,Blue,false,,Sam Ehlinger,
base,246,Blue Hyper,false,,Sam Ehlinger,
base,246,Blue Scope,false,,Sam Ehlinger,
base,246,Bronze,false,,Sam Ehlinger,
base,246,Fire,false,,Sam Ehlinger,
base,246,Freedom,false,,Sam Ehlinger,
base,246,Gold,false,,Sam Ehlinger,
base,246,Gold Vinyl,false,,Sam Ehlinger,
base,246,Green,false,,Sam Ehlinger,
base,246,Green Velocity,false,,Sam Ehlinger,
base,246,Holo,false,,Sam Ehlinger,
base,246,Holo Variation,false,,Sam Ehlinger,
base,246,Ice,false,,Sam Ehlinger,
base,246,Lime Green,false,,Sam Ehlinger,
base,246,One Hundred,false,,Sam Ehlinger,
base,246,Orange,false,,Sam Ehlinger,
base,246,Orange Scope,false,,Sam Ehlinger,
base,246,Pink,false,,Sam Ehlinger,
base,246,Pink Velocity,false,,Sam Ehlinger,
base,246,Purple,false,,Sam Ehlinger,
base,246,Purple Shock,false,,Sam Ehlinger,
base,246,Purple Stars,false,,Sam Ehlinger,
base,246,Purple Velocity,false,,Sam Ehlinger,
base,246,Red,false,,Sam Ehlinger,
base,246,Red Hyper,false,,Sam Ehlinger,
base,246,Red Mojo,false,,Sam Ehlinger,
base,246,Red Stars,false,,Sam Ehlinger,
base,246,Rocket,false,,Sam Ehlinger,
base,246,Silver Circles,false,,Sam Ehlinger,
base,246,Stars,false,,Sam Ehlinger,
base,246,Teal Velocity,false,,Sam Ehlinger,
base,246,Wave,false,,Sam Ehlinger,
base,246,Aqua,false,,Sam Ehlinger,
base,246,Printing Plate Black,false,,Sam Ehlinger,
base,109,White Sparkle,false,,Carson Wentz,
base,109,Black,false,,Carson Wentz,
base,109,Black Pandora,false,,Carson Wentz,
base,109,Blue,false,,Carson Wentz,
base,109,Blue Hyper,false,,Carson Wentz,
base,109,Blue Scope,false,,Carson Wentz,
base,109,Bronze,false,,Carson Wentz,
base,109,Fire,false,,Carson Wentz,
base,109,Freedom,false,,Carson Wentz,
base,109,Gold,false,,Carson Wentz,
base,109,Gold Vinyl,false,,Carson Wentz,
base,109,Green,false,,Carson Wentz,
base,109,Green Velocity,false,,Carson Wentz,
base,109,Holo,false,,Carson Wentz,
base,109,Holo Variation,false,,Carson Wentz,
base,109,Ice,false,,Carson Wentz,
base,109,Lime Green,false,,Carson Wentz,
base,109,One Hundred,false,,Carson Wentz,
base,109,Orange,false,,Carson Wentz,
base,109,Orange Scope,false,,Carson Wentz,
base,109,Pink,false,,Carson Wentz,
base,109,Pink Velocity,false,,Carson Wentz,
base,109,Purple,false,,Carson Wentz,
base,109,Purple Shock,false,,Carson Wentz,
base,109,Purple Stars,false,,Carson Wentz,
base,109,Purple Velocity,false,,Carson Wentz,
base,109,Red,false,,Carson Wentz,
base,109,Red Hyper,false,,Carson Wentz,
base,109,Red Mojo,false,,Carson Wentz,
base,109,Red Stars,false,,Carson Wentz,
base,109,Rocket,false,,Carson Wentz,
base,109,Silver Circles,false,,Carson Wentz,
base,109,Stars,false,,Carson Wentz,
base,109,Teal Velocity,false,,Carson Wentz,
base,109,Wave,false,,Carson Wentz,
base,109,Aqua,false,,Carson Wentz,
base,109,Printing Plate Black,false,,Carson Wentz,
auto-legendary-patch-autographs,LPA-PM,Gold Vinyl,true,,Peyton Manning,
insert-donruss-threads,TH-11,Red,false,,Jonathan Taylor,
insert-donruss-threads,TH-11,Blue Hyper,false,,Jonathan Taylor,
insert-donruss-threads,TH-11,Gold Vinyl,false,,Jonathan Taylor,
insert-donruss-threads,TH-11,Prime,false,,Jonathan Taylor,
insert-rookie-phenoms-horizontal,RPH-14,Blue Hyper,false,,Travis Etienne Jr.,
insert-rookie-phenoms-horizontal,RPH-14,Prime,false,,Travis Etienne Jr.,
insert-rookie-phenoms-horizontal,RPH-14,Red,false,,Travis Etienne Jr.,
insert-rookie-phenoms-horizontal,RPH-14,Gold Vinyl,false,,Travis Etienne Jr.,
insert-red-hot-rookies,RHR-1,Black Pandora,false,,Trevor Lawrence,
insert-red-hot-rookies,RHR-1,Gold Vinyl,false,,Trevor Lawrence,
insert-red-hot-rookies,RHR-1,Purple Stars,false,,Trevor Lawrence,
insert-red-hot-rookies,RHR-1,Gold,false,,Trevor Lawrence,
insert-the-elite-series-rookies,ESR-13,Gold Vinyl,false,,Travis Etienne Jr.,
insert-the-elite-series-rookies,ESR-13,Purple Stars,false,,Travis Etienne Jr.,
insert-the-elite-series-rookies,ESR-13,Gold,false,,Travis Etienne Jr.,
insert-the-elite-series-rookies,ESR-13,Black Pandora,false,,Travis Etienne Jr.,
base,278,White Sparkle,false,,Andre Cisco,
base,278,Black,false,,Andre Cisco,
base,278,Black Pandora,false,,Andre Cisco,
base,278,Blue,false,,Andre Cisco,
base,278,Blue Hyper,false,,Andre Cisco,
base,278,Blue Scope,false,,Andre Cisco,
base,278,Bronze,false,,Andre Cisco,
base,278,Fire,false,,Andre Cisco,
base,278,Freedom,false,,Andre Cisco,
base,278,Gold,false,,Andre Cisco,
base,278,Gold Vinyl,false,,Andre Cisco,
base,278,Green,false,,Andre Cisco,
base,278,Green Velocity,false,,Andre Cisco,
base,278,Holo,false,,Andre Cisco,
base,278,Holo Variation,false,,Andre Cisco,
base,278,Ice,false,,Andre Cisco,
base,278,Lime Green,false,,Andre Cisco,
base,278,One Hundred,false,,Andre Cisco,
base,278,Orange,false,,Andre Cisco,
base,278,Orange Scope,false,,Andre Cisco,
base,278,Pink,false,,Andre Cisco,
base,278,Pink Velocity,false,,Andre Cisco,
base,278,Purple,false,,Andre Cisco,
base,278,Purple Shock,false,,Andre Cisco,
base,278,Purple Stars,false,,Andre Cisco,
base,278,Purple Velocity,false,,Andre Cisco,
base,278,Red,false,,Andre Cisco,
base,278,Red Hyper,false,,Andre Cisco,
base,278,Red Mojo,false,,Andre Cisco,
base,278,Red Stars,false,,Andre Cisco,
base,278,Rocket,false,,Andre Cisco,
base,278,Silver Circles,false,,Andre Cisco,
base,278,Stars,false,,Andre Cisco,
base,278,Teal Velocity,false,,Andre Cisco,
base,278,Wave,false,,Andre Cisco,
base,278,Aqua,false,,Andre Cisco,
base,278,Printing Plate Black,false,,Andre Cisco,
auto-rated-rookies-rps-autographs,214,Gold Vinyl,true,,Travis Etienne Jr.,
auto-rated-rookies-rps-autographs,214,Red Hyper,true,,Travis Etienne Jr.,
auto-rated-rookies-rps-autographs,214,Red,true,,Travis Etienne Jr.,
auto-rated-rookies-rps-autographs,214,Purple Stars,true,,Travis Etienne Jr.,
auto-rated-rookies-rps-autographs,214,Purple,true,,Travis Etienne Jr.,
auto-rated-rookies-rps-autographs,214,Pink Velocity,true,,Travis Etienne Jr.,
auto-rated-rookies-rps-autographs,214,Holo,true,,Travis Etienne Jr.,
auto-rated-rookies-rps-autographs,214,Green,true,,Travis Etienne Jr.,
auto-rated-rookies-rps-autographs,214,Gold,true,,Travis Etienne Jr.,
auto-rated-rookies-rps-autographs,214,Bronze,true,,Travis Etienne Jr.,
auto-rated-rookies-rps-autographs,214,Blue,true,,Travis Etienne Jr.,
auto-rated-rookies-rps-autographs,214,Black Pandora,true,,Travis Etienne Jr.,
insert-the-rookies,TR-1,Gold Vinyl,false,,Trevor Lawrence,
insert-the-rookies,TR-1,Purple Stars,false,,Trevor Lawrence,
insert-the-rookies,TR-1,Black Pandora,false,,Trevor Lawrence,
insert-the-rookies,TR-1,Gold,false,,Trevor Lawrence,
insert-the-rookies,TR-12,Gold Vinyl,false,,Travis Etienne Jr.,
insert-the-rookies,TR-12,Purple Stars,false,,Travis Etienne Jr.,
insert-the-rookies,TR-12,Black Pandora,false,,Travis Etienne Jr.,
insert-the-rookies,TR-12,Gold,false,,Travis Etienne Jr.,
auto-the-rookies-autographs,TR-1,Gold Vinyl,true,,Trevor Lawrence,
auto-the-rookies-autographs,TR-1,Purple Stars,true,,Trevor Lawrence,
auto-dynamic-patch-autographs,DPA-JR,Gold Vinyl,true,,James Robinson,
base,114,White Sparkle,false,,DJ Chark Jr.,
base,114,Black,false,,DJ Chark Jr.,
base,114,Black Pandora,false,,DJ Chark Jr.,
base,114,Blue,false,,DJ Chark Jr.,
base,114,Blue Hyper,false,,DJ Chark Jr.,
base,114,Blue Scope,false,,DJ Chark Jr.,
base,114,Bronze,false,,DJ Chark Jr.,
base,114,Fire,false,,DJ Chark Jr.,
base,114,Freedom,false,,DJ Chark Jr.,
base,114,Gold,false,,DJ Chark Jr.,
base,114,Gold Vinyl,false,,DJ Chark Jr.,
base,114,Green,false,,DJ Chark Jr.,
base,114,Green Velocity,false,,DJ Chark Jr.,
base,114,Holo,false,,DJ Chark Jr.,
base,114,Holo Variation,false,,DJ Chark Jr.,
base,114,Ice,false,,DJ Chark Jr.,
base,114,Lime Green,false,,DJ Chark Jr.,
base,114,One Hundred,false,,DJ Chark Jr.,
base,114,Orange,false,,DJ Chark Jr.,
base,114,Orange Scope,false,,DJ Chark Jr.,
base,114,Pink,false,,DJ Chark Jr.,
base,114,Pink Velocity,false,,DJ Chark Jr.,
base,114,Purple,false,,DJ Chark Jr.,
base,114,Purple Shock,false,,DJ Chark Jr.,
base,114,Purple Stars,false,,DJ Chark Jr.,
base,114,Purple Velocity,false,,DJ Chark Jr.,
base,114,Red,false,,DJ Chark Jr.,
base,114,Red Hyper,false,,DJ Chark Jr.,
base,114,Red Mojo,false,,DJ Chark Jr.,
base,114,Red Stars,false,,DJ Chark Jr.,
base,114,Rocket,false,,DJ Chark Jr.,
base,114,Silver Circles,false,,DJ Chark Jr.,
base,114,Stars,false,,DJ Chark Jr.,
base,114,Teal Velocity,false,,DJ Chark Jr.,
base,114,Wave,false,,DJ Chark Jr.,
base,114,Aqua,false,,DJ Chark Jr.,
base,114,Printing Plate Black,false,,DJ Chark Jr.,
base,117,White Sparkle,false,,James Robinson,
base,117,Black,false,,James Robinson,
base,117,Black Pandora,false,,James Robinson,
base,117,Blue,false,,James Robinson,
base,117,Blue Hyper,false,,James Robinson,
base,117,Blue Scope,false,,James Robinson,
base,117,Bronze,false,,James Robinson,
base,117,Fire,false,,James Robinson,
base,117,Freedom,false,,James Robinson,
base,117,Gold,false,,James Robinson,
base,117,Gold Vinyl,false,,James Robinson,
base,117,Green,false,,James Robinson,
base,117,Green Velocity,false,,James Robinson,
base,117,Holo,false,,James Robinson,
base,117,Holo Variation,false,,James Robinson,
base,117,Ice,false,,James Robinson,
base,117,Lime Green,false,,James Robinson,
base,117,One Hundred,false,,James Robinson,
base,117,Orange,false,,James Robinson,
base,117,Orange Scope,false,,James Robinson,
base,117,Pink,false,,James Robinson,
base,117,Pink Velocity,false,,James Robinson,
base,117,Purple,false,,James Robinson,
base,117,Purple Shock,false,,James Robinson,
base,117,Purple Stars,false,,James Robinson,
base,117,Purple Velocity,false,,James Robinson,
base,117,Red,false,,James Robinson,
base,117,Red Hyper,false,,James Robinson,
base,117,Red Mojo,false,,James Robinson,
base,117,Red Stars,false,,James Robinson,
base,117,Rocket,false,,James Robinson,
base,117,Silver Circles,false,,James Robinson,
base,117,Stars,false,,James Robinson,
base,117,Teal Velocity,false,,James Robinson,
base,117,Wave,false,,James Robinson,
base,117,Aqua,false,,James Robinson,
base,117,Printing Plate Black,false,,James Robinson,
insert-downtown,DT-33,Gold Vinyl,false,,Trevor Lawrence,
insert-downtown,DT-33,Gold,false,,Trevor Lawrence,
insert-downtown,DT-33,Black Pandora,false,,Trevor Lawrence,
insert-downtown,DT-33,White Sparkle,false,,Trevor Lawrence,
insert-mythical,MY-21,White Sparkle,false,,Trevor Lawrence,
insert-mythical,MY-21,Gold,false,,Trevor Lawrence,
insert-mythical,MY-21,Black Pandora,false,,Trevor Lawrence,
insert-mythical,MY-21,Gold Vinyl,false,,Trevor Lawrence,
base,118,White Sparkle,false,,Josh Allen,
base,118,Black,false,,Josh Allen,
base,118,Black Pandora,false,,Josh Allen,
base,118,Blue,false,,Josh Allen,
base,118,Blue Hyper,false,,Josh Allen,
base,118,Blue Scope,false,,Josh Allen,
base,118,Bronze,false,,Josh Allen,
base,118,Fire,false,,Josh Allen,
base,118,Freedom,false,,Josh Allen,
base,118,Gold,false,,Josh Allen,
base,118,Gold Vinyl,false,,Josh Allen,
base,118,Green,false,,Josh Allen,
base,118,Green Velocity,false,,Josh Allen,
base,118,Holo,false,,Josh Allen,
base,118,Holo Variation,false,,Josh Allen,
base,118,Ice,false,,Josh Allen,
base,118,Lime Green,false,,Josh Allen,
base,118,One Hundred,false,,Josh Allen,
base,118,Orange,false,,Josh Allen,
base,118,Orange Scope,false,,Josh Allen,
base,118,Pink,false,,Josh Allen,
base,118,Pink Velocity,false,,Josh Allen,
base,118,Purple,false,,Josh Allen,
base,118,Purple Shock,false,,Josh Allen,
base,118,Purple Stars,false,,Josh Allen,
base,118,Purple Velocity,false,,Josh Allen,
base,118,Red,false,,Josh Allen,
base,118,Red Hyper,false,,Josh Allen,
base,118,Red Mojo,false,,Josh Allen,
base,118,Red Stars,false,,Josh Allen,
base,118,Rocket,false,,Josh Allen,
base,118,Silver Circles,false,,Josh Allen,
base,118,Stars,false,,Josh Allen,
base,118,Teal Velocity,false,,Josh Allen,
base,118,Wave,false,,Josh Allen,
base,118,Aqua,false,,Josh Allen,
base,118,Printing Plate Black,false,,Josh Allen,
base,119,White Sparkle,false,,Mark Brunell,
base,119,Black,false,,Mark Brunell,
base,119,Black Pandora,false,,Mark Brunell,
base,119,Blue,false,,Mark Brunell,
base,119,Blue Hyper,false,,Mark Brunell,
base,119,Blue Scope,false,,Mark Brunell,
base,119,Bronze,false,,Mark Brunell,
base,119,Fire,false,,Mark Brunell,
base,119,Freedom,false,,Mark Brunell,
base,119,Gold,false,,Mark Brunell,
base,119,Gold Vinyl,false,,Mark Brunell,
base,119,Green,false,,Mark Brunell,
base,119,Green Velocity,false,,Mark Brunell,
base,119,Holo,false,,Mark Brunell,
base,119,Holo Variation,false,,Mark Brunell,
base,119,Ice,false,,Mark Brunell,
base,119,Lime Green,false,,Mark Brunell,
base,119,One Hundred,false,,Mark Brunell,
base,119,Orange,false,,Mark Brunell,
base,119,Orange Scope,false,,Mark Brunell,
base,119,Pink,false,,Mark Brunell,
base,119,Pink Velocity,false,,Mark Brunell,
base,119,Purple,false,,Mark Brunell,
base,119,Purple Shock,false,,Mark Brunell,
base,119,Purple Stars,false,,Mark Brunell,
base,119,Purple Velocity,false,,Mark Brunell,
base,119,Red,false,,Mark Brunell,
base,119,Red Hyper,false,,Mark Brunell,
base,119,Red Mojo,false,,Mark Brunell,
base,119,Red Stars,false,,Mark Brunell,
base,119,Rocket,false,,Mark Brunell,
base,119,Silver Circles,false,,Mark Brunell,
base,119,Stars,false,,Mark Brunell,
base,119,Teal Velocity,false,,Mark Brunell,
base,119,Wave,false,,Mark Brunell,
base,119,Aqua,false,,Mark Brunell,
base,119,Printing Plate Black,false,,Mark Brunell,
auto-the-elite-series-rookies-autographs,ESR-1,Purple Stars,true,,Trevor Lawrence,
auto-the-elite-series-rookies-autographs,ESR-1,Gold Vinyl,true,,Trevor Lawrence,
auto-rookie-dual-autographs,RDA-LE,Gold Vinyl,true,,Trevor Lawrence,
auto-rookie-dual-autographs,RDA-LE,Gold Vinyl,true,,Travis Etienne Jr.,
auto-rated-rookies-autographs,278,Holo,true,,Andre Cisco,
auto-rated-rookies-autographs,278,Pink Velocity,true,,Andre Cisco,
auto-rated-rookies-autographs,278,Black Pandora,true,,Andre Cisco,
auto-rated-rookies-autographs,278,Blue,true,,Andre Cisco,
auto-rated-rookies-autographs,278,Red Hyper,true,,Andre Cisco,
auto-rated-rookies-autographs,278,Red,true,,Andre Cisco,
auto-rated-rookies-autographs,278,Purple Stars,true,,Andre Cisco,
auto-rated-rookies-autographs,278,Purple,true,,Andre Cisco,
auto-rated-rookies-autographs,278,Bronze,true,,Andre Cisco,
auto-rated-rookies-autographs,278,Gold,true,,Andre Cisco,
auto-rated-rookies-autographs,278,Green,true,,Andre Cisco,
auto-rated-rookies-autographs,278,Gold Vinyl,true,,Andre Cisco,
insert-rookie-gridiron-kings,RGK-1,Gold,false,,Trevor Lawrence,
insert-rookie-gridiron-kings,RGK-1,Gold Vinyl,false,,Trevor Lawrence,
insert-rookie-gridiron-kings,RGK-1,Black Pandora,false,,Trevor Lawrence,
insert-rookie-gridiron-kings,RGK-1,Purple Stars,false,,Trevor Lawrence,
insert-rookie-gridiron-kings,RGK-12,Gold,false,,Travis Etienne Jr.,
insert-rookie-gridiron-kings,RGK-12,Gold Vinyl,false,,Travis Etienne Jr.,
insert-rookie-gridiron-kings,RGK-12,Black Pandora,false,,Travis Etienne Jr.,
insert-rookie-gridiron-kings,RGK-12,Purple Stars,false,,Travis Etienne Jr.,
auto-rookie-gridiron-kings-autographs,RGK-1,Gold Vinyl,true,,Trevor Lawrence,
auto-rookie-gridiron-kings-autographs,RGK-1,Purple Stars,true,,Trevor Lawrence,
insert-white-hot-rookies,WHR-7,Black Pandora,false,,Travis Etienne Jr.,
insert-white-hot-rookies,WHR-7,Gold,false,,Travis Etienne Jr.,
insert-white-hot-rookies,WHR-7,Gold Vinyl,false,,Travis Etienne Jr.,
insert-white-hot-rookies,WHR-7,Purple Stars,false,,Travis Etienne Jr.,
insert-my-house,MH-1,Black Pandora,false,,Trevor Lawrence,
insert-my-house,MH-1,Gold,false,,Trevor Lawrence,
insert-my-house,MH-1,Gold Vinyl,false,,Trevor Lawrence,
insert-my-house,MH-1,Purple Stars,false,,Trevor Lawrence,
auto-rookie-gridiron-kings-autographs,RGK-12,Gold Vinyl,true,,Travis Etienne Jr.,
auto-rookie-gridiron-kings-autographs,RGK-12,Purple Stars,true,,Travis Etienne Jr.,
auto-the-rookies-autographs,TR-12,Gold Vinyl,true,,Travis Etienne Jr.,
auto-the-rookies-autographs,TR-12,Purple Stars,true,,Travis Etienne Jr.,
insert-rookie-phenoms,RP-1,Prime,false,,Trevor Lawrence,
insert-rookie-phenoms,RP-1,Blue Hyper,false,,Trevor Lawrence,
insert-rookie-phenoms,RP-1,Gold Vinyl,false,,Trevor Lawrence,
insert-rookie-phenoms,RP-1,Red,false,,Trevor Lawrence,
insert-rookie-kings,RK-1,Gold,false,,Trevor Lawrence,
insert-rookie-kings,RK-1,Gold Vinyl,false,,Trevor Lawrence,
insert-rookie-kings,RK-1,White Sparkle,false,,Trevor Lawrence,
insert-rookie-kings,RK-1,Black Pandora,false,,Trevor Lawrence,
auto-rookie-patch-autographs,RPA-TL,Gold Vinyl,true,,Trevor Lawrence,
auto-rookie-patch-autographs,RPA-TE,Gold Vinyl,true,,Travis Etienne Jr.,
auto-rated-rookies-rps-autographs,201,Gold Vinyl,true,,Trevor Lawrence,
auto-rated-rookies-rps-autographs,201,Red Hyper,true,,Trevor Lawrence,
auto-rated-rookies-rps-autographs,201,Red,true,,Trevor Lawrence,
auto-rated-rookies-rps-autographs,201,Purple Stars,true,,Trevor Lawrence,
auto-rated-rookies-rps-autographs,201,Purple,true,,Trevor Lawrence,
auto-rated-rookies-rps-autographs,201,Pink Velocity,true,,Trevor Lawrence,
auto-rated-rookies-rps-autographs,201,Holo,true,,Trevor Lawrence,
auto-rated-rookies-rps-autographs,201,Green,true,,Trevor Lawrence,
auto-rated-rookies-rps-autographs,201,Gold,true,,Trevor Lawrence,
auto-rated-rookies-rps-autographs,201,Bronze,true,,Trevor Lawrence,
auto-rated-rookies-rps-autographs,201,Blue,true,,Trevor Lawrence,
auto-rated-rookies-rps-autographs,201,Black Pandora,true,,Trevor Lawrence,
insert-rookie-phenoms,RP-14,Prime,false,,Travis Etienne Jr.,
insert-rookie-phenoms,RP-14,Blue Hyper,false,,Travis Etienne Jr.,
insert-rookie-phenoms,RP-14,Gold Vinyl,false,,Travis Etienne Jr.,
insert-rookie-phenoms,RP-14,Red,false,,Travis Etienne Jr.,
auto-rated-rookies-autographs,287,Holo,true,,Luke Farrell,
auto-rated-rookies-autographs,287,Pink Velocity,true,,Luke Farrell,
auto-rated-rookies-autographs,287,Black Pandora,true,,Luke Farrell,
auto-rated-rookies-autographs,287,Blue,true,,Luke Farrell,
auto-rated-rookies-autographs,287,Red Hyper,true,,Luke Farrell,
auto-rated-rookies-autographs,287,Red,true,,Luke Farrell,
auto-rated-rookies-autographs,287,Purple Stars,true,,Luke Farrell,
auto-rated-rookies-autographs,287,Purple,true,,Luke Farrell,
auto-rated-rookies-autographs,287,Bronze,true,,Luke Farrell,
auto-rated-rookies-autographs,287,Gold,true,,Luke Farrell,
auto-rated-rookies-autographs,287,Green,true,,Luke Farrell,
auto-rated-rookies-autographs,287,Gold Vinyl,true,,Luke Farrell,
insert-gifted-rookies,GR-1,Gold Vinyl,false,,Trevor Lawrence,
insert-gifted-rookies,GR-1,Gold,false,,Trevor Lawrence,
insert-gifted-rookies,GR-1,Black Pandora,false,,Trevor Lawrence,
insert-gifted-rookies,GR-1,Purple Stars,false,,Trevor Lawrence,
base,287,White Sparkle,false,,Luke Farrell,
base,287,Black,false,,Luke Farrell,
base,287,Black Pandora,false,,Luke Farrell,
base,287,Blue,false,,Luke Farrell,
base,287,Blue Hyper,false,,Luke Farrell,
base,287,Blue Scope,false,,Luke Farrell,
base,287,Bronze,false,,Luke Farrell,
base,287,Fire,false,,Luke Farrell,
base,287,Freedom,false,,Luke Farrell,
base,287,Gold,false,,Luke Farrell,
base,287,Gold Vinyl,false,,Luke Farrell,
base,287,Green,false,,Luke Farrell,
base,287,Green Velocity,false,,Luke Farrell,
base,287,Holo,false,,Luke Farrell,
base,287,Holo Variation,false,,Luke Farrell,
base,287,Ice,false,,Luke Farrell,
base,287,Lime Green,false,,Luke Farrell,
base,287,One Hundred,false,,Luke Farrell,
base,287,Orange,false,,Luke Farrell,
base,287,Orange Scope,false,,Luke Farrell,
base,287,Pink,false,,Luke Farrell,
base,287,Pink Velocity,false,,Luke Farrell,
base,287,Purple,false,,Luke Farrell,
base,287,Purple Shock,false,,Luke Farrell,
base,287,Purple Stars,false,,Luke Farrell,
base,287,Purple Velocity,false,,Luke Farrell,
base,287,Red,false,,Luke Farrell,
base,287,Red Hyper,false,,Luke Farrell,
base,287,Red Mojo,false,,Luke Farrell,
base,287,Red Stars,false,,Luke Farrell,
base,287,Rocket,false,,Luke Farrell,
base,287,Silver Circles,false,,Luke Farrell,
base,287,Stars,false,,Luke Farrell,
base,287,Teal Velocity,false,,Luke Farrell,
base,287,Wave,false,,Luke Farrell,
base,287,Aqua,false,,Luke Farrell,
base,287,Printing Plate Black,false,,Luke Farrell,
insert-rookie-kings,RK-14,Gold,false,,Travis Etienne Jr.,
insert-rookie-kings,RK-14,Gold Vinyl,false,,Travis Etienne Jr.,
insert-rookie-kings,RK-14,White Sparkle,false,,Travis Etienne Jr.,
insert-rookie-kings,RK-14,Black Pandora,false,,Travis Etienne Jr.,
insert-rookie-phenoms-horizontal,RPH-1,Blue Hyper,false,,Trevor Lawrence,
insert-rookie-phenoms-horizontal,RPH-1,Prime,false,,Trevor Lawrence,
insert-rookie-phenoms-horizontal,RPH-1,Red,false,,Trevor Lawrence,
insert-rookie-phenoms-horizontal,RPH-1,Gold Vinyl,false,,Trevor Lawrence,
base,201,White Sparkle,false,,Trevor Lawrence,
base,201,Black,false,,Trevor Lawrence,
base,201,Black Pandora,false,,Trevor Lawrence,
base,201,Blue,false,,Trevor Lawrence,
base,201,Blue Hyper,false,,Trevor Lawrence,
base,201,Blue Scope,false,,Trevor Lawrence,
base,201,Bronze,false,,Trevor Lawrence,
base,201,Fire,false,,Trevor Lawrence,
base,201,Freedom,false,,Trevor Lawrence,
base,201,Gold,false,,Trevor Lawrence,
base,201,Gold Vinyl,false,,Trevor Lawrence,
base,201,Green,false,,Trevor Lawrence,
base,201,Green Velocity,false,,Trevor Lawrence,
base,201,Holo,false,,Trevor Lawrence,
base,201,Holo Variation,false,,Trevor Lawrence,
base,201,Ice,false,,Trevor Lawrence,
base,201,Lime Green,false,,Trevor Lawrence,
base,201,One Hundred,false,,Trevor Lawrence,
base,201,Orange,false,,Trevor Lawrence,
base,201,Orange Scope,false,,Trevor Lawrence,
base,201,Pink,false,,Trevor Lawrence,
base,201,Pink Velocity,false,,Trevor Lawrence,
base,201,Purple,false,,Trevor Lawrence,
base,201,Purple Shock,false,,Trevor Lawrence,
base,201,Purple Stars,false,,Trevor Lawrence,
base,201,Purple Velocity,false,,Trevor Lawrence,
base,201,Red,false,,Trevor Lawrence,
base,201,Red Hyper,false,,Trevor Lawrence,
base,201,Red Mojo,false,,Trevor Lawrence,
base,201,Red Stars,false,,Trevor Lawrence,
base,201,Rocket,false,,Trevor Lawrence,
base,201,Silver Circles,false,,Trevor Lawrence,
base,201,Stars,false,,Trevor Lawrence,
base,201,Teal Velocity,false,,Trevor Lawrence,
base,201,Wave,false,,Trevor Lawrence,
base,201,Aqua,false,,Trevor Lawrence,
base,201,Printing Plate Black,false,,Trevor Lawrence,
base,214,White Sparkle,false,,Travis Etienne Jr.,
base,214,Black,false,,Travis Etienne Jr.,
base,214,Black Pandora,false,,Travis Etienne Jr.,
base,214,Blue,false,,Travis Etienne Jr.,
base,214,Blue Hyper,false,,Travis Etienne Jr.,
base,214,Blue Scope,false,,Travis Etienne Jr.,
base,214,Bronze,false,,Travis Etienne Jr.,
base,214,Fire,false,,Travis Etienne Jr.,
base,214,Freedom,false,,Travis Etienne Jr.,
base,214,Gold,false,,Travis Etienne Jr.,
base,214,Gold Vinyl,false,,Travis Etienne Jr.,
base,214,Green,false,,Travis Etienne Jr.,
base,214,Green Velocity,false,,Travis Etienne Jr.,
base,214,Holo,false,,Travis Etienne Jr.,
base,214,Holo Variation,false,,Travis Etienne Jr.,
base,214,Ice,false,,Travis Etienne Jr.,
base,214,Lime Green,false,,Travis Etienne Jr.,
base,214,One Hundred,false,,Travis Etienne Jr.,
base,214,Orange,false,,Travis Etienne Jr.,
base,214,Orange Scope,false,,Travis Etienne Jr.,
base,214,Pink,false,,Travis Etienne Jr.,
base,214,Pink Velocity,false,,Travis Etienne Jr.,
base,214,Purple,false,,Travis Etienne Jr.,
base,214,Purple Shock,false,,Travis Etienne Jr.,
base,214,Purple Stars,false,,Travis Etienne Jr.,
base,214,Purple Velocity,false,,Travis Etienne Jr.,
base,214,Red,false,,Travis Etienne Jr.,
base,214,Red Hyper,false,,Travis Etienne Jr.,
base,214,Red Mojo,false,,Travis Etienne Jr.,
base,214,Red Stars,false,,Travis Etienne Jr.,
base,214,Rocket,false,,Travis Etienne Jr.,
base,214,Silver Circles,false,,Travis Etienne Jr.,
base,214,Stars,false,,Travis Etienne Jr.,
base,214,Teal Velocity,false,,Travis Etienne Jr.,
base,214,Wave,false,,Travis Etienne Jr.,
base,214,Aqua,false,,Travis Etienne Jr.,
base,214,Printing Plate Black,false,,Travis Etienne Jr.,
insert-the-elite-series-rookies,ESR-1,Gold Vinyl,false,,Trevor Lawrence,
insert-the-elite-series-rookies,ESR-1,Purple Stars,false,,Trevor Lawrence,
insert-the-elite-series-rookies,ESR-1,Gold,false,,Trevor Lawrence,
insert-the-elite-series-rookies,ESR-1,Black Pandora,false,,Trevor Lawrence,
insert-gifted-rookies,GR-14,Gold Vinyl,false,,Travis Etienne Jr.,
insert-gifted-rookies,GR-14,Gold,false,,Travis Etienne Jr.,
insert-gifted-rookies,GR-14,Black Pandora,false,,Travis Etienne Jr.,
insert-gifted-rookies,GR-14,Purple Stars,false,,Travis Etienne Jr.,
auto-the-elite-series-rookies-autographs,ESR-13,Purple Stars,true,,Travis Etienne Jr.,
auto-the-elite-series-rookies-autographs,ESR-13,Gold Vinyl,true,,Travis Etienne Jr.,
base,115,White Sparkle,false,,Laviska Shenault Jr.,
base,115,Black,false,,Laviska Shenault Jr.,
base,115,Black Pandora,false,,Laviska Shenault Jr.,
base,115,Blue,false,,Laviska Shenault Jr.,
base,115,Blue Hyper,false,,Laviska Shenault Jr.,
base,115,Blue Scope,false,,Laviska Shenault Jr.,
base,115,Bronze,false,,Laviska Shenault Jr.,
base,115,Fire,false,,Laviska Shenault Jr.,
base,115,Freedom,false,,Laviska Shenault Jr.,
base,115,Gold,false,,Laviska Shenault Jr.,
base,115,Gold Vinyl,false,,Laviska Shenault Jr.,
base,115,Green,false,,Laviska Shenault Jr.,
base,115,Green Velocity,false,,Laviska Shenault Jr.,
base,115,Holo,false,,Laviska Shenault Jr.,
base,115,Holo Variation,false,,Laviska Shenault Jr.,
base,115,Ice,false,,Laviska Shenault Jr.,
base,115,Lime Green,false,,Laviska Shenault Jr.,
base,115,One Hundred,false,,Laviska Shenault Jr.,
base,115,Orange,false,,Laviska Shenault Jr.,
base,115,Orange Scope,false,,Laviska Shenault Jr.,
base,115,Pink,false,,Laviska Shenault Jr.,
base,115,Pink Velocity,false,,Laviska Shenault Jr.,
base,115,Purple,false,,Laviska Shenault Jr.,
base,115,Purple Shock,false,,Laviska Shenault Jr.,
base,115,Purple Stars,false,,Laviska Shenault Jr.,
base,115,Purple Velocity,false,,Laviska Shenault Jr.,
base,115,Red,false,,Laviska Shenault Jr.,
base,115,Red Hyper,false,,Laviska Shenault Jr.,
base,115,Red Mojo,false,,Laviska Shenault Jr.,
base,115,Red Stars,false,,Laviska Shenault Jr.,
base,115,Rocket,false,,Laviska Shenault Jr.,
base,115,Silver Circles,false,,Laviska Shenault Jr.,
base,115,Stars,false,,Laviska Shenault Jr.,
base,115,Teal Velocity,false,,Laviska Shenault Jr.,
base,115,Wave,false,,Laviska Shenault Jr.,
base,115,Aqua,false,,Laviska Shenault Jr.,
base,115,Printing Plate Black,false,,Laviska Shenault Jr.,
base,116,White Sparkle,false,,Marvin Jones Jr.,
base,116,Black,false,,Marvin Jones Jr.,
base,116,Black Pandora,false,,Marvin Jones Jr.,
base,116,Blue,false,,Marvin Jones Jr.,
base,116,Blue Hyper,false,,Marvin Jones Jr.,
base,116,Blue Scope,false,,Marvin Jones Jr.,
base,116,Bronze,false,,Marvin Jones Jr.,
base,116,Fire,false,,Marvin Jones Jr.,
base,116,Freedom,false,,Marvin Jones Jr.,
base,116,Gold,false,,Marvin Jones Jr.,
base,116,Gold Vinyl,false,,Marvin Jones Jr.,
base,116,Green,false,,Marvin Jones Jr.,
base,116,Green Velocity,false,,Marvin Jones Jr.,
base,116,Holo,false,,Marvin Jones Jr.,
base,116,Holo Variation,false,,Marvin Jones Jr.,
base,116,Ice,false,,Marvin Jones Jr.,
base,116,Lime Green,false,,Marvin Jones Jr.,
base,116,One Hundred,false,,Marvin Jones Jr.,
base,116,Orange,false,,Marvin Jones Jr.,
base,116,Orange Scope,false,,Marvin Jones Jr.,
base,116,Pink,false,,Marvin Jones Jr.,
base,116,Pink Velocity,false,,Marvin Jones Jr.,
base,116,Purple,false,,Marvin Jones Jr.,
base,116,Purple Shock,false,,Marvin Jones Jr.,
base,116,Purple Stars,false,,Marvin Jones Jr.,
base,116,Purple Velocity,false,,Marvin Jones Jr.,
base,116,Red,false,,Marvin Jones Jr.,
base,116,Red Hyper,false,,Marvin Jones Jr.,
base,116,Red Mojo,false,,Marvin Jones Jr.,
base,116,Red Stars,false,,Marvin Jones Jr.,
base,116,Rocket,false,,Marvin Jones Jr.,
base,116,Silver Circles,false,,Marvin Jones Jr.,
base,116,Stars,false,,Marvin Jones Jr.,
base,116,Teal Velocity,false,,Marvin Jones Jr.,
base,116,Wave,false,,Marvin Jones Jr.,
base,116,Aqua,false,,Marvin Jones Jr.,
base,116,Printing Plate Black,false,,Marvin Jones Jr.,
insert-legendary-logos,LL-10,Gold Vinyl,false,,Patrick Mahomes II,
insert-legendary-logos,LL-10,Gold,false,,Patrick Mahomes II,
insert-legendary-logos,LL-10,Black Pandora,false,,Patrick Mahomes II,
insert-legendary-logos,LL-10,Purple Stars,false,,Patrick Mahomes II,
base,37,White Sparkle,false,,Tyrann Mathieu,
base,37,Black,false,,Tyrann Mathieu,
base,37,Black Pandora,false,,Tyrann Mathieu,
base,37,Blue,false,,Tyrann Mathieu,
base,37,Blue Hyper,false,,Tyrann Mathieu,
base,37,Blue Scope,false,,Tyrann Mathieu,
base,37,Bronze,false,,Tyrann Mathieu,
base,37,Fire,false,,Tyrann Mathieu,
base,37,Freedom,false,,Tyrann Mathieu,
base,37,Gold,false,,Tyrann Mathieu,
base,37,Gold Vinyl,false,,Tyrann Mathieu,
base,37,Green,false,,Tyrann Mathieu,
base,37,Green Velocity,false,,Tyrann Mathieu,
base,37,Holo,false,,Tyrann Mathieu,
base,37,Holo Variation,false,,Tyrann Mathieu,
base,37,Ice,false,,Tyrann Mathieu,
base,37,Lime Green,false,,Tyrann Mathieu,
base,37,One Hundred,false,,Tyrann Mathieu,
base,37,Orange,false,,Tyrann Mathieu,
base,37,Orange Scope,false,,Tyrann Mathieu,
base,37,Pink,false,,Tyrann Mathieu,
base,37,Pink Velocity,false,,Tyrann Mathieu,
base,37,Purple,false,,Tyrann Mathieu,
base,37,Purple Shock,false,,Tyrann Mathieu,
base,37,Purple Stars,false,,Tyrann Mathieu,
base,37,Purple Velocity,false,,Tyrann Mathieu,
base,37,Red,false,,Tyrann Mathieu,
base,37,Red Hyper,false,,Tyrann Mathieu,
base,37,Red Mojo,false,,Tyrann Mathieu,
base,37,Red Stars,false,,Tyrann Mathieu,
base,37,Rocket,false,,Tyrann Mathieu,
base,37,Silver Circles,false,,Tyrann Mathieu,
base,37,Stars,false,,Tyrann Mathieu,
base,37,Teal Velocity,false,,Tyrann Mathieu,
base,37,Wave,false,,Tyrann Mathieu,
base,37,Aqua,false,,Tyrann Mathieu,
base,37,Printing Plate Black,false,,Tyrann Mathieu,
base,36,White Sparkle,false,,Frank Clark,
base,36,Black,false,,Frank Clark,
base,36,Black Pandora,false,,Frank Clark,
base,36,Blue,false,,Frank Clark,
base,36,Blue Hyper,false,,Frank Clark,
base,36,Blue Scope,false,,Frank Clark,
base,36,Bronze,false,,Frank Clark,
base,36,Fire,false,,Frank Clark,
base,36,Freedom,false,,Frank Clark,
base,36,Gold,false,,Frank Clark,
base,36,Gold Vinyl,false,,Frank Clark,
base,36,Green,false,,Frank Clark,
base,36,Green Velocity,false,,Frank Clark,
base,36,Holo,false,,Frank Clark,
base,36,Holo Variation,false,,Frank Clark,
base,36,Ice,false,,Frank Clark,
base,36,Lime Green,false,,Frank Clark,
base,36,One Hundred,false,,Frank Clark,
base,36,Orange,false,,Frank Clark,
base,36,Orange Scope,false,,Frank Clark,
base,36,Pink,false,,Frank Clark,
base,36,Pink Velocity,false,,Frank Clark,
base,36,Purple,false,,Frank Clark,
base,36,Purple Shock,false,,Frank Clark,
base,36,Purple Stars,false,,Frank Clark,
base,36,Purple Velocity,false,,Frank Clark,
base,36,Red,false,,Frank Clark,
base,36,Red Hyper,false,,Frank Clark,
base,36,Red Mojo,false,,Frank Clark,
base,36,Red Stars,false,,Frank Clark,
base,36,Rocket,false,,Frank Clark,
base,36,Silver Circles,false,,Frank Clark,
base,36,Stars,false,,Frank Clark,
base,36,Teal Velocity,false,,Frank Clark,
base,36,Wave,false,,Frank Clark,
base,36,Aqua,false,,Frank Clark,
base,36,Printing Plate Black,false,,Frank Clark,
base,35,White Sparkle,false,,Clyde Edwards-Helaire,
base,35,Black,false,,Clyde Edwards-Helaire,
base,35,Black Pandora,false,,Clyde Edwards-Helaire,
base,35,Blue,false,,Clyde Edwards-Helaire,
base,35,Blue Hyper,false,,Clyde Edwards-Helaire,
base,35,Blue Scope,false,,Clyde Edwards-Helaire,
base,35,Bronze,false,,Clyde Edwards-Helaire,
base,35,Fire,false,,Clyde Edwards-Helaire,
base,35,Freedom,false,,Clyde Edwards-Helaire,
base,35,Gold,false,,Clyde Edwards-Helaire,
base,35,Gold Vinyl,false,,Clyde Edwards-Helaire,
base,35,Green,false,,Clyde Edwards-Helaire,
base,35,Green Velocity,false,,Clyde Edwards-Helaire,
base,35,Holo,false,,Clyde Edwards-Helaire,
base,35,Holo Variation,false,,Clyde Edwards-Helaire,
base,35,Ice,false,,Clyde Edwards-Helaire,
base,35,Lime Green,false,,Clyde Edwards-Helaire,
base,35,One Hundred,false,,Clyde Edwards-Helaire,
base,35,Orange,false,,Clyde Edwards-Helaire,
base,35,Orange Scope,false,,Clyde Edwards-Helaire,
base,35,Pink,false,,Clyde Edwards-Helaire,
base,35,Pink Velocity,false,,Clyde Edwards-Helaire,
base,35,Purple,false,,Clyde Edwards-Helaire,
base,35,Purple Shock,false,,Clyde Edwards-Helaire,
base,35,Purple Stars,false,,Clyde Edwards-Helaire,
base,35,Purple Velocity,false,,Clyde Edwards-Helaire,
base,35,Red,false,,Clyde Edwards-Helaire,
base,35,Red Hyper,false,,Clyde Edwards-Helaire,
base,35,Red Mojo,false,,Clyde Edwards-Helaire,
base,35,Red Stars,false,,Clyde Edwards-Helaire,
base,35,Rocket,false,,Clyde Edwards-Helaire,
base,35,Silver Circles,false,,Clyde Edwards-Helaire,
base,35,Stars,false,,Clyde Edwards-Helaire,
base,35,Teal Velocity,false,,Clyde Edwards-Helaire,
base,35,Wave,false,,Clyde Edwards-Helaire,
base,35,Aqua,false,,Clyde Edwards-Helaire,
base,35,Printing Plate Black,false,,Clyde Edwards-Helaire,
insert-mythical,MY-16,White Sparkle,false,,Tyreek Hill,
insert-mythical,MY-16,Gold,false,,Tyreek Hill,
insert-mythical,MY-16,Black Pandora,false,,Tyreek Hill,
insert-mythical,MY-16,Gold Vinyl,false,,Tyreek Hill,
base,275,White Sparkle,false,,Nick Bolton,
base,275,Black,false,,Nick Bolton,
base,275,Black Pandora,false,,Nick Bolton,
base,275,Blue,false,,Nick Bolton,
base,275,Blue Hyper,false,,Nick Bolton,
base,275,Blue Scope,false,,Nick Bolton,
base,275,Bronze,false,,Nick Bolton,
base,275,Fire,false,,Nick Bolton,
base,275,Freedom,false,,Nick Bolton,
base,275,Gold,false,,Nick Bolton,
base,275,Gold Vinyl,false,,Nick Bolton,
base,275,Green,false,,Nick Bolton,
base,275,Green Velocity,false,,Nick Bolton,
base,275,Holo,false,,Nick Bolton,
base,275,Holo Variation,false,,Nick Bolton,
base,275,Ice,false,,Nick Bolton,
base,275,Lime Green,false,,Nick Bolton,
base,275,One Hundred,false,,Nick Bolton,
base,275,Orange,false,,Nick Bolton,
base,275,Orange Scope,false,,Nick Bolton,
base,275,Pink,false,,Nick Bolton,
base,275,Pink Velocity,false,,Nick Bolton,
base,275,Purple,false,,Nick Bolton,
base,275,Purple Shock,false,,Nick Bolton,
base,275,Purple Stars,false,,Nick Bolton,
base,275,Purple Velocity,false,,Nick Bolton,
base,275,Red,false,,Nick Bolton,
base,275,Red Hyper,false,,Nick Bolton,
base,275,Red Mojo,false,,Nick Bolton,
base,275,Red Stars,false,,Nick Bolton,
base,275,Rocket,false,,Nick Bolton,
base,275,Silver Circles,false,,Nick Bolton,
base,275,Stars,false,,Nick Bolton,
base,275,Teal Velocity,false,,Nick Bolton,
base,275,Wave,false,,Nick Bolton,
base,275,Aqua,false,,Nick Bolton,
base,275,Printing Plate Black,false,,Nick Bolton,
auto-rated-rookies-rps-autographs,240,Gold Vinyl,true,,Cornell Powell,
auto-rated-rookies-rps-autographs,240,Red Hyper,true,,Cornell Powell,
auto-rated-rookies-rps-autographs,240,Red,true,,Cornell Powell,
auto-rated-rookies-rps-autographs,240,Purple Stars,true,,Cornell Powell,
auto-rated-rookies-rps-autographs,240,Purple,true,,Cornell Powell,
auto-rated-rookies-rps-autographs,240,Pink Velocity,true,,Cornell Powell,
auto-rated-rookies-rps-autographs,240,Holo,true,,Cornell Powell,
auto-rated-rookies-rps-autographs,240,Green,true,,Cornell Powell,
auto-rated-rookies-rps-autographs,240,Gold,true,,Cornell Powell,
auto-rated-rookies-rps-autographs,240,Bronze,true,,Cornell Powell,
auto-rated-rookies-rps-autographs,240,Blue,true,,Cornell Powell,
auto-rated-rookies-rps-autographs,240,Black Pandora,true,,Cornell Powell,
base,240,White Sparkle,false,,Cornell Powell,
base,240,Black,false,,Cornell Powell,
base,240,Black Pandora,false,,Cornell Powell,
base,240,Blue,false,,Cornell Powell,
base,240,Blue Hyper,false,,Cornell Powell,
base,240,Blue Scope,false,,Cornell Powell,
base,240,Bronze,false,,Cornell Powell,
base,240,Fire,false,,Cornell Powell,
base,240,Freedom,false,,Cornell Powell,
base,240,Gold,false,,Cornell Powell,
base,240,Gold Vinyl,false,,Cornell Powell,
base,240,Green,false,,Cornell Powell,
base,240,Green Velocity,false,,Cornell Powell,
base,240,Holo,false,,Cornell Powell,
base,240,Holo Variation,false,,Cornell Powell,
base,240,Ice,false,,Cornell Powell,
base,240,Lime Green,false,,Cornell Powell,
base,240,One Hundred,false,,Cornell Powell,
base,240,Orange,false,,Cornell Powell,
base,240,Orange Scope,false,,Cornell Powell,
base,240,Pink,false,,Cornell Powell,
base,240,Pink Velocity,false,,Cornell Powell,
base,240,Purple,false,,Cornell Powell,
base,240,Purple Shock,false,,Cornell Powell,
base,240,Purple Stars,false,,Cornell Powell,
base,240,Purple Velocity,false,,Cornell Powell,
base,240,Red,false,,Cornell Powell,
base,240,Red Hyper,false,,Cornell Powell,
base,240,Red Mojo,false,,Cornell Powell,
base,240,Red Stars,false,,Cornell Powell,
base,240,Rocket,false,,Cornell Powell,
base,240,Silver Circles,false,,Cornell Powell,
base,240,Stars,false,,Cornell Powell,
base,240,Teal Velocity,false,,Cornell Powell,
base,240,Wave,false,,Cornell Powell,
base,240,Aqua,false,,Cornell Powell,
base,240,Printing Plate Black,false,,Cornell Powell,
insert-rookie-phenoms,RP-40,Prime,false,,Cornell Powell,
insert-rookie-phenoms,RP-40,Blue Hyper,false,,Cornell Powell,
insert-rookie-phenoms,RP-40,Gold Vinyl,false,,Cornell Powell,
insert-rookie-phenoms,RP-40,Red,false,,Cornell Powell,
base,34,White Sparkle,false,,Patrick Mahomes II,
base,34,Black,false,,Patrick Mahomes II,
base,34,Black Pandora,false,,Patrick Mahomes II,
base,34,Blue,false,,Patrick Mahomes II,
base,34,Blue Hyper,false,,Patrick Mahomes II,
base,34,Blue Scope,false,,Patrick Mahomes II,
base,34,Bronze,false,,Patrick Mahomes II,
base,34,Fire,false,,Patrick Mahomes II,
base,34,Freedom,false,,Patrick Mahomes II,
base,34,Gold,false,,Patrick Mahomes II,
base,34,Gold Vinyl,false,,Patrick Mahomes II,
base,34,Green,false,,Patrick Mahomes II,
base,34,Green Velocity,false,,Patrick Mahomes II,
base,34,Holo,false,,Patrick Mahomes II,
base,34,Holo Variation,false,,Patrick Mahomes II,
base,34,Ice,false,,Patrick Mahomes II,
base,34,Lime Green,false,,Patrick Mahomes II,
base,34,One Hundred,false,,Patrick Mahomes II,
base,34,Orange,false,,Patrick Mahomes II,
base,34,Orange Scope,false,,Patrick Mahomes II,
base,34,Pink,false,,Patrick Mahomes II,
base,34,Pink Velocity,false,,Patrick Mahomes II,
base,34,Purple,false,,Patrick Mahomes II,
base,34,Purple Shock,false,,Patrick Mahomes II,
base,34,Purple Stars,false,,Patrick Mahomes II,
base,34,Purple Velocity,false,,Patrick Mahomes II,
base,34,Red,false,,Patrick Mahomes II,
base,34,Red Hyper,false,,Patrick Mahomes II,
base,34,Red Mojo,false,,Patrick Mahomes II,
base,34,Red Stars,false,,Patrick Mahomes II,
base,34,Rocket,false,,Patrick Mahomes II,
base,34,Silver Circles,false,,Patrick Mahomes II,
base,34,Stars,false,,Patrick Mahomes II,
base,34,Teal Velocity,false,,Patrick Mahomes II,
base,34,Wave,false,,Patrick Mahomes II,
base,34,Aqua,false,,Patrick Mahomes II,
base,34,Printing Plate Black,false,,Patrick Mahomes II,
base,33,White Sparkle,false,,Travis Kelce,
base,33,Black,false,,Travis Kelce,
base,33,Black Pandora,false,,Travis Kelce,
base,33,Blue,false,,Travis Kelce,
base,33,Blue Hyper,false,,Travis Kelce,
base,33,Blue Scope,false,,Travis Kelce,
base,33,Bronze,false,,Travis Kelce,
base,33,Fire,false,,Travis Kelce,
base,33,Freedom,false,,Travis Kelce,
base,33,Gold,false,,Travis Kelce,
base,33,Gold Vinyl,false,,Travis Kelce,
base,33,Green,false,,Travis Kelce,
base,33,Green Velocity,false,,Travis Kelce,
base,33,Holo,false,,Travis Kelce,
base,33,Holo Variation,false,,Travis Kelce,
base,33,Ice,false,,Travis Kelce,
base,33,Lime Green,false,,Travis Kelce,
base,33,One Hundred,false,,Travis Kelce,
base,33,Orange,false,,Travis Kelce,
base,33,Orange Scope,false,,Travis Kelce,
base,33,Pink,false,,Travis Kelce,
base,33,Pink Velocity,false,,Travis Kelce,
base,33,Purple,false,,Travis Kelce,
base,33,Purple Shock,false,,Travis Kelce,
base,33,Purple Stars,false,,Travis Kelce,
base,33,Purple Velocity,false,,Travis Kelce,
base,33,Red,false,,Travis Kelce,
base,33,Red Hyper,false,,Travis Kelce,
base,33,Red Mojo,false,,Travis Kelce,
base,33,Red Stars,false,,Travis Kelce,
base,33,Rocket,false,,Travis Kelce,
base,33,Silver Circles,false,,Travis Kelce,
base,33,Stars,false,,Travis Kelce,
base,33,Teal Velocity,false,,Travis Kelce,
base,33,Wave,false,,Travis Kelce,
base,33,Aqua,false,,Travis Kelce,
base,33,Printing Plate Black,false,,Travis Kelce,
base,32,White Sparkle,false,,Tyreek Hill,
base,32,Black,false,,Tyreek Hill,
base,32,Black Pandora,false,,Tyreek Hill,
base,32,Blue,false,,Tyreek Hill,
base,32,Blue Hyper,false,,Tyreek Hill,
base,32,Blue Scope,false,,Tyreek Hill,
base,32,Bronze,false,,Tyreek Hill,
base,32,Fire,false,,Tyreek Hill,
base,32,Freedom,false,,Tyreek Hill,
base,32,Gold,false,,Tyreek Hill,
base,32,Gold Vinyl,false,,Tyreek Hill,
base,32,Green,false,,Tyreek Hill,
base,32,Green Velocity,false,,Tyreek Hill,
base,32,Holo,false,,Tyreek Hill,
base,32,Holo Variation,false,,Tyreek Hill,
base,32,Ice,false,,Tyreek Hill,
base,32,Lime Green,false,,Tyreek Hill,
base,32,One Hundred,false,,Tyreek Hill,
base,32,Orange,false,,Tyreek Hill,
base,32,Orange Scope,false,,Tyreek Hill,
base,32,Pink,false,,Tyreek Hill,
base,32,Pink Velocity,false,,Tyreek Hill,
base,32,Purple,false,,Tyreek Hill,
base,32,Purple Shock,false,,Tyreek Hill,
base,32,Purple Stars,false,,Tyreek Hill,
base,32,Purple Velocity,false,,Tyreek Hill,
base,32,Red,false,,Tyreek Hill,
base,32,Red Hyper,false,,Tyreek Hill,
base,32,Red Mojo,false,,Tyreek Hill,
base,32,Red Stars,false,,Tyreek Hill,
base,32,Rocket,false,,Tyreek Hill,
base,32,Silver Circles,false,,Tyreek Hill,
base,32,Stars,false,,Tyreek Hill,
base,32,Teal Velocity,false,,Tyreek Hill,
base,32,Wave,false,,Tyreek Hill,
base,32,Aqua,false,,Tyreek Hill,
base,32,Printing Plate Black,false,,Tyreek Hill,
auto-rated-rookies-autographs,298,Holo,true,,Shane Buechele,
auto-rated-rookies-autographs,298,Pink Velocity,true,,Shane Buechele,
auto-rated-rookies-autographs,298,Black Pandora,true,,Shane Buechele,
auto-rated-rookies-autographs,298,Blue,true,,Shane Buechele,
auto-rated-rookies-autographs,298,Red Hyper,true,,Shane Buechele,
auto-rated-rookies-autographs,298,Red,true,,Shane Buechele,
auto-rated-rookies-autographs,298,Purple Stars,true,,Shane Buechele,
auto-rated-rookies-autographs,298,Purple,true,,Shane Buechele,
auto-rated-rookies-autographs,298,Bronze,true,,Shane Buechele,
auto-rated-rookies-autographs,298,Gold,true,,Shane Buechele,
auto-rated-rookies-autographs,298,Green,true,,Shane Buechele,
auto-rated-rookies-autographs,298,Gold Vinyl,true,,Shane Buechele,
insert-rookie-phenoms-horizontal,RPH-40,Blue Hyper,false,,Cornell Powell,
insert-rookie-phenoms-horizontal,RPH-40,Prime,false,,Cornell Powell,
insert-rookie-phenoms-horizontal,RPH-40,Red,false,,Cornell Powell,
insert-rookie-phenoms-horizontal,RPH-40,Gold Vinyl,false,,Cornell Powell,
insert-mythical,MY-2,White Sparkle,false,,Patrick Mahomes II,
insert-mythical,MY-2,Gold,false,,Patrick Mahomes II,
insert-mythical,MY-2,Black Pandora,false,,Patrick Mahomes II,
insert-mythical,MY-2,Gold Vinyl,false,,Patrick Mahomes II,
auto-rookie-patch-autographs,RPA-CP,Gold Vinyl,true,,Cornell Powell,
insert-retro-series,RS-TG,Gold,false,,Tony Gonzalez,
insert-retro-series,RS-TG,Black Pandora,false,,Tony Gonzalez,
insert-retro-series,RS-TG,Gold Vinyl,false,,Tony Gonzalez,
insert-retro-series,RS-TG,Purple Stars,false,,Tony Gonzalez,
base,38,White Sparkle,false,,Larry Johnson,
base,38,Black,false,,Larry Johnson,
base,38,Black Pandora,false,,Larry Johnson,
base,38,Blue,false,,Larry Johnson,
base,38,Blue Hyper,false,,Larry Johnson,
base,38,Blue Scope,false,,Larry Johnson,
base,38,Bronze,false,,Larry Johnson,
base,38,Fire,false,,Larry Johnson,
base,38,Freedom,false,,Larry Johnson,
base,38,Gold,false,,Larry Johnson,
base,38,Gold Vinyl,false,,Larry Johnson,
base,38,Green,false,,Larry Johnson,
base,38,Green Velocity,false,,Larry Johnson,
base,38,Holo,false,,Larry Johnson,
base,38,Holo Variation,false,,Larry Johnson,
base,38,Ice,false,,Larry Johnson,
base,38,Lime Green,false,,Larry Johnson,
base,38,One Hundred,false,,Larry Johnson,
base,38,Orange,false,,Larry Johnson,
base,38,Orange Scope,false,,Larry Johnson,
base,38,Pink,false,,Larry Johnson,
base,38,Pink Velocity,false,,Larry Johnson,
base,38,Purple,false,,Larry Johnson,
base,38,Purple Shock,false,,Larry Johnson,
base,38,Purple Stars,false,,Larry Johnson,
base,38,Purple Velocity,false,,Larry Johnson,
base,38,Red,false,,Larry Johnson,
base,38,Red Hyper,false,,Larry Johnson,
base,38,Red Mojo,false,,Larry Johnson,
base,38,Red Stars,false,,Larry Johnson,
base,38,Rocket,false,,Larry Johnson,
base,38,Silver Circles,false,,Larry Johnson,
base,38,Stars,false,,Larry Johnson,
base,38,Teal Velocity,false,,Larry Johnson,
base,38,Wave,false,,Larry Johnson,
base,38,Aqua,false,,Larry Johnson,
base,38,Printing Plate Black,false,,Larry Johnson,
base,298,White Sparkle,false,,Shane Buechele,
base,298,Black,false,,Shane Buechele,
base,298,Black Pandora,false,,Shane Buechele,
base,298,Blue,false,,Shane Buechele,
base,298,Blue Hyper,false,,Shane Buechele,
base,298,Blue Scope,false,,Shane Buechele,
base,298,Bronze,false,,Shane Buechele,
base,298,Fire,false,,Shane Buechele,
base,298,Freedom,false,,Shane Buechele,
base,298,Gold,false,,Shane Buechele,
base,298,Gold Vinyl,false,,Shane Buechele,
base,298,Green,false,,Shane Buechele,
base,298,Green Velocity,false,,Shane Buechele,
base,298,Holo,false,,Shane Buechele,
base,298,Holo Variation,false,,Shane Buechele,
base,298,Ice,false,,Shane Buechele,
base,298,Lime Green,false,,Shane Buechele,
base,298,One Hundred,false,,Shane Buechele,
base,298,Orange,false,,Shane Buechele,
base,298,Orange Scope,false,,Shane Buechele,
base,298,Pink,false,,Shane Buechele,
base,298,Pink Velocity,false,,Shane Buechele,
base,298,Purple,false,,Shane Buechele,
base,298,Purple Shock,false,,Shane Buechele,
base,298,Purple Stars,false,,Shane Buechele,
base,298,Purple Velocity,false,,Shane Buechele,
base,298,Red,false,,Shane Buechele,
base,298,Red Hyper,false,,Shane Buechele,
base,298,Red Mojo,false,,Shane Buechele,
base,298,Red Stars,false,,Shane Buechele,
base,298,Rocket,false,,Shane Buechele,
base,298,Silver Circles,false,,Shane Buechele,
base,298,Stars,false,,Shane Buechele,
base,298,Teal Velocity,false,,Shane Buechele,
base,298,Wave,false,,Shane Buechele,
base,298,Aqua,false,,Shane Buechele,
base,298,Printing Plate Black,false,,Shane Buechele,
insert-dominators,DM-TK,Gold Vinyl,false,,Travis Kelce,
insert-dominators,DM-TK,Gold,false,,Travis Kelce,
insert-dominators,DM-TK,Black Pandora,false,,Travis Kelce,
insert-dominators,DM-TK,Purple Stars,false,,Travis Kelce,
insert-downtown,DT-25,Gold Vinyl,false,,Patrick Mahomes II,
insert-downtown,DT-25,Gold,false,,Patrick Mahomes II,
insert-downtown,DT-25,Black Pandora,false,,Patrick Mahomes II,
insert-downtown,DT-25,White Sparkle,false,,Patrick Mahomes II,
auto-dynamic-patch-autographs,DPA-TH,Gold Vinyl,true,,Tyreek Hill,
insert-retro-series,RS-JM,Gold,false,,Joe Montana,
insert-retro-series,RS-JM,Black Pandora,false,,Joe Montana,
insert-retro-series,RS-JM,Gold Vinyl,false,,Joe Montana,
insert-retro-series,RS-JM,Purple Stars,false,,Joe Montana,
insert-my-house,MH-12,Black Pandora,false,,Patrick Mahomes II,
insert-my-house,MH-12,Gold,false,,Patrick Mahomes II,
insert-my-house,MH-12,Gold Vinyl,false,,Patrick Mahomes II,
insert-my-house,MH-12,Purple Stars,false,,Patrick Mahomes II,
auto-the-rookies-autographs,TR-20,Gold Vinyl,true,,Cornell Powell,
auto-the-rookies-autographs,TR-20,Purple Stars,true,,Cornell Powell,
auto-rated-rookies-autographs,275,Holo,true,,Nick Bolton,
auto-rated-rookies-autographs,275,Pink Velocity,true,,Nick Bolton,
auto-rated-rookies-autographs,275,Black Pandora,true,,Nick Bolton,
auto-rated-rookies-autographs,275,Blue,true,,Nick Bolton,
auto-rated-rookies-autographs,275,Red Hyper,true,,Nick Bolton,
auto-rated-rookies-autographs,275,Red,true,,Nick Bolton,
auto-rated-rookies-autographs,275,Purple Stars,true,,Nick Bolton,
auto-rated-rookies-autographs,275,Purple,true,,Nick Bolton,
auto-rated-rookies-autographs,275,Bronze,true,,Nick Bolton,
auto-rated-rookies-autographs,275,Gold,true,,Nick Bolton,
auto-rated-rookies-autographs,275,Green,true,,Nick Bolton,
auto-rated-rookies-autographs,275,Gold Vinyl,true,,Nick Bolton,
insert-dominators,DM-PM,Gold Vinyl,false,,Patrick Mahomes II,
insert-dominators,DM-PM,Gold,false,,Patrick Mahomes II,
insert-dominators,DM-PM,Black Pandora,false,,Patrick Mahomes II,
insert-dominators,DM-PM,Purple Stars,false,,Patrick Mahomes II,
insert-the-rookies,TR-20,Gold Vinyl,false,,Cornell Powell,
insert-the-rookies,TR-20,Purple Stars,false,,Cornell Powell,
insert-the-rookies,TR-20,Black Pandora,false,,Cornell Powell,
insert-the-rookies,TR-20,Gold,false,,Cornell Powell,
insert-globall,GB-12,Purple Stars,false,,Christian Okoye,
insert-globall,GB-12,Gold,false,,Christian Okoye,
insert-globall,GB-12,Black Pandora,false,,Christian Okoye,
insert-globall,GB-12,Gold Vinyl,false,,Christian Okoye,
base,39,White Sparkle,false,,Hunter Renfrow,
base,39,Black,false,,Hunter Renfrow,
base,39,Black Pandora,false,,Hunter Renfrow,
base,39,Blue,false,,Hunter Renfrow,
base,39,Blue Hyper,false,,Hunter Renfrow,
base,39,Blue Scope,false,,Hunter Renfrow,
base,39,Bronze,false,,Hunter Renfrow,
base,39,Fire,false,,Hunter Renfrow,
base,39,Freedom,false,,Hunter Renfrow,
base,39,Gold,false,,Hunter Renfrow,
base,39,Gold Vinyl,false,,Hunter Renfrow,
base,39,Green,false,,Hunter Renfrow,
base,39,Green Velocity,false,,Hunter Renfrow,
base,39,Holo,false,,Hunter Renfrow,
base,39,Holo Variation,false,,Hunter Renfrow,
base,39,Ice,false,,Hunter Renfrow,
base,39,Lime Green,false,,Hunter Renfrow,
base,39,One Hundred,false,,Hunter Renfrow,
base,39,Orange,false,,Hunter Renfrow,
base,39,Orange Scope,false,,Hunter Renfrow,
base,39,Pink,false,,Hunter Renfrow,
base,39,Pink Velocity,false,,Hunter Renfrow,
base,39,Purple,false,,Hunter Renfrow,
base,39,Purple Shock,false,,Hunter Renfrow,
base,39,Purple Stars,false,,Hunter Renfrow,
base,39,Purple Velocity,false,,Hunter Renfrow,
base,39,Red,false,,Hunter Renfrow,
base,39,Red Hyper,false,,Hunter Renfrow,
base,39,Red Mojo,false,,Hunter Renfrow,
base,39,Red Stars,false,,Hunter Renfrow,
base,39,Rocket,false,,Hunter Renfrow,
base,39,Silver Circles,false,,Hunter Renfrow,
base,39,Stars,false,,Hunter Renfrow,
base,39,Teal Velocity,false,,Hunter Renfrow,
base,39,Wave,false,,Hunter Renfrow,
base,39,Aqua,false,,Hunter Renfrow,
base,39,Printing Plate Black,false,,Hunter Renfrow,
base,40,White Sparkle,false,,Darren Waller,
base,40,Black,false,,Darren Waller,
base,40,Black Pandora,false,,Darren Waller,
base,40,Blue,false,,Darren Waller,
base,40,Blue Hyper,false,,Darren Waller,
base,40,Blue Scope,false,,Darren Waller,
base,40,Bronze,false,,Darren Waller,
base,40,Fire,false,,Darren Waller,
base,40,Freedom,false,,Darren Waller,
base,40,Gold,false,,Darren Waller,
base,40,Gold Vinyl,false,,Darren Waller,
base,40,Green,false,,Darren Waller,
base,40,Green Velocity,false,,Darren Waller,
base,40,Holo,false,,Darren Waller,
base,40,Holo Variation,false,,Darren Waller,
base,40,Ice,false,,Darren Waller,
base,40,Lime Green,false,,Darren Waller,
base,40,One Hundred,false,,Darren Waller,
base,40,Orange,false,,Darren Waller,
base,40,Orange Scope,false,,Darren Waller,
base,40,Pink,false,,Darren Waller,
base,40,Pink Velocity,false,,Darren Waller,
base,40,Purple,false,,Darren Waller,
base,40,Purple Shock,false,,Darren Waller,
base,40,Purple Stars,false,,Darren Waller,
base,40,Purple Velocity,false,,Darren Waller,
base,40,Red,false,,Darren Waller,
base,40,Red Hyper,false,,Darren Waller,
base,40,Red Mojo,false,,Darren Waller,
base,40,Red Stars,false,,Darren Waller,
base,40,Rocket,false,,Darren Waller,
base,40,Silver Circles,false,,Darren Waller,
base,40,Stars,false,,Darren Waller,
base,40,Teal Velocity,false,,Darren Waller,
base,40,Wave,false,,Darren Waller,
base,40,Aqua,false,,Darren Waller,
base,40,Printing Plate Black,false,,Darren Waller,
base,41,White Sparkle,false,,Derek Carr,
base,41,Black,false,,Derek Carr,
base,41,Black Pandora,false,,Derek Carr,
base,41,Blue,false,,Derek Carr,
base,41,Blue Hyper,false,,Derek Carr,
base,41,Blue Scope,false,,Derek Carr,
base,41,Bronze,false,,Derek Carr,
base,41,Fire,false,,Derek Carr,
base,41,Freedom,false,,Derek Carr,
base,41,Gold,false,,Derek Carr,
base,41,Gold Vinyl,false,,Derek Carr,
base,41,Green,false,,Derek Carr,
base,41,Green Velocity,false,,Derek Carr,
base,41,Holo,false,,Derek Carr,
base,41,Holo Variation,false,,Derek Carr,
base,41,Ice,false,,Derek Carr,
base,41,Lime Green,false,,Derek Carr,
base,41,One Hundred,false,,Derek Carr,
base,41,Orange,false,,Derek Carr,
base,41,Orange Scope,false,,Derek Carr,
base,41,Pink,false,,Derek Carr,
base,41,Pink Velocity,false,,Derek Carr,
base,41,Purple,false,,Derek Carr,
base,41,Purple Shock,false,,Derek Carr,
base,41,Purple Stars,false,,Derek Carr,
base,41,Purple Velocity,false,,Derek Carr,
base,41,Red,false,,Derek Carr,
base,41,Red Hyper,false,,Derek Carr,
base,41,Red Mojo,false,,Derek Carr,
base,41,Red Stars,false,,Derek Carr,
base,41,Rocket,false,,Derek Carr,
base,41,Silver Circles,false,,Derek Carr,
base,41,Stars,false,,Derek Carr,
base,41,Teal Velocity,false,,Derek Carr,
base,41,Wave,false,,Derek Carr,
base,41,Aqua,false,,Derek Carr,
base,41,Printing Plate Black,false,,Derek Carr,
base,42,White Sparkle,false,,Josh Jacobs,
base,42,Black,false,,Josh Jacobs,
base,42,Black Pandora,false,,Josh Jacobs,
base,42,Blue,false,,Josh Jacobs,
base,42,Blue Hyper,false,,Josh Jacobs,
base,42,Blue Scope,false,,Josh Jacobs,
base,42,Bronze,false,,Josh Jacobs,
base,42,Fire,false,,Josh Jacobs,
base,42,Freedom,false,,Josh Jacobs,
base,42,Gold,false,,Josh Jacobs,
base,42,Gold Vinyl,false,,Josh Jacobs,
base,42,Green,false,,Josh Jacobs,
base,42,Green Velocity,false,,Josh Jacobs,
base,42,Holo,false,,Josh Jacobs,
base,42,Holo Variation,false,,Josh Jacobs,
base,42,Ice,false,,Josh Jacobs,
base,42,Lime Green,false,,Josh Jacobs,
base,42,One Hundred,false,,Josh Jacobs,
base,42,Orange,false,,Josh Jacobs,
base,42,Orange Scope,false,,Josh Jacobs,
base,42,Pink,false,,Josh Jacobs,
base,42,Pink Velocity,false,,Josh Jacobs,
base,42,Purple,false,,Josh Jacobs,
base,42,Purple Shock,false,,Josh Jacobs,
base,42,Purple Stars,false,,Josh Jacobs,
base,42,Purple Velocity,false,,Josh Jacobs,
base,42,Red,false,,Josh Jacobs,
base,42,Red Hyper,false,,Josh Jacobs,
base,42,Red Mojo,false,,Josh Jacobs,
base,42,Red Stars,false,,Josh Jacobs,
base,42,Rocket,false,,Josh Jacobs,
base,42,Silver Circles,false,,Josh Jacobs,
base,42,Stars,false,,Josh Jacobs,
base,42,Teal Velocity,false,,Josh Jacobs,
base,42,Wave,false,,Josh Jacobs,
base,42,Aqua,false,,Josh Jacobs,
base,42,Printing Plate Black,false,,Josh Jacobs,
base,43,White Sparkle,false,,Kenyan Drake,
base,43,Black,false,,Kenyan Drake,
base,43,Black Pandora,false,,Kenyan Drake,
base,43,Blue,false,,Kenyan Drake,
base,43,Blue Hyper,false,,Kenyan Drake,
base,43,Blue Scope,false,,Kenyan Drake,
base,43,Bronze,false,,Kenyan Drake,
base,43,Fire,false,,Kenyan Drake,
base,43,Freedom,false,,Kenyan Drake,
base,43,Gold,false,,Kenyan Drake,
base,43,Gold Vinyl,false,,Kenyan Drake,
base,43,Green,false,,Kenyan Drake,
base,43,Green Velocity,false,,Kenyan Drake,
base,43,Holo,false,,Kenyan Drake,
base,43,Holo Variation,false,,Kenyan Drake,
base,43,Ice,false,,Kenyan Drake,
base,43,Lime Green,false,,Kenyan Drake,
base,43,One Hundred,false,,Kenyan Drake,
base,43,Orange,false,,Kenyan Drake,
base,43,Orange Scope,false,,Kenyan Drake,
base,43,Pink,false,,Kenyan Drake,
base,43,Pink Velocity,false,,Kenyan Drake,
base,43,Purple,false,,Kenyan Drake,
base,43,Purple Shock,false,,Kenyan Drake,
base,43,Purple Stars,false,,Kenyan Drake,
base,43,Purple Velocity,false,,Kenyan Drake,
base,43,Red,false,,Kenyan Drake,
base,43,Red Hyper,false,,Kenyan Drake,
base,43,Red Mojo,false,,Kenyan Drake,
base,43,Red Stars,false,,Kenyan Drake,
base,43,Rocket,false,,Kenyan Drake,
base,43,Silver Circles,false,,Kenyan Drake,
base,43,Stars,false,,Kenyan Drake,
base,43,Teal Velocity,false,,Kenyan Drake,
base,43,Wave,false,,Kenyan Drake,
base,43,Aqua,false,,Kenyan Drake,
base,43,Printing Plate Black,false,,Kenyan Drake,
base,44,White Sparkle,false,,Bo Jackson,
base,44,Black,false,,Bo Jackson,
base,44,Black Pandora,false,,Bo Jackson,
base,44,Blue,false,,Bo Jackson,
base,44,Blue Hyper,false,,Bo Jackson,
base,44,Blue Scope,false,,Bo Jackson,
base,44,Bronze,false,,Bo Jackson,
base,44,Fire,false,,Bo Jackson,
base,44,Freedom,false,,Bo Jackson,
base,44,Gold,false,,Bo Jackson,
base,44,Gold Vinyl,false,,Bo Jackson,
base,44,Green,false,,Bo Jackson,
base,44,Green Velocity,false,,Bo Jackson,
base,44,Holo,false,,Bo Jackson,
base,44,Holo Variation,false,,Bo Jackson,
base,44,Ice,false,,Bo Jackson,
base,44,Lime Green,false,,Bo Jackson,
base,44,One Hundred,false,,Bo Jackson,
base,44,Orange,false,,Bo Jackson,
base,44,Orange Scope,false,,Bo Jackson,
base,44,Pink,false,,Bo Jackson,
base,44,Pink Velocity,false,,Bo Jackson,
base,44,Purple,false,,Bo Jackson,
base,44,Purple Shock,false,,Bo Jackson,
base,44,Purple Stars,false,,Bo Jackson,
base,44,Purple Velocity,false,,Bo Jackson,
base,44,Red,false,,Bo Jackson,
base,44,Red Hyper,false,,Bo Jackson,
base,44,Red Mojo,false,,Bo Jackson,
base,44,Red Stars,false,,Bo Jackson,
base,44,Rocket,false,,Bo Jackson,
base,44,Silver Circles,false,,Bo Jackson,
base,44,Stars,false,,Bo Jackson,
base,44,Teal Velocity,false,,Bo Jackson,
base,44,Wave,false,,Bo Jackson,
base,44,Aqua,false,,Bo Jackson,
base,44,Printing Plate Black,false,,Bo Jackson,
base,266,White Sparkle,false,,Alex Leatherwood,
base,266,Black,false,,Alex Leatherwood,
base,266,Black Pandora,false,,Alex Leatherwood,
base,266,Blue,false,,Alex Leatherwood,
base,266,Blue Hyper,false,,Alex Leatherwood,
base,266,Blue Scope,false,,Alex Leatherwood,
base,266,Bronze,false,,Alex Leatherwood,
base,266,Fire,false,,Alex Leatherwood,
base,266,Freedom,false,,Alex Leatherwood,
base,266,Gold,false,,Alex Leatherwood,
base,266,Gold Vinyl,false,,Alex Leatherwood,
base,266,Green,false,,Alex Leatherwood,
base,266,Green Velocity,false,,Alex Leatherwood,
base,266,Holo,false,,Alex Leatherwood,
base,266,Holo Variation,false,,Alex Leatherwood,
base,266,Ice,false,,Alex Leatherwood,
base,266,Lime Green,false,,Alex Leatherwood,
base,266,One Hundred,false,,Alex Leatherwood,
base,266,Orange,false,,Alex Leatherwood,
base,266,Orange Scope,false,,Alex Leatherwood,
base,266,Pink,false,,Alex Leatherwood,
base,266,Pink Velocity,false,,Alex Leatherwood,
base,266,Purple,false,,Alex Leatherwood,
base,266,Purple Shock,false,,Alex Leatherwood,
base,266,Purple Stars,false,,Alex Leatherwood,
base,266,Purple Velocity,false,,Alex Leatherwood,
base,266,Red,false,,Alex Leatherwood,
base,266,Red Hyper,false,,Alex Leatherwood,
base,266,Red Mojo,false,,Alex Leatherwood,
base,266,Red Stars,false,,Alex Leatherwood,
base,266,Rocket,false,,Alex Leatherwood,
base,266,Silver Circles,false,,Alex Leatherwood,
base,266,Stars,false,,Alex Leatherwood,
base,266,Teal Velocity,false,,Alex Leatherwood,
base,266,Wave,false,,Alex Leatherwood,
base,266,Aqua,false,,Alex Leatherwood,
base,266,Printing Plate Black,false,,Alex Leatherwood,
base,271,White Sparkle,false,,Tre'von Moehrig,
base,271,Black,false,,Tre'von Moehrig,
base,271,Black Pandora,false,,Tre'von Moehrig,
base,271,Blue,false,,Tre'von Moehrig,
base,271,Blue Hyper,false,,Tre'von Moehrig,
base,271,Blue Scope,false,,Tre'von Moehrig,
base,271,Bronze,false,,Tre'von Moehrig,
base,271,Fire,false,,Tre'von Moehrig,
base,271,Freedom,false,,Tre'von Moehrig,
base,271,Gold,false,,Tre'von Moehrig,
base,271,Gold Vinyl,false,,Tre'von Moehrig,
base,271,Green,false,,Tre'von Moehrig,
base,271,Green Velocity,false,,Tre'von Moehrig,
base,271,Holo,false,,Tre'von Moehrig,
base,271,Holo Variation,false,,Tre'von Moehrig,
base,271,Ice,false,,Tre'von Moehrig,
base,271,Lime Green,false,,Tre'von Moehrig,
base,271,One Hundred,false,,Tre'von Moehrig,
base,271,Orange,false,,Tre'von Moehrig,
base,271,Orange Scope,false,,Tre'von Moehrig,
base,271,Pink,false,,Tre'von Moehrig,
base,271,Pink Velocity,false,,Tre'von Moehrig,
base,271,Purple,false,,Tre'von Moehrig,
base,271,Purple Shock,false,,Tre'von Moehrig,
base,271,Purple Stars,false,,Tre'von Moehrig,
base,271,Purple Velocity,false,,Tre'von Moehrig,
base,271,Red,false,,Tre'von Moehrig,
base,271,Red Hyper,false,,Tre'von Moehrig,
base,271,Red Mojo,false,,Tre'von Moehrig,
base,271,Red Stars,false,,Tre'von Moehrig,
base,271,Rocket,false,,Tre'von Moehrig,
base,271,Silver Circles,false,,Tre'von Moehrig,
base,271,Stars,false,,Tre'von Moehrig,
base,271,Teal Velocity,false,,Tre'von Moehrig,
base,271,Wave,false,,Tre'von Moehrig,
base,271,Aqua,false,,Tre'von Moehrig,
base,271,Printing Plate Black,false,,Tre'von Moehrig,
insert-downtown,DT-26,Gold Vinyl,false,,Derek Carr,
insert-downtown,DT-26,Gold,false,,Derek Carr,
insert-downtown,DT-26,Black Pandora,false,,Derek Carr,
insert-downtown,DT-26,White Sparkle,false,,Derek Carr,
auto-dynamic-patch-autographs,DPA-BJ,Gold Vinyl,true,,Bo Jackson,
insert-globall,GB-10,Purple Stars,false,,Nelson Agholor,
insert-globall,GB-10,Gold,false,,Nelson Agholor,
insert-globall,GB-10,Black Pandora,false,,Nelson Agholor,
insert-globall,GB-10,Gold Vinyl,false,,Nelson Agholor,
insert-legendary-logos,LL-11,Gold Vinyl,false,,Derek Carr,
insert-legendary-logos,LL-11,Gold,false,,Derek Carr,
insert-legendary-logos,LL-11,Black Pandora,false,,Derek Carr,
insert-legendary-logos,LL-11,Purple Stars,false,,Derek Carr,
auto-legendary-patch-autographs,LPA-TB,Gold Vinyl,true,,Tim Brown,
auto-rated-rookies-autographs,266,Holo,true,,Alex Leatherwood,
auto-rated-rookies-autographs,266,Pink Velocity,true,,Alex Leatherwood,
auto-rated-rookies-autographs,266,Black Pandora,true,,Alex Leatherwood,
auto-rated-rookies-autographs,266,Blue,true,,Alex Leatherwood,
auto-rated-rookies-autographs,266,Red Hyper,true,,Alex Leatherwood,
auto-rated-rookies-autographs,266,Red,true,,Alex Leatherwood,
auto-rated-rookies-autographs,266,Purple Stars,true,,Alex Leatherwood,
auto-rated-rookies-autographs,266,Purple,true,,Alex Leatherwood,
auto-rated-rookies-autographs,266,Bronze,true,,Alex Leatherwood,
auto-rated-rookies-autographs,266,Gold,true,,Alex Leatherwood,
auto-rated-rookies-autographs,266,Green,true,,Alex Leatherwood,
auto-rated-rookies-autographs,266,Gold Vinyl,true,,Alex Leatherwood,
auto-rated-rookies-autographs,271,Holo,true,,Tre'von Moehrig,
auto-rated-rookies-autographs,271,Pink Velocity,true,,Tre'von Moehrig,
auto-rated-rookies-autographs,271,Black Pandora,true,,Tre'von Moehrig,
auto-rated-rookies-autographs,271,Blue,true,,Tre'von Moehrig,
auto-rated-rookies-autographs,271,Red Hyper,true,,Tre'von Moehrig,
auto-rated-rookies-autographs,271,Red,true,,Tre'von Moehrig,
auto-rated-rookies-autographs,271,Purple Stars,true,,Tre'von Moehrig,
auto-rated-rookies-autographs,271,Purple,true,,Tre'von Moehrig,
auto-rated-rookies-autographs,271,Bronze,true,,Tre'von Moehrig,
auto-rated-rookies-autographs,271,Gold,true,,Tre'von Moehrig,
auto-rated-rookies-autographs,271,Green,true,,Tre'von Moehrig,
auto-rated-rookies-autographs,271,Gold Vinyl,true,,Tre'von Moehrig,
insert-retro-series,RS-CW,Gold,false,,Charles Woodson,
insert-retro-series,RS-CW,Black Pandora,false,,Charles Woodson,
insert-retro-series,RS-CW,Gold Vinyl,false,,Charles Woodson,
insert-retro-series,RS-CW,Purple Stars,false,,Charles Woodson,
insert-retro-series,RS-JR,Gold,false,,Jerry Rice,
insert-retro-series,RS-JR,Black Pandora,false,,Jerry Rice,
insert-retro-series,RS-JR,Gold Vinyl,false,,Jerry Rice,
insert-retro-series,RS-JR,Purple Stars,false,,Jerry Rice,
insert-retro-series,RS-MA,Gold,false,,Marcus Allen,
insert-retro-series,RS-MA,Black Pandora,false,,Marcus Allen,
insert-retro-series,RS-MA,Gold Vinyl,false,,Marcus Allen,
insert-retro-series,RS-MA,Purple Stars,false,,Marcus Allen,
insert-retro-series,RS-RG,Gold,false,,Rich Gannon,
insert-retro-series,RS-RG,Black Pandora,false,,Rich Gannon,
insert-retro-series,RS-RG,Gold Vinyl,false,,Rich Gannon,
insert-retro-series,RS-RG,Purple Stars,false,,Rich Gannon,
auto-dynamic-patch-autographs,DPA-LT,Gold Vinyl,true,,LaDainian Tomlinson,
insert-rookie-phenoms-horizontal,RPH-29,Blue Hyper,false,,Josh Palmer,
insert-rookie-phenoms-horizontal,RPH-29,Prime,false,,Josh Palmer,
insert-rookie-phenoms-horizontal,RPH-29,Red,false,,Josh Palmer,
insert-rookie-phenoms-horizontal,RPH-29,Gold Vinyl,false,,Josh Palmer,
insert-downtown,DT-27,Gold Vinyl,false,,Justin Herbert,
insert-downtown,DT-27,Gold,false,,Justin Herbert,
insert-downtown,DT-27,Black Pandora,false,,Justin Herbert,
insert-downtown,DT-27,White Sparkle,false,,Justin Herbert,
insert-rookie-gridiron-kings,RGK-18,Gold,false,,Josh Palmer,
insert-rookie-gridiron-kings,RGK-18,Gold Vinyl,false,,Josh Palmer,
insert-rookie-gridiron-kings,RGK-18,Black Pandora,false,,Josh Palmer,
insert-rookie-gridiron-kings,RGK-18,Purple Stars,false,,Josh Palmer,
auto-the-rookies-autographs,TR-18,Gold Vinyl,true,,Josh Palmer,
auto-the-rookies-autographs,TR-18,Purple Stars,true,,Josh Palmer,
auto-rated-rookies-rps-autographs,229,Gold Vinyl,true,,Josh Palmer,
auto-rated-rookies-rps-autographs,229,Red Hyper,true,,Josh Palmer,
auto-rated-rookies-rps-autographs,229,Red,true,,Josh Palmer,
auto-rated-rookies-rps-autographs,229,Purple Stars,true,,Josh Palmer,
auto-rated-rookies-rps-autographs,229,Purple,true,,Josh Palmer,
auto-rated-rookies-rps-autographs,229,Pink Velocity,true,,Josh Palmer,
auto-rated-rookies-rps-autographs,229,Holo,true,,Josh Palmer,
auto-rated-rookies-rps-autographs,229,Green,true,,Josh Palmer,
auto-rated-rookies-rps-autographs,229,Gold,true,,Josh Palmer,
auto-rated-rookies-rps-autographs,229,Bronze,true,,Josh Palmer,
auto-rated-rookies-rps-autographs,229,Blue,true,,Josh Palmer,
auto-rated-rookies-rps-autographs,229,Black Pandora,true,,Josh Palmer,
auto-rookie-gridiron-kings-autographs,RGK-18,Gold Vinyl,true,,Josh Palmer,
auto-rookie-gridiron-kings-autographs,RGK-18,Purple Stars,true,,Josh Palmer,
base,45,White Sparkle,false,,Keenan Allen,
base,45,Black,false,,Keenan Allen,
base,45,Black Pandora,false,,Keenan Allen,
base,45,Blue,false,,Keenan Allen,
base,45,Blue Hyper,false,,Keenan Allen,
base,45,Blue Scope,false,,Keenan Allen,
base,45,Bronze,false,,Keenan Allen,
base,45,Fire,false,,Keenan Allen,
base,45,Freedom,false,,Keenan Allen,
base,45,Gold,false,,Keenan Allen,
base,45,Gold Vinyl,false,,Keenan Allen,
base,45,Green,false,,Keenan Allen,
base,45,Green Velocity,false,,Keenan Allen,
base,45,Holo,false,,Keenan Allen,
base,45,Holo Variation,false,,Keenan Allen,
base,45,Ice,false,,Keenan Allen,
base,45,Lime Green,false,,Keenan Allen,
base,45,One Hundred,false,,Keenan Allen,
base,45,Orange,false,,Keenan Allen,
base,45,Orange Scope,false,,Keenan Allen,
base,45,Pink,false,,Keenan Allen,
base,45,Pink Velocity,false,,Keenan Allen,
base,45,Purple,false,,Keenan Allen,
base,45,Purple Shock,false,,Keenan Allen,
base,45,Purple Stars,false,,Keenan Allen,
base,45,Purple Velocity,false,,Keenan Allen,
base,45,Red,false,,Keenan Allen,
base,45,Red Hyper,false,,Keenan Allen,
base,45,Red Mojo,false,,Keenan Allen,
base,45,Red Stars,false,,Keenan Allen,
base,45,Rocket,false,,Keenan Allen,
base,45,Silver Circles,false,,Keenan Allen,
base,45,Stars,false,,Keenan Allen,
base,45,Teal Velocity,false,,Keenan Allen,
base,45,Wave,false,,Keenan Allen,
base,45,Aqua,false,,Keenan Allen,
base,45,Printing Plate Black,false,,Keenan Allen,
base,46,White Sparkle,false,,Mike Williams,
base,46,Black,false,,Mike Williams,
base,46,Black Pandora,false,,Mike Williams,
base,46,Blue,false,,Mike Williams,
base,46,Blue Hyper,false,,Mike Williams,
base,46,Blue Scope,false,,Mike Williams,
base,46,Bronze,false,,Mike Williams,
base,46,Fire,false,,Mike Williams,
base,46,Freedom,false,,Mike Williams,
base,46,Gold,false,,Mike Williams,
base,46,Gold Vinyl,false,,Mike Williams,
base,46,Green,false,,Mike Williams,
base,46,Green Velocity,false,,Mike Williams,
base,46,Holo,false,,Mike Williams,
base,46,Holo Variation,false,,Mike Williams,
base,46,Ice,false,,Mike Williams,
base,46,Lime Green,false,,Mike Williams,
base,46,One Hundred,false,,Mike Williams,
base,46,Orange,false,,Mike Williams,
base,46,Orange Scope,false,,Mike Williams,
base,46,Pink,false,,Mike Williams,
base,46,Pink Velocity,false,,Mike Williams,
base,46,Purple,false,,Mike Williams,
base,46,Purple Shock,false,,Mike Williams,
base,46,Purple Stars,false,,Mike Williams,
base,46,Purple Velocity,false,,Mike Williams,
base,46,Red,false,,Mike Williams,
base,46,Red Hyper,false,,Mike Williams,
base,46,Red Mojo,false,,Mike Williams,
base,46,Red Stars,false,,Mike Williams,
base,46,Rocket,false,,Mike Williams,
base,46,Silver Circles,false,,Mike Williams,
base,46,Stars,false,,Mike Williams,
base,46,Teal Velocity,false,,Mike Williams,
base,46,Wave,false,,Mike Williams,
base,46,Aqua,false,,Mike Williams,
base,46,Printing Plate Black,false,,Mike Williams,
base,47,White Sparkle,false,,Justin Herbert,
base,47,Black,false,,Justin Herbert,
base,47,Black Pandora,false,,Justin Herbert,
base,47,Blue,false,,Justin Herbert,
base,47,Blue Hyper,false,,Justin Herbert,
base,47,Blue Scope,false,,Justin Herbert,
base,47,Bronze,false,,Justin Herbert,
base,47,Fire,false,,Justin Herbert,
base,47,Freedom,false,,Justin Herbert,
base,47,Gold,false,,Justin Herbert,
base,47,Gold Vinyl,false,,Justin Herbert,
base,47,Green,false,,Justin Herbert,
base,47,Green Velocity,false,,Justin Herbert,
base,47,Holo,false,,Justin Herbert,
base,47,Holo Variation,false,,Justin Herbert,
base,47,Ice,false,,Justin Herbert,
base,47,Lime Green,false,,Justin Herbert,
base,47,One Hundred,false,,Justin Herbert,
base,47,Orange,false,,Justin Herbert,
base,47,Orange Scope,false,,Justin Herbert,
base,47,Pink,false,,Justin Herbert,
base,47,Pink Velocity,false,,Justin Herbert,
base,47,Purple,false,,Justin Herbert,
base,47,Purple Shock,false,,Justin Herbert,
base,47,Purple Stars,false,,Justin Herbert,
base,47,Purple Velocity,false,,Justin Herbert,
base,47,Red,false,,Justin Herbert,
base,47,Red Hyper,false,,Justin Herbert,
base,47,Red Mojo,false,,Justin Herbert,
base,47,Red Stars,false,,Justin Herbert,
base,47,Rocket,false,,Justin Herbert,
base,47,Silver Circles,false,,Justin Herbert,
base,47,Stars,false,,Justin Herbert,
base,47,Teal Velocity,false,,Justin Herbert,
base,47,Wave,false,,Justin Herbert,
base,47,Aqua,false,,Justin Herbert,
base,47,Printing Plate Black,false,,Justin Herbert,
base,48,White Sparkle,false,,Austin Ekeler,
base,48,Black,false,,Austin Ekeler,
base,48,Black Pandora,false,,Austin Ekeler,
base,48,Blue,false,,Austin Ekeler,
base,48,Blue Hyper,false,,Austin Ekeler,
base,48,Blue Scope,false,,Austin Ekeler,
base,48,Bronze,false,,Austin Ekeler,
base,48,Fire,false,,Austin Ekeler,
base,48,Freedom,false,,Austin Ekeler,
base,48,Gold,false,,Austin Ekeler,
base,48,Gold Vinyl,false,,Austin Ekeler,
base,48,Green,false,,Austin Ekeler,
base,48,Green Velocity,false,,Austin Ekeler,
base,48,Holo,false,,Austin Ekeler,
base,48,Holo Variation,false,,Austin Ekeler,
base,48,Ice,false,,Austin Ekeler,
base,48,Lime Green,false,,Austin Ekeler,
base,48,One Hundred,false,,Austin Ekeler,
base,48,Orange,false,,Austin Ekeler,
base,48,Orange Scope,false,,Austin Ekeler,
base,48,Pink,false,,Austin Ekeler,
base,48,Pink Velocity,false,,Austin Ekeler,
base,48,Purple,false,,Austin Ekeler,
base,48,Purple Shock,false,,Austin Ekeler,
base,48,Purple Stars,false,,Austin Ekeler,
base,48,Purple Velocity,false,,Austin Ekeler,
base,48,Red,false,,Austin Ekeler,
base,48,Red Hyper,false,,Austin Ekeler,
base,48,Red Mojo,false,,Austin Ekeler,
base,48,Red Stars,false,,Austin Ekeler,
base,48,Rocket,false,,Austin Ekeler,
base,48,Silver Circles,false,,Austin Ekeler,
base,48,Stars,false,,Austin Ekeler,
base,48,Teal Velocity,false,,Austin Ekeler,
base,48,Wave,false,,Austin Ekeler,
base,48,Aqua,false,,Austin Ekeler,
base,48,Printing Plate Black,false,,Austin Ekeler,
auto-rated-rookies-autographs,263,Holo,true,,Rashawn Slater,
auto-rated-rookies-autographs,263,Pink Velocity,true,,Rashawn Slater,
auto-rated-rookies-autographs,263,Black Pandora,true,,Rashawn Slater,
auto-rated-rookies-autographs,263,Blue,true,,Rashawn Slater,
auto-rated-rookies-autographs,263,Red Hyper,true,,Rashawn Slater,
auto-rated-rookies-autographs,263,Red,true,,Rashawn Slater,
auto-rated-rookies-autographs,263,Purple Stars,true,,Rashawn Slater,
auto-rated-rookies-autographs,263,Purple,true,,Rashawn Slater,
auto-rated-rookies-autographs,263,Bronze,true,,Rashawn Slater,
auto-rated-rookies-autographs,263,Gold,true,,Rashawn Slater,
auto-rated-rookies-autographs,263,Green,true,,Rashawn Slater,
auto-rated-rookies-autographs,263,Gold Vinyl,true,,Rashawn Slater,
insert-the-rookies,TR-18,Gold Vinyl,false,,Josh Palmer,
insert-the-rookies,TR-18,Purple Stars,false,,Josh Palmer,
insert-the-rookies,TR-18,Black Pandora,false,,Josh Palmer,
insert-the-rookies,TR-18,Gold,false,,Josh Palmer,
base,49,White Sparkle,false,,Joey Bosa,
base,49,Black,false,,Joey Bosa,
base,49,Black Pandora,false,,Joey Bosa,
base,49,Blue,false,,Joey Bosa,
base,49,Blue Hyper,false,,Joey Bosa,
base,49,Blue Scope,false,,Joey Bosa,
base,49,Bronze,false,,Joey Bosa,
base,49,Fire,false,,Joey Bosa,
base,49,Freedom,false,,Joey Bosa,
base,49,Gold,false,,Joey Bosa,
base,49,Gold Vinyl,false,,Joey Bosa,
base,49,Green,false,,Joey Bosa,
base,49,Green Velocity,false,,Joey Bosa,
base,49,Holo,false,,Joey Bosa,
base,49,Holo Variation,false,,Joey Bosa,
base,49,Ice,false,,Joey Bosa,
base,49,Lime Green,false,,Joey Bosa,
base,49,One Hundred,false,,Joey Bosa,
base,49,Orange,false,,Joey Bosa,
base,49,Orange Scope,false,,Joey Bosa,
base,49,Pink,false,,Joey Bosa,
base,49,Pink Velocity,false,,Joey Bosa,
base,49,Purple,false,,Joey Bosa,
base,49,Purple Shock,false,,Joey Bosa,
base,49,Purple Stars,false,,Joey Bosa,
base,49,Purple Velocity,false,,Joey Bosa,
base,49,Red,false,,Joey Bosa,
base,49,Red Hyper,false,,Joey Bosa,
base,49,Red Mojo,false,,Joey Bosa,
base,49,Red Stars,false,,Joey Bosa,
base,49,Rocket,false,,Joey Bosa,
base,49,Silver Circles,false,,Joey Bosa,
base,49,Stars,false,,Joey Bosa,
base,49,Teal Velocity,false,,Joey Bosa,
base,49,Wave,false,,Joey Bosa,
base,49,Aqua,false,,Joey Bosa,
base,49,Printing Plate Black,false,,Joey Bosa,
auto-rated-rookies-autographs,284,Holo,true,,Tre' McKitty,
auto-rated-rookies-autographs,284,Pink Velocity,true,,Tre' McKitty,
auto-rated-rookies-autographs,284,Black Pandora,true,,Tre' McKitty,
auto-rated-rookies-autographs,284,Blue,true,,Tre' McKitty,
auto-rated-rookies-autographs,284,Red Hyper,true,,Tre' McKitty,
auto-rated-rookies-autographs,284,Red,true,,Tre' McKitty,
auto-rated-rookies-autographs,284,Purple Stars,true,,Tre' McKitty,
auto-rated-rookies-autographs,284,Purple,true,,Tre' McKitty,
auto-rated-rookies-autographs,284,Bronze,true,,Tre' McKitty,
auto-rated-rookies-autographs,284,Gold,true,,Tre' McKitty,
auto-rated-rookies-autographs,284,Green,true,,Tre' McKitty,
auto-rated-rookies-autographs,284,Gold Vinyl,true,,Tre' McKitty,
base,50,White Sparkle,false,,LaDainian Tomlinson,
base,50,Black,false,,LaDainian Tomlinson,
base,50,Black Pandora,false,,LaDainian Tomlinson,
base,50,Blue,false,,LaDainian Tomlinson,
base,50,Blue Hyper,false,,LaDainian Tomlinson,
base,50,Blue Scope,false,,LaDainian Tomlinson,
base,50,Bronze,false,,LaDainian Tomlinson,
base,50,Fire,false,,LaDainian Tomlinson,
base,50,Freedom,false,,LaDainian Tomlinson,
base,50,Gold,false,,LaDainian Tomlinson,
base,50,Gold Vinyl,false,,LaDainian Tomlinson,
base,50,Green,false,,LaDainian Tomlinson,
base,50,Green Velocity,false,,LaDainian Tomlinson,
base,50,Holo,false,,LaDainian Tomlinson,
base,50,Holo Variation,false,,LaDainian Tomlinson,
base,50,Ice,false,,LaDainian Tomlinson,
base,50,Lime Green,false,,LaDainian Tomlinson,
base,50,One Hundred,false,,LaDainian Tomlinson,
base,50,Orange,false,,LaDainian Tomlinson,
base,50,Orange Scope,false,,LaDainian Tomlinson,
base,50,Pink,false,,LaDainian Tomlinson,
base,50,Pink Velocity,false,,LaDainian Tomlinson,
base,50,Purple,false,,LaDainian Tomlinson,
base,50,Purple Shock,false,,LaDainian Tomlinson,
base,50,Purple Stars,false,,LaDainian Tomlinson,
base,50,Purple Velocity,false,,LaDainian Tomlinson,
base,50,Red,false,,LaDainian Tomlinson,
base,50,Red Hyper,false,,LaDainian Tomlinson,
base,50,Red Mojo,false,,LaDainian Tomlinson,
base,50,Red Stars,false,,LaDainian Tomlinson,
base,50,Rocket,false,,LaDainian Tomlinson,
base,50,Silver Circles,false,,LaDainian Tomlinson,
base,50,Stars,false,,LaDainian Tomlinson,
base,50,Teal Velocity,false,,LaDainian Tomlinson,
base,50,Wave,false,,LaDainian Tomlinson,
base,50,Aqua,false,,LaDainian Tomlinson,
base,50,Printing Plate Black,false,,LaDainian Tomlinson,
insert-globall,GB-15,Purple Stars,false,,Josh Palmer,
insert-globall,GB-15,Gold,false,,Josh Palmer,
insert-globall,GB-15,Black Pandora,false,,Josh Palmer,
insert-globall,GB-15,Gold Vinyl,false,,Josh Palmer,
base,284,White Sparkle,false,,Tre' McKitty,
base,284,Black,false,,Tre' McKitty,
base,284,Black Pandora,false,,Tre' McKitty,
base,284,Blue,false,,Tre' McKitty,
base,284,Blue Hyper,false,,Tre' McKitty,
base,284,Blue Scope,false,,Tre' McKitty,
base,284,Bronze,false,,Tre' McKitty,
base,284,Fire,false,,Tre' McKitty,
base,284,Freedom,false,,Tre' McKitty,
base,284,Gold,false,,Tre' McKitty,
base,284,Gold Vinyl,false,,Tre' McKitty,
base,284,Green,false,,Tre' McKitty,
base,284,Green Velocity,false,,Tre' McKitty,
base,284,Holo,false,,Tre' McKitty,
base,284,Holo Variation,false,,Tre' McKitty,
base,284,Ice,false,,Tre' McKitty,
base,284,Lime Green,false,,Tre' McKitty,
base,284,One Hundred,false,,Tre' McKitty,
base,284,Orange,false,,Tre' McKitty,
base,284,Orange Scope,false,,Tre' McKitty,
base,284,Pink,false,,Tre' McKitty,
base,284,Pink Velocity,false,,Tre' McKitty,
base,284,Purple,false,,Tre' McKitty,
base,284,Purple Shock,false,,Tre' McKitty,
base,284,Purple Stars,false,,Tre' McKitty,
base,284,Purple Velocity,false,,Tre' McKitty,
base,284,Red,false,,Tre' McKitty,
base,284,Red Hyper,false,,Tre' McKitty,
base,284,Red Mojo,false,,Tre' McKitty,
base,284,Red Stars,false,,Tre' McKitty,
base,284,Rocket,false,,Tre' McKitty,
base,284,Silver Circles,false,,Tre' McKitty,
base,284,Stars,false,,Tre' McKitty,
base,284,Teal Velocity,false,,Tre' McKitty,
base,284,Wave,false,,Tre' McKitty,
base,284,Aqua,false,,Tre' McKitty,
base,284,Printing Plate Black,false,,Tre' McKitty,
base,272,White Sparkle,false,,Asante Samuel Jr.,
base,272,Black,false,,Asante Samuel Jr.,
base,272,Black Pandora,false,,Asante Samuel Jr.,
base,272,Blue,false,,Asante Samuel Jr.,
base,272,Blue Hyper,false,,Asante Samuel Jr.,
base,272,Blue Scope,false,,Asante Samuel Jr.,
base,272,Bronze,false,,Asante Samuel Jr.,
base,272,Fire,false,,Asante Samuel Jr.,
base,272,Freedom,false,,Asante Samuel Jr.,
base,272,Gold,false,,Asante Samuel Jr.,
base,272,Gold Vinyl,false,,Asante Samuel Jr.,
base,272,Green,false,,Asante Samuel Jr.,
base,272,Green Velocity,false,,Asante Samuel Jr.,
base,272,Holo,false,,Asante Samuel Jr.,
base,272,Holo Variation,false,,Asante Samuel Jr.,
base,272,Ice,false,,Asante Samuel Jr.,
base,272,Lime Green,false,,Asante Samuel Jr.,
base,272,One Hundred,false,,Asante Samuel Jr.,
base,272,Orange,false,,Asante Samuel Jr.,
base,272,Orange Scope,false,,Asante Samuel Jr.,
base,272,Pink,false,,Asante Samuel Jr.,
base,272,Pink Velocity,false,,Asante Samuel Jr.,
base,272,Purple,false,,Asante Samuel Jr.,
base,272,Purple Shock,false,,Asante Samuel Jr.,
base,272,Purple Stars,false,,Asante Samuel Jr.,
base,272,Purple Velocity,false,,Asante Samuel Jr.,
base,272,Red,false,,Asante Samuel Jr.,
base,272,Red Hyper,false,,Asante Samuel Jr.,
base,272,Red Mojo,false,,Asante Samuel Jr.,
base,272,Red Stars,false,,Asante Samuel Jr.,
base,272,Rocket,false,,Asante Samuel Jr.,
base,272,Silver Circles,false,,Asante Samuel Jr.,
base,272,Stars,false,,Asante Samuel Jr.,
base,272,Teal Velocity,false,,Asante Samuel Jr.,
base,272,Wave,false,,Asante Samuel Jr.,
base,272,Aqua,false,,Asante Samuel Jr.,
base,272,Printing Plate Black,false,,Asante Samuel Jr.,
insert-my-house,MH-13,Black Pandora,false,,Justin Herbert,
insert-my-house,MH-13,Gold,false,,Justin Herbert,
insert-my-house,MH-13,Gold Vinyl,false,,Justin Herbert,
insert-my-house,MH-13,Purple Stars,false,,Justin Herbert,
base,263,White Sparkle,false,,Rashawn Slater,
base,263,Black,false,,Rashawn Slater,
base,263,Black Pandora,false,,Rashawn Slater,
base,263,Blue,false,,Rashawn Slater,
base,263,Blue Hyper,false,,Rashawn Slater,
base,263,Blue Scope,false,,Rashawn Slater,
base,263,Bronze,false,,Rashawn Slater,
base,263,Fire,false,,Rashawn Slater,
base,263,Freedom,false,,Rashawn Slater,
base,263,Gold,false,,Rashawn Slater,
base,263,Gold Vinyl,false,,Rashawn Slater,
base,263,Green,false,,Rashawn Slater,
base,263,Green Velocity,false,,Rashawn Slater,
base,263,Holo,false,,Rashawn Slater,
base,263,Holo Variation,false,,Rashawn Slater,
base,263,Ice,false,,Rashawn Slater,
base,263,Lime Green,false,,Rashawn Slater,
base,263,One Hundred,false,,Rashawn Slater,
base,263,Orange,false,,Rashawn Slater,
base,263,Orange Scope,false,,Rashawn Slater,
base,263,Pink,false,,Rashawn Slater,
base,263,Pink Velocity,false,,Rashawn Slater,
base,263,Purple,false,,Rashawn Slater,
base,263,Purple Shock,false,,Rashawn Slater,
base,263,Purple Stars,false,,Rashawn Slater,
base,263,Purple Velocity,false,,Rashawn Slater,
base,263,Red,false,,Rashawn Slater,
base,263,Red Hyper,false,,Rashawn Slater,
base,263,Red Mojo,false,,Rashawn Slater,
base,263,Red Stars,false,,Rashawn Slater,
base,263,Rocket,false,,Rashawn Slater,
base,263,Silver Circles,false,,Rashawn Slater,
base,263,Stars,false,,Rashawn Slater,
base,263,Teal Velocity,false,,Rashawn Slater,
base,263,Wave,false,,Rashawn Slater,
base,263,Aqua,false,,Rashawn Slater,
base,263,Printing Plate Black,false,,Rashawn Slater,
auto-rookie-patch-autographs,RPA-JP,Gold Vinyl,true,,Josh Palmer,
base,256,White Sparkle,false,,Larry Rountree III,
base,256,Black,false,,Larry Rountree III,
base,256,Black Pandora,false,,Larry Rountree III,
base,256,Blue,false,,Larry Rountree III,
base,256,Blue Hyper,false,,Larry Rountree III,
base,256,Blue Scope,false,,Larry Rountree III,
base,256,Bronze,false,,Larry Rountree III,
base,256,Fire,false,,Larry Rountree III,
base,256,Freedom,false,,Larry Rountree III,
base,256,Gold,false,,Larry Rountree III,
base,256,Gold Vinyl,false,,Larry Rountree III,
base,256,Green,false,,Larry Rountree III,
base,256,Green Velocity,false,,Larry Rountree III,
base,256,Holo,false,,Larry Rountree III,
base,256,Holo Variation,false,,Larry Rountree III,
base,256,Ice,false,,Larry Rountree III,
base,256,Lime Green,false,,Larry Rountree III,
base,256,One Hundred,false,,Larry Rountree III,
base,256,Orange,false,,Larry Rountree III,
base,256,Orange Scope,false,,Larry Rountree III,
base,256,Pink,false,,Larry Rountree III,
base,256,Pink Velocity,false,,Larry Rountree III,
base,256,Purple,false,,Larry Rountree III,
base,256,Purple Shock,false,,Larry Rountree III,
base,256,Purple Stars,false,,Larry Rountree III,
base,256,Purple Velocity,false,,Larry Rountree III,
base,256,Red,false,,Larry Rountree III,
base,256,Red Hyper,false,,Larry Rountree III,
base,256,Red Mojo,false,,Larry Rountree III,
base,256,Red Stars,false,,Larry Rountree III,
base,256,Rocket,false,,Larry Rountree III,
base,256,Silver Circles,false,,Larry Rountree III,
base,256,Stars,false,,Larry Rountree III,
base,256,Teal Velocity,false,,Larry Rountree III,
base,256,Wave,false,,Larry Rountree III,
base,256,Aqua,false,,Larry Rountree III,
base,256,Printing Plate Black,false,,Larry Rountree III,
insert-mythical,MY-8,White Sparkle,false,,Justin Herbert,
insert-mythical,MY-8,Gold,false,,Justin Herbert,
insert-mythical,MY-8,Black Pandora,false,,Justin Herbert,
insert-mythical,MY-8,Gold Vinyl,false,,Justin Herbert,
base,229,White Sparkle,false,,Josh Palmer,
base,229,Black,false,,Josh Palmer,
base,229,Black Pandora,false,,Josh Palmer,
base,229,Blue,false,,Josh Palmer,
base,229,Blue Hyper,false,,Josh Palmer,
base,229,Blue Scope,false,,Josh Palmer,
base,229,Bronze,false,,Josh Palmer,
base,229,Fire,false,,Josh Palmer,
base,229,Freedom,false,,Josh Palmer,
base,229,Gold,false,,Josh Palmer,
base,229,Gold Vinyl,false,,Josh Palmer,
base,229,Green,false,,Josh Palmer,
base,229,Green Velocity,false,,Josh Palmer,
base,229,Holo,false,,Josh Palmer,
base,229,Holo Variation,false,,Josh Palmer,
base,229,Ice,false,,Josh Palmer,
base,229,Lime Green,false,,Josh Palmer,
base,229,One Hundred,false,,Josh Palmer,
base,229,Orange,false,,Josh Palmer,
base,229,Orange Scope,false,,Josh Palmer,
base,229,Pink,false,,Josh Palmer,
base,229,Pink Velocity,false,,Josh Palmer,
base,229,Purple,false,,Josh Palmer,
base,229,Purple Shock,false,,Josh Palmer,
base,229,Purple Stars,false,,Josh Palmer,
base,229,Purple Velocity,false,,Josh Palmer,
base,229,Red,false,,Josh Palmer,
base,229,Red Hyper,false,,Josh Palmer,
base,229,Red Mojo,false,,Josh Palmer,
base,229,Red Stars,false,,Josh Palmer,
base,229,Rocket,false,,Josh Palmer,
base,229,Silver Circles,false,,Josh Palmer,
base,229,Stars,false,,Josh Palmer,
base,229,Teal Velocity,false,,Josh Palmer,
base,229,Wave,false,,Josh Palmer,
base,229,Aqua,false,,Josh Palmer,
base,229,Printing Plate Black,false,,Josh Palmer,
insert-the-elite-series-rookies,ESR-18,Gold Vinyl,false,,Josh Palmer,
insert-the-elite-series-rookies,ESR-18,Purple Stars,false,,Josh Palmer,
insert-the-elite-series-rookies,ESR-18,Gold,false,,Josh Palmer,
insert-the-elite-series-rookies,ESR-18,Black Pandora,false,,Josh Palmer,
insert-legendary-logos,LL-12,Gold Vinyl,false,,Justin Herbert,
insert-legendary-logos,LL-12,Gold,false,,Justin Herbert,
insert-legendary-logos,LL-12,Black Pandora,false,,Justin Herbert,
insert-legendary-logos,LL-12,Purple Stars,false,,Justin Herbert,
auto-the-elite-series-rookies-autographs,ESR-18,Purple Stars,true,,Josh Palmer,
auto-the-elite-series-rookies-autographs,ESR-18,Gold Vinyl,true,,Josh Palmer,
insert-rookie-phenoms,RP-29,Prime,false,,Josh Palmer,
insert-rookie-phenoms,RP-29,Blue Hyper,false,,Josh Palmer,
insert-rookie-phenoms,RP-29,Gold Vinyl,false,,Josh Palmer,
insert-rookie-phenoms,RP-29,Red,false,,Josh Palmer,
auto-rated-rookies-autographs,256,Holo,true,,Larry Rountree III,
auto-rated-rookies-autographs,256,Pink Velocity,true,,Larry Rountree III,
auto-rated-rookies-autographs,256,Black Pandora,true,,Larry Rountree III,
auto-rated-rookies-autographs,256,Blue,true,,Larry Rountree III,
auto-rated-rookies-autographs,256,Red Hyper,true,,Larry Rountree III,
auto-rated-rookies-autographs,256,Red,true,,Larry Rountree III,
auto-rated-rookies-autographs,256,Purple Stars,true,,Larry Rountree III,
auto-rated-rookies-autographs,256,Purple,true,,Larry Rountree III,
auto-rated-rookies-autographs,256,Bronze,true,,Larry Rountree III,
auto-rated-rookies-autographs,256,Gold,true,,Larry Rountree III,
auto-rated-rookies-autographs,256,Green,true,,Larry Rountree III,
auto-rated-rookies-autographs,256,Gold Vinyl,true,,Larry Rountree III,
auto-legendary-patch-autographs,LPA-AG,Gold Vinyl,true,,Antonio Gates,
insert-retro-series,RS-ED,Gold,false,,Eric Dickerson,
insert-retro-series,RS-ED,Black Pandora,false,,Eric Dickerson,
insert-retro-series,RS-ED,Gold Vinyl,false,,Eric Dickerson,
insert-retro-series,RS-ED,Purple Stars,false,,Eric Dickerson,
auto-the-rookies-autographs,TR-14,Gold Vinyl,true,,Tutu Atwell,
auto-the-rookies-autographs,TR-14,Purple Stars,true,,Tutu Atwell,
insert-the-rookies,TR-14,Gold Vinyl,false,,Tutu Atwell,
insert-the-rookies,TR-14,Purple Stars,false,,Tutu Atwell,
insert-the-rookies,TR-14,Black Pandora,false,,Tutu Atwell,
insert-the-rookies,TR-14,Gold,false,,Tutu Atwell,
base,182,White Sparkle,false,,Cooper Kupp,
base,182,Black,false,,Cooper Kupp,
base,182,Black Pandora,false,,Cooper Kupp,
base,182,Blue,false,,Cooper Kupp,
base,182,Blue Hyper,false,,Cooper Kupp,
base,182,Blue Scope,false,,Cooper Kupp,
base,182,Bronze,false,,Cooper Kupp,
base,182,Fire,false,,Cooper Kupp,
base,182,Freedom,false,,Cooper Kupp,
base,182,Gold,false,,Cooper Kupp,
base,182,Gold Vinyl,false,,Cooper Kupp,
base,182,Green,false,,Cooper Kupp,
base,182,Green Velocity,false,,Cooper Kupp,
base,182,Holo,false,,Cooper Kupp,
base,182,Holo Variation,false,,Cooper Kupp,
base,182,Ice,false,,Cooper Kupp,
base,182,Lime Green,false,,Cooper Kupp,
base,182,One Hundred,false,,Cooper Kupp,
base,182,Orange,false,,Cooper Kupp,
base,182,Orange Scope,false,,Cooper Kupp,
base,182,Pink,false,,Cooper Kupp,
base,182,Pink Velocity,false,,Cooper Kupp,
base,182,Purple,false,,Cooper Kupp,
base,182,Purple Shock,false,,Cooper Kupp,
base,182,Purple Stars,false,,Cooper Kupp,
base,182,Purple Velocity,false,,Cooper Kupp,
base,182,Red,false,,Cooper Kupp,
base,182,Red Hyper,false,,Cooper Kupp,
base,182,Red Mojo,false,,Cooper Kupp,
base,182,Red Stars,false,,Cooper Kupp,
base,182,Rocket,false,,Cooper Kupp,
base,182,Silver Circles,false,,Cooper Kupp,
base,182,Stars,false,,Cooper Kupp,
base,182,Teal Velocity,false,,Cooper Kupp,
base,182,Wave,false,,Cooper Kupp,
base,182,Aqua,false,,Cooper Kupp,
base,182,Printing Plate Black,false,,Cooper Kupp,
base,183,White Sparkle,false,,Robert Woods,
base,183,Black,false,,Robert Woods,
base,183,Black Pandora,false,,Robert Woods,
base,183,Blue,false,,Robert Woods,
base,183,Blue Hyper,false,,Robert Woods,
base,183,Blue Scope,false,,Robert Woods,
base,183,Bronze,false,,Robert Woods,
base,183,Fire,false,,Robert Woods,
base,183,Freedom,false,,Robert Woods,
base,183,Gold,false,,Robert Woods,
base,183,Gold Vinyl,false,,Robert Woods,
base,183,Green,false,,Robert Woods,
base,183,Green Velocity,false,,Robert Woods,
base,183,Holo,false,,Robert Woods,
base,183,Holo Variation,false,,Robert Woods,
base,183,Ice,false,,Robert Woods,
base,183,Lime Green,false,,Robert Woods,
base,183,One Hundred,false,,Robert Woods,
base,183,Orange,false,,Robert Woods,
base,183,Orange Scope,false,,Robert Woods,
base,183,Pink,false,,Robert Woods,
base,183,Pink Velocity,false,,Robert Woods,
base,183,Purple,false,,Robert Woods,
base,183,Purple Shock,false,,Robert Woods,
base,183,Purple Stars,false,,Robert Woods,
base,183,Purple Velocity,false,,Robert Woods,
base,183,Red,false,,Robert Woods,
base,183,Red Hyper,false,,Robert Woods,
base,183,Red Mojo,false,,Robert Woods,
base,183,Red Stars,false,,Robert Woods,
base,183,Rocket,false,,Robert Woods,
base,183,Silver Circles,false,,Robert Woods,
base,183,Stars,false,,Robert Woods,
base,183,Teal Velocity,false,,Robert Woods,
base,183,Wave,false,,Robert Woods,
base,183,Aqua,false,,Robert Woods,
base,183,Printing Plate Black,false,,Robert Woods,
base,184,White Sparkle,false,,Tyler Higbee,
base,184,Black,false,,Tyler Higbee,
base,184,Black Pandora,false,,Tyler Higbee,
base,184,Blue,false,,Tyler Higbee,
base,184,Blue Hyper,false,,Tyler Higbee,
base,184,Blue Scope,false,,Tyler Higbee,
base,184,Bronze,false,,Tyler Higbee,
base,184,Fire,false,,Tyler Higbee,
base,184,Freedom,false,,Tyler Higbee,
base,184,Gold,false,,Tyler Higbee,
base,184,Gold Vinyl,false,,Tyler Higbee,
base,184,Green,false,,Tyler Higbee,
base,184,Green Velocity,false,,Tyler Higbee,
base,184,Holo,false,,Tyler Higbee,
base,184,Holo Variation,false,,Tyler Higbee,
base,184,Ice,false,,Tyler Higbee,
base,184,Lime Green,false,,Tyler Higbee,
base,184,One Hundred,false,,Tyler Higbee,
base,184,Orange,false,,Tyler Higbee,
base,184,Orange Scope,false,,Tyler Higbee,
base,184,Pink,false,,Tyler Higbee,
base,184,Pink Velocity,false,,Tyler Higbee,
base,184,Purple,false,,Tyler Higbee,
base,184,Purple Shock,false,,Tyler Higbee,
base,184,Purple Stars,false,,Tyler Higbee,
base,184,Purple Velocity,false,,Tyler Higbee,
base,184,Red,false,,Tyler Higbee,
base,184,Red Hyper,false,,Tyler Higbee,
base,184,Red Mojo,false,,Tyler Higbee,
base,184,Red Stars,false,,Tyler Higbee,
base,184,Rocket,false,,Tyler Higbee,
base,184,Silver Circles,false,,Tyler Higbee,
base,184,Stars,false,,Tyler Higbee,
base,184,Teal Velocity,false,,Tyler Higbee,
base,184,Wave,false,,Tyler Higbee,
base,184,Aqua,false,,Tyler Higbee,
base,184,Printing Plate Black,false,,Tyler Higbee,
base,185,White Sparkle,false,,Matthew Stafford,
base,185,Black,false,,Matthew Stafford,
base,185,Black Pandora,false,,Matthew Stafford,
base,185,Blue,false,,Matthew Stafford,
base,185,Blue Hyper,false,,Matthew Stafford,
base,185,Blue Scope,false,,Matthew Stafford,
base,185,Bronze,false,,Matthew Stafford,
base,185,Fire,false,,Matthew Stafford,
base,185,Freedom,false,,Matthew Stafford,
base,185,Gold,false,,Matthew Stafford,
base,185,Gold Vinyl,false,,Matthew Stafford,
base,185,Green,false,,Matthew Stafford,
base,185,Green Velocity,false,,Matthew Stafford,
base,185,Holo,false,,Matthew Stafford,
base,185,Holo Variation,false,,Matthew Stafford,
base,185,Ice,false,,Matthew Stafford,
base,185,Lime Green,false,,Matthew Stafford,
base,185,One Hundred,false,,Matthew Stafford,
base,185,Orange,false,,Matthew Stafford,
base,185,Orange Scope,false,,Matthew Stafford,
base,185,Pink,false,,Matthew Stafford,
base,185,Pink Velocity,false,,Matthew Stafford,
base,185,Purple,false,,Matthew Stafford,
base,185,Purple Shock,false,,Matthew Stafford,
base,185,Purple Stars,false,,Matthew Stafford,
base,185,Purple Velocity,false,,Matthew Stafford,
base,185,Red,false,,Matthew Stafford,
base,185,Red Hyper,false,,Matthew Stafford,
base,185,Red Mojo,false,,Matthew Stafford,
base,185,Red Stars,false,,Matthew Stafford,
base,185,Rocket,false,,Matthew Stafford,
base,185,Silver Circles,false,,Matthew Stafford,
base,185,Stars,false,,Matthew Stafford,
base,185,Teal Velocity,false,,Matthew Stafford,
base,185,Wave,false,,Matthew Stafford,
base,185,Aqua,false,,Matthew Stafford,
base,185,Printing Plate Black,false,,Matthew Stafford,
base,186,White Sparkle,false,,Cam Akers,
base,186,Black,false,,Cam Akers,
base,186,Black Pandora,false,,Cam Akers,
base,186,Blue,false,,Cam Akers,
base,186,Blue Hyper,false,,Cam Akers,
base,186,Blue Scope,false,,Cam Akers,
base,186,Bronze,false,,Cam Akers,
base,186,Fire,false,,Cam Akers,
base,186,Freedom,false,,Cam Akers,
base,186,Gold,false,,Cam Akers,
base,186,Gold Vinyl,false,,Cam Akers,
base,186,Green,false,,Cam Akers,
base,186,Green Velocity,false,,Cam Akers,
base,186,Holo,false,,Cam Akers,
base,186,Holo Variation,false,,Cam Akers,
base,186,Ice,false,,Cam Akers,
base,186,Lime Green,false,,Cam Akers,
base,186,One Hundred,false,,Cam Akers,
base,186,Orange,false,,Cam Akers,
base,186,Orange Scope,false,,Cam Akers,
base,186,Pink,false,,Cam Akers,
base,186,Pink Velocity,false,,Cam Akers,
base,186,Purple,false,,Cam Akers,
base,186,Purple Shock,false,,Cam Akers,
base,186,Purple Stars,false,,Cam Akers,
base,186,Purple Velocity,false,,Cam Akers,
base,186,Red,false,,Cam Akers,
base,186,Red Hyper,false,,Cam Akers,
base,186,Red Mojo,false,,Cam Akers,
base,186,Red Stars,false,,Cam Akers,
base,186,Rocket,false,,Cam Akers,
base,186,Silver Circles,false,,Cam Akers,
base,186,Stars,false,,Cam Akers,
base,186,Teal Velocity,false,,Cam Akers,
base,186,Wave,false,,Cam Akers,
base,186,Aqua,false,,Cam Akers,
base,186,Printing Plate Black,false,,Cam Akers,
base,187,White Sparkle,false,,Aaron Donald,
base,187,Black,false,,Aaron Donald,
base,187,Black Pandora,false,,Aaron Donald,
base,187,Blue,false,,Aaron Donald,
base,187,Blue Hyper,false,,Aaron Donald,
base,187,Blue Scope,false,,Aaron Donald,
base,187,Bronze,false,,Aaron Donald,
base,187,Fire,false,,Aaron Donald,
base,187,Freedom,false,,Aaron Donald,
base,187,Gold,false,,Aaron Donald,
base,187,Gold Vinyl,false,,Aaron Donald,
base,187,Green,false,,Aaron Donald,
base,187,Green Velocity,false,,Aaron Donald,
base,187,Holo,false,,Aaron Donald,
base,187,Holo Variation,false,,Aaron Donald,
base,187,Ice,false,,Aaron Donald,
base,187,Lime Green,false,,Aaron Donald,
base,187,One Hundred,false,,Aaron Donald,
base,187,Orange,false,,Aaron Donald,
base,187,Orange Scope,false,,Aaron Donald,
base,187,Pink,false,,Aaron Donald,
base,187,Pink Velocity,false,,Aaron Donald,
base,187,Purple,false,,Aaron Donald,
base,187,Purple Shock,false,,Aaron Donald,
base,187,Purple Stars,false,,Aaron Donald,
base,187,Purple Velocity,false,,Aaron Donald,
base,187,Red,false,,Aaron Donald,
base,187,Red Hyper,false,,Aaron Donald,
base,187,Red Mojo,false,,Aaron Donald,
base,187,Red Stars,false,,Aaron Donald,
base,187,Rocket,false,,Aaron Donald,
base,187,Silver Circles,false,,Aaron Donald,
base,187,Stars,false,,Aaron Donald,
base,187,Teal Velocity,false,,Aaron Donald,
base,187,Wave,false,,Aaron Donald,
base,187,Aqua,false,,Aaron Donald,
base,187,Printing Plate Black,false,,Aaron Donald,
base,188,White Sparkle,false,,Eric Dickerson,
base,188,Black,false,,Eric Dickerson,
base,188,Black Pandora,false,,Eric Dickerson,
base,188,Blue,false,,Eric Dickerson,
base,188,Blue Hyper,false,,Eric Dickerson,
base,188,Blue Scope,false,,Eric Dickerson,
base,188,Bronze,false,,Eric Dickerson,
base,188,Fire,false,,Eric Dickerson,
base,188,Freedom,false,,Eric Dickerson,
base,188,Gold,false,,Eric Dickerson,
base,188,Gold Vinyl,false,,Eric Dickerson,
base,188,Green,false,,Eric Dickerson,
base,188,Green Velocity,false,,Eric Dickerson,
base,188,Holo,false,,Eric Dickerson,
base,188,Holo Variation,false,,Eric Dickerson,
base,188,Ice,false,,Eric Dickerson,
base,188,Lime Green,false,,Eric Dickerson,
base,188,One Hundred,false,,Eric Dickerson,
base,188,Orange,false,,Eric Dickerson,
base,188,Orange Scope,false,,Eric Dickerson,
base,188,Pink,false,,Eric Dickerson,
base,188,Pink Velocity,false,,Eric Dickerson,
base,188,Purple,false,,Eric Dickerson,
base,188,Purple Shock,false,,Eric Dickerson,
base,188,Purple Stars,false,,Eric Dickerson,
base,188,Purple Velocity,false,,Eric Dickerson,
base,188,Red,false,,Eric Dickerson,
base,188,Red Hyper,false,,Eric Dickerson,
base,188,Red Mojo,false,,Eric Dickerson,
base,188,Red Stars,false,,Eric Dickerson,
base,188,Rocket,false,,Eric Dickerson,
base,188,Silver Circles,false,,Eric Dickerson,
base,188,Stars,false,,Eric Dickerson,
base,188,Teal Velocity,false,,Eric Dickerson,
base,188,Wave,false,,Eric Dickerson,
base,188,Aqua,false,,Eric Dickerson,
base,188,Printing Plate Black,false,,Eric Dickerson,
insert-rookie-phenoms-horizontal,RPH-38,Blue Hyper,false,,Jacob Harris,
insert-rookie-phenoms-horizontal,RPH-38,Prime,false,,Jacob Harris,
insert-rookie-phenoms-horizontal,RPH-38,Red,false,,Jacob Harris,
insert-rookie-phenoms-horizontal,RPH-38,Gold Vinyl,false,,Jacob Harris,
insert-rookie-phenoms-horizontal,RPH-20,Blue Hyper,false,,Tutu Atwell,
insert-rookie-phenoms-horizontal,RPH-20,Prime,false,,Tutu Atwell,
insert-rookie-phenoms-horizontal,RPH-20,Red,false,,Tutu Atwell,
insert-rookie-phenoms-horizontal,RPH-20,Gold Vinyl,false,,Tutu Atwell,
insert-rookie-phenoms,RP-38,Prime,false,,Jacob Harris,
insert-rookie-phenoms,RP-38,Blue Hyper,false,,Jacob Harris,
insert-rookie-phenoms,RP-38,Gold Vinyl,false,,Jacob Harris,
insert-rookie-phenoms,RP-38,Red,false,,Jacob Harris,
base,220,White Sparkle,false,,Tutu Atwell,
base,220,Black,false,,Tutu Atwell,
base,220,Black Pandora,false,,Tutu Atwell,
base,220,Blue,false,,Tutu Atwell,
base,220,Blue Hyper,false,,Tutu Atwell,
base,220,Blue Scope,false,,Tutu Atwell,
base,220,Bronze,false,,Tutu Atwell,
base,220,Fire,false,,Tutu Atwell,
base,220,Freedom,false,,Tutu Atwell,
base,220,Gold,false,,Tutu Atwell,
base,220,Gold Vinyl,false,,Tutu Atwell,
base,220,Green,false,,Tutu Atwell,
base,220,Green Velocity,false,,Tutu Atwell,
base,220,Holo,false,,Tutu Atwell,
base,220,Holo Variation,false,,Tutu Atwell,
base,220,Ice,false,,Tutu Atwell,
base,220,Lime Green,false,,Tutu Atwell,
base,220,One Hundred,false,,Tutu Atwell,
base,220,Orange,false,,Tutu Atwell,
base,220,Orange Scope,false,,Tutu Atwell,
base,220,Pink,false,,Tutu Atwell,
base,220,Pink Velocity,false,,Tutu Atwell,
base,220,Purple,false,,Tutu Atwell,
base,220,Purple Shock,false,,Tutu Atwell,
base,220,Purple Stars,false,,Tutu Atwell,
base,220,Purple Velocity,false,,Tutu Atwell,
base,220,Red,false,,Tutu Atwell,
base,220,Red Hyper,false,,Tutu Atwell,
base,220,Red Mojo,false,,Tutu Atwell,
base,220,Red Stars,false,,Tutu Atwell,
base,220,Rocket,false,,Tutu Atwell,
base,220,Silver Circles,false,,Tutu Atwell,
base,220,Stars,false,,Tutu Atwell,
base,220,Teal Velocity,false,,Tutu Atwell,
base,220,Wave,false,,Tutu Atwell,
base,220,Aqua,false,,Tutu Atwell,
base,220,Printing Plate Black,false,,Tutu Atwell,
insert-legendary-logos,LL-13,Gold Vinyl,false,,Matthew Stafford,
insert-legendary-logos,LL-13,Gold,false,,Matthew Stafford,
insert-legendary-logos,LL-13,Black Pandora,false,,Matthew Stafford,
insert-legendary-logos,LL-13,Purple Stars,false,,Matthew Stafford,
insert-rookie-phenoms,RP-20,Prime,false,,Tutu Atwell,
insert-rookie-phenoms,RP-20,Blue Hyper,false,,Tutu Atwell,
insert-rookie-phenoms,RP-20,Gold Vinyl,false,,Tutu Atwell,
insert-rookie-phenoms,RP-20,Red,false,,Tutu Atwell,
base,238,White Sparkle,false,,Jacob Harris,
base,238,Black,false,,Jacob Harris,
base,238,Black Pandora,false,,Jacob Harris,
base,238,Blue,false,,Jacob Harris,
base,238,Blue Hyper,false,,Jacob Harris,
base,238,Blue Scope,false,,Jacob Harris,
base,238,Bronze,false,,Jacob Harris,
base,238,Fire,false,,Jacob Harris,
base,238,Freedom,false,,Jacob Harris,
base,238,Gold,false,,Jacob Harris,
base,238,Gold Vinyl,false,,Jacob Harris,
base,238,Green,false,,Jacob Harris,
base,238,Green Velocity,false,,Jacob Harris,
base,238,Holo,false,,Jacob Harris,
base,238,Holo Variation,false,,Jacob Harris,
base,238,Ice,false,,Jacob Harris,
base,238,Lime Green,false,,Jacob Harris,
base,238,One Hundred,false,,Jacob Harris,
base,238,Orange,false,,Jacob Harris,
base,238,Orange Scope,false,,Jacob Harris,
base,238,Pink,false,,Jacob Harris,
base,238,Pink Velocity,false,,Jacob Harris,
base,238,Purple,false,,Jacob Harris,
base,238,Purple Shock,false,,Jacob Harris,
base,238,Purple Stars,false,,Jacob Harris,
base,238,Purple Velocity,false,,Jacob Harris,
base,238,Red,false,,Jacob Harris,
base,238,Red Hyper,false,,Jacob Harris,
base,238,Red Mojo,false,,Jacob Harris,
base,238,Red Stars,false,,Jacob Harris,
base,238,Rocket,false,,Jacob Harris,
base,238,Silver Circles,false,,Jacob Harris,
base,238,Stars,false,,Jacob Harris,
base,238,Teal Velocity,false,,Jacob Harris,
base,238,Wave,false,,Jacob Harris,
base,238,Aqua,false,,Jacob Harris,
base,238,Printing Plate Black,false,,Jacob Harris,
auto-rookie-patch-autographs,RPA-TA,Gold Vinyl,true,,Tutu Atwell,
auto-rookie-patch-autographs,RPA-JH,Gold Vinyl,true,,Jacob Harris,
base,295,White Sparkle,false,,Jake Funk,
base,295,Black,false,,Jake Funk,
base,295,Black Pandora,false,,Jake Funk,
base,295,Blue,false,,Jake Funk,
base,295,Blue Hyper,false,,Jake Funk,
base,295,Blue Scope,false,,Jake Funk,
base,295,Bronze,false,,Jake Funk,
base,295,Fire,false,,Jake Funk,
base,295,Freedom,false,,Jake Funk,
base,295,Gold,false,,Jake Funk,
base,295,Gold Vinyl,false,,Jake Funk,
base,295,Green,false,,Jake Funk,
base,295,Green Velocity,false,,Jake Funk,
base,295,Holo,false,,Jake Funk,
base,295,Holo Variation,false,,Jake Funk,
base,295,Ice,false,,Jake Funk,
base,295,Lime Green,false,,Jake Funk,
base,295,One Hundred,false,,Jake Funk,
base,295,Orange,false,,Jake Funk,
base,295,Orange Scope,false,,Jake Funk,
base,295,Pink,false,,Jake Funk,
base,295,Pink Velocity,false,,Jake Funk,
base,295,Purple,false,,Jake Funk,
base,295,Purple Shock,false,,Jake Funk,
base,295,Purple Stars,false,,Jake Funk,
base,295,Purple Velocity,false,,Jake Funk,
base,295,Red,false,,Jake Funk,
base,295,Red Hyper,false,,Jake Funk,
base,295,Red Mojo,false,,Jake Funk,
base,295,Red Stars,false,,Jake Funk,
base,295,Rocket,false,,Jake Funk,
base,295,Silver Circles,false,,Jake Funk,
base,295,Stars,false,,Jake Funk,
base,295,Teal Velocity,false,,Jake Funk,
base,295,Wave,false,,Jake Funk,
base,295,Aqua,false,,Jake Funk,
base,295,Printing Plate Black,false,,Jake Funk,
insert-donruss-threads,TH-2,Red,false,,Cam Akers,
insert-donruss-threads,TH-2,Blue Hyper,false,,Cam Akers,
insert-donruss-threads,TH-2,Gold Vinyl,false,,Cam Akers,
insert-donruss-threads,TH-2,Prime,false,,Cam Akers,
insert-downtown,DT-29,Gold Vinyl,false,,Matthew Stafford,
insert-downtown,DT-29,Gold,false,,Matthew Stafford,
insert-downtown,DT-29,Black Pandora,false,,Matthew Stafford,
insert-downtown,DT-29,White Sparkle,false,,Matthew Stafford,
insert-rising-suns,RS-1,Purple Stars,false,,Cooper Kupp,
insert-rising-suns,RS-1,Gold,false,,Cooper Kupp,
insert-rising-suns,RS-1,Gold Vinyl,false,,Cooper Kupp,
insert-rising-suns,RS-1,Black Pandora,false,,Cooper Kupp,
auto-rated-rookies-rps-autographs,238,Gold Vinyl,true,,Jacob Harris,
auto-rated-rookies-rps-autographs,238,Red Hyper,true,,Jacob Harris,
auto-rated-rookies-rps-autographs,238,Red,true,,Jacob Harris,
auto-rated-rookies-rps-autographs,238,Purple Stars,true,,Jacob Harris,
auto-rated-rookies-rps-autographs,238,Purple,true,,Jacob Harris,
auto-rated-rookies-rps-autographs,238,Pink Velocity,true,,Jacob Harris,
auto-rated-rookies-rps-autographs,238,Holo,true,,Jacob Harris,
auto-rated-rookies-rps-autographs,238,Green,true,,Jacob Harris,
auto-rated-rookies-rps-autographs,238,Gold,true,,Jacob Harris,
auto-rated-rookies-rps-autographs,238,Bronze,true,,Jacob Harris,
auto-rated-rookies-rps-autographs,238,Blue,true,,Jacob Harris,
auto-rated-rookies-rps-autographs,238,Black Pandora,true,,Jacob Harris,
base,63,White Sparkle,false,,Dan Marino,
base,63,Black,false,,Dan Marino,
base,63,Black Pandora,false,,Dan Marino,
base,63,Blue,false,,Dan Marino,
base,63,Blue Hyper,false,,Dan Marino,
base,63,Blue Scope,false,,Dan Marino,
base,63,Bronze,false,,Dan Marino,
base,63,Fire,false,,Dan Marino,
base,63,Freedom,false,,Dan Marino,
base,63,Gold,false,,Dan Marino,
base,63,Gold Vinyl,false,,Dan Marino,
base,63,Green,false,,Dan Marino,
base,63,Green Velocity,false,,Dan Marino,
base,63,Holo,false,,Dan Marino,
base,63,Holo Variation,false,,Dan Marino,
base,63,Ice,false,,Dan Marino,
base,63,Lime Green,false,,Dan Marino,
base,63,One Hundred,false,,Dan Marino,
base,63,Orange,false,,Dan Marino,
base,63,Orange Scope,false,,Dan Marino,
base,63,Pink,false,,Dan Marino,
base,63,Pink Velocity,false,,Dan Marino,
base,63,Purple,false,,Dan Marino,
base,63,Purple Shock,false,,Dan Marino,
base,63,Purple Stars,false,,Dan Marino,
base,63,Purple Velocity,false,,Dan Marino,
base,63,Red,false,,Dan Marino,
base,63,Red Hyper,false,,Dan Marino,
base,63,Red Mojo,false,,Dan Marino,
base,63,Red Stars,false,,Dan Marino,
base,63,Rocket,false,,Dan Marino,
base,63,Silver Circles,false,,Dan Marino,
base,63,Stars,false,,Dan Marino,
base,63,Teal Velocity,false,,Dan Marino,
base,63,Wave,false,,Dan Marino,
base,63,Aqua,false,,Dan Marino,
base,63,Printing Plate Black,false,,Dan Marino,
insert-rookie-phenoms,RP-8,Prime,false,,Jaylen Waddle,
insert-rookie-phenoms,RP-8,Blue Hyper,false,,Jaylen Waddle,
insert-rookie-phenoms,RP-8,Gold Vinyl,false,,Jaylen Waddle,
insert-rookie-phenoms,RP-8,Red,false,,Jaylen Waddle,
auto-rated-rookies-autographs,267,Holo,true,,Jevon Holland,
auto-rated-rookies-autographs,267,Pink Velocity,true,,Jevon Holland,
auto-rated-rookies-autographs,267,Black Pandora,true,,Jevon Holland,
auto-rated-rookies-autographs,267,Blue,true,,Jevon Holland,
auto-rated-rookies-autographs,267,Red Hyper,true,,Jevon Holland,
auto-rated-rookies-autographs,267,Red,true,,Jevon Holland,
auto-rated-rookies-autographs,267,Purple Stars,true,,Jevon Holland,
auto-rated-rookies-autographs,267,Purple,true,,Jevon Holland,
auto-rated-rookies-autographs,267,Bronze,true,,Jevon Holland,
auto-rated-rookies-autographs,267,Gold,true,,Jevon Holland,
auto-rated-rookies-autographs,267,Green,true,,Jevon Holland,
auto-rated-rookies-autographs,267,Gold Vinyl,true,,Jevon Holland,
base,62,White Sparkle,false,,Byron Jones,
base,62,Black,false,,Byron Jones,
base,62,Black Pandora,false,,Byron Jones,
base,62,Blue,false,,Byron Jones,
base,62,Blue Hyper,false,,Byron Jones,
base,62,Blue Scope,false,,Byron Jones,
base,62,Bronze,false,,Byron Jones,
base,62,Fire,false,,Byron Jones,
base,62,Freedom,false,,Byron Jones,
base,62,Gold,false,,Byron Jones,
base,62,Gold Vinyl,false,,Byron Jones,
base,62,Green,false,,Byron Jones,
base,62,Green Velocity,false,,Byron Jones,
base,62,Holo,false,,Byron Jones,
base,62,Holo Variation,false,,Byron Jones,
base,62,Ice,false,,Byron Jones,
base,62,Lime Green,false,,Byron Jones,
base,62,One Hundred,false,,Byron Jones,
base,62,Orange,false,,Byron Jones,
base,62,Orange Scope,false,,Byron Jones,
base,62,Pink,false,,Byron Jones,
base,62,Pink Velocity,false,,Byron Jones,
base,62,Purple,false,,Byron Jones,
base,62,Purple Shock,false,,Byron Jones,
base,62,Purple Stars,false,,Byron Jones,
base,62,Purple Velocity,false,,Byron Jones,
base,62,Red,false,,Byron Jones,
base,62,Red Hyper,false,,Byron Jones,
base,62,Red Mojo,false,,Byron Jones,
base,62,Red Stars,false,,Byron Jones,
base,62,Rocket,false,,Byron Jones,
base,62,Silver Circles,false,,Byron Jones,
base,62,Stars,false,,Byron Jones,
base,62,Teal Velocity,false,,Byron Jones,
base,62,Wave,false,,Byron Jones,
base,62,Aqua,false,,Byron Jones,
base,62,Printing Plate Black,false,,Byron Jones,
base,254,White Sparkle,false,,Jaelan Phillips,
base,254,Black,false,,Jaelan Phillips,
base,254,Black Pandora,false,,Jaelan Phillips,
base,254,Blue,false,,Jaelan Phillips,
base,254,Blue Hyper,false,,Jaelan Phillips,
base,254,Blue Scope,false,,Jaelan Phillips,
base,254,Bronze,false,,Jaelan Phillips,
base,254,Fire,false,,Jaelan Phillips,
base,254,Freedom,false,,Jaelan Phillips,
base,254,Gold,false,,Jaelan Phillips,
base,254,Gold Vinyl,false,,Jaelan Phillips,
base,254,Green,false,,Jaelan Phillips,
base,254,Green Velocity,false,,Jaelan Phillips,
base,254,Holo,false,,Jaelan Phillips,
base,254,Holo Variation,false,,Jaelan Phillips,
base,254,Ice,false,,Jaelan Phillips,
base,254,Lime Green,false,,Jaelan Phillips,
base,254,One Hundred,false,,Jaelan Phillips,
base,254,Orange,false,,Jaelan Phillips,
base,254,Orange Scope,false,,Jaelan Phillips,
base,254,Pink,false,,Jaelan Phillips,
base,254,Pink Velocity,false,,Jaelan Phillips,
base,254,Purple,false,,Jaelan Phillips,
base,254,Purple Shock,false,,Jaelan Phillips,
base,254,Purple Stars,false,,Jaelan Phillips,
base,254,Purple Velocity,false,,Jaelan Phillips,
base,254,Red,false,,Jaelan Phillips,
base,254,Red Hyper,false,,Jaelan Phillips,
base,254,Red Mojo,false,,Jaelan Phillips,
base,254,Red Stars,false,,Jaelan Phillips,
base,254,Rocket,false,,Jaelan Phillips,
base,254,Silver Circles,false,,Jaelan Phillips,
base,254,Stars,false,,Jaelan Phillips,
base,254,Teal Velocity,false,,Jaelan Phillips,
base,254,Wave,false,,Jaelan Phillips,
base,254,Aqua,false,,Jaelan Phillips,
base,254,Printing Plate Black,false,,Jaelan Phillips,
base,61,White Sparkle,false,,Myles Gaskin,
base,61,Black,false,,Myles Gaskin,
base,61,Black Pandora,false,,Myles Gaskin,
base,61,Blue,false,,Myles Gaskin,
base,61,Blue Hyper,false,,Myles Gaskin,
base,61,Blue Scope,false,,Myles Gaskin,
base,61,Bronze,false,,Myles Gaskin,
base,61,Fire,false,,Myles Gaskin,
base,61,Freedom,false,,Myles Gaskin,
base,61,Gold,false,,Myles Gaskin,
base,61,Gold Vinyl,false,,Myles Gaskin,
base,61,Green,false,,Myles Gaskin,
base,61,Green Velocity,false,,Myles Gaskin,
base,61,Holo,false,,Myles Gaskin,
base,61,Holo Variation,false,,Myles Gaskin,
base,61,Ice,false,,Myles Gaskin,
base,61,Lime Green,false,,Myles Gaskin,
base,61,One Hundred,false,,Myles Gaskin,
base,61,Orange,false,,Myles Gaskin,
base,61,Orange Scope,false,,Myles Gaskin,
base,61,Pink,false,,Myles Gaskin,
base,61,Pink Velocity,false,,Myles Gaskin,
base,61,Purple,false,,Myles Gaskin,
base,61,Purple Shock,false,,Myles Gaskin,
base,61,Purple Stars,false,,Myles Gaskin,
base,61,Purple Velocity,false,,Myles Gaskin,
base,61,Red,false,,Myles Gaskin,
base,61,Red Hyper,false,,Myles Gaskin,
base,61,Red Mojo,false,,Myles Gaskin,
base,61,Red Stars,false,,Myles Gaskin,
base,61,Rocket,false,,Myles Gaskin,
base,61,Silver Circles,false,,Myles Gaskin,
base,61,Stars,false,,Myles Gaskin,
base,61,Teal Velocity,false,,Myles Gaskin,
base,61,Wave,false,,Myles Gaskin,
base,61,Aqua,false,,Myles Gaskin,
base,61,Printing Plate Black,false,,Myles Gaskin,
auto-rookie-patch-autographs,RPA-JW,Gold Vinyl,true,,Jaylen Waddle,
base,60,White Sparkle,false,,Tua Tagovailoa,
base,60,Black,false,,Tua Tagovailoa,
base,60,Black Pandora,false,,Tua Tagovailoa,
base,60,Blue,false,,Tua Tagovailoa,
base,60,Blue Hyper,false,,Tua Tagovailoa,
base,60,Blue Scope,false,,Tua Tagovailoa,
base,60,Bronze,false,,Tua Tagovailoa,
base,60,Fire,false,,Tua Tagovailoa,
base,60,Freedom,false,,Tua Tagovailoa,
base,60,Gold,false,,Tua Tagovailoa,
base,60,Gold Vinyl,false,,Tua Tagovailoa,
base,60,Green,false,,Tua Tagovailoa,
base,60,Green Velocity,false,,Tua Tagovailoa,
base,60,Holo,false,,Tua Tagovailoa,
base,60,Holo Variation,false,,Tua Tagovailoa,
base,60,Ice,false,,Tua Tagovailoa,
base,60,Lime Green,false,,Tua Tagovailoa,
base,60,One Hundred,false,,Tua Tagovailoa,
base,60,Orange,false,,Tua Tagovailoa,
base,60,Orange Scope,false,,Tua Tagovailoa,
base,60,Pink,false,,Tua Tagovailoa,
base,60,Pink Velocity,false,,Tua Tagovailoa,
base,60,Purple,false,,Tua Tagovailoa,
base,60,Purple Shock,false,,Tua Tagovailoa,
base,60,Purple Stars,false,,Tua Tagovailoa,
base,60,Purple Velocity,false,,Tua Tagovailoa,
base,60,Red,false,,Tua Tagovailoa,
base,60,Red Hyper,false,,Tua Tagovailoa,
base,60,Red Mojo,false,,Tua Tagovailoa,
base,60,Red Stars,false,,Tua Tagovailoa,
base,60,Rocket,false,,Tua Tagovailoa,
base,60,Silver Circles,false,,Tua Tagovailoa,
base,60,Stars,false,,Tua Tagovailoa,
base,60,Teal Velocity,false,,Tua Tagovailoa,
base,60,Wave,false,,Tua Tagovailoa,
base,60,Aqua,false,,Tua Tagovailoa,
base,60,Printing Plate Black,false,,Tua Tagovailoa,
base,59,White Sparkle,false,,Mike Gesicki,
base,59,Black,false,,Mike Gesicki,
base,59,Black Pandora,false,,Mike Gesicki,
base,59,Blue,false,,Mike Gesicki,
base,59,Blue Hyper,false,,Mike Gesicki,
base,59,Blue Scope,false,,Mike Gesicki,
base,59,Bronze,false,,Mike Gesicki,
base,59,Fire,false,,Mike Gesicki,
base,59,Freedom,false,,Mike Gesicki,
base,59,Gold,false,,Mike Gesicki,
base,59,Gold Vinyl,false,,Mike Gesicki,
base,59,Green,false,,Mike Gesicki,
base,59,Green Velocity,false,,Mike Gesicki,
base,59,Holo,false,,Mike Gesicki,
base,59,Holo Variation,false,,Mike Gesicki,
base,59,Ice,false,,Mike Gesicki,
base,59,Lime Green,false,,Mike Gesicki,
base,59,One Hundred,false,,Mike Gesicki,
base,59,Orange,false,,Mike Gesicki,
base,59,Orange Scope,false,,Mike Gesicki,
base,59,Pink,false,,Mike Gesicki,
base,59,Pink Velocity,false,,Mike Gesicki,
base,59,Purple,false,,Mike Gesicki,
base,59,Purple Shock,false,,Mike Gesicki,
base,59,Purple Stars,false,,Mike Gesicki,
base,59,Purple Velocity,false,,Mike Gesicki,
base,59,Red,false,,Mike Gesicki,
base,59,Red Hyper,false,,Mike Gesicki,
base,59,Red Mojo,false,,Mike Gesicki,
base,59,Red Stars,false,,Mike Gesicki,
base,59,Rocket,false,,Mike Gesicki,
base,59,Silver Circles,false,,Mike Gesicki,
base,59,Stars,false,,Mike Gesicki,
base,59,Teal Velocity,false,,Mike Gesicki,
base,59,Wave,false,,Mike Gesicki,
base,59,Aqua,false,,Mike Gesicki,
base,59,Printing Plate Black,false,,Mike Gesicki,
auto-rated-rookies-rps-autographs,208,Gold Vinyl,true,,Jaylen Waddle,
auto-rated-rookies-rps-autographs,208,Red Hyper,true,,Jaylen Waddle,
auto-rated-rookies-rps-autographs,208,Red,true,,Jaylen Waddle,
auto-rated-rookies-rps-autographs,208,Purple Stars,true,,Jaylen Waddle,
auto-rated-rookies-rps-autographs,208,Purple,true,,Jaylen Waddle,
auto-rated-rookies-rps-autographs,208,Pink Velocity,true,,Jaylen Waddle,
auto-rated-rookies-rps-autographs,208,Holo,true,,Jaylen Waddle,
auto-rated-rookies-rps-autographs,208,Green,true,,Jaylen Waddle,
auto-rated-rookies-rps-autographs,208,Gold,true,,Jaylen Waddle,
auto-rated-rookies-rps-autographs,208,Bronze,true,,Jaylen Waddle,
auto-rated-rookies-rps-autographs,208,Blue,true,,Jaylen Waddle,
auto-rated-rookies-rps-autographs,208,Black Pandora,true,,Jaylen Waddle,
base,267,White Sparkle,false,,Jevon Holland,
base,267,Black,false,,Jevon Holland,
base,267,Black Pandora,false,,Jevon Holland,
base,267,Blue,false,,Jevon Holland,
base,267,Blue Hyper,false,,Jevon Holland,
base,267,Blue Scope,false,,Jevon Holland,
base,267,Bronze,false,,Jevon Holland,
base,267,Fire,false,,Jevon Holland,
base,267,Freedom,false,,Jevon Holland,
base,267,Gold,false,,Jevon Holland,
base,267,Gold Vinyl,false,,Jevon Holland,
base,267,Green,false,,Jevon Holland,
base,267,Green Velocity,false,,Jevon Holland,
base,267,Holo,false,,Jevon Holland,
base,267,Holo Variation,false,,Jevon Holland,
base,267,Ice,false,,Jevon Holland,
base,267,Lime Green,false,,Jevon Holland,
base,267,One Hundred,false,,Jevon Holland,
base,267,Orange,false,,Jevon Holland,
base,267,Orange Scope,false,,Jevon Holland,
base,267,Pink,false,,Jevon Holland,
base,267,Pink Velocity,false,,Jevon Holland,
base,267,Purple,false,,Jevon Holland,
base,267,Purple Shock,false,,Jevon Holland,
base,267,Purple Stars,false,,Jevon Holland,
base,267,Purple Velocity,false,,Jevon Holland,
base,267,Red,false,,Jevon Holland,
base,267,Red Hyper,false,,Jevon Holland,
base,267,Red Mojo,false,,Jevon Holland,
base,267,Red Stars,false,,Jevon Holland,
base,267,Rocket,false,,Jevon Holland,
base,267,Silver Circles,false,,Jevon Holland,
base,267,Stars,false,,Jevon Holland,
base,267,Teal Velocity,false,,Jevon Holland,
base,267,Wave,false,,Jevon Holland,
base,267,Aqua,false,,Jevon Holland,
base,267,Printing Plate Black,false,,Jevon Holland,
base,58,White Sparkle,false,,Will Fuller V,
base,58,Black,false,,Will Fuller V,
base,58,Black Pandora,false,,Will Fuller V,
base,58,Blue,false,,Will Fuller V,
base,58,Blue Hyper,false,,Will Fuller V,
base,58,Blue Scope,false,,Will Fuller V,
base,58,Bronze,false,,Will Fuller V,
base,58,Fire,false,,Will Fuller V,
base,58,Freedom,false,,Will Fuller V,
base,58,Gold,false,,Will Fuller V,
base,58,Gold Vinyl,false,,Will Fuller V,
base,58,Green,false,,Will Fuller V,
base,58,Green Velocity,false,,Will Fuller V,
base,58,Holo,false,,Will Fuller V,
base,58,Holo Variation,false,,Will Fuller V,
base,58,Ice,false,,Will Fuller V,
base,58,Lime Green,false,,Will Fuller V,
base,58,One Hundred,false,,Will Fuller V,
base,58,Orange,false,,Will Fuller V,
base,58,Orange Scope,false,,Will Fuller V,
base,58,Pink,false,,Will Fuller V,
base,58,Pink Velocity,false,,Will Fuller V,
base,58,Purple,false,,Will Fuller V,
base,58,Purple Shock,false,,Will Fuller V,
base,58,Purple Stars,false,,Will Fuller V,
base,58,Purple Velocity,false,,Will Fuller V,
base,58,Red,false,,Will Fuller V,
base,58,Red Hyper,false,,Will Fuller V,
base,58,Red Mojo,false,,Will Fuller V,
base,58,Red Stars,false,,Will Fuller V,
base,58,Rocket,false,,Will Fuller V,
base,58,Silver Circles,false,,Will Fuller V,
base,58,Stars,false,,Will Fuller V,
base,58,Teal Velocity,false,,Will Fuller V,
base,58,Wave,false,,Will Fuller V,
base,58,Aqua,false,,Will Fuller V,
base,58,Printing Plate Black,false,,Will Fuller V,
base,281,White Sparkle,false,,Hunter Long,
base,281,Black,false,,Hunter Long,
base,281,Black Pandora,false,,Hunter Long,
base,281,Blue,false,,Hunter Long,
base,281,Blue Hyper,false,,Hunter Long,
base,281,Blue Scope,false,,Hunter Long,
base,281,Bronze,false,,Hunter Long,
base,281,Fire,false,,Hunter Long,
base,281,Freedom,false,,Hunter Long,
base,281,Gold,false,,Hunter Long,
base,281,Gold Vinyl,false,,Hunter Long,
base,281,Green,false,,Hunter Long,
base,281,Green Velocity,false,,Hunter Long,
base,281,Holo,false,,Hunter Long,
base,281,Holo Variation,false,,Hunter Long,
base,281,Ice,false,,Hunter Long,
base,281,Lime Green,false,,Hunter Long,
base,281,One Hundred,false,,Hunter Long,
base,281,Orange,false,,Hunter Long,
base,281,Orange Scope,false,,Hunter Long,
base,281,Pink,false,,Hunter Long,
base,281,Pink Velocity,false,,Hunter Long,
base,281,Purple,false,,Hunter Long,
base,281,Purple Shock,false,,Hunter Long,
base,281,Purple Stars,false,,Hunter Long,
base,281,Purple Velocity,false,,Hunter Long,
base,281,Red,false,,Hunter Long,
base,281,Red Hyper,false,,Hunter Long,
base,281,Red Mojo,false,,Hunter Long,
base,281,Red Stars,false,,Hunter Long,
base,281,Rocket,false,,Hunter Long,
base,281,Silver Circles,false,,Hunter Long,
base,281,Stars,false,,Hunter Long,
base,281,Teal Velocity,false,,Hunter Long,
base,281,Wave,false,,Hunter Long,
base,281,Aqua,false,,Hunter Long,
base,281,Printing Plate Black,false,,Hunter Long,
insert-the-rookies,TR-8,Gold Vinyl,false,,Jaylen Waddle,
insert-the-rookies,TR-8,Purple Stars,false,,Jaylen Waddle,
insert-the-rookies,TR-8,Black Pandora,false,,Jaylen Waddle,
insert-the-rookies,TR-8,Gold,false,,Jaylen Waddle,
base,57,White Sparkle,false,,DeVante Parker,
base,57,Black,false,,DeVante Parker,
base,57,Black Pandora,false,,DeVante Parker,
base,57,Blue,false,,DeVante Parker,
base,57,Blue Hyper,false,,DeVante Parker,
base,57,Blue Scope,false,,DeVante Parker,
base,57,Bronze,false,,DeVante Parker,
base,57,Fire,false,,DeVante Parker,
base,57,Freedom,false,,DeVante Parker,
base,57,Gold,false,,DeVante Parker,
base,57,Gold Vinyl,false,,DeVante Parker,
base,57,Green,false,,DeVante Parker,
base,57,Green Velocity,false,,DeVante Parker,
base,57,Holo,false,,DeVante Parker,
base,57,Holo Variation,false,,DeVante Parker,
base,57,Ice,false,,DeVante Parker,
base,57,Lime Green,false,,DeVante Parker,
base,57,One Hundred,false,,DeVante Parker,
base,57,Orange,false,,DeVante Parker,
base,57,Orange Scope,false,,DeVante Parker,
base,57,Pink,false,,DeVante Parker,
base,57,Pink Velocity,false,,DeVante Parker,
base,57,Purple,false,,DeVante Parker,
base,57,Purple Shock,false,,DeVante Parker,
base,57,Purple Stars,false,,DeVante Parker,
base,57,Purple Velocity,false,,DeVante Parker,
base,57,Red,false,,DeVante Parker,
base,57,Red Hyper,false,,DeVante Parker,
base,57,Red Mojo,false,,DeVante Parker,
base,57,Red Stars,false,,DeVante Parker,
base,57,Rocket,false,,DeVante Parker,
base,57,Silver Circles,false,,DeVante Parker,
base,57,Stars,false,,DeVante Parker,
base,57,Teal Velocity,false,,DeVante Parker,
base,57,Wave,false,,DeVante Parker,
base,57,Aqua,false,,DeVante Parker,
base,57,Printing Plate Black,false,,DeVante Parker,
insert-downtown,DT-37,Gold Vinyl,false,,Jaylen Waddle,
insert-downtown,DT-37,Gold,false,,Jaylen Waddle,
insert-downtown,DT-37,Black Pandora,false,,Jaylen Waddle,
insert-downtown,DT-37,White Sparkle,false,,Jaylen Waddle,
insert-rookie-kings,RK-8,Gold,false,,Jaylen Waddle,
insert-rookie-kings,RK-8,Gold Vinyl,false,,Jaylen Waddle,
insert-rookie-kings,RK-8,White Sparkle,false,,Jaylen Waddle,
insert-rookie-kings,RK-8,Black Pandora,false,,Jaylen Waddle,
auto-rated-rookies-autographs,281,Holo,true,,Hunter Long,
auto-rated-rookies-autographs,281,Pink Velocity,true,,Hunter Long,
auto-rated-rookies-autographs,281,Black Pandora,true,,Hunter Long,
auto-rated-rookies-autographs,281,Blue,true,,Hunter Long,
auto-rated-rookies-autographs,281,Red Hyper,true,,Hunter Long,
auto-rated-rookies-autographs,281,Red,true,,Hunter Long,
auto-rated-rookies-autographs,281,Purple Stars,true,,Hunter Long,
auto-rated-rookies-autographs,281,Purple,true,,Hunter Long,
auto-rated-rookies-autographs,281,Bronze,true,,Hunter Long,
auto-rated-rookies-autographs,281,Gold,true,,Hunter Long,
auto-rated-rookies-autographs,281,Green,true,,Hunter Long,
auto-rated-rookies-autographs,281,Gold Vinyl,true,,Hunter Long,
auto-rated-rookies-autographs,254,Holo,true,,Jaelan Phillips,
auto-rated-rookies-autographs,254,Pink Velocity,true,,Jaelan Phillips,
auto-rated-rookies-autographs,254,Black Pandora,true,,Jaelan Phillips,
auto-rated-rookies-autographs,254,Blue,true,,Jaelan Phillips,
auto-rated-rookies-autographs,254,Red Hyper,true,,Jaelan Phillips,
auto-rated-rookies-autographs,254,Red,true,,Jaelan Phillips,
auto-rated-rookies-autographs,254,Purple Stars,true,,Jaelan Phillips,
auto-rated-rookies-autographs,254,Purple,true,,Jaelan Phillips,
auto-rated-rookies-autographs,254,Bronze,true,,Jaelan Phillips,
auto-rated-rookies-autographs,254,Gold,true,,Jaelan Phillips,
auto-rated-rookies-autographs,254,Green,true,,Jaelan Phillips,
auto-rated-rookies-autographs,254,Gold Vinyl,true,,Jaelan Phillips,
insert-white-hot-rookies,WHR-4,Black Pandora,false,,Jaylen Waddle,
insert-white-hot-rookies,WHR-4,Gold,false,,Jaylen Waddle,
insert-white-hot-rookies,WHR-4,Gold Vinyl,false,,Jaylen Waddle,
insert-white-hot-rookies,WHR-4,Purple Stars,false,,Jaylen Waddle,
auto-the-rookies-autographs,TR-8,Gold Vinyl,true,,Jaylen Waddle,
auto-the-rookies-autographs,TR-8,Purple Stars,true,,Jaylen Waddle,
auto-dynamic-patch-autographs,DPA-TT,Gold Vinyl,true,,Tua Tagovailoa,
auto-rookie-gridiron-kings-autographs,RGK-8,Gold Vinyl,true,,Jaylen Waddle,
auto-rookie-gridiron-kings-autographs,RGK-8,Purple Stars,true,,Jaylen Waddle,
insert-donruss-threads,TH-14,Red,false,,Tua Tagovailoa,
insert-donruss-threads,TH-14,Blue Hyper,false,,Tua Tagovailoa,
insert-donruss-threads,TH-14,Gold Vinyl,false,,Tua Tagovailoa,
insert-donruss-threads,TH-14,Prime,false,,Tua Tagovailoa,
insert-mythical,MY-5,White Sparkle,false,,Dan Marino,
insert-mythical,MY-5,Gold,false,,Dan Marino,
insert-mythical,MY-5,Black Pandora,false,,Dan Marino,
insert-mythical,MY-5,Gold Vinyl,false,,Dan Marino,
insert-downtown,DT-2,Gold Vinyl,false,,Dan Marino,
insert-downtown,DT-2,Gold,false,,Dan Marino,
insert-downtown,DT-2,Black Pandora,false,,Dan Marino,
insert-downtown,DT-2,White Sparkle,false,,Dan Marino,
insert-rookie-phenoms-horizontal,RPH-8,Blue Hyper,false,,Jaylen Waddle,
insert-rookie-phenoms-horizontal,RPH-8,Prime,false,,Jaylen Waddle,
insert-rookie-phenoms-horizontal,RPH-8,Red,false,,Jaylen Waddle,
insert-rookie-phenoms-horizontal,RPH-8,Gold Vinyl,false,,Jaylen Waddle,
auto-legendary-patch-autographs,LPA-DM,Gold Vinyl,true,,Dan Marino,
base,208,White Sparkle,false,,Jaylen Waddle,
base,208,Black,false,,Jaylen Waddle,
base,208,Black Pandora,false,,Jaylen Waddle,
base,208,Blue,false,,Jaylen Waddle,
base,208,Blue Hyper,false,,Jaylen Waddle,
base,208,Blue Scope,false,,Jaylen Waddle,
base,208,Bronze,false,,Jaylen Waddle,
base,208,Fire,false,,Jaylen Waddle,
base,208,Freedom,false,,Jaylen Waddle,
base,208,Gold,false,,Jaylen Waddle,
base,208,Gold Vinyl,false,,Jaylen Waddle,
base,208,Green,false,,Jaylen Waddle,
base,208,Green Velocity,false,,Jaylen Waddle,
base,208,Holo,false,,Jaylen Waddle,
base,208,Holo Variation,false,,Jaylen Waddle,
base,208,Ice,false,,Jaylen Waddle,
base,208,Lime Green,false,,Jaylen Waddle,
base,208,One Hundred,false,,Jaylen Waddle,
base,208,Orange,false,,Jaylen Waddle,
base,208,Orange Scope,false,,Jaylen Waddle,
base,208,Pink,false,,Jaylen Waddle,
base,208,Pink Velocity,false,,Jaylen Waddle,
base,208,Purple,false,,Jaylen Waddle,
base,208,Purple Shock,false,,Jaylen Waddle,
base,208,Purple Stars,false,,Jaylen Waddle,
base,208,Purple Velocity,false,,Jaylen Waddle,
base,208,Red,false,,Jaylen Waddle,
base,208,Red Hyper,false,,Jaylen Waddle,
base,208,Red Mojo,false,,Jaylen Waddle,
base,208,Red Stars,false,,Jaylen Waddle,
base,208,Rocket,false,,Jaylen Waddle,
base,208,Silver Circles,false,,Jaylen Waddle,
base,208,Stars,false,,Jaylen Waddle,
base,208,Teal Velocity,false,,Jaylen Waddle,
base,208,Wave,false,,Jaylen Waddle,
base,208,Aqua,false,,Jaylen Waddle,
base,208,Printing Plate Black,false,,Jaylen Waddle,
insert-gifted-rookies,GR-8,Gold Vinyl,false,,Jaylen Waddle,
insert-gifted-rookies,GR-8,Gold,false,,Jaylen Waddle,
insert-gifted-rookies,GR-8,Black Pandora,false,,Jaylen Waddle,
insert-gifted-rookies,GR-8,Purple Stars,false,,Jaylen Waddle,
auto-the-elite-series-rookies-autographs,ESR-8,Purple Stars,true,,Jaylen Waddle,
auto-the-elite-series-rookies-autographs,ESR-8,Gold Vinyl,true,,Jaylen Waddle,
insert-rookie-gridiron-kings,RGK-8,Gold,false,,Jaylen Waddle,
insert-rookie-gridiron-kings,RGK-8,Gold Vinyl,false,,Jaylen Waddle,
insert-rookie-gridiron-kings,RGK-8,Black Pandora,false,,Jaylen Waddle,
insert-rookie-gridiron-kings,RGK-8,Purple Stars,false,,Jaylen Waddle,
insert-retro-series,RS-DM,Gold,false,,Dan Marino,
insert-retro-series,RS-DM,Black Pandora,false,,Dan Marino,
insert-retro-series,RS-DM,Gold Vinyl,false,,Dan Marino,
insert-retro-series,RS-DM,Purple Stars,false,,Dan Marino,
insert-the-elite-series-rookies,ESR-8,Gold Vinyl,false,,Jaylen Waddle,
insert-the-elite-series-rookies,ESR-8,Purple Stars,false,,Jaylen Waddle,
insert-the-elite-series-rookies,ESR-8,Gold,false,,Jaylen Waddle,
insert-the-elite-series-rookies,ESR-8,Black Pandora,false,,Jaylen Waddle,
insert-rookie-phenoms,RP-33,Prime,false,,Kene Nwangwu,
insert-rookie-phenoms,RP-33,Blue Hyper,false,,Kene Nwangwu,
insert-rookie-phenoms,RP-33,Gold Vinyl,false,,Kene Nwangwu,
insert-rookie-phenoms,RP-33,Red,false,,Kene Nwangwu,
auto-rated-rookies-autographs,280,Holo,true,,Chazz Surratt,
auto-rated-rookies-autographs,280,Pink Velocity,true,,Chazz Surratt,
auto-rated-rookies-autographs,280,Black Pandora,true,,Chazz Surratt,
auto-rated-rookies-autographs,280,Blue,true,,Chazz Surratt,
auto-rated-rookies-autographs,280,Red Hyper,true,,Chazz Surratt,
auto-rated-rookies-autographs,280,Red,true,,Chazz Surratt,
auto-rated-rookies-autographs,280,Purple Stars,true,,Chazz Surratt,
auto-rated-rookies-autographs,280,Purple,true,,Chazz Surratt,
auto-rated-rookies-autographs,280,Bronze,true,,Chazz Surratt,
auto-rated-rookies-autographs,280,Gold,true,,Chazz Surratt,
auto-rated-rookies-autographs,280,Green,true,,Chazz Surratt,
auto-rated-rookies-autographs,280,Gold Vinyl,true,,Chazz Surratt,
insert-globall,GB-8,Purple Stars,false,,Danielle Hunter,
insert-globall,GB-8,Gold,false,,Danielle Hunter,
insert-globall,GB-8,Black Pandora,false,,Danielle Hunter,
insert-globall,GB-8,Gold Vinyl,false,,Danielle Hunter,
auto-rated-rookies-rps-autographs,221,Gold Vinyl,true,,Kellen Mond,
auto-rated-rookies-rps-autographs,221,Red Hyper,true,,Kellen Mond,
auto-rated-rookies-rps-autographs,221,Red,true,,Kellen Mond,
auto-rated-rookies-rps-autographs,221,Purple Stars,true,,Kellen Mond,
auto-rated-rookies-rps-autographs,221,Purple,true,,Kellen Mond,
auto-rated-rookies-rps-autographs,221,Pink Velocity,true,,Kellen Mond,
auto-rated-rookies-rps-autographs,221,Holo,true,,Kellen Mond,
auto-rated-rookies-rps-autographs,221,Green,true,,Kellen Mond,
auto-rated-rookies-rps-autographs,221,Gold,true,,Kellen Mond,
auto-rated-rookies-rps-autographs,221,Bronze,true,,Kellen Mond,
auto-rated-rookies-rps-autographs,221,Blue,true,,Kellen Mond,
auto-rated-rookies-rps-autographs,221,Black Pandora,true,,Kellen Mond,
auto-rated-rookies-rps-autographs,233,Gold Vinyl,true,,Kene Nwangwu,
auto-rated-rookies-rps-autographs,233,Red Hyper,true,,Kene Nwangwu,
auto-rated-rookies-rps-autographs,233,Red,true,,Kene Nwangwu,
auto-rated-rookies-rps-autographs,233,Purple Stars,true,,Kene Nwangwu,
auto-rated-rookies-rps-autographs,233,Purple,true,,Kene Nwangwu,
auto-rated-rookies-rps-autographs,233,Pink Velocity,true,,Kene Nwangwu,
auto-rated-rookies-rps-autographs,233,Holo,true,,Kene Nwangwu,
auto-rated-rookies-rps-autographs,233,Green,true,,Kene Nwangwu,
auto-rated-rookies-rps-autographs,233,Gold,true,,Kene Nwangwu,
auto-rated-rookies-rps-autographs,233,Bronze,true,,Kene Nwangwu,
auto-rated-rookies-rps-autographs,233,Blue,true,,Kene Nwangwu,
auto-rated-rookies-rps-autographs,233,Black Pandora,true,,Kene Nwangwu,
auto-rated-rookies-rps-autographs,241,Gold Vinyl,true,,Ihmir Smith-Marsette,
auto-rated-rookies-rps-autographs,241,Red Hyper,true,,Ihmir Smith-Marsette,
auto-rated-rookies-rps-autographs,241,Red,true,,Ihmir Smith-Marsette,
auto-rated-rookies-rps-autographs,241,Purple Stars,true,,Ihmir Smith-Marsette,
auto-rated-rookies-rps-autographs,241,Purple,true,,Ihmir Smith-Marsette,
auto-rated-rookies-rps-autographs,241,Pink Velocity,true,,Ihmir Smith-Marsette,
auto-rated-rookies-rps-autographs,241,Holo,true,,Ihmir Smith-Marsette,
auto-rated-rookies-rps-autographs,241,Green,true,,Ihmir Smith-Marsette,
auto-rated-rookies-rps-autographs,241,Gold,true,,Ihmir Smith-Marsette,
auto-rated-rookies-rps-autographs,241,Bronze,true,,Ihmir Smith-Marsette,
auto-rated-rookies-rps-autographs,241,Blue,true,,Ihmir Smith-Marsette,
auto-rated-rookies-rps-autographs,241,Black Pandora,true,,Ihmir Smith-Marsette,
insert-gifted-rookies,GR-19,Gold Vinyl,false,,Kellen Mond,
insert-gifted-rookies,GR-19,Gold,false,,Kellen Mond,
insert-gifted-rookies,GR-19,Black Pandora,false,,Kellen Mond,
insert-gifted-rookies,GR-19,Purple Stars,false,,Kellen Mond,
insert-red-hot-rookies,RHR-9,Black Pandora,false,,Kellen Mond,
insert-red-hot-rookies,RHR-9,Gold Vinyl,false,,Kellen Mond,
insert-red-hot-rookies,RHR-9,Purple Stars,false,,Kellen Mond,
insert-red-hot-rookies,RHR-9,Gold,false,,Kellen Mond,
insert-retro-series,RS-BF,Gold,false,,Brett Favre,
insert-retro-series,RS-BF,Black Pandora,false,,Brett Favre,
insert-retro-series,RS-BF,Gold Vinyl,false,,Brett Favre,
insert-retro-series,RS-BF,Purple Stars,false,,Brett Favre,
insert-retro-series,RS-JR,Gold,false,,John Randle,
insert-retro-series,RS-JR,Black Pandora,false,,John Randle,
insert-retro-series,RS-JR,Gold Vinyl,false,,John Randle,
insert-retro-series,RS-JR,Purple Stars,false,,John Randle,
insert-retro-series,RS-RM,Gold,false,,Randy Moss,
insert-retro-series,RS-RM,Black Pandora,false,,Randy Moss,
insert-retro-series,RS-RM,Gold Vinyl,false,,Randy Moss,
insert-retro-series,RS-RM,Purple Stars,false,,Randy Moss,
auto-dynamic-patch-autographs,DPA-FT,Gold Vinyl,true,,Fran Tarkenton,
insert-downtown,DT-16,Gold Vinyl,false,,Justin Jefferson,
insert-downtown,DT-16,Gold,false,,Justin Jefferson,
insert-downtown,DT-16,Black Pandora,false,,Justin Jefferson,
insert-downtown,DT-16,White Sparkle,false,,Justin Jefferson,
auto-rookie-dual-autographs,RDA-MM,Gold Vinyl,true,,Ihmir Smith-Marsette,
auto-rookie-dual-autographs,RDA-MM,Gold Vinyl,true,,Kellen Mond,
insert-rookie-kings,RK-17,Gold,false,,Kellen Mond,
insert-rookie-kings,RK-17,Gold Vinyl,false,,Kellen Mond,
insert-rookie-kings,RK-17,White Sparkle,false,,Kellen Mond,
insert-rookie-kings,RK-17,Black Pandora,false,,Kellen Mond,
base,280,White Sparkle,false,,Chazz Surratt,
base,280,Black,false,,Chazz Surratt,
base,280,Black Pandora,false,,Chazz Surratt,
base,280,Blue,false,,Chazz Surratt,
base,280,Blue Hyper,false,,Chazz Surratt,
base,280,Blue Scope,false,,Chazz Surratt,
base,280,Bronze,false,,Chazz Surratt,
base,280,Fire,false,,Chazz Surratt,
base,280,Freedom,false,,Chazz Surratt,
base,280,Gold,false,,Chazz Surratt,
base,280,Gold Vinyl,false,,Chazz Surratt,
base,280,Green,false,,Chazz Surratt,
base,280,Green Velocity,false,,Chazz Surratt,
base,280,Holo,false,,Chazz Surratt,
base,280,Holo Variation,false,,Chazz Surratt,
base,280,Ice,false,,Chazz Surratt,
base,280,Lime Green,false,,Chazz Surratt,
base,280,One Hundred,false,,Chazz Surratt,
base,280,Orange,false,,Chazz Surratt,
base,280,Orange Scope,false,,Chazz Surratt,
base,280,Pink,false,,Chazz Surratt,
base,280,Pink Velocity,false,,Chazz Surratt,
base,280,Purple,false,,Chazz Surratt,
base,280,Purple Shock,false,,Chazz Surratt,
base,280,Purple Stars,false,,Chazz Surratt,
base,280,Purple Velocity,false,,Chazz Surratt,
base,280,Red,false,,Chazz Surratt,
base,280,Red Hyper,false,,Chazz Surratt,
base,280,Red Mojo,false,,Chazz Surratt,
base,280,Red Stars,false,,Chazz Surratt,
base,280,Rocket,false,,Chazz Surratt,
base,280,Silver Circles,false,,Chazz Surratt,
base,280,Stars,false,,Chazz Surratt,
base,280,Teal Velocity,false,,Chazz Surratt,
base,280,Wave,false,,Chazz Surratt,
base,280,Aqua,false,,Chazz Surratt,
base,280,Printing Plate Black,false,,Chazz Surratt,
auto-rookie-patch-autographs,RPA-IS,Gold Vinyl,true,,Ihmir Smith-Marsette,
auto-rookie-patch-autographs,RPA-KM,Gold Vinyl,true,,Kellen Mond,
auto-rookie-patch-autographs,RPA-KN,Gold Vinyl,true,,Kene Nwangwu,
base,241,White Sparkle,false,,Ihmir Smith-Marsette,
base,241,Black,false,,Ihmir Smith-Marsette,
base,241,Black Pandora,false,,Ihmir Smith-Marsette,
base,241,Blue,false,,Ihmir Smith-Marsette,
base,241,Blue Hyper,false,,Ihmir Smith-Marsette,
base,241,Blue Scope,false,,Ihmir Smith-Marsette,
base,241,Bronze,false,,Ihmir Smith-Marsette,
base,241,Fire,false,,Ihmir Smith-Marsette,
base,241,Freedom,false,,Ihmir Smith-Marsette,
base,241,Gold,false,,Ihmir Smith-Marsette,
base,241,Gold Vinyl,false,,Ihmir Smith-Marsette,
base,241,Green,false,,Ihmir Smith-Marsette,
base,241,Green Velocity,false,,Ihmir Smith-Marsette,
base,241,Holo,false,,Ihmir Smith-Marsette,
base,241,Holo Variation,false,,Ihmir Smith-Marsette,
base,241,Ice,false,,Ihmir Smith-Marsette,
base,241,Lime Green,false,,Ihmir Smith-Marsette,
base,241,One Hundred,false,,Ihmir Smith-Marsette,
base,241,Orange,false,,Ihmir Smith-Marsette,
base,241,Orange Scope,false,,Ihmir Smith-Marsette,
base,241,Pink,false,,Ihmir Smith-Marsette,
base,241,Pink Velocity,false,,Ihmir Smith-Marsette,
base,241,Purple,false,,Ihmir Smith-Marsette,
base,241,Purple Shock,false,,Ihmir Smith-Marsette,
base,241,Purple Stars,false,,Ihmir Smith-Marsette,
base,241,Purple Velocity,false,,Ihmir Smith-Marsette,
base,241,Red,false,,Ihmir Smith-Marsette,
base,241,Red Hyper,false,,Ihmir Smith-Marsette,
base,241,Red Mojo,false,,Ihmir Smith-Marsette,
base,241,Red Stars,false,,Ihmir Smith-Marsette,
base,241,Rocket,false,,Ihmir Smith-Marsette,
base,241,Silver Circles,false,,Ihmir Smith-Marsette,
base,241,Stars,false,,Ihmir Smith-Marsette,
base,241,Teal Velocity,false,,Ihmir Smith-Marsette,
base,241,Wave,false,,Ihmir Smith-Marsette,
base,241,Aqua,false,,Ihmir Smith-Marsette,
base,241,Printing Plate Black,false,,Ihmir Smith-Marsette,
base,233,White Sparkle,false,,Kene Nwangwu,
base,233,Black,false,,Kene Nwangwu,
base,233,Black Pandora,false,,Kene Nwangwu,
base,233,Blue,false,,Kene Nwangwu,
base,233,Blue Hyper,false,,Kene Nwangwu,
base,233,Blue Scope,false,,Kene Nwangwu,
base,233,Bronze,false,,Kene Nwangwu,
base,233,Fire,false,,Kene Nwangwu,
base,233,Freedom,false,,Kene Nwangwu,
base,233,Gold,false,,Kene Nwangwu,
base,233,Gold Vinyl,false,,Kene Nwangwu,
base,233,Green,false,,Kene Nwangwu,
base,233,Green Velocity,false,,Kene Nwangwu,
base,233,Holo,false,,Kene Nwangwu,
base,233,Holo Variation,false,,Kene Nwangwu,
base,233,Ice,false,,Kene Nwangwu,
base,233,Lime Green,false,,Kene Nwangwu,
base,233,One Hundred,false,,Kene Nwangwu,
base,233,Orange,false,,Kene Nwangwu,
base,233,Orange Scope,false,,Kene Nwangwu,
base,233,Pink,false,,Kene Nwangwu,
base,233,Pink Velocity,false,,Kene Nwangwu,
base,233,Purple,false,,Kene Nwangwu,
base,233,Purple Shock,false,,Kene Nwangwu,
base,233,Purple Stars,false,,Kene Nwangwu,
base,233,Purple Velocity,false,,Kene Nwangwu,
base,233,Red,false,,Kene Nwangwu,
base,233,Red Hyper,false,,Kene Nwangwu,
base,233,Red Mojo,false,,Kene Nwangwu,
base,233,Red Stars,false,,Kene Nwangwu,
base,233,Rocket,false,,Kene Nwangwu,
base,233,Silver Circles,false,,Kene Nwangwu,
base,233,Stars,false,,Kene Nwangwu,
base,233,Teal Velocity,false,,Kene Nwangwu,
base,233,Wave,false,,Kene Nwangwu,
base,233,Aqua,false,,Kene Nwangwu,
base,233,Printing Plate Black,false,,Kene Nwangwu,
insert-rookie-phenoms,RP-21,Prime,false,,Kellen Mond,
insert-rookie-phenoms,RP-21,Blue Hyper,false,,Kellen Mond,
insert-rookie-phenoms,RP-21,Gold Vinyl,false,,Kellen Mond,
insert-rookie-phenoms,RP-21,Red,false,,Kellen Mond,
base,221,White Sparkle,false,,Kellen Mond,
base,221,Black,false,,Kellen Mond,
base,221,Black Pandora,false,,Kellen Mond,
base,221,Blue,false,,Kellen Mond,
base,221,Blue Hyper,false,,Kellen Mond,
base,221,Blue Scope,false,,Kellen Mond,
base,221,Bronze,false,,Kellen Mond,
base,221,Fire,false,,Kellen Mond,
base,221,Freedom,false,,Kellen Mond,
base,221,Gold,false,,Kellen Mond,
base,221,Gold Vinyl,false,,Kellen Mond,
base,221,Green,false,,Kellen Mond,
base,221,Green Velocity,false,,Kellen Mond,
base,221,Holo,false,,Kellen Mond,
base,221,Holo Variation,false,,Kellen Mond,
base,221,Ice,false,,Kellen Mond,
base,221,Lime Green,false,,Kellen Mond,
base,221,One Hundred,false,,Kellen Mond,
base,221,Orange,false,,Kellen Mond,
base,221,Orange Scope,false,,Kellen Mond,
base,221,Pink,false,,Kellen Mond,
base,221,Pink Velocity,false,,Kellen Mond,
base,221,Purple,false,,Kellen Mond,
base,221,Purple Shock,false,,Kellen Mond,
base,221,Purple Stars,false,,Kellen Mond,
base,221,Purple Velocity,false,,Kellen Mond,
base,221,Red,false,,Kellen Mond,
base,221,Red Hyper,false,,Kellen Mond,
base,221,Red Mojo,false,,Kellen Mond,
base,221,Red Stars,false,,Kellen Mond,
base,221,Rocket,false,,Kellen Mond,
base,221,Silver Circles,false,,Kellen Mond,
base,221,Stars,false,,Kellen Mond,
base,221,Teal Velocity,false,,Kellen Mond,
base,221,Wave,false,,Kellen Mond,
base,221,Aqua,false,,Kellen Mond,
base,221,Printing Plate Black,false,,Kellen Mond,
insert-rookie-phenoms,RP-41,Prime,false,,Ihmir Smith-Marsette,
insert-rookie-phenoms,RP-41,Blue Hyper,false,,Ihmir Smith-Marsette,
insert-rookie-phenoms,RP-41,Gold Vinyl,false,,Ihmir Smith-Marsette,
insert-rookie-phenoms,RP-41,Red,false,,Ihmir Smith-Marsette,
insert-rookie-phenoms-horizontal,RPH-21,Blue Hyper,false,,Kellen Mond,
insert-rookie-phenoms-horizontal,RPH-21,Prime,false,,Kellen Mond,
insert-rookie-phenoms-horizontal,RPH-21,Red,false,,Kellen Mond,
insert-rookie-phenoms-horizontal,RPH-21,Gold Vinyl,false,,Kellen Mond,
insert-rookie-phenoms-horizontal,RPH-33,Blue Hyper,false,,Kene Nwangwu,
insert-rookie-phenoms-horizontal,RPH-33,Prime,false,,Kene Nwangwu,
insert-rookie-phenoms-horizontal,RPH-33,Red,false,,Kene Nwangwu,
insert-rookie-phenoms-horizontal,RPH-33,Gold Vinyl,false,,Kene Nwangwu,
insert-rookie-phenoms-horizontal,RPH-41,Blue Hyper,false,,Ihmir Smith-Marsette,
insert-rookie-phenoms-horizontal,RPH-41,Prime,false,,Ihmir Smith-Marsette,
insert-rookie-phenoms-horizontal,RPH-41,Red,false,,Ihmir Smith-Marsette,
insert-rookie-phenoms-horizontal,RPH-41,Gold Vinyl,false,,Ihmir Smith-Marsette,
base,100,White Sparkle,false,,Randy Moss,
base,100,Black,false,,Randy Moss,
base,100,Black Pandora,false,,Randy Moss,
base,100,Blue,false,,Randy Moss,
base,100,Blue Hyper,false,,Randy Moss,
base,100,Blue Scope,false,,Randy Moss,
base,100,Bronze,false,,Randy Moss,
base,100,Fire,false,,Randy Moss,
base,100,Freedom,false,,Randy Moss,
base,100,Gold,false,,Randy Moss,
base,100,Gold Vinyl,false,,Randy Moss,
base,100,Green,false,,Randy Moss,
base,100,Green Velocity,false,,Randy Moss,
base,100,Holo,false,,Randy Moss,
base,100,Holo Variation,false,,Randy Moss,
base,100,Ice,false,,Randy Moss,
base,100,Lime Green,false,,Randy Moss,
base,100,One Hundred,false,,Randy Moss,
base,100,Orange,false,,Randy Moss,
base,100,Orange Scope,false,,Randy Moss,
base,100,Pink,false,,Randy Moss,
base,100,Pink Velocity,false,,Randy Moss,
base,100,Purple,false,,Randy Moss,
base,100,Purple Shock,false,,Randy Moss,
base,100,Purple Stars,false,,Randy Moss,
base,100,Purple Velocity,false,,Randy Moss,
base,100,Red,false,,Randy Moss,
base,100,Red Hyper,false,,Randy Moss,
base,100,Red Mojo,false,,Randy Moss,
base,100,Red Stars,false,,Randy Moss,
base,100,Rocket,false,,Randy Moss,
base,100,Silver Circles,false,,Randy Moss,
base,100,Stars,false,,Randy Moss,
base,100,Teal Velocity,false,,Randy Moss,
base,100,Wave,false,,Randy Moss,
base,100,Aqua,false,,Randy Moss,
base,100,Printing Plate Black,false,,Randy Moss,
base,99,White Sparkle,false,,Danielle Hunter,
base,99,Black,false,,Danielle Hunter,
base,99,Black Pandora,false,,Danielle Hunter,
base,99,Blue,false,,Danielle Hunter,
base,99,Blue Hyper,false,,Danielle Hunter,
base,99,Blue Scope,false,,Danielle Hunter,
base,99,Bronze,false,,Danielle Hunter,
base,99,Fire,false,,Danielle Hunter,
base,99,Freedom,false,,Danielle Hunter,
base,99,Gold,false,,Danielle Hunter,
base,99,Gold Vinyl,false,,Danielle Hunter,
base,99,Green,false,,Danielle Hunter,
base,99,Green Velocity,false,,Danielle Hunter,
base,99,Holo,false,,Danielle Hunter,
base,99,Holo Variation,false,,Danielle Hunter,
base,99,Ice,false,,Danielle Hunter,
base,99,Lime Green,false,,Danielle Hunter,
base,99,One Hundred,false,,Danielle Hunter,
base,99,Orange,false,,Danielle Hunter,
base,99,Orange Scope,false,,Danielle Hunter,
base,99,Pink,false,,Danielle Hunter,
base,99,Pink Velocity,false,,Danielle Hunter,
base,99,Purple,false,,Danielle Hunter,
base,99,Purple Shock,false,,Danielle Hunter,
base,99,Purple Stars,false,,Danielle Hunter,
base,99,Purple Velocity,false,,Danielle Hunter,
base,99,Red,false,,Danielle Hunter,
base,99,Red Hyper,false,,Danielle Hunter,
base,99,Red Mojo,false,,Danielle Hunter,
base,99,Red Stars,false,,Danielle Hunter,
base,99,Rocket,false,,Danielle Hunter,
base,99,Silver Circles,false,,Danielle Hunter,
base,99,Stars,false,,Danielle Hunter,
base,99,Teal Velocity,false,,Danielle Hunter,
base,99,Wave,false,,Danielle Hunter,
base,99,Aqua,false,,Danielle Hunter,
base,99,Printing Plate Black,false,,Danielle Hunter,
base,98,White Sparkle,false,,Dalvin Cook,
base,98,Black,false,,Dalvin Cook,
base,98,Black Pandora,false,,Dalvin Cook,
base,98,Blue,false,,Dalvin Cook,
base,98,Blue Hyper,false,,Dalvin Cook,
base,98,Blue Scope,false,,Dalvin Cook,
base,98,Bronze,false,,Dalvin Cook,
base,98,Fire,false,,Dalvin Cook,
base,98,Freedom,false,,Dalvin Cook,
base,98,Gold,false,,Dalvin Cook,
base,98,Gold Vinyl,false,,Dalvin Cook,
base,98,Green,false,,Dalvin Cook,
base,98,Green Velocity,false,,Dalvin Cook,
base,98,Holo,false,,Dalvin Cook,
base,98,Holo Variation,false,,Dalvin Cook,
base,98,Ice,false,,Dalvin Cook,
base,98,Lime Green,false,,Dalvin Cook,
base,98,One Hundred,false,,Dalvin Cook,
base,98,Orange,false,,Dalvin Cook,
base,98,Orange Scope,false,,Dalvin Cook,
base,98,Pink,false,,Dalvin Cook,
base,98,Pink Velocity,false,,Dalvin Cook,
base,98,Purple,false,,Dalvin Cook,
base,98,Purple Shock,false,,Dalvin Cook,
base,98,Purple Stars,false,,Dalvin Cook,
base,98,Purple Velocity,false,,Dalvin Cook,
base,98,Red,false,,Dalvin Cook,
base,98,Red Hyper,false,,Dalvin Cook,
base,98,Red Mojo,false,,Dalvin Cook,
base,98,Red Stars,false,,Dalvin Cook,
base,98,Rocket,false,,Dalvin Cook,
base,98,Silver Circles,false,,Dalvin Cook,
base,98,Stars,false,,Dalvin Cook,
base,98,Teal Velocity,false,,Dalvin Cook,
base,98,Wave,false,,Dalvin Cook,
base,98,Aqua,false,,Dalvin Cook,
base,98,Printing Plate Black,false,,Dalvin Cook,
base,97,White Sparkle,false,,Kirk Cousins,
base,97,Black,false,,Kirk Cousins,
base,97,Black Pandora,false,,Kirk Cousins,
base,97,Blue,false,,Kirk Cousins,
base,97,Blue Hyper,false,,Kirk Cousins,
base,97,Blue Scope,false,,Kirk Cousins,
base,97,Bronze,false,,Kirk Cousins,
base,97,Fire,false,,Kirk Cousins,
base,97,Freedom,false,,Kirk Cousins,
base,97,Gold,false,,Kirk Cousins,
base,97,Gold Vinyl,false,,Kirk Cousins,
base,97,Green,false,,Kirk Cousins,
base,97,Green Velocity,false,,Kirk Cousins,
base,97,Holo,false,,Kirk Cousins,
base,97,Holo Variation,false,,Kirk Cousins,
base,97,Ice,false,,Kirk Cousins,
base,97,Lime Green,false,,Kirk Cousins,
base,97,One Hundred,false,,Kirk Cousins,
base,97,Orange,false,,Kirk Cousins,
base,97,Orange Scope,false,,Kirk Cousins,
base,97,Pink,false,,Kirk Cousins,
base,97,Pink Velocity,false,,Kirk Cousins,
base,97,Purple,false,,Kirk Cousins,
base,97,Purple Shock,false,,Kirk Cousins,
base,97,Purple Stars,false,,Kirk Cousins,
base,97,Purple Velocity,false,,Kirk Cousins,
base,97,Red,false,,Kirk Cousins,
base,97,Red Hyper,false,,Kirk Cousins,
base,97,Red Mojo,false,,Kirk Cousins,
base,97,Red Stars,false,,Kirk Cousins,
base,97,Rocket,false,,Kirk Cousins,
base,97,Silver Circles,false,,Kirk Cousins,
base,97,Stars,false,,Kirk Cousins,
base,97,Teal Velocity,false,,Kirk Cousins,
base,97,Wave,false,,Kirk Cousins,
base,97,Aqua,false,,Kirk Cousins,
base,97,Printing Plate Black,false,,Kirk Cousins,
base,96,White Sparkle,false,,Irv Smith Jr.,
base,96,Black,false,,Irv Smith Jr.,
base,96,Black Pandora,false,,Irv Smith Jr.,
base,96,Blue,false,,Irv Smith Jr.,
base,96,Blue Hyper,false,,Irv Smith Jr.,
base,96,Blue Scope,false,,Irv Smith Jr.,
base,96,Bronze,false,,Irv Smith Jr.,
base,96,Fire,false,,Irv Smith Jr.,
base,96,Freedom,false,,Irv Smith Jr.,
base,96,Gold,false,,Irv Smith Jr.,
base,96,Gold Vinyl,false,,Irv Smith Jr.,
base,96,Green,false,,Irv Smith Jr.,
base,96,Green Velocity,false,,Irv Smith Jr.,
base,96,Holo,false,,Irv Smith Jr.,
base,96,Holo Variation,false,,Irv Smith Jr.,
base,96,Ice,false,,Irv Smith Jr.,
base,96,Lime Green,false,,Irv Smith Jr.,
base,96,One Hundred,false,,Irv Smith Jr.,
base,96,Orange,false,,Irv Smith Jr.,
base,96,Orange Scope,false,,Irv Smith Jr.,
base,96,Pink,false,,Irv Smith Jr.,
base,96,Pink Velocity,false,,Irv Smith Jr.,
base,96,Purple,false,,Irv Smith Jr.,
base,96,Purple Shock,false,,Irv Smith Jr.,
base,96,Purple Stars,false,,Irv Smith Jr.,
base,96,Purple Velocity,false,,Irv Smith Jr.,
base,96,Red,false,,Irv Smith Jr.,
base,96,Red Hyper,false,,Irv Smith Jr.,
base,96,Red Mojo,false,,Irv Smith Jr.,
base,96,Red Stars,false,,Irv Smith Jr.,
base,96,Rocket,false,,Irv Smith Jr.,
base,96,Silver Circles,false,,Irv Smith Jr.,
base,96,Stars,false,,Irv Smith Jr.,
base,96,Teal Velocity,false,,Irv Smith Jr.,
base,96,Wave,false,,Irv Smith Jr.,
base,96,Aqua,false,,Irv Smith Jr.,
base,96,Printing Plate Black,false,,Irv Smith Jr.,
base,95,White Sparkle,false,,Justin Jefferson,
base,95,Black,false,,Justin Jefferson,
base,95,Black Pandora,false,,Justin Jefferson,
base,95,Blue,false,,Justin Jefferson,
base,95,Blue Hyper,false,,Justin Jefferson,
base,95,Blue Scope,false,,Justin Jefferson,
base,95,Bronze,false,,Justin Jefferson,
base,95,Fire,false,,Justin Jefferson,
base,95,Freedom,false,,Justin Jefferson,
base,95,Gold,false,,Justin Jefferson,
base,95,Gold Vinyl,false,,Justin Jefferson,
base,95,Green,false,,Justin Jefferson,
base,95,Green Velocity,false,,Justin Jefferson,
base,95,Holo,false,,Justin Jefferson,
base,95,Holo Variation,false,,Justin Jefferson,
base,95,Ice,false,,Justin Jefferson,
base,95,Lime Green,false,,Justin Jefferson,
base,95,One Hundred,false,,Justin Jefferson,
base,95,Orange,false,,Justin Jefferson,
base,95,Orange Scope,false,,Justin Jefferson,
base,95,Pink,false,,Justin Jefferson,
base,95,Pink Velocity,false,,Justin Jefferson,
base,95,Purple,false,,Justin Jefferson,
base,95,Purple Shock,false,,Justin Jefferson,
base,95,Purple Stars,false,,Justin Jefferson,
base,95,Purple Velocity,false,,Justin Jefferson,
base,95,Red,false,,Justin Jefferson,
base,95,Red Hyper,false,,Justin Jefferson,
base,95,Red Mojo,false,,Justin Jefferson,
base,95,Red Stars,false,,Justin Jefferson,
base,95,Rocket,false,,Justin Jefferson,
base,95,Silver Circles,false,,Justin Jefferson,
base,95,Stars,false,,Justin Jefferson,
base,95,Teal Velocity,false,,Justin Jefferson,
base,95,Wave,false,,Justin Jefferson,
base,95,Aqua,false,,Justin Jefferson,
base,95,Printing Plate Black,false,,Justin Jefferson,
base,94,White Sparkle,false,,Adam Thielen,
base,94,Black,false,,Adam Thielen,
base,94,Black Pandora,false,,Adam Thielen,
base,94,Blue,false,,Adam Thielen,
base,94,Blue Hyper,false,,Adam Thielen,
base,94,Blue Scope,false,,Adam Thielen,
base,94,Bronze,false,,Adam Thielen,
base,94,Fire,false,,Adam Thielen,
base,94,Freedom,false,,Adam Thielen,
base,94,Gold,false,,Adam Thielen,
base,94,Gold Vinyl,false,,Adam Thielen,
base,94,Green,false,,Adam Thielen,
base,94,Green Velocity,false,,Adam Thielen,
base,94,Holo,false,,Adam Thielen,
base,94,Holo Variation,false,,Adam Thielen,
base,94,Ice,false,,Adam Thielen,
base,94,Lime Green,false,,Adam Thielen,
base,94,One Hundred,false,,Adam Thielen,
base,94,Orange,false,,Adam Thielen,
base,94,Orange Scope,false,,Adam Thielen,
base,94,Pink,false,,Adam Thielen,
base,94,Pink Velocity,false,,Adam Thielen,
base,94,Purple,false,,Adam Thielen,
base,94,Purple Shock,false,,Adam Thielen,
base,94,Purple Stars,false,,Adam Thielen,
base,94,Purple Velocity,false,,Adam Thielen,
base,94,Red,false,,Adam Thielen,
base,94,Red Hyper,false,,Adam Thielen,
base,94,Red Mojo,false,,Adam Thielen,
base,94,Red Stars,false,,Adam Thielen,
base,94,Rocket,false,,Adam Thielen,
base,94,Silver Circles,false,,Adam Thielen,
base,94,Stars,false,,Adam Thielen,
base,94,Teal Velocity,false,,Adam Thielen,
base,94,Wave,false,,Adam Thielen,
base,94,Aqua,false,,Adam Thielen,
base,94,Printing Plate Black,false,,Adam Thielen,
insert-the-rookies,TR-15,Gold Vinyl,false,,Kellen Mond,
insert-the-rookies,TR-15,Purple Stars,false,,Kellen Mond,
insert-the-rookies,TR-15,Black Pandora,false,,Kellen Mond,
insert-the-rookies,TR-15,Gold,false,,Kellen Mond,
auto-the-rookies-autographs,TR-15,Gold Vinyl,true,,Kellen Mond,
auto-the-rookies-autographs,TR-15,Purple Stars,true,,Kellen Mond,
insert-mythical,MY-19,White Sparkle,false,,Randy Moss,
insert-mythical,MY-19,Gold,false,,Randy Moss,
insert-mythical,MY-19,Black Pandora,false,,Randy Moss,
insert-mythical,MY-19,Gold Vinyl,false,,Randy Moss,
insert-mythical,MY-12,White Sparkle,false,,Dalvin Cook,
insert-mythical,MY-12,Gold,false,,Dalvin Cook,
insert-mythical,MY-12,Black Pandora,false,,Dalvin Cook,
insert-mythical,MY-12,Gold Vinyl,false,,Dalvin Cook,
auto-rookie-gridiron-kings-autographs,RGK-6,Gold Vinyl,true,,Mac Jones,
auto-rookie-gridiron-kings-autographs,RGK-6,Purple Stars,true,,Mac Jones,
insert-rookie-gridiron-kings,RGK-20,Gold,false,,Rhamondre Stevenson,
insert-rookie-gridiron-kings,RGK-20,Gold Vinyl,false,,Rhamondre Stevenson,
insert-rookie-gridiron-kings,RGK-20,Black Pandora,false,,Rhamondre Stevenson,
insert-rookie-gridiron-kings,RGK-20,Purple Stars,false,,Rhamondre Stevenson,
insert-downtown,DT-3,Gold Vinyl,false,,Randy Moss,
insert-downtown,DT-3,Gold,false,,Randy Moss,
insert-downtown,DT-3,Black Pandora,false,,Randy Moss,
insert-downtown,DT-3,White Sparkle,false,,Randy Moss,
insert-rookie-gridiron-kings,RGK-6,Gold,false,,Mac Jones,
insert-rookie-gridiron-kings,RGK-6,Gold Vinyl,false,,Mac Jones,
insert-rookie-gridiron-kings,RGK-6,Black Pandora,false,,Mac Jones,
insert-rookie-gridiron-kings,RGK-6,Purple Stars,false,,Mac Jones,
auto-rated-rookies-autographs,268,Holo,true,,Christian Barmore,
auto-rated-rookies-autographs,268,Pink Velocity,true,,Christian Barmore,
auto-rated-rookies-autographs,268,Black Pandora,true,,Christian Barmore,
auto-rated-rookies-autographs,268,Blue,true,,Christian Barmore,
auto-rated-rookies-autographs,268,Red Hyper,true,,Christian Barmore,
auto-rated-rookies-autographs,268,Red,true,,Christian Barmore,
auto-rated-rookies-autographs,268,Purple Stars,true,,Christian Barmore,
auto-rated-rookies-autographs,268,Purple,true,,Christian Barmore,
auto-rated-rookies-autographs,268,Bronze,true,,Christian Barmore,
auto-rated-rookies-autographs,268,Gold,true,,Christian Barmore,
auto-rated-rookies-autographs,268,Green,true,,Christian Barmore,
auto-rated-rookies-autographs,268,Gold Vinyl,true,,Christian Barmore,
auto-rookie-dual-autographs,RDA-JS,Gold Vinyl,true,,"Rhamondre Stevenson AU, SN10, EXCH",
insert-mythical,MY-25,White Sparkle,false,,Mac Jones,
insert-mythical,MY-25,Gold,false,,Mac Jones,
insert-mythical,MY-25,Black Pandora,false,,Mac Jones,
insert-mythical,MY-25,Gold Vinyl,false,,Mac Jones,
auto-rookie-dual-autographs,RDA-JS,Gold Vinyl,true,,Mac Jones,
auto-the-rookies-autographs,TR-19,Gold Vinyl,true,,Rhamondre Stevenson,
auto-the-rookies-autographs,TR-19,Purple Stars,true,,Rhamondre Stevenson,
insert-legendary-logos,LL-14,Gold Vinyl,false,,Mac Jones,
insert-legendary-logos,LL-14,Gold,false,,Mac Jones,
insert-legendary-logos,LL-14,Black Pandora,false,,Mac Jones,
insert-legendary-logos,LL-14,Purple Stars,false,,Mac Jones,
insert-gifted-rookies,GR-6,Gold Vinyl,false,,Mac Jones,
insert-gifted-rookies,GR-6,Gold,false,,Mac Jones,
insert-gifted-rookies,GR-6,Black Pandora,false,,Mac Jones,
insert-gifted-rookies,GR-6,Purple Stars,false,,Mac Jones,
base,69,White Sparkle,false,,Drew Bledsoe,
base,69,Black,false,,Drew Bledsoe,
base,69,Black Pandora,false,,Drew Bledsoe,
base,69,Blue,false,,Drew Bledsoe,
base,69,Blue Hyper,false,,Drew Bledsoe,
base,69,Blue Scope,false,,Drew Bledsoe,
base,69,Bronze,false,,Drew Bledsoe,
base,69,Fire,false,,Drew Bledsoe,
base,69,Freedom,false,,Drew Bledsoe,
base,69,Gold,false,,Drew Bledsoe,
base,69,Gold Vinyl,false,,Drew Bledsoe,
base,69,Green,false,,Drew Bledsoe,
base,69,Green Velocity,false,,Drew Bledsoe,
base,69,Holo,false,,Drew Bledsoe,
base,69,Holo Variation,false,,Drew Bledsoe,
base,69,Ice,false,,Drew Bledsoe,
base,69,Lime Green,false,,Drew Bledsoe,
base,69,One Hundred,false,,Drew Bledsoe,
base,69,Orange,false,,Drew Bledsoe,
base,69,Orange Scope,false,,Drew Bledsoe,
base,69,Pink,false,,Drew Bledsoe,
base,69,Pink Velocity,false,,Drew Bledsoe,
base,69,Purple,false,,Drew Bledsoe,
base,69,Purple Shock,false,,Drew Bledsoe,
base,69,Purple Stars,false,,Drew Bledsoe,
base,69,Purple Velocity,false,,Drew Bledsoe,
base,69,Red,false,,Drew Bledsoe,
base,69,Red Hyper,false,,Drew Bledsoe,
base,69,Red Mojo,false,,Drew Bledsoe,
base,69,Red Stars,false,,Drew Bledsoe,
base,69,Rocket,false,,Drew Bledsoe,
base,69,Silver Circles,false,,Drew Bledsoe,
base,69,Stars,false,,Drew Bledsoe,
base,69,Teal Velocity,false,,Drew Bledsoe,
base,69,Wave,false,,Drew Bledsoe,
base,69,Aqua,false,,Drew Bledsoe,
base,69,Printing Plate Black,false,,Drew Bledsoe,
insert-white-hot-rookies,WHR-3,Black Pandora,false,,Mac Jones,
insert-white-hot-rookies,WHR-3,Gold,false,,Mac Jones,
insert-white-hot-rookies,WHR-3,Gold Vinyl,false,,Mac Jones,
insert-white-hot-rookies,WHR-3,Purple Stars,false,,Mac Jones,
base,68,White Sparkle,false,,James White,
base,68,Black,false,,James White,
base,68,Black Pandora,false,,James White,
base,68,Blue,false,,James White,
base,68,Blue Hyper,false,,James White,
base,68,Blue Scope,false,,James White,
base,68,Bronze,false,,James White,
base,68,Fire,false,,James White,
base,68,Freedom,false,,James White,
base,68,Gold,false,,James White,
base,68,Gold Vinyl,false,,James White,
base,68,Green,false,,James White,
base,68,Green Velocity,false,,James White,
base,68,Holo,false,,James White,
base,68,Holo Variation,false,,James White,
base,68,Ice,false,,James White,
base,68,Lime Green,false,,James White,
base,68,One Hundred,false,,James White,
base,68,Orange,false,,James White,
base,68,Orange Scope,false,,James White,
base,68,Pink,false,,James White,
base,68,Pink Velocity,false,,James White,
base,68,Purple,false,,James White,
base,68,Purple Shock,false,,James White,
base,68,Purple Stars,false,,James White,
base,68,Purple Velocity,false,,James White,
base,68,Red,false,,James White,
base,68,Red Hyper,false,,James White,
base,68,Red Mojo,false,,James White,
base,68,Red Stars,false,,James White,
base,68,Rocket,false,,James White,
base,68,Silver Circles,false,,James White,
base,68,Stars,false,,James White,
base,68,Teal Velocity,false,,James White,
base,68,Wave,false,,James White,
base,68,Aqua,false,,James White,
base,68,Printing Plate Black,false,,James White,
auto-dynamic-patch-autographs,DPA-RG,Gold Vinyl,true,,Rob Gronkowski,
auto-rated-rookies-rps-autographs,237,Gold Vinyl,true,,Rhamondre Stevenson,
auto-rated-rookies-rps-autographs,237,Red Hyper,true,,Rhamondre Stevenson,
auto-rated-rookies-rps-autographs,237,Red,true,,Rhamondre Stevenson,
auto-rated-rookies-rps-autographs,237,Purple Stars,true,,Rhamondre Stevenson,
auto-rated-rookies-rps-autographs,237,Purple,true,,Rhamondre Stevenson,
auto-rated-rookies-rps-autographs,237,Pink Velocity,true,,Rhamondre Stevenson,
auto-rated-rookies-rps-autographs,237,Holo,true,,Rhamondre Stevenson,
auto-rated-rookies-rps-autographs,237,Green,true,,Rhamondre Stevenson,
auto-rated-rookies-rps-autographs,237,Gold,true,,Rhamondre Stevenson,
auto-rated-rookies-rps-autographs,237,Bronze,true,,Rhamondre Stevenson,
auto-rated-rookies-rps-autographs,237,Blue,true,,Rhamondre Stevenson,
auto-rated-rookies-rps-autographs,237,Black Pandora,true,,Rhamondre Stevenson,
auto-the-elite-series-rookies-autographs,ESR-6,Purple Stars,true,,Mac Jones,
auto-the-elite-series-rookies-autographs,ESR-6,Gold Vinyl,true,,Mac Jones,
insert-rookie-phenoms,RP-6,Prime,false,,Mac Jones,
insert-rookie-phenoms,RP-6,Blue Hyper,false,,Mac Jones,
insert-rookie-phenoms,RP-6,Gold Vinyl,false,,Mac Jones,
insert-rookie-phenoms,RP-6,Red,false,,Mac Jones,
base,67,White Sparkle,false,,Damien Harris,
base,67,Black,false,,Damien Harris,
base,67,Black Pandora,false,,Damien Harris,
base,67,Blue,false,,Damien Harris,
base,67,Blue Hyper,false,,Damien Harris,
base,67,Blue Scope,false,,Damien Harris,
base,67,Bronze,false,,Damien Harris,
base,67,Fire,false,,Damien Harris,
base,67,Freedom,false,,Damien Harris,
base,67,Gold,false,,Damien Harris,
base,67,Gold Vinyl,false,,Damien Harris,
base,67,Green,false,,Damien Harris,
base,67,Green Velocity,false,,Damien Harris,
base,67,Holo,false,,Damien Harris,
base,67,Holo Variation,false,,Damien Harris,
base,67,Ice,false,,Damien Harris,
base,67,Lime Green,false,,Damien Harris,
base,67,One Hundred,false,,Damien Harris,
base,67,Orange,false,,Damien Harris,
base,67,Orange Scope,false,,Damien Harris,
base,67,Pink,false,,Damien Harris,
base,67,Pink Velocity,false,,Damien Harris,
base,67,Purple,false,,Damien Harris,
base,67,Purple Shock,false,,Damien Harris,
base,67,Purple Stars,false,,Damien Harris,
base,67,Purple Velocity,false,,Damien Harris,
base,67,Red,false,,Damien Harris,
base,67,Red Hyper,false,,Damien Harris,
base,67,Red Mojo,false,,Damien Harris,
base,67,Red Stars,false,,Damien Harris,
base,67,Rocket,false,,Damien Harris,
base,67,Silver Circles,false,,Damien Harris,
base,67,Stars,false,,Damien Harris,
base,67,Teal Velocity,false,,Damien Harris,
base,67,Wave,false,,Damien Harris,
base,67,Aqua,false,,Damien Harris,
base,67,Printing Plate Black,false,,Damien Harris,
base,237,White Sparkle,false,,Rhamondre Stevenson,
base,237,Black,false,,Rhamondre Stevenson,
base,237,Black Pandora,false,,Rhamondre Stevenson,
base,237,Blue,false,,Rhamondre Stevenson,
base,237,Blue Hyper,false,,Rhamondre Stevenson,
base,237,Blue Scope,false,,Rhamondre Stevenson,
base,237,Bronze,false,,Rhamondre Stevenson,
base,237,Fire,false,,Rhamondre Stevenson,
base,237,Freedom,false,,Rhamondre Stevenson,
base,237,Gold,false,,Rhamondre Stevenson,
base,237,Gold Vinyl,false,,Rhamondre Stevenson,
base,237,Green,false,,Rhamondre Stevenson,
base,237,Green Velocity,false,,Rhamondre Stevenson,
base,237,Holo,false,,Rhamondre Stevenson,
base,237,Holo Variation,false,,Rhamondre Stevenson,
base,237,Ice,false,,Rhamondre Stevenson,
base,237,Lime Green,false,,Rhamondre Stevenson,
base,237,One Hundred,false,,Rhamondre Stevenson,
base,237,Orange,false,,Rhamondre Stevenson,
base,237,Orange Scope,false,,Rhamondre Stevenson,
base,237,Pink,false,,Rhamondre Stevenson,
base,237,Pink Velocity,false,,Rhamondre Stevenson,
base,237,Purple,false,,Rhamondre Stevenson,
base,237,Purple Shock,false,,Rhamondre Stevenson,
base,237,Purple Stars,false,,Rhamondre Stevenson,
base,237,Purple Velocity,false,,Rhamondre Stevenson,
base,237,Red,false,,Rhamondre Stevenson,
base,237,Red Hyper,false,,Rhamondre Stevenson,
base,237,Red Mojo,false,,Rhamondre Stevenson,
base,237,Red Stars,false,,Rhamondre Stevenson,
base,237,Rocket,false,,Rhamondre Stevenson,
base,237,Silver Circles,false,,Rhamondre Stevenson,
base,237,Stars,false,,Rhamondre Stevenson,
base,237,Teal Velocity,false,,Rhamondre Stevenson,
base,237,Wave,false,,Rhamondre Stevenson,
base,237,Aqua,false,,Rhamondre Stevenson,
base,237,Printing Plate Black,false,,Rhamondre Stevenson,
base,66,White Sparkle,false,,Devin McCourty,
base,66,Black,false,,Devin McCourty,
base,66,Black Pandora,false,,Devin McCourty,
base,66,Blue,false,,Devin McCourty,
base,66,Blue Hyper,false,,Devin McCourty,
base,66,Blue Scope,false,,Devin McCourty,
base,66,Bronze,false,,Devin McCourty,
base,66,Fire,false,,Devin McCourty,
base,66,Freedom,false,,Devin McCourty,
base,66,Gold,false,,Devin McCourty,
base,66,Gold Vinyl,false,,Devin McCourty,
base,66,Green,false,,Devin McCourty,
base,66,Green Velocity,false,,Devin McCourty,
base,66,Holo,false,,Devin McCourty,
base,66,Holo Variation,false,,Devin McCourty,
base,66,Ice,false,,Devin McCourty,
base,66,Lime Green,false,,Devin McCourty,
base,66,One Hundred,false,,Devin McCourty,
base,66,Orange,false,,Devin McCourty,
base,66,Orange Scope,false,,Devin McCourty,
base,66,Pink,false,,Devin McCourty,
base,66,Pink Velocity,false,,Devin McCourty,
base,66,Purple,false,,Devin McCourty,
base,66,Purple Shock,false,,Devin McCourty,
base,66,Purple Stars,false,,Devin McCourty,
base,66,Purple Velocity,false,,Devin McCourty,
base,66,Red,false,,Devin McCourty,
base,66,Red Hyper,false,,Devin McCourty,
base,66,Red Mojo,false,,Devin McCourty,
base,66,Red Stars,false,,Devin McCourty,
base,66,Rocket,false,,Devin McCourty,
base,66,Silver Circles,false,,Devin McCourty,
base,66,Stars,false,,Devin McCourty,
base,66,Teal Velocity,false,,Devin McCourty,
base,66,Wave,false,,Devin McCourty,
base,66,Aqua,false,,Devin McCourty,
base,66,Printing Plate Black,false,,Devin McCourty,
base,65,White Sparkle,false,,Jonnu Smith,
base,65,Black,false,,Jonnu Smith,
base,65,Black Pandora,false,,Jonnu Smith,
base,65,Blue,false,,Jonnu Smith,
base,65,Blue Hyper,false,,Jonnu Smith,
base,65,Blue Scope,false,,Jonnu Smith,
base,65,Bronze,false,,Jonnu Smith,
base,65,Fire,false,,Jonnu Smith,
base,65,Freedom,false,,Jonnu Smith,
base,65,Gold,false,,Jonnu Smith,
base,65,Gold Vinyl,false,,Jonnu Smith,
base,65,Green,false,,Jonnu Smith,
base,65,Green Velocity,false,,Jonnu Smith,
base,65,Holo,false,,Jonnu Smith,
base,65,Holo Variation,false,,Jonnu Smith,
base,65,Ice,false,,Jonnu Smith,
base,65,Lime Green,false,,Jonnu Smith,
base,65,One Hundred,false,,Jonnu Smith,
base,65,Orange,false,,Jonnu Smith,
base,65,Orange Scope,false,,Jonnu Smith,
base,65,Pink,false,,Jonnu Smith,
base,65,Pink Velocity,false,,Jonnu Smith,
base,65,Purple,false,,Jonnu Smith,
base,65,Purple Shock,false,,Jonnu Smith,
base,65,Purple Stars,false,,Jonnu Smith,
base,65,Purple Velocity,false,,Jonnu Smith,
base,65,Red,false,,Jonnu Smith,
base,65,Red Hyper,false,,Jonnu Smith,
base,65,Red Mojo,false,,Jonnu Smith,
base,65,Red Stars,false,,Jonnu Smith,
base,65,Rocket,false,,Jonnu Smith,
base,65,Silver Circles,false,,Jonnu Smith,
base,65,Stars,false,,Jonnu Smith,
base,65,Teal Velocity,false,,Jonnu Smith,
base,65,Wave,false,,Jonnu Smith,
base,65,Aqua,false,,Jonnu Smith,
base,65,Printing Plate Black,false,,Jonnu Smith,
insert-the-elite-series-rookies,ESR-6,Gold Vinyl,false,,Mac Jones,
insert-the-elite-series-rookies,ESR-6,Purple Stars,false,,Mac Jones,
insert-the-elite-series-rookies,ESR-6,Gold,false,,Mac Jones,
insert-the-elite-series-rookies,ESR-6,Black Pandora,false,,Mac Jones,
auto-rookie-patch-autographs,RPA-RS,Gold Vinyl,true,,Rhamondre Stevenson,
auto-the-elite-series-rookies-autographs,ESR-20,Purple Stars,true,,Rhamondre Stevenson,
auto-the-elite-series-rookies-autographs,ESR-20,Gold Vinyl,true,,Rhamondre Stevenson,
insert-rookie-phenoms-horizontal,RPH-6,Blue Hyper,false,,Mac Jones,
insert-rookie-phenoms-horizontal,RPH-6,Prime,false,,Mac Jones,
insert-rookie-phenoms-horizontal,RPH-6,Red,false,,Mac Jones,
insert-rookie-phenoms-horizontal,RPH-6,Gold Vinyl,false,,Mac Jones,
base,64,White Sparkle,false,,Nelson Agholor,
base,64,Black,false,,Nelson Agholor,
base,64,Black Pandora,false,,Nelson Agholor,
base,64,Blue,false,,Nelson Agholor,
base,64,Blue Hyper,false,,Nelson Agholor,
base,64,Blue Scope,false,,Nelson Agholor,
base,64,Bronze,false,,Nelson Agholor,
base,64,Fire,false,,Nelson Agholor,
base,64,Freedom,false,,Nelson Agholor,
base,64,Gold,false,,Nelson Agholor,
base,64,Gold Vinyl,false,,Nelson Agholor,
base,64,Green,false,,Nelson Agholor,
base,64,Green Velocity,false,,Nelson Agholor,
base,64,Holo,false,,Nelson Agholor,
base,64,Holo Variation,false,,Nelson Agholor,
base,64,Ice,false,,Nelson Agholor,
base,64,Lime Green,false,,Nelson Agholor,
base,64,One Hundred,false,,Nelson Agholor,
base,64,Orange,false,,Nelson Agholor,
base,64,Orange Scope,false,,Nelson Agholor,
base,64,Pink,false,,Nelson Agholor,
base,64,Pink Velocity,false,,Nelson Agholor,
base,64,Purple,false,,Nelson Agholor,
base,64,Purple Shock,false,,Nelson Agholor,
base,64,Purple Stars,false,,Nelson Agholor,
base,64,Purple Velocity,false,,Nelson Agholor,
base,64,Red,false,,Nelson Agholor,
base,64,Red Hyper,false,,Nelson Agholor,
base,64,Red Mojo,false,,Nelson Agholor,
base,64,Red Stars,false,,Nelson Agholor,
base,64,Rocket,false,,Nelson Agholor,
base,64,Silver Circles,false,,Nelson Agholor,
base,64,Stars,false,,Nelson Agholor,
base,64,Teal Velocity,false,,Nelson Agholor,
base,64,Wave,false,,Nelson Agholor,
base,64,Aqua,false,,Nelson Agholor,
base,64,Printing Plate Black,false,,Nelson Agholor,
base,206,White Sparkle,false,,Mac Jones,
base,206,Black,false,,Mac Jones,
base,206,Black Pandora,false,,Mac Jones,
base,206,Blue,false,,Mac Jones,
base,206,Blue Hyper,false,,Mac Jones,
base,206,Blue Scope,false,,Mac Jones,
base,206,Bronze,false,,Mac Jones,
base,206,Fire,false,,Mac Jones,
base,206,Freedom,false,,Mac Jones,
base,206,Gold,false,,Mac Jones,
base,206,Gold Vinyl,false,,Mac Jones,
base,206,Green,false,,Mac Jones,
base,206,Green Velocity,false,,Mac Jones,
base,206,Holo,false,,Mac Jones,
base,206,Holo Variation,false,,Mac Jones,
base,206,Ice,false,,Mac Jones,
base,206,Lime Green,false,,Mac Jones,
base,206,One Hundred,false,,Mac Jones,
base,206,Orange,false,,Mac Jones,
base,206,Orange Scope,false,,Mac Jones,
base,206,Pink,false,,Mac Jones,
base,206,Pink Velocity,false,,Mac Jones,
base,206,Purple,false,,Mac Jones,
base,206,Purple Shock,false,,Mac Jones,
base,206,Purple Stars,false,,Mac Jones,
base,206,Purple Velocity,false,,Mac Jones,
base,206,Red,false,,Mac Jones,
base,206,Red Hyper,false,,Mac Jones,
base,206,Red Mojo,false,,Mac Jones,
base,206,Red Stars,false,,Mac Jones,
base,206,Rocket,false,,Mac Jones,
base,206,Silver Circles,false,,Mac Jones,
base,206,Stars,false,,Mac Jones,
base,206,Teal Velocity,false,,Mac Jones,
base,206,Wave,false,,Mac Jones,
base,206,Aqua,false,,Mac Jones,
base,206,Printing Plate Black,false,,Mac Jones,
auto-rookie-patch-autographs,RPA-MJ,Gold Vinyl,true,,Mac Jones,
insert-rookie-phenoms-horizontal,RPH-37,Blue Hyper,false,,Rhamondre Stevenson,
insert-rookie-phenoms-horizontal,RPH-37,Prime,false,,Rhamondre Stevenson,
insert-rookie-phenoms-horizontal,RPH-37,Red,false,,Rhamondre Stevenson,
insert-rookie-phenoms-horizontal,RPH-37,Gold Vinyl,false,,Rhamondre Stevenson,
auto-rated-rookies-rps-autographs,206,Gold Vinyl,true,,Mac Jones,
auto-rated-rookies-rps-autographs,206,Red Hyper,true,,Mac Jones,
auto-rated-rookies-rps-autographs,206,Red,true,,Mac Jones,
auto-rated-rookies-rps-autographs,206,Purple Stars,true,,Mac Jones,
auto-rated-rookies-rps-autographs,206,Purple,true,,Mac Jones,
auto-rated-rookies-rps-autographs,206,Pink Velocity,true,,Mac Jones,
auto-rated-rookies-rps-autographs,206,Holo,true,,Mac Jones,
auto-rated-rookies-rps-autographs,206,Green,true,,Mac Jones,
auto-rated-rookies-rps-autographs,206,Gold,true,,Mac Jones,
auto-rated-rookies-rps-autographs,206,Bronze,true,,Mac Jones,
auto-rated-rookies-rps-autographs,206,Blue,true,,Mac Jones,
auto-rated-rookies-rps-autographs,206,Black Pandora,true,,Mac Jones,
insert-my-house,MH-5,Black Pandora,false,,Mac Jones,
insert-my-house,MH-5,Gold,false,,Mac Jones,
insert-my-house,MH-5,Gold Vinyl,false,,Mac Jones,
insert-my-house,MH-5,Purple Stars,false,,Mac Jones,
insert-the-rookies,TR-6,Gold Vinyl,false,,Mac Jones,
insert-the-rookies,TR-6,Purple Stars,false,,Mac Jones,
insert-the-rookies,TR-6,Black Pandora,false,,Mac Jones,
insert-the-rookies,TR-6,Gold,false,,Mac Jones,
insert-rookie-phenoms,RP-37,Prime,false,,Rhamondre Stevenson,
insert-rookie-phenoms,RP-37,Blue Hyper,false,,Rhamondre Stevenson,
insert-rookie-phenoms,RP-37,Gold Vinyl,false,,Rhamondre Stevenson,
insert-rookie-phenoms,RP-37,Red,false,,Rhamondre Stevenson,
base,268,White Sparkle,false,,Christian Barmore,
base,268,Black,false,,Christian Barmore,
base,268,Black Pandora,false,,Christian Barmore,
base,268,Blue,false,,Christian Barmore,
base,268,Blue Hyper,false,,Christian Barmore,
base,268,Blue Scope,false,,Christian Barmore,
base,268,Bronze,false,,Christian Barmore,
base,268,Fire,false,,Christian Barmore,
base,268,Freedom,false,,Christian Barmore,
base,268,Gold,false,,Christian Barmore,
base,268,Gold Vinyl,false,,Christian Barmore,
base,268,Green,false,,Christian Barmore,
base,268,Green Velocity,false,,Christian Barmore,
base,268,Holo,false,,Christian Barmore,
base,268,Holo Variation,false,,Christian Barmore,
base,268,Ice,false,,Christian Barmore,
base,268,Lime Green,false,,Christian Barmore,
base,268,One Hundred,false,,Christian Barmore,
base,268,Orange,false,,Christian Barmore,
base,268,Orange Scope,false,,Christian Barmore,
base,268,Pink,false,,Christian Barmore,
base,268,Pink Velocity,false,,Christian Barmore,
base,268,Purple,false,,Christian Barmore,
base,268,Purple Shock,false,,Christian Barmore,
base,268,Purple Stars,false,,Christian Barmore,
base,268,Purple Velocity,false,,Christian Barmore,
base,268,Red,false,,Christian Barmore,
base,268,Red Hyper,false,,Christian Barmore,
base,268,Red Mojo,false,,Christian Barmore,
base,268,Red Stars,false,,Christian Barmore,
base,268,Rocket,false,,Christian Barmore,
base,268,Silver Circles,false,,Christian Barmore,
base,268,Stars,false,,Christian Barmore,
base,268,Teal Velocity,false,,Christian Barmore,
base,268,Wave,false,,Christian Barmore,
base,268,Aqua,false,,Christian Barmore,
base,268,Printing Plate Black,false,,Christian Barmore,
base,283,White Sparkle,false,,Ronnie Perkins,
base,283,Black,false,,Ronnie Perkins,
base,283,Black Pandora,false,,Ronnie Perkins,
base,283,Blue,false,,Ronnie Perkins,
base,283,Blue Hyper,false,,Ronnie Perkins,
base,283,Blue Scope,false,,Ronnie Perkins,
base,283,Bronze,false,,Ronnie Perkins,
base,283,Fire,false,,Ronnie Perkins,
base,283,Freedom,false,,Ronnie Perkins,
base,283,Gold,false,,Ronnie Perkins,
base,283,Gold Vinyl,false,,Ronnie Perkins,
base,283,Green,false,,Ronnie Perkins,
base,283,Green Velocity,false,,Ronnie Perkins,
base,283,Holo,false,,Ronnie Perkins,
base,283,Holo Variation,false,,Ronnie Perkins,
base,283,Ice,false,,Ronnie Perkins,
base,283,Lime Green,false,,Ronnie Perkins,
base,283,One Hundred,false,,Ronnie Perkins,
base,283,Orange,false,,Ronnie Perkins,
base,283,Orange Scope,false,,Ronnie Perkins,
base,283,Pink,false,,Ronnie Perkins,
base,283,Pink Velocity,false,,Ronnie Perkins,
base,283,Purple,false,,Ronnie Perkins,
base,283,Purple Shock,false,,Ronnie Perkins,
base,283,Purple Stars,false,,Ronnie Perkins,
base,283,Purple Velocity,false,,Ronnie Perkins,
base,283,Red,false,,Ronnie Perkins,
base,283,Red Hyper,false,,Ronnie Perkins,
base,283,Red Mojo,false,,Ronnie Perkins,
base,283,Red Stars,false,,Ronnie Perkins,
base,283,Rocket,false,,Ronnie Perkins,
base,283,Silver Circles,false,,Ronnie Perkins,
base,283,Stars,false,,Ronnie Perkins,
base,283,Teal Velocity,false,,Ronnie Perkins,
base,283,Wave,false,,Ronnie Perkins,
base,283,Aqua,false,,Ronnie Perkins,
base,283,Printing Plate Black,false,,Ronnie Perkins,
insert-the-elite-series-rookies,ESR-20,Gold Vinyl,false,,Rhamondre Stevenson,
insert-the-elite-series-rookies,ESR-20,Purple Stars,false,,Rhamondre Stevenson,
insert-the-elite-series-rookies,ESR-20,Gold,false,,Rhamondre Stevenson,
insert-the-elite-series-rookies,ESR-20,Black Pandora,false,,Rhamondre Stevenson,
insert-rookie-kings,RK-6,Gold,false,,Mac Jones,
insert-rookie-kings,RK-6,Gold Vinyl,false,,Mac Jones,
insert-rookie-kings,RK-6,White Sparkle,false,,Mac Jones,
insert-rookie-kings,RK-6,Black Pandora,false,,Mac Jones,
auto-rated-rookies-autographs,283,Holo,true,,Ronnie Perkins,
auto-rated-rookies-autographs,283,Pink Velocity,true,,Ronnie Perkins,
auto-rated-rookies-autographs,283,Black Pandora,true,,Ronnie Perkins,
auto-rated-rookies-autographs,283,Blue,true,,Ronnie Perkins,
auto-rated-rookies-autographs,283,Red Hyper,true,,Ronnie Perkins,
auto-rated-rookies-autographs,283,Red,true,,Ronnie Perkins,
auto-rated-rookies-autographs,283,Purple Stars,true,,Ronnie Perkins,
auto-rated-rookies-autographs,283,Purple,true,,Ronnie Perkins,
auto-rated-rookies-autographs,283,Bronze,true,,Ronnie Perkins,
auto-rated-rookies-autographs,283,Gold,true,,Ronnie Perkins,
auto-rated-rookies-autographs,283,Green,true,,Ronnie Perkins,
auto-rated-rookies-autographs,283,Gold Vinyl,true,,Ronnie Perkins,
insert-the-rookies,TR-19,Gold Vinyl,false,,Rhamondre Stevenson,
insert-the-rookies,TR-19,Purple Stars,false,,Rhamondre Stevenson,
insert-the-rookies,TR-19,Black Pandora,false,,Rhamondre Stevenson,
insert-the-rookies,TR-19,Gold,false,,Rhamondre Stevenson,
insert-downtown,DT-40,Gold Vinyl,false,,Mac Jones,
insert-downtown,DT-40,Gold,false,,Mac Jones,
insert-downtown,DT-40,Black Pandora,false,,Mac Jones,
insert-downtown,DT-40,White Sparkle,false,,Mac Jones,
auto-the-rookies-autographs,TR-6,Gold Vinyl,true,,Mac Jones,
auto-the-rookies-autographs,TR-6,Purple Stars,true,,Mac Jones,
auto-rookie-gridiron-kings-autographs,RGK-20,Gold Vinyl,true,,Rhamondre Stevenson,
auto-rookie-gridiron-kings-autographs,RGK-20,Purple Stars,true,,Rhamondre Stevenson,
auto-legendary-patch-autographs,LPA-MC,Gold Vinyl,true,,Marques Colston,
base,168,White Sparkle,false,,Marques Colston,
base,168,Black,false,,Marques Colston,
base,168,Black Pandora,false,,Marques Colston,
base,168,Blue,false,,Marques Colston,
base,168,Blue Hyper,false,,Marques Colston,
base,168,Blue Scope,false,,Marques Colston,
base,168,Bronze,false,,Marques Colston,
base,168,Fire,false,,Marques Colston,
base,168,Freedom,false,,Marques Colston,
base,168,Gold,false,,Marques Colston,
base,168,Gold Vinyl,false,,Marques Colston,
base,168,Green,false,,Marques Colston,
base,168,Green Velocity,false,,Marques Colston,
base,168,Holo,false,,Marques Colston,
base,168,Holo Variation,false,,Marques Colston,
base,168,Ice,false,,Marques Colston,
base,168,Lime Green,false,,Marques Colston,
base,168,One Hundred,false,,Marques Colston,
base,168,Orange,false,,Marques Colston,
base,168,Orange Scope,false,,Marques Colston,
base,168,Pink,false,,Marques Colston,
base,168,Pink Velocity,false,,Marques Colston,
base,168,Purple,false,,Marques Colston,
base,168,Purple Shock,false,,Marques Colston,
base,168,Purple Stars,false,,Marques Colston,
base,168,Purple Velocity,false,,Marques Colston,
base,168,Red,false,,Marques Colston,
base,168,Red Hyper,false,,Marques Colston,
base,168,Red Mojo,false,,Marques Colston,
base,168,Red Stars,false,,Marques Colston,
base,168,Rocket,false,,Marques Colston,
base,168,Silver Circles,false,,Marques Colston,
base,168,Stars,false,,Marques Colston,
base,168,Teal Velocity,false,,Marques Colston,
base,168,Wave,false,,Marques Colston,
base,168,Aqua,false,,Marques Colston,
base,168,Printing Plate Black,false,,Marques Colston,
base,167,White Sparkle,false,,Marcus Davenport,
base,167,Black,false,,Marcus Davenport,
base,167,Black Pandora,false,,Marcus Davenport,
base,167,Blue,false,,Marcus Davenport,
base,167,Blue Hyper,false,,Marcus Davenport,
base,167,Blue Scope,false,,Marcus Davenport,
base,167,Bronze,false,,Marcus Davenport,
base,167,Fire,false,,Marcus Davenport,
base,167,Freedom,false,,Marcus Davenport,
base,167,Gold,false,,Marcus Davenport,
base,167,Gold Vinyl,false,,Marcus Davenport,
base,167,Green,false,,Marcus Davenport,
base,167,Green Velocity,false,,Marcus Davenport,
base,167,Holo,false,,Marcus Davenport,
base,167,Holo Variation,false,,Marcus Davenport,
base,167,Ice,false,,Marcus Davenport,
base,167,Lime Green,false,,Marcus Davenport,
base,167,One Hundred,false,,Marcus Davenport,
base,167,Orange,false,,Marcus Davenport,
base,167,Orange Scope,false,,Marcus Davenport,
base,167,Pink,false,,Marcus Davenport,
base,167,Pink Velocity,false,,Marcus Davenport,
base,167,Purple,false,,Marcus Davenport,
base,167,Purple Shock,false,,Marcus Davenport,
base,167,Purple Stars,false,,Marcus Davenport,
base,167,Purple Velocity,false,,Marcus Davenport,
base,167,Red,false,,Marcus Davenport,
base,167,Red Hyper,false,,Marcus Davenport,
base,167,Red Mojo,false,,Marcus Davenport,
base,167,Red Stars,false,,Marcus Davenport,
base,167,Rocket,false,,Marcus Davenport,
base,167,Silver Circles,false,,Marcus Davenport,
base,167,Stars,false,,Marcus Davenport,
base,167,Teal Velocity,false,,Marcus Davenport,
base,167,Wave,false,,Marcus Davenport,
base,167,Aqua,false,,Marcus Davenport,
base,167,Printing Plate Black,false,,Marcus Davenport,
base,166,White Sparkle,false,,Alvin Kamara,
base,166,Black,false,,Alvin Kamara,
base,166,Black Pandora,false,,Alvin Kamara,
base,166,Blue,false,,Alvin Kamara,
base,166,Blue Hyper,false,,Alvin Kamara,
base,166,Blue Scope,false,,Alvin Kamara,
base,166,Bronze,false,,Alvin Kamara,
base,166,Fire,false,,Alvin Kamara,
base,166,Freedom,false,,Alvin Kamara,
base,166,Gold,false,,Alvin Kamara,
base,166,Gold Vinyl,false,,Alvin Kamara,
base,166,Green,false,,Alvin Kamara,
base,166,Green Velocity,false,,Alvin Kamara,
base,166,Holo,false,,Alvin Kamara,
base,166,Holo Variation,false,,Alvin Kamara,
base,166,Ice,false,,Alvin Kamara,
base,166,Lime Green,false,,Alvin Kamara,
base,166,One Hundred,false,,Alvin Kamara,
base,166,Orange,false,,Alvin Kamara,
base,166,Orange Scope,false,,Alvin Kamara,
base,166,Pink,false,,Alvin Kamara,
base,166,Pink Velocity,false,,Alvin Kamara,
base,166,Purple,false,,Alvin Kamara,
base,166,Purple Shock,false,,Alvin Kamara,
base,166,Purple Stars,false,,Alvin Kamara,
base,166,Purple Velocity,false,,Alvin Kamara,
base,166,Red,false,,Alvin Kamara,
base,166,Red Hyper,false,,Alvin Kamara,
base,166,Red Mojo,false,,Alvin Kamara,
base,166,Red Stars,false,,Alvin Kamara,
base,166,Rocket,false,,Alvin Kamara,
base,166,Silver Circles,false,,Alvin Kamara,
base,166,Stars,false,,Alvin Kamara,
base,166,Teal Velocity,false,,Alvin Kamara,
base,166,Wave,false,,Alvin Kamara,
base,166,Aqua,false,,Alvin Kamara,
base,166,Printing Plate Black,false,,Alvin Kamara,
base,165,White Sparkle,false,,Jameis Winston,
base,165,Black,false,,Jameis Winston,
base,165,Black Pandora,false,,Jameis Winston,
base,165,Blue,false,,Jameis Winston,
base,165,Blue Hyper,false,,Jameis Winston,
base,165,Blue Scope,false,,Jameis Winston,
base,165,Bronze,false,,Jameis Winston,
base,165,Fire,false,,Jameis Winston,
base,165,Freedom,false,,Jameis Winston,
base,165,Gold,false,,Jameis Winston,
base,165,Gold Vinyl,false,,Jameis Winston,
base,165,Green,false,,Jameis Winston,
base,165,Green Velocity,false,,Jameis Winston,
base,165,Holo,false,,Jameis Winston,
base,165,Holo Variation,false,,Jameis Winston,
base,165,Ice,false,,Jameis Winston,
base,165,Lime Green,false,,Jameis Winston,
base,165,One Hundred,false,,Jameis Winston,
base,165,Orange,false,,Jameis Winston,
base,165,Orange Scope,false,,Jameis Winston,
base,165,Pink,false,,Jameis Winston,
base,165,Pink Velocity,false,,Jameis Winston,
base,165,Purple,false,,Jameis Winston,
base,165,Purple Shock,false,,Jameis Winston,
base,165,Purple Stars,false,,Jameis Winston,
base,165,Purple Velocity,false,,Jameis Winston,
base,165,Red,false,,Jameis Winston,
base,165,Red Hyper,false,,Jameis Winston,
base,165,Red Mojo,false,,Jameis Winston,
base,165,Red Stars,false,,Jameis Winston,
base,165,Rocket,false,,Jameis Winston,
base,165,Silver Circles,false,,Jameis Winston,
base,165,Stars,false,,Jameis Winston,
base,165,Teal Velocity,false,,Jameis Winston,
base,165,Wave,false,,Jameis Winston,
base,165,Aqua,false,,Jameis Winston,
base,165,Printing Plate Black,false,,Jameis Winston,
base,164,White Sparkle,false,,Tre'Quan Smith,
base,164,Black,false,,Tre'Quan Smith,
base,164,Black Pandora,false,,Tre'Quan Smith,
base,164,Blue,false,,Tre'Quan Smith,
base,164,Blue Hyper,false,,Tre'Quan Smith,
base,164,Blue Scope,false,,Tre'Quan Smith,
base,164,Bronze,false,,Tre'Quan Smith,
base,164,Fire,false,,Tre'Quan Smith,
base,164,Freedom,false,,Tre'Quan Smith,
base,164,Gold,false,,Tre'Quan Smith,
base,164,Gold Vinyl,false,,Tre'Quan Smith,
base,164,Green,false,,Tre'Quan Smith,
base,164,Green Velocity,false,,Tre'Quan Smith,
base,164,Holo,false,,Tre'Quan Smith,
base,164,Holo Variation,false,,Tre'Quan Smith,
base,164,Ice,false,,Tre'Quan Smith,
base,164,Lime Green,false,,Tre'Quan Smith,
base,164,One Hundred,false,,Tre'Quan Smith,
base,164,Orange,false,,Tre'Quan Smith,
base,164,Orange Scope,false,,Tre'Quan Smith,
base,164,Pink,false,,Tre'Quan Smith,
base,164,Pink Velocity,false,,Tre'Quan Smith,
base,164,Purple,false,,Tre'Quan Smith,
base,164,Purple Shock,false,,Tre'Quan Smith,
base,164,Purple Stars,false,,Tre'Quan Smith,
base,164,Purple Velocity,false,,Tre'Quan Smith,
base,164,Red,false,,Tre'Quan Smith,
base,164,Red Hyper,false,,Tre'Quan Smith,
base,164,Red Mojo,false,,Tre'Quan Smith,
base,164,Red Stars,false,,Tre'Quan Smith,
base,164,Rocket,false,,Tre'Quan Smith,
base,164,Silver Circles,false,,Tre'Quan Smith,
base,164,Stars,false,,Tre'Quan Smith,
base,164,Teal Velocity,false,,Tre'Quan Smith,
base,164,Wave,false,,Tre'Quan Smith,
base,164,Aqua,false,,Tre'Quan Smith,
base,164,Printing Plate Black,false,,Tre'Quan Smith,
base,163,White Sparkle,false,,Michael Thomas,
base,163,Black,false,,Michael Thomas,
base,163,Black Pandora,false,,Michael Thomas,
base,163,Blue,false,,Michael Thomas,
base,163,Blue Hyper,false,,Michael Thomas,
base,163,Blue Scope,false,,Michael Thomas,
base,163,Bronze,false,,Michael Thomas,
base,163,Fire,false,,Michael Thomas,
base,163,Freedom,false,,Michael Thomas,
base,163,Gold,false,,Michael Thomas,
base,163,Gold Vinyl,false,,Michael Thomas,
base,163,Green,false,,Michael Thomas,
base,163,Green Velocity,false,,Michael Thomas,
base,163,Holo,false,,Michael Thomas,
base,163,Holo Variation,false,,Michael Thomas,
base,163,Ice,false,,Michael Thomas,
base,163,Lime Green,false,,Michael Thomas,
base,163,One Hundred,false,,Michael Thomas,
base,163,Orange,false,,Michael Thomas,
base,163,Orange Scope,false,,Michael Thomas,
base,163,Pink,false,,Michael Thomas,
base,163,Pink Velocity,false,,Michael Thomas,
base,163,Purple,false,,Michael Thomas,
base,163,Purple Shock,false,,Michael Thomas,
base,163,Purple Stars,false,,Michael Thomas,
base,163,Purple Velocity,false,,Michael Thomas,
base,163,Red,false,,Michael Thomas,
base,163,Red Hyper,false,,Michael Thomas,
base,163,Red Mojo,false,,Michael Thomas,
base,163,Red Stars,false,,Michael Thomas,
base,163,Rocket,false,,Michael Thomas,
base,163,Silver Circles,false,,Michael Thomas,
base,163,Stars,false,,Michael Thomas,
base,163,Teal Velocity,false,,Michael Thomas,
base,163,Wave,false,,Michael Thomas,
base,163,Aqua,false,,Michael Thomas,
base,163,Printing Plate Black,false,,Michael Thomas,
insert-downtown,DT-22,Gold Vinyl,false,,Alvin Kamara,
insert-downtown,DT-22,Gold,false,,Alvin Kamara,
insert-downtown,DT-22,Black Pandora,false,,Alvin Kamara,
insert-downtown,DT-22,White Sparkle,false,,Alvin Kamara,
insert-downtown,DT-21,Gold Vinyl,false,,Drew Brees,
insert-downtown,DT-21,Gold,false,,Drew Brees,
insert-downtown,DT-21,Black Pandora,false,,Drew Brees,
insert-downtown,DT-21,White Sparkle,false,,Drew Brees,
insert-mythical,MY-4,White Sparkle,false,,Drew Brees,
insert-mythical,MY-4,Gold,false,,Drew Brees,
insert-mythical,MY-4,Black Pandora,false,,Drew Brees,
insert-mythical,MY-4,Gold Vinyl,false,,Drew Brees,
auto-rated-rookies-rps-autographs,227,Gold Vinyl,true,,Ian Book,
auto-rated-rookies-rps-autographs,227,Red Hyper,true,,Ian Book,
auto-rated-rookies-rps-autographs,227,Red,true,,Ian Book,
auto-rated-rookies-rps-autographs,227,Purple Stars,true,,Ian Book,
auto-rated-rookies-rps-autographs,227,Purple,true,,Ian Book,
auto-rated-rookies-rps-autographs,227,Pink Velocity,true,,Ian Book,
auto-rated-rookies-rps-autographs,227,Holo,true,,Ian Book,
auto-rated-rookies-rps-autographs,227,Green,true,,Ian Book,
auto-rated-rookies-rps-autographs,227,Gold,true,,Ian Book,
auto-rated-rookies-rps-autographs,227,Bronze,true,,Ian Book,
auto-rated-rookies-rps-autographs,227,Blue,true,,Ian Book,
auto-rated-rookies-rps-autographs,227,Black Pandora,true,,Ian Book,
insert-red-hot-rookies,RHR-10,Black Pandora,false,,Ian Book,
insert-red-hot-rookies,RHR-10,Gold Vinyl,false,,Ian Book,
insert-red-hot-rookies,RHR-10,Purple Stars,false,,Ian Book,
insert-red-hot-rookies,RHR-10,Gold,false,,Ian Book,
insert-rookie-gridiron-kings,RGK-16,Gold,false,,Ian Book,
insert-rookie-gridiron-kings,RGK-16,Gold Vinyl,false,,Ian Book,
insert-rookie-gridiron-kings,RGK-16,Black Pandora,false,,Ian Book,
insert-rookie-gridiron-kings,RGK-16,Purple Stars,false,,Ian Book,
auto-rookie-gridiron-kings-autographs,RGK-16,Gold Vinyl,true,,Ian Book,
auto-rookie-gridiron-kings-autographs,RGK-16,Purple Stars,true,,Ian Book,
auto-rated-rookies-autographs,276,Holo,true,,Pete Werner,
auto-rated-rookies-autographs,276,Pink Velocity,true,,Pete Werner,
auto-rated-rookies-autographs,276,Black Pandora,true,,Pete Werner,
auto-rated-rookies-autographs,276,Blue,true,,Pete Werner,
auto-rated-rookies-autographs,276,Red Hyper,true,,Pete Werner,
auto-rated-rookies-autographs,276,Red,true,,Pete Werner,
auto-rated-rookies-autographs,276,Purple Stars,true,,Pete Werner,
auto-rated-rookies-autographs,276,Purple,true,,Pete Werner,
auto-rated-rookies-autographs,276,Bronze,true,,Pete Werner,
auto-rated-rookies-autographs,276,Gold,true,,Pete Werner,
auto-rated-rookies-autographs,276,Green,true,,Pete Werner,
auto-rated-rookies-autographs,276,Gold Vinyl,true,,Pete Werner,
insert-dominators,DM-AK,Gold Vinyl,false,,Alvin Kamara,
insert-dominators,DM-AK,Gold,false,,Alvin Kamara,
insert-dominators,DM-AK,Black Pandora,false,,Alvin Kamara,
insert-dominators,DM-AK,Purple Stars,false,,Alvin Kamara,
insert-my-house,MH-16,Black Pandora,false,,Alvin Kamara,
insert-my-house,MH-16,Gold,false,,Alvin Kamara,
insert-my-house,MH-16,Gold Vinyl,false,,Alvin Kamara,
insert-my-house,MH-16,Purple Stars,false,,Alvin Kamara,
base,276,White Sparkle,false,,Pete Werner,
base,276,Black,false,,Pete Werner,
base,276,Black Pandora,false,,Pete Werner,
base,276,Blue,false,,Pete Werner,
base,276,Blue Hyper,false,,Pete Werner,
base,276,Blue Scope,false,,Pete Werner,
base,276,Bronze,false,,Pete Werner,
base,276,Fire,false,,Pete Werner,
base,276,Freedom,false,,Pete Werner,
base,276,Gold,false,,Pete Werner,
base,276,Gold Vinyl,false,,Pete Werner,
base,276,Green,false,,Pete Werner,
base,276,Green Velocity,false,,Pete Werner,
base,276,Holo,false,,Pete Werner,
base,276,Holo Variation,false,,Pete Werner,
base,276,Ice,false,,Pete Werner,
base,276,Lime Green,false,,Pete Werner,
base,276,One Hundred,false,,Pete Werner,
base,276,Orange,false,,Pete Werner,
base,276,Orange Scope,false,,Pete Werner,
base,276,Pink,false,,Pete Werner,
base,276,Pink Velocity,false,,Pete Werner,
base,276,Purple,false,,Pete Werner,
base,276,Purple Shock,false,,Pete Werner,
base,276,Purple Stars,false,,Pete Werner,
base,276,Purple Velocity,false,,Pete Werner,
base,276,Red,false,,Pete Werner,
base,276,Red Hyper,false,,Pete Werner,
base,276,Red Mojo,false,,Pete Werner,
base,276,Red Stars,false,,Pete Werner,
base,276,Rocket,false,,Pete Werner,
base,276,Silver Circles,false,,Pete Werner,
base,276,Stars,false,,Pete Werner,
base,276,Teal Velocity,false,,Pete Werner,
base,276,Wave,false,,Pete Werner,
base,276,Aqua,false,,Pete Werner,
base,276,Printing Plate Black,false,,Pete Werner,
auto-rookie-patch-autographs,RPA-IB,Gold Vinyl,true,,Ian Book,
auto-dynamic-patch-autographs,DPA-TH,Gold Vinyl,true,,Taysom Hill,
base,259,White Sparkle,false,,Payton Turner,
base,259,Black,false,,Payton Turner,
base,259,Black Pandora,false,,Payton Turner,
base,259,Blue,false,,Payton Turner,
base,259,Blue Hyper,false,,Payton Turner,
base,259,Blue Scope,false,,Payton Turner,
base,259,Bronze,false,,Payton Turner,
base,259,Fire,false,,Payton Turner,
base,259,Freedom,false,,Payton Turner,
base,259,Gold,false,,Payton Turner,
base,259,Gold Vinyl,false,,Payton Turner,
base,259,Green,false,,Payton Turner,
base,259,Green Velocity,false,,Payton Turner,
base,259,Holo,false,,Payton Turner,
base,259,Holo Variation,false,,Payton Turner,
base,259,Ice,false,,Payton Turner,
base,259,Lime Green,false,,Payton Turner,
base,259,One Hundred,false,,Payton Turner,
base,259,Orange,false,,Payton Turner,
base,259,Orange Scope,false,,Payton Turner,
base,259,Pink,false,,Payton Turner,
base,259,Pink Velocity,false,,Payton Turner,
base,259,Purple,false,,Payton Turner,
base,259,Purple Shock,false,,Payton Turner,
base,259,Purple Stars,false,,Payton Turner,
base,259,Purple Velocity,false,,Payton Turner,
base,259,Red,false,,Payton Turner,
base,259,Red Hyper,false,,Payton Turner,
base,259,Red Mojo,false,,Payton Turner,
base,259,Red Stars,false,,Payton Turner,
base,259,Rocket,false,,Payton Turner,
base,259,Silver Circles,false,,Payton Turner,
base,259,Stars,false,,Payton Turner,
base,259,Teal Velocity,false,,Payton Turner,
base,259,Wave,false,,Payton Turner,
base,259,Aqua,false,,Payton Turner,
base,259,Printing Plate Black,false,,Payton Turner,
base,227,White Sparkle,false,,Ian Book,
base,227,Black,false,,Ian Book,
base,227,Black Pandora,false,,Ian Book,
base,227,Blue,false,,Ian Book,
base,227,Blue Hyper,false,,Ian Book,
base,227,Blue Scope,false,,Ian Book,
base,227,Bronze,false,,Ian Book,
base,227,Fire,false,,Ian Book,
base,227,Freedom,false,,Ian Book,
base,227,Gold,false,,Ian Book,
base,227,Gold Vinyl,false,,Ian Book,
base,227,Green,false,,Ian Book,
base,227,Green Velocity,false,,Ian Book,
base,227,Holo,false,,Ian Book,
base,227,Holo Variation,false,,Ian Book,
base,227,Ice,false,,Ian Book,
base,227,Lime Green,false,,Ian Book,
base,227,One Hundred,false,,Ian Book,
base,227,Orange,false,,Ian Book,
base,227,Orange Scope,false,,Ian Book,
base,227,Pink,false,,Ian Book,
base,227,Pink Velocity,false,,Ian Book,
base,227,Purple,false,,Ian Book,
base,227,Purple Shock,false,,Ian Book,
base,227,Purple Stars,false,,Ian Book,
base,227,Purple Velocity,false,,Ian Book,
base,227,Red,false,,Ian Book,
base,227,Red Hyper,false,,Ian Book,
base,227,Red Mojo,false,,Ian Book,
base,227,Red Stars,false,,Ian Book,
base,227,Rocket,false,,Ian Book,
base,227,Silver Circles,false,,Ian Book,
base,227,Stars,false,,Ian Book,
base,227,Teal Velocity,false,,Ian Book,
base,227,Wave,false,,Ian Book,
base,227,Aqua,false,,Ian Book,
base,227,Printing Plate Black,false,,Ian Book,
insert-rookie-phenoms,RP-27,Prime,false,,Ian Book,
insert-rookie-phenoms,RP-27,Blue Hyper,false,,Ian Book,
insert-rookie-phenoms,RP-27,Gold Vinyl,false,,Ian Book,
insert-rookie-phenoms,RP-27,Red,false,,Ian Book,
auto-rated-rookies-autographs,259,Holo,true,,Payton Turner,
auto-rated-rookies-autographs,259,Pink Velocity,true,,Payton Turner,
auto-rated-rookies-autographs,259,Black Pandora,true,,Payton Turner,
auto-rated-rookies-autographs,259,Blue,true,,Payton Turner,
auto-rated-rookies-autographs,259,Red Hyper,true,,Payton Turner,
auto-rated-rookies-autographs,259,Red,true,,Payton Turner,
auto-rated-rookies-autographs,259,Purple Stars,true,,Payton Turner,
auto-rated-rookies-autographs,259,Purple,true,,Payton Turner,
auto-rated-rookies-autographs,259,Bronze,true,,Payton Turner,
auto-rated-rookies-autographs,259,Gold,true,,Payton Turner,
auto-rated-rookies-autographs,259,Green,true,,Payton Turner,
auto-rated-rookies-autographs,259,Gold Vinyl,true,,Payton Turner,
insert-rookie-phenoms-horizontal,RPH-27,Blue Hyper,false,,Ian Book,
insert-rookie-phenoms-horizontal,RPH-27,Prime,false,,Ian Book,
insert-rookie-phenoms-horizontal,RPH-27,Red,false,,Ian Book,
insert-rookie-phenoms-horizontal,RPH-27,Gold Vinyl,false,,Ian Book,
auto-rookie-gridiron-kings-autographs,RGK-10,Gold Vinyl,true,,Kadarius Toney,
auto-rookie-gridiron-kings-autographs,RGK-10,Purple Stars,true,,Kadarius Toney,
insert-white-hot-rookies,WHR-6,Black Pandora,false,,Kadarius Toney,
insert-white-hot-rookies,WHR-6,Gold,false,,Kadarius Toney,
insert-white-hot-rookies,WHR-6,Gold Vinyl,false,,Kadarius Toney,
insert-white-hot-rookies,WHR-6,Purple Stars,false,,Kadarius Toney,
insert-retro-series,RS-LT,Gold,false,,Lawrence Taylor,
insert-retro-series,RS-LT,Black Pandora,false,,Lawrence Taylor,
insert-retro-series,RS-LT,Gold Vinyl,false,,Lawrence Taylor,
insert-retro-series,RS-LT,Purple Stars,false,,Lawrence Taylor,
base,17,White Sparkle,false,,Blake Martinez,
base,17,Black,false,,Blake Martinez,
base,17,Black Pandora,false,,Blake Martinez,
base,17,Blue,false,,Blake Martinez,
base,17,Blue Hyper,false,,Blake Martinez,
base,17,Blue Scope,false,,Blake Martinez,
base,17,Bronze,false,,Blake Martinez,
base,17,Fire,false,,Blake Martinez,
base,17,Freedom,false,,Blake Martinez,
base,17,Gold,false,,Blake Martinez,
base,17,Gold Vinyl,false,,Blake Martinez,
base,17,Green,false,,Blake Martinez,
base,17,Green Velocity,false,,Blake Martinez,
base,17,Holo,false,,Blake Martinez,
base,17,Holo Variation,false,,Blake Martinez,
base,17,Ice,false,,Blake Martinez,
base,17,Lime Green,false,,Blake Martinez,
base,17,One Hundred,false,,Blake Martinez,
base,17,Orange,false,,Blake Martinez,
base,17,Orange Scope,false,,Blake Martinez,
base,17,Pink,false,,Blake Martinez,
base,17,Pink Velocity,false,,Blake Martinez,
base,17,Purple,false,,Blake Martinez,
base,17,Purple Shock,false,,Blake Martinez,
base,17,Purple Stars,false,,Blake Martinez,
base,17,Purple Velocity,false,,Blake Martinez,
base,17,Red,false,,Blake Martinez,
base,17,Red Hyper,false,,Blake Martinez,
base,17,Red Mojo,false,,Blake Martinez,
base,17,Red Stars,false,,Blake Martinez,
base,17,Rocket,false,,Blake Martinez,
base,17,Silver Circles,false,,Blake Martinez,
base,17,Stars,false,,Blake Martinez,
base,17,Teal Velocity,false,,Blake Martinez,
base,17,Wave,false,,Blake Martinez,
base,17,Aqua,false,,Blake Martinez,
base,17,Printing Plate Black,false,,Blake Martinez,
insert-rookie-kings,RK-12,Gold,false,,Kadarius Toney,
insert-rookie-kings,RK-12,Gold Vinyl,false,,Kadarius Toney,
insert-rookie-kings,RK-12,White Sparkle,false,,Kadarius Toney,
insert-rookie-kings,RK-12,Black Pandora,false,,Kadarius Toney,
insert-the-elite-series-rookies,ESR-11,Gold Vinyl,false,,Kadarius Toney,
insert-the-elite-series-rookies,ESR-11,Purple Stars,false,,Kadarius Toney,
insert-the-elite-series-rookies,ESR-11,Gold,false,,Kadarius Toney,
insert-the-elite-series-rookies,ESR-11,Black Pandora,false,,Kadarius Toney,
base,14,White Sparkle,false,,Kenny Golladay,
base,14,Black,false,,Kenny Golladay,
base,14,Black Pandora,false,,Kenny Golladay,
base,14,Blue,false,,Kenny Golladay,
base,14,Blue Hyper,false,,Kenny Golladay,
base,14,Blue Scope,false,,Kenny Golladay,
base,14,Bronze,false,,Kenny Golladay,
base,14,Fire,false,,Kenny Golladay,
base,14,Freedom,false,,Kenny Golladay,
base,14,Gold,false,,Kenny Golladay,
base,14,Gold Vinyl,false,,Kenny Golladay,
base,14,Green,false,,Kenny Golladay,
base,14,Green Velocity,false,,Kenny Golladay,
base,14,Holo,false,,Kenny Golladay,
base,14,Holo Variation,false,,Kenny Golladay,
base,14,Ice,false,,Kenny Golladay,
base,14,Lime Green,false,,Kenny Golladay,
base,14,One Hundred,false,,Kenny Golladay,
base,14,Orange,false,,Kenny Golladay,
base,14,Orange Scope,false,,Kenny Golladay,
base,14,Pink,false,,Kenny Golladay,
base,14,Pink Velocity,false,,Kenny Golladay,
base,14,Purple,false,,Kenny Golladay,
base,14,Purple Shock,false,,Kenny Golladay,
base,14,Purple Stars,false,,Kenny Golladay,
base,14,Purple Velocity,false,,Kenny Golladay,
base,14,Red,false,,Kenny Golladay,
base,14,Red Hyper,false,,Kenny Golladay,
base,14,Red Mojo,false,,Kenny Golladay,
base,14,Red Stars,false,,Kenny Golladay,
base,14,Rocket,false,,Kenny Golladay,
base,14,Silver Circles,false,,Kenny Golladay,
base,14,Stars,false,,Kenny Golladay,
base,14,Teal Velocity,false,,Kenny Golladay,
base,14,Wave,false,,Kenny Golladay,
base,14,Aqua,false,,Kenny Golladay,
base,14,Printing Plate Black,false,,Kenny Golladay,
auto-rated-rookies-rps-autographs,212,Gold Vinyl,true,,Kadarius Toney,
auto-rated-rookies-rps-autographs,212,Red Hyper,true,,Kadarius Toney,
auto-rated-rookies-rps-autographs,212,Red,true,,Kadarius Toney,
auto-rated-rookies-rps-autographs,212,Purple Stars,true,,Kadarius Toney,
auto-rated-rookies-rps-autographs,212,Purple,true,,Kadarius Toney,
auto-rated-rookies-rps-autographs,212,Pink Velocity,true,,Kadarius Toney,
auto-rated-rookies-rps-autographs,212,Holo,true,,Kadarius Toney,
auto-rated-rookies-rps-autographs,212,Green,true,,Kadarius Toney,
auto-rated-rookies-rps-autographs,212,Gold,true,,Kadarius Toney,
auto-rated-rookies-rps-autographs,212,Bronze,true,,Kadarius Toney,
auto-rated-rookies-rps-autographs,212,Blue,true,,Kadarius Toney,
auto-rated-rookies-rps-autographs,212,Black Pandora,true,,Kadarius Toney,
auto-legendary-patch-autographs,LPA-PB,Gold Vinyl,true,,Plaxico Burress,
base,16,White Sparkle,false,,Saquon Barkley,
base,16,Black,false,,Saquon Barkley,
base,16,Black Pandora,false,,Saquon Barkley,
base,16,Blue,false,,Saquon Barkley,
base,16,Blue Hyper,false,,Saquon Barkley,
base,16,Blue Scope,false,,Saquon Barkley,
base,16,Bronze,false,,Saquon Barkley,
base,16,Fire,false,,Saquon Barkley,
base,16,Freedom,false,,Saquon Barkley,
base,16,Gold,false,,Saquon Barkley,
base,16,Gold Vinyl,false,,Saquon Barkley,
base,16,Green,false,,Saquon Barkley,
base,16,Green Velocity,false,,Saquon Barkley,
base,16,Holo,false,,Saquon Barkley,
base,16,Holo Variation,false,,Saquon Barkley,
base,16,Ice,false,,Saquon Barkley,
base,16,Lime Green,false,,Saquon Barkley,
base,16,One Hundred,false,,Saquon Barkley,
base,16,Orange,false,,Saquon Barkley,
base,16,Orange Scope,false,,Saquon Barkley,
base,16,Pink,false,,Saquon Barkley,
base,16,Pink Velocity,false,,Saquon Barkley,
base,16,Purple,false,,Saquon Barkley,
base,16,Purple Shock,false,,Saquon Barkley,
base,16,Purple Stars,false,,Saquon Barkley,
base,16,Purple Velocity,false,,Saquon Barkley,
base,16,Red,false,,Saquon Barkley,
base,16,Red Hyper,false,,Saquon Barkley,
base,16,Red Mojo,false,,Saquon Barkley,
base,16,Red Stars,false,,Saquon Barkley,
base,16,Rocket,false,,Saquon Barkley,
base,16,Silver Circles,false,,Saquon Barkley,
base,16,Stars,false,,Saquon Barkley,
base,16,Teal Velocity,false,,Saquon Barkley,
base,16,Wave,false,,Saquon Barkley,
base,16,Aqua,false,,Saquon Barkley,
base,16,Printing Plate Black,false,,Saquon Barkley,
auto-the-elite-series-rookies-autographs,ESR-11,Purple Stars,true,,Kadarius Toney,
auto-the-elite-series-rookies-autographs,ESR-11,Gold Vinyl,true,,Kadarius Toney,
insert-rookie-phenoms,RP-12,Prime,false,,Kadarius Toney,
insert-rookie-phenoms,RP-12,Blue Hyper,false,,Kadarius Toney,
insert-rookie-phenoms,RP-12,Gold Vinyl,false,,Kadarius Toney,
insert-rookie-phenoms,RP-12,Red,false,,Kadarius Toney,
base,273,White Sparkle,false,,Azeez Ojulari,
base,273,Black,false,,Azeez Ojulari,
base,273,Black Pandora,false,,Azeez Ojulari,
base,273,Blue,false,,Azeez Ojulari,
base,273,Blue Hyper,false,,Azeez Ojulari,
base,273,Blue Scope,false,,Azeez Ojulari,
base,273,Bronze,false,,Azeez Ojulari,
base,273,Fire,false,,Azeez Ojulari,
base,273,Freedom,false,,Azeez Ojulari,
base,273,Gold,false,,Azeez Ojulari,
base,273,Gold Vinyl,false,,Azeez Ojulari,
base,273,Green,false,,Azeez Ojulari,
base,273,Green Velocity,false,,Azeez Ojulari,
base,273,Holo,false,,Azeez Ojulari,
base,273,Holo Variation,false,,Azeez Ojulari,
base,273,Ice,false,,Azeez Ojulari,
base,273,Lime Green,false,,Azeez Ojulari,
base,273,One Hundred,false,,Azeez Ojulari,
base,273,Orange,false,,Azeez Ojulari,
base,273,Orange Scope,false,,Azeez Ojulari,
base,273,Pink,false,,Azeez Ojulari,
base,273,Pink Velocity,false,,Azeez Ojulari,
base,273,Purple,false,,Azeez Ojulari,
base,273,Purple Shock,false,,Azeez Ojulari,
base,273,Purple Stars,false,,Azeez Ojulari,
base,273,Purple Velocity,false,,Azeez Ojulari,
base,273,Red,false,,Azeez Ojulari,
base,273,Red Hyper,false,,Azeez Ojulari,
base,273,Red Mojo,false,,Azeez Ojulari,
base,273,Red Stars,false,,Azeez Ojulari,
base,273,Rocket,false,,Azeez Ojulari,
base,273,Silver Circles,false,,Azeez Ojulari,
base,273,Stars,false,,Azeez Ojulari,
base,273,Teal Velocity,false,,Azeez Ojulari,
base,273,Wave,false,,Azeez Ojulari,
base,273,Aqua,false,,Azeez Ojulari,
base,273,Printing Plate Black,false,,Azeez Ojulari,
base,18,White Sparkle,false,,Michael Strahan,
base,18,Black,false,,Michael Strahan,
base,18,Black Pandora,false,,Michael Strahan,
base,18,Blue,false,,Michael Strahan,
base,18,Blue Hyper,false,,Michael Strahan,
base,18,Blue Scope,false,,Michael Strahan,
base,18,Bronze,false,,Michael Strahan,
base,18,Fire,false,,Michael Strahan,
base,18,Freedom,false,,Michael Strahan,
base,18,Gold,false,,Michael Strahan,
base,18,Gold Vinyl,false,,Michael Strahan,
base,18,Green,false,,Michael Strahan,
base,18,Green Velocity,false,,Michael Strahan,
base,18,Holo,false,,Michael Strahan,
base,18,Holo Variation,false,,Michael Strahan,
base,18,Ice,false,,Michael Strahan,
base,18,Lime Green,false,,Michael Strahan,
base,18,One Hundred,false,,Michael Strahan,
base,18,Orange,false,,Michael Strahan,
base,18,Orange Scope,false,,Michael Strahan,
base,18,Pink,false,,Michael Strahan,
base,18,Pink Velocity,false,,Michael Strahan,
base,18,Purple,false,,Michael Strahan,
base,18,Purple Shock,false,,Michael Strahan,
base,18,Purple Stars,false,,Michael Strahan,
base,18,Purple Velocity,false,,Michael Strahan,
base,18,Red,false,,Michael Strahan,
base,18,Red Hyper,false,,Michael Strahan,
base,18,Red Mojo,false,,Michael Strahan,
base,18,Red Stars,false,,Michael Strahan,
base,18,Rocket,false,,Michael Strahan,
base,18,Silver Circles,false,,Michael Strahan,
base,18,Stars,false,,Michael Strahan,
base,18,Teal Velocity,false,,Michael Strahan,
base,18,Wave,false,,Michael Strahan,
base,18,Aqua,false,,Michael Strahan,
base,18,Printing Plate Black,false,,Michael Strahan,
insert-gifted-rookies,GR-12,Gold Vinyl,false,,Kadarius Toney,
insert-gifted-rookies,GR-12,Gold,false,,Kadarius Toney,
insert-gifted-rookies,GR-12,Black Pandora,false,,Kadarius Toney,
insert-gifted-rookies,GR-12,Purple Stars,false,,Kadarius Toney,
auto-rated-rookies-autographs,273,Holo,true,,Azeez Ojulari,
auto-rated-rookies-autographs,273,Pink Velocity,true,,Azeez Ojulari,
auto-rated-rookies-autographs,273,Black Pandora,true,,Azeez Ojulari,
auto-rated-rookies-autographs,273,Blue,true,,Azeez Ojulari,
auto-rated-rookies-autographs,273,Red Hyper,true,,Azeez Ojulari,
auto-rated-rookies-autographs,273,Red,true,,Azeez Ojulari,
auto-rated-rookies-autographs,273,Purple Stars,true,,Azeez Ojulari,
auto-rated-rookies-autographs,273,Purple,true,,Azeez Ojulari,
auto-rated-rookies-autographs,273,Bronze,true,,Azeez Ojulari,
auto-rated-rookies-autographs,273,Gold,true,,Azeez Ojulari,
auto-rated-rookies-autographs,273,Green,true,,Azeez Ojulari,
auto-rated-rookies-autographs,273,Gold Vinyl,true,,Azeez Ojulari,
auto-rookie-patch-autographs,RPA-KT,Gold Vinyl,true,,Kadarius Toney,
auto-dynamic-patch-autographs,DPA-JS,Gold Vinyl,true,,Jeremy Shockey,
insert-downtown,DT-6,Gold Vinyl,false,,Saquon Barkley,
insert-downtown,DT-6,Gold,false,,Saquon Barkley,
insert-downtown,DT-6,Black Pandora,false,,Saquon Barkley,
insert-downtown,DT-6,White Sparkle,false,,Saquon Barkley,
base,13,White Sparkle,false,,Darius Slayton,
base,13,Black,false,,Darius Slayton,
base,13,Black Pandora,false,,Darius Slayton,
base,13,Blue,false,,Darius Slayton,
base,13,Blue Hyper,false,,Darius Slayton,
base,13,Blue Scope,false,,Darius Slayton,
base,13,Bronze,false,,Darius Slayton,
base,13,Fire,false,,Darius Slayton,
base,13,Freedom,false,,Darius Slayton,
base,13,Gold,false,,Darius Slayton,
base,13,Gold Vinyl,false,,Darius Slayton,
base,13,Green,false,,Darius Slayton,
base,13,Green Velocity,false,,Darius Slayton,
base,13,Holo,false,,Darius Slayton,
base,13,Holo Variation,false,,Darius Slayton,
base,13,Ice,false,,Darius Slayton,
base,13,Lime Green,false,,Darius Slayton,
base,13,One Hundred,false,,Darius Slayton,
base,13,Orange,false,,Darius Slayton,
base,13,Orange Scope,false,,Darius Slayton,
base,13,Pink,false,,Darius Slayton,
base,13,Pink Velocity,false,,Darius Slayton,
base,13,Purple,false,,Darius Slayton,
base,13,Purple Shock,false,,Darius Slayton,
base,13,Purple Stars,false,,Darius Slayton,
base,13,Purple Velocity,false,,Darius Slayton,
base,13,Red,false,,Darius Slayton,
base,13,Red Hyper,false,,Darius Slayton,
base,13,Red Mojo,false,,Darius Slayton,
base,13,Red Stars,false,,Darius Slayton,
base,13,Rocket,false,,Darius Slayton,
base,13,Silver Circles,false,,Darius Slayton,
base,13,Stars,false,,Darius Slayton,
base,13,Teal Velocity,false,,Darius Slayton,
base,13,Wave,false,,Darius Slayton,
base,13,Aqua,false,,Darius Slayton,
base,13,Printing Plate Black,false,,Darius Slayton,
insert-rookie-phenoms-horizontal,RPH-12,Blue Hyper,false,,Kadarius Toney,
insert-rookie-phenoms-horizontal,RPH-12,Prime,false,,Kadarius Toney,
insert-rookie-phenoms-horizontal,RPH-12,Red,false,,Kadarius Toney,
insert-rookie-phenoms-horizontal,RPH-12,Gold Vinyl,false,,Kadarius Toney,
base,15,White Sparkle,false,,Daniel Jones,
base,15,Black,false,,Daniel Jones,
base,15,Black Pandora,false,,Daniel Jones,
base,15,Blue,false,,Daniel Jones,
base,15,Blue Hyper,false,,Daniel Jones,
base,15,Blue Scope,false,,Daniel Jones,
base,15,Bronze,false,,Daniel Jones,
base,15,Fire,false,,Daniel Jones,
base,15,Freedom,false,,Daniel Jones,
base,15,Gold,false,,Daniel Jones,
base,15,Gold Vinyl,false,,Daniel Jones,
base,15,Green,false,,Daniel Jones,
base,15,Green Velocity,false,,Daniel Jones,
base,15,Holo,false,,Daniel Jones,
base,15,Holo Variation,false,,Daniel Jones,
base,15,Ice,false,,Daniel Jones,
base,15,Lime Green,false,,Daniel Jones,
base,15,One Hundred,false,,Daniel Jones,
base,15,Orange,false,,Daniel Jones,
base,15,Orange Scope,false,,Daniel Jones,
base,15,Pink,false,,Daniel Jones,
base,15,Pink Velocity,false,,Daniel Jones,
base,15,Purple,false,,Daniel Jones,
base,15,Purple Shock,false,,Daniel Jones,
base,15,Purple Stars,false,,Daniel Jones,
base,15,Purple Velocity,false,,Daniel Jones,
base,15,Red,false,,Daniel Jones,
base,15,Red Hyper,false,,Daniel Jones,
base,15,Red Mojo,false,,Daniel Jones,
base,15,Red Stars,false,,Daniel Jones,
base,15,Rocket,false,,Daniel Jones,
base,15,Silver Circles,false,,Daniel Jones,
base,15,Stars,false,,Daniel Jones,
base,15,Teal Velocity,false,,Daniel Jones,
base,15,Wave,false,,Daniel Jones,
base,15,Aqua,false,,Daniel Jones,
base,15,Printing Plate Black,false,,Daniel Jones,
insert-rookie-gridiron-kings,RGK-10,Gold,false,,Kadarius Toney,
insert-rookie-gridiron-kings,RGK-10,Gold Vinyl,false,,Kadarius Toney,
insert-rookie-gridiron-kings,RGK-10,Black Pandora,false,,Kadarius Toney,
insert-rookie-gridiron-kings,RGK-10,Purple Stars,false,,Kadarius Toney,
base,212,White Sparkle,false,,Kadarius Toney,
base,212,Black,false,,Kadarius Toney,
base,212,Black Pandora,false,,Kadarius Toney,
base,212,Blue,false,,Kadarius Toney,
base,212,Blue Hyper,false,,Kadarius Toney,
base,212,Blue Scope,false,,Kadarius Toney,
base,212,Bronze,false,,Kadarius Toney,
base,212,Fire,false,,Kadarius Toney,
base,212,Freedom,false,,Kadarius Toney,
base,212,Gold,false,,Kadarius Toney,
base,212,Gold Vinyl,false,,Kadarius Toney,
base,212,Green,false,,Kadarius Toney,
base,212,Green Velocity,false,,Kadarius Toney,
base,212,Holo,false,,Kadarius Toney,
base,212,Holo Variation,false,,Kadarius Toney,
base,212,Ice,false,,Kadarius Toney,
base,212,Lime Green,false,,Kadarius Toney,
base,212,One Hundred,false,,Kadarius Toney,
base,212,Orange,false,,Kadarius Toney,
base,212,Orange Scope,false,,Kadarius Toney,
base,212,Pink,false,,Kadarius Toney,
base,212,Pink Velocity,false,,Kadarius Toney,
base,212,Purple,false,,Kadarius Toney,
base,212,Purple Shock,false,,Kadarius Toney,
base,212,Purple Stars,false,,Kadarius Toney,
base,212,Purple Velocity,false,,Kadarius Toney,
base,212,Red,false,,Kadarius Toney,
base,212,Red Hyper,false,,Kadarius Toney,
base,212,Red Mojo,false,,Kadarius Toney,
base,212,Red Stars,false,,Kadarius Toney,
base,212,Rocket,false,,Kadarius Toney,
base,212,Silver Circles,false,,Kadarius Toney,
base,212,Stars,false,,Kadarius Toney,
base,212,Teal Velocity,false,,Kadarius Toney,
base,212,Wave,false,,Kadarius Toney,
base,212,Aqua,false,,Kadarius Toney,
base,212,Printing Plate Black,false,,Kadarius Toney,
base,73,White Sparkle,false,,Quinnen Williams,
base,73,Black,false,,Quinnen Williams,
base,73,Black Pandora,false,,Quinnen Williams,
base,73,Blue,false,,Quinnen Williams,
base,73,Blue Hyper,false,,Quinnen Williams,
base,73,Blue Scope,false,,Quinnen Williams,
base,73,Bronze,false,,Quinnen Williams,
base,73,Fire,false,,Quinnen Williams,
base,73,Freedom,false,,Quinnen Williams,
base,73,Gold,false,,Quinnen Williams,
base,73,Gold Vinyl,false,,Quinnen Williams,
base,73,Green,false,,Quinnen Williams,
base,73,Green Velocity,false,,Quinnen Williams,
base,73,Holo,false,,Quinnen Williams,
base,73,Holo Variation,false,,Quinnen Williams,
base,73,Ice,false,,Quinnen Williams,
base,73,Lime Green,false,,Quinnen Williams,
base,73,One Hundred,false,,Quinnen Williams,
base,73,Orange,false,,Quinnen Williams,
base,73,Orange Scope,false,,Quinnen Williams,
base,73,Pink,false,,Quinnen Williams,
base,73,Pink Velocity,false,,Quinnen Williams,
base,73,Purple,false,,Quinnen Williams,
base,73,Purple Shock,false,,Quinnen Williams,
base,73,Purple Stars,false,,Quinnen Williams,
base,73,Purple Velocity,false,,Quinnen Williams,
base,73,Red,false,,Quinnen Williams,
base,73,Red Hyper,false,,Quinnen Williams,
base,73,Red Mojo,false,,Quinnen Williams,
base,73,Red Stars,false,,Quinnen Williams,
base,73,Rocket,false,,Quinnen Williams,
base,73,Silver Circles,false,,Quinnen Williams,
base,73,Stars,false,,Quinnen Williams,
base,73,Teal Velocity,false,,Quinnen Williams,
base,73,Wave,false,,Quinnen Williams,
base,73,Aqua,false,,Quinnen Williams,
base,73,Printing Plate Black,false,,Quinnen Williams,
insert-downtown,DT-4,Gold Vinyl,false,,Joe Namath,
insert-downtown,DT-4,Gold,false,,Joe Namath,
insert-downtown,DT-4,Black Pandora,false,,Joe Namath,
insert-downtown,DT-4,White Sparkle,false,,Joe Namath,
base,202,White Sparkle,false,,Zach Wilson,
base,202,Black,false,,Zach Wilson,
base,202,Black Pandora,false,,Zach Wilson,
base,202,Blue,false,,Zach Wilson,
base,202,Blue Hyper,false,,Zach Wilson,
base,202,Blue Scope,false,,Zach Wilson,
base,202,Bronze,false,,Zach Wilson,
base,202,Fire,false,,Zach Wilson,
base,202,Freedom,false,,Zach Wilson,
base,202,Gold,false,,Zach Wilson,
base,202,Gold Vinyl,false,,Zach Wilson,
base,202,Green,false,,Zach Wilson,
base,202,Green Velocity,false,,Zach Wilson,
base,202,Holo,false,,Zach Wilson,
base,202,Holo Variation,false,,Zach Wilson,
base,202,Ice,false,,Zach Wilson,
base,202,Lime Green,false,,Zach Wilson,
base,202,One Hundred,false,,Zach Wilson,
base,202,Orange,false,,Zach Wilson,
base,202,Orange Scope,false,,Zach Wilson,
base,202,Pink,false,,Zach Wilson,
base,202,Pink Velocity,false,,Zach Wilson,
base,202,Purple,false,,Zach Wilson,
base,202,Purple Shock,false,,Zach Wilson,
base,202,Purple Stars,false,,Zach Wilson,
base,202,Purple Velocity,false,,Zach Wilson,
base,202,Red,false,,Zach Wilson,
base,202,Red Hyper,false,,Zach Wilson,
base,202,Red Mojo,false,,Zach Wilson,
base,202,Red Stars,false,,Zach Wilson,
base,202,Rocket,false,,Zach Wilson,
base,202,Silver Circles,false,,Zach Wilson,
base,202,Stars,false,,Zach Wilson,
base,202,Teal Velocity,false,,Zach Wilson,
base,202,Wave,false,,Zach Wilson,
base,202,Aqua,false,,Zach Wilson,
base,202,Printing Plate Black,false,,Zach Wilson,
insert-rookie-phenoms-horizontal,RPH-35,Blue Hyper,false,,Michael Carter,
insert-rookie-phenoms-horizontal,RPH-35,Prime,false,,Michael Carter,
insert-rookie-phenoms-horizontal,RPH-35,Red,false,,Michael Carter,
insert-rookie-phenoms-horizontal,RPH-35,Gold Vinyl,false,,Michael Carter,
insert-downtown,DT-34,Gold Vinyl,false,,Zach Wilson,
insert-downtown,DT-34,Gold,false,,Zach Wilson,
insert-downtown,DT-34,Black Pandora,false,,Zach Wilson,
insert-downtown,DT-34,White Sparkle,false,,Zach Wilson,
insert-rookie-kings,RK-2,Gold,false,,Zach Wilson,
insert-rookie-kings,RK-2,Gold Vinyl,false,,Zach Wilson,
insert-rookie-kings,RK-2,White Sparkle,false,,Zach Wilson,
insert-rookie-kings,RK-2,Black Pandora,false,,Zach Wilson,
insert-the-rookies,TR-13,Gold Vinyl,false,,Elijah Moore,
insert-the-rookies,TR-13,Purple Stars,false,,Elijah Moore,
insert-the-rookies,TR-13,Black Pandora,false,,Elijah Moore,
insert-the-rookies,TR-13,Gold,false,,Elijah Moore,
insert-white-hot-rookies,WHR-8,Black Pandora,false,,Elijah Moore,
insert-white-hot-rookies,WHR-8,Gold,false,,Elijah Moore,
insert-white-hot-rookies,WHR-8,Gold Vinyl,false,,Elijah Moore,
insert-white-hot-rookies,WHR-8,Purple Stars,false,,Elijah Moore,
auto-rated-rookies-rps-autographs,216,Gold Vinyl,true,,Elijah Moore,
auto-rated-rookies-rps-autographs,216,Red Hyper,true,,Elijah Moore,
auto-rated-rookies-rps-autographs,216,Red,true,,Elijah Moore,
auto-rated-rookies-rps-autographs,216,Purple Stars,true,,Elijah Moore,
auto-rated-rookies-rps-autographs,216,Purple,true,,Elijah Moore,
auto-rated-rookies-rps-autographs,216,Pink Velocity,true,,Elijah Moore,
auto-rated-rookies-rps-autographs,216,Holo,true,,Elijah Moore,
auto-rated-rookies-rps-autographs,216,Green,true,,Elijah Moore,
auto-rated-rookies-rps-autographs,216,Gold,true,,Elijah Moore,
auto-rated-rookies-rps-autographs,216,Bronze,true,,Elijah Moore,
auto-rated-rookies-rps-autographs,216,Blue,true,,Elijah Moore,
auto-rated-rookies-rps-autographs,216,Black Pandora,true,,Elijah Moore,
insert-rookie-phenoms-horizontal,RPH-2,Blue Hyper,false,,Zach Wilson,
insert-rookie-phenoms-horizontal,RPH-2,Prime,false,,Zach Wilson,
insert-rookie-phenoms-horizontal,RPH-2,Red,false,,Zach Wilson,
insert-rookie-phenoms-horizontal,RPH-2,Gold Vinyl,false,,Zach Wilson,
auto-the-elite-series-rookies-autographs,ESR-19,Purple Stars,true,,Michael Carter,
auto-the-elite-series-rookies-autographs,ESR-19,Gold Vinyl,true,,Michael Carter,
auto-rookie-dual-autographs,RDA-MC,Gold Vinyl,true,,"Michael Carter AU, SN25, EXCH",
auto-rookie-dual-autographs,RDA-MC,Gold Vinyl,true,,Elijah Moore,
insert-rookie-gridiron-kings,RGK-14,Gold,false,,Elijah Moore,
insert-rookie-gridiron-kings,RGK-14,Gold Vinyl,false,,Elijah Moore,
insert-rookie-gridiron-kings,RGK-14,Black Pandora,false,,Elijah Moore,
insert-rookie-gridiron-kings,RGK-14,Purple Stars,false,,Elijah Moore,
insert-rookie-kings,RK-20,Gold,false,,Michael Carter,
insert-rookie-kings,RK-20,Gold Vinyl,false,,Michael Carter,
insert-rookie-kings,RK-20,White Sparkle,false,,Michael Carter,
insert-rookie-kings,RK-20,Black Pandora,false,,Michael Carter,
base,72,White Sparkle,false,,Denzel Mims,
base,72,Black,false,,Denzel Mims,
base,72,Black Pandora,false,,Denzel Mims,
base,72,Blue,false,,Denzel Mims,
base,72,Blue Hyper,false,,Denzel Mims,
base,72,Blue Scope,false,,Denzel Mims,
base,72,Bronze,false,,Denzel Mims,
base,72,Fire,false,,Denzel Mims,
base,72,Freedom,false,,Denzel Mims,
base,72,Gold,false,,Denzel Mims,
base,72,Gold Vinyl,false,,Denzel Mims,
base,72,Green,false,,Denzel Mims,
base,72,Green Velocity,false,,Denzel Mims,
base,72,Holo,false,,Denzel Mims,
base,72,Holo Variation,false,,Denzel Mims,
base,72,Ice,false,,Denzel Mims,
base,72,Lime Green,false,,Denzel Mims,
base,72,One Hundred,false,,Denzel Mims,
base,72,Orange,false,,Denzel Mims,
base,72,Orange Scope,false,,Denzel Mims,
base,72,Pink,false,,Denzel Mims,
base,72,Pink Velocity,false,,Denzel Mims,
base,72,Purple,false,,Denzel Mims,
base,72,Purple Shock,false,,Denzel Mims,
base,72,Purple Stars,false,,Denzel Mims,
base,72,Purple Velocity,false,,Denzel Mims,
base,72,Red,false,,Denzel Mims,
base,72,Red Hyper,false,,Denzel Mims,
base,72,Red Mojo,false,,Denzel Mims,
base,72,Red Stars,false,,Denzel Mims,
base,72,Rocket,false,,Denzel Mims,
base,72,Silver Circles,false,,Denzel Mims,
base,72,Stars,false,,Denzel Mims,
base,72,Teal Velocity,false,,Denzel Mims,
base,72,Wave,false,,Denzel Mims,
base,72,Aqua,false,,Denzel Mims,
base,72,Printing Plate Black,false,,Denzel Mims,
base,71,White Sparkle,false,,Jamison Crowder,
base,71,Black,false,,Jamison Crowder,
base,71,Black Pandora,false,,Jamison Crowder,
base,71,Blue,false,,Jamison Crowder,
base,71,Blue Hyper,false,,Jamison Crowder,
base,71,Blue Scope,false,,Jamison Crowder,
base,71,Bronze,false,,Jamison Crowder,
base,71,Fire,false,,Jamison Crowder,
base,71,Freedom,false,,Jamison Crowder,
base,71,Gold,false,,Jamison Crowder,
base,71,Gold Vinyl,false,,Jamison Crowder,
base,71,Green,false,,Jamison Crowder,
base,71,Green Velocity,false,,Jamison Crowder,
base,71,Holo,false,,Jamison Crowder,
base,71,Holo Variation,false,,Jamison Crowder,
base,71,Ice,false,,Jamison Crowder,
base,71,Lime Green,false,,Jamison Crowder,
base,71,One Hundred,false,,Jamison Crowder,
base,71,Orange,false,,Jamison Crowder,
base,71,Orange Scope,false,,Jamison Crowder,
base,71,Pink,false,,Jamison Crowder,
base,71,Pink Velocity,false,,Jamison Crowder,
base,71,Purple,false,,Jamison Crowder,
base,71,Purple Shock,false,,Jamison Crowder,
base,71,Purple Stars,false,,Jamison Crowder,
base,71,Purple Velocity,false,,Jamison Crowder,
base,71,Red,false,,Jamison Crowder,
base,71,Red Hyper,false,,Jamison Crowder,
base,71,Red Mojo,false,,Jamison Crowder,
base,71,Red Stars,false,,Jamison Crowder,
base,71,Rocket,false,,Jamison Crowder,
base,71,Silver Circles,false,,Jamison Crowder,
base,71,Stars,false,,Jamison Crowder,
base,71,Teal Velocity,false,,Jamison Crowder,
base,71,Wave,false,,Jamison Crowder,
base,71,Aqua,false,,Jamison Crowder,
base,71,Printing Plate Black,false,,Jamison Crowder,
base,70,White Sparkle,false,,Corey Davis,
base,70,Black,false,,Corey Davis,
base,70,Black Pandora,false,,Corey Davis,
base,70,Blue,false,,Corey Davis,
base,70,Blue Hyper,false,,Corey Davis,
base,70,Blue Scope,false,,Corey Davis,
base,70,Bronze,false,,Corey Davis,
base,70,Fire,false,,Corey Davis,
base,70,Freedom,false,,Corey Davis,
base,70,Gold,false,,Corey Davis,
base,70,Gold Vinyl,false,,Corey Davis,
base,70,Green,false,,Corey Davis,
base,70,Green Velocity,false,,Corey Davis,
base,70,Holo,false,,Corey Davis,
base,70,Holo Variation,false,,Corey Davis,
base,70,Ice,false,,Corey Davis,
base,70,Lime Green,false,,Corey Davis,
base,70,One Hundred,false,,Corey Davis,
base,70,Orange,false,,Corey Davis,
base,70,Orange Scope,false,,Corey Davis,
base,70,Pink,false,,Corey Davis,
base,70,Pink Velocity,false,,Corey Davis,
base,70,Purple,false,,Corey Davis,
base,70,Purple Shock,false,,Corey Davis,
base,70,Purple Stars,false,,Corey Davis,
base,70,Purple Velocity,false,,Corey Davis,
base,70,Red,false,,Corey Davis,
base,70,Red Hyper,false,,Corey Davis,
base,70,Red Mojo,false,,Corey Davis,
base,70,Red Stars,false,,Corey Davis,
base,70,Rocket,false,,Corey Davis,
base,70,Silver Circles,false,,Corey Davis,
base,70,Stars,false,,Corey Davis,
base,70,Teal Velocity,false,,Corey Davis,
base,70,Wave,false,,Corey Davis,
base,70,Aqua,false,,Corey Davis,
base,70,Printing Plate Black,false,,Corey Davis,
insert-the-rookies,TR-2,Gold Vinyl,false,,Zach Wilson,
insert-the-rookies,TR-2,Purple Stars,false,,Zach Wilson,
insert-the-rookies,TR-2,Black Pandora,false,,Zach Wilson,
insert-the-rookies,TR-2,Gold,false,,Zach Wilson,
base,75,White Sparkle,false,,John Riggins,
base,75,Black,false,,John Riggins,
base,75,Black Pandora,false,,John Riggins,
base,75,Blue,false,,John Riggins,
base,75,Blue Hyper,false,,John Riggins,
base,75,Blue Scope,false,,John Riggins,
base,75,Bronze,false,,John Riggins,
base,75,Fire,false,,John Riggins,
base,75,Freedom,false,,John Riggins,
base,75,Gold,false,,John Riggins,
base,75,Gold Vinyl,false,,John Riggins,
base,75,Green,false,,John Riggins,
base,75,Green Velocity,false,,John Riggins,
base,75,Holo,false,,John Riggins,
base,75,Holo Variation,false,,John Riggins,
base,75,Ice,false,,John Riggins,
base,75,Lime Green,false,,John Riggins,
base,75,One Hundred,false,,John Riggins,
base,75,Orange,false,,John Riggins,
base,75,Orange Scope,false,,John Riggins,
base,75,Pink,false,,John Riggins,
base,75,Pink Velocity,false,,John Riggins,
base,75,Purple,false,,John Riggins,
base,75,Purple Shock,false,,John Riggins,
base,75,Purple Stars,false,,John Riggins,
base,75,Purple Velocity,false,,John Riggins,
base,75,Red,false,,John Riggins,
base,75,Red Hyper,false,,John Riggins,
base,75,Red Mojo,false,,John Riggins,
base,75,Red Stars,false,,John Riggins,
base,75,Rocket,false,,John Riggins,
base,75,Silver Circles,false,,John Riggins,
base,75,Stars,false,,John Riggins,
base,75,Teal Velocity,false,,John Riggins,
base,75,Wave,false,,John Riggins,
base,75,Aqua,false,,John Riggins,
base,75,Printing Plate Black,false,,John Riggins,
auto-rookie-patch-autographs,RPA-EM,Gold Vinyl,true,,Elijah Moore,
insert-the-elite-series-rookies,ESR-2,Gold Vinyl,false,,Zach Wilson,
insert-the-elite-series-rookies,ESR-2,Purple Stars,false,,Zach Wilson,
insert-the-elite-series-rookies,ESR-2,Gold,false,,Zach Wilson,
insert-the-elite-series-rookies,ESR-2,Black Pandora,false,,Zach Wilson,
base,264,White Sparkle,false,,Alijah Vera-Tucker,
base,264,Black,false,,Alijah Vera-Tucker,
base,264,Black Pandora,false,,Alijah Vera-Tucker,
base,264,Blue,false,,Alijah Vera-Tucker,
base,264,Blue Hyper,false,,Alijah Vera-Tucker,
base,264,Blue Scope,false,,Alijah Vera-Tucker,
base,264,Bronze,false,,Alijah Vera-Tucker,
base,264,Fire,false,,Alijah Vera-Tucker,
base,264,Freedom,false,,Alijah Vera-Tucker,
base,264,Gold,false,,Alijah Vera-Tucker,
base,264,Gold Vinyl,false,,Alijah Vera-Tucker,
base,264,Green,false,,Alijah Vera-Tucker,
base,264,Green Velocity,false,,Alijah Vera-Tucker,
base,264,Holo,false,,Alijah Vera-Tucker,
base,264,Holo Variation,false,,Alijah Vera-Tucker,
base,264,Ice,false,,Alijah Vera-Tucker,
base,264,Lime Green,false,,Alijah Vera-Tucker,
base,264,One Hundred,false,,Alijah Vera-Tucker,
base,264,Orange,false,,Alijah Vera-Tucker,
base,264,Orange Scope,false,,Alijah Vera-Tucker,
base,264,Pink,false,,Alijah Vera-Tucker,
base,264,Pink Velocity,false,,Alijah Vera-Tucker,
base,264,Purple,false,,Alijah Vera-Tucker,
base,264,Purple Shock,false,,Alijah Vera-Tucker,
base,264,Purple Stars,false,,Alijah Vera-Tucker,
base,264,Purple Velocity,false,,Alijah Vera-Tucker,
base,264,Red,false,,Alijah Vera-Tucker,
base,264,Red Hyper,false,,Alijah Vera-Tucker,
base,264,Red Mojo,false,,Alijah Vera-Tucker,
base,264,Red Stars,false,,Alijah Vera-Tucker,
base,264,Rocket,false,,Alijah Vera-Tucker,
base,264,Silver Circles,false,,Alijah Vera-Tucker,
base,264,Stars,false,,Alijah Vera-Tucker,
base,264,Teal Velocity,false,,Alijah Vera-Tucker,
base,264,Wave,false,,Alijah Vera-Tucker,
base,264,Aqua,false,,Alijah Vera-Tucker,
base,264,Printing Plate Black,false,,Alijah Vera-Tucker,
insert-rookie-phenoms,RP-35,Prime,false,,Michael Carter,
insert-rookie-phenoms,RP-35,Blue Hyper,false,,Michael Carter,
insert-rookie-phenoms,RP-35,Gold Vinyl,false,,Michael Carter,
insert-rookie-phenoms,RP-35,Red,false,,Michael Carter,
insert-rookie-gridiron-kings,RGK-19,Gold,false,,Michael Carter,
insert-rookie-gridiron-kings,RGK-19,Gold Vinyl,false,,Michael Carter,
insert-rookie-gridiron-kings,RGK-19,Black Pandora,false,,Michael Carter,
insert-rookie-gridiron-kings,RGK-19,Purple Stars,false,,Michael Carter,
insert-the-elite-series-rookies,ESR-19,Gold Vinyl,false,,Michael Carter,
insert-the-elite-series-rookies,ESR-19,Purple Stars,false,,Michael Carter,
insert-the-elite-series-rookies,ESR-19,Gold,false,,Michael Carter,
insert-the-elite-series-rookies,ESR-19,Black Pandora,false,,Michael Carter,
base,74,White Sparkle,false,,Marcus Maye,
base,74,Black,false,,Marcus Maye,
base,74,Black Pandora,false,,Marcus Maye,
base,74,Blue,false,,Marcus Maye,
base,74,Blue Hyper,false,,Marcus Maye,
base,74,Blue Scope,false,,Marcus Maye,
base,74,Bronze,false,,Marcus Maye,
base,74,Fire,false,,Marcus Maye,
base,74,Freedom,false,,Marcus Maye,
base,74,Gold,false,,Marcus Maye,
base,74,Gold Vinyl,false,,Marcus Maye,
base,74,Green,false,,Marcus Maye,
base,74,Green Velocity,false,,Marcus Maye,
base,74,Holo,false,,Marcus Maye,
base,74,Holo Variation,false,,Marcus Maye,
base,74,Ice,false,,Marcus Maye,
base,74,Lime Green,false,,Marcus Maye,
base,74,One Hundred,false,,Marcus Maye,
base,74,Orange,false,,Marcus Maye,
base,74,Orange Scope,false,,Marcus Maye,
base,74,Pink,false,,Marcus Maye,
base,74,Pink Velocity,false,,Marcus Maye,
base,74,Purple,false,,Marcus Maye,
base,74,Purple Shock,false,,Marcus Maye,
base,74,Purple Stars,false,,Marcus Maye,
base,74,Purple Velocity,false,,Marcus Maye,
base,74,Red,false,,Marcus Maye,
base,74,Red Hyper,false,,Marcus Maye,
base,74,Red Mojo,false,,Marcus Maye,
base,74,Red Stars,false,,Marcus Maye,
base,74,Rocket,false,,Marcus Maye,
base,74,Silver Circles,false,,Marcus Maye,
base,74,Stars,false,,Marcus Maye,
base,74,Teal Velocity,false,,Marcus Maye,
base,74,Wave,false,,Marcus Maye,
base,74,Aqua,false,,Marcus Maye,
base,74,Printing Plate Black,false,,Marcus Maye,
auto-rookie-gridiron-kings-autographs,RGK-2,Gold Vinyl,true,,Zach Wilson,
auto-rookie-gridiron-kings-autographs,RGK-2,Purple Stars,true,,Zach Wilson,
auto-rated-rookies-rps-autographs,202,Gold Vinyl,true,,Zach Wilson,
auto-rated-rookies-rps-autographs,202,Red Hyper,true,,Zach Wilson,
auto-rated-rookies-rps-autographs,202,Red,true,,Zach Wilson,
auto-rated-rookies-rps-autographs,202,Purple Stars,true,,Zach Wilson,
auto-rated-rookies-rps-autographs,202,Purple,true,,Zach Wilson,
auto-rated-rookies-rps-autographs,202,Pink Velocity,true,,Zach Wilson,
auto-rated-rookies-rps-autographs,202,Holo,true,,Zach Wilson,
auto-rated-rookies-rps-autographs,202,Green,true,,Zach Wilson,
auto-rated-rookies-rps-autographs,202,Gold,true,,Zach Wilson,
auto-rated-rookies-rps-autographs,202,Bronze,true,,Zach Wilson,
auto-rated-rookies-rps-autographs,202,Blue,true,,Zach Wilson,
auto-rated-rookies-rps-autographs,202,Black Pandora,true,,Zach Wilson,
insert-my-house,MH-2,Black Pandora,false,,Zach Wilson,
insert-my-house,MH-2,Gold,false,,Zach Wilson,
insert-my-house,MH-2,Gold Vinyl,false,,Zach Wilson,
insert-my-house,MH-2,Purple Stars,false,,Zach Wilson,
auto-rookie-patch-autographs,RPA-MC,Gold Vinyl,true,,Michael Carter,
auto-rookie-dual-autographs,RDA-WM,Gold Vinyl,true,,Zach Wilson,
insert-legendary-logos,LL-15,Gold Vinyl,false,,Zach Wilson,
insert-legendary-logos,LL-15,Gold,false,,Zach Wilson,
insert-legendary-logos,LL-15,Black Pandora,false,,Zach Wilson,
insert-legendary-logos,LL-15,Purple Stars,false,,Zach Wilson,
base,216,White Sparkle,false,,Elijah Moore,
base,216,Black,false,,Elijah Moore,
base,216,Black Pandora,false,,Elijah Moore,
base,216,Blue,false,,Elijah Moore,
base,216,Blue Hyper,false,,Elijah Moore,
base,216,Blue Scope,false,,Elijah Moore,
base,216,Bronze,false,,Elijah Moore,
base,216,Fire,false,,Elijah Moore,
base,216,Freedom,false,,Elijah Moore,
base,216,Gold,false,,Elijah Moore,
base,216,Gold Vinyl,false,,Elijah Moore,
base,216,Green,false,,Elijah Moore,
base,216,Green Velocity,false,,Elijah Moore,
base,216,Holo,false,,Elijah Moore,
base,216,Holo Variation,false,,Elijah Moore,
base,216,Ice,false,,Elijah Moore,
base,216,Lime Green,false,,Elijah Moore,
base,216,One Hundred,false,,Elijah Moore,
base,216,Orange,false,,Elijah Moore,
base,216,Orange Scope,false,,Elijah Moore,
base,216,Pink,false,,Elijah Moore,
base,216,Pink Velocity,false,,Elijah Moore,
base,216,Purple,false,,Elijah Moore,
base,216,Purple Shock,false,,Elijah Moore,
base,216,Purple Stars,false,,Elijah Moore,
base,216,Purple Velocity,false,,Elijah Moore,
base,216,Red,false,,Elijah Moore,
base,216,Red Hyper,false,,Elijah Moore,
base,216,Red Mojo,false,,Elijah Moore,
base,216,Red Stars,false,,Elijah Moore,
base,216,Rocket,false,,Elijah Moore,
base,216,Silver Circles,false,,Elijah Moore,
base,216,Stars,false,,Elijah Moore,
base,216,Teal Velocity,false,,Elijah Moore,
base,216,Wave,false,,Elijah Moore,
base,216,Aqua,false,,Elijah Moore,
base,216,Printing Plate Black,false,,Elijah Moore,
auto-rated-rookies-autographs,264,Holo,true,,Alijah Vera-Tucker,
auto-rated-rookies-autographs,264,Pink Velocity,true,,Alijah Vera-Tucker,
auto-rated-rookies-autographs,264,Black Pandora,true,,Alijah Vera-Tucker,
auto-rated-rookies-autographs,264,Blue,true,,Alijah Vera-Tucker,
auto-rated-rookies-autographs,264,Red Hyper,true,,Alijah Vera-Tucker,
auto-rated-rookies-autographs,264,Red,true,,Alijah Vera-Tucker,
auto-rated-rookies-autographs,264,Purple Stars,true,,Alijah Vera-Tucker,
auto-rated-rookies-autographs,264,Purple,true,,Alijah Vera-Tucker,
auto-rated-rookies-autographs,264,Bronze,true,,Alijah Vera-Tucker,
auto-rated-rookies-autographs,264,Gold,true,,Alijah Vera-Tucker,
auto-rated-rookies-autographs,264,Green,true,,Alijah Vera-Tucker,
auto-rated-rookies-autographs,264,Gold Vinyl,true,,Alijah Vera-Tucker,
insert-white-hot-rookies,WHR-1,Black Pandora,false,,Zach Wilson,
insert-white-hot-rookies,WHR-1,Gold,false,,Zach Wilson,
insert-white-hot-rookies,WHR-1,Gold Vinyl,false,,Zach Wilson,
insert-white-hot-rookies,WHR-1,Purple Stars,false,,Zach Wilson,
auto-rookie-dual-autographs,RDA-WM,Gold Vinyl,true,,"Elijah Moore AU, SN10, EXCH",
insert-gifted-rookies,GR-2,Gold Vinyl,false,,Zach Wilson,
insert-gifted-rookies,GR-2,Gold,false,,Zach Wilson,
insert-gifted-rookies,GR-2,Black Pandora,false,,Zach Wilson,
insert-gifted-rookies,GR-2,Purple Stars,false,,Zach Wilson,
insert-mythical,MY-22,White Sparkle,false,,Zach Wilson,
insert-mythical,MY-22,Gold,false,,Zach Wilson,
insert-mythical,MY-22,Black Pandora,false,,Zach Wilson,
insert-mythical,MY-22,Gold Vinyl,false,,Zach Wilson,
auto-rookie-patch-autographs,RPA-ZW,Gold Vinyl,true,,Zach Wilson,
insert-rookie-phenoms,RP-2,Prime,false,,Zach Wilson,
insert-rookie-phenoms,RP-2,Blue Hyper,false,,Zach Wilson,
insert-rookie-phenoms,RP-2,Gold Vinyl,false,,Zach Wilson,
insert-rookie-phenoms,RP-2,Red,false,,Zach Wilson,
base,235,White Sparkle,false,,Michael Carter,
base,235,Black,false,,Michael Carter,
base,235,Black Pandora,false,,Michael Carter,
base,235,Blue,false,,Michael Carter,
base,235,Blue Hyper,false,,Michael Carter,
base,235,Blue Scope,false,,Michael Carter,
base,235,Bronze,false,,Michael Carter,
base,235,Fire,false,,Michael Carter,
base,235,Freedom,false,,Michael Carter,
base,235,Gold,false,,Michael Carter,
base,235,Gold Vinyl,false,,Michael Carter,
base,235,Green,false,,Michael Carter,
base,235,Green Velocity,false,,Michael Carter,
base,235,Holo,false,,Michael Carter,
base,235,Holo Variation,false,,Michael Carter,
base,235,Ice,false,,Michael Carter,
base,235,Lime Green,false,,Michael Carter,
base,235,One Hundred,false,,Michael Carter,
base,235,Orange,false,,Michael Carter,
base,235,Orange Scope,false,,Michael Carter,
base,235,Pink,false,,Michael Carter,
base,235,Pink Velocity,false,,Michael Carter,
base,235,Purple,false,,Michael Carter,
base,235,Purple Shock,false,,Michael Carter,
base,235,Purple Stars,false,,Michael Carter,
base,235,Purple Velocity,false,,Michael Carter,
base,235,Red,false,,Michael Carter,
base,235,Red Hyper,false,,Michael Carter,
base,235,Red Mojo,false,,Michael Carter,
base,235,Red Stars,false,,Michael Carter,
base,235,Rocket,false,,Michael Carter,
base,235,Silver Circles,false,,Michael Carter,
base,235,Stars,false,,Michael Carter,
base,235,Teal Velocity,false,,Michael Carter,
base,235,Wave,false,,Michael Carter,
base,235,Aqua,false,,Michael Carter,
base,235,Printing Plate Black,false,,Michael Carter,
insert-rookie-gridiron-kings,RGK-2,Gold,false,,Zach Wilson,
insert-rookie-gridiron-kings,RGK-2,Gold Vinyl,false,,Zach Wilson,
insert-rookie-gridiron-kings,RGK-2,Black Pandora,false,,Zach Wilson,
insert-rookie-gridiron-kings,RGK-2,Purple Stars,false,,Zach Wilson,
auto-the-elite-series-rookies-autographs,ESR-2,Purple Stars,true,,Zach Wilson,
auto-the-elite-series-rookies-autographs,ESR-2,Gold Vinyl,true,,Zach Wilson,
insert-rookie-phenoms,RP-16,Prime,false,,Elijah Moore,
insert-rookie-phenoms,RP-16,Blue Hyper,false,,Elijah Moore,
insert-rookie-phenoms,RP-16,Gold Vinyl,false,,Elijah Moore,
insert-rookie-phenoms,RP-16,Red,false,,Elijah Moore,
auto-rookie-gridiron-kings-autographs,RGK-14,Gold Vinyl,true,,Elijah Moore,
auto-rookie-gridiron-kings-autographs,RGK-14,Purple Stars,true,,Elijah Moore,
auto-the-rookies-autographs,TR-13,Gold Vinyl,true,,Elijah Moore,
auto-the-rookies-autographs,TR-13,Purple Stars,true,,Elijah Moore,
insert-rookie-phenoms-horizontal,RPH-16,Blue Hyper,false,,Elijah Moore,
insert-rookie-phenoms-horizontal,RPH-16,Prime,false,,Elijah Moore,
insert-rookie-phenoms-horizontal,RPH-16,Red,false,,Elijah Moore,
insert-rookie-phenoms-horizontal,RPH-16,Gold Vinyl,false,,Elijah Moore,
insert-gifted-rookies,GR-16,Gold Vinyl,false,,Elijah Moore,
insert-gifted-rookies,GR-16,Gold,false,,Elijah Moore,
insert-gifted-rookies,GR-16,Black Pandora,false,,Elijah Moore,
insert-gifted-rookies,GR-16,Purple Stars,false,,Elijah Moore,
auto-rookie-gridiron-kings-autographs,RGK-19,Gold Vinyl,true,,Michael Carter,
auto-rookie-gridiron-kings-autographs,RGK-19,Purple Stars,true,,Michael Carter,
auto-rated-rookies-rps-autographs,235,Gold Vinyl,true,,Michael Carter,
auto-rated-rookies-rps-autographs,235,Red Hyper,true,,Michael Carter,
auto-rated-rookies-rps-autographs,235,Red,true,,Michael Carter,
auto-rated-rookies-rps-autographs,235,Purple Stars,true,,Michael Carter,
auto-rated-rookies-rps-autographs,235,Purple,true,,Michael Carter,
auto-rated-rookies-rps-autographs,235,Pink Velocity,true,,Michael Carter,
auto-rated-rookies-rps-autographs,235,Holo,true,,Michael Carter,
auto-rated-rookies-rps-autographs,235,Green,true,,Michael Carter,
auto-rated-rookies-rps-autographs,235,Gold,true,,Michael Carter,
auto-rated-rookies-rps-autographs,235,Bronze,true,,Michael Carter,
auto-rated-rookies-rps-autographs,235,Blue,true,,Michael Carter,
auto-rated-rookies-rps-autographs,235,Black Pandora,true,,Michael Carter,
auto-the-rookies-autographs,TR-2,Gold Vinyl,true,,Zach Wilson,
auto-the-rookies-autographs,TR-2,Purple Stars,true,,Zach Wilson,
insert-rookie-phenoms-horizontal,RPH-5,Blue Hyper,false,,DeVonta Smith,
insert-rookie-phenoms-horizontal,RPH-5,Prime,false,,DeVonta Smith,
insert-rookie-phenoms-horizontal,RPH-5,Red,false,,DeVonta Smith,
insert-rookie-phenoms-horizontal,RPH-5,Gold Vinyl,false,,DeVonta Smith,
insert-downtown,DT-7,Gold Vinyl,false,,Brian Dawkins,
insert-downtown,DT-7,Gold,false,,Brian Dawkins,
insert-downtown,DT-7,Black Pandora,false,,Brian Dawkins,
insert-downtown,DT-7,White Sparkle,false,,Brian Dawkins,
insert-rookie-gridiron-kings,RGK-5,Gold,false,,DeVonta Smith,
insert-rookie-gridiron-kings,RGK-5,Gold Vinyl,false,,DeVonta Smith,
insert-rookie-gridiron-kings,RGK-5,Black Pandora,false,,DeVonta Smith,
insert-rookie-gridiron-kings,RGK-5,Purple Stars,false,,DeVonta Smith,
insert-donruss-threads,TH-8,Red,false,,Jalen Reagor,
insert-donruss-threads,TH-8,Blue Hyper,false,,Jalen Reagor,
insert-donruss-threads,TH-8,Gold Vinyl,false,,Jalen Reagor,
insert-donruss-threads,TH-8,Prime,false,,Jalen Reagor,
auto-rookie-gridiron-kings-autographs,RGK-5,Gold Vinyl,true,,DeVonta Smith,
auto-rookie-gridiron-kings-autographs,RGK-5,Purple Stars,true,,DeVonta Smith,
insert-rising-suns,RS-3,Purple Stars,false,,Jalen Reagor,
insert-rising-suns,RS-3,Gold,false,,Jalen Reagor,
insert-rising-suns,RS-3,Gold Vinyl,false,,Jalen Reagor,
insert-rising-suns,RS-3,Black Pandora,false,,Jalen Reagor,
insert-donruss-threads,TH-7,Red,false,,Jalen Hurts,
insert-donruss-threads,TH-7,Blue Hyper,false,,Jalen Hurts,
insert-donruss-threads,TH-7,Gold Vinyl,false,,Jalen Hurts,
insert-donruss-threads,TH-7,Prime,false,,Jalen Hurts,
base,12,White Sparkle,false,,Brian Dawkins,
base,12,Black,false,,Brian Dawkins,
base,12,Black Pandora,false,,Brian Dawkins,
base,12,Blue,false,,Brian Dawkins,
base,12,Blue Hyper,false,,Brian Dawkins,
base,12,Blue Scope,false,,Brian Dawkins,
base,12,Bronze,false,,Brian Dawkins,
base,12,Fire,false,,Brian Dawkins,
base,12,Freedom,false,,Brian Dawkins,
base,12,Gold,false,,Brian Dawkins,
base,12,Gold Vinyl,false,,Brian Dawkins,
base,12,Green,false,,Brian Dawkins,
base,12,Green Velocity,false,,Brian Dawkins,
base,12,Holo,false,,Brian Dawkins,
base,12,Holo Variation,false,,Brian Dawkins,
base,12,Ice,false,,Brian Dawkins,
base,12,Lime Green,false,,Brian Dawkins,
base,12,One Hundred,false,,Brian Dawkins,
base,12,Orange,false,,Brian Dawkins,
base,12,Orange Scope,false,,Brian Dawkins,
base,12,Pink,false,,Brian Dawkins,
base,12,Pink Velocity,false,,Brian Dawkins,
base,12,Purple,false,,Brian Dawkins,
base,12,Purple Shock,false,,Brian Dawkins,
base,12,Purple Stars,false,,Brian Dawkins,
base,12,Purple Velocity,false,,Brian Dawkins,
base,12,Red,false,,Brian Dawkins,
base,12,Red Hyper,false,,Brian Dawkins,
base,12,Red Mojo,false,,Brian Dawkins,
base,12,Red Stars,false,,Brian Dawkins,
base,12,Rocket,false,,Brian Dawkins,
base,12,Silver Circles,false,,Brian Dawkins,
base,12,Stars,false,,Brian Dawkins,
base,12,Teal Velocity,false,,Brian Dawkins,
base,12,Wave,false,,Brian Dawkins,
base,12,Aqua,false,,Brian Dawkins,
base,12,Printing Plate Black,false,,Brian Dawkins,
auto-the-rookies-autographs,TR-5,Gold Vinyl,true,,DeVonta Smith,
auto-the-rookies-autographs,TR-5,Purple Stars,true,,DeVonta Smith,
insert-downtown,DT-38,Gold Vinyl,false,,DeVonta Smith,
insert-downtown,DT-38,Gold,false,,DeVonta Smith,
insert-downtown,DT-38,Black Pandora,false,,DeVonta Smith,
insert-downtown,DT-38,White Sparkle,false,,DeVonta Smith,
insert-the-elite-series-rookies,ESR-5,Gold Vinyl,false,,DeVonta Smith,
insert-the-elite-series-rookies,ESR-5,Purple Stars,false,,DeVonta Smith,
insert-the-elite-series-rookies,ESR-5,Gold,false,,DeVonta Smith,
insert-the-elite-series-rookies,ESR-5,Black Pandora,false,,DeVonta Smith,
base,11,White Sparkle,false,,Derek Barnett,
base,11,Black,false,,Derek Barnett,
base,11,Black Pandora,false,,Derek Barnett,
base,11,Blue,false,,Derek Barnett,
base,11,Blue Hyper,false,,Derek Barnett,
base,11,Blue Scope,false,,Derek Barnett,
base,11,Bronze,false,,Derek Barnett,
base,11,Fire,false,,Derek Barnett,
base,11,Freedom,false,,Derek Barnett,
base,11,Gold,false,,Derek Barnett,
base,11,Gold Vinyl,false,,Derek Barnett,
base,11,Green,false,,Derek Barnett,
base,11,Green Velocity,false,,Derek Barnett,
base,11,Holo,false,,Derek Barnett,
base,11,Holo Variation,false,,Derek Barnett,
base,11,Ice,false,,Derek Barnett,
base,11,Lime Green,false,,Derek Barnett,
base,11,One Hundred,false,,Derek Barnett,
base,11,Orange,false,,Derek Barnett,
base,11,Orange Scope,false,,Derek Barnett,
base,11,Pink,false,,Derek Barnett,
base,11,Pink Velocity,false,,Derek Barnett,
base,11,Purple,false,,Derek Barnett,
base,11,Purple Shock,false,,Derek Barnett,
base,11,Purple Stars,false,,Derek Barnett,
base,11,Purple Velocity,false,,Derek Barnett,
base,11,Red,false,,Derek Barnett,
base,11,Red Hyper,false,,Derek Barnett,
base,11,Red Mojo,false,,Derek Barnett,
base,11,Red Stars,false,,Derek Barnett,
base,11,Rocket,false,,Derek Barnett,
base,11,Silver Circles,false,,Derek Barnett,
base,11,Stars,false,,Derek Barnett,
base,11,Teal Velocity,false,,Derek Barnett,
base,11,Wave,false,,Derek Barnett,
base,11,Aqua,false,,Derek Barnett,
base,11,Printing Plate Black,false,,Derek Barnett,
insert-rookie-kings,RK-5,Gold,false,,DeVonta Smith,
insert-rookie-kings,RK-5,Gold Vinyl,false,,DeVonta Smith,
insert-rookie-kings,RK-5,White Sparkle,false,,DeVonta Smith,
insert-rookie-kings,RK-5,Black Pandora,false,,DeVonta Smith,
auto-dynamic-patch-autographs,DPA-BW,Gold Vinyl,true,,Brian Westbrook,
insert-my-house,MH-14,Black Pandora,false,,Jalen Hurts,
insert-my-house,MH-14,Gold,false,,Jalen Hurts,
insert-my-house,MH-14,Gold Vinyl,false,,Jalen Hurts,
insert-my-house,MH-14,Purple Stars,false,,Jalen Hurts,
base,9,White Sparkle,false,,Jalen Hurts,
base,9,Black,false,,Jalen Hurts,
base,9,Black Pandora,false,,Jalen Hurts,
base,9,Blue,false,,Jalen Hurts,
base,9,Blue Hyper,false,,Jalen Hurts,
base,9,Blue Scope,false,,Jalen Hurts,
base,9,Bronze,false,,Jalen Hurts,
base,9,Fire,false,,Jalen Hurts,
base,9,Freedom,false,,Jalen Hurts,
base,9,Gold,false,,Jalen Hurts,
base,9,Gold Vinyl,false,,Jalen Hurts,
base,9,Green,false,,Jalen Hurts,
base,9,Green Velocity,false,,Jalen Hurts,
base,9,Holo,false,,Jalen Hurts,
base,9,Holo Variation,false,,Jalen Hurts,
base,9,Ice,false,,Jalen Hurts,
base,9,Lime Green,false,,Jalen Hurts,
base,9,One Hundred,false,,Jalen Hurts,
base,9,Orange,false,,Jalen Hurts,
base,9,Orange Scope,false,,Jalen Hurts,
base,9,Pink,false,,Jalen Hurts,
base,9,Pink Velocity,false,,Jalen Hurts,
base,9,Purple,false,,Jalen Hurts,
base,9,Purple Shock,false,,Jalen Hurts,
base,9,Purple Stars,false,,Jalen Hurts,
base,9,Purple Velocity,false,,Jalen Hurts,
base,9,Red,false,,Jalen Hurts,
base,9,Red Hyper,false,,Jalen Hurts,
base,9,Red Mojo,false,,Jalen Hurts,
base,9,Red Stars,false,,Jalen Hurts,
base,9,Rocket,false,,Jalen Hurts,
base,9,Silver Circles,false,,Jalen Hurts,
base,9,Stars,false,,Jalen Hurts,
base,9,Teal Velocity,false,,Jalen Hurts,
base,9,Wave,false,,Jalen Hurts,
base,9,Aqua,false,,Jalen Hurts,
base,9,Printing Plate Black,false,,Jalen Hurts,
insert-red-hot-rookies,RHR-3,Black Pandora,false,,DeVonta Smith,
insert-red-hot-rookies,RHR-3,Gold Vinyl,false,,DeVonta Smith,
insert-red-hot-rookies,RHR-3,Purple Stars,false,,DeVonta Smith,
insert-red-hot-rookies,RHR-3,Gold,false,,DeVonta Smith,
insert-the-rookies,TR-5,Gold Vinyl,false,,DeVonta Smith,
insert-the-rookies,TR-5,Purple Stars,false,,DeVonta Smith,
insert-the-rookies,TR-5,Black Pandora,false,,DeVonta Smith,
insert-the-rookies,TR-5,Gold,false,,DeVonta Smith,
base,10,White Sparkle,false,,Miles Sanders,
base,10,Black,false,,Miles Sanders,
base,10,Black Pandora,false,,Miles Sanders,
base,10,Blue,false,,Miles Sanders,
base,10,Blue Hyper,false,,Miles Sanders,
base,10,Blue Scope,false,,Miles Sanders,
base,10,Bronze,false,,Miles Sanders,
base,10,Fire,false,,Miles Sanders,
base,10,Freedom,false,,Miles Sanders,
base,10,Gold,false,,Miles Sanders,
base,10,Gold Vinyl,false,,Miles Sanders,
base,10,Green,false,,Miles Sanders,
base,10,Green Velocity,false,,Miles Sanders,
base,10,Holo,false,,Miles Sanders,
base,10,Holo Variation,false,,Miles Sanders,
base,10,Ice,false,,Miles Sanders,
base,10,Lime Green,false,,Miles Sanders,
base,10,One Hundred,false,,Miles Sanders,
base,10,Orange,false,,Miles Sanders,
base,10,Orange Scope,false,,Miles Sanders,
base,10,Pink,false,,Miles Sanders,
base,10,Pink Velocity,false,,Miles Sanders,
base,10,Purple,false,,Miles Sanders,
base,10,Purple Shock,false,,Miles Sanders,
base,10,Purple Stars,false,,Miles Sanders,
base,10,Purple Velocity,false,,Miles Sanders,
base,10,Red,false,,Miles Sanders,
base,10,Red Hyper,false,,Miles Sanders,
base,10,Red Mojo,false,,Miles Sanders,
base,10,Red Stars,false,,Miles Sanders,
base,10,Rocket,false,,Miles Sanders,
base,10,Silver Circles,false,,Miles Sanders,
base,10,Stars,false,,Miles Sanders,
base,10,Teal Velocity,false,,Miles Sanders,
base,10,Wave,false,,Miles Sanders,
base,10,Aqua,false,,Miles Sanders,
base,10,Printing Plate Black,false,,Miles Sanders,
auto-rookie-patch-autographs,RPA-DS,Gold Vinyl,true,,DeVonta Smith,
auto-rated-rookies-rps-autographs,205,Gold Vinyl,true,,DeVonta Smith,
auto-rated-rookies-rps-autographs,205,Red Hyper,true,,DeVonta Smith,
auto-rated-rookies-rps-autographs,205,Red,true,,DeVonta Smith,
auto-rated-rookies-rps-autographs,205,Purple Stars,true,,DeVonta Smith,
auto-rated-rookies-rps-autographs,205,Purple,true,,DeVonta Smith,
auto-rated-rookies-rps-autographs,205,Pink Velocity,true,,DeVonta Smith,
auto-rated-rookies-rps-autographs,205,Holo,true,,DeVonta Smith,
auto-rated-rookies-rps-autographs,205,Green,true,,DeVonta Smith,
auto-rated-rookies-rps-autographs,205,Gold,true,,DeVonta Smith,
auto-rated-rookies-rps-autographs,205,Bronze,true,,DeVonta Smith,
auto-rated-rookies-rps-autographs,205,Blue,true,,DeVonta Smith,
auto-rated-rookies-rps-autographs,205,Black Pandora,true,,DeVonta Smith,
auto-rated-rookies-rps-autographs,239,Gold Vinyl,true,,Kenneth Gainwell,
auto-rated-rookies-rps-autographs,239,Red Hyper,true,,Kenneth Gainwell,
auto-rated-rookies-rps-autographs,239,Red,true,,Kenneth Gainwell,
auto-rated-rookies-rps-autographs,239,Purple Stars,true,,Kenneth Gainwell,
auto-rated-rookies-rps-autographs,239,Purple,true,,Kenneth Gainwell,
auto-rated-rookies-rps-autographs,239,Pink Velocity,true,,Kenneth Gainwell,
auto-rated-rookies-rps-autographs,239,Holo,true,,Kenneth Gainwell,
auto-rated-rookies-rps-autographs,239,Green,true,,Kenneth Gainwell,
auto-rated-rookies-rps-autographs,239,Gold,true,,Kenneth Gainwell,
auto-rated-rookies-rps-autographs,239,Bronze,true,,Kenneth Gainwell,
auto-rated-rookies-rps-autographs,239,Blue,true,,Kenneth Gainwell,
auto-rated-rookies-rps-autographs,239,Black Pandora,true,,Kenneth Gainwell,
auto-rookie-patch-autographs,RPA-KG,Gold Vinyl,true,,Kenneth Gainwell,
base,8,White Sparkle,false,,Dallas Goedert,
base,8,Black,false,,Dallas Goedert,
base,8,Black Pandora,false,,Dallas Goedert,
base,8,Blue,false,,Dallas Goedert,
base,8,Blue Hyper,false,,Dallas Goedert,
base,8,Blue Scope,false,,Dallas Goedert,
base,8,Bronze,false,,Dallas Goedert,
base,8,Fire,false,,Dallas Goedert,
base,8,Freedom,false,,Dallas Goedert,
base,8,Gold,false,,Dallas Goedert,
base,8,Gold Vinyl,false,,Dallas Goedert,
base,8,Green,false,,Dallas Goedert,
base,8,Green Velocity,false,,Dallas Goedert,
base,8,Holo,false,,Dallas Goedert,
base,8,Holo Variation,false,,Dallas Goedert,
base,8,Ice,false,,Dallas Goedert,
base,8,Lime Green,false,,Dallas Goedert,
base,8,One Hundred,false,,Dallas Goedert,
base,8,Orange,false,,Dallas Goedert,
base,8,Orange Scope,false,,Dallas Goedert,
base,8,Pink,false,,Dallas Goedert,
base,8,Pink Velocity,false,,Dallas Goedert,
base,8,Purple,false,,Dallas Goedert,
base,8,Purple Shock,false,,Dallas Goedert,
base,8,Purple Stars,false,,Dallas Goedert,
base,8,Purple Velocity,false,,Dallas Goedert,
base,8,Red,false,,Dallas Goedert,
base,8,Red Hyper,false,,Dallas Goedert,
base,8,Red Mojo,false,,Dallas Goedert,
base,8,Red Stars,false,,Dallas Goedert,
base,8,Rocket,false,,Dallas Goedert,
base,8,Silver Circles,false,,Dallas Goedert,
base,8,Stars,false,,Dallas Goedert,
base,8,Teal Velocity,false,,Dallas Goedert,
base,8,Wave,false,,Dallas Goedert,
base,8,Aqua,false,,Dallas Goedert,
base,8,Printing Plate Black,false,,Dallas Goedert,
base,239,White Sparkle,false,,Kenneth Gainwell,
base,239,Black,false,,Kenneth Gainwell,
base,239,Black Pandora,false,,Kenneth Gainwell,
base,239,Blue,false,,Kenneth Gainwell,
base,239,Blue Hyper,false,,Kenneth Gainwell,
base,239,Blue Scope,false,,Kenneth Gainwell,
base,239,Bronze,false,,Kenneth Gainwell,
base,239,Fire,false,,Kenneth Gainwell,
base,239,Freedom,false,,Kenneth Gainwell,
base,239,Gold,false,,Kenneth Gainwell,
base,239,Gold Vinyl,false,,Kenneth Gainwell,
base,239,Green,false,,Kenneth Gainwell,
base,239,Green Velocity,false,,Kenneth Gainwell,
base,239,Holo,false,,Kenneth Gainwell,
base,239,Holo Variation,false,,Kenneth Gainwell,
base,239,Ice,false,,Kenneth Gainwell,
base,239,Lime Green,false,,Kenneth Gainwell,
base,239,One Hundred,false,,Kenneth Gainwell,
base,239,Orange,false,,Kenneth Gainwell,
base,239,Orange Scope,false,,Kenneth Gainwell,
base,239,Pink,false,,Kenneth Gainwell,
base,239,Pink Velocity,false,,Kenneth Gainwell,
base,239,Purple,false,,Kenneth Gainwell,
base,239,Purple Shock,false,,Kenneth Gainwell,
base,239,Purple Stars,false,,Kenneth Gainwell,
base,239,Purple Velocity,false,,Kenneth Gainwell,
base,239,Red,false,,Kenneth Gainwell,
base,239,Red Hyper,false,,Kenneth Gainwell,
base,239,Red Mojo,false,,Kenneth Gainwell,
base,239,Red Stars,false,,Kenneth Gainwell,
base,239,Rocket,false,,Kenneth Gainwell,
base,239,Silver Circles,false,,Kenneth Gainwell,
base,239,Stars,false,,Kenneth Gainwell,
base,239,Teal Velocity,false,,Kenneth Gainwell,
base,239,Wave,false,,Kenneth Gainwell,
base,239,Aqua,false,,Kenneth Gainwell,
base,239,Printing Plate Black,false,,Kenneth Gainwell,
auto-legendary-patch-autographs,LPA-RW,Gold Vinyl,true,,Ricky Watters,
insert-rookie-phenoms,RP-5,Prime,false,,DeVonta Smith,
insert-rookie-phenoms,RP-5,Blue Hyper,false,,DeVonta Smith,
insert-rookie-phenoms,RP-5,Gold Vinyl,false,,DeVonta Smith,
insert-rookie-phenoms,RP-5,Red,false,,DeVonta Smith,
auto-the-elite-series-rookies-autographs,ESR-5,Purple Stars,true,,DeVonta Smith,
auto-the-elite-series-rookies-autographs,ESR-5,Gold Vinyl,true,,DeVonta Smith,
base,205,White Sparkle,false,,DeVonta Smith,
base,205,Black,false,,DeVonta Smith,
base,205,Black Pandora,false,,DeVonta Smith,
base,205,Blue,false,,DeVonta Smith,
base,205,Blue Hyper,false,,DeVonta Smith,
base,205,Blue Scope,false,,DeVonta Smith,
base,205,Bronze,false,,DeVonta Smith,
base,205,Fire,false,,DeVonta Smith,
base,205,Freedom,false,,DeVonta Smith,
base,205,Gold,false,,DeVonta Smith,
base,205,Gold Vinyl,false,,DeVonta Smith,
base,205,Green,false,,DeVonta Smith,
base,205,Green Velocity,false,,DeVonta Smith,
base,205,Holo,false,,DeVonta Smith,
base,205,Holo Variation,false,,DeVonta Smith,
base,205,Ice,false,,DeVonta Smith,
base,205,Lime Green,false,,DeVonta Smith,
base,205,One Hundred,false,,DeVonta Smith,
base,205,Orange,false,,DeVonta Smith,
base,205,Orange Scope,false,,DeVonta Smith,
base,205,Pink,false,,DeVonta Smith,
base,205,Pink Velocity,false,,DeVonta Smith,
base,205,Purple,false,,DeVonta Smith,
base,205,Purple Shock,false,,DeVonta Smith,
base,205,Purple Stars,false,,DeVonta Smith,
base,205,Purple Velocity,false,,DeVonta Smith,
base,205,Red,false,,DeVonta Smith,
base,205,Red Hyper,false,,DeVonta Smith,
base,205,Red Mojo,false,,DeVonta Smith,
base,205,Red Stars,false,,DeVonta Smith,
base,205,Rocket,false,,DeVonta Smith,
base,205,Silver Circles,false,,DeVonta Smith,
base,205,Stars,false,,DeVonta Smith,
base,205,Teal Velocity,false,,DeVonta Smith,
base,205,Wave,false,,DeVonta Smith,
base,205,Aqua,false,,DeVonta Smith,
base,205,Printing Plate Black,false,,DeVonta Smith,
base,7,White Sparkle,false,,Jalen Reagor,
base,7,Black,false,,Jalen Reagor,
base,7,Black Pandora,false,,Jalen Reagor,
base,7,Blue,false,,Jalen Reagor,
base,7,Blue Hyper,false,,Jalen Reagor,
base,7,Blue Scope,false,,Jalen Reagor,
base,7,Bronze,false,,Jalen Reagor,
base,7,Fire,false,,Jalen Reagor,
base,7,Freedom,false,,Jalen Reagor,
base,7,Gold,false,,Jalen Reagor,
base,7,Gold Vinyl,false,,Jalen Reagor,
base,7,Green,false,,Jalen Reagor,
base,7,Green Velocity,false,,Jalen Reagor,
base,7,Holo,false,,Jalen Reagor,
base,7,Holo Variation,false,,Jalen Reagor,
base,7,Ice,false,,Jalen Reagor,
base,7,Lime Green,false,,Jalen Reagor,
base,7,One Hundred,false,,Jalen Reagor,
base,7,Orange,false,,Jalen Reagor,
base,7,Orange Scope,false,,Jalen Reagor,
base,7,Pink,false,,Jalen Reagor,
base,7,Pink Velocity,false,,Jalen Reagor,
base,7,Purple,false,,Jalen Reagor,
base,7,Purple Shock,false,,Jalen Reagor,
base,7,Purple Stars,false,,Jalen Reagor,
base,7,Purple Velocity,false,,Jalen Reagor,
base,7,Red,false,,Jalen Reagor,
base,7,Red Hyper,false,,Jalen Reagor,
base,7,Red Mojo,false,,Jalen Reagor,
base,7,Red Stars,false,,Jalen Reagor,
base,7,Rocket,false,,Jalen Reagor,
base,7,Silver Circles,false,,Jalen Reagor,
base,7,Stars,false,,Jalen Reagor,
base,7,Teal Velocity,false,,Jalen Reagor,
base,7,Wave,false,,Jalen Reagor,
base,7,Aqua,false,,Jalen Reagor,
base,7,Printing Plate Black,false,,Jalen Reagor,
insert-gifted-rookies,GR-5,Gold Vinyl,false,,DeVonta Smith,
insert-gifted-rookies,GR-5,Gold,false,,DeVonta Smith,
insert-gifted-rookies,GR-5,Black Pandora,false,,DeVonta Smith,
insert-gifted-rookies,GR-5,Purple Stars,false,,DeVonta Smith,
insert-legendary-logos,LL-16,Gold Vinyl,false,,Jalen Hurts,
insert-legendary-logos,LL-16,Gold,false,,Jalen Hurts,
insert-legendary-logos,LL-16,Black Pandora,false,,Jalen Hurts,
insert-legendary-logos,LL-16,Purple Stars,false,,Jalen Hurts,
insert-rookie-phenoms-horizontal,RPH-39,Blue Hyper,false,,Kenneth Gainwell,
insert-rookie-phenoms-horizontal,RPH-39,Prime,false,,Kenneth Gainwell,
insert-rookie-phenoms-horizontal,RPH-39,Red,false,,Kenneth Gainwell,
insert-rookie-phenoms-horizontal,RPH-39,Gold Vinyl,false,,Kenneth Gainwell,
insert-rookie-phenoms,RP-39,Prime,false,,Kenneth Gainwell,
insert-rookie-phenoms,RP-39,Blue Hyper,false,,Kenneth Gainwell,
insert-rookie-phenoms,RP-39,Gold Vinyl,false,,Kenneth Gainwell,
insert-rookie-phenoms,RP-39,Red,false,,Kenneth Gainwell,
insert-downtown,DT-17,Gold Vinyl,false,,T.J. Watt,
insert-downtown,DT-17,Gold,false,,T.J. Watt,
insert-downtown,DT-17,Black Pandora,false,,T.J. Watt,
insert-downtown,DT-17,White Sparkle,false,,T.J. Watt,
auto-rookie-patch-autographs,RPA-PF,Gold Vinyl,true,,Pat Freiermuth,
auto-rookie-patch-autographs,RPA-NHA,Gold Vinyl,true,,Najee Harris,
base,213,White Sparkle,false,,Najee Harris,
base,213,Black,false,,Najee Harris,
base,213,Black Pandora,false,,Najee Harris,
base,213,Blue,false,,Najee Harris,
base,213,Blue Hyper,false,,Najee Harris,
base,213,Blue Scope,false,,Najee Harris,
base,213,Bronze,false,,Najee Harris,
base,213,Fire,false,,Najee Harris,
base,213,Freedom,false,,Najee Harris,
base,213,Gold,false,,Najee Harris,
base,213,Gold Vinyl,false,,Najee Harris,
base,213,Green,false,,Najee Harris,
base,213,Green Velocity,false,,Najee Harris,
base,213,Holo,false,,Najee Harris,
base,213,Holo Variation,false,,Najee Harris,
base,213,Ice,false,,Najee Harris,
base,213,Lime Green,false,,Najee Harris,
base,213,One Hundred,false,,Najee Harris,
base,213,Orange,false,,Najee Harris,
base,213,Orange Scope,false,,Najee Harris,
base,213,Pink,false,,Najee Harris,
base,213,Pink Velocity,false,,Najee Harris,
base,213,Purple,false,,Najee Harris,
base,213,Purple Shock,false,,Najee Harris,
base,213,Purple Stars,false,,Najee Harris,
base,213,Purple Velocity,false,,Najee Harris,
base,213,Red,false,,Najee Harris,
base,213,Red Hyper,false,,Najee Harris,
base,213,Red Mojo,false,,Najee Harris,
base,213,Red Stars,false,,Najee Harris,
base,213,Rocket,false,,Najee Harris,
base,213,Silver Circles,false,,Najee Harris,
base,213,Stars,false,,Najee Harris,
base,213,Teal Velocity,false,,Najee Harris,
base,213,Wave,false,,Najee Harris,
base,213,Aqua,false,,Najee Harris,
base,213,Printing Plate Black,false,,Najee Harris,
insert-rookie-phenoms,RP-32,Prime,false,,Pat Freiermuth,
insert-rookie-phenoms,RP-32,Blue Hyper,false,,Pat Freiermuth,
insert-rookie-phenoms,RP-32,Gold Vinyl,false,,Pat Freiermuth,
insert-rookie-phenoms,RP-32,Red,false,,Pat Freiermuth,
insert-globall,GB-4,Purple Stars,false,,Chase Claypool,
insert-globall,GB-4,Gold,false,,Chase Claypool,
insert-globall,GB-4,Black Pandora,false,,Chase Claypool,
insert-globall,GB-4,Gold Vinyl,false,,Chase Claypool,
base,147,White Sparkle,false,,Eric Ebron,
base,147,Black,false,,Eric Ebron,
base,147,Black Pandora,false,,Eric Ebron,
base,147,Blue,false,,Eric Ebron,
base,147,Blue Hyper,false,,Eric Ebron,
base,147,Blue Scope,false,,Eric Ebron,
base,147,Bronze,false,,Eric Ebron,
base,147,Fire,false,,Eric Ebron,
base,147,Freedom,false,,Eric Ebron,
base,147,Gold,false,,Eric Ebron,
base,147,Gold Vinyl,false,,Eric Ebron,
base,147,Green,false,,Eric Ebron,
base,147,Green Velocity,false,,Eric Ebron,
base,147,Holo,false,,Eric Ebron,
base,147,Holo Variation,false,,Eric Ebron,
base,147,Ice,false,,Eric Ebron,
base,147,Lime Green,false,,Eric Ebron,
base,147,One Hundred,false,,Eric Ebron,
base,147,Orange,false,,Eric Ebron,
base,147,Orange Scope,false,,Eric Ebron,
base,147,Pink,false,,Eric Ebron,
base,147,Pink Velocity,false,,Eric Ebron,
base,147,Purple,false,,Eric Ebron,
base,147,Purple Shock,false,,Eric Ebron,
base,147,Purple Stars,false,,Eric Ebron,
base,147,Purple Velocity,false,,Eric Ebron,
base,147,Red,false,,Eric Ebron,
base,147,Red Hyper,false,,Eric Ebron,
base,147,Red Mojo,false,,Eric Ebron,
base,147,Red Stars,false,,Eric Ebron,
base,147,Rocket,false,,Eric Ebron,
base,147,Silver Circles,false,,Eric Ebron,
base,147,Stars,false,,Eric Ebron,
base,147,Teal Velocity,false,,Eric Ebron,
base,147,Wave,false,,Eric Ebron,
base,147,Aqua,false,,Eric Ebron,
base,147,Printing Plate Black,false,,Eric Ebron,
base,148,White Sparkle,false,,Ben Roethlisberger,
base,148,Black,false,,Ben Roethlisberger,
base,148,Black Pandora,false,,Ben Roethlisberger,
base,148,Blue,false,,Ben Roethlisberger,
base,148,Blue Hyper,false,,Ben Roethlisberger,
base,148,Blue Scope,false,,Ben Roethlisberger,
base,148,Bronze,false,,Ben Roethlisberger,
base,148,Fire,false,,Ben Roethlisberger,
base,148,Freedom,false,,Ben Roethlisberger,
base,148,Gold,false,,Ben Roethlisberger,
base,148,Gold Vinyl,false,,Ben Roethlisberger,
base,148,Green,false,,Ben Roethlisberger,
base,148,Green Velocity,false,,Ben Roethlisberger,
base,148,Holo,false,,Ben Roethlisberger,
base,148,Holo Variation,false,,Ben Roethlisberger,
base,148,Ice,false,,Ben Roethlisberger,
base,148,Lime Green,false,,Ben Roethlisberger,
base,148,One Hundred,false,,Ben Roethlisberger,
base,148,Orange,false,,Ben Roethlisberger,
base,148,Orange Scope,false,,Ben Roethlisberger,
base,148,Pink,false,,Ben Roethlisberger,
base,148,Pink Velocity,false,,Ben Roethlisberger,
base,148,Purple,false,,Ben Roethlisberger,
base,148,Purple Shock,false,,Ben Roethlisberger,
base,148,Purple Stars,false,,Ben Roethlisberger,
base,148,Purple Velocity,false,,Ben Roethlisberger,
base,148,Red,false,,Ben Roethlisberger,
base,148,Red Hyper,false,,Ben Roethlisberger,
base,148,Red Mojo,false,,Ben Roethlisberger,
base,148,Red Stars,false,,Ben Roethlisberger,
base,148,Rocket,false,,Ben Roethlisberger,
base,148,Silver Circles,false,,Ben Roethlisberger,
base,148,Stars,false,,Ben Roethlisberger,
base,148,Teal Velocity,false,,Ben Roethlisberger,
base,148,Wave,false,,Ben Roethlisberger,
base,148,Aqua,false,,Ben Roethlisberger,
base,148,Printing Plate Black,false,,Ben Roethlisberger,
insert-downtown,DT-12,Gold Vinyl,false,,Troy Polamalu,
insert-downtown,DT-12,Gold,false,,Troy Polamalu,
insert-downtown,DT-12,Black Pandora,false,,Troy Polamalu,
insert-downtown,DT-12,White Sparkle,false,,Troy Polamalu,
insert-legendary-logos,LL-17,Gold Vinyl,false,,Najee Harris,
insert-legendary-logos,LL-17,Gold,false,,Najee Harris,
insert-legendary-logos,LL-17,Black Pandora,false,,Najee Harris,
insert-legendary-logos,LL-17,Purple Stars,false,,Najee Harris,
insert-rookie-gridiron-kings,RGK-11,Gold,false,,Najee Harris,
insert-rookie-gridiron-kings,RGK-11,Gold Vinyl,false,,Najee Harris,
insert-rookie-gridiron-kings,RGK-11,Black Pandora,false,,Najee Harris,
insert-rookie-gridiron-kings,RGK-11,Purple Stars,false,,Najee Harris,
base,149,White Sparkle,false,,T.J. Watt,
base,149,Black,false,,T.J. Watt,
base,149,Black Pandora,false,,T.J. Watt,
base,149,Blue,false,,T.J. Watt,
base,149,Blue Hyper,false,,T.J. Watt,
base,149,Blue Scope,false,,T.J. Watt,
base,149,Bronze,false,,T.J. Watt,
base,149,Fire,false,,T.J. Watt,
base,149,Freedom,false,,T.J. Watt,
base,149,Gold,false,,T.J. Watt,
base,149,Gold Vinyl,false,,T.J. Watt,
base,149,Green,false,,T.J. Watt,
base,149,Green Velocity,false,,T.J. Watt,
base,149,Holo,false,,T.J. Watt,
base,149,Holo Variation,false,,T.J. Watt,
base,149,Ice,false,,T.J. Watt,
base,149,Lime Green,false,,T.J. Watt,
base,149,One Hundred,false,,T.J. Watt,
base,149,Orange,false,,T.J. Watt,
base,149,Orange Scope,false,,T.J. Watt,
base,149,Pink,false,,T.J. Watt,
base,149,Pink Velocity,false,,T.J. Watt,
base,149,Purple,false,,T.J. Watt,
base,149,Purple Shock,false,,T.J. Watt,
base,149,Purple Stars,false,,T.J. Watt,
base,149,Purple Velocity,false,,T.J. Watt,
base,149,Red,false,,T.J. Watt,
base,149,Red Hyper,false,,T.J. Watt,
base,149,Red Mojo,false,,T.J. Watt,
base,149,Red Stars,false,,T.J. Watt,
base,149,Rocket,false,,T.J. Watt,
base,149,Silver Circles,false,,T.J. Watt,
base,149,Stars,false,,T.J. Watt,
base,149,Teal Velocity,false,,T.J. Watt,
base,149,Wave,false,,T.J. Watt,
base,149,Aqua,false,,T.J. Watt,
base,149,Printing Plate Black,false,,T.J. Watt,
auto-rated-rookies-rps-autographs,213,Gold Vinyl,true,,Najee Harris,
auto-rated-rookies-rps-autographs,213,Red Hyper,true,,Najee Harris,
auto-rated-rookies-rps-autographs,213,Red,true,,Najee Harris,
auto-rated-rookies-rps-autographs,213,Purple Stars,true,,Najee Harris,
auto-rated-rookies-rps-autographs,213,Purple,true,,Najee Harris,
auto-rated-rookies-rps-autographs,213,Pink Velocity,true,,Najee Harris,
auto-rated-rookies-rps-autographs,213,Holo,true,,Najee Harris,
auto-rated-rookies-rps-autographs,213,Green,true,,Najee Harris,
auto-rated-rookies-rps-autographs,213,Gold,true,,Najee Harris,
auto-rated-rookies-rps-autographs,213,Bronze,true,,Najee Harris,
auto-rated-rookies-rps-autographs,213,Blue,true,,Najee Harris,
auto-rated-rookies-rps-autographs,213,Black Pandora,true,,Najee Harris,
insert-rookie-kings,RK-13,Gold,false,,Najee Harris,
insert-rookie-kings,RK-13,Gold Vinyl,false,,Najee Harris,
insert-rookie-kings,RK-13,White Sparkle,false,,Najee Harris,
insert-rookie-kings,RK-13,Black Pandora,false,,Najee Harris,
insert-globall,GB-13,Purple Stars,false,,Hines Ward,
insert-globall,GB-13,Gold,false,,Hines Ward,
insert-globall,GB-13,Black Pandora,false,,Hines Ward,
insert-globall,GB-13,Gold Vinyl,false,,Hines Ward,
insert-the-rookies,TR-11,Gold Vinyl,false,,Najee Harris,
insert-the-rookies,TR-11,Purple Stars,false,,Najee Harris,
insert-the-rookies,TR-11,Black Pandora,false,,Najee Harris,
insert-the-rookies,TR-11,Gold,false,,Najee Harris,
base,150,White Sparkle,false,,Hines Ward,
base,150,Black,false,,Hines Ward,
base,150,Black Pandora,false,,Hines Ward,
base,150,Blue,false,,Hines Ward,
base,150,Blue Hyper,false,,Hines Ward,
base,150,Blue Scope,false,,Hines Ward,
base,150,Bronze,false,,Hines Ward,
base,150,Fire,false,,Hines Ward,
base,150,Freedom,false,,Hines Ward,
base,150,Gold,false,,Hines Ward,
base,150,Gold Vinyl,false,,Hines Ward,
base,150,Green,false,,Hines Ward,
base,150,Green Velocity,false,,Hines Ward,
base,150,Holo,false,,Hines Ward,
base,150,Holo Variation,false,,Hines Ward,
base,150,Ice,false,,Hines Ward,
base,150,Lime Green,false,,Hines Ward,
base,150,One Hundred,false,,Hines Ward,
base,150,Orange,false,,Hines Ward,
base,150,Orange Scope,false,,Hines Ward,
base,150,Pink,false,,Hines Ward,
base,150,Pink Velocity,false,,Hines Ward,
base,150,Purple,false,,Hines Ward,
base,150,Purple Shock,false,,Hines Ward,
base,150,Purple Stars,false,,Hines Ward,
base,150,Purple Velocity,false,,Hines Ward,
base,150,Red,false,,Hines Ward,
base,150,Red Hyper,false,,Hines Ward,
base,150,Red Mojo,false,,Hines Ward,
base,150,Red Stars,false,,Hines Ward,
base,150,Rocket,false,,Hines Ward,
base,150,Silver Circles,false,,Hines Ward,
base,150,Stars,false,,Hines Ward,
base,150,Teal Velocity,false,,Hines Ward,
base,150,Wave,false,,Hines Ward,
base,150,Aqua,false,,Hines Ward,
base,150,Printing Plate Black,false,,Hines Ward,
insert-donruss-threads,TH-16,Red,false,,Chase Claypool,
insert-donruss-threads,TH-16,Blue Hyper,false,,Chase Claypool,
insert-donruss-threads,TH-16,Gold Vinyl,false,,Chase Claypool,
insert-donruss-threads,TH-16,Prime,false,,Chase Claypool,
insert-gifted-rookies,GR-13,Gold Vinyl,false,,Najee Harris,
insert-gifted-rookies,GR-13,Gold,false,,Najee Harris,
insert-gifted-rookies,GR-13,Black Pandora,false,,Najee Harris,
insert-gifted-rookies,GR-13,Purple Stars,false,,Najee Harris,
auto-rated-rookies-rps-autographs,232,Gold Vinyl,true,,Pat Freiermuth,
auto-rated-rookies-rps-autographs,232,Red Hyper,true,,Pat Freiermuth,
auto-rated-rookies-rps-autographs,232,Red,true,,Pat Freiermuth,
auto-rated-rookies-rps-autographs,232,Purple Stars,true,,Pat Freiermuth,
auto-rated-rookies-rps-autographs,232,Purple,true,,Pat Freiermuth,
auto-rated-rookies-rps-autographs,232,Pink Velocity,true,,Pat Freiermuth,
auto-rated-rookies-rps-autographs,232,Holo,true,,Pat Freiermuth,
auto-rated-rookies-rps-autographs,232,Green,true,,Pat Freiermuth,
auto-rated-rookies-rps-autographs,232,Gold,true,,Pat Freiermuth,
auto-rated-rookies-rps-autographs,232,Bronze,true,,Pat Freiermuth,
auto-rated-rookies-rps-autographs,232,Blue,true,,Pat Freiermuth,
auto-rated-rookies-rps-autographs,232,Black Pandora,true,,Pat Freiermuth,
insert-rookie-phenoms-horizontal,RPH-32,Blue Hyper,false,,Pat Freiermuth,
insert-rookie-phenoms-horizontal,RPH-32,Prime,false,,Pat Freiermuth,
insert-rookie-phenoms-horizontal,RPH-32,Red,false,,Pat Freiermuth,
insert-rookie-phenoms-horizontal,RPH-32,Gold Vinyl,false,,Pat Freiermuth,
insert-rookie-phenoms-horizontal,RPH-13,Blue Hyper,false,,Najee Harris,
insert-rookie-phenoms-horizontal,RPH-13,Prime,false,,Najee Harris,
insert-rookie-phenoms-horizontal,RPH-13,Red,false,,Najee Harris,
insert-rookie-phenoms-horizontal,RPH-13,Gold Vinyl,false,,Najee Harris,
insert-the-elite-series-rookies,ESR-12,Gold Vinyl,false,,Najee Harris,
insert-the-elite-series-rookies,ESR-12,Purple Stars,false,,Najee Harris,
insert-the-elite-series-rookies,ESR-12,Gold,false,,Najee Harris,
insert-the-elite-series-rookies,ESR-12,Black Pandora,false,,Najee Harris,
auto-rookie-gridiron-kings-autographs,RGK-11,Gold Vinyl,true,,Najee Harris,
auto-rookie-gridiron-kings-autographs,RGK-11,Purple Stars,true,,Najee Harris,
insert-downtown,DT-20,Gold Vinyl,false,,Najee Harris,
insert-downtown,DT-20,Gold,false,,Najee Harris,
insert-downtown,DT-20,Black Pandora,false,,Najee Harris,
insert-downtown,DT-20,White Sparkle,false,,Najee Harris,
auto-the-rookies-autographs,TR-11,Gold Vinyl,true,,Najee Harris,
auto-the-rookies-autographs,TR-11,Purple Stars,true,,Najee Harris,
auto-rookie-dual-autographs,RDA-HF,Gold Vinyl,true,,Najee Harris,
auto-rookie-dual-autographs,RDA-HF,Gold Vinyl,true,,"Pat Freiermuth AU, SN25, EXCH",
insert-rookie-phenoms,RP-13,Prime,false,,Najee Harris,
insert-rookie-phenoms,RP-13,Blue Hyper,false,,Najee Harris,
insert-rookie-phenoms,RP-13,Gold Vinyl,false,,Najee Harris,
insert-rookie-phenoms,RP-13,Red,false,,Najee Harris,
base,232,White Sparkle,false,,Pat Freiermuth,
base,232,Black,false,,Pat Freiermuth,
base,232,Black Pandora,false,,Pat Freiermuth,
base,232,Blue,false,,Pat Freiermuth,
base,232,Blue Hyper,false,,Pat Freiermuth,
base,232,Blue Scope,false,,Pat Freiermuth,
base,232,Bronze,false,,Pat Freiermuth,
base,232,Fire,false,,Pat Freiermuth,
base,232,Freedom,false,,Pat Freiermuth,
base,232,Gold,false,,Pat Freiermuth,
base,232,Gold Vinyl,false,,Pat Freiermuth,
base,232,Green,false,,Pat Freiermuth,
base,232,Green Velocity,false,,Pat Freiermuth,
base,232,Holo,false,,Pat Freiermuth,
base,232,Holo Variation,false,,Pat Freiermuth,
base,232,Ice,false,,Pat Freiermuth,
base,232,Lime Green,false,,Pat Freiermuth,
base,232,One Hundred,false,,Pat Freiermuth,
base,232,Orange,false,,Pat Freiermuth,
base,232,Orange Scope,false,,Pat Freiermuth,
base,232,Pink,false,,Pat Freiermuth,
base,232,Pink Velocity,false,,Pat Freiermuth,
base,232,Purple,false,,Pat Freiermuth,
base,232,Purple Shock,false,,Pat Freiermuth,
base,232,Purple Stars,false,,Pat Freiermuth,
base,232,Purple Velocity,false,,Pat Freiermuth,
base,232,Red,false,,Pat Freiermuth,
base,232,Red Hyper,false,,Pat Freiermuth,
base,232,Red Mojo,false,,Pat Freiermuth,
base,232,Red Stars,false,,Pat Freiermuth,
base,232,Rocket,false,,Pat Freiermuth,
base,232,Silver Circles,false,,Pat Freiermuth,
base,232,Stars,false,,Pat Freiermuth,
base,232,Teal Velocity,false,,Pat Freiermuth,
base,232,Wave,false,,Pat Freiermuth,
base,232,Aqua,false,,Pat Freiermuth,
base,232,Printing Plate Black,false,,Pat Freiermuth,
auto-the-elite-series-rookies-autographs,ESR-12,Purple Stars,true,,Najee Harris,
auto-the-elite-series-rookies-autographs,ESR-12,Gold Vinyl,true,,Najee Harris,
base,145,White Sparkle,false,,Chase Claypool,
base,145,Black,false,,Chase Claypool,
base,145,Black Pandora,false,,Chase Claypool,
base,145,Blue,false,,Chase Claypool,
base,145,Blue Hyper,false,,Chase Claypool,
base,145,Blue Scope,false,,Chase Claypool,
base,145,Bronze,false,,Chase Claypool,
base,145,Fire,false,,Chase Claypool,
base,145,Freedom,false,,Chase Claypool,
base,145,Gold,false,,Chase Claypool,
base,145,Gold Vinyl,false,,Chase Claypool,
base,145,Green,false,,Chase Claypool,
base,145,Green Velocity,false,,Chase Claypool,
base,145,Holo,false,,Chase Claypool,
base,145,Holo Variation,false,,Chase Claypool,
base,145,Ice,false,,Chase Claypool,
base,145,Lime Green,false,,Chase Claypool,
base,145,One Hundred,false,,Chase Claypool,
base,145,Orange,false,,Chase Claypool,
base,145,Orange Scope,false,,Chase Claypool,
base,145,Pink,false,,Chase Claypool,
base,145,Pink Velocity,false,,Chase Claypool,
base,145,Purple,false,,Chase Claypool,
base,145,Purple Shock,false,,Chase Claypool,
base,145,Purple Stars,false,,Chase Claypool,
base,145,Purple Velocity,false,,Chase Claypool,
base,145,Red,false,,Chase Claypool,
base,145,Red Hyper,false,,Chase Claypool,
base,145,Red Mojo,false,,Chase Claypool,
base,145,Red Stars,false,,Chase Claypool,
base,145,Rocket,false,,Chase Claypool,
base,145,Silver Circles,false,,Chase Claypool,
base,145,Stars,false,,Chase Claypool,
base,145,Teal Velocity,false,,Chase Claypool,
base,145,Wave,false,,Chase Claypool,
base,145,Aqua,false,,Chase Claypool,
base,145,Printing Plate Black,false,,Chase Claypool,
base,146,White Sparkle,false,,Diontae Johnson,
base,146,Black,false,,Diontae Johnson,
base,146,Black Pandora,false,,Diontae Johnson,
base,146,Blue,false,,Diontae Johnson,
base,146,Blue Hyper,false,,Diontae Johnson,
base,146,Blue Scope,false,,Diontae Johnson,
base,146,Bronze,false,,Diontae Johnson,
base,146,Fire,false,,Diontae Johnson,
base,146,Freedom,false,,Diontae Johnson,
base,146,Gold,false,,Diontae Johnson,
base,146,Gold Vinyl,false,,Diontae Johnson,
base,146,Green,false,,Diontae Johnson,
base,146,Green Velocity,false,,Diontae Johnson,
base,146,Holo,false,,Diontae Johnson,
base,146,Holo Variation,false,,Diontae Johnson,
base,146,Ice,false,,Diontae Johnson,
base,146,Lime Green,false,,Diontae Johnson,
base,146,One Hundred,false,,Diontae Johnson,
base,146,Orange,false,,Diontae Johnson,
base,146,Orange Scope,false,,Diontae Johnson,
base,146,Pink,false,,Diontae Johnson,
base,146,Pink Velocity,false,,Diontae Johnson,
base,146,Purple,false,,Diontae Johnson,
base,146,Purple Shock,false,,Diontae Johnson,
base,146,Purple Stars,false,,Diontae Johnson,
base,146,Purple Velocity,false,,Diontae Johnson,
base,146,Red,false,,Diontae Johnson,
base,146,Red Hyper,false,,Diontae Johnson,
base,146,Red Mojo,false,,Diontae Johnson,
base,146,Red Stars,false,,Diontae Johnson,
base,146,Rocket,false,,Diontae Johnson,
base,146,Silver Circles,false,,Diontae Johnson,
base,146,Stars,false,,Diontae Johnson,
base,146,Teal Velocity,false,,Diontae Johnson,
base,146,Wave,false,,Diontae Johnson,
base,146,Aqua,false,,Diontae Johnson,
base,146,Printing Plate Black,false,,Diontae Johnson,
insert-red-hot-rookies,RHR-7,Black Pandora,false,,Najee Harris,
insert-red-hot-rookies,RHR-7,Gold Vinyl,false,,Najee Harris,
insert-red-hot-rookies,RHR-7,Purple Stars,false,,Najee Harris,
insert-red-hot-rookies,RHR-7,Gold,false,,Najee Harris,
insert-retro-series,RS-RW,Gold,false,,Ricky Watters,
insert-retro-series,RS-RW,Black Pandora,false,,Ricky Watters,
insert-retro-series,RS-RW,Gold Vinyl,false,,Ricky Watters,
insert-retro-series,RS-RW,Purple Stars,false,,Ricky Watters,
auto-dynamic-patch-autographs,DPA-RW,Gold Vinyl,true,,Ricky Watters,
insert-downtown,DT-35,Gold Vinyl,false,,Trey Lance,
insert-downtown,DT-35,Gold,false,,Trey Lance,
insert-downtown,DT-35,Black Pandora,false,,Trey Lance,
insert-downtown,DT-35,White Sparkle,false,,Trey Lance,
insert-rising-suns,RS-8,Purple Stars,false,,Nick Bosa,
insert-rising-suns,RS-8,Gold,false,,Nick Bosa,
insert-rising-suns,RS-8,Gold Vinyl,false,,Nick Bosa,
insert-rising-suns,RS-8,Black Pandora,false,,Nick Bosa,
insert-downtown,DT-30,Gold Vinyl,false,,Jerry Rice,
insert-downtown,DT-30,Gold,false,,Jerry Rice,
insert-downtown,DT-30,Black Pandora,false,,Jerry Rice,
insert-downtown,DT-30,White Sparkle,false,,Jerry Rice,
auto-rookie-dual-autographs,RDA-LS,Gold Vinyl,true,,Trey Lance,
auto-rookie-dual-autographs,RDA-LS,Gold Vinyl,true,,Trey Sermon,
insert-mythical,MY-3,White Sparkle,false,,Joe Montana,
insert-mythical,MY-3,Gold,false,,Joe Montana,
insert-mythical,MY-3,Black Pandora,false,,Joe Montana,
insert-mythical,MY-3,Gold Vinyl,false,,Joe Montana,
insert-rookie-gridiron-kings,RGK-3,Gold,false,,Trey Lance,
insert-rookie-gridiron-kings,RGK-3,Gold Vinyl,false,,Trey Lance,
insert-rookie-gridiron-kings,RGK-3,Black Pandora,false,,Trey Lance,
insert-rookie-gridiron-kings,RGK-3,Purple Stars,false,,Trey Lance,
insert-rookie-gridiron-kings,RGK-15,Gold,false,,Trey Sermon,
insert-rookie-gridiron-kings,RGK-15,Gold Vinyl,false,,Trey Sermon,
insert-rookie-gridiron-kings,RGK-15,Black Pandora,false,,Trey Sermon,
insert-rookie-gridiron-kings,RGK-15,Purple Stars,false,,Trey Sermon,
insert-donruss-threads,TH-15,Red,false,,Brandon Aiyuk,
insert-donruss-threads,TH-15,Blue Hyper,false,,Brandon Aiyuk,
insert-donruss-threads,TH-15,Gold Vinyl,false,,Brandon Aiyuk,
insert-donruss-threads,TH-15,Prime,false,,Brandon Aiyuk,
auto-rookie-gridiron-kings-autographs,RGK-3,Gold Vinyl,true,,Trey Lance,
auto-rookie-gridiron-kings-autographs,RGK-3,Purple Stars,true,,Trey Lance,
auto-rated-rookies-rps-autographs,224,Gold Vinyl,true,,Trey Sermon,
auto-rated-rookies-rps-autographs,224,Red Hyper,true,,Trey Sermon,
auto-rated-rookies-rps-autographs,224,Red,true,,Trey Sermon,
auto-rated-rookies-rps-autographs,224,Purple Stars,true,,Trey Sermon,
auto-rated-rookies-rps-autographs,224,Purple,true,,Trey Sermon,
auto-rated-rookies-rps-autographs,224,Pink Velocity,true,,Trey Sermon,
auto-rated-rookies-rps-autographs,224,Holo,true,,Trey Sermon,
auto-rated-rookies-rps-autographs,224,Green,true,,Trey Sermon,
auto-rated-rookies-rps-autographs,224,Gold,true,,Trey Sermon,
auto-rated-rookies-rps-autographs,224,Bronze,true,,Trey Sermon,
auto-rated-rookies-rps-autographs,224,Blue,true,,Trey Sermon,
auto-rated-rookies-rps-autographs,224,Black Pandora,true,,Trey Sermon,
auto-rookie-gridiron-kings-autographs,RGK-15,Gold Vinyl,true,,Trey Sermon,
auto-rookie-gridiron-kings-autographs,RGK-15,Purple Stars,true,,Trey Sermon,
insert-globall,GB-5,Purple Stars,false,,Javon Kinlaw,
insert-globall,GB-5,Gold,false,,Javon Kinlaw,
insert-globall,GB-5,Black Pandora,false,,Javon Kinlaw,
insert-globall,GB-5,Gold Vinyl,false,,Javon Kinlaw,
insert-rookie-kings,RK-3,Gold,false,,Trey Lance,
insert-rookie-kings,RK-3,Gold Vinyl,false,,Trey Lance,
insert-rookie-kings,RK-3,White Sparkle,false,,Trey Lance,
insert-rookie-kings,RK-3,Black Pandora,false,,Trey Lance,
base,291,White Sparkle,false,,Elijah Mitchell,
base,291,Black,false,,Elijah Mitchell,
base,291,Black Pandora,false,,Elijah Mitchell,
base,291,Blue,false,,Elijah Mitchell,
base,291,Blue Hyper,false,,Elijah Mitchell,
base,291,Blue Scope,false,,Elijah Mitchell,
base,291,Bronze,false,,Elijah Mitchell,
base,291,Fire,false,,Elijah Mitchell,
base,291,Freedom,false,,Elijah Mitchell,
base,291,Gold,false,,Elijah Mitchell,
base,291,Gold Vinyl,false,,Elijah Mitchell,
base,291,Green,false,,Elijah Mitchell,
base,291,Green Velocity,false,,Elijah Mitchell,
base,291,Holo,false,,Elijah Mitchell,
base,291,Holo Variation,false,,Elijah Mitchell,
base,291,Ice,false,,Elijah Mitchell,
base,291,Lime Green,false,,Elijah Mitchell,
base,291,One Hundred,false,,Elijah Mitchell,
base,291,Orange,false,,Elijah Mitchell,
base,291,Orange Scope,false,,Elijah Mitchell,
base,291,Pink,false,,Elijah Mitchell,
base,291,Pink Velocity,false,,Elijah Mitchell,
base,291,Purple,false,,Elijah Mitchell,
base,291,Purple Shock,false,,Elijah Mitchell,
base,291,Purple Stars,false,,Elijah Mitchell,
base,291,Purple Velocity,false,,Elijah Mitchell,
base,291,Red,false,,Elijah Mitchell,
base,291,Red Hyper,false,,Elijah Mitchell,
base,291,Red Mojo,false,,Elijah Mitchell,
base,291,Red Stars,false,,Elijah Mitchell,
base,291,Rocket,false,,Elijah Mitchell,
base,291,Silver Circles,false,,Elijah Mitchell,
base,291,Stars,false,,Elijah Mitchell,
base,291,Teal Velocity,false,,Elijah Mitchell,
base,291,Wave,false,,Elijah Mitchell,
base,291,Aqua,false,,Elijah Mitchell,
base,291,Printing Plate Black,false,,Elijah Mitchell,
insert-rookie-kings,RK-19,Gold,false,,Trey Sermon,
insert-rookie-kings,RK-19,Gold Vinyl,false,,Trey Sermon,
insert-rookie-kings,RK-19,White Sparkle,false,,Trey Sermon,
insert-rookie-kings,RK-19,Black Pandora,false,,Trey Sermon,
auto-rated-rookies-rps-autographs,203,Gold Vinyl,true,,Trey Lance,
auto-rated-rookies-rps-autographs,203,Red Hyper,true,,Trey Lance,
auto-rated-rookies-rps-autographs,203,Red,true,,Trey Lance,
auto-rated-rookies-rps-autographs,203,Purple Stars,true,,Trey Lance,
auto-rated-rookies-rps-autographs,203,Purple,true,,Trey Lance,
auto-rated-rookies-rps-autographs,203,Pink Velocity,true,,Trey Lance,
auto-rated-rookies-rps-autographs,203,Holo,true,,Trey Lance,
auto-rated-rookies-rps-autographs,203,Green,true,,Trey Lance,
auto-rated-rookies-rps-autographs,203,Gold,true,,Trey Lance,
auto-rated-rookies-rps-autographs,203,Bronze,true,,Trey Lance,
auto-rated-rookies-rps-autographs,203,Blue,true,,Trey Lance,
auto-rated-rookies-rps-autographs,203,Black Pandora,true,,Trey Lance,
auto-rookie-patch-autographs,RPA-TL,Gold Vinyl,true,,Trey Lance,
auto-rookie-patch-autographs,RPA-TS,Gold Vinyl,true,,Trey Sermon,
insert-rookie-phenoms,RP-3,Prime,false,,Trey Lance,
insert-rookie-phenoms,RP-3,Blue Hyper,false,,Trey Lance,
insert-rookie-phenoms,RP-3,Gold Vinyl,false,,Trey Lance,
insert-rookie-phenoms,RP-3,Red,false,,Trey Lance,
base,224,White Sparkle,false,,Trey Sermon,
base,224,Black,false,,Trey Sermon,
base,224,Black Pandora,false,,Trey Sermon,
base,224,Blue,false,,Trey Sermon,
base,224,Blue Hyper,false,,Trey Sermon,
base,224,Blue Scope,false,,Trey Sermon,
base,224,Bronze,false,,Trey Sermon,
base,224,Fire,false,,Trey Sermon,
base,224,Freedom,false,,Trey Sermon,
base,224,Gold,false,,Trey Sermon,
base,224,Gold Vinyl,false,,Trey Sermon,
base,224,Green,false,,Trey Sermon,
base,224,Green Velocity,false,,Trey Sermon,
base,224,Holo,false,,Trey Sermon,
base,224,Holo Variation,false,,Trey Sermon,
base,224,Ice,false,,Trey Sermon,
base,224,Lime Green,false,,Trey Sermon,
base,224,One Hundred,false,,Trey Sermon,
base,224,Orange,false,,Trey Sermon,
base,224,Orange Scope,false,,Trey Sermon,
base,224,Pink,false,,Trey Sermon,
base,224,Pink Velocity,false,,Trey Sermon,
base,224,Purple,false,,Trey Sermon,
base,224,Purple Shock,false,,Trey Sermon,
base,224,Purple Stars,false,,Trey Sermon,
base,224,Purple Velocity,false,,Trey Sermon,
base,224,Red,false,,Trey Sermon,
base,224,Red Hyper,false,,Trey Sermon,
base,224,Red Mojo,false,,Trey Sermon,
base,224,Red Stars,false,,Trey Sermon,
base,224,Rocket,false,,Trey Sermon,
base,224,Silver Circles,false,,Trey Sermon,
base,224,Stars,false,,Trey Sermon,
base,224,Teal Velocity,false,,Trey Sermon,
base,224,Wave,false,,Trey Sermon,
base,224,Aqua,false,,Trey Sermon,
base,224,Printing Plate Black,false,,Trey Sermon,
insert-rookie-phenoms,RP-24,Prime,false,,Trey Sermon,
insert-rookie-phenoms,RP-24,Blue Hyper,false,,Trey Sermon,
insert-rookie-phenoms,RP-24,Gold Vinyl,false,,Trey Sermon,
insert-rookie-phenoms,RP-24,Red,false,,Trey Sermon,
insert-legendary-logos,LL-18,Gold Vinyl,false,,Trey Lance,
insert-legendary-logos,LL-18,Gold,false,,Trey Lance,
insert-legendary-logos,LL-18,Black Pandora,false,,Trey Lance,
insert-legendary-logos,LL-18,Purple Stars,false,,Trey Lance,
insert-rookie-phenoms-horizontal,RPH-3,Blue Hyper,false,,Trey Lance,
insert-rookie-phenoms-horizontal,RPH-3,Prime,false,,Trey Lance,
insert-rookie-phenoms-horizontal,RPH-3,Red,false,,Trey Lance,
insert-rookie-phenoms-horizontal,RPH-3,Gold Vinyl,false,,Trey Lance,
base,203,White Sparkle,false,,Trey Lance,
base,203,Black,false,,Trey Lance,
base,203,Black Pandora,false,,Trey Lance,
base,203,Blue,false,,Trey Lance,
base,203,Blue Hyper,false,,Trey Lance,
base,203,Blue Scope,false,,Trey Lance,
base,203,Bronze,false,,Trey Lance,
base,203,Fire,false,,Trey Lance,
base,203,Freedom,false,,Trey Lance,
base,203,Gold,false,,Trey Lance,
base,203,Gold Vinyl,false,,Trey Lance,
base,203,Green,false,,Trey Lance,
base,203,Green Velocity,false,,Trey Lance,
base,203,Holo,false,,Trey Lance,
base,203,Holo Variation,false,,Trey Lance,
base,203,Ice,false,,Trey Lance,
base,203,Lime Green,false,,Trey Lance,
base,203,One Hundred,false,,Trey Lance,
base,203,Orange,false,,Trey Lance,
base,203,Orange Scope,false,,Trey Lance,
base,203,Pink,false,,Trey Lance,
base,203,Pink Velocity,false,,Trey Lance,
base,203,Purple,false,,Trey Lance,
base,203,Purple Shock,false,,Trey Lance,
base,203,Purple Stars,false,,Trey Lance,
base,203,Purple Velocity,false,,Trey Lance,
base,203,Red,false,,Trey Lance,
base,203,Red Hyper,false,,Trey Lance,
base,203,Red Mojo,false,,Trey Lance,
base,203,Red Stars,false,,Trey Lance,
base,203,Rocket,false,,Trey Lance,
base,203,Silver Circles,false,,Trey Lance,
base,203,Stars,false,,Trey Lance,
base,203,Teal Velocity,false,,Trey Lance,
base,203,Wave,false,,Trey Lance,
base,203,Aqua,false,,Trey Lance,
base,203,Printing Plate Black,false,,Trey Lance,
base,194,White Sparkle,false,,Joe Montana,
base,194,Black,false,,Joe Montana,
base,194,Black Pandora,false,,Joe Montana,
base,194,Blue,false,,Joe Montana,
base,194,Blue Hyper,false,,Joe Montana,
base,194,Blue Scope,false,,Joe Montana,
base,194,Bronze,false,,Joe Montana,
base,194,Fire,false,,Joe Montana,
base,194,Freedom,false,,Joe Montana,
base,194,Gold,false,,Joe Montana,
base,194,Gold Vinyl,false,,Joe Montana,
base,194,Green,false,,Joe Montana,
base,194,Green Velocity,false,,Joe Montana,
base,194,Holo,false,,Joe Montana,
base,194,Holo Variation,false,,Joe Montana,
base,194,Ice,false,,Joe Montana,
base,194,Lime Green,false,,Joe Montana,
base,194,One Hundred,false,,Joe Montana,
base,194,Orange,false,,Joe Montana,
base,194,Orange Scope,false,,Joe Montana,
base,194,Pink,false,,Joe Montana,
base,194,Pink Velocity,false,,Joe Montana,
base,194,Purple,false,,Joe Montana,
base,194,Purple Shock,false,,Joe Montana,
base,194,Purple Stars,false,,Joe Montana,
base,194,Purple Velocity,false,,Joe Montana,
base,194,Red,false,,Joe Montana,
base,194,Red Hyper,false,,Joe Montana,
base,194,Red Mojo,false,,Joe Montana,
base,194,Red Stars,false,,Joe Montana,
base,194,Rocket,false,,Joe Montana,
base,194,Silver Circles,false,,Joe Montana,
base,194,Stars,false,,Joe Montana,
base,194,Teal Velocity,false,,Joe Montana,
base,194,Wave,false,,Joe Montana,
base,194,Aqua,false,,Joe Montana,
base,194,Printing Plate Black,false,,Joe Montana,
insert-rookie-phenoms-horizontal,RPH-24,Blue Hyper,false,,Trey Sermon,
insert-rookie-phenoms-horizontal,RPH-24,Prime,false,,Trey Sermon,
insert-rookie-phenoms-horizontal,RPH-24,Red,false,,Trey Sermon,
insert-rookie-phenoms-horizontal,RPH-24,Gold Vinyl,false,,Trey Sermon,
base,193,White Sparkle,false,,Nick Bosa,
base,193,Black,false,,Nick Bosa,
base,193,Black Pandora,false,,Nick Bosa,
base,193,Blue,false,,Nick Bosa,
base,193,Blue Hyper,false,,Nick Bosa,
base,193,Blue Scope,false,,Nick Bosa,
base,193,Bronze,false,,Nick Bosa,
base,193,Fire,false,,Nick Bosa,
base,193,Freedom,false,,Nick Bosa,
base,193,Gold,false,,Nick Bosa,
base,193,Gold Vinyl,false,,Nick Bosa,
base,193,Green,false,,Nick Bosa,
base,193,Green Velocity,false,,Nick Bosa,
base,193,Holo,false,,Nick Bosa,
base,193,Holo Variation,false,,Nick Bosa,
base,193,Ice,false,,Nick Bosa,
base,193,Lime Green,false,,Nick Bosa,
base,193,One Hundred,false,,Nick Bosa,
base,193,Orange,false,,Nick Bosa,
base,193,Orange Scope,false,,Nick Bosa,
base,193,Pink,false,,Nick Bosa,
base,193,Pink Velocity,false,,Nick Bosa,
base,193,Purple,false,,Nick Bosa,
base,193,Purple Shock,false,,Nick Bosa,
base,193,Purple Stars,false,,Nick Bosa,
base,193,Purple Velocity,false,,Nick Bosa,
base,193,Red,false,,Nick Bosa,
base,193,Red Hyper,false,,Nick Bosa,
base,193,Red Mojo,false,,Nick Bosa,
base,193,Red Stars,false,,Nick Bosa,
base,193,Rocket,false,,Nick Bosa,
base,193,Silver Circles,false,,Nick Bosa,
base,193,Stars,false,,Nick Bosa,
base,193,Teal Velocity,false,,Nick Bosa,
base,193,Wave,false,,Nick Bosa,
base,193,Aqua,false,,Nick Bosa,
base,193,Printing Plate Black,false,,Nick Bosa,
base,192,White Sparkle,false,,Jimmy Garoppolo,
base,192,Black,false,,Jimmy Garoppolo,
base,192,Black Pandora,false,,Jimmy Garoppolo,
base,192,Blue,false,,Jimmy Garoppolo,
base,192,Blue Hyper,false,,Jimmy Garoppolo,
base,192,Blue Scope,false,,Jimmy Garoppolo,
base,192,Bronze,false,,Jimmy Garoppolo,
base,192,Fire,false,,Jimmy Garoppolo,
base,192,Freedom,false,,Jimmy Garoppolo,
base,192,Gold,false,,Jimmy Garoppolo,
base,192,Gold Vinyl,false,,Jimmy Garoppolo,
base,192,Green,false,,Jimmy Garoppolo,
base,192,Green Velocity,false,,Jimmy Garoppolo,
base,192,Holo,false,,Jimmy Garoppolo,
base,192,Holo Variation,false,,Jimmy Garoppolo,
base,192,Ice,false,,Jimmy Garoppolo,
base,192,Lime Green,false,,Jimmy Garoppolo,
base,192,One Hundred,false,,Jimmy Garoppolo,
base,192,Orange,false,,Jimmy Garoppolo,
base,192,Orange Scope,false,,Jimmy Garoppolo,
base,192,Pink,false,,Jimmy Garoppolo,
base,192,Pink Velocity,false,,Jimmy Garoppolo,
base,192,Purple,false,,Jimmy Garoppolo,
base,192,Purple Shock,false,,Jimmy Garoppolo,
base,192,Purple Stars,false,,Jimmy Garoppolo,
base,192,Purple Velocity,false,,Jimmy Garoppolo,
base,192,Red,false,,Jimmy Garoppolo,
base,192,Red Hyper,false,,Jimmy Garoppolo,
base,192,Red Mojo,false,,Jimmy Garoppolo,
base,192,Red Stars,false,,Jimmy Garoppolo,
base,192,Rocket,false,,Jimmy Garoppolo,
base,192,Silver Circles,false,,Jimmy Garoppolo,
base,192,Stars,false,,Jimmy Garoppolo,
base,192,Teal Velocity,false,,Jimmy Garoppolo,
base,192,Wave,false,,Jimmy Garoppolo,
base,192,Aqua,false,,Jimmy Garoppolo,
base,192,Printing Plate Black,false,,Jimmy Garoppolo,
base,191,White Sparkle,false,,George Kittle,
base,191,Black,false,,George Kittle,
base,191,Black Pandora,false,,George Kittle,
base,191,Blue,false,,George Kittle,
base,191,Blue Hyper,false,,George Kittle,
base,191,Blue Scope,false,,George Kittle,
base,191,Bronze,false,,George Kittle,
base,191,Fire,false,,George Kittle,
base,191,Freedom,false,,George Kittle,
base,191,Gold,false,,George Kittle,
base,191,Gold Vinyl,false,,George Kittle,
base,191,Green,false,,George Kittle,
base,191,Green Velocity,false,,George Kittle,
base,191,Holo,false,,George Kittle,
base,191,Holo Variation,false,,George Kittle,
base,191,Ice,false,,George Kittle,
base,191,Lime Green,false,,George Kittle,
base,191,One Hundred,false,,George Kittle,
base,191,Orange,false,,George Kittle,
base,191,Orange Scope,false,,George Kittle,
base,191,Pink,false,,George Kittle,
base,191,Pink Velocity,false,,George Kittle,
base,191,Purple,false,,George Kittle,
base,191,Purple Shock,false,,George Kittle,
base,191,Purple Stars,false,,George Kittle,
base,191,Purple Velocity,false,,George Kittle,
base,191,Red,false,,George Kittle,
base,191,Red Hyper,false,,George Kittle,
base,191,Red Mojo,false,,George Kittle,
base,191,Red Stars,false,,George Kittle,
base,191,Rocket,false,,George Kittle,
base,191,Silver Circles,false,,George Kittle,
base,191,Stars,false,,George Kittle,
base,191,Teal Velocity,false,,George Kittle,
base,191,Wave,false,,George Kittle,
base,191,Aqua,false,,George Kittle,
base,191,Printing Plate Black,false,,George Kittle,
base,190,White Sparkle,false,,Deebo Samuel,
base,190,Black,false,,Deebo Samuel,
base,190,Black Pandora,false,,Deebo Samuel,
base,190,Blue,false,,Deebo Samuel,
base,190,Blue Hyper,false,,Deebo Samuel,
base,190,Blue Scope,false,,Deebo Samuel,
base,190,Bronze,false,,Deebo Samuel,
base,190,Fire,false,,Deebo Samuel,
base,190,Freedom,false,,Deebo Samuel,
base,190,Gold,false,,Deebo Samuel,
base,190,Gold Vinyl,false,,Deebo Samuel,
base,190,Green,false,,Deebo Samuel,
base,190,Green Velocity,false,,Deebo Samuel,
base,190,Holo,false,,Deebo Samuel,
base,190,Holo Variation,false,,Deebo Samuel,
base,190,Ice,false,,Deebo Samuel,
base,190,Lime Green,false,,Deebo Samuel,
base,190,One Hundred,false,,Deebo Samuel,
base,190,Orange,false,,Deebo Samuel,
base,190,Orange Scope,false,,Deebo Samuel,
base,190,Pink,false,,Deebo Samuel,
base,190,Pink Velocity,false,,Deebo Samuel,
base,190,Purple,false,,Deebo Samuel,
base,190,Purple Shock,false,,Deebo Samuel,
base,190,Purple Stars,false,,Deebo Samuel,
base,190,Purple Velocity,false,,Deebo Samuel,
base,190,Red,false,,Deebo Samuel,
base,190,Red Hyper,false,,Deebo Samuel,
base,190,Red Mojo,false,,Deebo Samuel,
base,190,Red Stars,false,,Deebo Samuel,
base,190,Rocket,false,,Deebo Samuel,
base,190,Silver Circles,false,,Deebo Samuel,
base,190,Stars,false,,Deebo Samuel,
base,190,Teal Velocity,false,,Deebo Samuel,
base,190,Wave,false,,Deebo Samuel,
base,190,Aqua,false,,Deebo Samuel,
base,190,Printing Plate Black,false,,Deebo Samuel,
base,189,White Sparkle,false,,Brandon Aiyuk,
base,189,Black,false,,Brandon Aiyuk,
base,189,Black Pandora,false,,Brandon Aiyuk,
base,189,Blue,false,,Brandon Aiyuk,
base,189,Blue Hyper,false,,Brandon Aiyuk,
base,189,Blue Scope,false,,Brandon Aiyuk,
base,189,Bronze,false,,Brandon Aiyuk,
base,189,Fire,false,,Brandon Aiyuk,
base,189,Freedom,false,,Brandon Aiyuk,
base,189,Gold,false,,Brandon Aiyuk,
base,189,Gold Vinyl,false,,Brandon Aiyuk,
base,189,Green,false,,Brandon Aiyuk,
base,189,Green Velocity,false,,Brandon Aiyuk,
base,189,Holo,false,,Brandon Aiyuk,
base,189,Holo Variation,false,,Brandon Aiyuk,
base,189,Ice,false,,Brandon Aiyuk,
base,189,Lime Green,false,,Brandon Aiyuk,
base,189,One Hundred,false,,Brandon Aiyuk,
base,189,Orange,false,,Brandon Aiyuk,
base,189,Orange Scope,false,,Brandon Aiyuk,
base,189,Pink,false,,Brandon Aiyuk,
base,189,Pink Velocity,false,,Brandon Aiyuk,
base,189,Purple,false,,Brandon Aiyuk,
base,189,Purple Shock,false,,Brandon Aiyuk,
base,189,Purple Stars,false,,Brandon Aiyuk,
base,189,Purple Velocity,false,,Brandon Aiyuk,
base,189,Red,false,,Brandon Aiyuk,
base,189,Red Hyper,false,,Brandon Aiyuk,
base,189,Red Mojo,false,,Brandon Aiyuk,
base,189,Red Stars,false,,Brandon Aiyuk,
base,189,Rocket,false,,Brandon Aiyuk,
base,189,Silver Circles,false,,Brandon Aiyuk,
base,189,Stars,false,,Brandon Aiyuk,
base,189,Teal Velocity,false,,Brandon Aiyuk,
base,189,Wave,false,,Brandon Aiyuk,
base,189,Aqua,false,,Brandon Aiyuk,
base,189,Printing Plate Black,false,,Brandon Aiyuk,
insert-mythical,MY-20,White Sparkle,false,,Jerry Rice,
insert-mythical,MY-20,Gold,false,,Jerry Rice,
insert-mythical,MY-20,Black Pandora,false,,Jerry Rice,
insert-mythical,MY-20,Gold Vinyl,false,,Jerry Rice,
insert-white-hot-rookies,WHR-10,Black Pandora,false,,Trey Sermon,
insert-white-hot-rookies,WHR-10,Gold,false,,Trey Sermon,
insert-white-hot-rookies,WHR-10,Gold Vinyl,false,,Trey Sermon,
insert-white-hot-rookies,WHR-10,Purple Stars,false,,Trey Sermon,
auto-the-elite-series-rookies-autographs,ESR-3,Purple Stars,true,,Trey Lance,
auto-the-elite-series-rookies-autographs,ESR-3,Gold Vinyl,true,,Trey Lance,
insert-mythical,MY-23,White Sparkle,false,,Trey Lance,
insert-mythical,MY-23,Gold,false,,Trey Lance,
insert-mythical,MY-23,Black Pandora,false,,Trey Lance,
insert-mythical,MY-23,Gold Vinyl,false,,Trey Lance,
insert-the-elite-series-rookies,ESR-3,Gold Vinyl,false,,Trey Lance,
insert-the-elite-series-rookies,ESR-3,Purple Stars,false,,Trey Lance,
insert-the-elite-series-rookies,ESR-3,Gold,false,,Trey Lance,
insert-the-elite-series-rookies,ESR-3,Black Pandora,false,,Trey Lance,
insert-my-house,MH-3,Black Pandora,false,,Trey Lance,
insert-my-house,MH-3,Gold,false,,Trey Lance,
insert-my-house,MH-3,Gold Vinyl,false,,Trey Lance,
insert-my-house,MH-3,Purple Stars,false,,Trey Lance,
insert-the-rookies,TR-3,Gold Vinyl,false,,Trey Lance,
insert-the-rookies,TR-3,Purple Stars,false,,Trey Lance,
insert-the-rookies,TR-3,Black Pandora,false,,Trey Lance,
insert-the-rookies,TR-3,Gold,false,,Trey Lance,
auto-rated-rookies-autographs,291,Holo,true,,Eli Mitchell,
auto-rated-rookies-autographs,291,Pink Velocity,true,,Eli Mitchell,
auto-rated-rookies-autographs,291,Black Pandora,true,,Eli Mitchell,
auto-rated-rookies-autographs,291,Blue,true,,Eli Mitchell,
auto-rated-rookies-autographs,291,Red Hyper,true,,Eli Mitchell,
auto-rated-rookies-autographs,291,Red,true,,Eli Mitchell,
auto-rated-rookies-autographs,291,Purple Stars,true,,Eli Mitchell,
auto-rated-rookies-autographs,291,Purple,true,,Eli Mitchell,
auto-rated-rookies-autographs,291,Bronze,true,,Eli Mitchell,
auto-rated-rookies-autographs,291,Gold,true,,Eli Mitchell,
auto-rated-rookies-autographs,291,Green,true,,Eli Mitchell,
auto-rated-rookies-autographs,291,Gold Vinyl,true,,Eli Mitchell,
auto-the-rookies-autographs,TR-3,Gold Vinyl,true,,Trey Lance,
auto-the-rookies-autographs,TR-3,Purple Stars,true,,Trey Lance,
insert-gifted-rookies,GR-20,Gold Vinyl,false,,Trey Sermon,
insert-gifted-rookies,GR-20,Gold,false,,Trey Sermon,
insert-gifted-rookies,GR-20,Black Pandora,false,,Trey Sermon,
insert-gifted-rookies,GR-20,Purple Stars,false,,Trey Sermon,
insert-gifted-rookies,GR-3,Gold Vinyl,false,,Trey Lance,
insert-gifted-rookies,GR-3,Gold,false,,Trey Lance,
insert-gifted-rookies,GR-3,Black Pandora,false,,Trey Lance,
insert-gifted-rookies,GR-3,Purple Stars,false,,Trey Lance,
insert-red-hot-rookies,RHR-2,Black Pandora,false,,Trey Lance,
insert-red-hot-rookies,RHR-2,Gold Vinyl,false,,Trey Lance,
insert-red-hot-rookies,RHR-2,Purple Stars,false,,Trey Lance,
insert-red-hot-rookies,RHR-2,Gold,false,,Trey Lance,
auto-rated-rookies-rps-autographs,219,Gold Vinyl,true,,D'Wayne Eskridge,
auto-rated-rookies-rps-autographs,219,Red Hyper,true,,D'Wayne Eskridge,
auto-rated-rookies-rps-autographs,219,Red,true,,D'Wayne Eskridge,
auto-rated-rookies-rps-autographs,219,Purple Stars,true,,D'Wayne Eskridge,
auto-rated-rookies-rps-autographs,219,Purple,true,,D'Wayne Eskridge,
auto-rated-rookies-rps-autographs,219,Pink Velocity,true,,D'Wayne Eskridge,
auto-rated-rookies-rps-autographs,219,Holo,true,,D'Wayne Eskridge,
auto-rated-rookies-rps-autographs,219,Green,true,,D'Wayne Eskridge,
auto-rated-rookies-rps-autographs,219,Gold,true,,D'Wayne Eskridge,
auto-rated-rookies-rps-autographs,219,Bronze,true,,D'Wayne Eskridge,
auto-rated-rookies-rps-autographs,219,Blue,true,,D'Wayne Eskridge,
auto-rated-rookies-rps-autographs,219,Black Pandora,true,,D'Wayne Eskridge,
insert-dominators,DM-RW,Gold Vinyl,false,,Russell Wilson,
insert-dominators,DM-RW,Gold,false,,Russell Wilson,
insert-dominators,DM-RW,Black Pandora,false,,Russell Wilson,
insert-dominators,DM-RW,Purple Stars,false,,Russell Wilson,
insert-globall,GB-6,Purple Stars,false,,Michael Dickson,
insert-globall,GB-6,Gold,false,,Michael Dickson,
insert-globall,GB-6,Black Pandora,false,,Michael Dickson,
insert-globall,GB-6,Gold Vinyl,false,,Michael Dickson,
auto-dynamic-patch-autographs,DPA-DK,Gold Vinyl,true,,DK Metcalf,
insert-rising-suns,RS-5,Purple Stars,false,,DK Metcalf,
insert-rising-suns,RS-5,Gold,false,,DK Metcalf,
insert-rising-suns,RS-5,Gold Vinyl,false,,DK Metcalf,
insert-rising-suns,RS-5,Black Pandora,false,,DK Metcalf,
insert-my-house,MH-18,Black Pandora,false,,DK Metcalf,
insert-my-house,MH-18,Gold,false,,DK Metcalf,
insert-my-house,MH-18,Gold Vinyl,false,,DK Metcalf,
insert-my-house,MH-18,Purple Stars,false,,DK Metcalf,
auto-rookie-patch-autographs,RPA-DE,Gold Vinyl,true,,D'Wayne Eskridge,
insert-downtown,DT-32,Gold Vinyl,false,,DK Metcalf,
insert-downtown,DT-32,Gold,false,,DK Metcalf,
insert-downtown,DT-32,Black Pandora,false,,DK Metcalf,
insert-downtown,DT-32,White Sparkle,false,,DK Metcalf,
insert-rookie-phenoms-horizontal,RPH-19,Blue Hyper,false,,D'Wayne Eskridge,
insert-rookie-phenoms-horizontal,RPH-19,Prime,false,,D'Wayne Eskridge,
insert-rookie-phenoms-horizontal,RPH-19,Red,false,,D'Wayne Eskridge,
insert-rookie-phenoms-horizontal,RPH-19,Gold Vinyl,false,,D'Wayne Eskridge,
base,195,White Sparkle,false,,Tyler Lockett,
base,195,Black,false,,Tyler Lockett,
base,195,Black Pandora,false,,Tyler Lockett,
base,195,Blue,false,,Tyler Lockett,
base,195,Blue Hyper,false,,Tyler Lockett,
base,195,Blue Scope,false,,Tyler Lockett,
base,195,Bronze,false,,Tyler Lockett,
base,195,Fire,false,,Tyler Lockett,
base,195,Freedom,false,,Tyler Lockett,
base,195,Gold,false,,Tyler Lockett,
base,195,Gold Vinyl,false,,Tyler Lockett,
base,195,Green,false,,Tyler Lockett,
base,195,Green Velocity,false,,Tyler Lockett,
base,195,Holo,false,,Tyler Lockett,
base,195,Holo Variation,false,,Tyler Lockett,
base,195,Ice,false,,Tyler Lockett,
base,195,Lime Green,false,,Tyler Lockett,
base,195,One Hundred,false,,Tyler Lockett,
base,195,Orange,false,,Tyler Lockett,
base,195,Orange Scope,false,,Tyler Lockett,
base,195,Pink,false,,Tyler Lockett,
base,195,Pink Velocity,false,,Tyler Lockett,
base,195,Purple,false,,Tyler Lockett,
base,195,Purple Shock,false,,Tyler Lockett,
base,195,Purple Stars,false,,Tyler Lockett,
base,195,Purple Velocity,false,,Tyler Lockett,
base,195,Red,false,,Tyler Lockett,
base,195,Red Hyper,false,,Tyler Lockett,
base,195,Red Mojo,false,,Tyler Lockett,
base,195,Red Stars,false,,Tyler Lockett,
base,195,Rocket,false,,Tyler Lockett,
base,195,Silver Circles,false,,Tyler Lockett,
base,195,Stars,false,,Tyler Lockett,
base,195,Teal Velocity,false,,Tyler Lockett,
base,195,Wave,false,,Tyler Lockett,
base,195,Aqua,false,,Tyler Lockett,
base,195,Printing Plate Black,false,,Tyler Lockett,
base,196,White Sparkle,false,,DK Metcalf,
base,196,Black,false,,DK Metcalf,
base,196,Black Pandora,false,,DK Metcalf,
base,196,Blue,false,,DK Metcalf,
base,196,Blue Hyper,false,,DK Metcalf,
base,196,Blue Scope,false,,DK Metcalf,
base,196,Bronze,false,,DK Metcalf,
base,196,Fire,false,,DK Metcalf,
base,196,Freedom,false,,DK Metcalf,
base,196,Gold,false,,DK Metcalf,
base,196,Gold Vinyl,false,,DK Metcalf,
base,196,Green,false,,DK Metcalf,
base,196,Green Velocity,false,,DK Metcalf,
base,196,Holo,false,,DK Metcalf,
base,196,Holo Variation,false,,DK Metcalf,
base,196,Ice,false,,DK Metcalf,
base,196,Lime Green,false,,DK Metcalf,
base,196,One Hundred,false,,DK Metcalf,
base,196,Orange,false,,DK Metcalf,
base,196,Orange Scope,false,,DK Metcalf,
base,196,Pink,false,,DK Metcalf,
base,196,Pink Velocity,false,,DK Metcalf,
base,196,Purple,false,,DK Metcalf,
base,196,Purple Shock,false,,DK Metcalf,
base,196,Purple Stars,false,,DK Metcalf,
base,196,Purple Velocity,false,,DK Metcalf,
base,196,Red,false,,DK Metcalf,
base,196,Red Hyper,false,,DK Metcalf,
base,196,Red Mojo,false,,DK Metcalf,
base,196,Red Stars,false,,DK Metcalf,
base,196,Rocket,false,,DK Metcalf,
base,196,Silver Circles,false,,DK Metcalf,
base,196,Stars,false,,DK Metcalf,
base,196,Teal Velocity,false,,DK Metcalf,
base,196,Wave,false,,DK Metcalf,
base,196,Aqua,false,,DK Metcalf,
base,196,Printing Plate Black,false,,DK Metcalf,
base,197,White Sparkle,false,,Russell Wilson,
base,197,Black,false,,Russell Wilson,
base,197,Black Pandora,false,,Russell Wilson,
base,197,Blue,false,,Russell Wilson,
base,197,Blue Hyper,false,,Russell Wilson,
base,197,Blue Scope,false,,Russell Wilson,
base,197,Bronze,false,,Russell Wilson,
base,197,Fire,false,,Russell Wilson,
base,197,Freedom,false,,Russell Wilson,
base,197,Gold,false,,Russell Wilson,
base,197,Gold Vinyl,false,,Russell Wilson,
base,197,Green,false,,Russell Wilson,
base,197,Green Velocity,false,,Russell Wilson,
base,197,Holo,false,,Russell Wilson,
base,197,Holo Variation,false,,Russell Wilson,
base,197,Ice,false,,Russell Wilson,
base,197,Lime Green,false,,Russell Wilson,
base,197,One Hundred,false,,Russell Wilson,
base,197,Orange,false,,Russell Wilson,
base,197,Orange Scope,false,,Russell Wilson,
base,197,Pink,false,,Russell Wilson,
base,197,Pink Velocity,false,,Russell Wilson,
base,197,Purple,false,,Russell Wilson,
base,197,Purple Shock,false,,Russell Wilson,
base,197,Purple Stars,false,,Russell Wilson,
base,197,Purple Velocity,false,,Russell Wilson,
base,197,Red,false,,Russell Wilson,
base,197,Red Hyper,false,,Russell Wilson,
base,197,Red Mojo,false,,Russell Wilson,
base,197,Red Stars,false,,Russell Wilson,
base,197,Rocket,false,,Russell Wilson,
base,197,Silver Circles,false,,Russell Wilson,
base,197,Stars,false,,Russell Wilson,
base,197,Teal Velocity,false,,Russell Wilson,
base,197,Wave,false,,Russell Wilson,
base,197,Aqua,false,,Russell Wilson,
base,197,Printing Plate Black,false,,Russell Wilson,
base,198,White Sparkle,false,,Chris Carson,
base,198,Black,false,,Chris Carson,
base,198,Black Pandora,false,,Chris Carson,
base,198,Blue,false,,Chris Carson,
base,198,Blue Hyper,false,,Chris Carson,
base,198,Blue Scope,false,,Chris Carson,
base,198,Bronze,false,,Chris Carson,
base,198,Fire,false,,Chris Carson,
base,198,Freedom,false,,Chris Carson,
base,198,Gold,false,,Chris Carson,
base,198,Gold Vinyl,false,,Chris Carson,
base,198,Green,false,,Chris Carson,
base,198,Green Velocity,false,,Chris Carson,
base,198,Holo,false,,Chris Carson,
base,198,Holo Variation,false,,Chris Carson,
base,198,Ice,false,,Chris Carson,
base,198,Lime Green,false,,Chris Carson,
base,198,One Hundred,false,,Chris Carson,
base,198,Orange,false,,Chris Carson,
base,198,Orange Scope,false,,Chris Carson,
base,198,Pink,false,,Chris Carson,
base,198,Pink Velocity,false,,Chris Carson,
base,198,Purple,false,,Chris Carson,
base,198,Purple Shock,false,,Chris Carson,
base,198,Purple Stars,false,,Chris Carson,
base,198,Purple Velocity,false,,Chris Carson,
base,198,Red,false,,Chris Carson,
base,198,Red Hyper,false,,Chris Carson,
base,198,Red Mojo,false,,Chris Carson,
base,198,Red Stars,false,,Chris Carson,
base,198,Rocket,false,,Chris Carson,
base,198,Silver Circles,false,,Chris Carson,
base,198,Stars,false,,Chris Carson,
base,198,Teal Velocity,false,,Chris Carson,
base,198,Wave,false,,Chris Carson,
base,198,Aqua,false,,Chris Carson,
base,198,Printing Plate Black,false,,Chris Carson,
base,199,White Sparkle,false,,Jamal Adams,
base,199,Black,false,,Jamal Adams,
base,199,Black Pandora,false,,Jamal Adams,
base,199,Blue,false,,Jamal Adams,
base,199,Blue Hyper,false,,Jamal Adams,
base,199,Blue Scope,false,,Jamal Adams,
base,199,Bronze,false,,Jamal Adams,
base,199,Fire,false,,Jamal Adams,
base,199,Freedom,false,,Jamal Adams,
base,199,Gold,false,,Jamal Adams,
base,199,Gold Vinyl,false,,Jamal Adams,
base,199,Green,false,,Jamal Adams,
base,199,Green Velocity,false,,Jamal Adams,
base,199,Holo,false,,Jamal Adams,
base,199,Holo Variation,false,,Jamal Adams,
base,199,Ice,false,,Jamal Adams,
base,199,Lime Green,false,,Jamal Adams,
base,199,One Hundred,false,,Jamal Adams,
base,199,Orange,false,,Jamal Adams,
base,199,Orange Scope,false,,Jamal Adams,
base,199,Pink,false,,Jamal Adams,
base,199,Pink Velocity,false,,Jamal Adams,
base,199,Purple,false,,Jamal Adams,
base,199,Purple Shock,false,,Jamal Adams,
base,199,Purple Stars,false,,Jamal Adams,
base,199,Purple Velocity,false,,Jamal Adams,
base,199,Red,false,,Jamal Adams,
base,199,Red Hyper,false,,Jamal Adams,
base,199,Red Mojo,false,,Jamal Adams,
base,199,Red Stars,false,,Jamal Adams,
base,199,Rocket,false,,Jamal Adams,
base,199,Silver Circles,false,,Jamal Adams,
base,199,Stars,false,,Jamal Adams,
base,199,Teal Velocity,false,,Jamal Adams,
base,199,Wave,false,,Jamal Adams,
base,199,Aqua,false,,Jamal Adams,
base,199,Printing Plate Black,false,,Jamal Adams,
base,200,White Sparkle,false,,Shaun Alexander,
base,200,Black,false,,Shaun Alexander,
base,200,Black Pandora,false,,Shaun Alexander,
base,200,Blue,false,,Shaun Alexander,
base,200,Blue Hyper,false,,Shaun Alexander,
base,200,Blue Scope,false,,Shaun Alexander,
base,200,Bronze,false,,Shaun Alexander,
base,200,Fire,false,,Shaun Alexander,
base,200,Freedom,false,,Shaun Alexander,
base,200,Gold,false,,Shaun Alexander,
base,200,Gold Vinyl,false,,Shaun Alexander,
base,200,Green,false,,Shaun Alexander,
base,200,Green Velocity,false,,Shaun Alexander,
base,200,Holo,false,,Shaun Alexander,
base,200,Holo Variation,false,,Shaun Alexander,
base,200,Ice,false,,Shaun Alexander,
base,200,Lime Green,false,,Shaun Alexander,
base,200,One Hundred,false,,Shaun Alexander,
base,200,Orange,false,,Shaun Alexander,
base,200,Orange Scope,false,,Shaun Alexander,
base,200,Pink,false,,Shaun Alexander,
base,200,Pink Velocity,false,,Shaun Alexander,
base,200,Purple,false,,Shaun Alexander,
base,200,Purple Shock,false,,Shaun Alexander,
base,200,Purple Stars,false,,Shaun Alexander,
base,200,Purple Velocity,false,,Shaun Alexander,
base,200,Red,false,,Shaun Alexander,
base,200,Red Hyper,false,,Shaun Alexander,
base,200,Red Mojo,false,,Shaun Alexander,
base,200,Red Stars,false,,Shaun Alexander,
base,200,Rocket,false,,Shaun Alexander,
base,200,Silver Circles,false,,Shaun Alexander,
base,200,Stars,false,,Shaun Alexander,
base,200,Teal Velocity,false,,Shaun Alexander,
base,200,Wave,false,,Shaun Alexander,
base,200,Aqua,false,,Shaun Alexander,
base,200,Printing Plate Black,false,,Shaun Alexander,
insert-retro-series,RS-SA,Gold,false,,Shaun Alexander,
insert-retro-series,RS-SA,Black Pandora,false,,Shaun Alexander,
insert-retro-series,RS-SA,Gold Vinyl,false,,Shaun Alexander,
insert-retro-series,RS-SA,Purple Stars,false,,Shaun Alexander,
insert-rookie-phenoms,RP-19,Prime,false,,D'Wayne Eskridge,
insert-rookie-phenoms,RP-19,Blue Hyper,false,,D'Wayne Eskridge,
insert-rookie-phenoms,RP-19,Gold Vinyl,false,,D'Wayne Eskridge,
insert-rookie-phenoms,RP-19,Red,false,,D'Wayne Eskridge,
base,219,White Sparkle,false,,D'Wayne Eskridge,
base,219,Black,false,,D'Wayne Eskridge,
base,219,Black Pandora,false,,D'Wayne Eskridge,
base,219,Blue,false,,D'Wayne Eskridge,
base,219,Blue Hyper,false,,D'Wayne Eskridge,
base,219,Blue Scope,false,,D'Wayne Eskridge,
base,219,Bronze,false,,D'Wayne Eskridge,
base,219,Fire,false,,D'Wayne Eskridge,
base,219,Freedom,false,,D'Wayne Eskridge,
base,219,Gold,false,,D'Wayne Eskridge,
base,219,Gold Vinyl,false,,D'Wayne Eskridge,
base,219,Green,false,,D'Wayne Eskridge,
base,219,Green Velocity,false,,D'Wayne Eskridge,
base,219,Holo,false,,D'Wayne Eskridge,
base,219,Holo Variation,false,,D'Wayne Eskridge,
base,219,Ice,false,,D'Wayne Eskridge,
base,219,Lime Green,false,,D'Wayne Eskridge,
base,219,One Hundred,false,,D'Wayne Eskridge,
base,219,Orange,false,,D'Wayne Eskridge,
base,219,Orange Scope,false,,D'Wayne Eskridge,
base,219,Pink,false,,D'Wayne Eskridge,
base,219,Pink Velocity,false,,D'Wayne Eskridge,
base,219,Purple,false,,D'Wayne Eskridge,
base,219,Purple Shock,false,,D'Wayne Eskridge,
base,219,Purple Stars,false,,D'Wayne Eskridge,
base,219,Purple Velocity,false,,D'Wayne Eskridge,
base,219,Red,false,,D'Wayne Eskridge,
base,219,Red Hyper,false,,D'Wayne Eskridge,
base,219,Red Mojo,false,,D'Wayne Eskridge,
base,219,Red Stars,false,,D'Wayne Eskridge,
base,219,Rocket,false,,D'Wayne Eskridge,
base,219,Silver Circles,false,,D'Wayne Eskridge,
base,219,Stars,false,,D'Wayne Eskridge,
base,219,Teal Velocity,false,,D'Wayne Eskridge,
base,219,Wave,false,,D'Wayne Eskridge,
base,219,Aqua,false,,D'Wayne Eskridge,
base,219,Printing Plate Black,false,,D'Wayne Eskridge,
insert-downtown,DT-31,Gold Vinyl,false,,Russell Wilson,
insert-downtown,DT-31,Gold,false,,Russell Wilson,
insert-downtown,DT-31,Black Pandora,false,,Russell Wilson,
insert-downtown,DT-31,White Sparkle,false,,Russell Wilson,
insert-the-champ-is-here,CH-4,Gold Vinyl,false,,Chris Godwin,
insert-the-champ-is-here,CH-4,Black Pandora,false,,Chris Godwin,
insert-the-champ-is-here,CH-4,Gold,false,,Chris Godwin,
insert-the-champ-is-here,CH-4,White Sparkle,false,,Chris Godwin,
insert-the-champ-is-here,CH-6,Gold Vinyl,false,,Ronald Jones II,
insert-the-champ-is-here,CH-6,Black Pandora,false,,Ronald Jones II,
insert-the-champ-is-here,CH-6,Gold,false,,Ronald Jones II,
insert-the-champ-is-here,CH-6,White Sparkle,false,,Ronald Jones II,
insert-the-champ-is-here,CH-7,Gold Vinyl,false,,Scott Miller,
insert-the-champ-is-here,CH-7,Black Pandora,false,,Scott Miller,
insert-the-champ-is-here,CH-7,Gold,false,,Scott Miller,
insert-the-champ-is-here,CH-7,White Sparkle,false,,Scott Miller,
insert-the-champ-is-here,CH-8,Gold Vinyl,false,,Tristan Wirfs,
insert-the-champ-is-here,CH-8,Black Pandora,false,,Tristan Wirfs,
insert-the-champ-is-here,CH-8,Gold,false,,Tristan Wirfs,
insert-the-champ-is-here,CH-8,White Sparkle,false,,Tristan Wirfs,
insert-the-champ-is-here,CH-9,Gold Vinyl,false,,Rob Gronkowski,
insert-the-champ-is-here,CH-9,Black Pandora,false,,Rob Gronkowski,
insert-the-champ-is-here,CH-9,Gold,false,,Rob Gronkowski,
insert-the-champ-is-here,CH-9,White Sparkle,false,,Rob Gronkowski,
insert-the-champ-is-here,CH-10,Gold Vinyl,false,,Ndamukong Suh,
insert-the-champ-is-here,CH-10,Black Pandora,false,,Ndamukong Suh,
insert-the-champ-is-here,CH-10,Gold,false,,Ndamukong Suh,
insert-the-champ-is-here,CH-10,White Sparkle,false,,Ndamukong Suh,
insert-the-champ-is-here,CH-11,Gold Vinyl,false,,Jason Pierre-Paul,
insert-the-champ-is-here,CH-11,Black Pandora,false,,Jason Pierre-Paul,
insert-the-champ-is-here,CH-11,Gold,false,,Jason Pierre-Paul,
insert-the-champ-is-here,CH-11,White Sparkle,false,,Jason Pierre-Paul,
insert-the-champ-is-here,CH-12,Gold Vinyl,false,,Devin White,
insert-the-champ-is-here,CH-12,Black Pandora,false,,Devin White,
insert-the-champ-is-here,CH-12,Gold,false,,Devin White,
insert-the-champ-is-here,CH-12,White Sparkle,false,,Devin White,
insert-the-champ-is-here,CH-13,Gold Vinyl,false,,Shaquil Barrett,
insert-the-champ-is-here,CH-13,Black Pandora,false,,Shaquil Barrett,
insert-the-champ-is-here,CH-13,Gold,false,,Shaquil Barrett,
insert-the-champ-is-here,CH-13,White Sparkle,false,,Shaquil Barrett,
insert-the-champ-is-here,CH-14,Gold Vinyl,false,,Antoine Winfield Jr.,
insert-the-champ-is-here,CH-14,Black Pandora,false,,Antoine Winfield Jr.,
insert-the-champ-is-here,CH-14,Gold,false,,Antoine Winfield Jr.,
insert-the-champ-is-here,CH-14,White Sparkle,false,,Antoine Winfield Jr.,
insert-the-champ-is-here,CH-15,Gold Vinyl,false,,Lavonte David,
insert-the-champ-is-here,CH-15,Black Pandora,false,,Lavonte David,
insert-the-champ-is-here,CH-15,Gold,false,,Lavonte David,
insert-the-champ-is-here,CH-15,White Sparkle,false,,Lavonte David,
base,171,White Sparkle,false,,Rob Gronkowski,
base,171,Black,false,,Rob Gronkowski,
base,171,Black Pandora,false,,Rob Gronkowski,
base,171,Blue,false,,Rob Gronkowski,
base,171,Blue Hyper,false,,Rob Gronkowski,
base,171,Blue Scope,false,,Rob Gronkowski,
base,171,Bronze,false,,Rob Gronkowski,
base,171,Fire,false,,Rob Gronkowski,
base,171,Freedom,false,,Rob Gronkowski,
base,171,Gold,false,,Rob Gronkowski,
base,171,Gold Vinyl,false,,Rob Gronkowski,
base,171,Green,false,,Rob Gronkowski,
base,171,Green Velocity,false,,Rob Gronkowski,
base,171,Holo,false,,Rob Gronkowski,
base,171,Holo Variation,false,,Rob Gronkowski,
base,171,Ice,false,,Rob Gronkowski,
base,171,Lime Green,false,,Rob Gronkowski,
base,171,One Hundred,false,,Rob Gronkowski,
base,171,Orange,false,,Rob Gronkowski,
base,171,Orange Scope,false,,Rob Gronkowski,
base,171,Pink,false,,Rob Gronkowski,
base,171,Pink Velocity,false,,Rob Gronkowski,
base,171,Purple,false,,Rob Gronkowski,
base,171,Purple Shock,false,,Rob Gronkowski,
base,171,Purple Stars,false,,Rob Gronkowski,
base,171,Purple Velocity,false,,Rob Gronkowski,
base,171,Red,false,,Rob Gronkowski,
base,171,Red Hyper,false,,Rob Gronkowski,
base,171,Red Mojo,false,,Rob Gronkowski,
base,171,Red Stars,false,,Rob Gronkowski,
base,171,Rocket,false,,Rob Gronkowski,
base,171,Silver Circles,false,,Rob Gronkowski,
base,171,Stars,false,,Rob Gronkowski,
base,171,Teal Velocity,false,,Rob Gronkowski,
base,171,Wave,false,,Rob Gronkowski,
base,171,Aqua,false,,Rob Gronkowski,
base,171,Printing Plate Black,false,,Rob Gronkowski,
auto-dynamic-patch-autographs,DPA-MA,Gold Vinyl,true,,Mike Alstott,
base,172,White Sparkle,false,,Tom Brady,
base,172,Black,false,,Tom Brady,
base,172,Black Pandora,false,,Tom Brady,
base,172,Blue,false,,Tom Brady,
base,172,Blue Hyper,false,,Tom Brady,
base,172,Blue Scope,false,,Tom Brady,
base,172,Bronze,false,,Tom Brady,
base,172,Fire,false,,Tom Brady,
base,172,Freedom,false,,Tom Brady,
base,172,Gold,false,,Tom Brady,
base,172,Gold Vinyl,false,,Tom Brady,
base,172,Green,false,,Tom Brady,
base,172,Green Velocity,false,,Tom Brady,
base,172,Holo,false,,Tom Brady,
base,172,Holo Variation,false,,Tom Brady,
base,172,Ice,false,,Tom Brady,
base,172,Lime Green,false,,Tom Brady,
base,172,One Hundred,false,,Tom Brady,
base,172,Orange,false,,Tom Brady,
base,172,Orange Scope,false,,Tom Brady,
base,172,Pink,false,,Tom Brady,
base,172,Pink Velocity,false,,Tom Brady,
base,172,Purple,false,,Tom Brady,
base,172,Purple Shock,false,,Tom Brady,
base,172,Purple Stars,false,,Tom Brady,
base,172,Purple Velocity,false,,Tom Brady,
base,172,Red,false,,Tom Brady,
base,172,Red Hyper,false,,Tom Brady,
base,172,Red Mojo,false,,Tom Brady,
base,172,Red Stars,false,,Tom Brady,
base,172,Rocket,false,,Tom Brady,
base,172,Silver Circles,false,,Tom Brady,
base,172,Stars,false,,Tom Brady,
base,172,Teal Velocity,false,,Tom Brady,
base,172,Wave,false,,Tom Brady,
base,172,Aqua,false,,Tom Brady,
base,172,Printing Plate Black,false,,Tom Brady,
base,173,White Sparkle,false,,Ronald Jones II,
base,173,Black,false,,Ronald Jones II,
base,173,Black Pandora,false,,Ronald Jones II,
base,173,Blue,false,,Ronald Jones II,
base,173,Blue Hyper,false,,Ronald Jones II,
base,173,Blue Scope,false,,Ronald Jones II,
base,173,Bronze,false,,Ronald Jones II,
base,173,Fire,false,,Ronald Jones II,
base,173,Freedom,false,,Ronald Jones II,
base,173,Gold,false,,Ronald Jones II,
base,173,Gold Vinyl,false,,Ronald Jones II,
base,173,Green,false,,Ronald Jones II,
base,173,Green Velocity,false,,Ronald Jones II,
base,173,Holo,false,,Ronald Jones II,
base,173,Holo Variation,false,,Ronald Jones II,
base,173,Ice,false,,Ronald Jones II,
base,173,Lime Green,false,,Ronald Jones II,
base,173,One Hundred,false,,Ronald Jones II,
base,173,Orange,false,,Ronald Jones II,
base,173,Orange Scope,false,,Ronald Jones II,
base,173,Pink,false,,Ronald Jones II,
base,173,Pink Velocity,false,,Ronald Jones II,
base,173,Purple,false,,Ronald Jones II,
base,173,Purple Shock,false,,Ronald Jones II,
base,173,Purple Stars,false,,Ronald Jones II,
base,173,Purple Velocity,false,,Ronald Jones II,
base,173,Red,false,,Ronald Jones II,
base,173,Red Hyper,false,,Ronald Jones II,
base,173,Red Mojo,false,,Ronald Jones II,
base,173,Red Stars,false,,Ronald Jones II,
base,173,Rocket,false,,Ronald Jones II,
base,173,Silver Circles,false,,Ronald Jones II,
base,173,Stars,false,,Ronald Jones II,
base,173,Teal Velocity,false,,Ronald Jones II,
base,173,Wave,false,,Ronald Jones II,
base,173,Aqua,false,,Ronald Jones II,
base,173,Printing Plate Black,false,,Ronald Jones II,
base,174,White Sparkle,false,,Devin White,
base,174,Black,false,,Devin White,
base,174,Black Pandora,false,,Devin White,
base,174,Blue,false,,Devin White,
base,174,Blue Hyper,false,,Devin White,
base,174,Blue Scope,false,,Devin White,
base,174,Bronze,false,,Devin White,
base,174,Fire,false,,Devin White,
base,174,Freedom,false,,Devin White,
base,174,Gold,false,,Devin White,
base,174,Gold Vinyl,false,,Devin White,
base,174,Green,false,,Devin White,
base,174,Green Velocity,false,,Devin White,
base,174,Holo,false,,Devin White,
base,174,Holo Variation,false,,Devin White,
base,174,Ice,false,,Devin White,
base,174,Lime Green,false,,Devin White,
base,174,One Hundred,false,,Devin White,
base,174,Orange,false,,Devin White,
base,174,Orange Scope,false,,Devin White,
base,174,Pink,false,,Devin White,
base,174,Pink Velocity,false,,Devin White,
base,174,Purple,false,,Devin White,
base,174,Purple Shock,false,,Devin White,
base,174,Purple Stars,false,,Devin White,
base,174,Purple Velocity,false,,Devin White,
base,174,Red,false,,Devin White,
base,174,Red Hyper,false,,Devin White,
base,174,Red Mojo,false,,Devin White,
base,174,Red Stars,false,,Devin White,
base,174,Rocket,false,,Devin White,
base,174,Silver Circles,false,,Devin White,
base,174,Stars,false,,Devin White,
base,174,Teal Velocity,false,,Devin White,
base,174,Wave,false,,Devin White,
base,174,Aqua,false,,Devin White,
base,174,Printing Plate Black,false,,Devin White,
base,175,White Sparkle,false,,Steve Young,
base,175,Black,false,,Steve Young,
base,175,Black Pandora,false,,Steve Young,
base,175,Blue,false,,Steve Young,
base,175,Blue Hyper,false,,Steve Young,
base,175,Blue Scope,false,,Steve Young,
base,175,Bronze,false,,Steve Young,
base,175,Fire,false,,Steve Young,
base,175,Freedom,false,,Steve Young,
base,175,Gold,false,,Steve Young,
base,175,Gold Vinyl,false,,Steve Young,
base,175,Green,false,,Steve Young,
base,175,Green Velocity,false,,Steve Young,
base,175,Holo,false,,Steve Young,
base,175,Holo Variation,false,,Steve Young,
base,175,Ice,false,,Steve Young,
base,175,Lime Green,false,,Steve Young,
base,175,One Hundred,false,,Steve Young,
base,175,Orange,false,,Steve Young,
base,175,Orange Scope,false,,Steve Young,
base,175,Pink,false,,Steve Young,
base,175,Pink Velocity,false,,Steve Young,
base,175,Purple,false,,Steve Young,
base,175,Purple Shock,false,,Steve Young,
base,175,Purple Stars,false,,Steve Young,
base,175,Purple Velocity,false,,Steve Young,
base,175,Red,false,,Steve Young,
base,175,Red Hyper,false,,Steve Young,
base,175,Red Mojo,false,,Steve Young,
base,175,Red Stars,false,,Steve Young,
base,175,Rocket,false,,Steve Young,
base,175,Silver Circles,false,,Steve Young,
base,175,Stars,false,,Steve Young,
base,175,Teal Velocity,false,,Steve Young,
base,175,Wave,false,,Steve Young,
base,175,Aqua,false,,Steve Young,
base,175,Printing Plate Black,false,,Steve Young,
insert-mythical,MY-1,White Sparkle,false,,Tom Brady,
insert-mythical,MY-1,Gold,false,,Tom Brady,
insert-mythical,MY-1,Black Pandora,false,,Tom Brady,
insert-mythical,MY-1,Gold Vinyl,false,,Tom Brady,
insert-rookie-phenoms-horizontal,RPH-34,Blue Hyper,false,,Jaelon Darden,
insert-rookie-phenoms-horizontal,RPH-34,Prime,false,,Jaelon Darden,
insert-rookie-phenoms-horizontal,RPH-34,Red,false,,Jaelon Darden,
insert-rookie-phenoms-horizontal,RPH-34,Gold Vinyl,false,,Jaelon Darden,
auto-rated-rookies-autographs,255,Holo,true,,Joe Tryon-Shoyinka,
auto-rated-rookies-autographs,255,Pink Velocity,true,,Joe Tryon-Shoyinka,
auto-rated-rookies-autographs,255,Black Pandora,true,,Joe Tryon-Shoyinka,
auto-rated-rookies-autographs,255,Blue,true,,Joe Tryon-Shoyinka,
auto-rated-rookies-autographs,255,Red Hyper,true,,Joe Tryon-Shoyinka,
auto-rated-rookies-autographs,255,Red,true,,Joe Tryon-Shoyinka,
auto-rated-rookies-autographs,255,Purple Stars,true,,Joe Tryon-Shoyinka,
auto-rated-rookies-autographs,255,Purple,true,,Joe Tryon-Shoyinka,
auto-rated-rookies-autographs,255,Bronze,true,,Joe Tryon-Shoyinka,
auto-rated-rookies-autographs,255,Gold,true,,Joe Tryon-Shoyinka,
auto-rated-rookies-autographs,255,Green,true,,Joe Tryon-Shoyinka,
auto-rated-rookies-autographs,255,Gold Vinyl,true,,Joe Tryon-Shoyinka,
insert-legendary-logos,LL-19,Gold Vinyl,false,,Tom Brady,
insert-legendary-logos,LL-19,Gold,false,,Tom Brady,
insert-legendary-logos,LL-19,Black Pandora,false,,Tom Brady,
insert-legendary-logos,LL-19,Purple Stars,false,,Tom Brady,
insert-rookie-phenoms-horizontal,RPH-9,Blue Hyper,false,,Kyle Trask,
insert-rookie-phenoms-horizontal,RPH-9,Prime,false,,Kyle Trask,
insert-rookie-phenoms-horizontal,RPH-9,Red,false,,Kyle Trask,
insert-rookie-phenoms-horizontal,RPH-9,Gold Vinyl,false,,Kyle Trask,
base,209,White Sparkle,false,,Kyle Trask,
base,209,Black,false,,Kyle Trask,
base,209,Black Pandora,false,,Kyle Trask,
base,209,Blue,false,,Kyle Trask,
base,209,Blue Hyper,false,,Kyle Trask,
base,209,Blue Scope,false,,Kyle Trask,
base,209,Bronze,false,,Kyle Trask,
base,209,Fire,false,,Kyle Trask,
base,209,Freedom,false,,Kyle Trask,
base,209,Gold,false,,Kyle Trask,
base,209,Gold Vinyl,false,,Kyle Trask,
base,209,Green,false,,Kyle Trask,
base,209,Green Velocity,false,,Kyle Trask,
base,209,Holo,false,,Kyle Trask,
base,209,Holo Variation,false,,Kyle Trask,
base,209,Ice,false,,Kyle Trask,
base,209,Lime Green,false,,Kyle Trask,
base,209,One Hundred,false,,Kyle Trask,
base,209,Orange,false,,Kyle Trask,
base,209,Orange Scope,false,,Kyle Trask,
base,209,Pink,false,,Kyle Trask,
base,209,Pink Velocity,false,,Kyle Trask,
base,209,Purple,false,,Kyle Trask,
base,209,Purple Shock,false,,Kyle Trask,
base,209,Purple Stars,false,,Kyle Trask,
base,209,Purple Velocity,false,,Kyle Trask,
base,209,Red,false,,Kyle Trask,
base,209,Red Hyper,false,,Kyle Trask,
base,209,Red Mojo,false,,Kyle Trask,
base,209,Red Stars,false,,Kyle Trask,
base,209,Rocket,false,,Kyle Trask,
base,209,Silver Circles,false,,Kyle Trask,
base,209,Stars,false,,Kyle Trask,
base,209,Teal Velocity,false,,Kyle Trask,
base,209,Wave,false,,Kyle Trask,
base,209,Aqua,false,,Kyle Trask,
base,209,Printing Plate Black,false,,Kyle Trask,
insert-rookie-phenoms,RP-34,Prime,false,,Jaelon Darden,
insert-rookie-phenoms,RP-34,Blue Hyper,false,,Jaelon Darden,
insert-rookie-phenoms,RP-34,Gold Vinyl,false,,Jaelon Darden,
insert-rookie-phenoms,RP-34,Red,false,,Jaelon Darden,
insert-retro-series,RS-SY,Gold,false,,Steve Young,
insert-retro-series,RS-SY,Black Pandora,false,,Steve Young,
insert-retro-series,RS-SY,Gold Vinyl,false,,Steve Young,
insert-retro-series,RS-SY,Purple Stars,false,,Steve Young,
insert-rookie-phenoms,RP-9,Prime,false,,Kyle Trask,
insert-rookie-phenoms,RP-9,Blue Hyper,false,,Kyle Trask,
insert-rookie-phenoms,RP-9,Gold Vinyl,false,,Kyle Trask,
insert-rookie-phenoms,RP-9,Red,false,,Kyle Trask,
base,234,White Sparkle,false,,Jaelon Darden,
base,234,Black,false,,Jaelon Darden,
base,234,Black Pandora,false,,Jaelon Darden,
base,234,Blue,false,,Jaelon Darden,
base,234,Blue Hyper,false,,Jaelon Darden,
base,234,Blue Scope,false,,Jaelon Darden,
base,234,Bronze,false,,Jaelon Darden,
base,234,Fire,false,,Jaelon Darden,
base,234,Freedom,false,,Jaelon Darden,
base,234,Gold,false,,Jaelon Darden,
base,234,Gold Vinyl,false,,Jaelon Darden,
base,234,Green,false,,Jaelon Darden,
base,234,Green Velocity,false,,Jaelon Darden,
base,234,Holo,false,,Jaelon Darden,
base,234,Holo Variation,false,,Jaelon Darden,
base,234,Ice,false,,Jaelon Darden,
base,234,Lime Green,false,,Jaelon Darden,
base,234,One Hundred,false,,Jaelon Darden,
base,234,Orange,false,,Jaelon Darden,
base,234,Orange Scope,false,,Jaelon Darden,
base,234,Pink,false,,Jaelon Darden,
base,234,Pink Velocity,false,,Jaelon Darden,
base,234,Purple,false,,Jaelon Darden,
base,234,Purple Shock,false,,Jaelon Darden,
base,234,Purple Stars,false,,Jaelon Darden,
base,234,Purple Velocity,false,,Jaelon Darden,
base,234,Red,false,,Jaelon Darden,
base,234,Red Hyper,false,,Jaelon Darden,
base,234,Red Mojo,false,,Jaelon Darden,
base,234,Red Stars,false,,Jaelon Darden,
base,234,Rocket,false,,Jaelon Darden,
base,234,Silver Circles,false,,Jaelon Darden,
base,234,Stars,false,,Jaelon Darden,
base,234,Teal Velocity,false,,Jaelon Darden,
base,234,Wave,false,,Jaelon Darden,
base,234,Aqua,false,,Jaelon Darden,
base,234,Printing Plate Black,false,,Jaelon Darden,
base,255,White Sparkle,false,,Joe Tryon-Shoyinka,
base,255,Black,false,,Joe Tryon-Shoyinka,
base,255,Black Pandora,false,,Joe Tryon-Shoyinka,
base,255,Blue,false,,Joe Tryon-Shoyinka,
base,255,Blue Hyper,false,,Joe Tryon-Shoyinka,
base,255,Blue Scope,false,,Joe Tryon-Shoyinka,
base,255,Bronze,false,,Joe Tryon-Shoyinka,
base,255,Fire,false,,Joe Tryon-Shoyinka,
base,255,Freedom,false,,Joe Tryon-Shoyinka,
base,255,Gold,false,,Joe Tryon-Shoyinka,
base,255,Gold Vinyl,false,,Joe Tryon-Shoyinka,
base,255,Green,false,,Joe Tryon-Shoyinka,
base,255,Green Velocity,false,,Joe Tryon-Shoyinka,
base,255,Holo,false,,Joe Tryon-Shoyinka,
base,255,Holo Variation,false,,Joe Tryon-Shoyinka,
base,255,Ice,false,,Joe Tryon-Shoyinka,
base,255,Lime Green,false,,Joe Tryon-Shoyinka,
base,255,One Hundred,false,,Joe Tryon-Shoyinka,
base,255,Orange,false,,Joe Tryon-Shoyinka,
base,255,Orange Scope,false,,Joe Tryon-Shoyinka,
base,255,Pink,false,,Joe Tryon-Shoyinka,
base,255,Pink Velocity,false,,Joe Tryon-Shoyinka,
base,255,Purple,false,,Joe Tryon-Shoyinka,
base,255,Purple Shock,false,,Joe Tryon-Shoyinka,
base,255,Purple Stars,false,,Joe Tryon-Shoyinka,
base,255,Purple Velocity,false,,Joe Tryon-Shoyinka,
base,255,Red,false,,Joe Tryon-Shoyinka,
base,255,Red Hyper,false,,Joe Tryon-Shoyinka,
base,255,Red Mojo,false,,Joe Tryon-Shoyinka,
base,255,Red Stars,false,,Joe Tryon-Shoyinka,
base,255,Rocket,false,,Joe Tryon-Shoyinka,
base,255,Silver Circles,false,,Joe Tryon-Shoyinka,
base,255,Stars,false,,Joe Tryon-Shoyinka,
base,255,Teal Velocity,false,,Joe Tryon-Shoyinka,
base,255,Wave,false,,Joe Tryon-Shoyinka,
base,255,Aqua,false,,Joe Tryon-Shoyinka,
base,255,Printing Plate Black,false,,Joe Tryon-Shoyinka,
auto-rookie-patch-autographs,RPA-KT,Gold Vinyl,true,,Kyle Trask,
auto-rookie-patch-autographs,RPA-JD,Gold Vinyl,true,,Jaelon Darden,
auto-rated-rookies-rps-autographs,209,Gold Vinyl,true,,Kyle Trask,
auto-rated-rookies-rps-autographs,209,Red Hyper,true,,Kyle Trask,
auto-rated-rookies-rps-autographs,209,Red,true,,Kyle Trask,
auto-rated-rookies-rps-autographs,209,Purple Stars,true,,Kyle Trask,
auto-rated-rookies-rps-autographs,209,Purple,true,,Kyle Trask,
auto-rated-rookies-rps-autographs,209,Pink Velocity,true,,Kyle Trask,
auto-rated-rookies-rps-autographs,209,Holo,true,,Kyle Trask,
auto-rated-rookies-rps-autographs,209,Green,true,,Kyle Trask,
auto-rated-rookies-rps-autographs,209,Gold,true,,Kyle Trask,
auto-rated-rookies-rps-autographs,209,Bronze,true,,Kyle Trask,
auto-rated-rookies-rps-autographs,209,Blue,true,,Kyle Trask,
auto-rated-rookies-rps-autographs,209,Black Pandora,true,,Kyle Trask,
insert-my-house,MH-7,Black Pandora,false,,Tom Brady,
insert-my-house,MH-7,Gold,false,,Tom Brady,
insert-my-house,MH-7,Gold Vinyl,false,,Tom Brady,
insert-my-house,MH-7,Purple Stars,false,,Tom Brady,
insert-rookie-kings,RK-9,Gold,false,,Kyle Trask,
insert-rookie-kings,RK-9,Gold Vinyl,false,,Kyle Trask,
insert-rookie-kings,RK-9,White Sparkle,false,,Kyle Trask,
insert-rookie-kings,RK-9,Black Pandora,false,,Kyle Trask,
insert-the-rookies,TR-9,Gold Vinyl,false,,Kyle Trask,
insert-the-rookies,TR-9,Purple Stars,false,,Kyle Trask,
insert-the-rookies,TR-9,Black Pandora,false,,Kyle Trask,
insert-the-rookies,TR-9,Gold,false,,Kyle Trask,
insert-dominators,DM-TB,Gold Vinyl,false,,Tom Brady,
insert-dominators,DM-TB,Gold,false,,Tom Brady,
insert-dominators,DM-TB,Black Pandora,false,,Tom Brady,
insert-dominators,DM-TB,Purple Stars,false,,Tom Brady,
insert-red-hot-rookies,RHR-5,Black Pandora,false,,Kyle Trask,
insert-red-hot-rookies,RHR-5,Gold Vinyl,false,,Kyle Trask,
insert-red-hot-rookies,RHR-5,Purple Stars,false,,Kyle Trask,
insert-red-hot-rookies,RHR-5,Gold,false,,Kyle Trask,
auto-the-rookies-autographs,TR-9,Gold Vinyl,true,,Kyle Trask,
auto-the-rookies-autographs,TR-9,Purple Stars,true,,Kyle Trask,
auto-rookie-dual-autographs,RDA-TD,Gold Vinyl,true,,Jaelon Darden,
auto-rookie-dual-autographs,RDA-TD,Gold Vinyl,true,,Kyle Trask,
insert-downtown,DT-23,Gold Vinyl,false,,Tom Brady,
insert-downtown,DT-23,Gold,false,,Tom Brady,
insert-downtown,DT-23,Black Pandora,false,,Tom Brady,
insert-downtown,DT-23,White Sparkle,false,,Tom Brady,
auto-rated-rookies-rps-autographs,234,Gold Vinyl,true,,Jaelon Darden,
auto-rated-rookies-rps-autographs,234,Red Hyper,true,,Jaelon Darden,
auto-rated-rookies-rps-autographs,234,Red,true,,Jaelon Darden,
auto-rated-rookies-rps-autographs,234,Purple Stars,true,,Jaelon Darden,
auto-rated-rookies-rps-autographs,234,Purple,true,,Jaelon Darden,
auto-rated-rookies-rps-autographs,234,Pink Velocity,true,,Jaelon Darden,
auto-rated-rookies-rps-autographs,234,Holo,true,,Jaelon Darden,
auto-rated-rookies-rps-autographs,234,Green,true,,Jaelon Darden,
auto-rated-rookies-rps-autographs,234,Gold,true,,Jaelon Darden,
auto-rated-rookies-rps-autographs,234,Bronze,true,,Jaelon Darden,
auto-rated-rookies-rps-autographs,234,Blue,true,,Jaelon Darden,
auto-rated-rookies-rps-autographs,234,Black Pandora,true,,Jaelon Darden,
insert-rising-suns,RS-2,Purple Stars,false,,Antoine Winfield Jr.,
insert-rising-suns,RS-2,Gold,false,,Antoine Winfield Jr.,
insert-rising-suns,RS-2,Gold Vinyl,false,,Antoine Winfield Jr.,
insert-rising-suns,RS-2,Black Pandora,false,,Antoine Winfield Jr.,
insert-gifted-rookies,GR-9,Gold Vinyl,false,,Kyle Trask,
insert-gifted-rookies,GR-9,Gold,false,,Kyle Trask,
insert-gifted-rookies,GR-9,Black Pandora,false,,Kyle Trask,
insert-gifted-rookies,GR-9,Purple Stars,false,,Kyle Trask,
base,169,White Sparkle,false,,Mike Evans,
base,169,Black,false,,Mike Evans,
base,169,Black Pandora,false,,Mike Evans,
base,169,Blue,false,,Mike Evans,
base,169,Blue Hyper,false,,Mike Evans,
base,169,Blue Scope,false,,Mike Evans,
base,169,Bronze,false,,Mike Evans,
base,169,Fire,false,,Mike Evans,
base,169,Freedom,false,,Mike Evans,
base,169,Gold,false,,Mike Evans,
base,169,Gold Vinyl,false,,Mike Evans,
base,169,Green,false,,Mike Evans,
base,169,Green Velocity,false,,Mike Evans,
base,169,Holo,false,,Mike Evans,
base,169,Holo Variation,false,,Mike Evans,
base,169,Ice,false,,Mike Evans,
base,169,Lime Green,false,,Mike Evans,
base,169,One Hundred,false,,Mike Evans,
base,169,Orange,false,,Mike Evans,
base,169,Orange Scope,false,,Mike Evans,
base,169,Pink,false,,Mike Evans,
base,169,Pink Velocity,false,,Mike Evans,
base,169,Purple,false,,Mike Evans,
base,169,Purple Shock,false,,Mike Evans,
base,169,Purple Stars,false,,Mike Evans,
base,169,Purple Velocity,false,,Mike Evans,
base,169,Red,false,,Mike Evans,
base,169,Red Hyper,false,,Mike Evans,
base,169,Red Mojo,false,,Mike Evans,
base,169,Red Stars,false,,Mike Evans,
base,169,Rocket,false,,Mike Evans,
base,169,Silver Circles,false,,Mike Evans,
base,169,Stars,false,,Mike Evans,
base,169,Teal Velocity,false,,Mike Evans,
base,169,Wave,false,,Mike Evans,
base,169,Aqua,false,,Mike Evans,
base,169,Printing Plate Black,false,,Mike Evans,
base,170,White Sparkle,false,,Chris Godwin,
base,170,Black,false,,Chris Godwin,
base,170,Black Pandora,false,,Chris Godwin,
base,170,Blue,false,,Chris Godwin,
base,170,Blue Hyper,false,,Chris Godwin,
base,170,Blue Scope,false,,Chris Godwin,
base,170,Bronze,false,,Chris Godwin,
base,170,Fire,false,,Chris Godwin,
base,170,Freedom,false,,Chris Godwin,
base,170,Gold,false,,Chris Godwin,
base,170,Gold Vinyl,false,,Chris Godwin,
base,170,Green,false,,Chris Godwin,
base,170,Green Velocity,false,,Chris Godwin,
base,170,Holo,false,,Chris Godwin,
base,170,Holo Variation,false,,Chris Godwin,
base,170,Ice,false,,Chris Godwin,
base,170,Lime Green,false,,Chris Godwin,
base,170,One Hundred,false,,Chris Godwin,
base,170,Orange,false,,Chris Godwin,
base,170,Orange Scope,false,,Chris Godwin,
base,170,Pink,false,,Chris Godwin,
base,170,Pink Velocity,false,,Chris Godwin,
base,170,Purple,false,,Chris Godwin,
base,170,Purple Shock,false,,Chris Godwin,
base,170,Purple Stars,false,,Chris Godwin,
base,170,Purple Velocity,false,,Chris Godwin,
base,170,Red,false,,Chris Godwin,
base,170,Red Hyper,false,,Chris Godwin,
base,170,Red Mojo,false,,Chris Godwin,
base,170,Red Stars,false,,Chris Godwin,
base,170,Rocket,false,,Chris Godwin,
base,170,Silver Circles,false,,Chris Godwin,
base,170,Stars,false,,Chris Godwin,
base,170,Teal Velocity,false,,Chris Godwin,
base,170,Wave,false,,Chris Godwin,
base,170,Aqua,false,,Chris Godwin,
base,170,Printing Plate Black,false,,Chris Godwin,
insert-the-champ-is-here,CH-1,Gold Vinyl,false,,Tom Brady,
insert-the-champ-is-here,CH-1,Black Pandora,false,,Tom Brady,
insert-the-champ-is-here,CH-1,Gold,false,,Tom Brady,
insert-the-champ-is-here,CH-1,White Sparkle,false,,Tom Brady,
insert-the-champ-is-here,CH-2,Gold Vinyl,false,,Leonard Fournette,
insert-the-champ-is-here,CH-2,Black Pandora,false,,Leonard Fournette,
insert-the-champ-is-here,CH-2,Gold,false,,Leonard Fournette,
insert-the-champ-is-here,CH-2,White Sparkle,false,,Leonard Fournette,
insert-the-champ-is-here,CH-3,Gold Vinyl,false,,Mike Evans,
insert-the-champ-is-here,CH-3,Black Pandora,false,,Mike Evans,
insert-the-champ-is-here,CH-3,Gold,false,,Mike Evans,
insert-the-champ-is-here,CH-3,White Sparkle,false,,Mike Evans,
insert-the-champ-is-here,CH-5,Gold Vinyl,false,,Antonio Brown,
insert-the-champ-is-here,CH-5,Black Pandora,false,,Antonio Brown,
insert-the-champ-is-here,CH-5,Gold,false,,Antonio Brown,
insert-the-champ-is-here,CH-5,White Sparkle,false,,Antonio Brown,
base,121,White Sparkle,false,,A.J. Brown,
base,121,Black,false,,A.J. Brown,
base,121,Black Pandora,false,,A.J. Brown,
base,121,Blue,false,,A.J. Brown,
base,121,Blue Hyper,false,,A.J. Brown,
base,121,Blue Scope,false,,A.J. Brown,
base,121,Bronze,false,,A.J. Brown,
base,121,Fire,false,,A.J. Brown,
base,121,Freedom,false,,A.J. Brown,
base,121,Gold,false,,A.J. Brown,
base,121,Gold Vinyl,false,,A.J. Brown,
base,121,Green,false,,A.J. Brown,
base,121,Green Velocity,false,,A.J. Brown,
base,121,Holo,false,,A.J. Brown,
base,121,Holo Variation,false,,A.J. Brown,
base,121,Ice,false,,A.J. Brown,
base,121,Lime Green,false,,A.J. Brown,
base,121,One Hundred,false,,A.J. Brown,
base,121,Orange,false,,A.J. Brown,
base,121,Orange Scope,false,,A.J. Brown,
base,121,Pink,false,,A.J. Brown,
base,121,Pink Velocity,false,,A.J. Brown,
base,121,Purple,false,,A.J. Brown,
base,121,Purple Shock,false,,A.J. Brown,
base,121,Purple Stars,false,,A.J. Brown,
base,121,Purple Velocity,false,,A.J. Brown,
base,121,Red,false,,A.J. Brown,
base,121,Red Hyper,false,,A.J. Brown,
base,121,Red Mojo,false,,A.J. Brown,
base,121,Red Stars,false,,A.J. Brown,
base,121,Rocket,false,,A.J. Brown,
base,121,Silver Circles,false,,A.J. Brown,
base,121,Stars,false,,A.J. Brown,
base,121,Teal Velocity,false,,A.J. Brown,
base,121,Wave,false,,A.J. Brown,
base,121,Aqua,false,,A.J. Brown,
base,121,Printing Plate Black,false,,A.J. Brown,
base,236,White Sparkle,false,,Dez Fitzpatrick,
base,236,Black,false,,Dez Fitzpatrick,
base,236,Black Pandora,false,,Dez Fitzpatrick,
base,236,Blue,false,,Dez Fitzpatrick,
base,236,Blue Hyper,false,,Dez Fitzpatrick,
base,236,Blue Scope,false,,Dez Fitzpatrick,
base,236,Bronze,false,,Dez Fitzpatrick,
base,236,Fire,false,,Dez Fitzpatrick,
base,236,Freedom,false,,Dez Fitzpatrick,
base,236,Gold,false,,Dez Fitzpatrick,
base,236,Gold Vinyl,false,,Dez Fitzpatrick,
base,236,Green,false,,Dez Fitzpatrick,
base,236,Green Velocity,false,,Dez Fitzpatrick,
base,236,Holo,false,,Dez Fitzpatrick,
base,236,Holo Variation,false,,Dez Fitzpatrick,
base,236,Ice,false,,Dez Fitzpatrick,
base,236,Lime Green,false,,Dez Fitzpatrick,
base,236,One Hundred,false,,Dez Fitzpatrick,
base,236,Orange,false,,Dez Fitzpatrick,
base,236,Orange Scope,false,,Dez Fitzpatrick,
base,236,Pink,false,,Dez Fitzpatrick,
base,236,Pink Velocity,false,,Dez Fitzpatrick,
base,236,Purple,false,,Dez Fitzpatrick,
base,236,Purple Shock,false,,Dez Fitzpatrick,
base,236,Purple Stars,false,,Dez Fitzpatrick,
base,236,Purple Velocity,false,,Dez Fitzpatrick,
base,236,Red,false,,Dez Fitzpatrick,
base,236,Red Hyper,false,,Dez Fitzpatrick,
base,236,Red Mojo,false,,Dez Fitzpatrick,
base,236,Red Stars,false,,Dez Fitzpatrick,
base,236,Rocket,false,,Dez Fitzpatrick,
base,236,Silver Circles,false,,Dez Fitzpatrick,
base,236,Stars,false,,Dez Fitzpatrick,
base,236,Teal Velocity,false,,Dez Fitzpatrick,
base,236,Wave,false,,Dez Fitzpatrick,
base,236,Aqua,false,,Dez Fitzpatrick,
base,236,Printing Plate Black,false,,Dez Fitzpatrick,
base,124,White Sparkle,false,,Kevin Byard,
base,124,Black,false,,Kevin Byard,
base,124,Black Pandora,false,,Kevin Byard,
base,124,Blue,false,,Kevin Byard,
base,124,Blue Hyper,false,,Kevin Byard,
base,124,Blue Scope,false,,Kevin Byard,
base,124,Bronze,false,,Kevin Byard,
base,124,Fire,false,,Kevin Byard,
base,124,Freedom,false,,Kevin Byard,
base,124,Gold,false,,Kevin Byard,
base,124,Gold Vinyl,false,,Kevin Byard,
base,124,Green,false,,Kevin Byard,
base,124,Green Velocity,false,,Kevin Byard,
base,124,Holo,false,,Kevin Byard,
base,124,Holo Variation,false,,Kevin Byard,
base,124,Ice,false,,Kevin Byard,
base,124,Lime Green,false,,Kevin Byard,
base,124,One Hundred,false,,Kevin Byard,
base,124,Orange,false,,Kevin Byard,
base,124,Orange Scope,false,,Kevin Byard,
base,124,Pink,false,,Kevin Byard,
base,124,Pink Velocity,false,,Kevin Byard,
base,124,Purple,false,,Kevin Byard,
base,124,Purple Shock,false,,Kevin Byard,
base,124,Purple Stars,false,,Kevin Byard,
base,124,Purple Velocity,false,,Kevin Byard,
base,124,Red,false,,Kevin Byard,
base,124,Red Hyper,false,,Kevin Byard,
base,124,Red Mojo,false,,Kevin Byard,
base,124,Red Stars,false,,Kevin Byard,
base,124,Rocket,false,,Kevin Byard,
base,124,Silver Circles,false,,Kevin Byard,
base,124,Stars,false,,Kevin Byard,
base,124,Teal Velocity,false,,Kevin Byard,
base,124,Wave,false,,Kevin Byard,
base,124,Aqua,false,,Kevin Byard,
base,124,Printing Plate Black,false,,Kevin Byard,
base,249,White Sparkle,false,,Caleb Farley,
base,249,Black,false,,Caleb Farley,
base,249,Black Pandora,false,,Caleb Farley,
base,249,Blue,false,,Caleb Farley,
base,249,Blue Hyper,false,,Caleb Farley,
base,249,Blue Scope,false,,Caleb Farley,
base,249,Bronze,false,,Caleb Farley,
base,249,Fire,false,,Caleb Farley,
base,249,Freedom,false,,Caleb Farley,
base,249,Gold,false,,Caleb Farley,
base,249,Gold Vinyl,false,,Caleb Farley,
base,249,Green,false,,Caleb Farley,
base,249,Green Velocity,false,,Caleb Farley,
base,249,Holo,false,,Caleb Farley,
base,249,Holo Variation,false,,Caleb Farley,
base,249,Ice,false,,Caleb Farley,
base,249,Lime Green,false,,Caleb Farley,
base,249,One Hundred,false,,Caleb Farley,
base,249,Orange,false,,Caleb Farley,
base,249,Orange Scope,false,,Caleb Farley,
base,249,Pink,false,,Caleb Farley,
base,249,Pink Velocity,false,,Caleb Farley,
base,249,Purple,false,,Caleb Farley,
base,249,Purple Shock,false,,Caleb Farley,
base,249,Purple Stars,false,,Caleb Farley,
base,249,Purple Velocity,false,,Caleb Farley,
base,249,Red,false,,Caleb Farley,
base,249,Red Hyper,false,,Caleb Farley,
base,249,Red Mojo,false,,Caleb Farley,
base,249,Red Stars,false,,Caleb Farley,
base,249,Rocket,false,,Caleb Farley,
base,249,Silver Circles,false,,Caleb Farley,
base,249,Stars,false,,Caleb Farley,
base,249,Teal Velocity,false,,Caleb Farley,
base,249,Wave,false,,Caleb Farley,
base,249,Aqua,false,,Caleb Farley,
base,249,Printing Plate Black,false,,Caleb Farley,
auto-rated-rookies-rps-autographs,236,Gold Vinyl,true,,Dez Fitzpatrick,
auto-rated-rookies-rps-autographs,236,Red Hyper,true,,Dez Fitzpatrick,
auto-rated-rookies-rps-autographs,236,Red,true,,Dez Fitzpatrick,
auto-rated-rookies-rps-autographs,236,Purple Stars,true,,Dez Fitzpatrick,
auto-rated-rookies-rps-autographs,236,Purple,true,,Dez Fitzpatrick,
auto-rated-rookies-rps-autographs,236,Pink Velocity,true,,Dez Fitzpatrick,
auto-rated-rookies-rps-autographs,236,Holo,true,,Dez Fitzpatrick,
auto-rated-rookies-rps-autographs,236,Green,true,,Dez Fitzpatrick,
auto-rated-rookies-rps-autographs,236,Gold,true,,Dez Fitzpatrick,
auto-rated-rookies-rps-autographs,236,Bronze,true,,Dez Fitzpatrick,
auto-rated-rookies-rps-autographs,236,Blue,true,,Dez Fitzpatrick,
auto-rated-rookies-rps-autographs,236,Black Pandora,true,,Dez Fitzpatrick,
insert-downtown,DT-19,Gold Vinyl,false,,Derrick Henry,
insert-downtown,DT-19,Gold,false,,Derrick Henry,
insert-downtown,DT-19,Black Pandora,false,,Derrick Henry,
insert-downtown,DT-19,White Sparkle,false,,Derrick Henry,
insert-mythical,MY-13,White Sparkle,false,,Derrick Henry,
insert-mythical,MY-13,Gold,false,,Derrick Henry,
insert-mythical,MY-13,Black Pandora,false,,Derrick Henry,
insert-mythical,MY-13,Gold Vinyl,false,,Derrick Henry,
insert-retro-series,RS-VY,Gold,false,,Vince Young,
insert-retro-series,RS-VY,Black Pandora,false,,Vince Young,
insert-retro-series,RS-VY,Gold Vinyl,false,,Vince Young,
insert-retro-series,RS-VY,Purple Stars,false,,Vince Young,
auto-dynamic-patch-autographs,DPA-WM,Gold Vinyl,true,,Warren Moon,
base,125,White Sparkle,false,,Vince Young,
base,125,Black,false,,Vince Young,
base,125,Black Pandora,false,,Vince Young,
base,125,Blue,false,,Vince Young,
base,125,Blue Hyper,false,,Vince Young,
base,125,Blue Scope,false,,Vince Young,
base,125,Bronze,false,,Vince Young,
base,125,Fire,false,,Vince Young,
base,125,Freedom,false,,Vince Young,
base,125,Gold,false,,Vince Young,
base,125,Gold Vinyl,false,,Vince Young,
base,125,Green,false,,Vince Young,
base,125,Green Velocity,false,,Vince Young,
base,125,Holo,false,,Vince Young,
base,125,Holo Variation,false,,Vince Young,
base,125,Ice,false,,Vince Young,
base,125,Lime Green,false,,Vince Young,
base,125,One Hundred,false,,Vince Young,
base,125,Orange,false,,Vince Young,
base,125,Orange Scope,false,,Vince Young,
base,125,Pink,false,,Vince Young,
base,125,Pink Velocity,false,,Vince Young,
base,125,Purple,false,,Vince Young,
base,125,Purple Shock,false,,Vince Young,
base,125,Purple Stars,false,,Vince Young,
base,125,Purple Velocity,false,,Vince Young,
base,125,Red,false,,Vince Young,
base,125,Red Hyper,false,,Vince Young,
base,125,Red Mojo,false,,Vince Young,
base,125,Red Stars,false,,Vince Young,
base,125,Rocket,false,,Vince Young,
base,125,Silver Circles,false,,Vince Young,
base,125,Stars,false,,Vince Young,
base,125,Teal Velocity,false,,Vince Young,
base,125,Wave,false,,Vince Young,
base,125,Aqua,false,,Vince Young,
base,125,Printing Plate Black,false,,Vince Young,
auto-legendary-patch-autographs,LPA-EC,Gold Vinyl,true,,Earl Campbell,
auto-rookie-patch-autographs,RPA-DF,Gold Vinyl,true,,Dez Fitzpatrick,
base,123,White Sparkle,false,,Derrick Henry,
base,123,Black,false,,Derrick Henry,
base,123,Black Pandora,false,,Derrick Henry,
base,123,Blue,false,,Derrick Henry,
base,123,Blue Hyper,false,,Derrick Henry,
base,123,Blue Scope,false,,Derrick Henry,
base,123,Bronze,false,,Derrick Henry,
base,123,Fire,false,,Derrick Henry,
base,123,Freedom,false,,Derrick Henry,
base,123,Gold,false,,Derrick Henry,
base,123,Gold Vinyl,false,,Derrick Henry,
base,123,Green,false,,Derrick Henry,
base,123,Green Velocity,false,,Derrick Henry,
base,123,Holo,false,,Derrick Henry,
base,123,Holo Variation,false,,Derrick Henry,
base,123,Ice,false,,Derrick Henry,
base,123,Lime Green,false,,Derrick Henry,
base,123,One Hundred,false,,Derrick Henry,
base,123,Orange,false,,Derrick Henry,
base,123,Orange Scope,false,,Derrick Henry,
base,123,Pink,false,,Derrick Henry,
base,123,Pink Velocity,false,,Derrick Henry,
base,123,Purple,false,,Derrick Henry,
base,123,Purple Shock,false,,Derrick Henry,
base,123,Purple Stars,false,,Derrick Henry,
base,123,Purple Velocity,false,,Derrick Henry,
base,123,Red,false,,Derrick Henry,
base,123,Red Hyper,false,,Derrick Henry,
base,123,Red Mojo,false,,Derrick Henry,
base,123,Red Stars,false,,Derrick Henry,
base,123,Rocket,false,,Derrick Henry,
base,123,Silver Circles,false,,Derrick Henry,
base,123,Stars,false,,Derrick Henry,
base,123,Teal Velocity,false,,Derrick Henry,
base,123,Wave,false,,Derrick Henry,
base,123,Aqua,false,,Derrick Henry,
base,123,Printing Plate Black,false,,Derrick Henry,
auto-rated-rookies-autographs,249,Holo,true,,Caleb Farley,
auto-rated-rookies-autographs,249,Pink Velocity,true,,Caleb Farley,
auto-rated-rookies-autographs,249,Black Pandora,true,,Caleb Farley,
auto-rated-rookies-autographs,249,Blue,true,,Caleb Farley,
auto-rated-rookies-autographs,249,Red Hyper,true,,Caleb Farley,
auto-rated-rookies-autographs,249,Red,true,,Caleb Farley,
auto-rated-rookies-autographs,249,Purple Stars,true,,Caleb Farley,
auto-rated-rookies-autographs,249,Purple,true,,Caleb Farley,
auto-rated-rookies-autographs,249,Bronze,true,,Caleb Farley,
auto-rated-rookies-autographs,249,Gold,true,,Caleb Farley,
auto-rated-rookies-autographs,249,Green,true,,Caleb Farley,
auto-rated-rookies-autographs,249,Gold Vinyl,true,,Caleb Farley,
insert-retro-series,RS-EC,Gold,false,,Earl Campbell,
insert-retro-series,RS-EC,Black Pandora,false,,Earl Campbell,
insert-retro-series,RS-EC,Gold Vinyl,false,,Earl Campbell,
insert-retro-series,RS-EC,Purple Stars,false,,Earl Campbell,
base,122,White Sparkle,false,,Ryan Tannehill,
base,122,Black,false,,Ryan Tannehill,
base,122,Black Pandora,false,,Ryan Tannehill,
base,122,Blue,false,,Ryan Tannehill,
base,122,Blue Hyper,false,,Ryan Tannehill,
base,122,Blue Scope,false,,Ryan Tannehill,
base,122,Bronze,false,,Ryan Tannehill,
base,122,Fire,false,,Ryan Tannehill,
base,122,Freedom,false,,Ryan Tannehill,
base,122,Gold,false,,Ryan Tannehill,
base,122,Gold Vinyl,false,,Ryan Tannehill,
base,122,Green,false,,Ryan Tannehill,
base,122,Green Velocity,false,,Ryan Tannehill,
base,122,Holo,false,,Ryan Tannehill,
base,122,Holo Variation,false,,Ryan Tannehill,
base,122,Ice,false,,Ryan Tannehill,
base,122,Lime Green,false,,Ryan Tannehill,
base,122,One Hundred,false,,Ryan Tannehill,
base,122,Orange,false,,Ryan Tannehill,
base,122,Orange Scope,false,,Ryan Tannehill,
base,122,Pink,false,,Ryan Tannehill,
base,122,Pink Velocity,false,,Ryan Tannehill,
base,122,Purple,false,,Ryan Tannehill,
base,122,Purple Shock,false,,Ryan Tannehill,
base,122,Purple Stars,false,,Ryan Tannehill,
base,122,Purple Velocity,false,,Ryan Tannehill,
base,122,Red,false,,Ryan Tannehill,
base,122,Red Hyper,false,,Ryan Tannehill,
base,122,Red Mojo,false,,Ryan Tannehill,
base,122,Red Stars,false,,Ryan Tannehill,
base,122,Rocket,false,,Ryan Tannehill,
base,122,Silver Circles,false,,Ryan Tannehill,
base,122,Stars,false,,Ryan Tannehill,
base,122,Teal Velocity,false,,Ryan Tannehill,
base,122,Wave,false,,Ryan Tannehill,
base,122,Aqua,false,,Ryan Tannehill,
base,122,Printing Plate Black,false,,Ryan Tannehill,
auto-dominators-autographs,DM-DH,Gold Vinyl,true,,Derrick Henry,
base,106,White Sparkle,false,,Earl Campbell,
base,106,Black,false,,Earl Campbell,
base,106,Black Pandora,false,,Earl Campbell,
base,106,Blue,false,,Earl Campbell,
base,106,Blue Hyper,false,,Earl Campbell,
base,106,Blue Scope,false,,Earl Campbell,
base,106,Bronze,false,,Earl Campbell,
base,106,Fire,false,,Earl Campbell,
base,106,Freedom,false,,Earl Campbell,
base,106,Gold,false,,Earl Campbell,
base,106,Gold Vinyl,false,,Earl Campbell,
base,106,Green,false,,Earl Campbell,
base,106,Green Velocity,false,,Earl Campbell,
base,106,Holo,false,,Earl Campbell,
base,106,Holo Variation,false,,Earl Campbell,
base,106,Ice,false,,Earl Campbell,
base,106,Lime Green,false,,Earl Campbell,
base,106,One Hundred,false,,Earl Campbell,
base,106,Orange,false,,Earl Campbell,
base,106,Orange Scope,false,,Earl Campbell,
base,106,Pink,false,,Earl Campbell,
base,106,Pink Velocity,false,,Earl Campbell,
base,106,Purple,false,,Earl Campbell,
base,106,Purple Shock,false,,Earl Campbell,
base,106,Purple Stars,false,,Earl Campbell,
base,106,Purple Velocity,false,,Earl Campbell,
base,106,Red,false,,Earl Campbell,
base,106,Red Hyper,false,,Earl Campbell,
base,106,Red Mojo,false,,Earl Campbell,
base,106,Red Stars,false,,Earl Campbell,
base,106,Rocket,false,,Earl Campbell,
base,106,Silver Circles,false,,Earl Campbell,
base,106,Stars,false,,Earl Campbell,
base,106,Teal Velocity,false,,Earl Campbell,
base,106,Wave,false,,Earl Campbell,
base,106,Aqua,false,,Earl Campbell,
base,106,Printing Plate Black,false,,Earl Campbell,
base,120,White Sparkle,false,,Julio Jones,
base,120,Black,false,,Julio Jones,
base,120,Black Pandora,false,,Julio Jones,
base,120,Blue,false,,Julio Jones,
base,120,Blue Hyper,false,,Julio Jones,
base,120,Blue Scope,false,,Julio Jones,
base,120,Bronze,false,,Julio Jones,
base,120,Fire,false,,Julio Jones,
base,120,Freedom,false,,Julio Jones,
base,120,Gold,false,,Julio Jones,
base,120,Gold Vinyl,false,,Julio Jones,
base,120,Green,false,,Julio Jones,
base,120,Green Velocity,false,,Julio Jones,
base,120,Holo,false,,Julio Jones,
base,120,Holo Variation,false,,Julio Jones,
base,120,Ice,false,,Julio Jones,
base,120,Lime Green,false,,Julio Jones,
base,120,One Hundred,false,,Julio Jones,
base,120,Orange,false,,Julio Jones,
base,120,Orange Scope,false,,Julio Jones,
base,120,Pink,false,,Julio Jones,
base,120,Pink Velocity,false,,Julio Jones,
base,120,Purple,false,,Julio Jones,
base,120,Purple Shock,false,,Julio Jones,
base,120,Purple Stars,false,,Julio Jones,
base,120,Purple Velocity,false,,Julio Jones,
base,120,Red,false,,Julio Jones,
base,120,Red Hyper,false,,Julio Jones,
base,120,Red Mojo,false,,Julio Jones,
base,120,Red Stars,false,,Julio Jones,
base,120,Rocket,false,,Julio Jones,
base,120,Silver Circles,false,,Julio Jones,
base,120,Stars,false,,Julio Jones,
base,120,Teal Velocity,false,,Julio Jones,
base,120,Wave,false,,Julio Jones,
base,120,Aqua,false,,Julio Jones,
base,120,Printing Plate Black,false,,Julio Jones,
auto-rated-rookies-autographs,300,Holo,true,,Elijah Molden,
auto-rated-rookies-autographs,300,Pink Velocity,true,,Elijah Molden,
auto-rated-rookies-autographs,300,Black Pandora,true,,Elijah Molden,
auto-rated-rookies-autographs,300,Blue,true,,Elijah Molden,
auto-rated-rookies-autographs,300,Red Hyper,true,,Elijah Molden,
auto-rated-rookies-autographs,300,Red,true,,Elijah Molden,
auto-rated-rookies-autographs,300,Purple Stars,true,,Elijah Molden,
auto-rated-rookies-autographs,300,Purple,true,,Elijah Molden,
auto-rated-rookies-autographs,300,Bronze,true,,Elijah Molden,
auto-rated-rookies-autographs,300,Gold,true,,Elijah Molden,
auto-rated-rookies-autographs,300,Green,true,,Elijah Molden,
auto-rated-rookies-autographs,300,Gold Vinyl,true,,Elijah Molden,
insert-my-house,MH-20,Black Pandora,false,,Derrick Henry,
insert-my-house,MH-20,Gold,false,,Derrick Henry,
insert-my-house,MH-20,Gold Vinyl,false,,Derrick Henry,
insert-my-house,MH-20,Purple Stars,false,,Derrick Henry,
base,300,White Sparkle,false,,Elijah Molden,
base,300,Black,false,,Elijah Molden,
base,300,Black Pandora,false,,Elijah Molden,
base,300,Blue,false,,Elijah Molden,
base,300,Blue Hyper,false,,Elijah Molden,
base,300,Blue Scope,false,,Elijah Molden,
base,300,Bronze,false,,Elijah Molden,
base,300,Fire,false,,Elijah Molden,
base,300,Freedom,false,,Elijah Molden,
base,300,Gold,false,,Elijah Molden,
base,300,Gold Vinyl,false,,Elijah Molden,
base,300,Green,false,,Elijah Molden,
base,300,Green Velocity,false,,Elijah Molden,
base,300,Holo,false,,Elijah Molden,
base,300,Holo Variation,false,,Elijah Molden,
base,300,Ice,false,,Elijah Molden,
base,300,Lime Green,false,,Elijah Molden,
base,300,One Hundred,false,,Elijah Molden,
base,300,Orange,false,,Elijah Molden,
base,300,Orange Scope,false,,Elijah Molden,
base,300,Pink,false,,Elijah Molden,
base,300,Pink Velocity,false,,Elijah Molden,
base,300,Purple,false,,Elijah Molden,
base,300,Purple Shock,false,,Elijah Molden,
base,300,Purple Stars,false,,Elijah Molden,
base,300,Purple Velocity,false,,Elijah Molden,
base,300,Red,false,,Elijah Molden,
base,300,Red Hyper,false,,Elijah Molden,
base,300,Red Mojo,false,,Elijah Molden,
base,300,Red Stars,false,,Elijah Molden,
base,300,Rocket,false,,Elijah Molden,
base,300,Silver Circles,false,,Elijah Molden,
base,300,Stars,false,,Elijah Molden,
base,300,Teal Velocity,false,,Elijah Molden,
base,300,Wave,false,,Elijah Molden,
base,300,Aqua,false,,Elijah Molden,
base,300,Printing Plate Black,false,,Elijah Molden,
insert-rookie-phenoms-horizontal,RPH-36,Blue Hyper,false,,Dez Fitzpatrick,
insert-rookie-phenoms-horizontal,RPH-36,Prime,false,,Dez Fitzpatrick,
insert-rookie-phenoms-horizontal,RPH-36,Red,false,,Dez Fitzpatrick,
insert-rookie-phenoms-horizontal,RPH-36,Gold Vinyl,false,,Dez Fitzpatrick,
insert-rookie-phenoms,RP-36,Prime,false,,Dez Fitzpatrick,
insert-rookie-phenoms,RP-36,Blue Hyper,false,,Dez Fitzpatrick,
insert-rookie-phenoms,RP-36,Gold Vinyl,false,,Dez Fitzpatrick,
insert-rookie-phenoms,RP-36,Red,false,,Dez Fitzpatrick,
insert-dominators,DM-DH,Gold Vinyl,false,,Derrick Henry,
insert-dominators,DM-DH,Gold,false,,Derrick Henry,
insert-dominators,DM-DH,Black Pandora,false,,Derrick Henry,
insert-dominators,DM-DH,Purple Stars,false,,Derrick Henry,
base,1,White Sparkle,false,,Terry McLaurin,
base,1,Black,false,,Terry McLaurin,
base,1,Black Pandora,false,,Terry McLaurin,
base,1,Blue,false,,Terry McLaurin,
base,1,Blue Hyper,false,,Terry McLaurin,
base,1,Blue Scope,false,,Terry McLaurin,
base,1,Bronze,false,,Terry McLaurin,
base,1,Fire,false,,Terry McLaurin,
base,1,Freedom,false,,Terry McLaurin,
base,1,Gold,false,,Terry McLaurin,
base,1,Gold Vinyl,false,,Terry McLaurin,
base,1,Green,false,,Terry McLaurin,
base,1,Green Velocity,false,,Terry McLaurin,
base,1,Holo,false,,Terry McLaurin,
base,1,Holo Variation,false,,Terry McLaurin,
base,1,Ice,false,,Terry McLaurin,
base,1,Lime Green,false,,Terry McLaurin,
base,1,One Hundred,false,,Terry McLaurin,
base,1,Orange,false,,Terry McLaurin,
base,1,Orange Scope,false,,Terry McLaurin,
base,1,Pink,false,,Terry McLaurin,
base,1,Pink Velocity,false,,Terry McLaurin,
base,1,Purple,false,,Terry McLaurin,
base,1,Purple Shock,false,,Terry McLaurin,
base,1,Purple Stars,false,,Terry McLaurin,
base,1,Purple Velocity,false,,Terry McLaurin,
base,1,Red,false,,Terry McLaurin,
base,1,Red Hyper,false,,Terry McLaurin,
base,1,Red Mojo,false,,Terry McLaurin,
base,1,Red Stars,false,,Terry McLaurin,
base,1,Rocket,false,,Terry McLaurin,
base,1,Silver Circles,false,,Terry McLaurin,
base,1,Stars,false,,Terry McLaurin,
base,1,Teal Velocity,false,,Terry McLaurin,
base,1,Wave,false,,Terry McLaurin,
base,1,Aqua,false,,Terry McLaurin,
base,1,Printing Plate Black,false,,Terry McLaurin,
auto-the-elite-series-rookies-autographs,ESR-16,Purple Stars,true,,Dyami Brown,
auto-the-elite-series-rookies-autographs,ESR-16,Gold Vinyl,true,,Dyami Brown,
base,2,White Sparkle,false,,Curtis Samuel,
base,2,Black,false,,Curtis Samuel,
base,2,Black Pandora,false,,Curtis Samuel,
base,2,Blue,false,,Curtis Samuel,
base,2,Blue Hyper,false,,Curtis Samuel,
base,2,Blue Scope,false,,Curtis Samuel,
base,2,Bronze,false,,Curtis Samuel,
base,2,Fire,false,,Curtis Samuel,
base,2,Freedom,false,,Curtis Samuel,
base,2,Gold,false,,Curtis Samuel,
base,2,Gold Vinyl,false,,Curtis Samuel,
base,2,Green,false,,Curtis Samuel,
base,2,Green Velocity,false,,Curtis Samuel,
base,2,Holo,false,,Curtis Samuel,
base,2,Holo Variation,false,,Curtis Samuel,
base,2,Ice,false,,Curtis Samuel,
base,2,Lime Green,false,,Curtis Samuel,
base,2,One Hundred,false,,Curtis Samuel,
base,2,Orange,false,,Curtis Samuel,
base,2,Orange Scope,false,,Curtis Samuel,
base,2,Pink,false,,Curtis Samuel,
base,2,Pink Velocity,false,,Curtis Samuel,
base,2,Purple,false,,Curtis Samuel,
base,2,Purple Shock,false,,Curtis Samuel,
base,2,Purple Stars,false,,Curtis Samuel,
base,2,Purple Velocity,false,,Curtis Samuel,
base,2,Red,false,,Curtis Samuel,
base,2,Red Hyper,false,,Curtis Samuel,
base,2,Red Mojo,false,,Curtis Samuel,
base,2,Red Stars,false,,Curtis Samuel,
base,2,Rocket,false,,Curtis Samuel,
base,2,Silver Circles,false,,Curtis Samuel,
base,2,Stars,false,,Curtis Samuel,
base,2,Teal Velocity,false,,Curtis Samuel,
base,2,Wave,false,,Curtis Samuel,
base,2,Aqua,false,,Curtis Samuel,
base,2,Printing Plate Black,false,,Curtis Samuel,
insert-donruss-threads,TH-1,Red,false,,Antonio Gibson,
insert-donruss-threads,TH-1,Blue Hyper,false,,Antonio Gibson,
insert-donruss-threads,TH-1,Gold Vinyl,false,,Antonio Gibson,
insert-donruss-threads,TH-1,Prime,false,,Antonio Gibson,
auto-rated-rookies-rps-autographs,223,Gold Vinyl,true,,Dyami Brown,
auto-rated-rookies-rps-autographs,223,Red Hyper,true,,Dyami Brown,
auto-rated-rookies-rps-autographs,223,Red,true,,Dyami Brown,
auto-rated-rookies-rps-autographs,223,Purple Stars,true,,Dyami Brown,
auto-rated-rookies-rps-autographs,223,Purple,true,,Dyami Brown,
auto-rated-rookies-rps-autographs,223,Pink Velocity,true,,Dyami Brown,
auto-rated-rookies-rps-autographs,223,Holo,true,,Dyami Brown,
auto-rated-rookies-rps-autographs,223,Green,true,,Dyami Brown,
auto-rated-rookies-rps-autographs,223,Gold,true,,Dyami Brown,
auto-rated-rookies-rps-autographs,223,Bronze,true,,Dyami Brown,
auto-rated-rookies-rps-autographs,223,Blue,true,,Dyami Brown,
auto-rated-rookies-rps-autographs,223,Black Pandora,true,,Dyami Brown,
insert-donruss-threads,TH-4,Red,false,,Chase Young,
insert-donruss-threads,TH-4,Blue Hyper,false,,Chase Young,
insert-donruss-threads,TH-4,Gold Vinyl,false,,Chase Young,
insert-donruss-threads,TH-4,Prime,false,,Chase Young,
insert-downtown,DT-8,Gold Vinyl,false,,Chase Young,
insert-downtown,DT-8,Gold,false,,Chase Young,
insert-downtown,DT-8,Black Pandora,false,,Chase Young,
insert-downtown,DT-8,White Sparkle,false,,Chase Young,
auto-the-rookies-autographs,TR-16,Gold Vinyl,true,,Dyami Brown,
auto-the-rookies-autographs,TR-16,Purple Stars,true,,Dyami Brown,
base,4,White Sparkle,false,,Antonio Gibson,
base,4,Black,false,,Antonio Gibson,
base,4,Black Pandora,false,,Antonio Gibson,
base,4,Blue,false,,Antonio Gibson,
base,4,Blue Hyper,false,,Antonio Gibson,
base,4,Blue Scope,false,,Antonio Gibson,
base,4,Bronze,false,,Antonio Gibson,
base,4,Fire,false,,Antonio Gibson,
base,4,Freedom,false,,Antonio Gibson,
base,4,Gold,false,,Antonio Gibson,
base,4,Gold Vinyl,false,,Antonio Gibson,
base,4,Green,false,,Antonio Gibson,
base,4,Green Velocity,false,,Antonio Gibson,
base,4,Holo,false,,Antonio Gibson,
base,4,Holo Variation,false,,Antonio Gibson,
base,4,Ice,false,,Antonio Gibson,
base,4,Lime Green,false,,Antonio Gibson,
base,4,One Hundred,false,,Antonio Gibson,
base,4,Orange,false,,Antonio Gibson,
base,4,Orange Scope,false,,Antonio Gibson,
base,4,Pink,false,,Antonio Gibson,
base,4,Pink Velocity,false,,Antonio Gibson,
base,4,Purple,false,,Antonio Gibson,
base,4,Purple Shock,false,,Antonio Gibson,
base,4,Purple Stars,false,,Antonio Gibson,
base,4,Purple Velocity,false,,Antonio Gibson,
base,4,Red,false,,Antonio Gibson,
base,4,Red Hyper,false,,Antonio Gibson,
base,4,Red Mojo,false,,Antonio Gibson,
base,4,Red Stars,false,,Antonio Gibson,
base,4,Rocket,false,,Antonio Gibson,
base,4,Silver Circles,false,,Antonio Gibson,
base,4,Stars,false,,Antonio Gibson,
base,4,Teal Velocity,false,,Antonio Gibson,
base,4,Wave,false,,Antonio Gibson,
base,4,Aqua,false,,Antonio Gibson,
base,4,Printing Plate Black,false,,Antonio Gibson,
insert-retro-series,RS-JT,Gold,false,,Joe Theismann,
insert-retro-series,RS-JT,Black Pandora,false,,Joe Theismann,
insert-retro-series,RS-JT,Gold Vinyl,false,,Joe Theismann,
insert-retro-series,RS-JT,Purple Stars,false,,Joe Theismann,
insert-rookie-phenoms,RP-23,Prime,false,,Dyami Brown,
insert-rookie-phenoms,RP-23,Blue Hyper,false,,Dyami Brown,
insert-rookie-phenoms,RP-23,Gold Vinyl,false,,Dyami Brown,
insert-rookie-phenoms,RP-23,Red,false,,Dyami Brown,
base,223,White Sparkle,false,,Dyami Brown,
base,223,Black,false,,Dyami Brown,
base,223,Black Pandora,false,,Dyami Brown,
base,223,Blue,false,,Dyami Brown,
base,223,Blue Hyper,false,,Dyami Brown,
base,223,Blue Scope,false,,Dyami Brown,
base,223,Bronze,false,,Dyami Brown,
base,223,Fire,false,,Dyami Brown,
base,223,Freedom,false,,Dyami Brown,
base,223,Gold,false,,Dyami Brown,
base,223,Gold Vinyl,false,,Dyami Brown,
base,223,Green,false,,Dyami Brown,
base,223,Green Velocity,false,,Dyami Brown,
base,223,Holo,false,,Dyami Brown,
base,223,Holo Variation,false,,Dyami Brown,
base,223,Ice,false,,Dyami Brown,
base,223,Lime Green,false,,Dyami Brown,
base,223,One Hundred,false,,Dyami Brown,
base,223,Orange,false,,Dyami Brown,
base,223,Orange Scope,false,,Dyami Brown,
base,223,Pink,false,,Dyami Brown,
base,223,Pink Velocity,false,,Dyami Brown,
base,223,Purple,false,,Dyami Brown,
base,223,Purple Shock,false,,Dyami Brown,
base,223,Purple Stars,false,,Dyami Brown,
base,223,Purple Velocity,false,,Dyami Brown,
base,223,Red,false,,Dyami Brown,
base,223,Red Hyper,false,,Dyami Brown,
base,223,Red Mojo,false,,Dyami Brown,
base,223,Red Stars,false,,Dyami Brown,
base,223,Rocket,false,,Dyami Brown,
base,223,Silver Circles,false,,Dyami Brown,
base,223,Stars,false,,Dyami Brown,
base,223,Teal Velocity,false,,Dyami Brown,
base,223,Wave,false,,Dyami Brown,
base,223,Aqua,false,,Dyami Brown,
base,223,Printing Plate Black,false,,Dyami Brown,
insert-the-elite-series-rookies,ESR-16,Gold Vinyl,false,,Dyami Brown,
insert-the-elite-series-rookies,ESR-16,Purple Stars,false,,Dyami Brown,
insert-the-elite-series-rookies,ESR-16,Gold,false,,Dyami Brown,
insert-the-elite-series-rookies,ESR-16,Black Pandora,false,,Dyami Brown,
base,247,White Sparkle,false,,Jamin Davis,
base,247,Black,false,,Jamin Davis,
base,247,Black Pandora,false,,Jamin Davis,
base,247,Blue,false,,Jamin Davis,
base,247,Blue Hyper,false,,Jamin Davis,
base,247,Blue Scope,false,,Jamin Davis,
base,247,Bronze,false,,Jamin Davis,
base,247,Fire,false,,Jamin Davis,
base,247,Freedom,false,,Jamin Davis,
base,247,Gold,false,,Jamin Davis,
base,247,Gold Vinyl,false,,Jamin Davis,
base,247,Green,false,,Jamin Davis,
base,247,Green Velocity,false,,Jamin Davis,
base,247,Holo,false,,Jamin Davis,
base,247,Holo Variation,false,,Jamin Davis,
base,247,Ice,false,,Jamin Davis,
base,247,Lime Green,false,,Jamin Davis,
base,247,One Hundred,false,,Jamin Davis,
base,247,Orange,false,,Jamin Davis,
base,247,Orange Scope,false,,Jamin Davis,
base,247,Pink,false,,Jamin Davis,
base,247,Pink Velocity,false,,Jamin Davis,
base,247,Purple,false,,Jamin Davis,
base,247,Purple Shock,false,,Jamin Davis,
base,247,Purple Stars,false,,Jamin Davis,
base,247,Purple Velocity,false,,Jamin Davis,
base,247,Red,false,,Jamin Davis,
base,247,Red Hyper,false,,Jamin Davis,
base,247,Red Mojo,false,,Jamin Davis,
base,247,Red Stars,false,,Jamin Davis,
base,247,Rocket,false,,Jamin Davis,
base,247,Silver Circles,false,,Jamin Davis,
base,247,Stars,false,,Jamin Davis,
base,247,Teal Velocity,false,,Jamin Davis,
base,247,Wave,false,,Jamin Davis,
base,247,Aqua,false,,Jamin Davis,
base,247,Printing Plate Black,false,,Jamin Davis,
auto-rated-rookies-autographs,297,Holo,true,,Jaret Patterson,
auto-rated-rookies-autographs,297,Pink Velocity,true,,Jaret Patterson,
auto-rated-rookies-autographs,297,Black Pandora,true,,Jaret Patterson,
auto-rated-rookies-autographs,297,Blue,true,,Jaret Patterson,
auto-rated-rookies-autographs,297,Red Hyper,true,,Jaret Patterson,
auto-rated-rookies-autographs,297,Red,true,,Jaret Patterson,
auto-rated-rookies-autographs,297,Purple Stars,true,,Jaret Patterson,
auto-rated-rookies-autographs,297,Purple,true,,Jaret Patterson,
auto-rated-rookies-autographs,297,Bronze,true,,Jaret Patterson,
auto-rated-rookies-autographs,297,Gold,true,,Jaret Patterson,
auto-rated-rookies-autographs,297,Green,true,,Jaret Patterson,
auto-rated-rookies-autographs,297,Gold Vinyl,true,,Jaret Patterson,
base,6,White Sparkle,false,,Clinton Portis,
base,6,Black,false,,Clinton Portis,
base,6,Black Pandora,false,,Clinton Portis,
base,6,Blue,false,,Clinton Portis,
base,6,Blue Hyper,false,,Clinton Portis,
base,6,Blue Scope,false,,Clinton Portis,
base,6,Bronze,false,,Clinton Portis,
base,6,Fire,false,,Clinton Portis,
base,6,Freedom,false,,Clinton Portis,
base,6,Gold,false,,Clinton Portis,
base,6,Gold Vinyl,false,,Clinton Portis,
base,6,Green,false,,Clinton Portis,
base,6,Green Velocity,false,,Clinton Portis,
base,6,Holo,false,,Clinton Portis,
base,6,Holo Variation,false,,Clinton Portis,
base,6,Ice,false,,Clinton Portis,
base,6,Lime Green,false,,Clinton Portis,
base,6,One Hundred,false,,Clinton Portis,
base,6,Orange,false,,Clinton Portis,
base,6,Orange Scope,false,,Clinton Portis,
base,6,Pink,false,,Clinton Portis,
base,6,Pink Velocity,false,,Clinton Portis,
base,6,Purple,false,,Clinton Portis,
base,6,Purple Shock,false,,Clinton Portis,
base,6,Purple Stars,false,,Clinton Portis,
base,6,Purple Velocity,false,,Clinton Portis,
base,6,Red,false,,Clinton Portis,
base,6,Red Hyper,false,,Clinton Portis,
base,6,Red Mojo,false,,Clinton Portis,
base,6,Red Stars,false,,Clinton Portis,
base,6,Rocket,false,,Clinton Portis,
base,6,Silver Circles,false,,Clinton Portis,
base,6,Stars,false,,Clinton Portis,
base,6,Teal Velocity,false,,Clinton Portis,
base,6,Wave,false,,Clinton Portis,
base,6,Aqua,false,,Clinton Portis,
base,6,Printing Plate Black,false,,Clinton Portis,
base,5,White Sparkle,false,,Chase Young,
base,5,Black,false,,Chase Young,
base,5,Black Pandora,false,,Chase Young,
base,5,Blue,false,,Chase Young,
base,5,Blue Hyper,false,,Chase Young,
base,5,Blue Scope,false,,Chase Young,
base,5,Bronze,false,,Chase Young,
base,5,Fire,false,,Chase Young,
base,5,Freedom,false,,Chase Young,
base,5,Gold,false,,Chase Young,
base,5,Gold Vinyl,false,,Chase Young,
base,5,Green,false,,Chase Young,
base,5,Green Velocity,false,,Chase Young,
base,5,Holo,false,,Chase Young,
base,5,Holo Variation,false,,Chase Young,
base,5,Ice,false,,Chase Young,
base,5,Lime Green,false,,Chase Young,
base,5,One Hundred,false,,Chase Young,
base,5,Orange,false,,Chase Young,
base,5,Orange Scope,false,,Chase Young,
base,5,Pink,false,,Chase Young,
base,5,Pink Velocity,false,,Chase Young,
base,5,Purple,false,,Chase Young,
base,5,Purple Shock,false,,Chase Young,
base,5,Purple Stars,false,,Chase Young,
base,5,Purple Velocity,false,,Chase Young,
base,5,Red,false,,Chase Young,
base,5,Red Hyper,false,,Chase Young,
base,5,Red Mojo,false,,Chase Young,
base,5,Red Stars,false,,Chase Young,
base,5,Rocket,false,,Chase Young,
base,5,Silver Circles,false,,Chase Young,
base,5,Stars,false,,Chase Young,
base,5,Teal Velocity,false,,Chase Young,
base,5,Wave,false,,Chase Young,
base,5,Aqua,false,,Chase Young,
base,5,Printing Plate Black,false,,Chase Young,
base,3,White Sparkle,false,,Ryan Fitzpatrick,
base,3,Black,false,,Ryan Fitzpatrick,
base,3,Black Pandora,false,,Ryan Fitzpatrick,
base,3,Blue,false,,Ryan Fitzpatrick,
base,3,Blue Hyper,false,,Ryan Fitzpatrick,
base,3,Blue Scope,false,,Ryan Fitzpatrick,
base,3,Bronze,false,,Ryan Fitzpatrick,
base,3,Fire,false,,Ryan Fitzpatrick,
base,3,Freedom,false,,Ryan Fitzpatrick,
base,3,Gold,false,,Ryan Fitzpatrick,
base,3,Gold Vinyl,false,,Ryan Fitzpatrick,
base,3,Green,false,,Ryan Fitzpatrick,
base,3,Green Velocity,false,,Ryan Fitzpatrick,
base,3,Holo,false,,Ryan Fitzpatrick,
base,3,Holo Variation,false,,Ryan Fitzpatrick,
base,3,Ice,false,,Ryan Fitzpatrick,
base,3,Lime Green,false,,Ryan Fitzpatrick,
base,3,One Hundred,false,,Ryan Fitzpatrick,
base,3,Orange,false,,Ryan Fitzpatrick,
base,3,Orange Scope,false,,Ryan Fitzpatrick,
base,3,Pink,false,,Ryan Fitzpatrick,
base,3,Pink Velocity,false,,Ryan Fitzpatrick,
base,3,Purple,false,,Ryan Fitzpatrick,
base,3,Purple Shock,false,,Ryan Fitzpatrick,
base,3,Purple Stars,false,,Ryan Fitzpatrick,
base,3,Purple Velocity,false,,Ryan Fitzpatrick,
base,3,Red,false,,Ryan Fitzpatrick,
base,3,Red Hyper,false,,Ryan Fitzpatrick,
base,3,Red Mojo,false,,Ryan Fitzpatrick,
base,3,Red Stars,false,,Ryan Fitzpatrick,
base,3,Rocket,false,,Ryan Fitzpatrick,
base,3,Silver Circles,false,,Ryan Fitzpatrick,
base,3,Stars,false,,Ryan Fitzpatrick,
base,3,Teal Velocity,false,,Ryan Fitzpatrick,
base,3,Wave,false,,Ryan Fitzpatrick,
base,3,Aqua,false,,Ryan Fitzpatrick,
base,3,Printing Plate Black,false,,Ryan Fitzpatrick,
auto-rookie-patch-autographs,RPA-DB,Gold Vinyl,true,,Dyami Brown,
insert-the-rookies,TR-16,Gold Vinyl,false,,Dyami Brown,
insert-the-rookies,TR-16,Purple Stars,false,,Dyami Brown,
insert-the-rookies,TR-16,Black Pandora,false,,Dyami Brown,
insert-the-rookies,TR-16,Gold,false,,Dyami Brown,
auto-dynamic-patch-autographs,DPA-CC,Gold Vinyl,true,,Chris Cooley,
insert-rookie-phenoms-horizontal,RPH-23,Blue Hyper,false,,Dyami Brown,
insert-rookie-phenoms-horizontal,RPH-23,Prime,false,,Dyami Brown,
insert-rookie-phenoms-horizontal,RPH-23,Red,false,,Dyami Brown,
insert-rookie-phenoms-horizontal,RPH-23,Gold Vinyl,false,,Dyami Brown,
base,297,White Sparkle,false,,Jaret Patterson,
base,297,Black,false,,Jaret Patterson,
base,297,Black Pandora,false,,Jaret Patterson,
base,297,Blue,false,,Jaret Patterson,
base,297,Blue Hyper,false,,Jaret Patterson,
base,297,Blue Scope,false,,Jaret Patterson,
base,297,Bronze,false,,Jaret Patterson,
base,297,Fire,false,,Jaret Patterson,
base,297,Freedom,false,,Jaret Patterson,
base,297,Gold,false,,Jaret Patterson,
base,297,Gold Vinyl,false,,Jaret Patterson,
base,297,Green,false,,Jaret Patterson,
base,297,Green Velocity,false,,Jaret Patterson,
base,297,Holo,false,,Jaret Patterson,
base,297,Holo Variation,false,,Jaret Patterson,
base,297,Ice,false,,Jaret Patterson,
base,297,Lime Green,false,,Jaret Patterson,
base,297,One Hundred,false,,Jaret Patterson,
base,297,Orange,false,,Jaret Patterson,
base,297,Orange Scope,false,,Jaret Patterson,
base,297,Pink,false,,Jaret Patterson,
base,297,Pink Velocity,false,,Jaret Patterson,
base,297,Purple,false,,Jaret Patterson,
base,297,Purple Shock,false,,Jaret Patterson,
base,297,Purple Stars,false,,Jaret Patterson,
base,297,Purple Velocity,false,,Jaret Patterson,
base,297,Red,false,,Jaret Patterson,
base,297,Red Hyper,false,,Jaret Patterson,
base,297,Red Mojo,false,,Jaret Patterson,
base,297,Red Stars,false,,Jaret Patterson,
base,297,Rocket,false,,Jaret Patterson,
base,297,Silver Circles,false,,Jaret Patterson,
base,297,Stars,false,,Jaret Patterson,
base,297,Teal Velocity,false,,Jaret Patterson,
base,297,Wave,false,,Jaret Patterson,
base,297,Aqua,false,,Jaret Patterson,
base,297,Printing Plate Black,false,,Jaret Patterson,
