category,cardNumber,parallel,isAuto,printRun,player
base,1,,false,,Kyler Murray
base,1,1st Down,false,100,Kyler Murray
base,1,2nd Down,false,50,Kyler Murray
base,1,Red Red Zone,false,50,Kyler Murray
base,1,3rd Down,false,35,Kyler Murray
base,1,4th Down,false,25,Kyler Murray
base,1,Blue Red Zone,false,25,Kyler Murray
base,1,Gold Red Zone,false,10,Kyler Murray
base,1,White Red Zone,false,1,Kyler Murray
base,1,Touchdown,false,1,Kyler Murray
base,2,,false,,Michael Wilson
base,2,1st Down,false,100,Michael Wilson
base,2,2nd Down,false,50,Michael Wilson
base,2,Red Red Zone,false,50,Michael Wilson
base,2,3rd Down,false,35,Michael Wilson
base,2,4th Down,false,25,Michael Wilson
base,2,Blue Red Zone,false,25,Michael Wilson
base,2,Gold Red Zone,false,10,Michael Wilson
base,2,White Red Zone,false,1,Michael Wilson
base,2,Touchdown,false,1,Michael Wilson
base,3,,false,,Aeneas Williams
base,3,1st Down,false,100,Aeneas Williams
base,3,2nd Down,false,50,Aeneas Williams
base,3,Red Red Zone,false,50,Aeneas Williams
base,3,3rd Down,false,35,Aeneas Williams
base,3,4th Down,false,25,Aeneas Williams
base,3,Blue Red Zone,false,25,Aeneas Williams
base,3,Gold Red Zone,false,10,Aeneas Williams
base,3,White Red Zone,false,1,Aeneas Williams
base,3,Touchdown,false,1,Aeneas Williams
base,4,,false,,Kirk Cousins
base,4,1st Down,false,100,Kirk Cousins
base,4,2nd Down,false,50,Kirk Cousins
base,4,Red Red Zone,false,50,Kirk Cousins
base,4,3rd Down,false,35,Kirk Cousins
base,4,4th Down,false,25,Kirk Cousins
base,4,Blue Red Zone,false,25,Kirk Cousins
base,4,Gold Red Zone,false,10,Kirk Cousins
base,4,White Red Zone,false,1,Kirk Cousins
base,4,Touchdown,false,1,Kirk Cousins
base,5,,false,,Bijan Robinson
base,5,1st Down,false,100,Bijan Robinson
base,5,2nd Down,false,50,Bijan Robinson
base,5,Red Red Zone,false,50,Bijan Robinson
base,5,3rd Down,false,35,Bijan Robinson
base,5,4th Down,false,25,Bijan Robinson
base,5,Blue Red Zone,false,25,Bijan Robinson
base,5,Gold Red Zone,false,10,Bijan Robinson
base,5,White Red Zone,false,1,Bijan Robinson
base,5,Touchdown,false,1,Bijan Robinson
base,6,,false,,Michael Vick
base,6,1st Down,false,100,Michael Vick
base,6,2nd Down,false,50,Michael Vick
base,6,Red Red Zone,false,50,Michael Vick
base,6,3rd Down,false,35,Michael Vick
base,6,4th Down,false,25,Michael Vick
base,6,Blue Red Zone,false,25,Michael Vick
base,6,Gold Red Zone,false,10,Michael Vick
base,6,White Red Zone,false,1,Michael Vick
base,6,Touchdown,false,1,Michael Vick
base,7,,false,,Lamar Jackson
base,7,1st Down,false,100,Lamar Jackson
base,7,2nd Down,false,50,Lamar Jackson
base,7,Red Red Zone,false,50,Lamar Jackson
base,7,3rd Down,false,35,Lamar Jackson
base,7,4th Down,false,25,Lamar Jackson
base,7,Blue Red Zone,false,25,Lamar Jackson
base,7,Gold Red Zone,false,10,Lamar Jackson
base,7,White Red Zone,false,1,Lamar Jackson
base,7,Touchdown,false,1,Lamar Jackson
base,8,,false,,Derrick Henry
base,8,1st Down,false,100,Derrick Henry
base,8,2nd Down,false,50,Derrick Henry
base,8,Red Red Zone,false,50,Derrick Henry
base,8,3rd Down,false,35,Derrick Henry
base,8,4th Down,false,25,Derrick Henry
base,8,Blue Red Zone,false,25,Derrick Henry
base,8,Gold Red Zone,false,10,Derrick Henry
base,8,White Red Zone,false,1,Derrick Henry
base,8,Touchdown,false,1,Derrick Henry
base,9,,false,,Ray Lewis
base,9,1st Down,false,100,Ray Lewis
base,9,2nd Down,false,50,Ray Lewis
base,9,Red Red Zone,false,50,Ray Lewis
base,9,3rd Down,false,35,Ray Lewis
base,9,4th Down,false,25,Ray Lewis
base,9,Blue Red Zone,false,25,Ray Lewis
base,9,Gold Red Zone,false,10,Ray Lewis
base,9,White Red Zone,false,1,Ray Lewis
base,9,Touchdown,false,1,Ray Lewis
base,10,,false,,Josh Allen
base,10,1st Down,false,100,Josh Allen
base,10,2nd Down,false,50,Josh Allen
base,10,Red Red Zone,false,50,Josh Allen
base,10,3rd Down,false,35,Josh Allen
base,10,4th Down,false,25,Josh Allen
base,10,Blue Red Zone,false,25,Josh Allen
base,10,Gold Red Zone,false,10,Josh Allen
base,10,White Red Zone,false,1,Josh Allen
base,10,Touchdown,false,1,Josh Allen
base,11,,false,,Dalton Kincaid
base,11,1st Down,false,100,Dalton Kincaid
base,11,2nd Down,false,50,Dalton Kincaid
base,11,Red Red Zone,false,50,Dalton Kincaid
base,11,3rd Down,false,35,Dalton Kincaid
base,11,4th Down,false,25,Dalton Kincaid
base,11,Blue Red Zone,false,25,Dalton Kincaid
base,11,Gold Red Zone,false,10,Dalton Kincaid
base,11,White Red Zone,false,1,Dalton Kincaid
base,11,Touchdown,false,1,Dalton Kincaid
base,12,,false,,Thurman Thomas
base,12,1st Down,false,100,Thurman Thomas
base,12,2nd Down,false,50,Thurman Thomas
base,12,Red Red Zone,false,50,Thurman Thomas
base,12,3rd Down,false,35,Thurman Thomas
base,12,4th Down,false,25,Thurman Thomas
base,12,Blue Red Zone,false,25,Thurman Thomas
base,12,Gold Red Zone,false,10,Thurman Thomas
base,12,White Red Zone,false,1,Thurman Thomas
base,12,Touchdown,false,1,Thurman Thomas
base,13,,false,,Bryce Young
base,13,1st Down,false,100,Bryce Young
base,13,2nd Down,false,50,Bryce Young
base,13,Red Red Zone,false,50,Bryce Young
base,13,3rd Down,false,35,Bryce Young
base,13,4th Down,false,25,Bryce Young
base,13,Blue Red Zone,false,25,Bryce Young
base,13,Gold Red Zone,false,10,Bryce Young
base,13,White Red Zone,false,1,Bryce Young
base,13,Touchdown,false,1,Bryce Young
base,14,,false,,Diontae Johnson
base,14,1st Down,false,100,Diontae Johnson
base,14,2nd Down,false,50,Diontae Johnson
base,14,Red Red Zone,false,50,Diontae Johnson
base,14,3rd Down,false,35,Diontae Johnson
base,14,4th Down,false,25,Diontae Johnson
base,14,Blue Red Zone,false,25,Diontae Johnson
base,14,Gold Red Zone,false,10,Diontae Johnson
base,14,White Red Zone,false,1,Diontae Johnson
base,14,Touchdown,false,1,Diontae Johnson
base,15,,false,,Julius Peppers
base,15,1st Down,false,100,Julius Peppers
base,15,2nd Down,false,50,Julius Peppers
base,15,Red Red Zone,false,50,Julius Peppers
base,15,3rd Down,false,35,Julius Peppers
base,15,4th Down,false,25,Julius Peppers
base,15,Blue Red Zone,false,25,Julius Peppers
base,15,Gold Red Zone,false,10,Julius Peppers
base,15,White Red Zone,false,1,Julius Peppers
base,15,Touchdown,false,1,Julius Peppers
base,16,,false,,D'Andre Swift
base,16,1st Down,false,100,D'Andre Swift
base,16,2nd Down,false,50,D'Andre Swift
base,16,Red Red Zone,false,50,D'Andre Swift
base,16,3rd Down,false,35,D'Andre Swift
base,16,4th Down,false,25,D'Andre Swift
base,16,Blue Red Zone,false,25,D'Andre Swift
base,16,Gold Red Zone,false,10,D'Andre Swift
base,16,White Red Zone,false,1,D'Andre Swift
base,16,Touchdown,false,1,D'Andre Swift
base,17,,false,,DJ Moore
base,17,1st Down,false,100,DJ Moore
base,17,2nd Down,false,50,DJ Moore
base,17,Red Red Zone,false,50,DJ Moore
base,17,3rd Down,false,35,DJ Moore
base,17,4th Down,false,25,DJ Moore
base,17,Blue Red Zone,false,25,DJ Moore
base,17,Gold Red Zone,false,10,DJ Moore
base,17,White Red Zone,false,1,DJ Moore
base,17,Touchdown,false,1,DJ Moore
base,18,,false,,Brian Urlacher
base,18,1st Down,false,100,Brian Urlacher
base,18,2nd Down,false,50,Brian Urlacher
base,18,Red Red Zone,false,50,Brian Urlacher
base,18,3rd Down,false,35,Brian Urlacher
base,18,4th Down,false,25,Brian Urlacher
base,18,Blue Red Zone,false,25,Brian Urlacher
base,18,Gold Red Zone,false,10,Brian Urlacher
base,18,White Red Zone,false,1,Brian Urlacher
base,18,Touchdown,false,1,Brian Urlacher
base,19,,false,,Joe Burrow
base,19,1st Down,false,100,Joe Burrow
base,19,2nd Down,false,50,Joe Burrow
base,19,Red Red Zone,false,50,Joe Burrow
base,19,3rd Down,false,35,Joe Burrow
base,19,4th Down,false,25,Joe Burrow
base,19,Blue Red Zone,false,25,Joe Burrow
base,19,Gold Red Zone,false,10,Joe Burrow
base,19,White Red Zone,false,1,Joe Burrow
base,19,Touchdown,false,1,Joe Burrow
base,20,,false,,Ja'Marr Chase
base,20,1st Down,false,100,Ja'Marr Chase
base,20,2nd Down,false,50,Ja'Marr Chase
base,20,Red Red Zone,false,50,Ja'Marr Chase
base,20,3rd Down,false,35,Ja'Marr Chase
base,20,4th Down,false,25,Ja'Marr Chase
base,20,Blue Red Zone,false,25,Ja'Marr Chase
base,20,Gold Red Zone,false,10,Ja'Marr Chase
base,20,White Red Zone,false,1,Ja'Marr Chase
base,20,Touchdown,false,1,Ja'Marr Chase
base,21,,false,,Boomer Esiason
base,21,1st Down,false,100,Boomer Esiason
base,21,2nd Down,false,50,Boomer Esiason
base,21,Red Red Zone,false,50,Boomer Esiason
base,21,3rd Down,false,35,Boomer Esiason
base,21,4th Down,false,25,Boomer Esiason
base,21,Blue Red Zone,false,25,Boomer Esiason
base,21,Gold Red Zone,false,10,Boomer Esiason
base,21,White Red Zone,false,1,Boomer Esiason
base,21,Touchdown,false,1,Boomer Esiason
base,22,,false,,Myles Garrett
base,22,1st Down,false,100,Myles Garrett
base,22,2nd Down,false,50,Myles Garrett
base,22,Red Red Zone,false,50,Myles Garrett
base,22,3rd Down,false,35,Myles Garrett
base,22,4th Down,false,25,Myles Garrett
base,22,Blue Red Zone,false,25,Myles Garrett
base,22,Gold Red Zone,false,10,Myles Garrett
base,22,White Red Zone,false,1,Myles Garrett
base,22,Touchdown,false,1,Myles Garrett
base,23,,false,,Amari Cooper
base,23,1st Down,false,100,Amari Cooper
base,23,2nd Down,false,50,Amari Cooper
base,23,Red Red Zone,false,50,Amari Cooper
base,23,3rd Down,false,35,Amari Cooper
base,23,4th Down,false,25,Amari Cooper
base,23,Blue Red Zone,false,25,Amari Cooper
base,23,Gold Red Zone,false,10,Amari Cooper
base,23,White Red Zone,false,1,Amari Cooper
base,23,Touchdown,false,1,Amari Cooper
base,24,,false,,Johnny Manziel
base,24,1st Down,false,100,Johnny Manziel
base,24,2nd Down,false,50,Johnny Manziel
base,24,Red Red Zone,false,50,Johnny Manziel
base,24,3rd Down,false,35,Johnny Manziel
base,24,4th Down,false,25,Johnny Manziel
base,24,Blue Red Zone,false,25,Johnny Manziel
base,24,Gold Red Zone,false,10,Johnny Manziel
base,24,White Red Zone,false,1,Johnny Manziel
base,24,Touchdown,false,1,Johnny Manziel
base,25,,false,,CeeDee Lamb
base,25,1st Down,false,100,CeeDee Lamb
base,25,2nd Down,false,50,CeeDee Lamb
base,25,Red Red Zone,false,50,CeeDee Lamb
base,25,3rd Down,false,35,CeeDee Lamb
base,25,4th Down,false,25,CeeDee Lamb
base,25,Blue Red Zone,false,25,CeeDee Lamb
base,25,Gold Red Zone,false,10,CeeDee Lamb
base,25,White Red Zone,false,1,CeeDee Lamb
base,25,Touchdown,false,1,CeeDee Lamb
base,26,,false,,Dak Prescott
base,26,1st Down,false,100,Dak Prescott
base,26,2nd Down,false,50,Dak Prescott
base,26,Red Red Zone,false,50,Dak Prescott
base,26,3rd Down,false,35,Dak Prescott
base,26,4th Down,false,25,Dak Prescott
base,26,Blue Red Zone,false,25,Dak Prescott
base,26,Gold Red Zone,false,10,Dak Prescott
base,26,White Red Zone,false,1,Dak Prescott
base,26,Touchdown,false,1,Dak Prescott
base,27,,false,,Micah Parsons
base,27,1st Down,false,100,Micah Parsons
base,27,2nd Down,false,50,Micah Parsons
base,27,Red Red Zone,false,50,Micah Parsons
base,27,3rd Down,false,35,Micah Parsons
base,27,4th Down,false,25,Micah Parsons
base,27,Blue Red Zone,false,25,Micah Parsons
base,27,Gold Red Zone,false,10,Micah Parsons
base,27,White Red Zone,false,1,Micah Parsons
base,27,Touchdown,false,1,Micah Parsons
base,28,,false,,Michael Irvin
base,28,1st Down,false,100,Michael Irvin
base,28,2nd Down,false,50,Michael Irvin
base,28,Red Red Zone,false,50,Michael Irvin
base,28,3rd Down,false,35,Michael Irvin
base,28,4th Down,false,25,Michael Irvin
base,28,Blue Red Zone,false,25,Michael Irvin
base,28,Gold Red Zone,false,10,Michael Irvin
base,28,White Red Zone,false,1,Michael Irvin
base,28,Touchdown,false,1,Michael Irvin
base,29,,false,,Courtland Sutton
base,29,1st Down,false,100,Courtland Sutton
base,29,2nd Down,false,50,Courtland Sutton
base,29,Red Red Zone,false,50,Courtland Sutton
base,29,3rd Down,false,35,Courtland Sutton
base,29,4th Down,false,25,Courtland Sutton
base,29,Blue Red Zone,false,25,Courtland Sutton
base,29,Gold Red Zone,false,10,Courtland Sutton
base,29,White Red Zone,false,1,Courtland Sutton
base,29,Touchdown,false,1,Courtland Sutton
base,30,,false,,Javonte Williams
base,30,1st Down,false,100,Javonte Williams
base,30,2nd Down,false,50,Javonte Williams
base,30,Red Red Zone,false,50,Javonte Williams
base,30,3rd Down,false,35,Javonte Williams
base,30,4th Down,false,25,Javonte Williams
base,30,Blue Red Zone,false,25,Javonte Williams
base,30,Gold Red Zone,false,10,Javonte Williams
base,30,White Red Zone,false,1,Javonte Williams
base,30,Touchdown,false,1,Javonte Williams
base,31,,false,,John Elway
base,31,1st Down,false,100,John Elway
base,31,2nd Down,false,50,John Elway
base,31,Red Red Zone,false,50,John Elway
base,31,3rd Down,false,35,John Elway
base,31,4th Down,false,25,John Elway
base,31,Blue Red Zone,false,25,John Elway
base,31,Gold Red Zone,false,10,John Elway
base,31,White Red Zone,false,1,John Elway
base,31,Touchdown,false,1,John Elway
base,32,,false,,Jahmyr Gibbs
base,32,1st Down,false,100,Jahmyr Gibbs
base,32,2nd Down,false,50,Jahmyr Gibbs
base,32,Red Red Zone,false,50,Jahmyr Gibbs
base,32,3rd Down,false,35,Jahmyr Gibbs
base,32,4th Down,false,25,Jahmyr Gibbs
base,32,Blue Red Zone,false,25,Jahmyr Gibbs
base,32,Gold Red Zone,false,10,Jahmyr Gibbs
base,32,White Red Zone,false,1,Jahmyr Gibbs
base,32,Touchdown,false,1,Jahmyr Gibbs
base,33,,false,,Amon-Ra St. Brown
base,33,1st Down,false,100,Amon-Ra St. Brown
base,33,2nd Down,false,50,Amon-Ra St. Brown
base,33,Red Red Zone,false,50,Amon-Ra St. Brown
base,33,3rd Down,false,35,Amon-Ra St. Brown
base,33,4th Down,false,25,Amon-Ra St. Brown
base,33,Blue Red Zone,false,25,Amon-Ra St. Brown
base,33,Gold Red Zone,false,10,Amon-Ra St. Brown
base,33,White Red Zone,false,1,Amon-Ra St. Brown
base,33,Touchdown,false,1,Amon-Ra St. Brown
base,34,,false,,Barry Sanders
base,34,1st Down,false,100,Barry Sanders
base,34,2nd Down,false,50,Barry Sanders
base,34,Red Red Zone,false,50,Barry Sanders
base,34,3rd Down,false,35,Barry Sanders
base,34,4th Down,false,25,Barry Sanders
base,34,Blue Red Zone,false,25,Barry Sanders
base,34,Gold Red Zone,false,10,Barry Sanders
base,34,White Red Zone,false,1,Barry Sanders
base,34,Touchdown,false,1,Barry Sanders
base,35,,false,,Jordan Love
base,35,1st Down,false,100,Jordan Love
base,35,2nd Down,false,50,Jordan Love
base,35,Red Red Zone,false,50,Jordan Love
base,35,3rd Down,false,35,Jordan Love
base,35,4th Down,false,25,Jordan Love
base,35,Blue Red Zone,false,25,Jordan Love
base,35,Gold Red Zone,false,10,Jordan Love
base,35,White Red Zone,false,1,Jordan Love
base,35,Touchdown,false,1,Jordan Love
base,36,,false,,Josh Jacobs
base,36,1st Down,false,100,Josh Jacobs
base,36,2nd Down,false,50,Josh Jacobs
base,36,Red Red Zone,false,50,Josh Jacobs
base,36,3rd Down,false,35,Josh Jacobs
base,36,4th Down,false,25,Josh Jacobs
base,36,Blue Red Zone,false,25,Josh Jacobs
base,36,Gold Red Zone,false,10,Josh Jacobs
base,36,White Red Zone,false,1,Josh Jacobs
base,36,Touchdown,false,1,Josh Jacobs
base,37,,false,,Brett Favre
base,37,1st Down,false,100,Brett Favre
base,37,2nd Down,false,50,Brett Favre
base,37,Red Red Zone,false,50,Brett Favre
base,37,3rd Down,false,35,Brett Favre
base,37,4th Down,false,25,Brett Favre
base,37,Blue Red Zone,false,25,Brett Favre
base,37,Gold Red Zone,false,10,Brett Favre
base,37,White Red Zone,false,1,Brett Favre
base,37,Touchdown,false,1,Brett Favre
base,38,,false,,C.J. Stroud
base,38,1st Down,false,100,C.J. Stroud
base,38,2nd Down,false,50,C.J. Stroud
base,38,Red Red Zone,false,50,C.J. Stroud
base,38,3rd Down,false,35,C.J. Stroud
base,38,4th Down,false,25,C.J. Stroud
base,38,Blue Red Zone,false,25,C.J. Stroud
base,38,Gold Red Zone,false,10,C.J. Stroud
base,38,White Red Zone,false,1,C.J. Stroud
base,38,Touchdown,false,1,C.J. Stroud
base,39,,false,,Stefon Diggs
base,39,1st Down,false,100,Stefon Diggs
base,39,2nd Down,false,50,Stefon Diggs
base,39,Red Red Zone,false,50,Stefon Diggs
base,39,3rd Down,false,35,Stefon Diggs
base,39,4th Down,false,25,Stefon Diggs
base,39,Blue Red Zone,false,25,Stefon Diggs
base,39,Gold Red Zone,false,10,Stefon Diggs
base,39,White Red Zone,false,1,Stefon Diggs
base,39,Touchdown,false,1,Stefon Diggs
base,40,,false,,Andre Johnson
base,40,1st Down,false,100,Andre Johnson
base,40,2nd Down,false,50,Andre Johnson
base,40,Red Red Zone,false,50,Andre Johnson
base,40,3rd Down,false,35,Andre Johnson
base,40,4th Down,false,25,Andre Johnson
base,40,Blue Red Zone,false,25,Andre Johnson
base,40,Gold Red Zone,false,10,Andre Johnson
base,40,White Red Zone,false,1,Andre Johnson
base,40,Touchdown,false,1,Andre Johnson
base,41,,false,,Anthony Richardson
base,41,1st Down,false,100,Anthony Richardson
base,41,2nd Down,false,50,Anthony Richardson
base,41,Red Red Zone,false,50,Anthony Richardson
base,41,3rd Down,false,35,Anthony Richardson
base,41,4th Down,false,25,Anthony Richardson
base,41,Blue Red Zone,false,25,Anthony Richardson
base,41,Gold Red Zone,false,10,Anthony Richardson
base,41,White Red Zone,false,1,Anthony Richardson
base,41,Touchdown,false,1,Anthony Richardson
base,42,,false,,Josh Downs
base,42,1st Down,false,100,Josh Downs
base,42,2nd Down,false,50,Josh Downs
base,42,Red Red Zone,false,50,Josh Downs
base,42,3rd Down,false,35,Josh Downs
base,42,4th Down,false,25,Josh Downs
base,42,Blue Red Zone,false,25,Josh Downs
base,42,Gold Red Zone,false,10,Josh Downs
base,42,White Red Zone,false,1,Josh Downs
base,42,Touchdown,false,1,Josh Downs
base,43,,false,,Peyton Manning
base,43,1st Down,false,100,Peyton Manning
base,43,2nd Down,false,50,Peyton Manning
base,43,Red Red Zone,false,50,Peyton Manning
base,43,3rd Down,false,35,Peyton Manning
base,43,4th Down,false,25,Peyton Manning
base,43,Blue Red Zone,false,25,Peyton Manning
base,43,Gold Red Zone,false,10,Peyton Manning
base,43,White Red Zone,false,1,Peyton Manning
base,43,Touchdown,false,1,Peyton Manning
base,44,,false,,Trevor Lawrence
base,44,1st Down,false,100,Trevor Lawrence
base,44,2nd Down,false,50,Trevor Lawrence
base,44,Red Red Zone,false,50,Trevor Lawrence
base,44,3rd Down,false,35,Trevor Lawrence
base,44,4th Down,false,25,Trevor Lawrence
base,44,Blue Red Zone,false,25,Trevor Lawrence
base,44,Gold Red Zone,false,10,Trevor Lawrence
base,44,White Red Zone,false,1,Trevor Lawrence
base,44,Touchdown,false,1,Trevor Lawrence
base,45,,false,,Josh Hines-Allen
base,45,1st Down,false,100,Josh Hines-Allen
base,45,2nd Down,false,50,Josh Hines-Allen
base,45,Red Red Zone,false,50,Josh Hines-Allen
base,45,3rd Down,false,35,Josh Hines-Allen
base,45,4th Down,false,25,Josh Hines-Allen
base,45,Blue Red Zone,false,25,Josh Hines-Allen
base,45,Gold Red Zone,false,10,Josh Hines-Allen
base,45,White Red Zone,false,1,Josh Hines-Allen
base,45,Touchdown,false,1,Josh Hines-Allen
base,46,,false,,Mark Brunell
base,46,1st Down,false,100,Mark Brunell
base,46,2nd Down,false,50,Mark Brunell
base,46,Red Red Zone,false,50,Mark Brunell
base,46,3rd Down,false,35,Mark Brunell
base,46,4th Down,false,25,Mark Brunell
base,46,Blue Red Zone,false,25,Mark Brunell
base,46,Gold Red Zone,false,10,Mark Brunell
base,46,White Red Zone,false,1,Mark Brunell
base,46,Touchdown,false,1,Mark Brunell
base,47,,false,,Patrick Mahomes II
base,47,1st Down,false,100,Patrick Mahomes II
base,47,2nd Down,false,50,Patrick Mahomes II
base,47,Red Red Zone,false,50,Patrick Mahomes II
base,47,3rd Down,false,35,Patrick Mahomes II
base,47,4th Down,false,25,Patrick Mahomes II
base,47,Blue Red Zone,false,25,Patrick Mahomes II
base,47,Gold Red Zone,false,10,Patrick Mahomes II
base,47,White Red Zone,false,1,Patrick Mahomes II
base,47,Touchdown,false,1,Patrick Mahomes II
base,48,,false,,Travis Kelce
base,48,1st Down,false,100,Travis Kelce
base,48,2nd Down,false,50,Travis Kelce
base,48,Red Red Zone,false,50,Travis Kelce
base,48,3rd Down,false,35,Travis Kelce
base,48,4th Down,false,25,Travis Kelce
base,48,Blue Red Zone,false,25,Travis Kelce
base,48,Gold Red Zone,false,10,Travis Kelce
base,48,White Red Zone,false,1,Travis Kelce
base,48,Touchdown,false,1,Travis Kelce
base,49,,false,,Harrison Butker
base,49,1st Down,false,100,Harrison Butker
base,49,2nd Down,false,50,Harrison Butker
base,49,Red Red Zone,false,50,Harrison Butker
base,49,3rd Down,false,35,Harrison Butker
base,49,4th Down,false,25,Harrison Butker
base,49,Blue Red Zone,false,25,Harrison Butker
base,49,Gold Red Zone,false,10,Harrison Butker
base,49,White Red Zone,false,1,Harrison Butker
base,49,Touchdown,false,1,Harrison Butker
base,50,,false,,Dante Hall
base,50,1st Down,false,100,Dante Hall
base,50,2nd Down,false,50,Dante Hall
base,50,Red Red Zone,false,50,Dante Hall
base,50,3rd Down,false,35,Dante Hall
base,50,4th Down,false,25,Dante Hall
base,50,Blue Red Zone,false,25,Dante Hall
base,50,Gold Red Zone,false,10,Dante Hall
base,50,White Red Zone,false,1,Dante Hall
base,50,Touchdown,false,1,Dante Hall
base,51,,false,,Maxx Crosby
base,51,1st Down,false,100,Maxx Crosby
base,51,2nd Down,false,50,Maxx Crosby
base,51,Red Red Zone,false,50,Maxx Crosby
base,51,3rd Down,false,35,Maxx Crosby
base,51,4th Down,false,25,Maxx Crosby
base,51,Blue Red Zone,false,25,Maxx Crosby
base,51,Gold Red Zone,false,10,Maxx Crosby
base,51,White Red Zone,false,1,Maxx Crosby
base,51,Touchdown,false,1,Maxx Crosby
base,52,,false,,Davante Adams
base,52,1st Down,false,100,Davante Adams
base,52,2nd Down,false,50,Davante Adams
base,52,Red Red Zone,false,50,Davante Adams
base,52,3rd Down,false,35,Davante Adams
base,52,4th Down,false,25,Davante Adams
base,52,Blue Red Zone,false,25,Davante Adams
base,52,Gold Red Zone,false,10,Davante Adams
base,52,White Red Zone,false,1,Davante Adams
base,52,Touchdown,false,1,Davante Adams
base,53,,false,,Bo Jackson
base,53,1st Down,false,100,Bo Jackson
base,53,2nd Down,false,50,Bo Jackson
base,53,Red Red Zone,false,50,Bo Jackson
base,53,3rd Down,false,35,Bo Jackson
base,53,4th Down,false,25,Bo Jackson
base,53,Blue Red Zone,false,25,Bo Jackson
base,53,Gold Red Zone,false,10,Bo Jackson
base,53,White Red Zone,false,1,Bo Jackson
base,53,Touchdown,false,1,Bo Jackson
base,54,,false,,Justin Herbert
base,54,1st Down,false,100,Justin Herbert
base,54,2nd Down,false,50,Justin Herbert
base,54,Red Red Zone,false,50,Justin Herbert
base,54,3rd Down,false,35,Justin Herbert
base,54,4th Down,false,25,Justin Herbert
base,54,Blue Red Zone,false,25,Justin Herbert
base,54,Gold Red Zone,false,10,Justin Herbert
base,54,White Red Zone,false,1,Justin Herbert
base,54,Touchdown,false,1,Justin Herbert
base,55,,false,,Joey Bosa
base,55,1st Down,false,100,Joey Bosa
base,55,2nd Down,false,50,Joey Bosa
base,55,Red Red Zone,false,50,Joey Bosa
base,55,3rd Down,false,35,Joey Bosa
base,55,4th Down,false,25,Joey Bosa
base,55,Blue Red Zone,false,25,Joey Bosa
base,55,Gold Red Zone,false,10,Joey Bosa
base,55,White Red Zone,false,1,Joey Bosa
base,55,Touchdown,false,1,Joey Bosa
base,56,,false,,Jim Harbaugh
base,56,1st Down,false,100,Jim Harbaugh
base,56,2nd Down,false,50,Jim Harbaugh
base,56,Red Red Zone,false,50,Jim Harbaugh
base,56,3rd Down,false,35,Jim Harbaugh
base,56,4th Down,false,25,Jim Harbaugh
base,56,Blue Red Zone,false,25,Jim Harbaugh
base,56,Gold Red Zone,false,10,Jim Harbaugh
base,56,White Red Zone,false,1,Jim Harbaugh
base,56,Touchdown,false,1,Jim Harbaugh
base,57,,false,,Cooper Kupp
base,57,1st Down,false,100,Cooper Kupp
base,57,2nd Down,false,50,Cooper Kupp
base,57,Red Red Zone,false,50,Cooper Kupp
base,57,3rd Down,false,35,Cooper Kupp
base,57,4th Down,false,25,Cooper Kupp
base,57,Blue Red Zone,false,25,Cooper Kupp
base,57,Gold Red Zone,false,10,Cooper Kupp
base,57,White Red Zone,false,1,Cooper Kupp
base,57,Touchdown,false,1,Cooper Kupp
base,58,,false,,Puka Nacua
base,58,1st Down,false,100,Puka Nacua
base,58,2nd Down,false,50,Puka Nacua
base,58,Red Red Zone,false,50,Puka Nacua
base,58,3rd Down,false,35,Puka Nacua
base,58,4th Down,false,25,Puka Nacua
base,58,Blue Red Zone,false,25,Puka Nacua
base,58,Gold Red Zone,false,10,Puka Nacua
base,58,White Red Zone,false,1,Puka Nacua
base,58,Touchdown,false,1,Puka Nacua
base,59,,false,,Eric Dickerson
base,59,1st Down,false,100,Eric Dickerson
base,59,2nd Down,false,50,Eric Dickerson
base,59,Red Red Zone,false,50,Eric Dickerson
base,59,3rd Down,false,35,Eric Dickerson
base,59,4th Down,false,25,Eric Dickerson
base,59,Blue Red Zone,false,25,Eric Dickerson
base,59,Gold Red Zone,false,10,Eric Dickerson
base,59,White Red Zone,false,1,Eric Dickerson
base,59,Touchdown,false,1,Eric Dickerson
base,60,,false,,Tyreek Hill
base,60,1st Down,false,100,Tyreek Hill
base,60,2nd Down,false,50,Tyreek Hill
base,60,Red Red Zone,false,50,Tyreek Hill
base,60,3rd Down,false,35,Tyreek Hill
base,60,4th Down,false,25,Tyreek Hill
base,60,Blue Red Zone,false,25,Tyreek Hill
base,60,Gold Red Zone,false,10,Tyreek Hill
base,60,White Red Zone,false,1,Tyreek Hill
base,60,Touchdown,false,1,Tyreek Hill
base,61,,false,,De'Von Achane
base,61,1st Down,false,100,De'Von Achane
base,61,2nd Down,false,50,De'Von Achane
base,61,Red Red Zone,false,50,De'Von Achane
base,61,3rd Down,false,35,De'Von Achane
base,61,4th Down,false,25,De'Von Achane
base,61,Blue Red Zone,false,25,De'Von Achane
base,61,Gold Red Zone,false,10,De'Von Achane
base,61,White Red Zone,false,1,De'Von Achane
base,61,Touchdown,false,1,De'Von Achane
base,62,,false,,Dan Marino
base,62,1st Down,false,100,Dan Marino
base,62,2nd Down,false,50,Dan Marino
base,62,Red Red Zone,false,50,Dan Marino
base,62,3rd Down,false,35,Dan Marino
base,62,4th Down,false,25,Dan Marino
base,62,Blue Red Zone,false,25,Dan Marino
base,62,Gold Red Zone,false,10,Dan Marino
base,62,White Red Zone,false,1,Dan Marino
base,62,Touchdown,false,1,Dan Marino
base,63,,false,,Justin Jefferson
base,63,1st Down,false,100,Justin Jefferson
base,63,2nd Down,false,50,Justin Jefferson
base,63,Red Red Zone,false,50,Justin Jefferson
base,63,3rd Down,false,35,Justin Jefferson
base,63,4th Down,false,25,Justin Jefferson
base,63,Blue Red Zone,false,25,Justin Jefferson
base,63,Gold Red Zone,false,10,Justin Jefferson
base,63,White Red Zone,false,1,Justin Jefferson
base,63,Touchdown,false,1,Justin Jefferson
base,64,,false,,Aaron Jones
base,64,1st Down,false,100,Aaron Jones
base,64,2nd Down,false,50,Aaron Jones
base,64,Red Red Zone,false,50,Aaron Jones
base,64,3rd Down,false,35,Aaron Jones
base,64,4th Down,false,25,Aaron Jones
base,64,Blue Red Zone,false,25,Aaron Jones
base,64,Gold Red Zone,false,10,Aaron Jones
base,64,White Red Zone,false,1,Aaron Jones
base,64,Touchdown,false,1,Aaron Jones
base,65,,false,,Adrian Peterson
base,65,1st Down,false,100,Adrian Peterson
base,65,2nd Down,false,50,Adrian Peterson
base,65,Red Red Zone,false,50,Adrian Peterson
base,65,3rd Down,false,35,Adrian Peterson
base,65,4th Down,false,25,Adrian Peterson
base,65,Blue Red Zone,false,25,Adrian Peterson
base,65,Gold Red Zone,false,10,Adrian Peterson
base,65,White Red Zone,false,1,Adrian Peterson
base,65,Touchdown,false,1,Adrian Peterson
base,66,,false,,Rhamondre Stevenson
base,66,1st Down,false,100,Rhamondre Stevenson
base,66,2nd Down,false,50,Rhamondre Stevenson
base,66,Red Red Zone,false,50,Rhamondre Stevenson
base,66,3rd Down,false,35,Rhamondre Stevenson
base,66,4th Down,false,25,Rhamondre Stevenson
base,66,Blue Red Zone,false,25,Rhamondre Stevenson
base,66,Gold Red Zone,false,10,Rhamondre Stevenson
base,66,White Red Zone,false,1,Rhamondre Stevenson
base,66,Touchdown,false,1,Rhamondre Stevenson
base,67,,false,,Demario Douglas
base,67,1st Down,false,100,Demario Douglas
base,67,2nd Down,false,50,Demario Douglas
base,67,Red Red Zone,false,50,Demario Douglas
base,67,3rd Down,false,35,Demario Douglas
base,67,4th Down,false,25,Demario Douglas
base,67,Blue Red Zone,false,25,Demario Douglas
base,67,Gold Red Zone,false,10,Demario Douglas
base,67,White Red Zone,false,1,Demario Douglas
base,67,Touchdown,false,1,Demario Douglas
base,68,,false,,Adam Vinatieri
base,68,1st Down,false,100,Adam Vinatieri
base,68,2nd Down,false,50,Adam Vinatieri
base,68,Red Red Zone,false,50,Adam Vinatieri
base,68,3rd Down,false,35,Adam Vinatieri
base,68,4th Down,false,25,Adam Vinatieri
base,68,Blue Red Zone,false,25,Adam Vinatieri
base,68,Gold Red Zone,false,10,Adam Vinatieri
base,68,White Red Zone,false,1,Adam Vinatieri
base,68,Touchdown,false,1,Adam Vinatieri
base,69,,false,,Derek Carr
base,69,1st Down,false,100,Derek Carr
base,69,2nd Down,false,50,Derek Carr
base,69,Red Red Zone,false,50,Derek Carr
base,69,3rd Down,false,35,Derek Carr
base,69,4th Down,false,25,Derek Carr
base,69,Blue Red Zone,false,25,Derek Carr
base,69,Gold Red Zone,false,10,Derek Carr
base,69,White Red Zone,false,1,Derek Carr
base,69,Touchdown,false,1,Derek Carr
base,70,,false,,Alvin Kamara
base,70,1st Down,false,100,Alvin Kamara
base,70,2nd Down,false,50,Alvin Kamara
base,70,Red Red Zone,false,50,Alvin Kamara
base,70,3rd Down,false,35,Alvin Kamara
base,70,4th Down,false,25,Alvin Kamara
base,70,Blue Red Zone,false,25,Alvin Kamara
base,70,Gold Red Zone,false,10,Alvin Kamara
base,70,White Red Zone,false,1,Alvin Kamara
base,70,Touchdown,false,1,Alvin Kamara
base,71,,false,,Drew Brees
base,71,1st Down,false,100,Drew Brees
base,71,2nd Down,false,50,Drew Brees
base,71,Red Red Zone,false,50,Drew Brees
base,71,3rd Down,false,35,Drew Brees
base,71,4th Down,false,25,Drew Brees
base,71,Blue Red Zone,false,25,Drew Brees
base,71,Gold Red Zone,false,10,Drew Brees
base,71,White Red Zone,false,1,Drew Brees
base,71,Touchdown,false,1,Drew Brees
base,72,,false,,Daniel Jones
base,72,1st Down,false,100,Daniel Jones
base,72,2nd Down,false,50,Daniel Jones
base,72,Red Red Zone,false,50,Daniel Jones
base,72,3rd Down,false,35,Daniel Jones
base,72,4th Down,false,25,Daniel Jones
base,72,Blue Red Zone,false,25,Daniel Jones
base,72,Gold Red Zone,false,10,Daniel Jones
base,72,White Red Zone,false,1,Daniel Jones
base,72,Touchdown,false,1,Daniel Jones
base,73,,false,,Darius Slayton
base,73,1st Down,false,100,Darius Slayton
base,73,2nd Down,false,50,Darius Slayton
base,73,Red Red Zone,false,50,Darius Slayton
base,73,3rd Down,false,35,Darius Slayton
base,73,4th Down,false,25,Darius Slayton
base,73,Blue Red Zone,false,25,Darius Slayton
base,73,Gold Red Zone,false,10,Darius Slayton
base,73,White Red Zone,false,1,Darius Slayton
base,73,Touchdown,false,1,Darius Slayton
base,74,,false,,Eli Manning
base,74,1st Down,false,100,Eli Manning
base,74,2nd Down,false,50,Eli Manning
base,74,Red Red Zone,false,50,Eli Manning
base,74,3rd Down,false,35,Eli Manning
base,74,4th Down,false,25,Eli Manning
base,74,Blue Red Zone,false,25,Eli Manning
base,74,Gold Red Zone,false,10,Eli Manning
base,74,White Red Zone,false,1,Eli Manning
base,74,Touchdown,false,1,Eli Manning
base,75,,false,,Aaron Rodgers
base,75,1st Down,false,100,Aaron Rodgers
base,75,2nd Down,false,50,Aaron Rodgers
base,75,Red Red Zone,false,50,Aaron Rodgers
base,75,3rd Down,false,35,Aaron Rodgers
base,75,4th Down,false,25,Aaron Rodgers
base,75,Blue Red Zone,false,25,Aaron Rodgers
base,75,Gold Red Zone,false,10,Aaron Rodgers
base,75,White Red Zone,false,1,Aaron Rodgers
base,75,Touchdown,false,1,Aaron Rodgers
base,76,,false,,Breece Hall
base,76,1st Down,false,100,Breece Hall
base,76,2nd Down,false,50,Breece Hall
base,76,Red Red Zone,false,50,Breece Hall
base,76,3rd Down,false,35,Breece Hall
base,76,4th Down,false,25,Breece Hall
base,76,Blue Red Zone,false,25,Breece Hall
base,76,Gold Red Zone,false,10,Breece Hall
base,76,White Red Zone,false,1,Breece Hall
base,76,Touchdown,false,1,Breece Hall
base,77,,false,,Garrett Wilson
base,77,1st Down,false,100,Garrett Wilson
base,77,2nd Down,false,50,Garrett Wilson
base,77,Red Red Zone,false,50,Garrett Wilson
base,77,3rd Down,false,35,Garrett Wilson
base,77,4th Down,false,25,Garrett Wilson
base,77,Blue Red Zone,false,25,Garrett Wilson
base,77,Gold Red Zone,false,10,Garrett Wilson
base,77,White Red Zone,false,1,Garrett Wilson
base,77,Touchdown,false,1,Garrett Wilson
base,78,,false,,Vinny Testaverde
base,78,1st Down,false,100,Vinny Testaverde
base,78,2nd Down,false,50,Vinny Testaverde
base,78,Red Red Zone,false,50,Vinny Testaverde
base,78,3rd Down,false,35,Vinny Testaverde
base,78,4th Down,false,25,Vinny Testaverde
base,78,Blue Red Zone,false,25,Vinny Testaverde
base,78,Gold Red Zone,false,10,Vinny Testaverde
base,78,White Red Zone,false,1,Vinny Testaverde
base,78,Touchdown,false,1,Vinny Testaverde
base,79,,false,,Jalen Hurts
base,79,1st Down,false,100,Jalen Hurts
base,79,2nd Down,false,50,Jalen Hurts
base,79,Red Red Zone,false,50,Jalen Hurts
base,79,3rd Down,false,35,Jalen Hurts
base,79,4th Down,false,25,Jalen Hurts
base,79,Blue Red Zone,false,25,Jalen Hurts
base,79,Gold Red Zone,false,10,Jalen Hurts
base,79,White Red Zone,false,1,Jalen Hurts
base,79,Touchdown,false,1,Jalen Hurts
base,80,,false,,Saquon Barkley
base,80,1st Down,false,100,Saquon Barkley
base,80,2nd Down,false,50,Saquon Barkley
base,80,Red Red Zone,false,50,Saquon Barkley
base,80,3rd Down,false,35,Saquon Barkley
base,80,4th Down,false,25,Saquon Barkley
base,80,Blue Red Zone,false,25,Saquon Barkley
base,80,Gold Red Zone,false,10,Saquon Barkley
base,80,White Red Zone,false,1,Saquon Barkley
base,80,Touchdown,false,1,Saquon Barkley
base,81,,false,,DeVonta Smith
base,81,1st Down,false,100,DeVonta Smith
base,81,2nd Down,false,50,DeVonta Smith
base,81,Red Red Zone,false,50,DeVonta Smith
base,81,3rd Down,false,35,DeVonta Smith
base,81,4th Down,false,25,DeVonta Smith
base,81,Blue Red Zone,false,25,DeVonta Smith
base,81,Gold Red Zone,false,10,DeVonta Smith
base,81,White Red Zone,false,1,DeVonta Smith
base,81,Touchdown,false,1,DeVonta Smith
base,82,,false,,Brian Mitchell
base,82,1st Down,false,100,Brian Mitchell
base,82,2nd Down,false,50,Brian Mitchell
base,82,Red Red Zone,false,50,Brian Mitchell
base,82,3rd Down,false,35,Brian Mitchell
base,82,4th Down,false,25,Brian Mitchell
base,82,Blue Red Zone,false,25,Brian Mitchell
base,82,Gold Red Zone,false,10,Brian Mitchell
base,82,White Red Zone,false,1,Brian Mitchell
base,82,Touchdown,false,1,Brian Mitchell
base,83,,false,,Russell Wilson
base,83,1st Down,false,100,Russell Wilson
base,83,2nd Down,false,50,Russell Wilson
base,83,Red Red Zone,false,50,Russell Wilson
base,83,3rd Down,false,35,Russell Wilson
base,83,4th Down,false,25,Russell Wilson
base,83,Blue Red Zone,false,25,Russell Wilson
base,83,Gold Red Zone,false,10,Russell Wilson
base,83,White Red Zone,false,1,Russell Wilson
base,83,Touchdown,false,1,Russell Wilson
base,84,,false,,Pat Freiermuth
base,84,1st Down,false,100,Pat Freiermuth
base,84,2nd Down,false,50,Pat Freiermuth
base,84,Red Red Zone,false,50,Pat Freiermuth
base,84,3rd Down,false,35,Pat Freiermuth
base,84,4th Down,false,25,Pat Freiermuth
base,84,Blue Red Zone,false,25,Pat Freiermuth
base,84,Gold Red Zone,false,10,Pat Freiermuth
base,84,White Red Zone,false,1,Pat Freiermuth
base,84,Touchdown,false,1,Pat Freiermuth
base,85,,false,,T.J. Watt
base,85,1st Down,false,100,T.J. Watt
base,85,2nd Down,false,50,T.J. Watt
base,85,Red Red Zone,false,50,T.J. Watt
base,85,3rd Down,false,35,T.J. Watt
base,85,4th Down,false,25,T.J. Watt
base,85,Blue Red Zone,false,25,T.J. Watt
base,85,Gold Red Zone,false,10,T.J. Watt
base,85,White Red Zone,false,1,T.J. Watt
base,85,Touchdown,false,1,T.J. Watt
base,86,,false,,Hines Ward
base,86,1st Down,false,100,Hines Ward
base,86,2nd Down,false,50,Hines Ward
base,86,Red Red Zone,false,50,Hines Ward
base,86,3rd Down,false,35,Hines Ward
base,86,4th Down,false,25,Hines Ward
base,86,Blue Red Zone,false,25,Hines Ward
base,86,Gold Red Zone,false,10,Hines Ward
base,86,White Red Zone,false,1,Hines Ward
base,86,Touchdown,false,1,Hines Ward
base,87,,false,,Brock Purdy
base,87,1st Down,false,100,Brock Purdy
base,87,2nd Down,false,50,Brock Purdy
base,87,Red Red Zone,false,50,Brock Purdy
base,87,3rd Down,false,35,Brock Purdy
base,87,4th Down,false,25,Brock Purdy
base,87,Blue Red Zone,false,25,Brock Purdy
base,87,Gold Red Zone,false,10,Brock Purdy
base,87,White Red Zone,false,1,Brock Purdy
base,87,Touchdown,false,1,Brock Purdy
base,88,,false,,Christian McCaffrey
base,88,1st Down,false,100,Christian McCaffrey
base,88,2nd Down,false,50,Christian McCaffrey
base,88,Red Red Zone,false,50,Christian McCaffrey
base,88,3rd Down,false,35,Christian McCaffrey
base,88,4th Down,false,25,Christian McCaffrey
base,88,Blue Red Zone,false,25,Christian McCaffrey
base,88,Gold Red Zone,false,10,Christian McCaffrey
base,88,White Red Zone,false,1,Christian McCaffrey
base,88,Touchdown,false,1,Christian McCaffrey
base,89,,false,,Brandon Aiyuk
base,89,1st Down,false,100,Brandon Aiyuk
base,89,2nd Down,false,50,Brandon Aiyuk
base,89,Red Red Zone,false,50,Brandon Aiyuk
base,89,3rd Down,false,35,Brandon Aiyuk
base,89,4th Down,false,25,Brandon Aiyuk
base,89,Blue Red Zone,false,25,Brandon Aiyuk
base,89,Gold Red Zone,false,10,Brandon Aiyuk
base,89,White Red Zone,false,1,Brandon Aiyuk
base,89,Touchdown,false,1,Brandon Aiyuk
base,90,,false,,Steve Young
base,90,1st Down,false,100,Steve Young
base,90,2nd Down,false,50,Steve Young
base,90,Red Red Zone,false,50,Steve Young
base,90,3rd Down,false,35,Steve Young
base,90,4th Down,false,25,Steve Young
base,90,Blue Red Zone,false,25,Steve Young
base,90,Gold Red Zone,false,10,Steve Young
base,90,White Red Zone,false,1,Steve Young
base,90,Touchdown,false,1,Steve Young
base,91,,false,,Kenneth Walker III
base,91,1st Down,false,100,Kenneth Walker III
base,91,2nd Down,false,50,Kenneth Walker III
base,91,Red Red Zone,false,50,Kenneth Walker III
base,91,3rd Down,false,35,Kenneth Walker III
base,91,4th Down,false,25,Kenneth Walker III
base,91,Blue Red Zone,false,25,Kenneth Walker III
base,91,Gold Red Zone,false,10,Kenneth Walker III
base,91,White Red Zone,false,1,Kenneth Walker III
base,91,Touchdown,false,1,Kenneth Walker III
base,92,,false,,Tyler Lockett
base,92,1st Down,false,100,Tyler Lockett
base,92,2nd Down,false,50,Tyler Lockett
base,92,Red Red Zone,false,50,Tyler Lockett
base,92,3rd Down,false,35,Tyler Lockett
base,92,4th Down,false,25,Tyler Lockett
base,92,Blue Red Zone,false,25,Tyler Lockett
base,92,Gold Red Zone,false,10,Tyler Lockett
base,92,White Red Zone,false,1,Tyler Lockett
base,92,Touchdown,false,1,Tyler Lockett
base,93,,false,,Richard Sherman
base,93,1st Down,false,100,Richard Sherman
base,93,2nd Down,false,50,Richard Sherman
base,93,Red Red Zone,false,50,Richard Sherman
base,93,3rd Down,false,35,Richard Sherman
base,93,4th Down,false,25,Richard Sherman
base,93,Blue Red Zone,false,25,Richard Sherman
base,93,Gold Red Zone,false,10,Richard Sherman
base,93,White Red Zone,false,1,Richard Sherman
base,93,Touchdown,false,1,Richard Sherman
base,94,,false,,Baker Mayfield
base,94,1st Down,false,100,Baker Mayfield
base,94,2nd Down,false,50,Baker Mayfield
base,94,Red Red Zone,false,50,Baker Mayfield
base,94,3rd Down,false,35,Baker Mayfield
base,94,4th Down,false,25,Baker Mayfield
base,94,Blue Red Zone,false,25,Baker Mayfield
base,94,Gold Red Zone,false,10,Baker Mayfield
base,94,White Red Zone,false,1,Baker Mayfield
base,94,Touchdown,false,1,Baker Mayfield
base,95,,false,,John Lynch
base,95,1st Down,false,100,John Lynch
base,95,2nd Down,false,50,John Lynch
base,95,Red Red Zone,false,50,John Lynch
base,95,3rd Down,false,35,John Lynch
base,95,4th Down,false,25,John Lynch
base,95,Blue Red Zone,false,25,John Lynch
base,95,Gold Red Zone,false,10,John Lynch
base,95,White Red Zone,false,1,John Lynch
base,95,Touchdown,false,1,John Lynch
base,96,,false,,Will Levis
base,96,1st Down,false,100,Will Levis
base,96,2nd Down,false,50,Will Levis
base,96,Red Red Zone,false,50,Will Levis
base,96,3rd Down,false,35,Will Levis
base,96,4th Down,false,25,Will Levis
base,96,Blue Red Zone,false,25,Will Levis
base,96,Gold Red Zone,false,10,Will Levis
base,96,White Red Zone,false,1,Will Levis
base,96,Touchdown,false,1,Will Levis
base,97,,false,,Eddie George
base,97,1st Down,false,100,Eddie George
base,97,2nd Down,false,50,Eddie George
base,97,Red Red Zone,false,50,Eddie George
base,97,3rd Down,false,35,Eddie George
base,97,4th Down,false,25,Eddie George
base,97,Blue Red Zone,false,25,Eddie George
base,97,Gold Red Zone,false,10,Eddie George
base,97,White Red Zone,false,1,Eddie George
base,97,Touchdown,false,1,Eddie George
base,98,,false,,Terry McLaurin
base,98,1st Down,false,100,Terry McLaurin
base,98,2nd Down,false,50,Terry McLaurin
base,98,Red Red Zone,false,50,Terry McLaurin
base,98,3rd Down,false,35,Terry McLaurin
base,98,4th Down,false,25,Terry McLaurin
base,98,Blue Red Zone,false,25,Terry McLaurin
base,98,Gold Red Zone,false,10,Terry McLaurin
base,98,White Red Zone,false,1,Terry McLaurin
base,98,Touchdown,false,1,Terry McLaurin
base,99,,false,,Austin Ekeler
base,99,1st Down,false,100,Austin Ekeler
base,99,2nd Down,false,50,Austin Ekeler
base,99,Red Red Zone,false,50,Austin Ekeler
base,99,3rd Down,false,35,Austin Ekeler
base,99,4th Down,false,25,Austin Ekeler
base,99,Blue Red Zone,false,25,Austin Ekeler
base,99,Gold Red Zone,false,10,Austin Ekeler
base,99,White Red Zone,false,1,Austin Ekeler
base,99,Touchdown,false,1,Austin Ekeler
base,100,,false,,Gary Clark
base,100,1st Down,false,100,Gary Clark
base,100,2nd Down,false,50,Gary Clark
base,100,Red Red Zone,false,50,Gary Clark
base,100,3rd Down,false,35,Gary Clark
base,100,4th Down,false,25,Gary Clark
base,100,Blue Red Zone,false,25,Gary Clark
base,100,Gold Red Zone,false,10,Gary Clark
base,100,White Red Zone,false,1,Gary Clark
base,100,Touchdown,false,1,Gary Clark
base,101,,false,,Caleb Williams
base,101,1st Down,false,100,Caleb Williams
base,101,2nd Down,false,50,Caleb Williams
base,101,Red Red Zone,false,50,Caleb Williams
base,101,3rd Down,false,35,Caleb Williams
base,101,4th Down,false,25,Caleb Williams
base,101,Blue Red Zone,false,25,Caleb Williams
base,101,Gold Red Zone,false,10,Caleb Williams
base,101,White Red Zone,false,1,Caleb Williams
base,101,Touchdown,false,1,Caleb Williams
base,102,,false,,Adisa Isaac
base,102,1st Down,false,100,Adisa Isaac
base,102,2nd Down,false,50,Adisa Isaac
base,102,Red Red Zone,false,50,Adisa Isaac
base,102,3rd Down,false,35,Adisa Isaac
base,102,4th Down,false,25,Adisa Isaac
base,102,Blue Red Zone,false,25,Adisa Isaac
base,102,Gold Red Zone,false,10,Adisa Isaac
base,102,White Red Zone,false,1,Adisa Isaac
base,102,Touchdown,false,1,Adisa Isaac
base,103,,false,,Adonai Mitchell
base,103,1st Down,false,100,Adonai Mitchell
base,103,2nd Down,false,50,Adonai Mitchell
base,103,Red Red Zone,false,50,Adonai Mitchell
base,103,3rd Down,false,35,Adonai Mitchell
base,103,4th Down,false,25,Adonai Mitchell
base,103,Blue Red Zone,false,25,Adonai Mitchell
base,103,Gold Red Zone,false,10,Adonai Mitchell
base,103,White Red Zone,false,1,Adonai Mitchell
base,103,Touchdown,false,1,Adonai Mitchell
base,104,,false,,AJ Barner
base,104,1st Down,false,100,AJ Barner
base,104,2nd Down,false,50,AJ Barner
base,104,Red Red Zone,false,50,AJ Barner
base,104,3rd Down,false,35,AJ Barner
base,104,4th Down,false,25,AJ Barner
base,104,Blue Red Zone,false,25,AJ Barner
base,104,Gold Red Zone,false,10,AJ Barner
base,104,White Red Zone,false,1,AJ Barner
base,104,Touchdown,false,1,AJ Barner
base,105,,false,,Anthony Gould
base,105,1st Down,false,100,Anthony Gould
base,105,2nd Down,false,50,Anthony Gould
base,105,Red Red Zone,false,50,Anthony Gould
base,105,3rd Down,false,35,Anthony Gould
base,105,4th Down,false,25,Anthony Gould
base,105,Blue Red Zone,false,25,Anthony Gould
base,105,Gold Red Zone,false,10,Anthony Gould
base,105,White Red Zone,false,1,Anthony Gould
base,105,Touchdown,false,1,Anthony Gould
base,106,,false,,Audric Estime
base,106,1st Down,false,100,Audric Estime
base,106,2nd Down,false,50,Audric Estime
base,106,Red Red Zone,false,50,Audric Estime
base,106,3rd Down,false,35,Audric Estime
base,106,4th Down,false,25,Audric Estime
base,106,Blue Red Zone,false,25,Audric Estime
base,106,Gold Red Zone,false,10,Audric Estime
base,106,White Red Zone,false,1,Audric Estime
base,106,Touchdown,false,1,Audric Estime
base,107,,false,,Ben Sinnott
base,107,1st Down,false,100,Ben Sinnott
base,107,2nd Down,false,50,Ben Sinnott
base,107,Red Red Zone,false,50,Ben Sinnott
base,107,3rd Down,false,35,Ben Sinnott
base,107,4th Down,false,25,Ben Sinnott
base,107,Blue Red Zone,false,25,Ben Sinnott
base,107,Gold Red Zone,false,10,Ben Sinnott
base,107,White Red Zone,false,1,Ben Sinnott
base,107,Touchdown,false,1,Ben Sinnott
base,108,,false,,Blake Corum
base,108,1st Down,false,100,Blake Corum
base,108,2nd Down,false,50,Blake Corum
base,108,Red Red Zone,false,50,Blake Corum
base,108,3rd Down,false,35,Blake Corum
base,108,4th Down,false,25,Blake Corum
base,108,Blue Red Zone,false,25,Blake Corum
base,108,Gold Red Zone,false,10,Blake Corum
base,108,White Red Zone,false,1,Blake Corum
base,108,Touchdown,false,1,Blake Corum
base,109,,false,,Bo Nix
base,109,1st Down,false,100,Bo Nix
base,109,2nd Down,false,50,Bo Nix
base,109,Red Red Zone,false,50,Bo Nix
base,109,3rd Down,false,35,Bo Nix
base,109,4th Down,false,25,Bo Nix
base,109,Blue Red Zone,false,25,Bo Nix
base,109,Gold Red Zone,false,10,Bo Nix
base,109,White Red Zone,false,1,Bo Nix
base,109,Touchdown,false,1,Bo Nix
base,110,,false,,Braden Fiske
base,110,1st Down,false,100,Braden Fiske
base,110,2nd Down,false,50,Braden Fiske
base,110,Red Red Zone,false,50,Braden Fiske
base,110,3rd Down,false,35,Braden Fiske
base,110,4th Down,false,25,Braden Fiske
base,110,Blue Red Zone,false,25,Braden Fiske
base,110,Gold Red Zone,false,10,Braden Fiske
base,110,White Red Zone,false,1,Braden Fiske
base,110,Touchdown,false,1,Braden Fiske
base,111,,false,,Braelon Allen
base,111,1st Down,false,100,Braelon Allen
base,111,2nd Down,false,50,Braelon Allen
base,111,Red Red Zone,false,50,Braelon Allen
base,111,3rd Down,false,35,Braelon Allen
base,111,4th Down,false,25,Braelon Allen
base,111,Blue Red Zone,false,25,Braelon Allen
base,111,Gold Red Zone,false,10,Braelon Allen
base,111,White Red Zone,false,1,Braelon Allen
base,111,Touchdown,false,1,Braelon Allen
base,112,,false,,Bralen Trice
base,112,1st Down,false,100,Bralen Trice
base,112,2nd Down,false,50,Bralen Trice
base,112,Red Red Zone,false,50,Bralen Trice
base,112,3rd Down,false,35,Bralen Trice
base,112,4th Down,false,25,Bralen Trice
base,112,Blue Red Zone,false,25,Bralen Trice
base,112,Gold Red Zone,false,10,Bralen Trice
base,112,White Red Zone,false,1,Bralen Trice
base,112,Touchdown,false,1,Bralen Trice
base,113,,false,,Brenden Rice
base,113,1st Down,false,100,Brenden Rice
base,113,2nd Down,false,50,Brenden Rice
base,113,Red Red Zone,false,50,Brenden Rice
base,113,3rd Down,false,35,Brenden Rice
base,113,4th Down,false,25,Brenden Rice
base,113,Blue Red Zone,false,25,Brenden Rice
base,113,Gold Red Zone,false,10,Brenden Rice
base,113,White Red Zone,false,1,Brenden Rice
base,113,Touchdown,false,1,Brenden Rice
base,114,,false,,Brian Thomas Jr.
base,114,1st Down,false,100,Brian Thomas Jr.
base,114,2nd Down,false,50,Brian Thomas Jr.
base,114,Red Red Zone,false,50,Brian Thomas Jr.
base,114,3rd Down,false,35,Brian Thomas Jr.
base,114,4th Down,false,25,Brian Thomas Jr.
base,114,Blue Red Zone,false,25,Brian Thomas Jr.
base,114,Gold Red Zone,false,10,Brian Thomas Jr.
base,114,White Red Zone,false,1,Brian Thomas Jr.
base,114,Touchdown,false,1,Brian Thomas Jr.
base,115,,false,,Brock Bowers
base,115,1st Down,false,100,Brock Bowers
base,115,2nd Down,false,50,Brock Bowers
base,115,Red Red Zone,false,50,Brock Bowers
base,115,3rd Down,false,35,Brock Bowers
base,115,4th Down,false,25,Brock Bowers
base,115,Blue Red Zone,false,25,Brock Bowers
base,115,Gold Red Zone,false,10,Brock Bowers
base,115,White Red Zone,false,1,Brock Bowers
base,115,Touchdown,false,1,Brock Bowers
base,116,,false,,Bucky Irving
base,116,1st Down,false,100,Bucky Irving
base,116,2nd Down,false,50,Bucky Irving
base,116,Red Red Zone,false,50,Bucky Irving
base,116,3rd Down,false,35,Bucky Irving
base,116,4th Down,false,25,Bucky Irving
base,116,Blue Red Zone,false,25,Bucky Irving
base,116,Gold Red Zone,false,10,Bucky Irving
base,116,White Red Zone,false,1,Bucky Irving
base,116,Touchdown,false,1,Bucky Irving
base,117,,false,,Byron Murphy II
base,117,1st Down,false,100,Byron Murphy II
base,117,2nd Down,false,50,Byron Murphy II
base,117,Red Red Zone,false,50,Byron Murphy II
base,117,3rd Down,false,35,Byron Murphy II
base,117,4th Down,false,25,Byron Murphy II
base,117,Blue Red Zone,false,25,Byron Murphy II
base,117,Gold Red Zone,false,10,Byron Murphy II
base,117,White Red Zone,false,1,Byron Murphy II
base,117,Touchdown,false,1,Byron Murphy II
base,118,,false,,Cade Stover
base,118,1st Down,false,100,Cade Stover
base,118,2nd Down,false,50,Cade Stover
base,118,Red Red Zone,false,50,Cade Stover
base,118,3rd Down,false,35,Cade Stover
base,118,4th Down,false,25,Cade Stover
base,118,Blue Red Zone,false,25,Cade Stover
base,118,Gold Red Zone,false,10,Cade Stover
base,118,White Red Zone,false,1,Cade Stover
base,118,Touchdown,false,1,Cade Stover
base,119,,false,,Chop Robinson
base,119,1st Down,false,100,Chop Robinson
base,119,2nd Down,false,50,Chop Robinson
base,119,Red Red Zone,false,50,Chop Robinson
base,119,3rd Down,false,35,Chop Robinson
base,119,4th Down,false,25,Chop Robinson
base,119,Blue Red Zone,false,25,Chop Robinson
base,119,Gold Red Zone,false,10,Chop Robinson
base,119,White Red Zone,false,1,Chop Robinson
base,119,Touchdown,false,1,Chop Robinson
base,120,,false,,Chris Braswell
base,120,1st Down,false,100,Chris Braswell
base,120,2nd Down,false,50,Chris Braswell
base,120,Red Red Zone,false,50,Chris Braswell
base,120,3rd Down,false,35,Chris Braswell
base,120,4th Down,false,25,Chris Braswell
base,120,Blue Red Zone,false,25,Chris Braswell
base,120,Gold Red Zone,false,10,Chris Braswell
base,120,White Red Zone,false,1,Chris Braswell
base,120,Touchdown,false,1,Chris Braswell
base,121,,false,,Cooper DeJean
base,121,1st Down,false,100,Cooper DeJean
base,121,2nd Down,false,50,Cooper DeJean
base,121,Red Red Zone,false,50,Cooper DeJean
base,121,3rd Down,false,35,Cooper DeJean
base,121,4th Down,false,25,Cooper DeJean
base,121,Blue Red Zone,false,25,Cooper DeJean
base,121,Gold Red Zone,false,10,Cooper DeJean
base,121,White Red Zone,false,1,Cooper DeJean
base,121,Touchdown,false,1,Cooper DeJean
base,122,,false,,D.J. James
base,122,1st Down,false,100,D.J. James
base,122,2nd Down,false,50,D.J. James
base,122,Red Red Zone,false,50,D.J. James
base,122,3rd Down,false,35,D.J. James
base,122,4th Down,false,25,D.J. James
base,122,Blue Red Zone,false,25,D.J. James
base,122,Gold Red Zone,false,10,D.J. James
base,122,White Red Zone,false,1,D.J. James
base,122,Touchdown,false,1,D.J. James
base,123,,false,,Daijun Edwards
base,123,1st Down,false,100,Daijun Edwards
base,123,2nd Down,false,50,Daijun Edwards
base,123,Red Red Zone,false,50,Daijun Edwards
base,123,3rd Down,false,35,Daijun Edwards
base,123,4th Down,false,25,Daijun Edwards
base,123,Blue Red Zone,false,25,Daijun Edwards
base,123,Gold Red Zone,false,10,Daijun Edwards
base,123,White Red Zone,false,1,Daijun Edwards
base,123,Touchdown,false,1,Daijun Edwards
base,124,,false,,Dallas Turner
base,124,1st Down,false,100,Dallas Turner
base,124,2nd Down,false,50,Dallas Turner
base,124,Red Red Zone,false,50,Dallas Turner
base,124,3rd Down,false,35,Dallas Turner
base,124,4th Down,false,25,Dallas Turner
base,124,Blue Red Zone,false,25,Dallas Turner
base,124,Gold Red Zone,false,10,Dallas Turner
base,124,White Red Zone,false,1,Dallas Turner
base,124,Touchdown,false,1,Dallas Turner
base,125,,false,,Darius Robinson
base,125,1st Down,false,100,Darius Robinson
base,125,2nd Down,false,50,Darius Robinson
base,125,Red Red Zone,false,50,Darius Robinson
base,125,3rd Down,false,35,Darius Robinson
base,125,4th Down,false,25,Darius Robinson
base,125,Blue Red Zone,false,25,Darius Robinson
base,125,Gold Red Zone,false,10,Darius Robinson
base,125,White Red Zone,false,1,Darius Robinson
base,125,Touchdown,false,1,Darius Robinson
base,126,,false,,Devin Culp
base,126,1st Down,false,100,Devin Culp
base,126,2nd Down,false,50,Devin Culp
base,126,Red Red Zone,false,50,Devin Culp
base,126,3rd Down,false,35,Devin Culp
base,126,4th Down,false,25,Devin Culp
base,126,Blue Red Zone,false,25,Devin Culp
base,126,Gold Red Zone,false,10,Devin Culp
base,126,White Red Zone,false,1,Devin Culp
base,126,Touchdown,false,1,Devin Culp
base,127,,false,,Devin Leary
base,127,1st Down,false,100,Devin Leary
base,127,2nd Down,false,50,Devin Leary
base,127,Red Red Zone,false,50,Devin Leary
base,127,3rd Down,false,35,Devin Leary
base,127,4th Down,false,25,Devin Leary
base,127,Blue Red Zone,false,25,Devin Leary
base,127,Gold Red Zone,false,10,Devin Leary
base,127,White Red Zone,false,1,Devin Leary
base,127,Touchdown,false,1,Devin Leary
base,128,,false,,Devontez Walker
base,128,1st Down,false,100,Devontez Walker
base,128,2nd Down,false,50,Devontez Walker
base,128,Red Red Zone,false,50,Devontez Walker
base,128,3rd Down,false,35,Devontez Walker
base,128,4th Down,false,25,Devontez Walker
base,128,Blue Red Zone,false,25,Devontez Walker
base,128,Gold Red Zone,false,10,Devontez Walker
base,128,White Red Zone,false,1,Devontez Walker
base,128,Touchdown,false,1,Devontez Walker
base,129,,false,,Drake Maye
base,129,1st Down,false,100,Drake Maye
base,129,2nd Down,false,50,Drake Maye
base,129,Red Red Zone,false,50,Drake Maye
base,129,3rd Down,false,35,Drake Maye
base,129,4th Down,false,25,Drake Maye
base,129,Blue Red Zone,false,25,Drake Maye
base,129,Gold Red Zone,false,10,Drake Maye
base,129,White Red Zone,false,1,Drake Maye
base,129,Touchdown,false,1,Drake Maye
base,130,,false,,Dylan Laube
base,130,1st Down,false,100,Dylan Laube
base,130,2nd Down,false,50,Dylan Laube
base,130,Red Red Zone,false,50,Dylan Laube
base,130,3rd Down,false,35,Dylan Laube
base,130,4th Down,false,25,Dylan Laube
base,130,Blue Red Zone,false,25,Dylan Laube
base,130,Gold Red Zone,false,10,Dylan Laube
base,130,White Red Zone,false,1,Dylan Laube
base,130,Touchdown,false,1,Dylan Laube
base,131,,false,,Edgerrin Cooper
base,131,1st Down,false,100,Edgerrin Cooper
base,131,2nd Down,false,50,Edgerrin Cooper
base,131,Red Red Zone,false,50,Edgerrin Cooper
base,131,3rd Down,false,35,Edgerrin Cooper
base,131,4th Down,false,25,Edgerrin Cooper
base,131,Blue Red Zone,false,25,Edgerrin Cooper
base,131,Gold Red Zone,false,10,Edgerrin Cooper
base,131,White Red Zone,false,1,Edgerrin Cooper
base,131,Touchdown,false,1,Edgerrin Cooper
base,132,,false,,Ennis Rakestraw Jr.
base,132,1st Down,false,100,Ennis Rakestraw Jr.
base,132,2nd Down,false,50,Ennis Rakestraw Jr.
base,132,Red Red Zone,false,50,Ennis Rakestraw Jr.
base,132,3rd Down,false,35,Ennis Rakestraw Jr.
base,132,4th Down,false,25,Ennis Rakestraw Jr.
base,132,Blue Red Zone,false,25,Ennis Rakestraw Jr.
base,132,Gold Red Zone,false,10,Ennis Rakestraw Jr.
base,132,White Red Zone,false,1,Ennis Rakestraw Jr.
base,132,Touchdown,false,1,Ennis Rakestraw Jr.
base,133,,false,,Erick All Jr.
base,133,1st Down,false,100,Erick All Jr.
base,133,2nd Down,false,50,Erick All Jr.
base,133,Red Red Zone,false,50,Erick All Jr.
base,133,3rd Down,false,35,Erick All Jr.
base,133,4th Down,false,25,Erick All Jr.
base,133,Blue Red Zone,false,25,Erick All Jr.
base,133,Gold Red Zone,false,10,Erick All Jr.
base,133,White Red Zone,false,1,Erick All Jr.
base,133,Touchdown,false,1,Erick All Jr.
base,134,,false,,J.C. Latham
base,134,1st Down,false,100,J.C. Latham
base,134,2nd Down,false,50,J.C. Latham
base,134,Red Red Zone,false,50,J.C. Latham
base,134,3rd Down,false,35,J.C. Latham
base,134,4th Down,false,25,J.C. Latham
base,134,Blue Red Zone,false,25,J.C. Latham
base,134,Gold Red Zone,false,10,J.C. Latham
base,134,White Red Zone,false,1,J.C. Latham
base,134,Touchdown,false,1,J.C. Latham
base,135,,false,,J.J. McCarthy
base,135,1st Down,false,100,J.J. McCarthy
base,135,2nd Down,false,50,J.J. McCarthy
base,135,Red Red Zone,false,50,J.J. McCarthy
base,135,3rd Down,false,35,J.J. McCarthy
base,135,4th Down,false,25,J.J. McCarthy
base,135,Blue Red Zone,false,25,J.J. McCarthy
base,135,Gold Red Zone,false,10,J.J. McCarthy
base,135,White Red Zone,false,1,J.J. McCarthy
base,135,Touchdown,false,1,J.J. McCarthy
base,136,,false,,Jacob Cowing
base,136,1st Down,false,100,Jacob Cowing
base,136,2nd Down,false,50,Jacob Cowing
base,136,Red Red Zone,false,50,Jacob Cowing
base,136,3rd Down,false,35,Jacob Cowing
base,136,4th Down,false,25,Jacob Cowing
base,136,Blue Red Zone,false,25,Jacob Cowing
base,136,Gold Red Zone,false,10,Jacob Cowing
base,136,White Red Zone,false,1,Jacob Cowing
base,136,Touchdown,false,1,Jacob Cowing
base,137,,false,,Jaden Hicks
base,137,1st Down,false,100,Jaden Hicks
base,137,2nd Down,false,50,Jaden Hicks
base,137,Red Red Zone,false,50,Jaden Hicks
base,137,3rd Down,false,35,Jaden Hicks
base,137,4th Down,false,25,Jaden Hicks
base,137,Blue Red Zone,false,25,Jaden Hicks
base,137,Gold Red Zone,false,10,Jaden Hicks
base,137,White Red Zone,false,1,Jaden Hicks
base,137,Touchdown,false,1,Jaden Hicks
base,138,,false,,Jaheim Bell
base,138,1st Down,false,100,Jaheim Bell
base,138,2nd Down,false,50,Jaheim Bell
base,138,Red Red Zone,false,50,Jaheim Bell
base,138,3rd Down,false,35,Jaheim Bell
base,138,4th Down,false,25,Jaheim Bell
base,138,Blue Red Zone,false,25,Jaheim Bell
base,138,Gold Red Zone,false,10,Jaheim Bell
base,138,White Red Zone,false,1,Jaheim Bell
base,138,Touchdown,false,1,Jaheim Bell
base,139,,false,,Jalen McMillan
base,139,1st Down,false,100,Jalen McMillan
base,139,2nd Down,false,50,Jalen McMillan
base,139,Red Red Zone,false,50,Jalen McMillan
base,139,3rd Down,false,35,Jalen McMillan
base,139,4th Down,false,25,Jalen McMillan
base,139,Blue Red Zone,false,25,Jalen McMillan
base,139,Gold Red Zone,false,10,Jalen McMillan
base,139,White Red Zone,false,1,Jalen McMillan
base,139,Touchdown,false,1,Jalen McMillan
base,140,,false,,Ja'Lynn Polk
base,140,1st Down,false,100,Ja'Lynn Polk
base,140,2nd Down,false,50,Ja'Lynn Polk
base,140,Red Red Zone,false,50,Ja'Lynn Polk
base,140,3rd Down,false,35,Ja'Lynn Polk
base,140,4th Down,false,25,Ja'Lynn Polk
base,140,Blue Red Zone,false,25,Ja'Lynn Polk
base,140,Gold Red Zone,false,10,Ja'Lynn Polk
base,140,White Red Zone,false,1,Ja'Lynn Polk
base,140,Touchdown,false,1,Ja'Lynn Polk
base,141,,false,,Jamari Thrash
base,141,1st Down,false,100,Jamari Thrash
base,141,2nd Down,false,50,Jamari Thrash
base,141,Red Red Zone,false,50,Jamari Thrash
base,141,3rd Down,false,35,Jamari Thrash
base,141,4th Down,false,25,Jamari Thrash
base,141,Blue Red Zone,false,25,Jamari Thrash
base,141,Gold Red Zone,false,10,Jamari Thrash
base,141,White Red Zone,false,1,Jamari Thrash
base,141,Touchdown,false,1,Jamari Thrash
base,142,,false,,Jared Verse
base,142,1st Down,false,100,Jared Verse
base,142,2nd Down,false,50,Jared Verse
base,142,Red Red Zone,false,50,Jared Verse
base,142,3rd Down,false,35,Jared Verse
base,142,4th Down,false,25,Jared Verse
base,142,Blue Red Zone,false,25,Jared Verse
base,142,Gold Red Zone,false,10,Jared Verse
base,142,White Red Zone,false,1,Jared Verse
base,142,Touchdown,false,1,Jared Verse
base,143,,false,,Jase McClellan
base,143,1st Down,false,100,Jase McClellan
base,143,2nd Down,false,50,Jase McClellan
base,143,Red Red Zone,false,50,Jase McClellan
base,143,3rd Down,false,35,Jase McClellan
base,143,4th Down,false,25,Jase McClellan
base,143,Blue Red Zone,false,25,Jase McClellan
base,143,Gold Red Zone,false,10,Jase McClellan
base,143,White Red Zone,false,1,Jase McClellan
base,143,Touchdown,false,1,Jase McClellan
base,144,,false,,Ja'Tavion Sanders
base,144,1st Down,false,100,Ja'Tavion Sanders
base,144,2nd Down,false,50,Ja'Tavion Sanders
base,144,Red Red Zone,false,50,Ja'Tavion Sanders
base,144,3rd Down,false,35,Ja'Tavion Sanders
base,144,4th Down,false,25,Ja'Tavion Sanders
base,144,Blue Red Zone,false,25,Ja'Tavion Sanders
base,144,Gold Red Zone,false,10,Ja'Tavion Sanders
base,144,White Red Zone,false,1,Ja'Tavion Sanders
base,144,Touchdown,false,1,Ja'Tavion Sanders
base,145,,false,,Javon Baker
base,145,1st Down,false,100,Javon Baker
base,145,2nd Down,false,50,Javon Baker
base,145,Red Red Zone,false,50,Javon Baker
base,145,3rd Down,false,35,Javon Baker
base,145,4th Down,false,25,Javon Baker
base,145,Blue Red Zone,false,25,Javon Baker
base,145,Gold Red Zone,false,10,Javon Baker
base,145,White Red Zone,false,1,Javon Baker
base,145,Touchdown,false,1,Javon Baker
base,146,,false,,Javon Bullard
base,146,1st Down,false,100,Javon Bullard
base,146,2nd Down,false,50,Javon Bullard
base,146,Red Red Zone,false,50,Javon Bullard
base,146,3rd Down,false,35,Javon Bullard
base,146,4th Down,false,25,Javon Bullard
base,146,Blue Red Zone,false,25,Javon Bullard
base,146,Gold Red Zone,false,10,Javon Bullard
base,146,White Red Zone,false,1,Javon Bullard
base,146,Touchdown,false,1,Javon Bullard
base,147,,false,,Jawhar Jordan
base,147,1st Down,false,100,Jawhar Jordan
base,147,2nd Down,false,50,Jawhar Jordan
base,147,Red Red Zone,false,50,Jawhar Jordan
base,147,3rd Down,false,35,Jawhar Jordan
base,147,4th Down,false,25,Jawhar Jordan
base,147,Blue Red Zone,false,25,Jawhar Jordan
base,147,Gold Red Zone,false,10,Jawhar Jordan
base,147,White Red Zone,false,1,Jawhar Jordan
base,147,Touchdown,false,1,Jawhar Jordan
base,148,,false,,Jayden Daniels
base,148,1st Down,false,100,Jayden Daniels
base,148,2nd Down,false,50,Jayden Daniels
base,148,Red Red Zone,false,50,Jayden Daniels
base,148,3rd Down,false,35,Jayden Daniels
base,148,4th Down,false,25,Jayden Daniels
base,148,Blue Red Zone,false,25,Jayden Daniels
base,148,Gold Red Zone,false,10,Jayden Daniels
base,148,White Red Zone,false,1,Jayden Daniels
base,148,Touchdown,false,1,Jayden Daniels
base,149,,false,,Jaylen Wright
base,149,1st Down,false,100,Jaylen Wright
base,149,2nd Down,false,50,Jaylen Wright
base,149,Red Red Zone,false,50,Jaylen Wright
base,149,3rd Down,false,35,Jaylen Wright
base,149,4th Down,false,25,Jaylen Wright
base,149,Blue Red Zone,false,25,Jaylen Wright
base,149,Gold Red Zone,false,10,Jaylen Wright
base,149,White Red Zone,false,1,Jaylen Wright
base,149,Touchdown,false,1,Jaylen Wright
base,150,,false,,Jeremiah Trotter Jr.
base,150,1st Down,false,100,Jeremiah Trotter Jr.
base,150,2nd Down,false,50,Jeremiah Trotter Jr.
base,150,Red Red Zone,false,50,Jeremiah Trotter Jr.
base,150,3rd Down,false,35,Jeremiah Trotter Jr.
base,150,4th Down,false,25,Jeremiah Trotter Jr.
base,150,Blue Red Zone,false,25,Jeremiah Trotter Jr.
base,150,Gold Red Zone,false,10,Jeremiah Trotter Jr.
base,150,White Red Zone,false,1,Jeremiah Trotter Jr.
base,150,Touchdown,false,1,Jeremiah Trotter Jr.
base,151,,false,,Jermaine Burton
base,151,1st Down,false,100,Jermaine Burton
base,151,2nd Down,false,50,Jermaine Burton
base,151,Red Red Zone,false,50,Jermaine Burton
base,151,3rd Down,false,35,Jermaine Burton
base,151,4th Down,false,25,Jermaine Burton
base,151,Blue Red Zone,false,25,Jermaine Burton
base,151,Gold Red Zone,false,10,Jermaine Burton
base,151,White Red Zone,false,1,Jermaine Burton
base,151,Touchdown,false,1,Jermaine Burton
base,152,,false,,Jer'Zhan Newton
base,152,1st Down,false,100,Jer'Zhan Newton
base,152,2nd Down,false,50,Jer'Zhan Newton
base,152,Red Red Zone,false,50,Jer'Zhan Newton
base,152,3rd Down,false,35,Jer'Zhan Newton
base,152,4th Down,false,25,Jer'Zhan Newton
base,152,Blue Red Zone,false,25,Jer'Zhan Newton
base,152,Gold Red Zone,false,10,Jer'Zhan Newton
base,152,White Red Zone,false,1,Jer'Zhan Newton
base,152,Touchdown,false,1,Jer'Zhan Newton
base,153,,false,,Jha'Quan Jackson
base,153,1st Down,false,100,Jha'Quan Jackson
base,153,2nd Down,false,50,Jha'Quan Jackson
base,153,Red Red Zone,false,50,Jha'Quan Jackson
base,153,3rd Down,false,35,Jha'Quan Jackson
base,153,4th Down,false,25,Jha'Quan Jackson
base,153,Blue Red Zone,false,25,Jha'Quan Jackson
base,153,Gold Red Zone,false,10,Jha'Quan Jackson
base,153,White Red Zone,false,1,Jha'Quan Jackson
base,153,Touchdown,false,1,Jha'Quan Jackson
base,154,,false,,Joe Alt
base,154,1st Down,false,100,Joe Alt
base,154,2nd Down,false,50,Joe Alt
base,154,Red Red Zone,false,50,Joe Alt
base,154,3rd Down,false,35,Joe Alt
base,154,4th Down,false,25,Joe Alt
base,154,Blue Red Zone,false,25,Joe Alt
base,154,Gold Red Zone,false,10,Joe Alt
base,154,White Red Zone,false,1,Joe Alt
base,154,Touchdown,false,1,Joe Alt
base,155,,false,,Joe Milton III
base,155,1st Down,false,100,Joe Milton III
base,155,2nd Down,false,50,Joe Milton III
base,155,Red Red Zone,false,50,Joe Milton III
base,155,3rd Down,false,35,Joe Milton III
base,155,4th Down,false,25,Joe Milton III
base,155,Blue Red Zone,false,25,Joe Milton III
base,155,Gold Red Zone,false,10,Joe Milton III
base,155,White Red Zone,false,1,Joe Milton III
base,155,Touchdown,false,1,Joe Milton III
base,156,,false,,Johnny Wilson
base,156,1st Down,false,100,Johnny Wilson
base,156,2nd Down,false,50,Johnny Wilson
base,156,Red Red Zone,false,50,Johnny Wilson
base,156,3rd Down,false,35,Johnny Wilson
base,156,4th Down,false,25,Johnny Wilson
base,156,Blue Red Zone,false,25,Johnny Wilson
base,156,Gold Red Zone,false,10,Johnny Wilson
base,156,White Red Zone,false,1,Johnny Wilson
base,156,Touchdown,false,1,Johnny Wilson
base,157,,false,,Jonah Elliss
base,157,1st Down,false,100,Jonah Elliss
base,157,2nd Down,false,50,Jonah Elliss
base,157,Red Red Zone,false,50,Jonah Elliss
base,157,3rd Down,false,35,Jonah Elliss
base,157,4th Down,false,25,Jonah Elliss
base,157,Blue Red Zone,false,25,Jonah Elliss
base,157,Gold Red Zone,false,10,Jonah Elliss
base,157,White Red Zone,false,1,Jonah Elliss
base,157,Touchdown,false,1,Jonah Elliss
base,158,,false,,Jonathon Brooks
base,158,1st Down,false,100,Jonathon Brooks
base,158,2nd Down,false,50,Jonathon Brooks
base,158,Red Red Zone,false,50,Jonathon Brooks
base,158,3rd Down,false,35,Jonathon Brooks
base,158,4th Down,false,25,Jonathon Brooks
base,158,Blue Red Zone,false,25,Jonathon Brooks
base,158,Gold Red Zone,false,10,Jonathon Brooks
base,158,White Red Zone,false,1,Jonathon Brooks
base,158,Touchdown,false,1,Jonathon Brooks
base,159,,false,,Jordan Jefferson
base,159,1st Down,false,100,Jordan Jefferson
base,159,2nd Down,false,50,Jordan Jefferson
base,159,Red Red Zone,false,50,Jordan Jefferson
base,159,3rd Down,false,35,Jordan Jefferson
base,159,4th Down,false,25,Jordan Jefferson
base,159,Blue Red Zone,false,25,Jordan Jefferson
base,159,Gold Red Zone,false,10,Jordan Jefferson
base,159,White Red Zone,false,1,Jordan Jefferson
base,159,Touchdown,false,1,Jordan Jefferson
base,160,,false,,Jordan Travis
base,160,1st Down,false,100,Jordan Travis
base,160,2nd Down,false,50,Jordan Travis
base,160,Red Red Zone,false,50,Jordan Travis
base,160,3rd Down,false,35,Jordan Travis
base,160,4th Down,false,25,Jordan Travis
base,160,Blue Red Zone,false,25,Jordan Travis
base,160,Gold Red Zone,false,10,Jordan Travis
base,160,White Red Zone,false,1,Jordan Travis
base,160,Touchdown,false,1,Jordan Travis
base,161,,false,,Kamari Lassiter
base,161,1st Down,false,100,Kamari Lassiter
base,161,2nd Down,false,50,Kamari Lassiter
base,161,Red Red Zone,false,50,Kamari Lassiter
base,161,3rd Down,false,35,Kamari Lassiter
base,161,4th Down,false,25,Kamari Lassiter
base,161,Blue Red Zone,false,25,Kamari Lassiter
base,161,Gold Red Zone,false,10,Kamari Lassiter
base,161,White Red Zone,false,1,Kamari Lassiter
base,161,Touchdown,false,1,Kamari Lassiter
base,162,,false,,Keilan Robinson
base,162,1st Down,false,100,Keilan Robinson
base,162,2nd Down,false,50,Keilan Robinson
base,162,Red Red Zone,false,50,Keilan Robinson
base,162,3rd Down,false,35,Keilan Robinson
base,162,4th Down,false,25,Keilan Robinson
base,162,Blue Red Zone,false,25,Keilan Robinson
base,162,Gold Red Zone,false,10,Keilan Robinson
base,162,White Red Zone,false,1,Keilan Robinson
base,162,Touchdown,false,1,Keilan Robinson
base,163,,false,,Keon Coleman
base,163,1st Down,false,100,Keon Coleman
base,163,2nd Down,false,50,Keon Coleman
base,163,Red Red Zone,false,50,Keon Coleman
base,163,3rd Down,false,35,Keon Coleman
base,163,4th Down,false,25,Keon Coleman
base,163,Blue Red Zone,false,25,Keon Coleman
base,163,Gold Red Zone,false,10,Keon Coleman
base,163,White Red Zone,false,1,Keon Coleman
base,163,Touchdown,false,1,Keon Coleman
base,164,,false,,Kool-Aid McKinstry
base,164,1st Down,false,100,Kool-Aid McKinstry
base,164,2nd Down,false,50,Kool-Aid McKinstry
base,164,Red Red Zone,false,50,Kool-Aid McKinstry
base,164,3rd Down,false,35,Kool-Aid McKinstry
base,164,4th Down,false,25,Kool-Aid McKinstry
base,164,Blue Red Zone,false,25,Kool-Aid McKinstry
base,164,Gold Red Zone,false,10,Kool-Aid McKinstry
base,164,White Red Zone,false,1,Kool-Aid McKinstry
base,164,Touchdown,false,1,Kool-Aid McKinstry
base,165,,false,,Kris Jenkins
base,165,1st Down,false,100,Kris Jenkins
base,165,2nd Down,false,50,Kris Jenkins
base,165,Red Red Zone,false,50,Kris Jenkins
base,165,3rd Down,false,35,Kris Jenkins
base,165,4th Down,false,25,Kris Jenkins
base,165,Blue Red Zone,false,25,Kris Jenkins
base,165,Gold Red Zone,false,10,Kris Jenkins
base,165,White Red Zone,false,1,Kris Jenkins
base,165,Touchdown,false,1,Kris Jenkins
base,166,,false,,Ladd McConkey
base,166,1st Down,false,100,Ladd McConkey
base,166,2nd Down,false,50,Ladd McConkey
base,166,Red Red Zone,false,50,Ladd McConkey
base,166,3rd Down,false,35,Ladd McConkey
base,166,4th Down,false,25,Ladd McConkey
base,166,Blue Red Zone,false,25,Ladd McConkey
base,166,Gold Red Zone,false,10,Ladd McConkey
base,166,White Red Zone,false,1,Ladd McConkey
base,166,Touchdown,false,1,Ladd McConkey
base,167,,false,,Laiatu Latu
base,167,1st Down,false,100,Laiatu Latu
base,167,2nd Down,false,50,Laiatu Latu
base,167,Red Red Zone,false,50,Laiatu Latu
base,167,3rd Down,false,35,Laiatu Latu
base,167,4th Down,false,25,Laiatu Latu
base,167,Blue Red Zone,false,25,Laiatu Latu
base,167,Gold Red Zone,false,10,Laiatu Latu
base,167,White Red Zone,false,1,Laiatu Latu
base,167,Touchdown,false,1,Laiatu Latu
base,168,,false,,Luke McCaffrey
base,168,1st Down,false,100,Luke McCaffrey
base,168,2nd Down,false,50,Luke McCaffrey
base,168,Red Red Zone,false,50,Luke McCaffrey
base,168,3rd Down,false,35,Luke McCaffrey
base,168,4th Down,false,25,Luke McCaffrey
base,168,Blue Red Zone,false,25,Luke McCaffrey
base,168,Gold Red Zone,false,10,Luke McCaffrey
base,168,White Red Zone,false,1,Luke McCaffrey
base,168,Touchdown,false,1,Luke McCaffrey
base,169,,false,,Maason Smith
base,169,1st Down,false,100,Maason Smith
base,169,2nd Down,false,50,Maason Smith
base,169,Red Red Zone,false,50,Maason Smith
base,169,3rd Down,false,35,Maason Smith
base,169,4th Down,false,25,Maason Smith
base,169,Blue Red Zone,false,25,Maason Smith
base,169,Gold Red Zone,false,10,Maason Smith
base,169,White Red Zone,false,1,Maason Smith
base,169,Touchdown,false,1,Maason Smith
base,170,,false,,Malachi Corley
base,170,1st Down,false,100,Malachi Corley
base,170,2nd Down,false,50,Malachi Corley
base,170,Red Red Zone,false,50,Malachi Corley
base,170,3rd Down,false,35,Malachi Corley
base,170,4th Down,false,25,Malachi Corley
base,170,Blue Red Zone,false,25,Malachi Corley
base,170,Gold Red Zone,false,10,Malachi Corley
base,170,White Red Zone,false,1,Malachi Corley
base,170,Touchdown,false,1,Malachi Corley
base,171,,false,,Malik Nabers
base,171,1st Down,false,100,Malik Nabers
base,171,2nd Down,false,50,Malik Nabers
base,171,Red Red Zone,false,50,Malik Nabers
base,171,3rd Down,false,35,Malik Nabers
base,171,4th Down,false,25,Malik Nabers
base,171,Blue Red Zone,false,25,Malik Nabers
base,171,Gold Red Zone,false,10,Malik Nabers
base,171,White Red Zone,false,1,Malik Nabers
base,171,Touchdown,false,1,Malik Nabers
base,172,,false,,Malik Washington
base,172,1st Down,false,100,Malik Washington
base,172,2nd Down,false,50,Malik Washington
base,172,Red Red Zone,false,50,Malik Washington
base,172,3rd Down,false,35,Malik Washington
base,172,4th Down,false,25,Malik Washington
base,172,Blue Red Zone,false,25,Malik Washington
base,172,Gold Red Zone,false,10,Malik Washington
base,172,White Red Zone,false,1,Malik Washington
base,172,Touchdown,false,1,Malik Washington
base,173,,false,,Marist Liufau
base,173,1st Down,false,100,Marist Liufau
base,173,2nd Down,false,50,Marist Liufau
base,173,Red Red Zone,false,50,Marist Liufau
base,173,3rd Down,false,35,Marist Liufau
base,173,4th Down,false,25,Marist Liufau
base,173,Blue Red Zone,false,25,Marist Liufau
base,173,Gold Red Zone,false,10,Marist Liufau
base,173,White Red Zone,false,1,Marist Liufau
base,173,Touchdown,false,1,Marist Liufau
base,174,,false,,Marshawn Kneeland
base,174,1st Down,false,100,Marshawn Kneeland
base,174,2nd Down,false,50,Marshawn Kneeland
base,174,Red Red Zone,false,50,Marshawn Kneeland
base,174,3rd Down,false,35,Marshawn Kneeland
base,174,4th Down,false,25,Marshawn Kneeland
base,174,Blue Red Zone,false,25,Marshawn Kneeland
base,174,Gold Red Zone,false,10,Marshawn Kneeland
base,174,White Red Zone,false,1,Marshawn Kneeland
base,174,Touchdown,false,1,Marshawn Kneeland
base,175,,false,,MarShawn Lloyd
base,175,1st Down,false,100,MarShawn Lloyd
base,175,2nd Down,false,50,MarShawn Lloyd
base,175,Red Red Zone,false,50,MarShawn Lloyd
base,175,3rd Down,false,35,MarShawn Lloyd
base,175,4th Down,false,25,MarShawn Lloyd
base,175,Blue Red Zone,false,25,MarShawn Lloyd
base,175,Gold Red Zone,false,10,MarShawn Lloyd
base,175,White Red Zone,false,1,MarShawn Lloyd
base,175,Touchdown,false,1,MarShawn Lloyd
base,176,,false,,Marvin Harrison Jr.
base,176,1st Down,false,100,Marvin Harrison Jr.
base,176,2nd Down,false,50,Marvin Harrison Jr.
base,176,Red Red Zone,false,50,Marvin Harrison Jr.
base,176,3rd Down,false,35,Marvin Harrison Jr.
base,176,4th Down,false,25,Marvin Harrison Jr.
base,176,Blue Red Zone,false,25,Marvin Harrison Jr.
base,176,Gold Red Zone,false,10,Marvin Harrison Jr.
base,176,White Red Zone,false,1,Marvin Harrison Jr.
base,176,Touchdown,false,1,Marvin Harrison Jr.
base,177,,false,,Max Melton
base,177,1st Down,false,100,Max Melton
base,177,2nd Down,false,50,Max Melton
base,177,Red Red Zone,false,50,Max Melton
base,177,3rd Down,false,35,Max Melton
base,177,4th Down,false,25,Max Melton
base,177,Blue Red Zone,false,25,Max Melton
base,177,Gold Red Zone,false,10,Max Melton
base,177,White Red Zone,false,1,Max Melton
base,177,Touchdown,false,1,Max Melton
base,178,,false,,Tory Taylor
base,178,1st Down,false,100,Tory Taylor
base,178,2nd Down,false,50,Tory Taylor
base,178,Red Red Zone,false,50,Tory Taylor
base,178,3rd Down,false,35,Tory Taylor
base,178,4th Down,false,25,Tory Taylor
base,178,Blue Red Zone,false,25,Tory Taylor
base,178,Gold Red Zone,false,10,Tory Taylor
base,178,White Red Zone,false,1,Tory Taylor
base,178,Touchdown,false,1,Tory Taylor
base,179,,false,,Michael Penix Jr.
base,179,1st Down,false,100,Michael Penix Jr.
base,179,2nd Down,false,50,Michael Penix Jr.
base,179,Red Red Zone,false,50,Michael Penix Jr.
base,179,3rd Down,false,35,Michael Penix Jr.
base,179,4th Down,false,25,Michael Penix Jr.
base,179,Blue Red Zone,false,25,Michael Penix Jr.
base,179,Gold Red Zone,false,10,Michael Penix Jr.
base,179,White Red Zone,false,1,Michael Penix Jr.
base,179,Touchdown,false,1,Michael Penix Jr.
base,180,,false,,Michael Pratt
base,180,1st Down,false,100,Michael Pratt
base,180,2nd Down,false,50,Michael Pratt
base,180,Red Red Zone,false,50,Michael Pratt
base,180,3rd Down,false,35,Michael Pratt
base,180,4th Down,false,25,Michael Pratt
base,180,Blue Red Zone,false,25,Michael Pratt
base,180,Gold Red Zone,false,10,Michael Pratt
base,180,White Red Zone,false,1,Michael Pratt
base,180,Touchdown,false,1,Michael Pratt
base,181,,false,,Nate Wiggins
base,181,1st Down,false,100,Nate Wiggins
base,181,2nd Down,false,50,Nate Wiggins
base,181,Red Red Zone,false,50,Nate Wiggins
base,181,3rd Down,false,35,Nate Wiggins
base,181,4th Down,false,25,Nate Wiggins
base,181,Blue Red Zone,false,25,Nate Wiggins
base,181,Gold Red Zone,false,10,Nate Wiggins
base,181,White Red Zone,false,1,Nate Wiggins
base,181,Touchdown,false,1,Nate Wiggins
base,182,,false,,Quinyon Mitchell
base,182,1st Down,false,100,Quinyon Mitchell
base,182,2nd Down,false,50,Quinyon Mitchell
base,182,Red Red Zone,false,50,Quinyon Mitchell
base,182,3rd Down,false,35,Quinyon Mitchell
base,182,4th Down,false,25,Quinyon Mitchell
base,182,Blue Red Zone,false,25,Quinyon Mitchell
base,182,Gold Red Zone,false,10,Quinyon Mitchell
base,182,White Red Zone,false,1,Quinyon Mitchell
base,182,Touchdown,false,1,Quinyon Mitchell
base,183,,false,,Ray Davis
base,183,1st Down,false,100,Ray Davis
base,183,2nd Down,false,50,Ray Davis
base,183,Red Red Zone,false,50,Ray Davis
base,183,3rd Down,false,35,Ray Davis
base,183,4th Down,false,25,Ray Davis
base,183,Blue Red Zone,false,25,Ray Davis
base,183,Gold Red Zone,false,10,Ray Davis
base,183,White Red Zone,false,1,Ray Davis
base,183,Touchdown,false,1,Ray Davis
base,184,,false,,Ricky Pearsall
base,184,1st Down,false,100,Ricky Pearsall
base,184,2nd Down,false,50,Ricky Pearsall
base,184,Red Red Zone,false,50,Ricky Pearsall
base,184,3rd Down,false,35,Ricky Pearsall
base,184,4th Down,false,25,Ricky Pearsall
base,184,Blue Red Zone,false,25,Ricky Pearsall
base,184,Gold Red Zone,false,10,Ricky Pearsall
base,184,White Red Zone,false,1,Ricky Pearsall
base,184,Touchdown,false,1,Ricky Pearsall
base,185,,false,,Roman Wilson
base,185,1st Down,false,100,Roman Wilson
base,185,2nd Down,false,50,Roman Wilson
base,185,Red Red Zone,false,50,Roman Wilson
base,185,3rd Down,false,35,Roman Wilson
base,185,4th Down,false,25,Roman Wilson
base,185,Blue Red Zone,false,25,Roman Wilson
base,185,Gold Red Zone,false,10,Roman Wilson
base,185,White Red Zone,false,1,Roman Wilson
base,185,Touchdown,false,1,Roman Wilson
base,186,,false,,Rome Odunze
base,186,1st Down,false,100,Rome Odunze
base,186,2nd Down,false,50,Rome Odunze
base,186,Red Red Zone,false,50,Rome Odunze
base,186,3rd Down,false,35,Rome Odunze
base,186,4th Down,false,25,Rome Odunze
base,186,Blue Red Zone,false,25,Rome Odunze
base,186,Gold Red Zone,false,10,Rome Odunze
base,186,White Red Zone,false,1,Rome Odunze
base,186,Touchdown,false,1,Rome Odunze
base,187,,false,,Ruke Orhorhoro
base,187,1st Down,false,100,Ruke Orhorhoro
base,187,2nd Down,false,50,Ruke Orhorhoro
base,187,Red Red Zone,false,50,Ruke Orhorhoro
base,187,3rd Down,false,35,Ruke Orhorhoro
base,187,4th Down,false,25,Ruke Orhorhoro
base,187,Blue Red Zone,false,25,Ruke Orhorhoro
base,187,Gold Red Zone,false,10,Ruke Orhorhoro
base,187,White Red Zone,false,1,Ruke Orhorhoro
base,187,Touchdown,false,1,Ruke Orhorhoro
base,188,,false,,Ryan Flournoy
base,188,1st Down,false,100,Ryan Flournoy
base,188,2nd Down,false,50,Ryan Flournoy
base,188,Red Red Zone,false,50,Ryan Flournoy
base,188,3rd Down,false,35,Ryan Flournoy
base,188,4th Down,false,25,Ryan Flournoy
base,188,Blue Red Zone,false,25,Ryan Flournoy
base,188,Gold Red Zone,false,10,Ryan Flournoy
base,188,White Red Zone,false,1,Ryan Flournoy
base,188,Touchdown,false,1,Ryan Flournoy
base,189,,false,,Spencer Rattler
base,189,1st Down,false,100,Spencer Rattler
base,189,2nd Down,false,50,Spencer Rattler
base,189,Red Red Zone,false,50,Spencer Rattler
base,189,3rd Down,false,35,Spencer Rattler
base,189,4th Down,false,25,Spencer Rattler
base,189,Blue Red Zone,false,25,Spencer Rattler
base,189,Gold Red Zone,false,10,Spencer Rattler
base,189,White Red Zone,false,1,Spencer Rattler
base,189,Touchdown,false,1,Spencer Rattler
base,190,,false,,Terrion Arnold
base,190,1st Down,false,100,Terrion Arnold
base,190,2nd Down,false,50,Terrion Arnold
base,190,Red Red Zone,false,50,Terrion Arnold
base,190,3rd Down,false,35,Terrion Arnold
base,190,4th Down,false,25,Terrion Arnold
base,190,Blue Red Zone,false,25,Terrion Arnold
base,190,Gold Red Zone,false,10,Terrion Arnold
base,190,White Red Zone,false,1,Terrion Arnold
base,190,Touchdown,false,1,Terrion Arnold
base,191,,false,,Theo Johnson
base,191,1st Down,false,100,Theo Johnson
base,191,2nd Down,false,50,Theo Johnson
base,191,Red Red Zone,false,50,Theo Johnson
base,191,3rd Down,false,35,Theo Johnson
base,191,4th Down,false,25,Theo Johnson
base,191,Blue Red Zone,false,25,Theo Johnson
base,191,Gold Red Zone,false,10,Theo Johnson
base,191,White Red Zone,false,1,Theo Johnson
base,191,Touchdown,false,1,Theo Johnson
base,192,,false,,Tip Reiman
base,192,1st Down,false,100,Tip Reiman
base,192,2nd Down,false,50,Tip Reiman
base,192,Red Red Zone,false,50,Tip Reiman
base,192,3rd Down,false,35,Tip Reiman
base,192,4th Down,false,25,Tip Reiman
base,192,Blue Red Zone,false,25,Tip Reiman
base,192,Gold Red Zone,false,10,Tip Reiman
base,192,White Red Zone,false,1,Tip Reiman
base,192,Touchdown,false,1,Tip Reiman
base,193,,false,,Trey Benson
base,193,1st Down,false,100,Trey Benson
base,193,2nd Down,false,50,Trey Benson
base,193,Red Red Zone,false,50,Trey Benson
base,193,3rd Down,false,35,Trey Benson
base,193,4th Down,false,25,Trey Benson
base,193,Blue Red Zone,false,25,Trey Benson
base,193,Gold Red Zone,false,10,Trey Benson
base,193,White Red Zone,false,1,Trey Benson
base,193,Touchdown,false,1,Trey Benson
base,194,,false,,Troy Franklin
base,194,1st Down,false,100,Troy Franklin
base,194,2nd Down,false,50,Troy Franklin
base,194,Red Red Zone,false,50,Troy Franklin
base,194,3rd Down,false,35,Troy Franklin
base,194,4th Down,false,25,Troy Franklin
base,194,Blue Red Zone,false,25,Troy Franklin
base,194,Gold Red Zone,false,10,Troy Franklin
base,194,White Red Zone,false,1,Troy Franklin
base,194,Touchdown,false,1,Troy Franklin
base,195,,false,,T'Vondre Sweat
base,195,1st Down,false,100,T'Vondre Sweat
base,195,2nd Down,false,50,T'Vondre Sweat
base,195,Red Red Zone,false,50,T'Vondre Sweat
base,195,3rd Down,false,35,T'Vondre Sweat
base,195,4th Down,false,25,T'Vondre Sweat
base,195,Blue Red Zone,false,25,T'Vondre Sweat
base,195,Gold Red Zone,false,10,T'Vondre Sweat
base,195,White Red Zone,false,1,T'Vondre Sweat
base,195,Touchdown,false,1,T'Vondre Sweat
base,196,,false,,Tyler Nubin
base,196,1st Down,false,100,Tyler Nubin
base,196,2nd Down,false,50,Tyler Nubin
base,196,Red Red Zone,false,50,Tyler Nubin
base,196,3rd Down,false,35,Tyler Nubin
base,196,4th Down,false,25,Tyler Nubin
base,196,Blue Red Zone,false,25,Tyler Nubin
base,196,Gold Red Zone,false,10,Tyler Nubin
base,196,White Red Zone,false,1,Tyler Nubin
base,196,Touchdown,false,1,Tyler Nubin
base,197,,false,,Will Reichard
base,197,1st Down,false,100,Will Reichard
base,197,2nd Down,false,50,Will Reichard
base,197,Red Red Zone,false,50,Will Reichard
base,197,3rd Down,false,35,Will Reichard
base,197,4th Down,false,25,Will Reichard
base,197,Blue Red Zone,false,25,Will Reichard
base,197,Gold Red Zone,false,10,Will Reichard
base,197,White Red Zone,false,1,Will Reichard
base,197,Touchdown,false,1,Will Reichard
base,198,,false,,Will Shipley
base,198,1st Down,false,100,Will Shipley
base,198,2nd Down,false,50,Will Shipley
base,198,Red Red Zone,false,50,Will Shipley
base,198,3rd Down,false,35,Will Shipley
base,198,4th Down,false,25,Will Shipley
base,198,Blue Red Zone,false,25,Will Shipley
base,198,Gold Red Zone,false,10,Will Shipley
base,198,White Red Zone,false,1,Will Shipley
base,198,Touchdown,false,1,Will Shipley
base,199,,false,,Xavier Legette
base,199,1st Down,false,100,Xavier Legette
base,199,2nd Down,false,50,Xavier Legette
base,199,Red Red Zone,false,50,Xavier Legette
base,199,3rd Down,false,35,Xavier Legette
base,199,4th Down,false,25,Xavier Legette
base,199,Blue Red Zone,false,25,Xavier Legette
base,199,Gold Red Zone,false,10,Xavier Legette
base,199,White Red Zone,false,1,Xavier Legette
base,199,Touchdown,false,1,Xavier Legette
base,200,,false,,Xavier Worthy
base,200,1st Down,false,100,Xavier Worthy
base,200,2nd Down,false,50,Xavier Worthy
base,200,Red Red Zone,false,50,Xavier Worthy
base,200,3rd Down,false,35,Xavier Worthy
base,200,4th Down,false,25,Xavier Worthy
base,200,Blue Red Zone,false,25,Xavier Worthy
base,200,Gold Red Zone,false,10,Xavier Worthy
base,200,White Red Zone,false,1,Xavier Worthy
base,200,Touchdown,false,1,Xavier Worthy
auto-rookie-patch-autographs,201,,true,,Michael Penix Jr.
auto-rookie-patch-autographs,201,Red,true,50,Michael Penix Jr.
auto-rookie-patch-autographs,201,Blue,true,25,Michael Penix Jr.
auto-rookie-patch-autographs,201,Gold,true,10,Michael Penix Jr.
auto-rookie-patch-autographs,201,White,true,1,Michael Penix Jr.
auto-rookie-patch-autographs,202,,true,,J.J. McCarthy
auto-rookie-patch-autographs,202,Red,true,50,J.J. McCarthy
auto-rookie-patch-autographs,202,Blue,true,25,J.J. McCarthy
auto-rookie-patch-autographs,202,Gold,true,10,J.J. McCarthy
auto-rookie-patch-autographs,202,White,true,1,J.J. McCarthy
auto-rookie-patch-autographs,203,,true,,Spencer Rattler
auto-rookie-patch-autographs,203,Red,true,50,Spencer Rattler
auto-rookie-patch-autographs,203,Blue,true,25,Spencer Rattler
auto-rookie-patch-autographs,203,Gold,true,10,Spencer Rattler
auto-rookie-patch-autographs,203,White,true,1,Spencer Rattler
auto-rookie-patch-autographs,204,,true,,Joe Milton III
auto-rookie-patch-autographs,204,Red,true,50,Joe Milton III
auto-rookie-patch-autographs,204,Blue,true,25,Joe Milton III
auto-rookie-patch-autographs,204,Gold,true,10,Joe Milton III
auto-rookie-patch-autographs,204,White,true,1,Joe Milton III
auto-rookie-patch-autographs,205,,true,,Michael Pratt
auto-rookie-patch-autographs,205,Red,true,50,Michael Pratt
auto-rookie-patch-autographs,205,Blue,true,25,Michael Pratt
auto-rookie-patch-autographs,205,Gold,true,10,Michael Pratt
auto-rookie-patch-autographs,205,White,true,1,Michael Pratt
auto-rookie-patch-autographs,207,,true,,Rome Odunze
auto-rookie-patch-autographs,207,Red,true,50,Rome Odunze
auto-rookie-patch-autographs,207,Blue,true,25,Rome Odunze
auto-rookie-patch-autographs,207,Gold,true,10,Rome Odunze
auto-rookie-patch-autographs,207,White,true,1,Rome Odunze
auto-rookie-patch-autographs,208,,true,,Brian Thomas Jr.
auto-rookie-patch-autographs,208,Red,true,50,Brian Thomas Jr.
auto-rookie-patch-autographs,208,Blue,true,25,Brian Thomas Jr.
auto-rookie-patch-autographs,208,Gold,true,10,Brian Thomas Jr.
auto-rookie-patch-autographs,208,White,true,1,Brian Thomas Jr.
auto-rookie-patch-autographs,209,,true,,Ricky Pearsall
auto-rookie-patch-autographs,209,Red,true,50,Ricky Pearsall
auto-rookie-patch-autographs,209,Blue,true,25,Ricky Pearsall
auto-rookie-patch-autographs,209,Gold,true,10,Ricky Pearsall
auto-rookie-patch-autographs,209,White,true,1,Ricky Pearsall
auto-rookie-patch-autographs,210,,true,,Xavier Legette
auto-rookie-patch-autographs,210,Red,true,50,Xavier Legette
auto-rookie-patch-autographs,210,Blue,true,25,Xavier Legette
auto-rookie-patch-autographs,210,Gold,true,10,Xavier Legette
auto-rookie-patch-autographs,210,White,true,1,Xavier Legette
auto-rookie-patch-autographs,211,,true,,Keon Coleman
auto-rookie-patch-autographs,211,Red,true,50,Keon Coleman
auto-rookie-patch-autographs,211,Blue,true,25,Keon Coleman
auto-rookie-patch-autographs,211,Gold,true,10,Keon Coleman
auto-rookie-patch-autographs,211,White,true,1,Keon Coleman
auto-rookie-patch-autographs,212,,true,,Ladd McConkey
auto-rookie-patch-autographs,212,Red,true,50,Ladd McConkey
auto-rookie-patch-autographs,212,Blue,true,25,Ladd McConkey
auto-rookie-patch-autographs,212,Gold,true,10,Ladd McConkey
auto-rookie-patch-autographs,212,White,true,1,Ladd McConkey
auto-rookie-patch-autographs,213,,true,,Ja'Lynn Polk
auto-rookie-patch-autographs,213,Red,true,50,Ja'Lynn Polk
auto-rookie-patch-autographs,213,Blue,true,25,Ja'Lynn Polk
auto-rookie-patch-autographs,213,Gold,true,10,Ja'Lynn Polk
auto-rookie-patch-autographs,213,White,true,1,Ja'Lynn Polk
auto-rookie-patch-autographs,214,,true,,Adonai Mitchell
auto-rookie-patch-autographs,214,Red,true,50,Adonai Mitchell
auto-rookie-patch-autographs,214,Blue,true,25,Adonai Mitchell
auto-rookie-patch-autographs,214,Gold,true,10,Adonai Mitchell
auto-rookie-patch-autographs,214,White,true,1,Adonai Mitchell
auto-rookie-patch-autographs,215,,true,,Malachi Corley
auto-rookie-patch-autographs,215,Red,true,50,Malachi Corley
auto-rookie-patch-autographs,215,Blue,true,25,Malachi Corley
auto-rookie-patch-autographs,215,Gold,true,10,Malachi Corley
auto-rookie-patch-autographs,215,White,true,1,Malachi Corley
auto-rookie-patch-autographs,216,,true,,Roman Wilson
auto-rookie-patch-autographs,216,Red,true,50,Roman Wilson
auto-rookie-patch-autographs,216,Blue,true,25,Roman Wilson
auto-rookie-patch-autographs,216,Gold,true,10,Roman Wilson
auto-rookie-patch-autographs,216,White,true,1,Roman Wilson
auto-rookie-patch-autographs,217,,true,,Jalen McMillan
auto-rookie-patch-autographs,217,Red,true,50,Jalen McMillan
auto-rookie-patch-autographs,217,Blue,true,25,Jalen McMillan
auto-rookie-patch-autographs,217,Gold,true,10,Jalen McMillan
auto-rookie-patch-autographs,217,White,true,1,Jalen McMillan
auto-rookie-patch-autographs,218,,true,,Troy Franklin
auto-rookie-patch-autographs,218,Red,true,50,Troy Franklin
auto-rookie-patch-autographs,218,Blue,true,25,Troy Franklin
auto-rookie-patch-autographs,218,Gold,true,10,Troy Franklin
auto-rookie-patch-autographs,218,White,true,1,Troy Franklin
auto-rookie-patch-autographs,219,,true,,Brenden Rice
auto-rookie-patch-autographs,219,Red,true,50,Brenden Rice
auto-rookie-patch-autographs,219,Blue,true,25,Brenden Rice
auto-rookie-patch-autographs,219,Gold,true,10,Brenden Rice
auto-rookie-patch-autographs,219,White,true,1,Brenden Rice
auto-rookie-patch-autographs,220,,true,,Javon Baker
auto-rookie-patch-autographs,220,Red,true,50,Javon Baker
auto-rookie-patch-autographs,220,Blue,true,25,Javon Baker
auto-rookie-patch-autographs,220,Gold,true,10,Javon Baker
auto-rookie-patch-autographs,220,White,true,1,Javon Baker
auto-rookie-patch-autographs,221,,true,,Luke McCaffrey
auto-rookie-patch-autographs,221,Red,true,50,Luke McCaffrey
auto-rookie-patch-autographs,221,Blue,true,25,Luke McCaffrey
auto-rookie-patch-autographs,221,Gold,true,10,Luke McCaffrey
auto-rookie-patch-autographs,221,White,true,1,Luke McCaffrey
auto-rookie-patch-autographs,224,,true,,Anthony Gould
auto-rookie-patch-autographs,224,Red,true,50,Anthony Gould
auto-rookie-patch-autographs,224,Blue,true,25,Anthony Gould
auto-rookie-patch-autographs,224,Gold,true,10,Anthony Gould
auto-rookie-patch-autographs,224,White,true,1,Anthony Gould
auto-rookie-patch-autographs,225,,true,,Johnny Wilson
auto-rookie-patch-autographs,225,Red,true,50,Johnny Wilson
auto-rookie-patch-autographs,225,Blue,true,25,Johnny Wilson
auto-rookie-patch-autographs,225,Gold,true,10,Johnny Wilson
auto-rookie-patch-autographs,225,White,true,1,Johnny Wilson
auto-rookie-patch-autographs,226,,true,,Jonathon Brooks
auto-rookie-patch-autographs,226,Red,true,50,Jonathon Brooks
auto-rookie-patch-autographs,226,Blue,true,25,Jonathon Brooks
auto-rookie-patch-autographs,226,Gold,true,10,Jonathon Brooks
auto-rookie-patch-autographs,226,White,true,1,Jonathon Brooks
auto-rookie-patch-autographs,227,,true,,Trey Benson
auto-rookie-patch-autographs,227,Red,true,50,Trey Benson
auto-rookie-patch-autographs,227,Blue,true,25,Trey Benson
auto-rookie-patch-autographs,227,Gold,true,10,Trey Benson
auto-rookie-patch-autographs,227,White,true,1,Trey Benson
auto-rookie-patch-autographs,228,,true,,Blake Corum
auto-rookie-patch-autographs,228,Red,true,50,Blake Corum
auto-rookie-patch-autographs,228,Blue,true,25,Blake Corum
auto-rookie-patch-autographs,228,Gold,true,10,Blake Corum
auto-rookie-patch-autographs,228,White,true,1,Blake Corum
auto-rookie-patch-autographs,230,,true,,Audric Estime
auto-rookie-patch-autographs,230,Red,true,50,Audric Estime
auto-rookie-patch-autographs,230,Blue,true,25,Audric Estime
auto-rookie-patch-autographs,230,Gold,true,10,Audric Estime
auto-rookie-patch-autographs,230,White,true,1,Audric Estime
auto-rookie-patch-autographs,231,,true,,Ja'Tavion Sanders
auto-rookie-patch-autographs,231,Red,true,50,Ja'Tavion Sanders
auto-rookie-patch-autographs,231,Blue,true,25,Ja'Tavion Sanders
auto-rookie-patch-autographs,231,Gold,true,10,Ja'Tavion Sanders
auto-rookie-patch-autographs,231,White,true,1,Ja'Tavion Sanders
auto-rookie-patch-autographs,232,,true,,Jordan Travis
auto-rookie-patch-autographs,232,Red,true,50,Jordan Travis
auto-rookie-patch-autographs,232,Blue,true,25,Jordan Travis
auto-rookie-patch-autographs,232,Gold,true,10,Jordan Travis
auto-rookie-patch-autographs,232,White,true,1,Jordan Travis
auto-rookie-patch-autographs,233,,true,,MarShawn Lloyd
auto-rookie-patch-autographs,233,Red,true,50,MarShawn Lloyd
auto-rookie-patch-autographs,233,Blue,true,25,MarShawn Lloyd
auto-rookie-patch-autographs,233,Gold,true,10,MarShawn Lloyd
auto-rookie-patch-autographs,233,White,true,1,MarShawn Lloyd
auto-rookie-patch-autographs,234,,true,,Braelon Allen
auto-rookie-patch-autographs,234,Red,true,50,Braelon Allen
auto-rookie-patch-autographs,234,Blue,true,25,Braelon Allen
auto-rookie-patch-autographs,234,Gold,true,10,Braelon Allen
auto-rookie-patch-autographs,234,White,true,1,Braelon Allen
auto-rookie-patch-autographs,235,,true,,Bucky Irving
auto-rookie-patch-autographs,235,Red,true,50,Bucky Irving
auto-rookie-patch-autographs,235,Blue,true,25,Bucky Irving
auto-rookie-patch-autographs,235,Gold,true,10,Bucky Irving
auto-rookie-patch-autographs,235,White,true,1,Bucky Irving
auto-rookie-patch-autographs,236,,true,,Will Shipley
auto-rookie-patch-autographs,236,Red,true,50,Will Shipley
auto-rookie-patch-autographs,236,Blue,true,25,Will Shipley
auto-rookie-patch-autographs,236,Gold,true,10,Will Shipley
auto-rookie-patch-autographs,236,White,true,1,Will Shipley
auto-rookie-patch-autographs,237,,true,,Laiatu Latu
auto-rookie-patch-autographs,237,Red,true,50,Laiatu Latu
auto-rookie-patch-autographs,237,Blue,true,25,Laiatu Latu
auto-rookie-patch-autographs,237,Gold,true,10,Laiatu Latu
auto-rookie-patch-autographs,237,White,true,1,Laiatu Latu
auto-rookie-patch-autographs,238,,true,,Dallas Turner
auto-rookie-patch-autographs,238,Red,true,50,Dallas Turner
auto-rookie-patch-autographs,238,Blue,true,25,Dallas Turner
auto-rookie-patch-autographs,238,Gold,true,10,Dallas Turner
auto-rookie-patch-autographs,238,White,true,1,Dallas Turner
auto-rookie-patch-autographs,239,,true,,Ben Sinnott
auto-rookie-patch-autographs,239,Red,true,50,Ben Sinnott
auto-rookie-patch-autographs,239,Blue,true,25,Ben Sinnott
auto-rookie-patch-autographs,239,Gold,true,10,Ben Sinnott
auto-rookie-patch-autographs,239,White,true,1,Ben Sinnott
auto-rookie-patch-autographs,240,,true,,Cade Stover
auto-rookie-patch-autographs,240,Red,true,50,Cade Stover
auto-rookie-patch-autographs,240,Blue,true,25,Cade Stover
auto-rookie-patch-autographs,240,Gold,true,10,Cade Stover
auto-rookie-patch-autographs,240,White,true,1,Cade Stover
auto-rookie-patch-autographs,241,,true,,Ray Davis
auto-rookie-patch-autographs,241,Red,true,50,Ray Davis
auto-rookie-patch-autographs,241,Blue,true,25,Ray Davis
auto-rookie-patch-autographs,241,Gold,true,10,Ray Davis
auto-rookie-patch-autographs,241,White,true,1,Ray Davis
auto-rookie-patch-autographs,242,,true,,Isaac Guerendo
auto-rookie-patch-autographs,242,Red,true,50,Isaac Guerendo
auto-rookie-patch-autographs,242,Blue,true,25,Isaac Guerendo
auto-rookie-patch-autographs,242,Gold,true,10,Isaac Guerendo
auto-rookie-patch-autographs,242,White,true,1,Isaac Guerendo
base,1,Base Autographs Two Minute Drill,true,,Kyler Murray
base,2,Base Autographs Two Minute Drill,true,,Michael Wilson
base,3,Base Autographs Two Minute Drill,true,,Aeneas Williams
base,4,Base Autographs Two Minute Drill,true,,Kirk Cousins
base,6,Base Autographs Two Minute Drill,true,,Michael Vick
base,9,Base Autographs Two Minute Drill,true,,Ray Lewis
base,12,Base Autographs Two Minute Drill,true,,Thurman Thomas
base,14,Base Autographs Two Minute Drill,true,,Diontae Johnson
base,15,Base Autographs Two Minute Drill,true,,Julius Peppers
base,17,Base Autographs Two Minute Drill,true,,DJ Moore
base,18,Base Autographs Two Minute Drill,true,,Brian Urlacher
base,21,Base Autographs Two Minute Drill,true,,Boomer Esiason
base,24,Base Autographs Two Minute Drill,true,,Johnny Manziel
base,28,Base Autographs Two Minute Drill,true,,Michael Irvin
base,30,Base Autographs Two Minute Drill,true,,Javonte Williams
base,31,Base Autographs Two Minute Drill,true,,John Elway
base,34,Base Autographs Two Minute Drill,true,,Barry Sanders
base,35,Base Autographs Two Minute Drill,true,,Jordan Love
base,37,Base Autographs Two Minute Drill,true,,Brett Favre
base,42,Base Autographs Two Minute Drill,true,,Josh Downs
base,43,Base Autographs Two Minute Drill,true,,Peyton Manning
base,44,Base Autographs Two Minute Drill,true,,Trevor Lawrence
base,53,Base Autographs Two Minute Drill,true,,Bo Jackson
base,54,Base Autographs Two Minute Drill,true,,Justin Herbert
base,56,Base Autographs Two Minute Drill,true,,Jim Harbaugh
base,59,Base Autographs Two Minute Drill,true,,Eric Dickerson
base,60,Base Autographs Two Minute Drill,true,,Tyreek Hill
base,62,Base Autographs Two Minute Drill,true,,Dan Marino
base,63,Base Autographs Two Minute Drill,true,,Justin Jefferson
base,65,Base Autographs Two Minute Drill,true,,Adrian Peterson
base,68,Base Autographs Two Minute Drill,true,,Adam Vinatieri
base,69,Base Autographs Two Minute Drill,true,,Derek Carr
base,71,Base Autographs Two Minute Drill,true,,Drew Brees
base,74,Base Autographs Two Minute Drill,true,,Eli Manning
base,75,Base Autographs Two Minute Drill,true,,Aaron Rodgers
base,77,Base Autographs Two Minute Drill,true,,Garrett Wilson
base,78,Base Autographs Two Minute Drill,true,,Vinny Testaverde
base,79,Base Autographs Two Minute Drill,true,,Jalen Hurts
base,86,Base Autographs Two Minute Drill,true,,Hines Ward
base,87,Base Autographs Two Minute Drill,true,,Brock Purdy
base,90,Base Autographs Two Minute Drill,true,,Steve Young
base,92,Base Autographs Two Minute Drill,true,,Tyler Lockett
base,93,Base Autographs Two Minute Drill,true,,Richard Sherman
base,94,Base Autographs Two Minute Drill,true,,Baker Mayfield
base,95,Base Autographs Two Minute Drill,true,,John Lynch
base,97,Base Autographs Two Minute Drill,true,,Eddie George
base,98,Base Autographs Two Minute Drill,true,,Terry McLaurin
base,99,Base Autographs Two Minute Drill,true,,Austin Ekeler
base,100,Base Autographs Two Minute Drill,true,,Gary Clark
base,2,Base Autographs Red Zone,true,,Michael Wilson
base,6,Base Autographs Red Zone,true,,Michael Vick
base,14,Base Autographs Red Zone,true,,Diontae Johnson
base,17,Base Autographs Red Zone,true,,DJ Moore
base,21,Base Autographs Red Zone,true,,Boomer Esiason
base,24,Base Autographs Red Zone,true,,Johnny Manziel
base,30,Base Autographs Red Zone,true,,Javonte Williams
base,42,Base Autographs Red Zone,true,,Josh Downs
base,56,Base Autographs Red Zone,true,,Jim Harbaugh
base,59,Base Autographs Red Zone,true,,Eric Dickerson
base,78,Base Autographs Red Zone,true,,Vinny Testaverde
base,82,Base Autographs Red Zone,true,,Brian Mitchell
base,86,Base Autographs Red Zone,true,,Hines Ward
base,95,Base Autographs Red Zone,true,,John Lynch
base,98,Base Autographs Red Zone,true,,Terry McLaurin
base,99,Base Autographs Red Zone,true,,Austin Ekeler
base,100,Base Autographs Red Zone,true,,Gary Clark
base,1,Base Autographs Red Red Zone,true,,Kyler Murray
base,2,Base Autographs Red Red Zone,true,,Michael Wilson
base,6,Base Autographs Red Red Zone,true,,Michael Vick
base,15,Base Autographs Red Red Zone,true,,Julius Peppers
base,17,Base Autographs Red Red Zone,true,,DJ Moore
base,18,Base Autographs Red Red Zone,true,,Brian Urlacher
base,21,Base Autographs Red Red Zone,true,,Boomer Esiason
base,24,Base Autographs Red Red Zone,true,,Johnny Manziel
base,30,Base Autographs Red Red Zone,true,,Javonte Williams
base,37,Base Autographs Red Red Zone,true,,Brett Favre
base,42,Base Autographs Red Red Zone,true,,Josh Downs
base,54,Base Autographs Red Red Zone,true,,Justin Herbert
base,56,Base Autographs Red Red Zone,true,,Jim Harbaugh
base,59,Base Autographs Red Red Zone,true,,Eric Dickerson
base,65,Base Autographs Red Red Zone,true,,Adrian Peterson
base,68,Base Autographs Red Red Zone,true,,Adam Vinatieri
base,71,Base Autographs Red Red Zone,true,,Drew Brees
base,74,Base Autographs Red Red Zone,true,,Eli Manning
base,77,Base Autographs Red Red Zone,true,,Garrett Wilson
base,78,Base Autographs Red Red Zone,true,,Vinny Testaverde
base,82,Base Autographs Red Red Zone,true,,Brian Mitchell
base,86,Base Autographs Red Red Zone,true,,Hines Ward
base,87,Base Autographs Red Red Zone,true,,Brock Purdy
base,90,Base Autographs Red Red Zone,true,,Steve Young
base,93,Base Autographs Red Red Zone,true,,Richard Sherman
base,95,Base Autographs Red Red Zone,true,,John Lynch
base,97,Base Autographs Red Red Zone,true,,Eddie George
base,98,Base Autographs Red Red Zone,true,,Terry McLaurin
base,99,Base Autographs Red Red Zone,true,,Austin Ekeler
base,100,Base Autographs Red Red Zone,true,,Gary Clark
auto-contenders-optic-rookie-ticket-rps-preview,2,Blue,true,,J.J. McCarthy
auto-contenders-optic-rookie-ticket-rps-preview,2,Green,true,24,J.J. McCarthy
auto-contenders-optic-rookie-ticket-rps-preview,2,Red,true,24,J.J. McCarthy
auto-contenders-optic-rookie-ticket-rps-preview,3,Blue,true,,Spencer Rattler
auto-contenders-optic-rookie-ticket-rps-preview,3,Green,true,24,Spencer Rattler
auto-contenders-optic-rookie-ticket-rps-preview,3,Red,true,24,Spencer Rattler
auto-contenders-optic-rookie-ticket-rps-preview,4,Blue,true,,Joe Milton III
auto-contenders-optic-rookie-ticket-rps-preview,4,Green,true,24,Joe Milton III
auto-contenders-optic-rookie-ticket-rps-preview,4,Red,true,24,Joe Milton III
auto-contenders-optic-rookie-ticket-rps-preview,5,Blue,true,,Michael Pratt
auto-contenders-optic-rookie-ticket-rps-preview,5,Green,true,24,Michael Pratt
auto-contenders-optic-rookie-ticket-rps-preview,5,Red,true,24,Michael Pratt
auto-contenders-optic-rookie-ticket-rps-preview,7,Blue,true,,Rome Odunze
auto-contenders-optic-rookie-ticket-rps-preview,7,Green,true,24,Rome Odunze
auto-contenders-optic-rookie-ticket-rps-preview,7,Red,true,24,Rome Odunze
auto-contenders-optic-rookie-ticket-rps-preview,8,Blue,true,,Brian Thomas Jr.
auto-contenders-optic-rookie-ticket-rps-preview,8,Green,true,24,Brian Thomas Jr.
auto-contenders-optic-rookie-ticket-rps-preview,8,Red,true,24,Brian Thomas Jr.
auto-contenders-optic-rookie-ticket-rps-preview,9,Blue,true,,Ricky Pearsall
auto-contenders-optic-rookie-ticket-rps-preview,9,Green,true,24,Ricky Pearsall
auto-contenders-optic-rookie-ticket-rps-preview,9,Red,true,24,Ricky Pearsall
auto-contenders-optic-rookie-ticket-rps-preview,10,Blue,true,,Xavier Legette
auto-contenders-optic-rookie-ticket-rps-preview,10,Green,true,24,Xavier Legette
auto-contenders-optic-rookie-ticket-rps-preview,10,Red,true,24,Xavier Legette
auto-contenders-optic-rookie-ticket-rps-preview,11,Blue,true,,Keon Coleman
auto-contenders-optic-rookie-ticket-rps-preview,11,Green,true,24,Keon Coleman
auto-contenders-optic-rookie-ticket-rps-preview,11,Red,true,24,Keon Coleman
auto-contenders-optic-rookie-ticket-rps-preview,12,Blue,true,,Ladd McConkey
auto-contenders-optic-rookie-ticket-rps-preview,12,Green,true,24,Ladd McConkey
auto-contenders-optic-rookie-ticket-rps-preview,12,Red,true,24,Ladd McConkey
auto-contenders-optic-rookie-ticket-rps-preview,13,Blue,true,,Ja'Lynn Polk
auto-contenders-optic-rookie-ticket-rps-preview,13,Green,true,24,Ja'Lynn Polk
auto-contenders-optic-rookie-ticket-rps-preview,13,Red,true,24,Ja'Lynn Polk
auto-contenders-optic-rookie-ticket-rps-preview,14,Blue,true,,Adonai Mitchell
auto-contenders-optic-rookie-ticket-rps-preview,14,Green,true,24,Adonai Mitchell
auto-contenders-optic-rookie-ticket-rps-preview,14,Red,true,24,Adonai Mitchell
auto-contenders-optic-rookie-ticket-rps-preview,15,Blue,true,,Malachi Corley
auto-contenders-optic-rookie-ticket-rps-preview,15,Green,true,24,Malachi Corley
auto-contenders-optic-rookie-ticket-rps-preview,15,Red,true,24,Malachi Corley
auto-contenders-optic-rookie-ticket-rps-preview,16,Blue,true,,Roman Wilson
auto-contenders-optic-rookie-ticket-rps-preview,16,Green,true,24,Roman Wilson
auto-contenders-optic-rookie-ticket-rps-preview,16,Red,true,24,Roman Wilson
auto-contenders-optic-rookie-ticket-rps-preview,17,Blue,true,,Jalen McMillan
auto-contenders-optic-rookie-ticket-rps-preview,17,Green,true,24,Jalen McMillan
auto-contenders-optic-rookie-ticket-rps-preview,17,Red,true,24,Jalen McMillan
auto-contenders-optic-rookie-ticket-rps-preview,18,Blue,true,,Troy Franklin
auto-contenders-optic-rookie-ticket-rps-preview,18,Green,true,24,Troy Franklin
auto-contenders-optic-rookie-ticket-rps-preview,18,Red,true,24,Troy Franklin
auto-contenders-optic-rookie-ticket-rps-preview,19,Blue,true,,Brenden Rice
auto-contenders-optic-rookie-ticket-rps-preview,19,Green,true,24,Brenden Rice
auto-contenders-optic-rookie-ticket-rps-preview,19,Red,true,24,Brenden Rice
auto-contenders-optic-rookie-ticket-rps-preview,20,Blue,true,,Javon Baker
auto-contenders-optic-rookie-ticket-rps-preview,20,Green,true,24,Javon Baker
auto-contenders-optic-rookie-ticket-rps-preview,20,Red,true,24,Javon Baker
auto-contenders-optic-rookie-ticket-rps-preview,21,Blue,true,,Luke McCaffrey
auto-contenders-optic-rookie-ticket-rps-preview,21,Green,true,24,Luke McCaffrey
auto-contenders-optic-rookie-ticket-rps-preview,21,Red,true,24,Luke McCaffrey
auto-contenders-optic-rookie-ticket-rps-preview,24,Blue,true,,Anthony Gould
auto-contenders-optic-rookie-ticket-rps-preview,24,Green,true,24,Anthony Gould
auto-contenders-optic-rookie-ticket-rps-preview,24,Red,true,24,Anthony Gould
auto-contenders-optic-rookie-ticket-rps-preview,25,Blue,true,,Johnny Wilson
auto-contenders-optic-rookie-ticket-rps-preview,25,Green,true,24,Johnny Wilson
auto-contenders-optic-rookie-ticket-rps-preview,25,Red,true,24,Johnny Wilson
auto-contenders-optic-rookie-ticket-rps-preview,26,Blue,true,,Jonathon Brooks
auto-contenders-optic-rookie-ticket-rps-preview,26,Green,true,24,Jonathon Brooks
auto-contenders-optic-rookie-ticket-rps-preview,26,Red,true,24,Jonathon Brooks
auto-contenders-optic-rookie-ticket-rps-preview,27,Blue,true,,Trey Benson
auto-contenders-optic-rookie-ticket-rps-preview,27,Green,true,24,Trey Benson
auto-contenders-optic-rookie-ticket-rps-preview,27,Red,true,24,Trey Benson
auto-contenders-optic-rookie-ticket-rps-preview,28,Blue,true,,Blake Corum
auto-contenders-optic-rookie-ticket-rps-preview,28,Green,true,24,Blake Corum
auto-contenders-optic-rookie-ticket-rps-preview,28,Red,true,24,Blake Corum
auto-contenders-optic-rookie-ticket-rps-preview,30,Blue,true,,Audric Estime
auto-contenders-optic-rookie-ticket-rps-preview,30,Green,true,24,Audric Estime
auto-contenders-optic-rookie-ticket-rps-preview,30,Red,true,24,Audric Estime
auto-contenders-optic-rookie-ticket-rps-preview,31,Blue,true,,Ja'Tavion Sanders
auto-contenders-optic-rookie-ticket-rps-preview,31,Green,true,24,Ja'Tavion Sanders
auto-contenders-optic-rookie-ticket-rps-preview,31,Red,true,24,Ja'Tavion Sanders
auto-contenders-optic-rookie-ticket-rps-preview,32,Blue,true,,Jordan Travis
auto-contenders-optic-rookie-ticket-rps-preview,32,Green,true,24,Jordan Travis
auto-contenders-optic-rookie-ticket-rps-preview,32,Red,true,24,Jordan Travis
auto-contenders-optic-rookie-ticket-rps-preview,33,Blue,true,,MarShawn Lloyd
auto-contenders-optic-rookie-ticket-rps-preview,33,Green,true,24,MarShawn Lloyd
auto-contenders-optic-rookie-ticket-rps-preview,33,Red,true,24,MarShawn Lloyd
auto-contenders-optic-rookie-ticket-rps-preview,34,Blue,true,,Braelon Allen
auto-contenders-optic-rookie-ticket-rps-preview,34,Green,true,24,Braelon Allen
auto-contenders-optic-rookie-ticket-rps-preview,34,Red,true,24,Braelon Allen
auto-contenders-optic-rookie-ticket-rps-preview,35,Blue,true,,Bucky Irving
auto-contenders-optic-rookie-ticket-rps-preview,35,Green,true,24,Bucky Irving
auto-contenders-optic-rookie-ticket-rps-preview,35,Red,true,24,Bucky Irving
auto-contenders-optic-rookie-ticket-rps-preview,36,Blue,true,,Will Shipley
auto-contenders-optic-rookie-ticket-rps-preview,36,Green,true,24,Will Shipley
auto-contenders-optic-rookie-ticket-rps-preview,36,Red,true,24,Will Shipley
auto-contenders-optic-rookie-ticket-rps-preview,38,Blue,true,,Dallas Turner
auto-contenders-optic-rookie-ticket-rps-preview,38,Green,true,24,Dallas Turner
auto-contenders-optic-rookie-ticket-rps-preview,38,Red,true,24,Dallas Turner
auto-contenders-optic-rookie-ticket-rps-preview,39,Blue,true,,Ben Sinnott
auto-contenders-optic-rookie-ticket-rps-preview,39,Green,true,24,Ben Sinnott
auto-contenders-optic-rookie-ticket-rps-preview,39,Red,true,24,Ben Sinnott
auto-contenders-optic-rookie-ticket-rps-preview,40,Blue,true,,Cade Stover
auto-contenders-optic-rookie-ticket-rps-preview,40,Green,true,24,Cade Stover
auto-contenders-optic-rookie-ticket-rps-preview,40,Red,true,24,Cade Stover
auto-contenders-optic-rookie-ticket-rps-preview,41,Blue,true,,Ray Davis
auto-contenders-optic-rookie-ticket-rps-preview,41,Green,true,24,Ray Davis
auto-contenders-optic-rookie-ticket-rps-preview,41,Red,true,24,Ray Davis
auto-contenders-optic-rookie-ticket-rps-preview,42,Blue,true,,Isaac Guerendo
auto-contenders-optic-rookie-ticket-rps-preview,42,Green,true,24,Isaac Guerendo
auto-contenders-optic-rookie-ticket-rps-preview,42,Red,true,24,Isaac Guerendo
auto-contenders-optic-rookie-ticket-rps-preview,2,Variation,true,,J.J. McCarthy
auto-contenders-optic-rookie-ticket-rps-preview,3,Variation,true,,Spencer Rattler
auto-contenders-optic-rookie-ticket-rps-preview,4,Variation,true,,Joe Milton III
auto-contenders-optic-rookie-ticket-rps-preview,5,Variation,true,,Michael Pratt
auto-contenders-optic-rookie-ticket-rps-preview,7,Variation,true,,Rome Odunze
auto-contenders-optic-rookie-ticket-rps-preview,8,Variation,true,,Brian Thomas Jr.
auto-contenders-optic-rookie-ticket-rps-preview,9,Variation,true,,Ricky Pearsall
auto-contenders-optic-rookie-ticket-rps-preview,10,Variation,true,,Xavier Legette
auto-contenders-optic-rookie-ticket-rps-preview,11,Variation,true,,Keon Coleman
auto-contenders-optic-rookie-ticket-rps-preview,12,Variation,true,,Ladd McConkey
auto-contenders-optic-rookie-ticket-rps-preview,13,Variation,true,,Ja'Lynn Polk
auto-contenders-optic-rookie-ticket-rps-preview,14,Variation,true,,Adonai Mitchell
auto-contenders-optic-rookie-ticket-rps-preview,15,Variation,true,,Malachi Corley
auto-contenders-optic-rookie-ticket-rps-preview,16,Variation,true,,Roman Wilson
auto-contenders-optic-rookie-ticket-rps-preview,17,Variation,true,,Jalen McMillan
auto-contenders-optic-rookie-ticket-rps-preview,18,Variation,true,,Troy Franklin
auto-contenders-optic-rookie-ticket-rps-preview,19,Variation,true,,Brenden Rice
auto-contenders-optic-rookie-ticket-rps-preview,20,Variation,true,,Javon Baker
auto-contenders-optic-rookie-ticket-rps-preview,21,Variation,true,,Luke McCaffrey
auto-contenders-optic-rookie-ticket-rps-preview,24,Variation,true,,Anthony Gould
auto-contenders-optic-rookie-ticket-rps-preview,25,Variation,true,,Johnny Wilson
auto-contenders-optic-rookie-ticket-rps-preview,26,Variation,true,,Jonathon Brooks
auto-contenders-optic-rookie-ticket-rps-preview,27,Variation,true,,Trey Benson
auto-contenders-optic-rookie-ticket-rps-preview,28,Variation,true,,Blake Corum
auto-contenders-optic-rookie-ticket-rps-preview,30,Variation,true,,Audric Estime
auto-contenders-optic-rookie-ticket-rps-preview,31,Variation,true,,Ja'Tavion Sanders
auto-contenders-optic-rookie-ticket-rps-preview,32,Variation,true,,Jordan Travis
auto-contenders-optic-rookie-ticket-rps-preview,33,Variation,true,,MarShawn Lloyd
auto-contenders-optic-rookie-ticket-rps-preview,34,Variation,true,,Braelon Allen
auto-contenders-optic-rookie-ticket-rps-preview,35,Variation,true,,Bucky Irving
auto-contenders-optic-rookie-ticket-rps-preview,36,Variation,true,,Will Shipley
auto-contenders-optic-rookie-ticket-rps-preview,38,Variation,true,,Dallas Turner
auto-contenders-optic-rookie-ticket-rps-preview,39,Variation,true,,Ben Sinnott
auto-contenders-optic-rookie-ticket-rps-preview,40,Variation,true,,Cade Stover
auto-contenders-optic-rookie-ticket-rps-preview,41,Variation,true,,Ray Davis
auto-contenders-optic-rookie-ticket-rps-preview,42,Variation,true,,Isaac Guerendo
auto-contenders-optic-veteran-ticket-preview,1,Blue,true,,Justin Herbert
auto-contenders-optic-veteran-ticket-preview,1,Green,true,24,Justin Herbert
auto-contenders-optic-veteran-ticket-preview,1,Red,true,24,Justin Herbert
auto-contenders-optic-veteran-ticket-preview,2,Blue,true,,Jordan Love
auto-contenders-optic-veteran-ticket-preview,2,Green,true,24,Jordan Love
auto-contenders-optic-veteran-ticket-preview,2,Red,true,24,Jordan Love
auto-contenders-optic-veteran-ticket-preview,3,Blue,true,,Jalen Hurts
auto-contenders-optic-veteran-ticket-preview,3,Green,true,24,Jalen Hurts
auto-contenders-optic-veteran-ticket-preview,3,Red,true,24,Jalen Hurts
auto-contenders-optic-veteran-ticket-preview,4,Blue,true,,Steven Jackson
auto-contenders-optic-veteran-ticket-preview,4,Green,true,24,Steven Jackson
auto-contenders-optic-veteran-ticket-preview,4,Red,true,24,Steven Jackson
auto-contenders-optic-veteran-ticket-preview,5,Blue,true,,Kurt Warner
auto-contenders-optic-veteran-ticket-preview,5,Green,true,24,Kurt Warner
auto-contenders-optic-veteran-ticket-preview,5,Red,true,24,Kurt Warner
auto-contenders-optic-veteran-ticket-preview,6,Blue,true,,Mike Alstott
auto-contenders-optic-veteran-ticket-preview,6,Green,true,24,Mike Alstott
auto-contenders-optic-veteran-ticket-preview,6,Red,true,24,Mike Alstott
auto-contenders-optic-veteran-ticket-preview,7,Blue,true,,Justin Tucker
auto-contenders-optic-veteran-ticket-preview,7,Green,true,24,Justin Tucker
auto-contenders-optic-veteran-ticket-preview,7,Red,true,24,Justin Tucker
auto-contenders-optic-veteran-ticket-preview,8,Blue,true,,T.J. Houshmandzadeh
auto-contenders-optic-veteran-ticket-preview,8,Green,true,24,T.J. Houshmandzadeh
auto-contenders-optic-veteran-ticket-preview,8,Red,true,24,T.J. Houshmandzadeh
auto-contenders-optic-veteran-ticket-preview,9,Blue,true,,Richard Sherman
auto-contenders-optic-veteran-ticket-preview,9,Green,true,24,Richard Sherman
auto-contenders-optic-veteran-ticket-preview,9,Red,true,24,Richard Sherman
auto-contenders-optic-veteran-ticket-preview,10,Blue,true,,Julius Peppers
auto-contenders-optic-veteran-ticket-preview,10,Green,true,24,Julius Peppers
auto-contenders-optic-veteran-ticket-preview,10,Red,true,24,Julius Peppers
auto-contenders-optic-veteran-ticket-preview,11,Blue,true,,Jameis Winston
auto-contenders-optic-veteran-ticket-preview,11,Green,true,24,Jameis Winston
auto-contenders-optic-veteran-ticket-preview,11,Red,true,24,Jameis Winston
auto-contenders-optic-veteran-ticket-preview,12,Blue,true,,DeMarcus Ware
auto-contenders-optic-veteran-ticket-preview,12,Green,true,24,DeMarcus Ware
auto-contenders-optic-veteran-ticket-preview,12,Red,true,24,DeMarcus Ware
auto-contenders-optic-veteran-ticket-preview,13,Blue,true,,Rich Gannon
auto-contenders-optic-veteran-ticket-preview,13,Green,true,24,Rich Gannon
auto-contenders-optic-veteran-ticket-preview,13,Red,true,24,Rich Gannon
auto-contenders-optic-veteran-ticket-preview,14,Blue,true,,Richard Seymour
auto-contenders-optic-veteran-ticket-preview,14,Green,true,24,Richard Seymour
auto-contenders-optic-veteran-ticket-preview,14,Red,true,24,Richard Seymour
auto-contenders-optic-veteran-ticket-preview,15,Blue,true,,Golden Tate III
auto-contenders-optic-veteran-ticket-preview,15,Green,true,24,Golden Tate III
auto-contenders-optic-veteran-ticket-preview,15,Red,true,24,Golden Tate III
auto-contenders-optic-veteran-ticket-preview,16,Blue,true,,Vince Young
auto-contenders-optic-veteran-ticket-preview,16,Green,true,24,Vince Young
auto-contenders-optic-veteran-ticket-preview,16,Red,true,24,Vince Young
auto-high-point-signatures,1,,true,,CeeDee Lamb
auto-high-point-signatures,1,Spokes,true,25,CeeDee Lamb
auto-high-point-signatures,1,Lightning,true,10,CeeDee Lamb
auto-high-point-signatures,1,Kaboom,true,1,CeeDee Lamb
auto-high-point-signatures,2,,true,,Dwayne Bowe
auto-high-point-signatures,2,Spokes,true,25,Dwayne Bowe
auto-high-point-signatures,2,Lightning,true,10,Dwayne Bowe
auto-high-point-signatures,2,Kaboom,true,1,Dwayne Bowe
auto-high-point-signatures,3,,true,,Kellen Winslow
auto-high-point-signatures,3,Spokes,true,25,Kellen Winslow
auto-high-point-signatures,3,Lightning,true,10,Kellen Winslow
auto-high-point-signatures,3,Kaboom,true,1,Kellen Winslow
auto-high-point-signatures,4,,true,,John Jefferson
auto-high-point-signatures,4,Spokes,true,25,John Jefferson
auto-high-point-signatures,4,Lightning,true,10,John Jefferson
auto-high-point-signatures,4,Kaboom,true,1,John Jefferson
auto-high-point-signatures,5,,true,,Terrell Owens
auto-high-point-signatures,5,Spokes,true,25,Terrell Owens
auto-high-point-signatures,5,Lightning,true,10,Terrell Owens
auto-high-point-signatures,5,Kaboom,true,1,Terrell Owens
auto-high-point-signatures,6,,true,,George Kittle
auto-high-point-signatures,6,Spokes,true,25,George Kittle
auto-high-point-signatures,6,Lightning,true,10,George Kittle
auto-high-point-signatures,6,Kaboom,true,1,George Kittle
auto-high-point-signatures,7,,true,,Rick Upchurch
auto-high-point-signatures,7,Spokes,true,25,Rick Upchurch
auto-high-point-signatures,7,Lightning,true,10,Rick Upchurch
auto-high-point-signatures,7,Kaboom,true,1,Rick Upchurch
auto-high-point-signatures,8,,true,,Vance Johnson
auto-high-point-signatures,8,Spokes,true,25,Vance Johnson
auto-high-point-signatures,8,Lightning,true,10,Vance Johnson
auto-high-point-signatures,8,Kaboom,true,1,Vance Johnson
auto-high-point-signatures,9,,true,,Yancey Thigpen
auto-high-point-signatures,9,Spokes,true,25,Yancey Thigpen
auto-high-point-signatures,9,Lightning,true,10,Yancey Thigpen
auto-high-point-signatures,9,Kaboom,true,1,Yancey Thigpen
auto-high-point-signatures,10,,true,,Ozzie Newsome
auto-high-point-signatures,10,Spokes,true,25,Ozzie Newsome
auto-high-point-signatures,10,Lightning,true,10,Ozzie Newsome
auto-high-point-signatures,10,Kaboom,true,1,Ozzie Newsome
auto-high-point-signatures,12,,true,,Mike Quick
auto-high-point-signatures,12,Spokes,true,25,Mike Quick
auto-high-point-signatures,12,Lightning,true,10,Mike Quick
auto-high-point-signatures,12,Kaboom,true,1,Mike Quick
auto-high-point-signatures,13,,true,,Charlie Joiner
auto-high-point-signatures,13,Spokes,true,25,Charlie Joiner
auto-high-point-signatures,13,Lightning,true,10,Charlie Joiner
auto-high-point-signatures,13,Kaboom,true,1,Charlie Joiner
auto-high-point-signatures,14,,true,,Tony Hill
auto-high-point-signatures,14,Spokes,true,25,Tony Hill
auto-high-point-signatures,14,Lightning,true,10,Tony Hill
auto-high-point-signatures,14,Kaboom,true,1,Tony Hill
auto-high-point-signatures,15,,true,,Wes Chandler
auto-high-point-signatures,15,Spokes,true,25,Wes Chandler
auto-high-point-signatures,15,Lightning,true,10,Wes Chandler
auto-high-point-signatures,15,Kaboom,true,1,Wes Chandler
auto-high-point-signatures,16,,true,,Butch Johnson
auto-high-point-signatures,16,Spokes,true,25,Butch Johnson
auto-high-point-signatures,16,Lightning,true,10,Butch Johnson
auto-high-point-signatures,16,Kaboom,true,1,Butch Johnson
auto-high-point-signatures,17,,true,,Natrone Means
auto-high-point-signatures,17,Spokes,true,25,Natrone Means
auto-high-point-signatures,17,Lightning,true,10,Natrone Means
auto-high-point-signatures,17,Kaboom,true,1,Natrone Means
auto-high-point-signatures,18,,true,,Leroy Kelly
auto-high-point-signatures,18,Spokes,true,25,Leroy Kelly
auto-high-point-signatures,18,Lightning,true,10,Leroy Kelly
auto-high-point-signatures,18,Kaboom,true,1,Leroy Kelly
auto-high-point-signatures,19,,true,,Mario Manningham
auto-high-point-signatures,19,Spokes,true,25,Mario Manningham
auto-high-point-signatures,19,Lightning,true,10,Mario Manningham
auto-high-point-signatures,19,Kaboom,true,1,Mario Manningham
auto-high-point-signatures,20,,true,,Michael Irvin
auto-high-point-signatures,20,Spokes,true,25,Michael Irvin
auto-high-point-signatures,20,Lightning,true,10,Michael Irvin
auto-high-point-signatures,20,Kaboom,true,1,Michael Irvin
auto-high-point-signatures,21,,true,,Chuck Foreman
auto-high-point-signatures,21,Spokes,true,25,Chuck Foreman
auto-high-point-signatures,21,Lightning,true,10,Chuck Foreman
auto-high-point-signatures,21,Kaboom,true,1,Chuck Foreman
auto-high-point-signatures,22,,true,,George Teague
auto-high-point-signatures,22,Spokes,true,25,George Teague
auto-high-point-signatures,22,Lightning,true,10,George Teague
auto-high-point-signatures,22,Kaboom,true,1,George Teague
auto-high-point-signatures,23,,true,,Clinton Portis
auto-high-point-signatures,23,Spokes,true,25,Clinton Portis
auto-high-point-signatures,23,Lightning,true,10,Clinton Portis
auto-high-point-signatures,23,Kaboom,true,1,Clinton Portis
auto-high-point-signatures,24,,true,,Harold Carmichael
auto-high-point-signatures,24,Spokes,true,25,Harold Carmichael
auto-high-point-signatures,24,Lightning,true,10,Harold Carmichael
auto-high-point-signatures,24,Kaboom,true,1,Harold Carmichael
auto-high-point-signatures,25,,true,,Steven Jackson
auto-high-point-signatures,25,Spokes,true,25,Steven Jackson
auto-high-point-signatures,25,Lightning,true,10,Steven Jackson
auto-high-point-signatures,25,Kaboom,true,1,Steven Jackson
auto-high-point-signatures,27,,true,,Chris Olave
auto-high-point-signatures,27,Spokes,true,25,Chris Olave
auto-high-point-signatures,27,Lightning,true,10,Chris Olave
auto-high-point-signatures,27,Kaboom,true,1,Chris Olave
auto-high-point-signatures,28,,true,,Jimmy Graham
auto-high-point-signatures,28,Spokes,true,25,Jimmy Graham
auto-high-point-signatures,28,Lightning,true,10,Jimmy Graham
auto-high-point-signatures,28,Kaboom,true,1,Jimmy Graham
auto-pinnacle-inscriptions,1,,true,,Aaron Rodgers
auto-pinnacle-inscriptions,2,,true,,"Ahmad ""Sauce"" Gardner"
auto-pinnacle-inscriptions,3,,true,,Dak Prescott
auto-pinnacle-inscriptions,4,,true,,Deion Sanders
auto-pinnacle-inscriptions,5,,true,,Drew Pearson
auto-pinnacle-inscriptions,6,,true,,Hines Ward
auto-pinnacle-inscriptions,7,,true,,Isaac Bruce
auto-pinnacle-inscriptions,8,,true,,Jaylen Waddle
auto-pinnacle-inscriptions,9,,true,,Kirk Cousins
auto-pinnacle-inscriptions,10,,true,,Mac Jones
auto-pinnacle-inscriptions,11,,true,,T.J. Watt
auto-pinnacle-inscriptions,12,,true,,Zach Wilson
auto-pinnacle-inscriptions,13,,true,,Joe Montana
auto-pinnacle-inscriptions,14,,true,,Jordy Nelson
auto-pinnacle-inscriptions,15,,true,,Louis Lipps
auto-pinnacle-inscriptions,16,,true,,Maurice Jones-Drew
auto-pinnacle-inscriptions,17,,true,,Michael Vick
auto-pinnacle-inscriptions,18,,true,,Russell Wilson
auto-pinnacle-inscriptions,19,,true,,Trevor Lawrence
auto-pinnacle-inscriptions-silver,1,,true,,Terrell Owens
auto-pinnacle-inscriptions-silver,2,,true,,Myles Garrett
auto-pinnacle-inscriptions-silver,3,,true,,Jordan Love
auto-pinnacle-inscriptions-silver,4,,true,,Jalen Hurts
auto-pinnacle-inscriptions-silver,5,,true,,Justin Herbert
auto-pinnacle-inscriptions-silver,6,,true,,Steven Jackson
auto-pinnacle-inscriptions-silver,7,,true,,Kurt Warner
auto-pinnacle-inscriptions-silver,8,,true,,Mike Alstott
auto-pinnacle-inscriptions-silver,9,,true,,Joe Klecko
auto-pinnacle-inscriptions-silver,10,,true,,Trent Green
auto-pinnacle-inscriptions-silver,11,,true,,Golden Tate III
auto-pinnacle-inscriptions-silver,12,,true,,Victor Cruz
auto-pinnacle-inscriptions-silver,13,,true,,Ed McCaffrey
auto-pinnacle-inscriptions-silver,14,,true,,Randy White
auto-pinnacle-inscriptions-silver,15,,true,,Ty Law
auto-pinnacle-inscriptions-silver,16,,true,,Mark van Eeghen
auto-pinnacle-inscriptions-silver,17,,true,,Seth Joyner
auto-pinnacle-inscriptions-silver,18,,true,,Donovan McNabb
auto-pinnacle-inscriptions-silver,19,,true,,Dwight Freeney
auto-pinnacle-inscriptions-silver,20,,true,,Chris Johnson
auto-pinnacle-inscriptions-silver,21,,true,,Isaac Bruce
auto-pinnacle-inscriptions-silver,22,,true,,Darren Woodson
auto-pinnacle-inscriptions-silver,23,,true,,Drew Bledsoe
auto-pinnacle-inscriptions-silver,24,,true,,Greg Lloyd
auto-pinnacle-inscriptions-silver,25,,true,,Kordell Stewart
auto-rookie-patch-autographs,201,Ice,true,,Michael Penix Jr.
auto-rookie-patch-autographs,202,Ice,true,,J.J. McCarthy
auto-rookie-patch-autographs,203,Ice,true,,Spencer Rattler
auto-rookie-patch-autographs,204,Ice,true,,Joe Milton III
auto-rookie-patch-autographs,205,Ice,true,,Michael Pratt
auto-rookie-patch-autographs,207,Ice,true,,Rome Odunze
auto-rookie-patch-autographs,208,Ice,true,,Brian Thomas Jr.
auto-rookie-patch-autographs,209,Ice,true,,Ricky Pearsall
auto-rookie-patch-autographs,210,Ice,true,,Xavier Legette
auto-rookie-patch-autographs,211,Ice,true,,Keon Coleman
auto-rookie-patch-autographs,212,Ice,true,,Ladd McConkey
auto-rookie-patch-autographs,213,Ice,true,,Ja'Lynn Polk
auto-rookie-patch-autographs,214,Ice,true,,Adonai Mitchell
auto-rookie-patch-autographs,215,Ice,true,,Malachi Corley
auto-rookie-patch-autographs,216,Ice,true,,Roman Wilson
auto-rookie-patch-autographs,217,Ice,true,,Jalen McMillan
auto-rookie-patch-autographs,218,Ice,true,,Troy Franklin
auto-rookie-patch-autographs,219,Ice,true,,Brenden Rice
auto-rookie-patch-autographs,220,Ice,true,,Javon Baker
auto-rookie-patch-autographs,221,Ice,true,,Luke McCaffrey
auto-rookie-patch-autographs,224,Ice,true,,Anthony Gould
auto-rookie-patch-autographs,225,Ice,true,,Johnny Wilson
auto-rookie-patch-autographs,226,Ice,true,,Jonathon Brooks
auto-rookie-patch-autographs,227,Ice,true,,Trey Benson
auto-rookie-patch-autographs,228,Ice,true,,Blake Corum
auto-rookie-patch-autographs,230,Ice,true,,Audric Estime
auto-rookie-patch-autographs,231,Ice,true,,Ja'Tavion Sanders
auto-rookie-patch-autographs,232,Ice,true,,Jordan Travis
auto-rookie-patch-autographs,233,Ice,true,,MarShawn Lloyd
auto-rookie-patch-autographs,234,Ice,true,,Braelon Allen
auto-rookie-patch-autographs,235,Ice,true,,Bucky Irving
auto-rookie-patch-autographs,236,Ice,true,,Will Shipley
auto-rookie-patch-autographs,238,Ice,true,,Dallas Turner
auto-rookie-patch-autographs,239,Ice,true,,Ben Sinnott
auto-rookie-patch-autographs,240,Ice,true,,Cade Stover
auto-rookie-patch-autographs,241,Ice,true,,Ray Davis
auto-rookie-patch-autographs,242,Ice,true,,Isaac Guerendo
auto-rookies-autographs,102,Two Minute Drill,true,,Adisa Isaac
auto-rookies-autographs,103,Two Minute Drill,true,,Adonai Mitchell
auto-rookies-autographs,104,Two Minute Drill,true,,AJ Barner
auto-rookies-autographs,105,Two Minute Drill,true,,Anthony Gould
auto-rookies-autographs,106,Two Minute Drill,true,,Audric Estime
auto-rookies-autographs,107,Two Minute Drill,true,,Ben Sinnott
auto-rookies-autographs,108,Two Minute Drill,true,,Blake Corum
auto-rookies-autographs,110,Two Minute Drill,true,,Braden Fiske
auto-rookies-autographs,111,Two Minute Drill,true,,Braelon Allen
auto-rookies-autographs,112,Two Minute Drill,true,,Bralen Trice
auto-rookies-autographs,113,Two Minute Drill,true,,Brenden Rice
auto-rookies-autographs,114,Two Minute Drill,true,,Brian Thomas Jr.
auto-rookies-autographs,116,Two Minute Drill,true,,Bucky Irving
auto-rookies-autographs,118,Two Minute Drill,true,,Cade Stover
auto-rookies-autographs,119,Two Minute Drill,true,,Chop Robinson
auto-rookies-autographs,120,Two Minute Drill,true,,Chris Braswell
auto-rookies-autographs,121,Two Minute Drill,true,,Cooper DeJean
auto-rookies-autographs,123,Two Minute Drill,true,,Daijun Edwards
auto-rookies-autographs,124,Two Minute Drill,true,,Dallas Turner
auto-rookies-autographs,130,Two Minute Drill,true,,Dylan Laube
auto-rookies-autographs,135,Two Minute Drill,true,,J.J. McCarthy
auto-rookies-autographs,138,Two Minute Drill,true,,Jaheim Bell
auto-rookies-autographs,140,Two Minute Drill,true,,Ja'Lynn Polk
auto-rookies-autographs,141,Two Minute Drill,true,,Jamari Thrash
auto-rookies-autographs,142,Two Minute Drill,true,,Jared Verse
auto-rookies-autographs,143,Two Minute Drill,true,,Jase McClellan
auto-rookies-autographs,144,Two Minute Drill,true,,Ja'Tavion Sanders
auto-rookies-autographs,145,Two Minute Drill,true,,Javon Baker
auto-rookies-autographs,152,Two Minute Drill,true,,Jer'Zhan Newton
auto-rookies-autographs,153,Two Minute Drill,true,,Jha'Quan Jackson
auto-rookies-autographs,154,Two Minute Drill,true,,Joe Alt
auto-rookies-autographs,156,Two Minute Drill,true,,Johnny Wilson
auto-rookies-autographs,158,Two Minute Drill,true,,Jonathon Brooks
auto-rookies-autographs,160,Two Minute Drill,true,,Jordan Travis
auto-rookies-autographs,162,Two Minute Drill,true,,Keilan Robinson
auto-rookies-autographs,163,Two Minute Drill,true,,Keon Coleman
auto-rookies-autographs,164,Two Minute Drill,true,,Kool-Aid McKinstry
auto-rookies-autographs,166,Two Minute Drill,true,,Ladd McConkey
auto-rookies-autographs,168,Two Minute Drill,true,,Luke McCaffrey
auto-rookies-autographs,170,Two Minute Drill,true,,Malachi Corley
auto-rookies-autographs,172,Two Minute Drill,true,,Malik Washington
auto-rookies-autographs,175,Two Minute Drill,true,,MarShawn Lloyd
auto-rookies-autographs,178,Two Minute Drill,true,,Tory Taylor
auto-rookies-autographs,180,Two Minute Drill,true,,Michael Pratt
auto-rookies-autographs,181,Two Minute Drill,true,,Nate Wiggins
auto-rookies-autographs,183,Two Minute Drill,true,,Ray Davis
auto-rookies-autographs,184,Two Minute Drill,true,,Ricky Pearsall
auto-rookies-autographs,185,Two Minute Drill,true,,Roman Wilson
auto-rookies-autographs,186,Two Minute Drill,true,,Rome Odunze
auto-rookies-autographs,189,Two Minute Drill,true,,Spencer Rattler
auto-rookies-autographs,190,Two Minute Drill,true,,Terrion Arnold
auto-rookies-autographs,191,Two Minute Drill,true,,Theo Johnson
auto-rookies-autographs,192,Two Minute Drill,true,,Tip Reiman
auto-rookies-autographs,193,Two Minute Drill,true,,Trey Benson
auto-rookies-autographs,194,Two Minute Drill,true,,Troy Franklin
auto-rookies-autographs,196,Two Minute Drill,true,,Tyler Nubin
auto-rookies-autographs,197,Two Minute Drill,true,,Will Reichard
auto-rookies-autographs,198,Two Minute Drill,true,,Will Shipley
auto-rookies-autographs,199,Two Minute Drill,true,,Xavier Legette
auto-rookies-autographs,102,No Huddle,true,,Adisa Isaac
auto-rookies-autographs,103,No Huddle,true,,Adonai Mitchell
auto-rookies-autographs,104,No Huddle,true,,AJ Barner
auto-rookies-autographs,105,No Huddle,true,,Anthony Gould
auto-rookies-autographs,106,No Huddle,true,,Audric Estime
auto-rookies-autographs,107,No Huddle,true,,Ben Sinnott
auto-rookies-autographs,108,No Huddle,true,,Blake Corum
auto-rookies-autographs,110,No Huddle,true,,Braden Fiske
auto-rookies-autographs,111,No Huddle,true,,Braelon Allen
auto-rookies-autographs,112,No Huddle,true,,Bralen Trice
auto-rookies-autographs,113,No Huddle,true,,Brenden Rice
auto-rookies-autographs,114,No Huddle,true,,Brian Thomas Jr.
auto-rookies-autographs,116,No Huddle,true,,Bucky Irving
auto-rookies-autographs,118,No Huddle,true,,Cade Stover
auto-rookies-autographs,119,No Huddle,true,,Chop Robinson
auto-rookies-autographs,120,No Huddle,true,,Chris Braswell
auto-rookies-autographs,121,No Huddle,true,,Cooper DeJean
auto-rookies-autographs,123,No Huddle,true,,Daijun Edwards
auto-rookies-autographs,124,No Huddle,true,,Dallas Turner
auto-rookies-autographs,130,No Huddle,true,,Dylan Laube
auto-rookies-autographs,135,No Huddle,true,,J.J. McCarthy
auto-rookies-autographs,138,No Huddle,true,,Jaheim Bell
auto-rookies-autographs,139,No Huddle,true,,Jalen McMillan
auto-rookies-autographs,140,No Huddle,true,,Ja'Lynn Polk
auto-rookies-autographs,141,No Huddle,true,,Jamari Thrash
auto-rookies-autographs,142,No Huddle,true,,Jared Verse
auto-rookies-autographs,143,No Huddle,true,,Jase McClellan
auto-rookies-autographs,144,No Huddle,true,,Ja'Tavion Sanders
auto-rookies-autographs,145,No Huddle,true,,Javon Baker
auto-rookies-autographs,152,No Huddle,true,,Jer'Zhan Newton
auto-rookies-autographs,153,No Huddle,true,,Jha'Quan Jackson
auto-rookies-autographs,154,No Huddle,true,,Joe Alt
auto-rookies-autographs,155,No Huddle,true,,Joe Milton III
auto-rookies-autographs,156,No Huddle,true,,Johnny Wilson
auto-rookies-autographs,158,No Huddle,true,,Jonathon Brooks
auto-rookies-autographs,160,No Huddle,true,,Jordan Travis
auto-rookies-autographs,162,No Huddle,true,,Keilan Robinson
auto-rookies-autographs,163,No Huddle,true,,Keon Coleman
auto-rookies-autographs,164,No Huddle,true,,Kool-Aid McKinstry
auto-rookies-autographs,166,No Huddle,true,,Ladd McConkey
auto-rookies-autographs,167,No Huddle,true,,Laiatu Latu
auto-rookies-autographs,168,No Huddle,true,,Luke McCaffrey
auto-rookies-autographs,170,No Huddle,true,,Malachi Corley
auto-rookies-autographs,172,No Huddle,true,,Malik Washington
auto-rookies-autographs,175,No Huddle,true,,MarShawn Lloyd
auto-rookies-autographs,178,No Huddle,true,,Tory Taylor
auto-rookies-autographs,179,No Huddle,true,,Michael Penix Jr.
auto-rookies-autographs,180,No Huddle,true,,Michael Pratt
auto-rookies-autographs,181,No Huddle,true,,Nate Wiggins
auto-rookies-autographs,183,No Huddle,true,,Ray Davis
auto-rookies-autographs,184,No Huddle,true,,Ricky Pearsall
auto-rookies-autographs,185,No Huddle,true,,Roman Wilson
auto-rookies-autographs,186,No Huddle,true,,Rome Odunze
auto-rookies-autographs,189,No Huddle,true,,Spencer Rattler
auto-rookies-autographs,190,No Huddle,true,,Terrion Arnold
auto-rookies-autographs,191,No Huddle,true,,Theo Johnson
auto-rookies-autographs,192,No Huddle,true,,Tip Reiman
auto-rookies-autographs,193,No Huddle,true,,Trey Benson
auto-rookies-autographs,194,No Huddle,true,,Troy Franklin
auto-rookies-autographs,196,No Huddle,true,,Tyler Nubin
auto-rookies-autographs,197,No Huddle,true,,Will Reichard
auto-rookies-autographs,198,No Huddle,true,,Will Shipley
auto-rookies-autographs,199,No Huddle,true,,Xavier Legette
auto-rookies-autographs,102,Red Zone,true,,Adisa Isaac
auto-rookies-autographs,103,Red Zone,true,,Adonai Mitchell
auto-rookies-autographs,104,Red Zone,true,,AJ Barner
auto-rookies-autographs,105,Red Zone,true,,Anthony Gould
auto-rookies-autographs,106,Red Zone,true,,Audric Estime
auto-rookies-autographs,107,Red Zone,true,,Ben Sinnott
auto-rookies-autographs,108,Red Zone,true,,Blake Corum
auto-rookies-autographs,110,Red Zone,true,,Braden Fiske
auto-rookies-autographs,111,Red Zone,true,,Braelon Allen
auto-rookies-autographs,112,Red Zone,true,,Bralen Trice
auto-rookies-autographs,113,Red Zone,true,,Brenden Rice
auto-rookies-autographs,114,Red Zone,true,,Brian Thomas Jr.
auto-rookies-autographs,116,Red Zone,true,,Bucky Irving
auto-rookies-autographs,118,Red Zone,true,,Cade Stover
auto-rookies-autographs,119,Red Zone,true,,Chop Robinson
auto-rookies-autographs,120,Red Zone,true,,Chris Braswell
auto-rookies-autographs,121,Red Zone,true,,Cooper DeJean
auto-rookies-autographs,123,Red Zone,true,,Daijun Edwards
auto-rookies-autographs,124,Red Zone,true,,Dallas Turner
auto-rookies-autographs,130,Red Zone,true,,Dylan Laube
auto-rookies-autographs,135,Red Zone,true,,J.J. McCarthy
auto-rookies-autographs,138,Red Zone,true,,Jaheim Bell
auto-rookies-autographs,139,Red Zone,true,,Jalen McMillan
auto-rookies-autographs,140,Red Zone,true,,Ja'Lynn Polk
auto-rookies-autographs,141,Red Zone,true,,Jamari Thrash
auto-rookies-autographs,142,Red Zone,true,,Jared Verse
auto-rookies-autographs,143,Red Zone,true,,Jase McClellan
auto-rookies-autographs,144,Red Zone,true,,Ja'Tavion Sanders
auto-rookies-autographs,145,Red Zone,true,,Javon Baker
auto-rookies-autographs,152,Red Zone,true,,Jer'Zhan Newton
auto-rookies-autographs,153,Red Zone,true,,Jha'Quan Jackson
auto-rookies-autographs,154,Red Zone,true,,Joe Alt
auto-rookies-autographs,155,Red Zone,true,,Joe Milton III
auto-rookies-autographs,156,Red Zone,true,,Johnny Wilson
auto-rookies-autographs,158,Red Zone,true,,Jonathon Brooks
auto-rookies-autographs,159,Red Zone,true,,Jordan Jefferson
auto-rookies-autographs,160,Red Zone,true,,Jordan Travis
auto-rookies-autographs,162,Red Zone,true,,Keilan Robinson
auto-rookies-autographs,163,Red Zone,true,,Keon Coleman
auto-rookies-autographs,164,Red Zone,true,,Kool-Aid McKinstry
auto-rookies-autographs,166,Red Zone,true,,Ladd McConkey
auto-rookies-autographs,168,Red Zone,true,,Luke McCaffrey
auto-rookies-autographs,170,Red Zone,true,,Malachi Corley
auto-rookies-autographs,172,Red Zone,true,,Malik Washington
auto-rookies-autographs,175,Red Zone,true,,MarShawn Lloyd
auto-rookies-autographs,178,Red Zone,true,,Tory Taylor
auto-rookies-autographs,180,Red Zone,true,,Michael Pratt
auto-rookies-autographs,181,Red Zone,true,,Nate Wiggins
auto-rookies-autographs,183,Red Zone,true,,Ray Davis
auto-rookies-autographs,184,Red Zone,true,,Ricky Pearsall
auto-rookies-autographs,185,Red Zone,true,,Roman Wilson
auto-rookies-autographs,186,Red Zone,true,,Rome Odunze
auto-rookies-autographs,189,Red Zone,true,,Spencer Rattler
auto-rookies-autographs,190,Red Zone,true,,Terrion Arnold
auto-rookies-autographs,191,Red Zone,true,,Theo Johnson
auto-rookies-autographs,192,Red Zone,true,,Tip Reiman
auto-rookies-autographs,193,Red Zone,true,,Trey Benson
auto-rookies-autographs,194,Red Zone,true,,Troy Franklin
auto-rookies-autographs,196,Red Zone,true,,Tyler Nubin
auto-rookies-autographs,197,Red Zone,true,,Will Reichard
auto-rookies-autographs,198,Red Zone,true,,Will Shipley
auto-rookies-autographs,199,Red Zone,true,,Xavier Legette
auto-rookies-autographs,102,Red Zone Blue,true,,Adisa Isaac
auto-rookies-autographs,103,Red Zone Blue,true,,Adonai Mitchell
auto-rookies-autographs,104,Red Zone Blue,true,,AJ Barner
auto-rookies-autographs,105,Red Zone Blue,true,,Anthony Gould
auto-rookies-autographs,106,Red Zone Blue,true,,Audric Estime
auto-rookies-autographs,107,Red Zone Blue,true,,Ben Sinnott
auto-rookies-autographs,108,Red Zone Blue,true,,Blake Corum
auto-rookies-autographs,110,Red Zone Blue,true,,Braden Fiske
auto-rookies-autographs,111,Red Zone Blue,true,,Braelon Allen
auto-rookies-autographs,112,Red Zone Blue,true,,Bralen Trice
auto-rookies-autographs,113,Red Zone Blue,true,,Brenden Rice
auto-rookies-autographs,114,Red Zone Blue,true,,Brian Thomas Jr.
auto-rookies-autographs,116,Red Zone Blue,true,,Bucky Irving
auto-rookies-autographs,118,Red Zone Blue,true,,Cade Stover
auto-rookies-autographs,119,Red Zone Blue,true,,Chop Robinson
auto-rookies-autographs,120,Red Zone Blue,true,,Chris Braswell
auto-rookies-autographs,121,Red Zone Blue,true,,Cooper DeJean
auto-rookies-autographs,123,Red Zone Blue,true,,Daijun Edwards
auto-rookies-autographs,124,Red Zone Blue,true,,Dallas Turner
auto-rookies-autographs,130,Red Zone Blue,true,,Dylan Laube
auto-rookies-autographs,135,Red Zone Blue,true,,J.J. McCarthy
auto-rookies-autographs,138,Red Zone Blue,true,,Jaheim Bell
auto-rookies-autographs,139,Red Zone Blue,true,,Jalen McMillan
auto-rookies-autographs,140,Red Zone Blue,true,,Ja'Lynn Polk
auto-rookies-autographs,141,Red Zone Blue,true,,Jamari Thrash
auto-rookies-autographs,142,Red Zone Blue,true,,Jared Verse
auto-rookies-autographs,143,Red Zone Blue,true,,Jase McClellan
auto-rookies-autographs,144,Red Zone Blue,true,,Ja'Tavion Sanders
auto-rookies-autographs,145,Red Zone Blue,true,,Javon Baker
auto-rookies-autographs,152,Red Zone Blue,true,,Jer'Zhan Newton
auto-rookies-autographs,153,Red Zone Blue,true,,Jha'Quan Jackson
auto-rookies-autographs,154,Red Zone Blue,true,,Joe Alt
auto-rookies-autographs,155,Red Zone Blue,true,,Joe Milton III
auto-rookies-autographs,156,Red Zone Blue,true,,Johnny Wilson
auto-rookies-autographs,158,Red Zone Blue,true,,Jonathon Brooks
auto-rookies-autographs,159,Red Zone Blue,true,,Jordan Jefferson
auto-rookies-autographs,160,Red Zone Blue,true,,Jordan Travis
auto-rookies-autographs,161,Red Zone Blue,true,,Kamari Lassiter
auto-rookies-autographs,162,Red Zone Blue,true,,Keilan Robinson
auto-rookies-autographs,163,Red Zone Blue,true,,Keon Coleman
auto-rookies-autographs,164,Red Zone Blue,true,,Kool-Aid McKinstry
auto-rookies-autographs,166,Red Zone Blue,true,,Ladd McConkey
auto-rookies-autographs,167,Red Zone Blue,true,,Laiatu Latu
auto-rookies-autographs,168,Red Zone Blue,true,,Luke McCaffrey
auto-rookies-autographs,170,Red Zone Blue,true,,Malachi Corley
auto-rookies-autographs,172,Red Zone Blue,true,,Malik Washington
auto-rookies-autographs,175,Red Zone Blue,true,,MarShawn Lloyd
auto-rookies-autographs,178,Red Zone Blue,true,,Tory Taylor
auto-rookies-autographs,180,Red Zone Blue,true,,Michael Pratt
auto-rookies-autographs,181,Red Zone Blue,true,,Nate Wiggins
auto-rookies-autographs,183,Red Zone Blue,true,,Ray Davis
auto-rookies-autographs,184,Red Zone Blue,true,,Ricky Pearsall
auto-rookies-autographs,185,Red Zone Blue,true,,Roman Wilson
auto-rookies-autographs,186,Red Zone Blue,true,,Rome Odunze
auto-rookies-autographs,189,Red Zone Blue,true,,Spencer Rattler
auto-rookies-autographs,190,Red Zone Blue,true,,Terrion Arnold
auto-rookies-autographs,191,Red Zone Blue,true,,Theo Johnson
auto-rookies-autographs,192,Red Zone Blue,true,,Tip Reiman
auto-rookies-autographs,193,Red Zone Blue,true,,Trey Benson
auto-rookies-autographs,194,Red Zone Blue,true,,Troy Franklin
auto-rookies-autographs,196,Red Zone Blue,true,,Tyler Nubin
auto-rookies-autographs,197,Red Zone Blue,true,,Will Reichard
auto-rookies-autographs,198,Red Zone Blue,true,,Will Shipley
auto-rookies-autographs,199,Red Zone Blue,true,,Xavier Legette
auto-rookies-autographs,102,Red Zone Gold,true,,Adisa Isaac
auto-rookies-autographs,103,Red Zone Gold,true,,Adonai Mitchell
auto-rookies-autographs,104,Red Zone Gold,true,,AJ Barner
auto-rookies-autographs,105,Red Zone Gold,true,,Anthony Gould
auto-rookies-autographs,106,Red Zone Gold,true,,Audric Estime
auto-rookies-autographs,107,Red Zone Gold,true,,Ben Sinnott
auto-rookies-autographs,108,Red Zone Gold,true,,Blake Corum
auto-rookies-autographs,110,Red Zone Gold,true,,Braden Fiske
auto-rookies-autographs,111,Red Zone Gold,true,,Braelon Allen
auto-rookies-autographs,112,Red Zone Gold,true,,Bralen Trice
auto-rookies-autographs,113,Red Zone Gold,true,,Brenden Rice
auto-rookies-autographs,114,Red Zone Gold,true,,Brian Thomas Jr.
auto-rookies-autographs,116,Red Zone Gold,true,,Bucky Irving
auto-rookies-autographs,118,Red Zone Gold,true,,Cade Stover
auto-rookies-autographs,119,Red Zone Gold,true,,Chop Robinson
auto-rookies-autographs,120,Red Zone Gold,true,,Chris Braswell
auto-rookies-autographs,121,Red Zone Gold,true,,Cooper DeJean
auto-rookies-autographs,123,Red Zone Gold,true,,Daijun Edwards
auto-rookies-autographs,124,Red Zone Gold,true,,Dallas Turner
auto-rookies-autographs,130,Red Zone Gold,true,,Dylan Laube
auto-rookies-autographs,135,Red Zone Gold,true,,J.J. McCarthy
auto-rookies-autographs,137,Red Zone Gold,true,,Jaden Hicks
auto-rookies-autographs,138,Red Zone Gold,true,,Jaheim Bell
auto-rookies-autographs,139,Red Zone Gold,true,,Jalen McMillan
auto-rookies-autographs,140,Red Zone Gold,true,,Ja'Lynn Polk
auto-rookies-autographs,141,Red Zone Gold,true,,Jamari Thrash
auto-rookies-autographs,142,Red Zone Gold,true,,Jared Verse
auto-rookies-autographs,143,Red Zone Gold,true,,Jase McClellan
auto-rookies-autographs,144,Red Zone Gold,true,,Ja'Tavion Sanders
auto-rookies-autographs,145,Red Zone Gold,true,,Javon Baker
auto-rookies-autographs,152,Red Zone Gold,true,,Jer'Zhan Newton
auto-rookies-autographs,153,Red Zone Gold,true,,Jha'Quan Jackson
auto-rookies-autographs,154,Red Zone Gold,true,,Joe Alt
auto-rookies-autographs,155,Red Zone Gold,true,,Joe Milton III
auto-rookies-autographs,156,Red Zone Gold,true,,Johnny Wilson
auto-rookies-autographs,157,Red Zone Gold,true,,Jonah Elliss
auto-rookies-autographs,158,Red Zone Gold,true,,Jonathon Brooks
auto-rookies-autographs,159,Red Zone Gold,true,,Jordan Jefferson
auto-rookies-autographs,160,Red Zone Gold,true,,Jordan Travis
auto-rookies-autographs,161,Red Zone Gold,true,,Kamari Lassiter
auto-rookies-autographs,162,Red Zone Gold,true,,Keilan Robinson
auto-rookies-autographs,163,Red Zone Gold,true,,Keon Coleman
auto-rookies-autographs,164,Red Zone Gold,true,,Kool-Aid McKinstry
auto-rookies-autographs,165,Red Zone Gold,true,,Kris Jenkins
auto-rookies-autographs,166,Red Zone Gold,true,,Ladd McConkey
auto-rookies-autographs,167,Red Zone Gold,true,,Laiatu Latu
auto-rookies-autographs,168,Red Zone Gold,true,,Luke McCaffrey
auto-rookies-autographs,169,Red Zone Gold,true,,Maason Smith
auto-rookies-autographs,170,Red Zone Gold,true,,Malachi Corley
auto-rookies-autographs,172,Red Zone Gold,true,,Malik Washington
auto-rookies-autographs,175,Red Zone Gold,true,,MarShawn Lloyd
auto-rookies-autographs,178,Red Zone Gold,true,,Tory Taylor
auto-rookies-autographs,180,Red Zone Gold,true,,Michael Pratt
auto-rookies-autographs,181,Red Zone Gold,true,,Nate Wiggins
auto-rookies-autographs,183,Red Zone Gold,true,,Ray Davis
auto-rookies-autographs,184,Red Zone Gold,true,,Ricky Pearsall
auto-rookies-autographs,185,Red Zone Gold,true,,Roman Wilson
auto-rookies-autographs,186,Red Zone Gold,true,,Rome Odunze
auto-rookies-autographs,189,Red Zone Gold,true,,Spencer Rattler
auto-rookies-autographs,190,Red Zone Gold,true,,Terrion Arnold
auto-rookies-autographs,191,Red Zone Gold,true,,Theo Johnson
auto-rookies-autographs,192,Red Zone Gold,true,,Tip Reiman
auto-rookies-autographs,193,Red Zone Gold,true,,Trey Benson
auto-rookies-autographs,194,Red Zone Gold,true,,Troy Franklin
auto-rookies-autographs,195,Red Zone Gold,true,,T'Vondre Sweat
auto-rookies-autographs,196,Red Zone Gold,true,,Tyler Nubin
auto-rookies-autographs,197,Red Zone Gold,true,,Will Reichard
auto-rookies-autographs,198,Red Zone Gold,true,,Will Shipley
auto-rookies-autographs,199,Red Zone Gold,true,,Xavier Legette
auto-rookies-autographs,102,Red Red Zone,true,,Adisa Isaac
auto-rookies-autographs,103,Red Red Zone,true,,Adonai Mitchell
auto-rookies-autographs,104,Red Red Zone,true,,AJ Barner
auto-rookies-autographs,105,Red Red Zone,true,,Anthony Gould
auto-rookies-autographs,106,Red Red Zone,true,,Audric Estime
auto-rookies-autographs,107,Red Red Zone,true,,Ben Sinnott
auto-rookies-autographs,108,Red Red Zone,true,,Blake Corum
auto-rookies-autographs,110,Red Red Zone,true,,Braden Fiske
auto-rookies-autographs,111,Red Red Zone,true,,Braelon Allen
auto-rookies-autographs,112,Red Red Zone,true,,Bralen Trice
auto-rookies-autographs,113,Red Red Zone,true,,Brenden Rice
auto-rookies-autographs,114,Red Red Zone,true,,Brian Thomas Jr.
auto-rookies-autographs,116,Red Red Zone,true,,Bucky Irving
auto-rookies-autographs,118,Red Red Zone,true,,Cade Stover
auto-rookies-autographs,119,Red Red Zone,true,,Chop Robinson
auto-rookies-autographs,120,Red Red Zone,true,,Chris Braswell
auto-rookies-autographs,121,Red Red Zone,true,,Cooper DeJean
auto-rookies-autographs,123,Red Red Zone,true,,Daijun Edwards
auto-rookies-autographs,124,Red Red Zone,true,,Dallas Turner
auto-rookies-autographs,130,Red Red Zone,true,,Dylan Laube
auto-rookies-autographs,135,Red Red Zone,true,,J.J. McCarthy
auto-rookies-autographs,138,Red Red Zone,true,,Jaheim Bell
auto-rookies-autographs,139,Red Red Zone,true,,Jalen McMillan
auto-rookies-autographs,140,Red Red Zone,true,,Ja'Lynn Polk
auto-rookies-autographs,141,Red Red Zone,true,,Jamari Thrash
auto-rookies-autographs,142,Red Red Zone,true,,Jared Verse
auto-rookies-autographs,143,Red Red Zone,true,,Jase McClellan
auto-rookies-autographs,144,Red Red Zone,true,,Ja'Tavion Sanders
auto-rookies-autographs,145,Red Red Zone,true,,Javon Baker
auto-rookies-autographs,152,Red Red Zone,true,,Jer'Zhan Newton
auto-rookies-autographs,153,Red Red Zone,true,,Jha'Quan Jackson
auto-rookies-autographs,154,Red Red Zone,true,,Joe Alt
auto-rookies-autographs,155,Red Red Zone,true,,Joe Milton III
auto-rookies-autographs,156,Red Red Zone,true,,Johnny Wilson
auto-rookies-autographs,158,Red Red Zone,true,,Jonathon Brooks
auto-rookies-autographs,159,Red Red Zone,true,,Jordan Jefferson
auto-rookies-autographs,160,Red Red Zone,true,,Jordan Travis
auto-rookies-autographs,162,Red Red Zone,true,,Keilan Robinson
auto-rookies-autographs,163,Red Red Zone,true,,Keon Coleman
auto-rookies-autographs,164,Red Red Zone,true,,Kool-Aid McKinstry
auto-rookies-autographs,166,Red Red Zone,true,,Ladd McConkey
auto-rookies-autographs,168,Red Red Zone,true,,Luke McCaffrey
auto-rookies-autographs,170,Red Red Zone,true,,Malachi Corley
auto-rookies-autographs,172,Red Red Zone,true,,Malik Washington
auto-rookies-autographs,175,Red Red Zone,true,,MarShawn Lloyd
auto-rookies-autographs,178,Red Red Zone,true,,Tory Taylor
auto-rookies-autographs,180,Red Red Zone,true,,Michael Pratt
auto-rookies-autographs,181,Red Red Zone,true,,Nate Wiggins
auto-rookies-autographs,183,Red Red Zone,true,,Ray Davis
auto-rookies-autographs,184,Red Red Zone,true,,Ricky Pearsall
auto-rookies-autographs,185,Red Red Zone,true,,Roman Wilson
auto-rookies-autographs,186,Red Red Zone,true,,Rome Odunze
auto-rookies-autographs,189,Red Red Zone,true,,Spencer Rattler
auto-rookies-autographs,190,Red Red Zone,true,,Terrion Arnold
auto-rookies-autographs,191,Red Red Zone,true,,Theo Johnson
auto-rookies-autographs,192,Red Red Zone,true,,Tip Reiman
auto-rookies-autographs,193,Red Red Zone,true,,Trey Benson
auto-rookies-autographs,194,Red Red Zone,true,,Troy Franklin
auto-rookies-autographs,196,Red Red Zone,true,,Tyler Nubin
auto-rookies-autographs,197,Red Red Zone,true,,Will Reichard
auto-rookies-autographs,198,Red Red Zone,true,,Will Shipley
auto-rookies-autographs,199,Red Red Zone,true,,Xavier Legette
auto-rookies-autographs,102,Red Zone White,true,,Adisa Isaac
auto-rookies-autographs,103,Red Zone White,true,,Adonai Mitchell
auto-rookies-autographs,104,Red Zone White,true,,AJ Barner
auto-rookies-autographs,105,Red Zone White,true,,Anthony Gould
auto-rookies-autographs,106,Red Zone White,true,,Audric Estime
auto-rookies-autographs,107,Red Zone White,true,,Ben Sinnott
auto-rookies-autographs,108,Red Zone White,true,,Blake Corum
auto-rookies-autographs,110,Red Zone White,true,,Braden Fiske
auto-rookies-autographs,111,Red Zone White,true,,Braelon Allen
auto-rookies-autographs,112,Red Zone White,true,,Bralen Trice
auto-rookies-autographs,113,Red Zone White,true,,Brenden Rice
auto-rookies-autographs,114,Red Zone White,true,,Brian Thomas Jr.
auto-rookies-autographs,116,Red Zone White,true,,Bucky Irving
auto-rookies-autographs,118,Red Zone White,true,,Cade Stover
auto-rookies-autographs,119,Red Zone White,true,,Chop Robinson
auto-rookies-autographs,120,Red Zone White,true,,Chris Braswell
auto-rookies-autographs,121,Red Zone White,true,,Cooper DeJean
auto-rookies-autographs,123,Red Zone White,true,,Daijun Edwards
auto-rookies-autographs,124,Red Zone White,true,,Dallas Turner
auto-rookies-autographs,125,Red Zone White,true,,Darius Robinson
auto-rookies-autographs,130,Red Zone White,true,,Dylan Laube
auto-rookies-autographs,131,Red Zone White,true,,Edgerrin Cooper
auto-rookies-autographs,132,Red Zone White,true,,Ennis Rakestraw Jr.
auto-rookies-autographs,135,Red Zone White,true,,J.J. McCarthy
auto-rookies-autographs,137,Red Zone White,true,,Jaden Hicks
auto-rookies-autographs,138,Red Zone White,true,,Jaheim Bell
auto-rookies-autographs,139,Red Zone White,true,,Jalen McMillan
auto-rookies-autographs,140,Red Zone White,true,,Ja'Lynn Polk
auto-rookies-autographs,141,Red Zone White,true,,Jamari Thrash
auto-rookies-autographs,142,Red Zone White,true,,Jared Verse
auto-rookies-autographs,143,Red Zone White,true,,Jase McClellan
auto-rookies-autographs,144,Red Zone White,true,,Ja'Tavion Sanders
auto-rookies-autographs,145,Red Zone White,true,,Javon Baker
auto-rookies-autographs,147,Red Zone White,true,,Jawhar Jordan
auto-rookies-autographs,152,Red Zone White,true,,Jer'Zhan Newton
auto-rookies-autographs,153,Red Zone White,true,,Jha'Quan Jackson
auto-rookies-autographs,154,Red Zone White,true,,Joe Alt
auto-rookies-autographs,155,Red Zone White,true,,Joe Milton III
auto-rookies-autographs,156,Red Zone White,true,,Johnny Wilson
auto-rookies-autographs,157,Red Zone White,true,,Jonah Elliss
auto-rookies-autographs,158,Red Zone White,true,,Jonathon Brooks
auto-rookies-autographs,159,Red Zone White,true,,Jordan Jefferson
auto-rookies-autographs,160,Red Zone White,true,,Jordan Travis
auto-rookies-autographs,161,Red Zone White,true,,Kamari Lassiter
auto-rookies-autographs,162,Red Zone White,true,,Keilan Robinson
auto-rookies-autographs,163,Red Zone White,true,,Keon Coleman
auto-rookies-autographs,164,Red Zone White,true,,Kool-Aid McKinstry
auto-rookies-autographs,165,Red Zone White,true,,Kris Jenkins
auto-rookies-autographs,166,Red Zone White,true,,Ladd McConkey
auto-rookies-autographs,167,Red Zone White,true,,Laiatu Latu
auto-rookies-autographs,168,Red Zone White,true,,Luke McCaffrey
auto-rookies-autographs,169,Red Zone White,true,,Maason Smith
auto-rookies-autographs,170,Red Zone White,true,,Malachi Corley
auto-rookies-autographs,172,Red Zone White,true,,Malik Washington
auto-rookies-autographs,173,Red Zone White,true,,Marist Liufau
auto-rookies-autographs,175,Red Zone White,true,,MarShawn Lloyd
auto-rookies-autographs,178,Red Zone White,true,,Tory Taylor
auto-rookies-autographs,180,Red Zone White,true,,Michael Pratt
auto-rookies-autographs,181,Red Zone White,true,,Nate Wiggins
auto-rookies-autographs,183,Red Zone White,true,,Ray Davis
auto-rookies-autographs,184,Red Zone White,true,,Ricky Pearsall
auto-rookies-autographs,185,Red Zone White,true,,Roman Wilson
auto-rookies-autographs,186,Red Zone White,true,,Rome Odunze
auto-rookies-autographs,188,Red Zone White,true,,Ryan Flournoy
auto-rookies-autographs,189,Red Zone White,true,,Spencer Rattler
auto-rookies-autographs,190,Red Zone White,true,,Terrion Arnold
auto-rookies-autographs,191,Red Zone White,true,,Theo Johnson
auto-rookies-autographs,192,Red Zone White,true,,Tip Reiman
auto-rookies-autographs,193,Red Zone White,true,,Trey Benson
auto-rookies-autographs,194,Red Zone White,true,,Troy Franklin
auto-rookies-autographs,195,Red Zone White,true,,T'Vondre Sweat
auto-rookies-autographs,196,Red Zone White,true,,Tyler Nubin
auto-rookies-autographs,197,Red Zone White,true,,Will Reichard
auto-rookies-autographs,198,Red Zone White,true,,Will Shipley
auto-rookies-autographs,199,Red Zone White,true,,Xavier Legette
auto-z-summit-autographs,1,,true,,John Elway / Rick Upchurch / Vance Johnson
auto-z-summit-autographs,2,,true,,Emmitt Smith / Daryl Johnston / Tony Dorsett
auto-z-summit-autographs,3,,true,,Joe Greene / Bob Lilly / Randy White
auto-z-summit-autographs,4,,true,,Antonio Gates / John Jefferson / Kellen Winslow
auto-z-summit-autographs,5,,true,,Randy Moss / Cris Carter / Justin Jefferson
auto-z-summit-autographs,6,,true,,Deion Sanders / Champ Bailey / Charles Woodson
auto-z-summit-autographs,7,,true,,Aaron Donald / Myles Garrett / Nick Bosa
auto-z-summit-autographs,8,,true,,Peyton Manning / Archie Manning / Eli Manning
auto-z-summit-autographs,9,,true,,Drew Brees / Dalton Hilliard / Jimmy Graham
auto-z-summit-autographs,10,,true,,Justin Tucker / Adam Vinatieri / Morten Andersen
auto-z-summit-autographs,11,,true,,Terrell Owens / Donovan McNabb / Harold Carmichael
auto-z-summit-autographs,12,,true,,J.J. McCarthy / Daunte Culpepper / Fran Tarkenton
auto-z-summit-autographs,13,,true,,Jim Harbaugh / Drew Brees / Justin Herbert
auto-z-summit-autographs,14,,true,,Jake Plummer / Jim Hart / Kurt Warner
auto-z-summit-autographs,15,,true,,Justin Herbert / Jalen Hurts / Trevor Lawrence
auto-z-summit-autographs,16,,true,,Joe Montana / Brett Favre / John Elway
auto-z-summit-autographs,1,Blue,true,,John Elway / Rick Upchurch / Vance Johnson
auto-z-summit-autographs,2,Blue,true,,Emmitt Smith / Daryl Johnston / Tony Dorsett
auto-z-summit-autographs,3,Blue,true,,Joe Greene / Bob Lilly / Randy White
auto-z-summit-autographs,4,Blue,true,,Antonio Gates / John Jefferson / Kellen Winslow
auto-z-summit-autographs,5,Blue,true,,Randy Moss / Cris Carter / Justin Jefferson
auto-z-summit-autographs,6,Blue,true,,Deion Sanders / Champ Bailey / Charles Woodson
auto-z-summit-autographs,7,Blue,true,,Aaron Donald / Myles Garrett / Nick Bosa
auto-z-summit-autographs,8,Blue,true,,Peyton Manning / Archie Manning / Eli Manning
auto-z-summit-autographs,9,Blue,true,,Drew Brees / Dalton Hilliard / Jimmy Graham
auto-z-summit-autographs,10,Blue,true,,Justin Tucker / Adam Vinatieri / Morten Andersen
auto-z-summit-autographs,11,Blue,true,,Terrell Owens / Donovan McNabb / Harold Carmichael
auto-z-summit-autographs,12,Blue,true,,J.J. McCarthy / Daunte Culpepper / Fran Tarkenton
auto-z-summit-autographs,13,Blue,true,,Jim Harbaugh / Drew Brees / Justin Herbert
auto-z-summit-autographs,14,Blue,true,,Jake Plummer / Jim Hart / Kurt Warner
auto-z-summit-autographs,15,Blue,true,,Justin Herbert / Jalen Hurts / Trevor Lawrence
auto-z-summit-autographs,16,Blue,true,,Joe Montana / Brett Favre / John Elway
auto-z-summit-autographs,1,Gold,true,,John Elway / Rick Upchurch / Vance Johnson
auto-z-summit-autographs,2,Gold,true,,Emmitt Smith / Daryl Johnston / Tony Dorsett
auto-z-summit-autographs,3,Gold,true,,Joe Greene / Bob Lilly / Randy White
auto-z-summit-autographs,4,Gold,true,,Antonio Gates / John Jefferson / Kellen Winslow
auto-z-summit-autographs,5,Gold,true,,Randy Moss / Cris Carter / Justin Jefferson
auto-z-summit-autographs,6,Gold,true,,Deion Sanders / Champ Bailey / Charles Woodson
auto-z-summit-autographs,7,Gold,true,,Aaron Donald / Myles Garrett / Nick Bosa
auto-z-summit-autographs,8,Gold,true,,Peyton Manning / Archie Manning / Eli Manning
auto-z-summit-autographs,9,Gold,true,,Drew Brees / Dalton Hilliard / Jimmy Graham
auto-z-summit-autographs,10,Gold,true,,Justin Tucker / Adam Vinatieri / Morten Andersen
auto-z-summit-autographs,11,Gold,true,,Terrell Owens / Donovan McNabb / Harold Carmichael
auto-z-summit-autographs,12,Gold,true,,J.J. McCarthy / Daunte Culpepper / Fran Tarkenton
auto-z-summit-autographs,13,Gold,true,,Jim Harbaugh / Drew Brees / Justin Herbert
auto-z-summit-autographs,14,Gold,true,,Jake Plummer / Jim Hart / Kurt Warner
auto-z-summit-autographs,15,Gold,true,,Justin Herbert / Jalen Hurts / Trevor Lawrence
auto-z-summit-autographs,16,Gold,true,,Joe Montana / Brett Favre / John Elway
auto-z-summit-autographs,1,Red,true,,John Elway / Rick Upchurch / Vance Johnson
auto-z-summit-autographs,2,Red,true,,Emmitt Smith / Daryl Johnston / Tony Dorsett
auto-z-summit-autographs,3,Red,true,,Joe Greene / Bob Lilly / Randy White
auto-z-summit-autographs,4,Red,true,,Antonio Gates / John Jefferson / Kellen Winslow
auto-z-summit-autographs,5,Red,true,,Randy Moss / Cris Carter / Justin Jefferson
auto-z-summit-autographs,6,Red,true,,Deion Sanders / Champ Bailey / Charles Woodson
auto-z-summit-autographs,7,Red,true,,Aaron Donald / Myles Garrett / Nick Bosa
auto-z-summit-autographs,8,Red,true,,Peyton Manning / Archie Manning / Eli Manning
auto-z-summit-autographs,9,Red,true,,Drew Brees / Dalton Hilliard / Jimmy Graham
auto-z-summit-autographs,10,Red,true,,Justin Tucker / Adam Vinatieri / Morten Andersen
auto-z-summit-autographs,11,Red,true,,Terrell Owens / Donovan McNabb / Harold Carmichael
auto-z-summit-autographs,12,Red,true,,J.J. McCarthy / Daunte Culpepper / Fran Tarkenton
auto-z-summit-autographs,13,Red,true,,Jim Harbaugh / Drew Brees / Justin Herbert
auto-z-summit-autographs,14,Red,true,,Jake Plummer / Jim Hart / Kurt Warner
auto-z-summit-autographs,15,Red,true,,Justin Herbert / Jalen Hurts / Trevor Lawrence
auto-z-summit-autographs,16,Red,true,,Joe Montana / Brett Favre / John Elway
auto-z-summit-autographs,1,White,true,,John Elway / Rick Upchurch / Vance Johnson
auto-z-summit-autographs,2,White,true,,Emmitt Smith / Daryl Johnston / Tony Dorsett
auto-z-summit-autographs,3,White,true,,Joe Greene / Bob Lilly / Randy White
auto-z-summit-autographs,4,White,true,,Antonio Gates / John Jefferson / Kellen Winslow
auto-z-summit-autographs,5,White,true,,Randy Moss / Cris Carter / Justin Jefferson
auto-z-summit-autographs,6,White,true,,Deion Sanders / Champ Bailey / Charles Woodson
auto-z-summit-autographs,7,White,true,,Aaron Donald / Myles Garrett / Nick Bosa
auto-z-summit-autographs,8,White,true,,Peyton Manning / Archie Manning / Eli Manning
auto-z-summit-autographs,9,White,true,,Drew Brees / Dalton Hilliard / Jimmy Graham
auto-z-summit-autographs,10,White,true,,Justin Tucker / Adam Vinatieri / Morten Andersen
auto-z-summit-autographs,11,White,true,,Terrell Owens / Donovan McNabb / Harold Carmichael
auto-z-summit-autographs,12,White,true,,J.J. McCarthy / Daunte Culpepper / Fran Tarkenton
auto-z-summit-autographs,13,White,true,,Jim Harbaugh / Drew Brees / Justin Herbert
auto-z-summit-autographs,14,White,true,,Jake Plummer / Jim Hart / Kurt Warner
auto-z-summit-autographs,15,White,true,,Justin Herbert / Jalen Hurts / Trevor Lawrence
auto-z-summit-autographs,16,White,true,,Joe Montana / Brett Favre / John Elway
auto-z-graphs,1,,true,,Jordan Love
auto-z-graphs,1,Spokes,true,25,Jordan Love
auto-z-graphs,1,Lightning,true,10,Jordan Love
auto-z-graphs,1,Kaboom,true,1,Jordan Love
auto-z-graphs,2,,true,,Justin Jefferson
auto-z-graphs,2,Spokes,true,25,Justin Jefferson
auto-z-graphs,2,Lightning,true,10,Justin Jefferson
auto-z-graphs,2,Kaboom,true,1,Justin Jefferson
auto-z-graphs,3,,true,,Myles Garrett
auto-z-graphs,3,Spokes,true,25,Myles Garrett
auto-z-graphs,3,Lightning,true,10,Myles Garrett
auto-z-graphs,3,Kaboom,true,1,Myles Garrett
auto-z-graphs,4,,true,,Justin Tucker
auto-z-graphs,4,Spokes,true,25,Justin Tucker
auto-z-graphs,4,Lightning,true,10,Justin Tucker
auto-z-graphs,4,Kaboom,true,1,Justin Tucker
auto-z-graphs,5,,true,,Tony Pollard
auto-z-graphs,5,Spokes,true,25,Tony Pollard
auto-z-graphs,5,Lightning,true,10,Tony Pollard
auto-z-graphs,5,Kaboom,true,1,Tony Pollard
auto-z-graphs,7,,true,,Jimmy Graham
auto-z-graphs,7,Spokes,true,25,Jimmy Graham
auto-z-graphs,7,Lightning,true,10,Jimmy Graham
auto-z-graphs,7,Kaboom,true,1,Jimmy Graham
auto-z-graphs,8,,true,,Gerald Riggs
auto-z-graphs,8,Spokes,true,25,Gerald Riggs
auto-z-graphs,8,Lightning,true,10,Gerald Riggs
auto-z-graphs,8,Kaboom,true,1,Gerald Riggs
auto-z-graphs,9,,true,,Stanley Morgan
auto-z-graphs,9,Spokes,true,25,Stanley Morgan
auto-z-graphs,9,Lightning,true,10,Stanley Morgan
auto-z-graphs,9,Kaboom,true,1,Stanley Morgan
auto-z-graphs,10,,true,,Deron Cherry
auto-z-graphs,10,Spokes,true,25,Deron Cherry
auto-z-graphs,10,Lightning,true,10,Deron Cherry
auto-z-graphs,10,Kaboom,true,1,Deron Cherry
auto-z-graphs,11,,true,,William Andrews
auto-z-graphs,11,Spokes,true,25,William Andrews
auto-z-graphs,11,Lightning,true,10,William Andrews
auto-z-graphs,11,Kaboom,true,1,William Andrews
auto-z-graphs,12,,true,,Joe Cribbs
auto-z-graphs,12,Spokes,true,25,Joe Cribbs
auto-z-graphs,12,Lightning,true,10,Joe Cribbs
auto-z-graphs,12,Kaboom,true,1,Joe Cribbs
auto-z-graphs,13,,true,,John Jefferson
auto-z-graphs,13,Spokes,true,25,John Jefferson
auto-z-graphs,13,Lightning,true,10,John Jefferson
auto-z-graphs,13,Kaboom,true,1,John Jefferson
auto-z-graphs,14,,true,,Ricky Sanders
auto-z-graphs,14,Spokes,true,25,Ricky Sanders
auto-z-graphs,14,Lightning,true,10,Ricky Sanders
auto-z-graphs,14,Kaboom,true,1,Ricky Sanders
auto-z-graphs,15,,true,,Barry Foster
auto-z-graphs,15,Spokes,true,25,Barry Foster
auto-z-graphs,15,Lightning,true,10,Barry Foster
auto-z-graphs,15,Kaboom,true,1,Barry Foster
auto-z-graphs,17,,true,,Richmond Webb
auto-z-graphs,17,Spokes,true,25,Richmond Webb
auto-z-graphs,17,Lightning,true,10,Richmond Webb
auto-z-graphs,17,Kaboom,true,1,Richmond Webb
auto-z-graphs,18,,true,,Dalton Hilliard
auto-z-graphs,18,Spokes,true,25,Dalton Hilliard
auto-z-graphs,18,Lightning,true,10,Dalton Hilliard
auto-z-graphs,18,Kaboom,true,1,Dalton Hilliard
auto-z-graphs,19,,true,,Chuck Foreman
auto-z-graphs,19,Spokes,true,25,Chuck Foreman
auto-z-graphs,19,Lightning,true,10,Chuck Foreman
auto-z-graphs,19,Kaboom,true,1,Chuck Foreman
auto-z-graphs,20,,true,,Tony Richardson
auto-z-graphs,20,Spokes,true,25,Tony Richardson
auto-z-graphs,20,Lightning,true,10,Tony Richardson
auto-z-graphs,20,Kaboom,true,1,Tony Richardson
auto-z-graphs,21,,true,,Yancey Thigpen
auto-z-graphs,21,Spokes,true,25,Yancey Thigpen
auto-z-graphs,21,Lightning,true,10,Yancey Thigpen
auto-z-graphs,21,Kaboom,true,1,Yancey Thigpen
auto-z-graphs,22,,true,,Tony Boselli
auto-z-graphs,22,Spokes,true,25,Tony Boselli
auto-z-graphs,22,Lightning,true,10,Tony Boselli
auto-z-graphs,22,Kaboom,true,1,Tony Boselli
auto-z-graphs,23,,true,,Jan Stenerud
auto-z-graphs,23,Spokes,true,25,Jan Stenerud
auto-z-graphs,23,Lightning,true,10,Jan Stenerud
auto-z-graphs,23,Kaboom,true,1,Jan Stenerud
auto-z-graphs,24,,true,,Mike Vrabel
auto-z-graphs,24,Spokes,true,25,Mike Vrabel
auto-z-graphs,24,Lightning,true,10,Mike Vrabel
auto-z-graphs,24,Kaboom,true,1,Mike Vrabel
auto-z-graphs,26,,true,,Andre Ware
auto-z-graphs,26,Spokes,true,25,Andre Ware
auto-z-graphs,26,Lightning,true,10,Andre Ware
auto-z-graphs,26,Kaboom,true,1,Andre Ware
auto-z-graphs,27,,true,,Vance Johnson
auto-z-graphs,27,Spokes,true,25,Vance Johnson
auto-z-graphs,27,Lightning,true,10,Vance Johnson
auto-z-graphs,27,Kaboom,true,1,Vance Johnson
auto-z-graphs,28,,true,,T.J. Houshmandzadeh
auto-z-graphs,28,Spokes,true,25,T.J. Houshmandzadeh
auto-z-graphs,28,Lightning,true,10,T.J. Houshmandzadeh
auto-z-graphs,28,Kaboom,true,1,T.J. Houshmandzadeh
auto-z-graphs,29,,true,,Al Toon
auto-z-graphs,29,Spokes,true,25,Al Toon
auto-z-graphs,29,Lightning,true,10,Al Toon
auto-z-graphs,29,Kaboom,true,1,Al Toon
auto-z-graphs,30,,true,,Tom Flores
auto-z-graphs,30,Spokes,true,25,Tom Flores
auto-z-graphs,30,Lightning,true,10,Tom Flores
auto-z-graphs,30,Kaboom,true,1,Tom Flores
auto-z-graphs,31,,true,,Mike Quick
auto-z-graphs,31,Spokes,true,25,Mike Quick
auto-z-graphs,31,Lightning,true,10,Mike Quick
auto-z-graphs,31,Kaboom,true,1,Mike Quick
auto-z-graphs,32,,true,,Ed McCaffrey
auto-z-graphs,32,Spokes,true,25,Ed McCaffrey
auto-z-graphs,32,Lightning,true,10,Ed McCaffrey
auto-z-graphs,32,Kaboom,true,1,Ed McCaffrey
auto-z-graphs,33,,true,,Joe Staley
auto-z-graphs,33,Spokes,true,25,Joe Staley
auto-z-graphs,33,Lightning,true,10,Joe Staley
auto-z-graphs,33,Kaboom,true,1,Joe Staley
auto-z-graphs,34,,true,,Mario Manningham
auto-z-graphs,34,Spokes,true,25,Mario Manningham
auto-z-graphs,34,Lightning,true,10,Mario Manningham
auto-z-graphs,34,Kaboom,true,1,Mario Manningham
auto-z-graphs,35,,true,,Mike Rozier
auto-z-graphs,35,Spokes,true,25,Mike Rozier
auto-z-graphs,35,Lightning,true,10,Mike Rozier
auto-z-graphs,35,Kaboom,true,1,Mike Rozier
auto-z-graphs,36,,true,,Asante Samuel Jr.
auto-z-graphs,36,Spokes,true,25,Asante Samuel Jr.
auto-z-graphs,36,Lightning,true,10,Asante Samuel Jr.
auto-z-graphs,36,Kaboom,true,1,Asante Samuel Jr.
auto-z-graphs,37,,true,,Austin Ekeler
auto-z-graphs,37,Spokes,true,25,Austin Ekeler
auto-z-graphs,37,Lightning,true,10,Austin Ekeler
auto-z-graphs,37,Kaboom,true,1,Austin Ekeler
auto-z-graphs,39,,true,,Vince Young
auto-z-graphs,39,Spokes,true,25,Vince Young
auto-z-graphs,39,Lightning,true,10,Vince Young
auto-z-graphs,39,Kaboom,true,1,Vince Young
auto-z-graphs,40,,true,,Rich Gannon
auto-z-graphs,40,Spokes,true,25,Rich Gannon
auto-z-graphs,40,Lightning,true,10,Rich Gannon
auto-z-graphs,40,Kaboom,true,1,Rich Gannon
auto-z-jersey-autographs,1,,true,,CeeDee Lamb
auto-z-jersey-autographs,1,Red,true,50,CeeDee Lamb
auto-z-jersey-autographs,1,Blue,true,25,CeeDee Lamb
auto-z-jersey-autographs,1,Gold,true,10,CeeDee Lamb
auto-z-jersey-autographs,1,White,true,1,CeeDee Lamb
auto-z-jersey-autographs,2,,true,,Dwayne Bowe
auto-z-jersey-autographs,2,Red,true,50,Dwayne Bowe
auto-z-jersey-autographs,2,Blue,true,25,Dwayne Bowe
auto-z-jersey-autographs,2,Gold,true,10,Dwayne Bowe
auto-z-jersey-autographs,2,White,true,1,Dwayne Bowe
auto-z-jersey-autographs,3,,true,,Kellen Winslow
auto-z-jersey-autographs,3,Red,true,50,Kellen Winslow
auto-z-jersey-autographs,3,Blue,true,25,Kellen Winslow
auto-z-jersey-autographs,3,Gold,true,10,Kellen Winslow
auto-z-jersey-autographs,3,White,true,1,Kellen Winslow
auto-z-jersey-autographs,4,,true,,John Jefferson
auto-z-jersey-autographs,4,Red,true,50,John Jefferson
auto-z-jersey-autographs,4,Blue,true,25,John Jefferson
auto-z-jersey-autographs,4,Gold,true,10,John Jefferson
auto-z-jersey-autographs,4,White,true,1,John Jefferson
auto-z-jersey-autographs,5,,true,,Terrell Owens
auto-z-jersey-autographs,5,Red,true,50,Terrell Owens
auto-z-jersey-autographs,5,Blue,true,25,Terrell Owens
auto-z-jersey-autographs,5,Gold,true,10,Terrell Owens
auto-z-jersey-autographs,5,White,true,1,Terrell Owens
auto-z-jersey-autographs,6,,true,,George Kittle
auto-z-jersey-autographs,6,Red,true,50,George Kittle
auto-z-jersey-autographs,6,Blue,true,25,George Kittle
auto-z-jersey-autographs,6,Gold,true,10,George Kittle
auto-z-jersey-autographs,6,White,true,1,George Kittle
auto-z-jersey-autographs,7,,true,,Rick Upchurch
auto-z-jersey-autographs,7,Red,true,50,Rick Upchurch
auto-z-jersey-autographs,7,Blue,true,25,Rick Upchurch
auto-z-jersey-autographs,7,Gold,true,10,Rick Upchurch
auto-z-jersey-autographs,7,White,true,1,Rick Upchurch
auto-z-jersey-autographs,8,,true,,Vance Johnson
auto-z-jersey-autographs,8,Red,true,50,Vance Johnson
auto-z-jersey-autographs,8,Blue,true,25,Vance Johnson
auto-z-jersey-autographs,8,Gold,true,10,Vance Johnson
auto-z-jersey-autographs,8,White,true,1,Vance Johnson
auto-z-jersey-autographs,9,,true,,Ozzie Newsome
auto-z-jersey-autographs,9,Red,true,50,Ozzie Newsome
auto-z-jersey-autographs,9,Blue,true,25,Ozzie Newsome
auto-z-jersey-autographs,9,Gold,true,10,Ozzie Newsome
auto-z-jersey-autographs,9,White,true,1,Ozzie Newsome
auto-z-jersey-autographs,11,,true,,Mike Quick
auto-z-jersey-autographs,11,Red,true,50,Mike Quick
auto-z-jersey-autographs,11,Blue,true,25,Mike Quick
auto-z-jersey-autographs,11,Gold,true,10,Mike Quick
auto-z-jersey-autographs,11,White,true,1,Mike Quick
auto-z-jersey-autographs,12,,true,,Charlie Joiner
auto-z-jersey-autographs,12,Red,true,50,Charlie Joiner
auto-z-jersey-autographs,12,Blue,true,25,Charlie Joiner
auto-z-jersey-autographs,12,Gold,true,10,Charlie Joiner
auto-z-jersey-autographs,12,White,true,1,Charlie Joiner
auto-z-jersey-autographs,13,,true,,Tony Hill
auto-z-jersey-autographs,13,Red,true,50,Tony Hill
auto-z-jersey-autographs,13,Blue,true,25,Tony Hill
auto-z-jersey-autographs,13,Gold,true,10,Tony Hill
auto-z-jersey-autographs,13,White,true,1,Tony Hill
auto-z-jersey-autographs,14,,true,,Wes Chandler
auto-z-jersey-autographs,14,Red,true,50,Wes Chandler
auto-z-jersey-autographs,14,Blue,true,25,Wes Chandler
auto-z-jersey-autographs,14,Gold,true,10,Wes Chandler
auto-z-jersey-autographs,14,White,true,1,Wes Chandler
auto-z-jersey-autographs,15,,true,,Butch Johnson
auto-z-jersey-autographs,15,Red,true,50,Butch Johnson
auto-z-jersey-autographs,15,Blue,true,25,Butch Johnson
auto-z-jersey-autographs,15,Gold,true,10,Butch Johnson
auto-z-jersey-autographs,15,White,true,1,Butch Johnson
auto-z-jersey-autographs,16,,true,,Kindle Vildor
auto-z-jersey-autographs,16,Red,true,50,Kindle Vildor
auto-z-jersey-autographs,16,Blue,true,25,Kindle Vildor
auto-z-jersey-autographs,16,Gold,true,10,Kindle Vildor
auto-z-jersey-autographs,16,White,true,1,Kindle Vildor
auto-z-jersey-autographs,17,,true,,Mario Manningham
auto-z-jersey-autographs,17,Red,true,50,Mario Manningham
auto-z-jersey-autographs,17,Blue,true,25,Mario Manningham
auto-z-jersey-autographs,17,Gold,true,10,Mario Manningham
auto-z-jersey-autographs,17,White,true,1,Mario Manningham
auto-z-jersey-autographs,18,,true,,Michael Irvin
auto-z-jersey-autographs,18,Red,true,50,Michael Irvin
auto-z-jersey-autographs,18,Blue,true,25,Michael Irvin
auto-z-jersey-autographs,18,Gold,true,10,Michael Irvin
auto-z-jersey-autographs,18,White,true,1,Michael Irvin
auto-z-jersey-autographs,19,,true,,Chuck Foreman
auto-z-jersey-autographs,19,Red,true,50,Chuck Foreman
auto-z-jersey-autographs,19,Blue,true,25,Chuck Foreman
auto-z-jersey-autographs,19,Gold,true,10,Chuck Foreman
auto-z-jersey-autographs,19,White,true,1,Chuck Foreman
auto-z-jersey-autographs,20,,true,,George Teague
auto-z-jersey-autographs,20,Red,true,50,George Teague
auto-z-jersey-autographs,20,Blue,true,25,George Teague
auto-z-jersey-autographs,20,Gold,true,10,George Teague
auto-z-jersey-autographs,20,White,true,1,George Teague
auto-z-jersey-autographs,21,,true,,Clinton Portis
auto-z-jersey-autographs,21,Red,true,50,Clinton Portis
auto-z-jersey-autographs,21,Blue,true,25,Clinton Portis
auto-z-jersey-autographs,21,Gold,true,10,Clinton Portis
auto-z-jersey-autographs,21,White,true,1,Clinton Portis
auto-z-jersey-autographs,22,,true,,Harold Carmichael
auto-z-jersey-autographs,22,Red,true,50,Harold Carmichael
auto-z-jersey-autographs,22,Blue,true,25,Harold Carmichael
auto-z-jersey-autographs,22,Gold,true,10,Harold Carmichael
auto-z-jersey-autographs,22,White,true,1,Harold Carmichael
auto-z-jersey-autographs,23,,true,,Steven Jackson
auto-z-jersey-autographs,23,Red,true,50,Steven Jackson
auto-z-jersey-autographs,23,Blue,true,25,Steven Jackson
auto-z-jersey-autographs,23,Gold,true,10,Steven Jackson
auto-z-jersey-autographs,23,White,true,1,Steven Jackson
auto-z-jersey-autographs,26,,true,,Jimmy Graham
auto-z-jersey-autographs,26,Red,true,50,Jimmy Graham
auto-z-jersey-autographs,26,Blue,true,25,Jimmy Graham
auto-z-jersey-autographs,26,Gold,true,10,Jimmy Graham
auto-z-jersey-autographs,26,White,true,1,Jimmy Graham
auto-z-jersey-autographs,28,,true,,Puka Nacua
auto-z-jersey-autographs,28,Red,true,50,Puka Nacua
auto-z-jersey-autographs,28,Blue,true,25,Puka Nacua
auto-z-jersey-autographs,28,Gold,true,10,Puka Nacua
auto-z-jersey-autographs,28,White,true,1,Puka Nacua
auto-z-jersey-autographs,29,,true,,Jalen Hurts
auto-z-jersey-autographs,29,Red,true,50,Jalen Hurts
auto-z-jersey-autographs,29,Blue,true,25,Jalen Hurts
auto-z-jersey-autographs,29,Gold,true,10,Jalen Hurts
auto-z-jersey-autographs,29,White,true,1,Jalen Hurts
auto-z-jersey-autographs,30,,true,,Jordan Love
auto-z-jersey-autographs,30,Red,true,50,Jordan Love
auto-z-jersey-autographs,30,Blue,true,25,Jordan Love
auto-z-jersey-autographs,30,Gold,true,10,Jordan Love
auto-z-jersey-autographs,30,White,true,1,Jordan Love
auto-z-jersey-autographs,31,,true,,Trevor Lawrence
auto-z-jersey-autographs,31,Red,true,50,Trevor Lawrence
auto-z-jersey-autographs,31,Blue,true,25,Trevor Lawrence
auto-z-jersey-autographs,31,Gold,true,10,Trevor Lawrence
auto-z-jersey-autographs,31,White,true,1,Trevor Lawrence
auto-z-jersey-autographs,32,,true,,Justin Tucker
auto-z-jersey-autographs,32,Red,true,50,Justin Tucker
auto-z-jersey-autographs,32,Blue,true,25,Justin Tucker
auto-z-jersey-autographs,32,Gold,true,10,Justin Tucker
auto-z-jersey-autographs,32,White,true,1,Justin Tucker
auto-z-jersey-autographs,33,,true,,Myles Garrett
auto-z-jersey-autographs,33,Red,true,50,Myles Garrett
auto-z-jersey-autographs,33,Blue,true,25,Myles Garrett
auto-z-jersey-autographs,33,Gold,true,10,Myles Garrett
auto-z-jersey-autographs,33,White,true,1,Myles Garrett
auto-z-jersey-autographs,34,,true,,Terrell Owens
auto-z-jersey-autographs,34,Red,true,50,Terrell Owens
auto-z-jersey-autographs,34,Blue,true,25,Terrell Owens
auto-z-jersey-autographs,34,Gold,true,10,Terrell Owens
auto-z-jersey-autographs,34,White,true,1,Terrell Owens
auto-z-jersey-autographs,35,,true,,"Ahmad ""Sauce"" Gardner"
auto-z-jersey-autographs,35,Red,true,50,"Ahmad ""Sauce"" Gardner"
auto-z-jersey-autographs,35,Blue,true,25,"Ahmad ""Sauce"" Gardner"
auto-z-jersey-autographs,35,Gold,true,10,"Ahmad ""Sauce"" Gardner"
auto-z-jersey-autographs,35,White,true,1,"Ahmad ""Sauce"" Gardner"
auto-z-jersey-autographs,36,,true,,Marquez Valdes-Scantling
auto-z-jersey-autographs,36,Red,true,50,Marquez Valdes-Scantling
auto-z-jersey-autographs,36,Blue,true,25,Marquez Valdes-Scantling
auto-z-jersey-autographs,36,Gold,true,10,Marquez Valdes-Scantling
auto-z-jersey-autographs,36,White,true,1,Marquez Valdes-Scantling
auto-z-jersey-autographs,37,,true,,J.J. McCarthy
auto-z-jersey-autographs,37,Red,true,50,J.J. McCarthy
auto-z-jersey-autographs,37,Blue,true,25,J.J. McCarthy
auto-z-jersey-autographs,37,Gold,true,10,J.J. McCarthy
auto-z-jersey-autographs,37,White,true,1,J.J. McCarthy
auto-z-jersey-autographs,38,,true,,Michael Penix Jr.
auto-z-jersey-autographs,38,Red,true,50,Michael Penix Jr.
auto-z-jersey-autographs,38,Blue,true,25,Michael Penix Jr.
auto-z-jersey-autographs,38,Gold,true,10,Michael Penix Jr.
auto-z-jersey-autographs,38,White,true,1,Michael Penix Jr.
auto-z-jersey-autographs,39,,true,,Rome Odunze
auto-z-jersey-autographs,39,Red,true,50,Rome Odunze
auto-z-jersey-autographs,39,Blue,true,25,Rome Odunze
auto-z-jersey-autographs,39,Gold,true,10,Rome Odunze
auto-z-jersey-autographs,39,White,true,1,Rome Odunze
auto-z-jersey-autographs,40,,true,,Blake Corum
auto-z-jersey-autographs,40,Red,true,50,Blake Corum
auto-z-jersey-autographs,40,Blue,true,25,Blake Corum
auto-z-jersey-autographs,40,Gold,true,10,Blake Corum
auto-z-jersey-autographs,40,White,true,1,Blake Corum
auto-z-jersey-autographs,41,,true,,Dallas Turner
auto-z-jersey-autographs,41,Red,true,50,Dallas Turner
auto-z-jersey-autographs,41,Blue,true,25,Dallas Turner
auto-z-jersey-autographs,41,Gold,true,10,Dallas Turner
auto-z-jersey-autographs,41,White,true,1,Dallas Turner
auto-z-jersey-autographs,42,,true,,Keon Coleman
auto-z-jersey-autographs,42,Red,true,50,Keon Coleman
auto-z-jersey-autographs,42,Blue,true,25,Keon Coleman
auto-z-jersey-autographs,42,Gold,true,10,Keon Coleman
auto-z-jersey-autographs,42,White,true,1,Keon Coleman
insert-color-guard,1,,false,,Caleb Williams
insert-color-guard,1,Prime,false,49,Caleb Williams
insert-color-guard,1,Brand Logo Laundry Tag,false,1,Caleb Williams
insert-color-guard,1,NFL Shield Laundry Tag,false,1,Caleb Williams
insert-color-guard,1,Players Shield Laundry Tag,false,1,Caleb Williams
insert-color-guard,2,,false,,Jayden Daniels
insert-color-guard,2,Prime,false,49,Jayden Daniels
insert-color-guard,2,Brand Logo Laundry Tag,false,1,Jayden Daniels
insert-color-guard,2,NFL Shield Laundry Tag,false,1,Jayden Daniels
insert-color-guard,2,Players Shield Laundry Tag,false,1,Jayden Daniels
insert-color-guard,3,,false,,Bo Nix
insert-color-guard,3,Prime,false,49,Bo Nix
insert-color-guard,3,Brand Logo Laundry Tag,false,1,Bo Nix
insert-color-guard,3,NFL Shield Laundry Tag,false,1,Bo Nix
insert-color-guard,3,Players Shield Laundry Tag,false,1,Bo Nix
insert-color-guard,4,,false,,Marvin Harrison Jr.
insert-color-guard,4,Prime,false,49,Marvin Harrison Jr.
insert-color-guard,4,Brand Logo Laundry Tag,false,1,Marvin Harrison Jr.
insert-color-guard,4,NFL Shield Laundry Tag,false,1,Marvin Harrison Jr.
insert-color-guard,4,Players Shield Laundry Tag,false,1,Marvin Harrison Jr.
insert-color-guard,5,,false,,Malik Nabers
insert-color-guard,5,Prime,false,49,Malik Nabers
insert-color-guard,5,Brand Logo Laundry Tag,false,1,Malik Nabers
insert-color-guard,5,NFL Shield Laundry Tag,false,1,Malik Nabers
insert-color-guard,5,Players Shield Laundry Tag,false,1,Malik Nabers
insert-color-guard,6,,false,,Xavier Worthy
insert-color-guard,6,Prime,false,49,Xavier Worthy
insert-color-guard,6,Brand Logo Laundry Tag,false,1,Xavier Worthy
insert-color-guard,6,NFL Shield Laundry Tag,false,1,Xavier Worthy
insert-color-guard,6,Players Shield Laundry Tag,false,1,Xavier Worthy
insert-color-guard,7,,false,,Brock Bowers
insert-color-guard,7,Prime,false,49,Brock Bowers
insert-color-guard,7,Brand Logo Laundry Tag,false,1,Brock Bowers
insert-color-guard,7,NFL Shield Laundry Tag,false,1,Brock Bowers
insert-color-guard,7,Players Shield Laundry Tag,false,1,Brock Bowers
insert-color-guard,8,,false,,Patrick Mahomes II
insert-color-guard,8,Prime,false,49,Patrick Mahomes II
insert-color-guard,8,Brand Logo Laundry Tag,false,1,Patrick Mahomes II
insert-color-guard,8,NFL Shield Laundry Tag,false,1,Patrick Mahomes II
insert-color-guard,8,Players Shield Laundry Tag,false,1,Patrick Mahomes II
insert-color-guard,9,,false,,Jalen Hurts
insert-color-guard,9,Prime,false,49,Jalen Hurts
insert-color-guard,9,Brand Logo Laundry Tag,false,1,Jalen Hurts
insert-color-guard,9,NFL Shield Laundry Tag,false,1,Jalen Hurts
insert-color-guard,9,Players Shield Laundry Tag,false,1,Jalen Hurts
insert-color-guard,10,,false,,Trevor Lawrence
insert-color-guard,10,Prime,false,49,Trevor Lawrence
insert-color-guard,10,Brand Logo Laundry Tag,false,1,Trevor Lawrence
insert-color-guard,10,NFL Shield Laundry Tag,false,1,Trevor Lawrence
insert-color-guard,10,Players Shield Laundry Tag,false,1,Trevor Lawrence
insert-color-guard,11,,false,,Joe Burrow
insert-color-guard,11,Prime,false,49,Joe Burrow
insert-color-guard,11,Brand Logo Laundry Tag,false,1,Joe Burrow
insert-color-guard,11,NFL Shield Laundry Tag,false,1,Joe Burrow
insert-color-guard,11,Players Shield Laundry Tag,false,1,Joe Burrow
insert-color-guard,12,,false,,Tua Tagovailoa
insert-color-guard,12,Prime,false,49,Tua Tagovailoa
insert-color-guard,12,Brand Logo Laundry Tag,false,1,Tua Tagovailoa
insert-color-guard,12,NFL Shield Laundry Tag,false,1,Tua Tagovailoa
insert-color-guard,12,Players Shield Laundry Tag,false,1,Tua Tagovailoa
insert-color-guard,13,,false,,CeeDee Lamb
insert-color-guard,13,Prime,false,49,CeeDee Lamb
insert-color-guard,13,Brand Logo Laundry Tag,false,1,CeeDee Lamb
insert-color-guard,13,NFL Shield Laundry Tag,false,1,CeeDee Lamb
insert-color-guard,13,Players Shield Laundry Tag,false,1,CeeDee Lamb
insert-color-guard,14,,false,,Justin Jefferson
insert-color-guard,14,Prime,false,49,Justin Jefferson
insert-color-guard,14,Brand Logo Laundry Tag,false,1,Justin Jefferson
insert-color-guard,14,NFL Shield Laundry Tag,false,1,Justin Jefferson
insert-color-guard,14,Players Shield Laundry Tag,false,1,Justin Jefferson
insert-color-guard,15,,false,,Ja'Marr Chase
insert-color-guard,15,Prime,false,49,Ja'Marr Chase
insert-color-guard,15,Brand Logo Laundry Tag,false,1,Ja'Marr Chase
insert-color-guard,15,NFL Shield Laundry Tag,false,1,Ja'Marr Chase
insert-color-guard,15,Players Shield Laundry Tag,false,1,Ja'Marr Chase
insert-color-guard,16,,false,,Travis Kelce
insert-color-guard,16,Prime,false,49,Travis Kelce
insert-color-guard,16,Brand Logo Laundry Tag,false,1,Travis Kelce
insert-color-guard,16,NFL Shield Laundry Tag,false,1,Travis Kelce
insert-color-guard,16,Players Shield Laundry Tag,false,1,Travis Kelce
insert-color-guard,17,,false,,George Kittle
insert-color-guard,17,Prime,false,49,George Kittle
insert-color-guard,17,Brand Logo Laundry Tag,false,1,George Kittle
insert-color-guard,17,NFL Shield Laundry Tag,false,1,George Kittle
insert-color-guard,17,Players Shield Laundry Tag,false,1,George Kittle
insert-color-guard,18,,false,,Nick Bosa
insert-color-guard,18,Prime,false,49,Nick Bosa
insert-color-guard,18,Brand Logo Laundry Tag,false,1,Nick Bosa
insert-color-guard,18,NFL Shield Laundry Tag,false,1,Nick Bosa
insert-color-guard,18,Players Shield Laundry Tag,false,1,Nick Bosa
insert-color-guard,19,,false,,Maxx Crosby
insert-color-guard,19,Prime,false,49,Maxx Crosby
insert-color-guard,19,Brand Logo Laundry Tag,false,1,Maxx Crosby
insert-color-guard,19,NFL Shield Laundry Tag,false,1,Maxx Crosby
insert-color-guard,19,Players Shield Laundry Tag,false,1,Maxx Crosby
insert-color-guard,20,,false,,Derrick Henry
insert-color-guard,20,Prime,false,49,Derrick Henry
insert-color-guard,20,Brand Logo Laundry Tag,false,1,Derrick Henry
insert-color-guard,20,NFL Shield Laundry Tag,false,1,Derrick Henry
insert-color-guard,20,Players Shield Laundry Tag,false,1,Derrick Henry
insert-turning-pro-memorabilia,1,,false,,Caleb Williams
insert-turning-pro-memorabilia,1,Prime,false,49,Caleb Williams
insert-turning-pro-memorabilia,1,Brand Logo Laundry Tag,false,1,Caleb Williams
insert-turning-pro-memorabilia,1,NFL Shield Laundry Tag,false,1,Caleb Williams
insert-turning-pro-memorabilia,1,Players Shield Laundry Tag,false,1,Caleb Williams
insert-turning-pro-memorabilia,2,,false,,Jayden Daniels
insert-turning-pro-memorabilia,2,Prime,false,49,Jayden Daniels
insert-turning-pro-memorabilia,2,Brand Logo Laundry Tag,false,1,Jayden Daniels
insert-turning-pro-memorabilia,2,NFL Shield Laundry Tag,false,1,Jayden Daniels
insert-turning-pro-memorabilia,2,Players Shield Laundry Tag,false,1,Jayden Daniels
insert-turning-pro-memorabilia,3,,false,,Drake Maye
insert-turning-pro-memorabilia,3,Prime,false,49,Drake Maye
insert-turning-pro-memorabilia,3,Brand Logo Laundry Tag,false,1,Drake Maye
insert-turning-pro-memorabilia,3,NFL Shield Laundry Tag,false,1,Drake Maye
insert-turning-pro-memorabilia,3,Players Shield Laundry Tag,false,1,Drake Maye
insert-turning-pro-memorabilia,4,,false,,Marvin Harrison Jr.
insert-turning-pro-memorabilia,4,Prime,false,49,Marvin Harrison Jr.
insert-turning-pro-memorabilia,4,Brand Logo Laundry Tag,false,1,Marvin Harrison Jr.
insert-turning-pro-memorabilia,4,NFL Shield Laundry Tag,false,1,Marvin Harrison Jr.
insert-turning-pro-memorabilia,4,Players Shield Laundry Tag,false,1,Marvin Harrison Jr.
insert-turning-pro-memorabilia,5,,false,,Brock Bowers
insert-turning-pro-memorabilia,5,Prime,false,49,Brock Bowers
insert-turning-pro-memorabilia,5,Brand Logo Laundry Tag,false,1,Brock Bowers
insert-turning-pro-memorabilia,5,NFL Shield Laundry Tag,false,1,Brock Bowers
insert-turning-pro-memorabilia,5,Players Shield Laundry Tag,false,1,Brock Bowers
insert-turning-pro-memorabilia,6,,false,,Xavier Worthy
insert-turning-pro-memorabilia,6,Prime,false,49,Xavier Worthy
insert-turning-pro-memorabilia,6,Brand Logo Laundry Tag,false,1,Xavier Worthy
insert-turning-pro-memorabilia,6,NFL Shield Laundry Tag,false,1,Xavier Worthy
insert-turning-pro-memorabilia,6,Players Shield Laundry Tag,false,1,Xavier Worthy
insert-turning-pro-memorabilia,7,,false,,Malik Nabers
insert-turning-pro-memorabilia,7,Prime,false,49,Malik Nabers
insert-turning-pro-memorabilia,7,Brand Logo Laundry Tag,false,1,Malik Nabers
insert-turning-pro-memorabilia,7,NFL Shield Laundry Tag,false,1,Malik Nabers
insert-turning-pro-memorabilia,7,Players Shield Laundry Tag,false,1,Malik Nabers
insert-turning-pro-memorabilia,8,,false,,Michael Penix Jr.
insert-turning-pro-memorabilia,8,Prime,false,49,Michael Penix Jr.
insert-turning-pro-memorabilia,8,Brand Logo Laundry Tag,false,1,Michael Penix Jr.
insert-turning-pro-memorabilia,8,NFL Shield Laundry Tag,false,1,Michael Penix Jr.
insert-turning-pro-memorabilia,8,Players Shield Laundry Tag,false,1,Michael Penix Jr.
insert-turning-pro-memorabilia,9,,false,,J.J. McCarthy
insert-turning-pro-memorabilia,9,Prime,false,49,J.J. McCarthy
insert-turning-pro-memorabilia,9,Brand Logo Laundry Tag,false,1,J.J. McCarthy
insert-turning-pro-memorabilia,9,NFL Shield Laundry Tag,false,1,J.J. McCarthy
insert-turning-pro-memorabilia,9,Players Shield Laundry Tag,false,1,J.J. McCarthy
insert-turning-pro-memorabilia,10,,false,,Joe Milton III
insert-turning-pro-memorabilia,10,Prime,false,49,Joe Milton III
insert-turning-pro-memorabilia,10,Brand Logo Laundry Tag,false,1,Joe Milton III
insert-turning-pro-memorabilia,10,NFL Shield Laundry Tag,false,1,Joe Milton III
insert-turning-pro-memorabilia,10,Players Shield Laundry Tag,false,1,Joe Milton III
insert-turning-pro-memorabilia,11,,false,,Michael Pratt
insert-turning-pro-memorabilia,11,Prime,false,49,Michael Pratt
insert-turning-pro-memorabilia,11,Brand Logo Laundry Tag,false,1,Michael Pratt
insert-turning-pro-memorabilia,11,NFL Shield Laundry Tag,false,1,Michael Pratt
insert-turning-pro-memorabilia,11,Players Shield Laundry Tag,false,1,Michael Pratt
insert-turning-pro-memorabilia,12,,false,,Spencer Rattler
insert-turning-pro-memorabilia,12,Prime,false,49,Spencer Rattler
insert-turning-pro-memorabilia,12,Brand Logo Laundry Tag,false,1,Spencer Rattler
insert-turning-pro-memorabilia,12,NFL Shield Laundry Tag,false,1,Spencer Rattler
insert-turning-pro-memorabilia,12,Players Shield Laundry Tag,false,1,Spencer Rattler
insert-turning-pro-memorabilia,13,,false,,Devin Leary
insert-turning-pro-memorabilia,13,Prime,false,49,Devin Leary
insert-turning-pro-memorabilia,13,Brand Logo Laundry Tag,false,1,Devin Leary
insert-turning-pro-memorabilia,13,NFL Shield Laundry Tag,false,1,Devin Leary
insert-turning-pro-memorabilia,13,Players Shield Laundry Tag,false,1,Devin Leary
insert-turning-pro-memorabilia,14,,false,,Rome Odunze
insert-turning-pro-memorabilia,14,Prime,false,49,Rome Odunze
insert-turning-pro-memorabilia,14,Brand Logo Laundry Tag,false,1,Rome Odunze
insert-turning-pro-memorabilia,14,NFL Shield Laundry Tag,false,1,Rome Odunze
insert-turning-pro-memorabilia,14,Players Shield Laundry Tag,false,1,Rome Odunze
insert-turning-pro-memorabilia,15,,false,,Brian Thomas Jr.
insert-turning-pro-memorabilia,15,Prime,false,49,Brian Thomas Jr.
insert-turning-pro-memorabilia,15,Brand Logo Laundry Tag,false,1,Brian Thomas Jr.
insert-turning-pro-memorabilia,15,NFL Shield Laundry Tag,false,1,Brian Thomas Jr.
insert-turning-pro-memorabilia,15,Players Shield Laundry Tag,false,1,Brian Thomas Jr.
insert-turning-pro-memorabilia,16,,false,,Ricky Pearsall
insert-turning-pro-memorabilia,16,Prime,false,49,Ricky Pearsall
insert-turning-pro-memorabilia,16,Brand Logo Laundry Tag,false,1,Ricky Pearsall
insert-turning-pro-memorabilia,16,NFL Shield Laundry Tag,false,1,Ricky Pearsall
insert-turning-pro-memorabilia,16,Players Shield Laundry Tag,false,1,Ricky Pearsall
insert-turning-pro-memorabilia,17,,false,,Keon Coleman
insert-turning-pro-memorabilia,17,Prime,false,49,Keon Coleman
insert-turning-pro-memorabilia,17,Brand Logo Laundry Tag,false,1,Keon Coleman
insert-turning-pro-memorabilia,17,NFL Shield Laundry Tag,false,1,Keon Coleman
insert-turning-pro-memorabilia,17,Players Shield Laundry Tag,false,1,Keon Coleman
insert-turning-pro-memorabilia,18,,false,,Blake Corum
insert-turning-pro-memorabilia,18,Prime,false,49,Blake Corum
insert-turning-pro-memorabilia,18,Brand Logo Laundry Tag,false,1,Blake Corum
insert-turning-pro-memorabilia,18,NFL Shield Laundry Tag,false,1,Blake Corum
insert-turning-pro-memorabilia,18,Players Shield Laundry Tag,false,1,Blake Corum
insert-turning-pro-memorabilia,19,,false,,Jonathon Brooks
insert-turning-pro-memorabilia,19,Prime,false,49,Jonathon Brooks
insert-turning-pro-memorabilia,19,Brand Logo Laundry Tag,false,1,Jonathon Brooks
insert-turning-pro-memorabilia,19,NFL Shield Laundry Tag,false,1,Jonathon Brooks
insert-turning-pro-memorabilia,19,Players Shield Laundry Tag,false,1,Jonathon Brooks
insert-turning-pro-memorabilia,20,,false,,Audric Estime
insert-turning-pro-memorabilia,20,Prime,false,49,Audric Estime
insert-turning-pro-memorabilia,20,Brand Logo Laundry Tag,false,1,Audric Estime
insert-turning-pro-memorabilia,20,NFL Shield Laundry Tag,false,1,Audric Estime
insert-turning-pro-memorabilia,20,Players Shield Laundry Tag,false,1,Audric Estime
insert-z-jersey,1,,false,,Caleb Williams
insert-z-jersey,1,Prime,false,49,Caleb Williams
insert-z-jersey,1,Brand Logo Laundry Tag,false,1,Caleb Williams
insert-z-jersey,1,NFL Shield Laundry Tag,false,1,Caleb Williams
insert-z-jersey,1,Players Shield Laundry Tag,false,1,Caleb Williams
insert-z-jersey,2,,false,,Drake Maye
insert-z-jersey,2,Prime,false,49,Drake Maye
insert-z-jersey,2,Brand Logo Laundry Tag,false,1,Drake Maye
insert-z-jersey,2,NFL Shield Laundry Tag,false,1,Drake Maye
insert-z-jersey,2,Players Shield Laundry Tag,false,1,Drake Maye
insert-z-jersey,3,,false,,Jayden Daniels
insert-z-jersey,3,Prime,false,49,Jayden Daniels
insert-z-jersey,3,Brand Logo Laundry Tag,false,1,Jayden Daniels
insert-z-jersey,3,NFL Shield Laundry Tag,false,1,Jayden Daniels
insert-z-jersey,3,Players Shield Laundry Tag,false,1,Jayden Daniels
insert-z-jersey,4,,false,,Bo Nix
insert-z-jersey,4,Prime,false,49,Bo Nix
insert-z-jersey,4,Brand Logo Laundry Tag,false,1,Bo Nix
insert-z-jersey,4,NFL Shield Laundry Tag,false,1,Bo Nix
insert-z-jersey,4,Players Shield Laundry Tag,false,1,Bo Nix
insert-z-jersey,5,,false,,Brock Bowers
insert-z-jersey,5,Prime,false,49,Brock Bowers
insert-z-jersey,5,Brand Logo Laundry Tag,false,1,Brock Bowers
insert-z-jersey,5,NFL Shield Laundry Tag,false,1,Brock Bowers
insert-z-jersey,5,Players Shield Laundry Tag,false,1,Brock Bowers
insert-z-jersey,6,,false,,Marvin Harrison Jr.
insert-z-jersey,6,Prime,false,49,Marvin Harrison Jr.
insert-z-jersey,6,Brand Logo Laundry Tag,false,1,Marvin Harrison Jr.
insert-z-jersey,6,NFL Shield Laundry Tag,false,1,Marvin Harrison Jr.
insert-z-jersey,6,Players Shield Laundry Tag,false,1,Marvin Harrison Jr.
insert-z-jersey,7,,false,,Xavier Worthy
insert-z-jersey,7,Prime,false,49,Xavier Worthy
insert-z-jersey,7,Brand Logo Laundry Tag,false,1,Xavier Worthy
insert-z-jersey,7,NFL Shield Laundry Tag,false,1,Xavier Worthy
insert-z-jersey,7,Players Shield Laundry Tag,false,1,Xavier Worthy
insert-z-jersey,8,,false,,Malik Nabers
insert-z-jersey,8,Prime,false,49,Malik Nabers
insert-z-jersey,8,Brand Logo Laundry Tag,false,1,Malik Nabers
insert-z-jersey,8,NFL Shield Laundry Tag,false,1,Malik Nabers
insert-z-jersey,8,Players Shield Laundry Tag,false,1,Malik Nabers
insert-z-jersey,9,,false,,J.J. McCarthy
insert-z-jersey,9,Prime,false,49,J.J. McCarthy
insert-z-jersey,9,Brand Logo Laundry Tag,false,1,J.J. McCarthy
insert-z-jersey,9,NFL Shield Laundry Tag,false,1,J.J. McCarthy
insert-z-jersey,9,Players Shield Laundry Tag,false,1,J.J. McCarthy
insert-z-jersey,10,,false,,Michael Penix Jr.
insert-z-jersey,10,Prime,false,49,Michael Penix Jr.
insert-z-jersey,10,Brand Logo Laundry Tag,false,1,Michael Penix Jr.
insert-z-jersey,10,NFL Shield Laundry Tag,false,1,Michael Penix Jr.
insert-z-jersey,10,Players Shield Laundry Tag,false,1,Michael Penix Jr.
insert-z-jersey,11,,false,,Patrick Mahomes II
insert-z-jersey,11,Prime,false,49,Patrick Mahomes II
insert-z-jersey,11,Brand Logo Laundry Tag,false,1,Patrick Mahomes II
insert-z-jersey,11,NFL Shield Laundry Tag,false,1,Patrick Mahomes II
insert-z-jersey,11,Players Shield Laundry Tag,false,1,Patrick Mahomes II
insert-z-jersey,12,,false,,Trevor Lawrence
insert-z-jersey,12,Prime,false,49,Trevor Lawrence
insert-z-jersey,12,Brand Logo Laundry Tag,false,1,Trevor Lawrence
insert-z-jersey,12,NFL Shield Laundry Tag,false,1,Trevor Lawrence
insert-z-jersey,12,Players Shield Laundry Tag,false,1,Trevor Lawrence
insert-z-jersey,13,,false,,Jalen Hurts
insert-z-jersey,13,Prime,false,49,Jalen Hurts
insert-z-jersey,13,Brand Logo Laundry Tag,false,1,Jalen Hurts
insert-z-jersey,13,NFL Shield Laundry Tag,false,1,Jalen Hurts
insert-z-jersey,13,Players Shield Laundry Tag,false,1,Jalen Hurts
insert-z-jersey,14,,false,,Justin Herbert
insert-z-jersey,14,Prime,false,49,Justin Herbert
insert-z-jersey,14,Brand Logo Laundry Tag,false,1,Justin Herbert
insert-z-jersey,14,NFL Shield Laundry Tag,false,1,Justin Herbert
insert-z-jersey,14,Players Shield Laundry Tag,false,1,Justin Herbert
insert-z-jersey,15,,false,,Joe Burrow
insert-z-jersey,15,Prime,false,49,Joe Burrow
insert-z-jersey,15,Brand Logo Laundry Tag,false,1,Joe Burrow
insert-z-jersey,15,NFL Shield Laundry Tag,false,1,Joe Burrow
insert-z-jersey,15,Players Shield Laundry Tag,false,1,Joe Burrow
insert-z-jersey,16,,false,,Josh Allen
insert-z-jersey,16,Prime,false,49,Josh Allen
insert-z-jersey,16,Brand Logo Laundry Tag,false,1,Josh Allen
insert-z-jersey,16,NFL Shield Laundry Tag,false,1,Josh Allen
insert-z-jersey,16,Players Shield Laundry Tag,false,1,Josh Allen
insert-z-jersey,17,,false,,Tua Tagovailoa
insert-z-jersey,17,Prime,false,49,Tua Tagovailoa
insert-z-jersey,17,Brand Logo Laundry Tag,false,1,Tua Tagovailoa
insert-z-jersey,17,NFL Shield Laundry Tag,false,1,Tua Tagovailoa
insert-z-jersey,17,Players Shield Laundry Tag,false,1,Tua Tagovailoa
insert-z-jersey,18,,false,,Jared Goff
insert-z-jersey,18,Prime,false,49,Jared Goff
insert-z-jersey,18,Brand Logo Laundry Tag,false,1,Jared Goff
insert-z-jersey,18,NFL Shield Laundry Tag,false,1,Jared Goff
insert-z-jersey,18,Players Shield Laundry Tag,false,1,Jared Goff
insert-z-jersey,19,,false,,CeeDee Lamb
insert-z-jersey,19,Prime,false,49,CeeDee Lamb
insert-z-jersey,19,Brand Logo Laundry Tag,false,1,CeeDee Lamb
insert-z-jersey,19,NFL Shield Laundry Tag,false,1,CeeDee Lamb
insert-z-jersey,19,Players Shield Laundry Tag,false,1,CeeDee Lamb
insert-z-jersey,20,,false,,Justin Jefferson
insert-z-jersey,20,Prime,false,49,Justin Jefferson
insert-z-jersey,20,Brand Logo Laundry Tag,false,1,Justin Jefferson
insert-z-jersey,20,NFL Shield Laundry Tag,false,1,Justin Jefferson
insert-z-jersey,20,Players Shield Laundry Tag,false,1,Justin Jefferson
insert-z-jersey,21,,false,,Ja'Marr Chase
insert-z-jersey,21,Prime,false,49,Ja'Marr Chase
insert-z-jersey,21,Brand Logo Laundry Tag,false,1,Ja'Marr Chase
insert-z-jersey,21,NFL Shield Laundry Tag,false,1,Ja'Marr Chase
insert-z-jersey,21,Players Shield Laundry Tag,false,1,Ja'Marr Chase
insert-z-jersey,22,,false,,Derrick Henry
insert-z-jersey,22,Prime,false,49,Derrick Henry
insert-z-jersey,22,Brand Logo Laundry Tag,false,1,Derrick Henry
insert-z-jersey,22,NFL Shield Laundry Tag,false,1,Derrick Henry
insert-z-jersey,22,Players Shield Laundry Tag,false,1,Derrick Henry
insert-z-jersey,23,,false,,Travis Kelce
insert-z-jersey,23,Prime,false,49,Travis Kelce
insert-z-jersey,23,Brand Logo Laundry Tag,false,1,Travis Kelce
insert-z-jersey,23,NFL Shield Laundry Tag,false,1,Travis Kelce
insert-z-jersey,23,Players Shield Laundry Tag,false,1,Travis Kelce
insert-z-jersey,24,,false,,Sam LaPorta
insert-z-jersey,24,Prime,false,49,Sam LaPorta
insert-z-jersey,24,Brand Logo Laundry Tag,false,1,Sam LaPorta
insert-z-jersey,24,NFL Shield Laundry Tag,false,1,Sam LaPorta
insert-z-jersey,24,Players Shield Laundry Tag,false,1,Sam LaPorta
insert-z-jersey,25,,false,,Josh Jacobs
insert-z-jersey,25,Prime,false,49,Josh Jacobs
insert-z-jersey,25,Brand Logo Laundry Tag,false,1,Josh Jacobs
insert-z-jersey,25,NFL Shield Laundry Tag,false,1,Josh Jacobs
insert-z-jersey,25,Players Shield Laundry Tag,false,1,Josh Jacobs
insert-z-jersey,26,,false,,Amon-Ra St. Brown
insert-z-jersey,26,Prime,false,49,Amon-Ra St. Brown
insert-z-jersey,26,Brand Logo Laundry Tag,false,1,Amon-Ra St. Brown
insert-z-jersey,26,NFL Shield Laundry Tag,false,1,Amon-Ra St. Brown
insert-z-jersey,26,Players Shield Laundry Tag,false,1,Amon-Ra St. Brown
insert-z-jersey,27,,false,,Anthony Richardson
insert-z-jersey,27,Prime,false,49,Anthony Richardson
insert-z-jersey,27,Brand Logo Laundry Tag,false,1,Anthony Richardson
insert-z-jersey,27,NFL Shield Laundry Tag,false,1,Anthony Richardson
insert-z-jersey,27,Players Shield Laundry Tag,false,1,Anthony Richardson
insert-z-jersey,28,,false,,C.J. Stroud
insert-z-jersey,28,Prime,false,49,C.J. Stroud
insert-z-jersey,28,Brand Logo Laundry Tag,false,1,C.J. Stroud
insert-z-jersey,28,NFL Shield Laundry Tag,false,1,C.J. Stroud
insert-z-jersey,28,Players Shield Laundry Tag,false,1,C.J. Stroud
insert-z-jersey,29,,false,,Puka Nacua
insert-z-jersey,29,Prime,false,49,Puka Nacua
insert-z-jersey,29,Brand Logo Laundry Tag,false,1,Puka Nacua
insert-z-jersey,29,NFL Shield Laundry Tag,false,1,Puka Nacua
insert-z-jersey,29,Players Shield Laundry Tag,false,1,Puka Nacua
insert-z-jersey,30,,false,,Maxx Crosby
insert-z-jersey,30,Prime,false,49,Maxx Crosby
insert-z-jersey,30,Brand Logo Laundry Tag,false,1,Maxx Crosby
insert-z-jersey,30,NFL Shield Laundry Tag,false,1,Maxx Crosby
insert-z-jersey,30,Players Shield Laundry Tag,false,1,Maxx Crosby
insert-z-jersey,31,,false,,Micah Parsons
insert-z-jersey,31,Prime,false,49,Micah Parsons
insert-z-jersey,31,Brand Logo Laundry Tag,false,1,Micah Parsons
insert-z-jersey,31,NFL Shield Laundry Tag,false,1,Micah Parsons
insert-z-jersey,31,Players Shield Laundry Tag,false,1,Micah Parsons
insert-z-jersey,32,,false,,Nick Bosa
insert-z-jersey,32,Prime,false,49,Nick Bosa
insert-z-jersey,32,Brand Logo Laundry Tag,false,1,Nick Bosa
insert-z-jersey,32,NFL Shield Laundry Tag,false,1,Nick Bosa
insert-z-jersey,32,Players Shield Laundry Tag,false,1,Nick Bosa
insert-z-jersey,33,,false,,Barry Sanders
insert-z-jersey,33,Prime,false,49,Barry Sanders
insert-z-jersey,33,Brand Logo Laundry Tag,false,1,Barry Sanders
insert-z-jersey,33,NFL Shield Laundry Tag,false,1,Barry Sanders
insert-z-jersey,33,Players Shield Laundry Tag,false,1,Barry Sanders
insert-z-jersey,34,,false,,Nico Collins
insert-z-jersey,34,Prime,false,49,Nico Collins
insert-z-jersey,34,Brand Logo Laundry Tag,false,1,Nico Collins
insert-z-jersey,34,NFL Shield Laundry Tag,false,1,Nico Collins
insert-z-jersey,34,Players Shield Laundry Tag,false,1,Nico Collins
insert-z-jersey,35,,false,,Terrell Owens
insert-z-jersey,35,Prime,false,49,Terrell Owens
insert-z-jersey,35,Brand Logo Laundry Tag,false,1,Terrell Owens
insert-z-jersey,35,NFL Shield Laundry Tag,false,1,Terrell Owens
insert-z-jersey,35,Players Shield Laundry Tag,false,1,Terrell Owens
insert-z-jersey,36,,false,,Brock Purdy
insert-z-jersey,36,Prime,false,49,Brock Purdy
insert-z-jersey,36,Brand Logo Laundry Tag,false,1,Brock Purdy
insert-z-jersey,36,NFL Shield Laundry Tag,false,1,Brock Purdy
insert-z-jersey,36,Players Shield Laundry Tag,false,1,Brock Purdy
insert-z-jersey,37,,false,,Jordan Love
insert-z-jersey,37,Prime,false,49,Jordan Love
insert-z-jersey,37,Brand Logo Laundry Tag,false,1,Jordan Love
insert-z-jersey,37,NFL Shield Laundry Tag,false,1,Jordan Love
insert-z-jersey,37,Players Shield Laundry Tag,false,1,Jordan Love
insert-z-jersey,38,,false,,Matthew Stafford
insert-z-jersey,38,Prime,false,49,Matthew Stafford
insert-z-jersey,38,Brand Logo Laundry Tag,false,1,Matthew Stafford
insert-z-jersey,38,NFL Shield Laundry Tag,false,1,Matthew Stafford
insert-z-jersey,38,Players Shield Laundry Tag,false,1,Matthew Stafford
insert-z-jersey,39,,false,,Kyren Williams
insert-z-jersey,39,Prime,false,49,Kyren Williams
insert-z-jersey,39,Brand Logo Laundry Tag,false,1,Kyren Williams
insert-z-jersey,39,NFL Shield Laundry Tag,false,1,Kyren Williams
insert-z-jersey,39,Players Shield Laundry Tag,false,1,Kyren Williams
insert-z-jersey,40,,false,,Garrett Wilson
insert-z-jersey,40,Prime,false,49,Garrett Wilson
insert-z-jersey,40,Brand Logo Laundry Tag,false,1,Garrett Wilson
insert-z-jersey,40,NFL Shield Laundry Tag,false,1,Garrett Wilson
insert-z-jersey,40,Players Shield Laundry Tag,false,1,Garrett Wilson
insert-zoned-in,1,,false,,Caleb Williams
insert-zoned-in,1,Prime,false,49,Caleb Williams
insert-zoned-in,1,Brand Logo Laundry Tag,false,1,Caleb Williams
insert-zoned-in,1,NFL Shield Laundry Tag,false,1,Caleb Williams
insert-zoned-in,1,Players Shield Laundry Tag,false,1,Caleb Williams
insert-zoned-in,2,,false,,Drake Maye
insert-zoned-in,2,Prime,false,49,Drake Maye
insert-zoned-in,2,Brand Logo Laundry Tag,false,1,Drake Maye
insert-zoned-in,2,NFL Shield Laundry Tag,false,1,Drake Maye
insert-zoned-in,2,Players Shield Laundry Tag,false,1,Drake Maye
insert-zoned-in,3,,false,,Jayden Daniels
insert-zoned-in,3,Prime,false,49,Jayden Daniels
insert-zoned-in,3,Brand Logo Laundry Tag,false,1,Jayden Daniels
insert-zoned-in,3,NFL Shield Laundry Tag,false,1,Jayden Daniels
insert-zoned-in,3,Players Shield Laundry Tag,false,1,Jayden Daniels
insert-zoned-in,4,,false,,Marvin Harrison Jr.
insert-zoned-in,4,Prime,false,49,Marvin Harrison Jr.
insert-zoned-in,4,Brand Logo Laundry Tag,false,1,Marvin Harrison Jr.
insert-zoned-in,4,NFL Shield Laundry Tag,false,1,Marvin Harrison Jr.
insert-zoned-in,4,Players Shield Laundry Tag,false,1,Marvin Harrison Jr.
insert-zoned-in,5,,false,,Brock Bowers
insert-zoned-in,5,Prime,false,49,Brock Bowers
insert-zoned-in,5,Brand Logo Laundry Tag,false,1,Brock Bowers
insert-zoned-in,5,NFL Shield Laundry Tag,false,1,Brock Bowers
insert-zoned-in,5,Players Shield Laundry Tag,false,1,Brock Bowers
insert-zoned-in,6,,false,,Xavier Worthy
insert-zoned-in,6,Prime,false,49,Xavier Worthy
insert-zoned-in,6,Brand Logo Laundry Tag,false,1,Xavier Worthy
insert-zoned-in,6,NFL Shield Laundry Tag,false,1,Xavier Worthy
insert-zoned-in,6,Players Shield Laundry Tag,false,1,Xavier Worthy
insert-zoned-in,7,,false,,Malik Nabers
insert-zoned-in,7,Prime,false,49,Malik Nabers
insert-zoned-in,7,Brand Logo Laundry Tag,false,1,Malik Nabers
insert-zoned-in,7,NFL Shield Laundry Tag,false,1,Malik Nabers
insert-zoned-in,7,Players Shield Laundry Tag,false,1,Malik Nabers
insert-zoned-in,8,,false,,Patrick Mahomes II
insert-zoned-in,8,Prime,false,49,Patrick Mahomes II
insert-zoned-in,8,Brand Logo Laundry Tag,false,1,Patrick Mahomes II
insert-zoned-in,8,NFL Shield Laundry Tag,false,1,Patrick Mahomes II
insert-zoned-in,8,Players Shield Laundry Tag,false,1,Patrick Mahomes II
insert-zoned-in,9,,false,,Jalen Hurts
insert-zoned-in,9,Prime,false,49,Jalen Hurts
insert-zoned-in,9,Brand Logo Laundry Tag,false,1,Jalen Hurts
insert-zoned-in,9,NFL Shield Laundry Tag,false,1,Jalen Hurts
insert-zoned-in,9,Players Shield Laundry Tag,false,1,Jalen Hurts
insert-zoned-in,10,,false,,Brock Purdy
insert-zoned-in,10,Prime,false,49,Brock Purdy
insert-zoned-in,10,Brand Logo Laundry Tag,false,1,Brock Purdy
insert-zoned-in,10,NFL Shield Laundry Tag,false,1,Brock Purdy
insert-zoned-in,10,Players Shield Laundry Tag,false,1,Brock Purdy
insert-zoned-in,11,,false,,Joe Burrow
insert-zoned-in,11,Prime,false,49,Joe Burrow
insert-zoned-in,11,Brand Logo Laundry Tag,false,1,Joe Burrow
insert-zoned-in,11,NFL Shield Laundry Tag,false,1,Joe Burrow
insert-zoned-in,11,Players Shield Laundry Tag,false,1,Joe Burrow
insert-zoned-in,12,,false,,Justin Jefferson
insert-zoned-in,12,Prime,false,49,Justin Jefferson
insert-zoned-in,12,Brand Logo Laundry Tag,false,1,Justin Jefferson
insert-zoned-in,12,NFL Shield Laundry Tag,false,1,Justin Jefferson
insert-zoned-in,12,Players Shield Laundry Tag,false,1,Justin Jefferson
insert-zoned-in,13,,false,,CeeDee Lamb
insert-zoned-in,13,Prime,false,49,CeeDee Lamb
insert-zoned-in,13,Brand Logo Laundry Tag,false,1,CeeDee Lamb
insert-zoned-in,13,NFL Shield Laundry Tag,false,1,CeeDee Lamb
insert-zoned-in,13,Players Shield Laundry Tag,false,1,CeeDee Lamb
insert-zoned-in,14,,false,,Amon-Ra St. Brown
insert-zoned-in,14,Prime,false,49,Amon-Ra St. Brown
insert-zoned-in,14,Brand Logo Laundry Tag,false,1,Amon-Ra St. Brown
insert-zoned-in,14,NFL Shield Laundry Tag,false,1,Amon-Ra St. Brown
insert-zoned-in,14,Players Shield Laundry Tag,false,1,Amon-Ra St. Brown
insert-zoned-in,15,,false,,Travis Kelce
insert-zoned-in,15,Prime,false,49,Travis Kelce
insert-zoned-in,15,Brand Logo Laundry Tag,false,1,Travis Kelce
insert-zoned-in,15,NFL Shield Laundry Tag,false,1,Travis Kelce
insert-zoned-in,15,Players Shield Laundry Tag,false,1,Travis Kelce
insert-zoned-in,16,,false,,George Kittle
insert-zoned-in,16,Prime,false,49,George Kittle
insert-zoned-in,16,Brand Logo Laundry Tag,false,1,George Kittle
insert-zoned-in,16,NFL Shield Laundry Tag,false,1,George Kittle
insert-zoned-in,16,Players Shield Laundry Tag,false,1,George Kittle
insert-zoned-in,17,,false,,Maxx Crosby
insert-zoned-in,17,Prime,false,49,Maxx Crosby
insert-zoned-in,17,Brand Logo Laundry Tag,false,1,Maxx Crosby
insert-zoned-in,17,NFL Shield Laundry Tag,false,1,Maxx Crosby
insert-zoned-in,17,Players Shield Laundry Tag,false,1,Maxx Crosby
insert-zoned-in,18,,false,,Nick Bosa
insert-zoned-in,18,Prime,false,49,Nick Bosa
insert-zoned-in,18,Brand Logo Laundry Tag,false,1,Nick Bosa
insert-zoned-in,18,NFL Shield Laundry Tag,false,1,Nick Bosa
insert-zoned-in,18,Players Shield Laundry Tag,false,1,Nick Bosa
insert-zoned-in,19,,false,,Tyreek Hill
insert-zoned-in,19,Prime,false,49,Tyreek Hill
insert-zoned-in,19,Brand Logo Laundry Tag,false,1,Tyreek Hill
insert-zoned-in,19,NFL Shield Laundry Tag,false,1,Tyreek Hill
insert-zoned-in,19,Players Shield Laundry Tag,false,1,Tyreek Hill
insert-zoned-in,20,,false,,Myles Garrett
insert-zoned-in,20,Prime,false,49,Myles Garrett
insert-zoned-in,20,Brand Logo Laundry Tag,false,1,Myles Garrett
insert-zoned-in,20,NFL Shield Laundry Tag,false,1,Myles Garrett
insert-zoned-in,20,Players Shield Laundry Tag,false,1,Myles Garrett
insert-a-to-z,1,,false,,Aaron Rodgers
insert-a-to-z,1,Red,false,49,Aaron Rodgers
insert-a-to-z,1,Blue,false,25,Aaron Rodgers
insert-a-to-z,1,Gold,false,10,Aaron Rodgers
insert-a-to-z,1,White,false,1,Aaron Rodgers
insert-a-to-z,2,,false,,Brock Bowers
insert-a-to-z,2,Red,false,49,Brock Bowers
insert-a-to-z,2,Blue,false,25,Brock Bowers
insert-a-to-z,2,Gold,false,10,Brock Bowers
insert-a-to-z,2,White,false,1,Brock Bowers
insert-a-to-z,3,,false,,C.J. Stroud
insert-a-to-z,3,Red,false,49,C.J. Stroud
insert-a-to-z,3,Blue,false,25,C.J. Stroud
insert-a-to-z,3,Gold,false,10,C.J. Stroud
insert-a-to-z,3,White,false,1,C.J. Stroud
insert-a-to-z,4,,false,,Drake Maye
insert-a-to-z,4,Red,false,49,Drake Maye
insert-a-to-z,4,Blue,false,25,Drake Maye
insert-a-to-z,4,Gold,false,10,Drake Maye
insert-a-to-z,4,White,false,1,Drake Maye
insert-a-to-z,5,,false,,Emmitt Smith
insert-a-to-z,5,Red,false,49,Emmitt Smith
insert-a-to-z,5,Blue,false,25,Emmitt Smith
insert-a-to-z,5,Gold,false,10,Emmitt Smith
insert-a-to-z,5,White,false,1,Emmitt Smith
insert-a-to-z,6,,false,,Fred Warner
insert-a-to-z,6,Red,false,49,Fred Warner
insert-a-to-z,6,Blue,false,25,Fred Warner
insert-a-to-z,6,Gold,false,10,Fred Warner
insert-a-to-z,6,White,false,1,Fred Warner
insert-a-to-z,7,,false,,George Kittle
insert-a-to-z,7,Red,false,49,George Kittle
insert-a-to-z,7,Blue,false,25,George Kittle
insert-a-to-z,7,Gold,false,10,George Kittle
insert-a-to-z,7,White,false,1,George Kittle
insert-a-to-z,8,,false,,Harrison Butker
insert-a-to-z,8,Red,false,49,Harrison Butker
insert-a-to-z,8,Blue,false,25,Harrison Butker
insert-a-to-z,8,Gold,false,10,Harrison Butker
insert-a-to-z,8,White,false,1,Harrison Butker
insert-a-to-z,9,,false,,Isiah Pacheco
insert-a-to-z,9,Red,false,49,Isiah Pacheco
insert-a-to-z,9,Blue,false,25,Isiah Pacheco
insert-a-to-z,9,Gold,false,10,Isiah Pacheco
insert-a-to-z,9,White,false,1,Isiah Pacheco
insert-a-to-z,10,,false,,Jayden Daniels
insert-a-to-z,10,Red,false,49,Jayden Daniels
insert-a-to-z,10,Blue,false,25,Jayden Daniels
insert-a-to-z,10,Gold,false,10,Jayden Daniels
insert-a-to-z,10,White,false,1,Jayden Daniels
insert-a-to-z,11,,false,,Keenan Allen
insert-a-to-z,11,Red,false,49,Keenan Allen
insert-a-to-z,11,Blue,false,25,Keenan Allen
insert-a-to-z,11,Gold,false,10,Keenan Allen
insert-a-to-z,11,White,false,1,Keenan Allen
insert-a-to-z,12,,false,,Lamar Jackson
insert-a-to-z,12,Red,false,49,Lamar Jackson
insert-a-to-z,12,Blue,false,25,Lamar Jackson
insert-a-to-z,12,Gold,false,10,Lamar Jackson
insert-a-to-z,12,White,false,1,Lamar Jackson
insert-a-to-z,13,,false,,Marvin Harrison Jr.
insert-a-to-z,13,Red,false,49,Marvin Harrison Jr.
insert-a-to-z,13,Blue,false,25,Marvin Harrison Jr.
insert-a-to-z,13,Gold,false,10,Marvin Harrison Jr.
insert-a-to-z,13,White,false,1,Marvin Harrison Jr.
insert-a-to-z,14,,false,,Nick Bosa
insert-a-to-z,14,Red,false,49,Nick Bosa
insert-a-to-z,14,Blue,false,25,Nick Bosa
insert-a-to-z,14,Gold,false,10,Nick Bosa
insert-a-to-z,14,White,false,1,Nick Bosa
insert-a-to-z,15,,false,,Ottis Anderson
insert-a-to-z,15,Red,false,49,Ottis Anderson
insert-a-to-z,15,Blue,false,25,Ottis Anderson
insert-a-to-z,15,Gold,false,10,Ottis Anderson
insert-a-to-z,15,White,false,1,Ottis Anderson
insert-a-to-z,16,,false,,Patrick Mahomes II
insert-a-to-z,16,Red,false,49,Patrick Mahomes II
insert-a-to-z,16,Blue,false,25,Patrick Mahomes II
insert-a-to-z,16,Gold,false,10,Patrick Mahomes II
insert-a-to-z,16,White,false,1,Patrick Mahomes II
insert-a-to-z,17,,false,,Quentin Johnston
insert-a-to-z,17,Red,false,49,Quentin Johnston
insert-a-to-z,17,Blue,false,25,Quentin Johnston
insert-a-to-z,17,Gold,false,10,Quentin Johnston
insert-a-to-z,17,White,false,1,Quentin Johnston
insert-a-to-z,18,,false,,Rome Odunze
insert-a-to-z,18,Red,false,49,Rome Odunze
insert-a-to-z,18,Blue,false,25,Rome Odunze
insert-a-to-z,18,Gold,false,10,Rome Odunze
insert-a-to-z,18,White,false,1,Rome Odunze
insert-a-to-z,19,,false,,Sterling Sharpe
insert-a-to-z,19,Red,false,49,Sterling Sharpe
insert-a-to-z,19,Blue,false,25,Sterling Sharpe
insert-a-to-z,19,Gold,false,10,Sterling Sharpe
insert-a-to-z,19,White,false,1,Sterling Sharpe
insert-a-to-z,20,,false,,Travis Kelce
insert-a-to-z,20,Red,false,49,Travis Kelce
insert-a-to-z,20,Blue,false,25,Travis Kelce
insert-a-to-z,20,Gold,false,10,Travis Kelce
insert-a-to-z,20,White,false,1,Travis Kelce
insert-a-to-z,21,,false,,Uchenna Nwosu
insert-a-to-z,21,Red,false,49,Uchenna Nwosu
insert-a-to-z,21,Blue,false,25,Uchenna Nwosu
insert-a-to-z,21,Gold,false,10,Uchenna Nwosu
insert-a-to-z,21,White,false,1,Uchenna Nwosu
insert-a-to-z,22,,false,,Vince Young
insert-a-to-z,22,Red,false,49,Vince Young
insert-a-to-z,22,Blue,false,25,Vince Young
insert-a-to-z,22,Gold,false,10,Vince Young
insert-a-to-z,22,White,false,1,Vince Young
insert-a-to-z,23,,false,,Will Levis
insert-a-to-z,23,Red,false,49,Will Levis
insert-a-to-z,23,Blue,false,25,Will Levis
insert-a-to-z,23,Gold,false,10,Will Levis
insert-a-to-z,23,White,false,1,Will Levis
insert-a-to-z,24,,false,,Xavier Worthy
insert-a-to-z,24,Red,false,49,Xavier Worthy
insert-a-to-z,24,Blue,false,25,Xavier Worthy
insert-a-to-z,24,Gold,false,10,Xavier Worthy
insert-a-to-z,24,White,false,1,Xavier Worthy
insert-a-to-z,25,,false,,Yancey Thigpen
insert-a-to-z,25,Red,false,49,Yancey Thigpen
insert-a-to-z,25,Blue,false,25,Yancey Thigpen
insert-a-to-z,25,Gold,false,10,Yancey Thigpen
insert-a-to-z,25,White,false,1,Yancey Thigpen
insert-a-to-z,26,,false,,Zach Thomas
insert-a-to-z,26,Red,false,49,Zach Thomas
insert-a-to-z,26,Blue,false,25,Zach Thomas
insert-a-to-z,26,Gold,false,10,Zach Thomas
insert-a-to-z,26,White,false,1,Zach Thomas
insert-alphas,1,,false,,Caleb Williams
insert-alphas,2,,false,,Jayden Daniels
insert-alphas,3,,false,,Drake Maye
insert-alphas,4,,false,,Bo Nix
insert-alphas,5,,false,,Marvin Harrison Jr.
insert-alphas,6,,false,,Malik Nabers
insert-alphas,7,,false,,Xavier Worthy
insert-alphas,8,,false,,Brock Bowers
insert-alphas,9,,false,,Michael Penix Jr.
insert-alphas,10,,false,,J.J. McCarthy
insert-alphas,11,,false,,Rome Odunze
insert-alphas,12,,false,,Blake Corum
insert-alphas,13,,false,,Patrick Mahomes II
insert-alphas,14,,false,,Travis Kelce
insert-alphas,15,,false,,Myles Garrett
insert-alphas,16,,false,,Derrick Henry
insert-alphas,17,,false,,Tyreek Hill
insert-alphas,18,,false,,Nick Bosa
insert-alphas,19,,false,,Aaron Rodgers
insert-alphas,20,,false,,George Kittle
insert-alphas,21,,false,,T.J. Watt
insert-alphas,22,,false,,Chris Jones
insert-alphas,23,,false,,Ray Lewis
insert-alphas,24,,false,,DaRon Bland
insert-alphas,25,,false,,Deion Sanders
insert-behind-the-numbers,1,,false,,Caleb Williams
insert-behind-the-numbers,1,Red,false,50,Caleb Williams
insert-behind-the-numbers,1,Blue,false,25,Caleb Williams
insert-behind-the-numbers,1,Gold,false,10,Caleb Williams
insert-behind-the-numbers,1,White,false,1,Caleb Williams
insert-behind-the-numbers,2,,false,,Drake Maye
insert-behind-the-numbers,2,Red,false,50,Drake Maye
insert-behind-the-numbers,2,Blue,false,25,Drake Maye
insert-behind-the-numbers,2,Gold,false,10,Drake Maye
insert-behind-the-numbers,2,White,false,1,Drake Maye
insert-behind-the-numbers,3,,false,,Jayden Daniels
insert-behind-the-numbers,3,Red,false,50,Jayden Daniels
insert-behind-the-numbers,3,Blue,false,25,Jayden Daniels
insert-behind-the-numbers,3,Gold,false,10,Jayden Daniels
insert-behind-the-numbers,3,White,false,1,Jayden Daniels
insert-behind-the-numbers,4,,false,,Bo Nix
insert-behind-the-numbers,4,Red,false,50,Bo Nix
insert-behind-the-numbers,4,Blue,false,25,Bo Nix
insert-behind-the-numbers,4,Gold,false,10,Bo Nix
insert-behind-the-numbers,4,White,false,1,Bo Nix
insert-behind-the-numbers,5,,false,,Brock Bowers
insert-behind-the-numbers,5,Red,false,50,Brock Bowers
insert-behind-the-numbers,5,Blue,false,25,Brock Bowers
insert-behind-the-numbers,5,Gold,false,10,Brock Bowers
insert-behind-the-numbers,5,White,false,1,Brock Bowers
insert-behind-the-numbers,6,,false,,Marvin Harrison Jr.
insert-behind-the-numbers,6,Red,false,50,Marvin Harrison Jr.
insert-behind-the-numbers,6,Blue,false,25,Marvin Harrison Jr.
insert-behind-the-numbers,6,Gold,false,10,Marvin Harrison Jr.
insert-behind-the-numbers,6,White,false,1,Marvin Harrison Jr.
insert-behind-the-numbers,7,,false,,Xavier Worthy
insert-behind-the-numbers,7,Red,false,50,Xavier Worthy
insert-behind-the-numbers,7,Blue,false,25,Xavier Worthy
insert-behind-the-numbers,7,Gold,false,10,Xavier Worthy
insert-behind-the-numbers,7,White,false,1,Xavier Worthy
insert-behind-the-numbers,8,,false,,Malik Nabers
insert-behind-the-numbers,8,Red,false,50,Malik Nabers
insert-behind-the-numbers,8,Blue,false,25,Malik Nabers
insert-behind-the-numbers,8,Gold,false,10,Malik Nabers
insert-behind-the-numbers,8,White,false,1,Malik Nabers
insert-behind-the-numbers,9,,false,,Patrick Mahomes II
insert-behind-the-numbers,9,Red,false,50,Patrick Mahomes II
insert-behind-the-numbers,9,Blue,false,25,Patrick Mahomes II
insert-behind-the-numbers,9,Gold,false,10,Patrick Mahomes II
insert-behind-the-numbers,9,White,false,1,Patrick Mahomes II
insert-behind-the-numbers,10,,false,,Trevor Lawrence
insert-behind-the-numbers,10,Red,false,50,Trevor Lawrence
insert-behind-the-numbers,10,Blue,false,25,Trevor Lawrence
insert-behind-the-numbers,10,Gold,false,10,Trevor Lawrence
insert-behind-the-numbers,10,White,false,1,Trevor Lawrence
insert-behind-the-numbers,11,,false,,Jalen Hurts
insert-behind-the-numbers,11,Red,false,50,Jalen Hurts
insert-behind-the-numbers,11,Blue,false,25,Jalen Hurts
insert-behind-the-numbers,11,Gold,false,10,Jalen Hurts
insert-behind-the-numbers,11,White,false,1,Jalen Hurts
insert-behind-the-numbers,12,,false,,Justin Herbert
insert-behind-the-numbers,12,Red,false,50,Justin Herbert
insert-behind-the-numbers,12,Blue,false,25,Justin Herbert
insert-behind-the-numbers,12,Gold,false,10,Justin Herbert
insert-behind-the-numbers,12,White,false,1,Justin Herbert
insert-behind-the-numbers,13,,false,,Joe Burrow
insert-behind-the-numbers,13,Red,false,50,Joe Burrow
insert-behind-the-numbers,13,Blue,false,25,Joe Burrow
insert-behind-the-numbers,13,Gold,false,10,Joe Burrow
insert-behind-the-numbers,13,White,false,1,Joe Burrow
insert-behind-the-numbers,14,,false,,Josh Allen
insert-behind-the-numbers,14,Red,false,50,Josh Allen
insert-behind-the-numbers,14,Blue,false,25,Josh Allen
insert-behind-the-numbers,14,Gold,false,10,Josh Allen
insert-behind-the-numbers,14,White,false,1,Josh Allen
insert-behind-the-numbers,15,,false,,Tua Tagovailoa
insert-behind-the-numbers,15,Red,false,50,Tua Tagovailoa
insert-behind-the-numbers,15,Blue,false,25,Tua Tagovailoa
insert-behind-the-numbers,15,Gold,false,10,Tua Tagovailoa
insert-behind-the-numbers,15,White,false,1,Tua Tagovailoa
insert-behind-the-numbers,16,,false,,Jared Goff
insert-behind-the-numbers,16,Red,false,50,Jared Goff
insert-behind-the-numbers,16,Blue,false,25,Jared Goff
insert-behind-the-numbers,16,Gold,false,10,Jared Goff
insert-behind-the-numbers,16,White,false,1,Jared Goff
insert-behind-the-numbers,17,,false,,CeeDee Lamb
insert-behind-the-numbers,17,Red,false,50,CeeDee Lamb
insert-behind-the-numbers,17,Blue,false,25,CeeDee Lamb
insert-behind-the-numbers,17,Gold,false,10,CeeDee Lamb
insert-behind-the-numbers,17,White,false,1,CeeDee Lamb
insert-behind-the-numbers,18,,false,,Amon-Ra St. Brown
insert-behind-the-numbers,18,Red,false,50,Amon-Ra St. Brown
insert-behind-the-numbers,18,Blue,false,25,Amon-Ra St. Brown
insert-behind-the-numbers,18,Gold,false,10,Amon-Ra St. Brown
insert-behind-the-numbers,18,White,false,1,Amon-Ra St. Brown
insert-behind-the-numbers,19,,false,,Justin Jefferson
insert-behind-the-numbers,19,Red,false,50,Justin Jefferson
insert-behind-the-numbers,19,Blue,false,25,Justin Jefferson
insert-behind-the-numbers,19,Gold,false,10,Justin Jefferson
insert-behind-the-numbers,19,White,false,1,Justin Jefferson
insert-behind-the-numbers,20,,false,,Ja'Marr Chase
insert-behind-the-numbers,20,Red,false,50,Ja'Marr Chase
insert-behind-the-numbers,20,Blue,false,25,Ja'Marr Chase
insert-behind-the-numbers,20,Gold,false,10,Ja'Marr Chase
insert-behind-the-numbers,20,White,false,1,Ja'Marr Chase
insert-behind-the-numbers,21,,false,,DK Metcalf
insert-behind-the-numbers,21,Red,false,50,DK Metcalf
insert-behind-the-numbers,21,Blue,false,25,DK Metcalf
insert-behind-the-numbers,21,Gold,false,10,DK Metcalf
insert-behind-the-numbers,21,White,false,1,DK Metcalf
insert-behind-the-numbers,22,,false,,Deebo Samuel
insert-behind-the-numbers,22,Red,false,50,Deebo Samuel
insert-behind-the-numbers,22,Blue,false,25,Deebo Samuel
insert-behind-the-numbers,22,Gold,false,10,Deebo Samuel
insert-behind-the-numbers,22,White,false,1,Deebo Samuel
insert-behind-the-numbers,23,,false,,Derrick Henry
insert-behind-the-numbers,23,Red,false,50,Derrick Henry
insert-behind-the-numbers,23,Blue,false,25,Derrick Henry
insert-behind-the-numbers,23,Gold,false,10,Derrick Henry
insert-behind-the-numbers,23,White,false,1,Derrick Henry
insert-behind-the-numbers,24,,false,,Travis Kelce
insert-behind-the-numbers,24,Red,false,50,Travis Kelce
insert-behind-the-numbers,24,Blue,false,25,Travis Kelce
insert-behind-the-numbers,24,Gold,false,10,Travis Kelce
insert-behind-the-numbers,24,White,false,1,Travis Kelce
insert-behind-the-numbers,25,,false,,Micah Parsons
insert-behind-the-numbers,25,Red,false,50,Micah Parsons
insert-behind-the-numbers,25,Blue,false,25,Micah Parsons
insert-behind-the-numbers,25,Gold,false,10,Micah Parsons
insert-behind-the-numbers,25,White,false,1,Micah Parsons
insert-chalk-talk,1,,false,,Caleb Williams
insert-chalk-talk,1,Red,false,50,Caleb Williams
insert-chalk-talk,1,Blue,false,25,Caleb Williams
insert-chalk-talk,1,Gold,false,10,Caleb Williams
insert-chalk-talk,1,White,false,1,Caleb Williams
insert-chalk-talk,2,,false,,Drake Maye
insert-chalk-talk,2,Red,false,50,Drake Maye
insert-chalk-talk,2,Blue,false,25,Drake Maye
insert-chalk-talk,2,Gold,false,10,Drake Maye
insert-chalk-talk,2,White,false,1,Drake Maye
insert-chalk-talk,3,,false,,Jayden Daniels
insert-chalk-talk,3,Red,false,50,Jayden Daniels
insert-chalk-talk,3,Blue,false,25,Jayden Daniels
insert-chalk-talk,3,Gold,false,10,Jayden Daniels
insert-chalk-talk,3,White,false,1,Jayden Daniels
insert-chalk-talk,4,,false,,Bo Nix
insert-chalk-talk,4,Red,false,50,Bo Nix
insert-chalk-talk,4,Blue,false,25,Bo Nix
insert-chalk-talk,4,Gold,false,10,Bo Nix
insert-chalk-talk,4,White,false,1,Bo Nix
insert-chalk-talk,5,,false,,Brock Bowers
insert-chalk-talk,5,Red,false,50,Brock Bowers
insert-chalk-talk,5,Blue,false,25,Brock Bowers
insert-chalk-talk,5,Gold,false,10,Brock Bowers
insert-chalk-talk,5,White,false,1,Brock Bowers
insert-chalk-talk,6,,false,,Marvin Harrison Jr.
insert-chalk-talk,6,Red,false,50,Marvin Harrison Jr.
insert-chalk-talk,6,Blue,false,25,Marvin Harrison Jr.
insert-chalk-talk,6,Gold,false,10,Marvin Harrison Jr.
insert-chalk-talk,6,White,false,1,Marvin Harrison Jr.
insert-chalk-talk,7,,false,,Xavier Worthy
insert-chalk-talk,7,Red,false,50,Xavier Worthy
insert-chalk-talk,7,Blue,false,25,Xavier Worthy
insert-chalk-talk,7,Gold,false,10,Xavier Worthy
insert-chalk-talk,7,White,false,1,Xavier Worthy
insert-chalk-talk,8,,false,,Malik Nabers
insert-chalk-talk,8,Red,false,50,Malik Nabers
insert-chalk-talk,8,Blue,false,25,Malik Nabers
insert-chalk-talk,8,Gold,false,10,Malik Nabers
insert-chalk-talk,8,White,false,1,Malik Nabers
insert-chalk-talk,9,,false,,Patrick Mahomes II
insert-chalk-talk,9,Red,false,50,Patrick Mahomes II
insert-chalk-talk,9,Blue,false,25,Patrick Mahomes II
insert-chalk-talk,9,Gold,false,10,Patrick Mahomes II
insert-chalk-talk,9,White,false,1,Patrick Mahomes II
insert-chalk-talk,10,,false,,Trevor Lawrence
insert-chalk-talk,10,Red,false,50,Trevor Lawrence
insert-chalk-talk,10,Blue,false,25,Trevor Lawrence
insert-chalk-talk,10,Gold,false,10,Trevor Lawrence
insert-chalk-talk,10,White,false,1,Trevor Lawrence
insert-chalk-talk,11,,false,,Jalen Hurts
insert-chalk-talk,11,Red,false,50,Jalen Hurts
insert-chalk-talk,11,Blue,false,25,Jalen Hurts
insert-chalk-talk,11,Gold,false,10,Jalen Hurts
insert-chalk-talk,11,White,false,1,Jalen Hurts
insert-chalk-talk,12,,false,,Justin Herbert
insert-chalk-talk,12,Red,false,50,Justin Herbert
insert-chalk-talk,12,Blue,false,25,Justin Herbert
insert-chalk-talk,12,Gold,false,10,Justin Herbert
insert-chalk-talk,12,White,false,1,Justin Herbert
insert-chalk-talk,13,,false,,Joe Burrow
insert-chalk-talk,13,Red,false,50,Joe Burrow
insert-chalk-talk,13,Blue,false,25,Joe Burrow
insert-chalk-talk,13,Gold,false,10,Joe Burrow
insert-chalk-talk,13,White,false,1,Joe Burrow
insert-chalk-talk,14,,false,,Josh Allen
insert-chalk-talk,14,Red,false,50,Josh Allen
insert-chalk-talk,14,Blue,false,25,Josh Allen
insert-chalk-talk,14,Gold,false,10,Josh Allen
insert-chalk-talk,14,White,false,1,Josh Allen
insert-chalk-talk,15,,false,,Tua Tagovailoa
insert-chalk-talk,15,Red,false,50,Tua Tagovailoa
insert-chalk-talk,15,Blue,false,25,Tua Tagovailoa
insert-chalk-talk,15,Gold,false,10,Tua Tagovailoa
insert-chalk-talk,15,White,false,1,Tua Tagovailoa
insert-chalk-talk,16,,false,,Jared Goff
insert-chalk-talk,16,Red,false,50,Jared Goff
insert-chalk-talk,16,Blue,false,25,Jared Goff
insert-chalk-talk,16,Gold,false,10,Jared Goff
insert-chalk-talk,16,White,false,1,Jared Goff
insert-chalk-talk,17,,false,,CeeDee Lamb
insert-chalk-talk,17,Red,false,50,CeeDee Lamb
insert-chalk-talk,17,Blue,false,25,CeeDee Lamb
insert-chalk-talk,17,Gold,false,10,CeeDee Lamb
insert-chalk-talk,17,White,false,1,CeeDee Lamb
insert-chalk-talk,18,,false,,Amon-Ra St. Brown
insert-chalk-talk,18,Red,false,50,Amon-Ra St. Brown
insert-chalk-talk,18,Blue,false,25,Amon-Ra St. Brown
insert-chalk-talk,18,Gold,false,10,Amon-Ra St. Brown
insert-chalk-talk,18,White,false,1,Amon-Ra St. Brown
insert-chalk-talk,19,,false,,Justin Jefferson
insert-chalk-talk,19,Red,false,50,Justin Jefferson
insert-chalk-talk,19,Blue,false,25,Justin Jefferson
insert-chalk-talk,19,Gold,false,10,Justin Jefferson
insert-chalk-talk,19,White,false,1,Justin Jefferson
insert-chalk-talk,20,,false,,Ja'Marr Chase
insert-chalk-talk,20,Red,false,50,Ja'Marr Chase
insert-chalk-talk,20,Blue,false,25,Ja'Marr Chase
insert-chalk-talk,20,Gold,false,10,Ja'Marr Chase
insert-chalk-talk,20,White,false,1,Ja'Marr Chase
insert-chalk-talk,21,,false,,DK Metcalf
insert-chalk-talk,21,Red,false,50,DK Metcalf
insert-chalk-talk,21,Blue,false,25,DK Metcalf
insert-chalk-talk,21,Gold,false,10,DK Metcalf
insert-chalk-talk,21,White,false,1,DK Metcalf
insert-chalk-talk,22,,false,,Deebo Samuel
insert-chalk-talk,22,Red,false,50,Deebo Samuel
insert-chalk-talk,22,Blue,false,25,Deebo Samuel
insert-chalk-talk,22,Gold,false,10,Deebo Samuel
insert-chalk-talk,22,White,false,1,Deebo Samuel
insert-chalk-talk,23,,false,,Derrick Henry
insert-chalk-talk,23,Red,false,50,Derrick Henry
insert-chalk-talk,23,Blue,false,25,Derrick Henry
insert-chalk-talk,23,Gold,false,10,Derrick Henry
insert-chalk-talk,23,White,false,1,Derrick Henry
insert-chalk-talk,24,,false,,Travis Kelce
insert-chalk-talk,24,Red,false,50,Travis Kelce
insert-chalk-talk,24,Blue,false,25,Travis Kelce
insert-chalk-talk,24,Gold,false,10,Travis Kelce
insert-chalk-talk,24,White,false,1,Travis Kelce
insert-chalk-talk,25,,false,,George Kittle
insert-chalk-talk,25,Red,false,50,George Kittle
insert-chalk-talk,25,Blue,false,25,George Kittle
insert-chalk-talk,25,Gold,false,10,George Kittle
insert-chalk-talk,25,White,false,1,George Kittle
insert-first-look,1,,false,,Caleb Williams
insert-first-look,2,,false,,Jayden Daniels
insert-first-look,3,,false,,Drake Maye
insert-first-look,4,,false,,Bo Nix
insert-first-look,5,,false,,Marvin Harrison Jr.
insert-first-look,6,,false,,Malik Nabers
insert-first-look,7,,false,,Xavier Worthy
insert-first-look,8,,false,,Brock Bowers
insert-first-look,9,,false,,Michael Penix Jr.
insert-first-look,10,,false,,J.J. McCarthy
insert-first-look,11,,false,,Spencer Rattler
insert-first-look,12,,false,,Joe Milton III
insert-first-look,13,,false,,Michael Pratt
insert-first-look,14,,false,,Rome Odunze
insert-first-look,15,,false,,Brian Thomas Jr.
insert-first-look,16,,false,,Keon Coleman
insert-first-look,17,,false,,Blake Corum
insert-first-look,18,,false,,Adonai Mitchell
insert-first-look,19,,false,,Jonathon Brooks
insert-first-look,20,,false,,Dallas Turner
insert-first-look,21,,false,,Ja'Tavion Sanders
insert-first-look,22,,false,,Trey Benson
insert-first-look,23,,false,,Bucky Irving
insert-first-look,24,,false,,Cade Stover
insert-first-look,25,,false,,Luke McCaffrey
insert-idols,1,,false,,Christian McCaffrey / Frank Gore
insert-idols,1,Red,false,49,Christian McCaffrey / Frank Gore
insert-idols,1,Blue,false,25,Christian McCaffrey / Frank Gore
insert-idols,1,Gold,false,10,Christian McCaffrey / Frank Gore
insert-idols,1,White,false,1,Christian McCaffrey / Frank Gore
insert-idols,2,,false,,Jalen Hurts / Randall Cunningham
insert-idols,2,Red,false,49,Jalen Hurts / Randall Cunningham
insert-idols,2,Blue,false,25,Jalen Hurts / Randall Cunningham
insert-idols,2,Gold,false,10,Jalen Hurts / Randall Cunningham
insert-idols,2,White,false,1,Jalen Hurts / Randall Cunningham
insert-idols,3,,false,,Jim Kelly / Josh Allen
insert-idols,3,Red,false,49,Jim Kelly / Josh Allen
insert-idols,3,Blue,false,25,Jim Kelly / Josh Allen
insert-idols,3,Gold,false,10,Jim Kelly / Josh Allen
insert-idols,3,White,false,1,Jim Kelly / Josh Allen
insert-idols,4,,false,,Anthony Richardson / Peyton Manning
insert-idols,4,Red,false,49,Anthony Richardson / Peyton Manning
insert-idols,4,Blue,false,25,Anthony Richardson / Peyton Manning
insert-idols,4,Gold,false,10,Anthony Richardson / Peyton Manning
insert-idols,4,White,false,1,Anthony Richardson / Peyton Manning
insert-idols,5,,false,,Barry Sanders / Jahmyr Gibbs
insert-idols,5,Red,false,49,Barry Sanders / Jahmyr Gibbs
insert-idols,5,Blue,false,25,Barry Sanders / Jahmyr Gibbs
insert-idols,5,Gold,false,10,Barry Sanders / Jahmyr Gibbs
insert-idols,5,White,false,1,Barry Sanders / Jahmyr Gibbs
insert-idols,6,,false,,CeeDee Lamb / Drew Pearson
insert-idols,6,Red,false,49,CeeDee Lamb / Drew Pearson
insert-idols,6,Blue,false,25,CeeDee Lamb / Drew Pearson
insert-idols,6,Gold,false,10,CeeDee Lamb / Drew Pearson
insert-idols,6,White,false,1,CeeDee Lamb / Drew Pearson
insert-idols,7,,false,,Brock Bowers / Travis Kelce
insert-idols,7,Red,false,49,Brock Bowers / Travis Kelce
insert-idols,7,Blue,false,25,Brock Bowers / Travis Kelce
insert-idols,7,Gold,false,10,Brock Bowers / Travis Kelce
insert-idols,7,White,false,1,Brock Bowers / Travis Kelce
insert-idols,8,,false,,Malik Nabers / Odell Beckham Jr.
insert-idols,8,Red,false,49,Malik Nabers / Odell Beckham Jr.
insert-idols,8,Blue,false,25,Malik Nabers / Odell Beckham Jr.
insert-idols,8,Gold,false,10,Malik Nabers / Odell Beckham Jr.
insert-idols,8,White,false,1,Malik Nabers / Odell Beckham Jr.
insert-idols,9,,false,,Fran Tarkenton / J.J. McCarthy
insert-idols,9,Red,false,49,Fran Tarkenton / J.J. McCarthy
insert-idols,9,Blue,false,25,Fran Tarkenton / J.J. McCarthy
insert-idols,9,Gold,false,10,Fran Tarkenton / J.J. McCarthy
insert-idols,9,White,false,1,Fran Tarkenton / J.J. McCarthy
insert-idols,10,,false,,Michael Penix Jr. / Michael Vick
insert-idols,10,Red,false,49,Michael Penix Jr. / Michael Vick
insert-idols,10,Blue,false,25,Michael Penix Jr. / Michael Vick
insert-idols,10,Gold,false,10,Michael Penix Jr. / Michael Vick
insert-idols,10,White,false,1,Michael Penix Jr. / Michael Vick
insert-idols,11,,false,,Bo Nix / John Elway
insert-idols,11,Red,false,49,Bo Nix / John Elway
insert-idols,11,Blue,false,25,Bo Nix / John Elway
insert-idols,11,Gold,false,10,Bo Nix / John Elway
insert-idols,11,White,false,1,Bo Nix / John Elway
insert-idols,12,,false,,Marvin Harrison Jr. / Randy Moss
insert-idols,12,Red,false,49,Marvin Harrison Jr. / Randy Moss
insert-idols,12,Blue,false,25,Marvin Harrison Jr. / Randy Moss
insert-idols,12,Gold,false,10,Marvin Harrison Jr. / Randy Moss
insert-idols,12,White,false,1,Marvin Harrison Jr. / Randy Moss
insert-idols,13,,false,,Aaron Rodgers / Jordan Love
insert-idols,13,Red,false,49,Aaron Rodgers / Jordan Love
insert-idols,13,Blue,false,25,Aaron Rodgers / Jordan Love
insert-idols,13,Gold,false,10,Aaron Rodgers / Jordan Love
insert-idols,13,White,false,1,Aaron Rodgers / Jordan Love
insert-idols,14,,false,,Ed McCaffrey / Luke McCaffrey
insert-idols,14,Red,false,49,Ed McCaffrey / Luke McCaffrey
insert-idols,14,Blue,false,25,Ed McCaffrey / Luke McCaffrey
insert-idols,14,Gold,false,10,Ed McCaffrey / Luke McCaffrey
insert-idols,14,White,false,1,Ed McCaffrey / Luke McCaffrey
insert-idols,15,,false,,DaRon Bland / Deion Sanders
insert-idols,15,Red,false,49,DaRon Bland / Deion Sanders
insert-idols,15,Blue,false,25,DaRon Bland / Deion Sanders
insert-idols,15,Gold,false,10,DaRon Bland / Deion Sanders
insert-idols,15,White,false,1,DaRon Bland / Deion Sanders
insert-idols,16,,false,,Justin Jefferson / Randy Moss
insert-idols,16,Red,false,49,Justin Jefferson / Randy Moss
insert-idols,16,Blue,false,25,Justin Jefferson / Randy Moss
insert-idols,16,Gold,false,10,Justin Jefferson / Randy Moss
insert-idols,16,White,false,1,Justin Jefferson / Randy Moss
insert-idols,17,,false,,Blake Corum / Eric Dickerson
insert-idols,17,Red,false,49,Blake Corum / Eric Dickerson
insert-idols,17,Blue,false,25,Blake Corum / Eric Dickerson
insert-idols,17,Gold,false,10,Blake Corum / Eric Dickerson
insert-idols,17,White,false,1,Blake Corum / Eric Dickerson
insert-idols,18,,false,,Lawrence Taylor / Micah Parsons
insert-idols,18,Red,false,49,Lawrence Taylor / Micah Parsons
insert-idols,18,Blue,false,25,Lawrence Taylor / Micah Parsons
insert-idols,18,Gold,false,10,Lawrence Taylor / Micah Parsons
insert-idols,18,White,false,1,Lawrence Taylor / Micah Parsons
insert-idols,19,,false,,C.J. Stroud  / Drew Brees
insert-idols,19,Red,false,49,C.J. Stroud  / Drew Brees
insert-idols,19,Blue,false,25,C.J. Stroud  / Drew Brees
insert-idols,19,Gold,false,10,C.J. Stroud  / Drew Brees
insert-idols,19,White,false,1,C.J. Stroud  / Drew Brees
insert-idols,20,,false,,Jaylen Waddle / Mark Duper
insert-idols,20,Red,false,49,Jaylen Waddle / Mark Duper
insert-idols,20,Blue,false,25,Jaylen Waddle / Mark Duper
insert-idols,20,Gold,false,10,Jaylen Waddle / Mark Duper
insert-idols,20,White,false,1,Jaylen Waddle / Mark Duper
insert-splash,1,,false,,Caleb Williams
insert-splash,1,Red,false,50,Caleb Williams
insert-splash,1,Blue,false,25,Caleb Williams
insert-splash,1,Gold,false,10,Caleb Williams
insert-splash,1,White,false,1,Caleb Williams
insert-splash,2,,false,,Drake Maye
insert-splash,2,Red,false,50,Drake Maye
insert-splash,2,Blue,false,25,Drake Maye
insert-splash,2,Gold,false,10,Drake Maye
insert-splash,2,White,false,1,Drake Maye
insert-splash,3,,false,,Jayden Daniels
insert-splash,3,Red,false,50,Jayden Daniels
insert-splash,3,Blue,false,25,Jayden Daniels
insert-splash,3,Gold,false,10,Jayden Daniels
insert-splash,3,White,false,1,Jayden Daniels
insert-splash,4,,false,,Bo Nix
insert-splash,4,Red,false,50,Bo Nix
insert-splash,4,Blue,false,25,Bo Nix
insert-splash,4,Gold,false,10,Bo Nix
insert-splash,4,White,false,1,Bo Nix
insert-splash,5,,false,,Brock Bowers
insert-splash,5,Red,false,50,Brock Bowers
insert-splash,5,Blue,false,25,Brock Bowers
insert-splash,5,Gold,false,10,Brock Bowers
insert-splash,5,White,false,1,Brock Bowers
insert-splash,6,,false,,Marvin Harrison Jr.
insert-splash,6,Red,false,50,Marvin Harrison Jr.
insert-splash,6,Blue,false,25,Marvin Harrison Jr.
insert-splash,6,Gold,false,10,Marvin Harrison Jr.
insert-splash,6,White,false,1,Marvin Harrison Jr.
insert-splash,7,,false,,Xavier Worthy
insert-splash,7,Red,false,50,Xavier Worthy
insert-splash,7,Blue,false,25,Xavier Worthy
insert-splash,7,Gold,false,10,Xavier Worthy
insert-splash,7,White,false,1,Xavier Worthy
insert-splash,8,,false,,Malik Nabers
insert-splash,8,Red,false,50,Malik Nabers
insert-splash,8,Blue,false,25,Malik Nabers
insert-splash,8,Gold,false,10,Malik Nabers
insert-splash,8,White,false,1,Malik Nabers
insert-splash,9,,false,,J.J. McCarthy
insert-splash,9,Red,false,50,J.J. McCarthy
insert-splash,9,Blue,false,25,J.J. McCarthy
insert-splash,9,Gold,false,10,J.J. McCarthy
insert-splash,9,White,false,1,J.J. McCarthy
insert-splash,10,,false,,Michael Penix Jr.
insert-splash,10,Red,false,50,Michael Penix Jr.
insert-splash,10,Blue,false,25,Michael Penix Jr.
insert-splash,10,Gold,false,10,Michael Penix Jr.
insert-splash,10,White,false,1,Michael Penix Jr.
insert-splash,11,,false,,Patrick Mahomes II
insert-splash,11,Red,false,50,Patrick Mahomes II
insert-splash,11,Blue,false,25,Patrick Mahomes II
insert-splash,11,Gold,false,10,Patrick Mahomes II
insert-splash,11,White,false,1,Patrick Mahomes II
insert-splash,12,,false,,Trevor Lawrence
insert-splash,12,Red,false,50,Trevor Lawrence
insert-splash,12,Blue,false,25,Trevor Lawrence
insert-splash,12,Gold,false,10,Trevor Lawrence
insert-splash,12,White,false,1,Trevor Lawrence
insert-splash,13,,false,,Jalen Hurts
insert-splash,13,Red,false,50,Jalen Hurts
insert-splash,13,Blue,false,25,Jalen Hurts
insert-splash,13,Gold,false,10,Jalen Hurts
insert-splash,13,White,false,1,Jalen Hurts
insert-splash,14,,false,,Justin Herbert
insert-splash,14,Red,false,50,Justin Herbert
insert-splash,14,Blue,false,25,Justin Herbert
insert-splash,14,Gold,false,10,Justin Herbert
insert-splash,14,White,false,1,Justin Herbert
insert-splash,15,,false,,Joe Burrow
insert-splash,15,Red,false,50,Joe Burrow
insert-splash,15,Blue,false,25,Joe Burrow
insert-splash,15,Gold,false,10,Joe Burrow
insert-splash,15,White,false,1,Joe Burrow
insert-splash,16,,false,,Josh Allen
insert-splash,16,Red,false,50,Josh Allen
insert-splash,16,Blue,false,25,Josh Allen
insert-splash,16,Gold,false,10,Josh Allen
insert-splash,16,White,false,1,Josh Allen
insert-splash,17,,false,,Tua Tagovailoa
insert-splash,17,Red,false,50,Tua Tagovailoa
insert-splash,17,Blue,false,25,Tua Tagovailoa
insert-splash,17,Gold,false,10,Tua Tagovailoa
insert-splash,17,White,false,1,Tua Tagovailoa
insert-splash,18,,false,,Jared Goff
insert-splash,18,Red,false,50,Jared Goff
insert-splash,18,Blue,false,25,Jared Goff
insert-splash,18,Gold,false,10,Jared Goff
insert-splash,18,White,false,1,Jared Goff
insert-splash,19,,false,,CeeDee Lamb
insert-splash,19,Red,false,50,CeeDee Lamb
insert-splash,19,Blue,false,25,CeeDee Lamb
insert-splash,19,Gold,false,10,CeeDee Lamb
insert-splash,19,White,false,1,CeeDee Lamb
insert-splash,20,,false,,Justin Jefferson
insert-splash,20,Red,false,50,Justin Jefferson
insert-splash,20,Blue,false,25,Justin Jefferson
insert-splash,20,Gold,false,10,Justin Jefferson
insert-splash,20,White,false,1,Justin Jefferson
insert-splash,21,,false,,Ja'Marr Chase
insert-splash,21,Red,false,50,Ja'Marr Chase
insert-splash,21,Blue,false,25,Ja'Marr Chase
insert-splash,21,Gold,false,10,Ja'Marr Chase
insert-splash,21,White,false,1,Ja'Marr Chase
insert-splash,22,,false,,Derrick Henry
insert-splash,22,Red,false,50,Derrick Henry
insert-splash,22,Blue,false,25,Derrick Henry
insert-splash,22,Gold,false,10,Derrick Henry
insert-splash,22,White,false,1,Derrick Henry
insert-splash,23,,false,,Travis Kelce
insert-splash,23,Red,false,50,Travis Kelce
insert-splash,23,Blue,false,25,Travis Kelce
insert-splash,23,Gold,false,10,Travis Kelce
insert-splash,23,White,false,1,Travis Kelce
insert-splash,24,,false,,George Kittle
insert-splash,24,Red,false,50,George Kittle
insert-splash,24,Blue,false,25,George Kittle
insert-splash,24,Gold,false,10,George Kittle
insert-splash,24,White,false,1,George Kittle
insert-splash,25,,false,,Josh Jacobs
insert-splash,25,Red,false,50,Josh Jacobs
insert-splash,25,Blue,false,25,Josh Jacobs
insert-splash,25,Gold,false,10,Josh Jacobs
insert-splash,25,White,false,1,Josh Jacobs
insert-state-of-the-art,1,,false,,Patrick Mahomes II
insert-state-of-the-art,1,Red,false,49,Patrick Mahomes II
insert-state-of-the-art,1,Blue,false,25,Patrick Mahomes II
insert-state-of-the-art,1,Gold,false,10,Patrick Mahomes II
insert-state-of-the-art,1,White,false,1,Patrick Mahomes II
insert-state-of-the-art,2,,false,,Jalen Hurts
insert-state-of-the-art,2,Red,false,49,Jalen Hurts
insert-state-of-the-art,2,Blue,false,25,Jalen Hurts
insert-state-of-the-art,2,Gold,false,10,Jalen Hurts
insert-state-of-the-art,2,White,false,1,Jalen Hurts
insert-state-of-the-art,3,,false,,Joe Burrow
insert-state-of-the-art,3,Red,false,49,Joe Burrow
insert-state-of-the-art,3,Blue,false,25,Joe Burrow
insert-state-of-the-art,3,Gold,false,10,Joe Burrow
insert-state-of-the-art,3,White,false,1,Joe Burrow
insert-state-of-the-art,4,,false,,Brock Purdy
insert-state-of-the-art,4,Red,false,49,Brock Purdy
insert-state-of-the-art,4,Blue,false,25,Brock Purdy
insert-state-of-the-art,4,Gold,false,10,Brock Purdy
insert-state-of-the-art,4,White,false,1,Brock Purdy
insert-state-of-the-art,5,,false,,Dak Prescott
insert-state-of-the-art,5,Red,false,49,Dak Prescott
insert-state-of-the-art,5,Blue,false,25,Dak Prescott
insert-state-of-the-art,5,Gold,false,10,Dak Prescott
insert-state-of-the-art,5,White,false,1,Dak Prescott
insert-state-of-the-art,6,,false,,Jared Goff
insert-state-of-the-art,6,Red,false,49,Jared Goff
insert-state-of-the-art,6,Blue,false,25,Jared Goff
insert-state-of-the-art,6,Gold,false,10,Jared Goff
insert-state-of-the-art,6,White,false,1,Jared Goff
insert-state-of-the-art,7,,false,,Josh Allen
insert-state-of-the-art,7,Red,false,49,Josh Allen
insert-state-of-the-art,7,Blue,false,25,Josh Allen
insert-state-of-the-art,7,Gold,false,10,Josh Allen
insert-state-of-the-art,7,White,false,1,Josh Allen
insert-state-of-the-art,8,,false,,Justin Herbert
insert-state-of-the-art,8,Red,false,49,Justin Herbert
insert-state-of-the-art,8,Blue,false,25,Justin Herbert
insert-state-of-the-art,8,Gold,false,10,Justin Herbert
insert-state-of-the-art,8,White,false,1,Justin Herbert
insert-state-of-the-art,9,,false,,Lamar Jackson
insert-state-of-the-art,9,Red,false,49,Lamar Jackson
insert-state-of-the-art,9,Blue,false,25,Lamar Jackson
insert-state-of-the-art,9,Gold,false,10,Lamar Jackson
insert-state-of-the-art,9,White,false,1,Lamar Jackson
insert-state-of-the-art,10,,false,,Jordan Love
insert-state-of-the-art,10,Red,false,49,Jordan Love
insert-state-of-the-art,10,Blue,false,25,Jordan Love
insert-state-of-the-art,10,Gold,false,10,Jordan Love
insert-state-of-the-art,10,White,false,1,Jordan Love
insert-state-of-the-art,11,,false,,C.J. Stroud
insert-state-of-the-art,11,Red,false,49,C.J. Stroud
insert-state-of-the-art,11,Blue,false,25,C.J. Stroud
insert-state-of-the-art,11,Gold,false,10,C.J. Stroud
insert-state-of-the-art,11,White,false,1,C.J. Stroud
insert-state-of-the-art,12,,false,,Anthony Richardson
insert-state-of-the-art,12,Red,false,49,Anthony Richardson
insert-state-of-the-art,12,Blue,false,25,Anthony Richardson
insert-state-of-the-art,12,Gold,false,10,Anthony Richardson
insert-state-of-the-art,12,White,false,1,Anthony Richardson
insert-state-of-the-art,13,,false,,Michael Penix Jr.
insert-state-of-the-art,13,Red,false,49,Michael Penix Jr.
insert-state-of-the-art,13,Blue,false,25,Michael Penix Jr.
insert-state-of-the-art,13,Gold,false,10,Michael Penix Jr.
insert-state-of-the-art,13,White,false,1,Michael Penix Jr.
insert-state-of-the-art,14,,false,,Ja'Marr Chase
insert-state-of-the-art,14,Red,false,49,Ja'Marr Chase
insert-state-of-the-art,14,Blue,false,25,Ja'Marr Chase
insert-state-of-the-art,14,Gold,false,10,Ja'Marr Chase
insert-state-of-the-art,14,White,false,1,Ja'Marr Chase
insert-state-of-the-art,15,,false,,CeeDee Lamb
insert-state-of-the-art,15,Red,false,49,CeeDee Lamb
insert-state-of-the-art,15,Blue,false,25,CeeDee Lamb
insert-state-of-the-art,15,Gold,false,10,CeeDee Lamb
insert-state-of-the-art,15,White,false,1,CeeDee Lamb
insert-state-of-the-art,16,,false,,Justin Jefferson
insert-state-of-the-art,16,Red,false,49,Justin Jefferson
insert-state-of-the-art,16,Blue,false,25,Justin Jefferson
insert-state-of-the-art,16,Gold,false,10,Justin Jefferson
insert-state-of-the-art,16,White,false,1,Justin Jefferson
insert-state-of-the-art,17,,false,,Puka Nacua
insert-state-of-the-art,17,Red,false,49,Puka Nacua
insert-state-of-the-art,17,Blue,false,25,Puka Nacua
insert-state-of-the-art,17,Gold,false,10,Puka Nacua
insert-state-of-the-art,17,White,false,1,Puka Nacua
insert-state-of-the-art,18,,false,,Drake Maye
insert-state-of-the-art,18,Red,false,49,Drake Maye
insert-state-of-the-art,18,Blue,false,25,Drake Maye
insert-state-of-the-art,18,Gold,false,10,Drake Maye
insert-state-of-the-art,18,White,false,1,Drake Maye
insert-state-of-the-art,19,,false,,Jayden Daniels
insert-state-of-the-art,19,Red,false,49,Jayden Daniels
insert-state-of-the-art,19,Blue,false,25,Jayden Daniels
insert-state-of-the-art,19,Gold,false,10,Jayden Daniels
insert-state-of-the-art,19,White,false,1,Jayden Daniels
insert-state-of-the-art,20,,false,,Bo Nix
insert-state-of-the-art,20,Red,false,49,Bo Nix
insert-state-of-the-art,20,Blue,false,25,Bo Nix
insert-state-of-the-art,20,Gold,false,10,Bo Nix
insert-state-of-the-art,20,White,false,1,Bo Nix
insert-state-of-the-art,21,,false,,Xavier Worthy
insert-state-of-the-art,21,Red,false,49,Xavier Worthy
insert-state-of-the-art,21,Blue,false,25,Xavier Worthy
insert-state-of-the-art,21,Gold,false,10,Xavier Worthy
insert-state-of-the-art,21,White,false,1,Xavier Worthy
insert-state-of-the-art,22,,false,,Marvin Harrison Jr.
insert-state-of-the-art,22,Red,false,49,Marvin Harrison Jr.
insert-state-of-the-art,22,Blue,false,25,Marvin Harrison Jr.
insert-state-of-the-art,22,Gold,false,10,Marvin Harrison Jr.
insert-state-of-the-art,22,White,false,1,Marvin Harrison Jr.
insert-state-of-the-art,23,,false,,Malik Nabers
insert-state-of-the-art,23,Red,false,49,Malik Nabers
insert-state-of-the-art,23,Blue,false,25,Malik Nabers
insert-state-of-the-art,23,Gold,false,10,Malik Nabers
insert-state-of-the-art,23,White,false,1,Malik Nabers
insert-state-of-the-art,24,,false,,J.J. McCarthy
insert-state-of-the-art,24,Red,false,49,J.J. McCarthy
insert-state-of-the-art,24,Blue,false,25,J.J. McCarthy
insert-state-of-the-art,24,Gold,false,10,J.J. McCarthy
insert-state-of-the-art,24,White,false,1,J.J. McCarthy
insert-the-shield,1,,false,,Caleb Williams
insert-the-shield,2,,false,,Jayden Daniels
insert-the-shield,3,,false,,Drake Maye
insert-the-shield,4,,false,,Bo Nix
insert-the-shield,5,,false,,Marvin Harrison Jr.
insert-the-shield,6,,false,,Malik Nabers
insert-the-shield,7,,false,,Xavier Worthy
insert-the-shield,8,,false,,Brock Bowers
insert-the-shield,9,,false,,Michael Penix Jr.
insert-the-shield,10,,false,,J.J. McCarthy
insert-the-shield,11,,false,,Rome Odunze
insert-the-shield,12,,false,,Blake Corum
insert-the-shield,13,,false,,Patrick Mahomes II
insert-the-shield,14,,false,,Trevor Lawrence
insert-the-shield,15,,false,,Josh Allen
insert-the-shield,16,,false,,Brock Purdy
insert-the-shield,17,,false,,C.J. Stroud
insert-the-shield,18,,false,,Anthony Richardson
insert-the-shield,19,,false,,Travis Kelce
insert-the-shield,20,,false,,George Kittle
insert-the-shield,21,,false,,Derrick Henry
insert-the-shield,22,,false,,Christian McCaffrey
insert-the-shield,23,,false,,Micah Parsons
insert-the-shield,24,,false,,Tyreek Hill
insert-the-shield,25,,false,,T.J. Watt
insert-z-marquee,1,,false,,Caleb Williams
insert-z-marquee,1,Red,false,49,Caleb Williams
insert-z-marquee,1,Blue,false,25,Caleb Williams
insert-z-marquee,1,Gold,false,10,Caleb Williams
insert-z-marquee,1,White,false,1,Caleb Williams
insert-z-marquee,2,,false,,Jayden Daniels
insert-z-marquee,2,Red,false,49,Jayden Daniels
insert-z-marquee,2,Blue,false,25,Jayden Daniels
insert-z-marquee,2,Gold,false,10,Jayden Daniels
insert-z-marquee,2,White,false,1,Jayden Daniels
insert-z-marquee,3,,false,,Drake Maye
insert-z-marquee,3,Red,false,49,Drake Maye
insert-z-marquee,3,Blue,false,25,Drake Maye
insert-z-marquee,3,Gold,false,10,Drake Maye
insert-z-marquee,3,White,false,1,Drake Maye
insert-z-marquee,4,,false,,Bo Nix
insert-z-marquee,4,Red,false,49,Bo Nix
insert-z-marquee,4,Blue,false,25,Bo Nix
insert-z-marquee,4,Gold,false,10,Bo Nix
insert-z-marquee,4,White,false,1,Bo Nix
insert-z-marquee,5,,false,,Marvin Harrison Jr.
insert-z-marquee,5,Red,false,49,Marvin Harrison Jr.
insert-z-marquee,5,Blue,false,25,Marvin Harrison Jr.
insert-z-marquee,5,Gold,false,10,Marvin Harrison Jr.
insert-z-marquee,5,White,false,1,Marvin Harrison Jr.
insert-z-marquee,6,,false,,Malik Nabers
insert-z-marquee,6,Red,false,49,Malik Nabers
insert-z-marquee,6,Blue,false,25,Malik Nabers
insert-z-marquee,6,Gold,false,10,Malik Nabers
insert-z-marquee,6,White,false,1,Malik Nabers
insert-z-marquee,7,,false,,Xavier Worthy
insert-z-marquee,7,Red,false,49,Xavier Worthy
insert-z-marquee,7,Blue,false,25,Xavier Worthy
insert-z-marquee,7,Gold,false,10,Xavier Worthy
insert-z-marquee,7,White,false,1,Xavier Worthy
insert-z-marquee,8,,false,,Brock Bowers
insert-z-marquee,8,Red,false,49,Brock Bowers
insert-z-marquee,8,Blue,false,25,Brock Bowers
insert-z-marquee,8,Gold,false,10,Brock Bowers
insert-z-marquee,8,White,false,1,Brock Bowers
insert-z-marquee,9,,false,,Michael Penix Jr.
insert-z-marquee,9,Red,false,49,Michael Penix Jr.
insert-z-marquee,9,Blue,false,25,Michael Penix Jr.
insert-z-marquee,9,Gold,false,10,Michael Penix Jr.
insert-z-marquee,9,White,false,1,Michael Penix Jr.
insert-z-marquee,10,,false,,J.J. McCarthy
insert-z-marquee,10,Red,false,49,J.J. McCarthy
insert-z-marquee,10,Blue,false,25,J.J. McCarthy
insert-z-marquee,10,Gold,false,10,J.J. McCarthy
insert-z-marquee,10,White,false,1,J.J. McCarthy
insert-z-marquee,11,,false,,Rome Odunze
insert-z-marquee,11,Red,false,49,Rome Odunze
insert-z-marquee,11,Blue,false,25,Rome Odunze
insert-z-marquee,11,Gold,false,10,Rome Odunze
insert-z-marquee,11,White,false,1,Rome Odunze
insert-z-marquee,12,,false,,Blake Corum
insert-z-marquee,12,Red,false,49,Blake Corum
insert-z-marquee,12,Blue,false,25,Blake Corum
insert-z-marquee,12,Gold,false,10,Blake Corum
insert-z-marquee,12,White,false,1,Blake Corum
insert-z-marquee,13,,false,,Patrick Mahomes II
insert-z-marquee,13,Red,false,49,Patrick Mahomes II
insert-z-marquee,13,Blue,false,25,Patrick Mahomes II
insert-z-marquee,13,Gold,false,10,Patrick Mahomes II
insert-z-marquee,13,White,false,1,Patrick Mahomes II
insert-z-marquee,14,,false,,Joe Burrow
insert-z-marquee,14,Red,false,49,Joe Burrow
insert-z-marquee,14,Blue,false,25,Joe Burrow
insert-z-marquee,14,Gold,false,10,Joe Burrow
insert-z-marquee,14,White,false,1,Joe Burrow
insert-z-marquee,15,,false,,Jalen Hurts
insert-z-marquee,15,Red,false,49,Jalen Hurts
insert-z-marquee,15,Blue,false,25,Jalen Hurts
insert-z-marquee,15,Gold,false,10,Jalen Hurts
insert-z-marquee,15,White,false,1,Jalen Hurts
insert-z-marquee,16,,false,,Josh Allen
insert-z-marquee,16,Red,false,49,Josh Allen
insert-z-marquee,16,Blue,false,25,Josh Allen
insert-z-marquee,16,Gold,false,10,Josh Allen
insert-z-marquee,16,White,false,1,Josh Allen
insert-z-marquee,17,,false,,Tua Tagovailoa
insert-z-marquee,17,Red,false,49,Tua Tagovailoa
insert-z-marquee,17,Blue,false,25,Tua Tagovailoa
insert-z-marquee,17,Gold,false,10,Tua Tagovailoa
insert-z-marquee,17,White,false,1,Tua Tagovailoa
insert-z-marquee,18,,false,,Dak Prescott
insert-z-marquee,18,Red,false,49,Dak Prescott
insert-z-marquee,18,Blue,false,25,Dak Prescott
insert-z-marquee,18,Gold,false,10,Dak Prescott
insert-z-marquee,18,White,false,1,Dak Prescott
insert-z-marquee,19,,false,,Jared Goff
insert-z-marquee,19,Red,false,49,Jared Goff
insert-z-marquee,19,Blue,false,25,Jared Goff
insert-z-marquee,19,Gold,false,10,Jared Goff
insert-z-marquee,19,White,false,1,Jared Goff
insert-z-marquee,20,,false,,C.J. Stroud
insert-z-marquee,20,Red,false,49,C.J. Stroud
insert-z-marquee,20,Blue,false,25,C.J. Stroud
insert-z-marquee,20,Gold,false,10,C.J. Stroud
insert-z-marquee,20,White,false,1,C.J. Stroud
insert-z-marquee,21,,false,,Anthony Richardson
insert-z-marquee,21,Red,false,49,Anthony Richardson
insert-z-marquee,21,Blue,false,25,Anthony Richardson
insert-z-marquee,21,Gold,false,10,Anthony Richardson
insert-z-marquee,21,White,false,1,Anthony Richardson
insert-z-marquee,22,,false,,Brock Purdy
insert-z-marquee,22,Red,false,49,Brock Purdy
insert-z-marquee,22,Blue,false,25,Brock Purdy
insert-z-marquee,22,Gold,false,10,Brock Purdy
insert-z-marquee,22,White,false,1,Brock Purdy
insert-z-marquee,23,,false,,Jordan Love
insert-z-marquee,23,Red,false,49,Jordan Love
insert-z-marquee,23,Blue,false,25,Jordan Love
insert-z-marquee,23,Gold,false,10,Jordan Love
insert-z-marquee,23,White,false,1,Jordan Love
insert-z-marquee,24,,false,,Trevor Lawrence
insert-z-marquee,24,Red,false,49,Trevor Lawrence
insert-z-marquee,24,Blue,false,25,Trevor Lawrence
insert-z-marquee,24,Gold,false,10,Trevor Lawrence
insert-z-marquee,24,White,false,1,Trevor Lawrence
insert-z-marquee,25,,false,,Justin Herbert
insert-z-marquee,25,Red,false,49,Justin Herbert
insert-z-marquee,25,Blue,false,25,Justin Herbert
insert-z-marquee,25,Gold,false,10,Justin Herbert
insert-z-marquee,25,White,false,1,Justin Herbert
insert-z-marquee,26,,false,,Ja'Marr Chase
insert-z-marquee,26,Red,false,49,Ja'Marr Chase
insert-z-marquee,26,Blue,false,25,Ja'Marr Chase
insert-z-marquee,26,Gold,false,10,Ja'Marr Chase
insert-z-marquee,26,White,false,1,Ja'Marr Chase
insert-z-marquee,27,,false,,CeeDee Lamb
insert-z-marquee,27,Red,false,49,CeeDee Lamb
insert-z-marquee,27,Blue,false,25,CeeDee Lamb
insert-z-marquee,27,Gold,false,10,CeeDee Lamb
insert-z-marquee,27,White,false,1,CeeDee Lamb
insert-z-marquee,28,,false,,Justin Jefferson
insert-z-marquee,28,Red,false,49,Justin Jefferson
insert-z-marquee,28,Blue,false,25,Justin Jefferson
insert-z-marquee,28,Gold,false,10,Justin Jefferson
insert-z-marquee,28,White,false,1,Justin Jefferson
insert-z-marquee,29,,false,,Travis Kelce
insert-z-marquee,29,Red,false,49,Travis Kelce
insert-z-marquee,29,Blue,false,25,Travis Kelce
insert-z-marquee,29,Gold,false,10,Travis Kelce
insert-z-marquee,29,White,false,1,Travis Kelce
insert-z-marquee,30,,false,,Micah Parsons
insert-z-marquee,30,Red,false,49,Micah Parsons
insert-z-marquee,30,Blue,false,25,Micah Parsons
insert-z-marquee,30,Gold,false,10,Micah Parsons
insert-z-marquee,30,White,false,1,Micah Parsons
insert-z-team,1,,false,,Caleb Williams
insert-z-team,1,Red,false,50,Caleb Williams
insert-z-team,1,Blue,false,25,Caleb Williams
insert-z-team,1,Gold,false,10,Caleb Williams
insert-z-team,1,White,false,1,Caleb Williams
insert-z-team,2,,false,,Drake Maye
insert-z-team,2,Red,false,50,Drake Maye
insert-z-team,2,Blue,false,25,Drake Maye
insert-z-team,2,Gold,false,10,Drake Maye
insert-z-team,2,White,false,1,Drake Maye
insert-z-team,3,,false,,Jayden Daniels
insert-z-team,3,Red,false,50,Jayden Daniels
insert-z-team,3,Blue,false,25,Jayden Daniels
insert-z-team,3,Gold,false,10,Jayden Daniels
insert-z-team,3,White,false,1,Jayden Daniels
insert-z-team,4,,false,,Bo Nix
insert-z-team,4,Red,false,50,Bo Nix
insert-z-team,4,Blue,false,25,Bo Nix
insert-z-team,4,Gold,false,10,Bo Nix
insert-z-team,4,White,false,1,Bo Nix
insert-z-team,5,,false,,Xavier Worthy
insert-z-team,5,Red,false,50,Xavier Worthy
insert-z-team,5,Blue,false,25,Xavier Worthy
insert-z-team,5,Gold,false,10,Xavier Worthy
insert-z-team,5,White,false,1,Xavier Worthy
insert-z-team,6,,false,,Marvin Harrison Jr.
insert-z-team,6,Red,false,50,Marvin Harrison Jr.
insert-z-team,6,Blue,false,25,Marvin Harrison Jr.
insert-z-team,6,Gold,false,10,Marvin Harrison Jr.
insert-z-team,6,White,false,1,Marvin Harrison Jr.
insert-z-team,7,,false,,Malik Nabers
insert-z-team,7,Red,false,50,Malik Nabers
insert-z-team,7,Blue,false,25,Malik Nabers
insert-z-team,7,Gold,false,10,Malik Nabers
insert-z-team,7,White,false,1,Malik Nabers
insert-z-team,8,,false,,J.J. McCarthy
insert-z-team,8,Red,false,50,J.J. McCarthy
insert-z-team,8,Blue,false,25,J.J. McCarthy
insert-z-team,8,Gold,false,10,J.J. McCarthy
insert-z-team,8,White,false,1,J.J. McCarthy
insert-z-team,9,,false,,Michael Penix Jr.
insert-z-team,9,Red,false,50,Michael Penix Jr.
insert-z-team,9,Blue,false,25,Michael Penix Jr.
insert-z-team,9,Gold,false,10,Michael Penix Jr.
insert-z-team,9,White,false,1,Michael Penix Jr.
insert-z-team,10,,false,,Patrick Mahomes II
insert-z-team,10,Red,false,50,Patrick Mahomes II
insert-z-team,10,Blue,false,25,Patrick Mahomes II
insert-z-team,10,Gold,false,10,Patrick Mahomes II
insert-z-team,10,White,false,1,Patrick Mahomes II
insert-z-team,11,,false,,Jalen Hurts
insert-z-team,11,Red,false,50,Jalen Hurts
insert-z-team,11,Blue,false,25,Jalen Hurts
insert-z-team,11,Gold,false,10,Jalen Hurts
insert-z-team,11,White,false,1,Jalen Hurts
insert-z-team,12,,false,,Joe Burrow
insert-z-team,12,Red,false,50,Joe Burrow
insert-z-team,12,Blue,false,25,Joe Burrow
insert-z-team,12,Gold,false,10,Joe Burrow
insert-z-team,12,White,false,1,Joe Burrow
insert-z-team,13,,false,,Brock Purdy
insert-z-team,13,Red,false,50,Brock Purdy
insert-z-team,13,Blue,false,25,Brock Purdy
insert-z-team,13,Gold,false,10,Brock Purdy
insert-z-team,13,White,false,1,Brock Purdy
insert-z-team,14,,false,,Jared Goff
insert-z-team,14,Red,false,50,Jared Goff
insert-z-team,14,Blue,false,25,Jared Goff
insert-z-team,14,Gold,false,10,Jared Goff
insert-z-team,14,White,false,1,Jared Goff
insert-z-team,15,,false,,Josh Allen
insert-z-team,15,Red,false,50,Josh Allen
insert-z-team,15,Blue,false,25,Josh Allen
insert-z-team,15,Gold,false,10,Josh Allen
insert-z-team,15,White,false,1,Josh Allen
insert-z-team,16,,false,,Justin Herbert
insert-z-team,16,Red,false,50,Justin Herbert
insert-z-team,16,Blue,false,25,Justin Herbert
insert-z-team,16,Gold,false,10,Justin Herbert
insert-z-team,16,White,false,1,Justin Herbert
insert-z-team,17,,false,,Lamar Jackson
insert-z-team,17,Red,false,50,Lamar Jackson
insert-z-team,17,Blue,false,25,Lamar Jackson
insert-z-team,17,Gold,false,10,Lamar Jackson
insert-z-team,17,White,false,1,Lamar Jackson
insert-z-team,18,,false,,Jordan Love
insert-z-team,18,Red,false,50,Jordan Love
insert-z-team,18,Blue,false,25,Jordan Love
insert-z-team,18,Gold,false,10,Jordan Love
insert-z-team,18,White,false,1,Jordan Love
insert-z-team,19,,false,,C.J. Stroud
insert-z-team,19,Red,false,50,C.J. Stroud
insert-z-team,19,Blue,false,25,C.J. Stroud
insert-z-team,19,Gold,false,10,C.J. Stroud
insert-z-team,19,White,false,1,C.J. Stroud
insert-z-team,20,,false,,Anthony Richardson
insert-z-team,20,Red,false,50,Anthony Richardson
insert-z-team,20,Blue,false,25,Anthony Richardson
insert-z-team,20,Gold,false,10,Anthony Richardson
insert-z-team,20,White,false,1,Anthony Richardson
insert-z-team,21,,false,,Ja'Marr Chase
insert-z-team,21,Red,false,50,Ja'Marr Chase
insert-z-team,21,Blue,false,25,Ja'Marr Chase
insert-z-team,21,Gold,false,10,Ja'Marr Chase
insert-z-team,21,White,false,1,Ja'Marr Chase
insert-z-team,22,,false,,CeeDee Lamb
insert-z-team,22,Red,false,50,CeeDee Lamb
insert-z-team,22,Blue,false,25,CeeDee Lamb
insert-z-team,22,Gold,false,10,CeeDee Lamb
insert-z-team,22,White,false,1,CeeDee Lamb
insert-z-team,23,,false,,Justin Jefferson
insert-z-team,23,Red,false,50,Justin Jefferson
insert-z-team,23,Blue,false,25,Justin Jefferson
insert-z-team,23,Gold,false,10,Justin Jefferson
insert-z-team,23,White,false,1,Justin Jefferson
insert-z-team,24,,false,,Puka Nacua
insert-z-team,24,Red,false,50,Puka Nacua
insert-z-team,24,Blue,false,25,Puka Nacua
insert-z-team,24,Gold,false,10,Puka Nacua
insert-z-team,24,White,false,1,Puka Nacua
insert-z-team,25,,false,,Nick Bosa
insert-z-team,25,Red,false,50,Nick Bosa
insert-z-team,25,Blue,false,25,Nick Bosa
insert-z-team,25,Gold,false,10,Nick Bosa
insert-z-team,25,White,false,1,Nick Bosa
insert-zoom-gold,1,,false,,Tua Tagovailoa
insert-zoom-gold,1,Spokes,false,10,Tua Tagovailoa
insert-zoom-gold,1,Lightning,false,5,Tua Tagovailoa
insert-zoom-gold,1,Kaboom,false,1,Tua Tagovailoa
insert-zoom-gold,2,,false,,Brock Purdy
insert-zoom-gold,2,Spokes,false,10,Brock Purdy
insert-zoom-gold,2,Lightning,false,5,Brock Purdy
insert-zoom-gold,2,Kaboom,false,1,Brock Purdy
insert-zoom-gold,3,,false,,Jordan Love
insert-zoom-gold,3,Spokes,false,10,Jordan Love
insert-zoom-gold,3,Lightning,false,5,Jordan Love
insert-zoom-gold,3,Kaboom,false,1,Jordan Love
insert-zoom-gold,4,,false,,Tyreek Hill
insert-zoom-gold,4,Spokes,false,10,Tyreek Hill
insert-zoom-gold,4,Lightning,false,5,Tyreek Hill
insert-zoom-gold,4,Kaboom,false,1,Tyreek Hill
insert-zoom-gold,7,,false,,Myles Garrett
insert-zoom-gold,7,Spokes,false,10,Myles Garrett
insert-zoom-gold,7,Lightning,false,5,Myles Garrett
insert-zoom-gold,7,Kaboom,false,1,Myles Garrett
insert-zoom-gold,8,,false,,Michael Irvin
insert-zoom-gold,8,Spokes,false,10,Michael Irvin
insert-zoom-gold,8,Lightning,false,5,Michael Irvin
insert-zoom-gold,8,Kaboom,false,1,Michael Irvin
insert-zoom-gold,9,,false,,Aaron Donald
insert-zoom-gold,9,Spokes,false,10,Aaron Donald
insert-zoom-gold,9,Lightning,false,5,Aaron Donald
insert-zoom-gold,9,Kaboom,false,1,Aaron Donald
insert-zoom-gold,10,,false,,Deion Sanders
insert-zoom-gold,10,Spokes,false,10,Deion Sanders
insert-zoom-gold,10,Lightning,false,5,Deion Sanders
insert-zoom-gold,10,Kaboom,false,1,Deion Sanders
insert-zoom-red,1,,false,,Patrick Mahomes II
insert-zoom-red,1,Spokes,false,50,Patrick Mahomes II
insert-zoom-red,1,Lightning,false,25,Patrick Mahomes II
insert-zoom-red,1,Kaboom,false,1,Patrick Mahomes II
insert-zoom-red,2,,false,,Jalen Hurts
insert-zoom-red,2,Spokes,false,50,Jalen Hurts
insert-zoom-red,2,Lightning,false,25,Jalen Hurts
insert-zoom-red,2,Kaboom,false,1,Jalen Hurts
insert-zoom-red,3,,false,,Joe Burrow
insert-zoom-red,3,Spokes,false,50,Joe Burrow
insert-zoom-red,3,Lightning,false,25,Joe Burrow
insert-zoom-red,3,Kaboom,false,1,Joe Burrow
insert-zoom-red,4,,false,,Justin Herbert
insert-zoom-red,4,Spokes,false,50,Justin Herbert
insert-zoom-red,4,Lightning,false,25,Justin Herbert
insert-zoom-red,4,Kaboom,false,1,Justin Herbert
insert-zoom-red,5,,false,,CeeDee Lamb
insert-zoom-red,5,Spokes,false,50,CeeDee Lamb
insert-zoom-red,5,Lightning,false,25,CeeDee Lamb
insert-zoom-red,5,Kaboom,false,1,CeeDee Lamb
insert-zoom-red,6,,false,,Justin Jefferson
insert-zoom-red,6,Spokes,false,50,Justin Jefferson
insert-zoom-red,6,Lightning,false,25,Justin Jefferson
insert-zoom-red,6,Kaboom,false,1,Justin Jefferson
insert-zoom-red,7,,false,,Ja'Marr Chase
insert-zoom-red,7,Spokes,false,50,Ja'Marr Chase
insert-zoom-red,7,Lightning,false,25,Ja'Marr Chase
insert-zoom-red,7,Kaboom,false,1,Ja'Marr Chase
insert-zoom-red,8,,false,,Travis Kelce
insert-zoom-red,8,Spokes,false,50,Travis Kelce
insert-zoom-red,8,Lightning,false,25,Travis Kelce
insert-zoom-red,8,Kaboom,false,1,Travis Kelce
insert-zoom-red,9,,false,,Micah Parsons
insert-zoom-red,9,Spokes,false,50,Micah Parsons
insert-zoom-red,9,Lightning,false,25,Micah Parsons
insert-zoom-red,9,Kaboom,false,1,Micah Parsons
insert-zoom-red,10,,false,,Derrick Henry
insert-zoom-red,10,Spokes,false,50,Derrick Henry
insert-zoom-red,10,Lightning,false,25,Derrick Henry
insert-zoom-red,10,Kaboom,false,1,Derrick Henry
