category,cardNumber,parallel,isAuto,printRun,player
insert-a-different-view,1,A Different View,,,Jalen Hurts
insert-a-different-view,2,A Different View,,,Justin Herbert
insert-a-different-view,3,A Different View,,,Christian McCaffrey
insert-a-different-view,4,A Different View,,,Myles Garrett
insert-a-different-view,5,A Different View,,,Tyreek Hill
insert-a-different-view,6,A Different View,,,Anthony Richardson
insert-a-different-view,7,A Different View,,,Roquan Smith
insert-a-different-view,8,A Different View,,,Kyler Murray
insert-a-different-view,9,A Different View,,,Matthew Stafford
insert-a-different-view,10,A Different View,,,Bryce Young
insert-a-different-view-black,1,A Different View Black,,1,Jalen Hurts
insert-a-different-view-black,2,A Different View Black,,1,Justin Herbert
insert-a-different-view-black,3,A Different View Black,,1,Christian McCaffrey
insert-a-different-view-black,4,A Different View Black,,1,Myles Garrett
insert-a-different-view-black,5,A Different View Black,,1,Tyreek Hill
insert-a-different-view-black,6,A Different View Black,,1,Anthony Richardson
insert-a-different-view-black,7,A Different View Black,,1,Roquan Smith
insert-a-different-view-black,8,A Different View Black,,1,Kyler Murray
insert-a-different-view-black,9,A Different View Black,,1,Matthew Stafford
insert-a-different-view-black,10,A Different View Black,,1,Bryce Young
insert-a-different-view-blue,1,A Different View Blue,,99,Jalen Hurts
insert-a-different-view-blue,2,A Different View Blue,,99,Justin Herbert
insert-a-different-view-blue,3,A Different View Blue,,99,Christian McCaffrey
insert-a-different-view-blue,4,A Different View Blue,,99,Myles Garrett
insert-a-different-view-blue,5,A Different View Blue,,99,Tyreek Hill
insert-a-different-view-blue,6,A Different View Blue,,99,Anthony Richardson
insert-a-different-view-blue,7,A Different View Blue,,99,Roquan Smith
insert-a-different-view-blue,8,A Different View Blue,,99,Kyler Murray
insert-a-different-view-blue,9,A Different View Blue,,99,Matthew Stafford
insert-a-different-view-blue,10,A Different View Blue,,99,Bryce Young
insert-a-different-view-gold,1,A Different View Gold,,5,Jalen Hurts
insert-a-different-view-gold,2,A Different View Gold,,5,Justin Herbert
insert-a-different-view-gold,3,A Different View Gold,,5,Christian McCaffrey
insert-a-different-view-gold,4,A Different View Gold,,5,Myles Garrett
insert-a-different-view-gold,5,A Different View Gold,,5,Tyreek Hill
insert-a-different-view-gold,6,A Different View Gold,,5,Anthony Richardson
insert-a-different-view-gold,7,A Different View Gold,,5,Roquan Smith
insert-a-different-view-gold,8,A Different View Gold,,5,Kyler Murray
insert-a-different-view-gold,9,A Different View Gold,,5,Matthew Stafford
insert-a-different-view-gold,10,A Different View Gold,,5,Bryce Young
insert-a-different-view-orange,1,A Different View Orange,,25,Jalen Hurts
insert-a-different-view-orange,2,A Different View Orange,,25,Justin Herbert
insert-a-different-view-orange,3,A Different View Orange,,25,Christian McCaffrey
insert-a-different-view-orange,4,A Different View Orange,,25,Myles Garrett
insert-a-different-view-orange,5,A Different View Orange,,25,Tyreek Hill
insert-a-different-view-orange,6,A Different View Orange,,25,Anthony Richardson
insert-a-different-view-orange,7,A Different View Orange,,25,Roquan Smith
insert-a-different-view-orange,8,A Different View Orange,,25,Kyler Murray
insert-a-different-view-orange,9,A Different View Orange,,25,Matthew Stafford
insert-a-different-view-orange,10,A Different View Orange,,25,Bryce Young
insert-a-different-view-pink,1,A Different View Pink,,15,Jalen Hurts
insert-a-different-view-pink,2,A Different View Pink,,15,Justin Herbert
insert-a-different-view-pink,3,A Different View Pink,,15,Christian McCaffrey
insert-a-different-view-pink,4,A Different View Pink,,15,Myles Garrett
insert-a-different-view-pink,5,A Different View Pink,,15,Tyreek Hill
insert-a-different-view-pink,6,A Different View Pink,,15,Anthony Richardson
insert-a-different-view-pink,7,A Different View Pink,,15,Roquan Smith
insert-a-different-view-pink,8,A Different View Pink,,15,Kyler Murray
insert-a-different-view-pink,9,A Different View Pink,,15,Matthew Stafford
insert-a-different-view-pink,10,A Different View Pink,,15,Bryce Young
insert-a-different-view-purple,1,A Different View Purple,,75,Jalen Hurts
insert-a-different-view-purple,2,A Different View Purple,,75,Justin Herbert
insert-a-different-view-purple,3,A Different View Purple,,75,Christian McCaffrey
insert-a-different-view-purple,4,A Different View Purple,,75,Myles Garrett
insert-a-different-view-purple,5,A Different View Purple,,75,Tyreek Hill
insert-a-different-view-purple,6,A Different View Purple,,75,Anthony Richardson
insert-a-different-view-purple,7,A Different View Purple,,75,Roquan Smith
insert-a-different-view-purple,8,A Different View Purple,,75,Kyler Murray
insert-a-different-view-purple,9,A Different View Purple,,75,Matthew Stafford
insert-a-different-view-purple,10,A Different View Purple,,75,Bryce Young
insert-a-different-view-red,1,A Different View Red,,49,Jalen Hurts
insert-a-different-view-red,2,A Different View Red,,49,Justin Herbert
insert-a-different-view-red,3,A Different View Red,,49,Christian McCaffrey
insert-a-different-view-red,4,A Different View Red,,49,Myles Garrett
insert-a-different-view-red,5,A Different View Red,,49,Tyreek Hill
insert-a-different-view-red,6,A Different View Red,,49,Anthony Richardson
insert-a-different-view-red,7,A Different View Red,,49,Roquan Smith
insert-a-different-view-red,8,A Different View Red,,49,Kyler Murray
insert-a-different-view-red,9,A Different View Red,,49,Matthew Stafford
insert-a-different-view-red,10,A Different View Red,,49,Bryce Young
insert-a-different-view-silver,1,A Different View Silver,,150,Jalen Hurts
insert-a-different-view-silver,2,A Different View Silver,,150,Justin Herbert
insert-a-different-view-silver,3,A Different View Silver,,150,Christian McCaffrey
insert-a-different-view-silver,4,A Different View Silver,,150,Myles Garrett
insert-a-different-view-silver,5,A Different View Silver,,150,Tyreek Hill
insert-a-different-view-silver,6,A Different View Silver,,150,Anthony Richardson
insert-a-different-view-silver,7,A Different View Silver,,150,Roquan Smith
insert-a-different-view-silver,8,A Different View Silver,,150,Kyler Murray
insert-a-different-view-silver,9,A Different View Silver,,150,Matthew Stafford
insert-a-different-view-silver,10,A Different View Silver,,150,Bryce Young
insert-avatars,1,Avatar,,,C.J. Stroud
insert-avatars,2,Avatar,,,Travis Kelce
insert-avatars,3,Avatar,,,Joe Burrow
insert-avatars,4,Avatar,,,Puka Nacua
insert-avatars,5,Avatar,,,Josh Allen
insert-avatars,6,Avatar,,,Bryce Young
insert-avatars,7,Avatar,,,Justin Jefferson
insert-avatars,8,Avatar,,,Terry McLaurin
insert-avatars,9,Avatar,,,Trevor Lawrence
insert-avatars,10,Avatar,,,Davante Adams
insert-avatars,11,Avatar,,,Derrick Henry
insert-avatars,12,Avatar,,,Aaron Rodgers
insert-avatars,13,Avatar,,,Bijan Robinson
insert-avatars,14,Avatar,,,Brock Purdy
insert-avatars,15,Avatar,,,Jared Goff
insert-avatars,16,Avatar,,,CeeDee Lamb
insert-avatars,17,Avatar,,,Jonathan Taylor
insert-avatars,18,Avatar,,,Minkah Fitzpatrick
insert-avatars,19,Avatar,,,"Ahmad ""Sauce"" Gardner"
insert-avatars,20,Avatar,,,A.J. Brown
base,1,,,,Ja'Marr Chase
base,1,Silver,,175,Ja'Marr Chase
base,1,Blue,,99,Ja'Marr Chase
base,1,Purple,,75,Ja'Marr Chase
base,1,Red,,49,Ja'Marr Chase
base,1,Orange,,25,Ja'Marr Chase
base,1,Pink,,15,Ja'Marr Chase
base,1,Gold,,5,Ja'Marr Chase
base,1,Black,,1,Ja'Marr Chase
base,2,,,,Isaiah Likely
base,2,Silver,,175,Isaiah Likely
base,2,Blue,,99,Isaiah Likely
base,2,Purple,,75,Isaiah Likely
base,2,Red,,49,Isaiah Likely
base,2,Orange,,25,Isaiah Likely
base,2,Pink,,15,Isaiah Likely
base,2,Gold,,5,Isaiah Likely
base,2,Black,,1,Isaiah Likely
base,3,,,,Josh Hines-Allen
base,3,Silver,,175,Josh Hines-Allen
base,3,Blue,,99,Josh Hines-Allen
base,3,Purple,,75,Josh Hines-Allen
base,3,Red,,49,Josh Hines-Allen
base,3,Orange,,25,Josh Hines-Allen
base,3,Pink,,15,Josh Hines-Allen
base,3,Gold,,5,Josh Hines-Allen
base,3,Black,,1,Josh Hines-Allen
base,4,,,,Kenneth Walker III
base,4,Silver,,175,Kenneth Walker III
base,4,Blue,,99,Kenneth Walker III
base,4,Purple,,75,Kenneth Walker III
base,4,Red,,49,Kenneth Walker III
base,4,Orange,,25,Kenneth Walker III
base,4,Pink,,15,Kenneth Walker III
base,4,Gold,,5,Kenneth Walker III
base,4,Black,,1,Kenneth Walker III
base,5,,,,Lamar Jackson
base,5,Silver,,175,Lamar Jackson
base,5,Blue,,99,Lamar Jackson
base,5,Purple,,75,Lamar Jackson
base,5,Red,,49,Lamar Jackson
base,5,Orange,,25,Lamar Jackson
base,5,Pink,,15,Lamar Jackson
base,5,Gold,,5,Lamar Jackson
base,5,Black,,1,Lamar Jackson
base,6,,,,Jonathan Mingo
base,6,Silver,,175,Jonathan Mingo
base,6,Blue,,99,Jonathan Mingo
base,6,Purple,,75,Jonathan Mingo
base,6,Red,,49,Jonathan Mingo
base,6,Orange,,25,Jonathan Mingo
base,6,Pink,,15,Jonathan Mingo
base,6,Gold,,5,Jonathan Mingo
base,6,Black,,1,Jonathan Mingo
base,7,,,,Ben Coates
base,7,Silver,,175,Ben Coates
base,7,Blue,,99,Ben Coates
base,7,Purple,,75,Ben Coates
base,7,Red,,49,Ben Coates
base,7,Orange,,25,Ben Coates
base,7,Pink,,15,Ben Coates
base,7,Gold,,5,Ben Coates
base,7,Black,,1,Ben Coates
base,8,,,,Kayvon Thibodeaux
base,8,Silver,,175,Kayvon Thibodeaux
base,8,Blue,,99,Kayvon Thibodeaux
base,8,Purple,,75,Kayvon Thibodeaux
base,8,Red,,49,Kayvon Thibodeaux
base,8,Orange,,25,Kayvon Thibodeaux
base,8,Pink,,15,Kayvon Thibodeaux
base,8,Gold,,5,Kayvon Thibodeaux
base,8,Black,,1,Kayvon Thibodeaux
base,9,,,,Puka Nacua
base,9,Silver,,175,Puka Nacua
base,9,Blue,,99,Puka Nacua
base,9,Purple,,75,Puka Nacua
base,9,Red,,49,Puka Nacua
base,9,Orange,,25,Puka Nacua
base,9,Pink,,15,Puka Nacua
base,9,Gold,,5,Puka Nacua
base,9,Black,,1,Puka Nacua
base,10,,,,Will Levis
base,10,Silver,,175,Will Levis
base,10,Blue,,99,Will Levis
base,10,Purple,,75,Will Levis
base,10,Red,,49,Will Levis
base,10,Orange,,25,Will Levis
base,10,Pink,,15,Will Levis
base,10,Gold,,5,Will Levis
base,10,Black,,1,Will Levis
base,11,,,,Nick Chubb
base,11,Silver,,175,Nick Chubb
base,11,Blue,,99,Nick Chubb
base,11,Purple,,75,Nick Chubb
base,11,Red,,49,Nick Chubb
base,11,Orange,,25,Nick Chubb
base,11,Pink,,15,Nick Chubb
base,11,Gold,,5,Nick Chubb
base,11,Black,,1,Nick Chubb
base,12,,,,Sam LaPorta
base,12,Silver,,175,Sam LaPorta
base,12,Blue,,99,Sam LaPorta
base,12,Purple,,75,Sam LaPorta
base,12,Red,,49,Sam LaPorta
base,12,Orange,,25,Sam LaPorta
base,12,Pink,,15,Sam LaPorta
base,12,Gold,,5,Sam LaPorta
base,12,Black,,1,Sam LaPorta
base,13,,,,Michael Pittman Jr.
base,13,Silver,,175,Michael Pittman Jr.
base,13,Blue,,99,Michael Pittman Jr.
base,13,Purple,,75,Michael Pittman Jr.
base,13,Red,,49,Michael Pittman Jr.
base,13,Orange,,25,Michael Pittman Jr.
base,13,Pink,,15,Michael Pittman Jr.
base,13,Gold,,5,Michael Pittman Jr.
base,13,Black,,1,Michael Pittman Jr.
base,14,,,,Jordan Davis
base,14,Silver,,175,Jordan Davis
base,14,Blue,,99,Jordan Davis
base,14,Purple,,75,Jordan Davis
base,14,Red,,49,Jordan Davis
base,14,Orange,,25,Jordan Davis
base,14,Pink,,15,Jordan Davis
base,14,Gold,,5,Jordan Davis
base,14,Black,,1,Jordan Davis
base,15,,,,Jared Goff
base,15,Silver,,175,Jared Goff
base,15,Blue,,99,Jared Goff
base,15,Purple,,75,Jared Goff
base,15,Red,,49,Jared Goff
base,15,Orange,,25,Jared Goff
base,15,Pink,,15,Jared Goff
base,15,Gold,,5,Jared Goff
base,15,Black,,1,Jared Goff
base,16,,,,Khalil Shakir
base,16,Silver,,175,Khalil Shakir
base,16,Blue,,99,Khalil Shakir
base,16,Purple,,75,Khalil Shakir
base,16,Red,,49,Khalil Shakir
base,16,Orange,,25,Khalil Shakir
base,16,Pink,,15,Khalil Shakir
base,16,Gold,,5,Khalil Shakir
base,16,Black,,1,Khalil Shakir
base,17,,,,Will Anderson Jr.
base,17,Silver,,175,Will Anderson Jr.
base,17,Blue,,99,Will Anderson Jr.
base,17,Purple,,75,Will Anderson Jr.
base,17,Red,,49,Will Anderson Jr.
base,17,Orange,,25,Will Anderson Jr.
base,17,Pink,,15,Will Anderson Jr.
base,17,Gold,,5,Will Anderson Jr.
base,17,Black,,1,Will Anderson Jr.
base,18,,,,Garrett Wilson
base,18,Silver,,175,Garrett Wilson
base,18,Blue,,99,Garrett Wilson
base,18,Purple,,75,Garrett Wilson
base,18,Red,,49,Garrett Wilson
base,18,Orange,,25,Garrett Wilson
base,18,Pink,,15,Garrett Wilson
base,18,Gold,,5,Garrett Wilson
base,18,Black,,1,Garrett Wilson
base,19,,,,Derius Davis
base,19,Silver,,175,Derius Davis
base,19,Blue,,99,Derius Davis
base,19,Purple,,75,Derius Davis
base,19,Red,,49,Derius Davis
base,19,Orange,,25,Derius Davis
base,19,Pink,,15,Derius Davis
base,19,Gold,,5,Derius Davis
base,19,Black,,1,Derius Davis
base,20,,,,Patrick Mahomes II
base,20,Silver,,175,Patrick Mahomes II
base,20,Blue,,99,Patrick Mahomes II
base,20,Purple,,75,Patrick Mahomes II
base,20,Red,,49,Patrick Mahomes II
base,20,Orange,,25,Patrick Mahomes II
base,20,Pink,,15,Patrick Mahomes II
base,20,Gold,,5,Patrick Mahomes II
base,20,Black,,1,Patrick Mahomes II
base,21,,,,Terrell Suggs
base,21,Silver,,175,Terrell Suggs
base,21,Blue,,99,Terrell Suggs
base,21,Purple,,75,Terrell Suggs
base,21,Red,,49,Terrell Suggs
base,21,Orange,,25,Terrell Suggs
base,21,Pink,,15,Terrell Suggs
base,21,Gold,,5,Terrell Suggs
base,21,Black,,1,Terrell Suggs
base,22,,,,Christian McCaffrey
base,22,Silver,,175,Christian McCaffrey
base,22,Blue,,99,Christian McCaffrey
base,22,Purple,,75,Christian McCaffrey
base,22,Red,,49,Christian McCaffrey
base,22,Orange,,25,Christian McCaffrey
base,22,Pink,,15,Christian McCaffrey
base,22,Gold,,5,Christian McCaffrey
base,22,Black,,1,Christian McCaffrey
base,23,,,,Devon Witherspoon
base,23,Silver,,175,Devon Witherspoon
base,23,Blue,,99,Devon Witherspoon
base,23,Purple,,75,Devon Witherspoon
base,23,Red,,49,Devon Witherspoon
base,23,Orange,,25,Devon Witherspoon
base,23,Pink,,15,Devon Witherspoon
base,23,Gold,,5,Devon Witherspoon
base,23,Black,,1,Devon Witherspoon
base,24,,,,Justin Jefferson
base,24,Silver,,175,Justin Jefferson
base,24,Blue,,99,Justin Jefferson
base,24,Purple,,75,Justin Jefferson
base,24,Red,,49,Justin Jefferson
base,24,Orange,,25,Justin Jefferson
base,24,Pink,,15,Justin Jefferson
base,24,Gold,,5,Justin Jefferson
base,24,Black,,1,Justin Jefferson
base,25,,,,Bryce Young
base,25,Silver,,175,Bryce Young
base,25,Blue,,99,Bryce Young
base,25,Purple,,75,Bryce Young
base,25,Red,,49,Bryce Young
base,25,Orange,,25,Bryce Young
base,25,Pink,,15,Bryce Young
base,25,Gold,,5,Bryce Young
base,25,Black,,1,Bryce Young
base,26,,,,Drake London
base,26,Silver,,175,Drake London
base,26,Blue,,99,Drake London
base,26,Purple,,75,Drake London
base,26,Red,,49,Drake London
base,26,Orange,,25,Drake London
base,26,Pink,,15,Drake London
base,26,Gold,,5,Drake London
base,26,Black,,1,Drake London
base,27,,,,Luke Musgrave
base,27,Silver,,175,Luke Musgrave
base,27,Blue,,99,Luke Musgrave
base,27,Purple,,75,Luke Musgrave
base,27,Red,,49,Luke Musgrave
base,27,Orange,,25,Luke Musgrave
base,27,Pink,,15,Luke Musgrave
base,27,Gold,,5,Luke Musgrave
base,27,Black,,1,Luke Musgrave
base,28,,,,Mike Evans
base,28,Silver,,175,Mike Evans
base,28,Blue,,99,Mike Evans
base,28,Purple,,75,Mike Evans
base,28,Red,,49,Mike Evans
base,28,Orange,,25,Mike Evans
base,28,Pink,,15,Mike Evans
base,28,Gold,,5,Mike Evans
base,28,Black,,1,Mike Evans
base,29,,,,Patrick Surtain II
base,29,Silver,,175,Patrick Surtain II
base,29,Blue,,99,Patrick Surtain II
base,29,Purple,,75,Patrick Surtain II
base,29,Red,,49,Patrick Surtain II
base,29,Orange,,25,Patrick Surtain II
base,29,Pink,,15,Patrick Surtain II
base,29,Gold,,5,Patrick Surtain II
base,29,Black,,1,Patrick Surtain II
base,30,,,,Brock Purdy
base,30,Silver,,175,Brock Purdy
base,30,Blue,,99,Brock Purdy
base,30,Purple,,75,Brock Purdy
base,30,Red,,49,Brock Purdy
base,30,Orange,,25,Brock Purdy
base,30,Pink,,15,Brock Purdy
base,30,Gold,,5,Brock Purdy
base,30,Black,,1,Brock Purdy
base,31,,,,Cameron Jordan
base,31,Silver,,175,Cameron Jordan
base,31,Blue,,99,Cameron Jordan
base,31,Purple,,75,Cameron Jordan
base,31,Red,,49,Cameron Jordan
base,31,Orange,,25,Cameron Jordan
base,31,Pink,,15,Cameron Jordan
base,31,Gold,,5,Cameron Jordan
base,31,Black,,1,Cameron Jordan
base,32,,,,CeeDee Lamb
base,32,Silver,,175,CeeDee Lamb
base,32,Blue,,99,CeeDee Lamb
base,32,Purple,,75,CeeDee Lamb
base,32,Red,,49,CeeDee Lamb
base,32,Orange,,25,CeeDee Lamb
base,32,Pink,,15,CeeDee Lamb
base,32,Gold,,5,CeeDee Lamb
base,32,Black,,1,CeeDee Lamb
base,33,,,,Nolan Cromwell
base,33,Silver,,175,Nolan Cromwell
base,33,Blue,,99,Nolan Cromwell
base,33,Purple,,75,Nolan Cromwell
base,33,Red,,49,Nolan Cromwell
base,33,Orange,,25,Nolan Cromwell
base,33,Pink,,15,Nolan Cromwell
base,33,Gold,,5,Nolan Cromwell
base,33,Black,,1,Nolan Cromwell
base,34,,,,Brandon Aiyuk
base,34,Silver,,175,Brandon Aiyuk
base,34,Blue,,99,Brandon Aiyuk
base,34,Purple,,75,Brandon Aiyuk
base,34,Red,,49,Brandon Aiyuk
base,34,Orange,,25,Brandon Aiyuk
base,34,Pink,,15,Brandon Aiyuk
base,34,Gold,,5,Brandon Aiyuk
base,34,Black,,1,Brandon Aiyuk
base,35,,,,Joe Burrow
base,35,Silver,,175,Joe Burrow
base,35,Blue,,99,Joe Burrow
base,35,Purple,,75,Joe Burrow
base,35,Red,,49,Joe Burrow
base,35,Orange,,25,Joe Burrow
base,35,Pink,,15,Joe Burrow
base,35,Gold,,5,Joe Burrow
base,35,Black,,1,Joe Burrow
base,36,,,,James Conner
base,36,Silver,,175,James Conner
base,36,Blue,,99,James Conner
base,36,Purple,,75,James Conner
base,36,Red,,49,James Conner
base,36,Orange,,25,James Conner
base,36,Pink,,15,James Conner
base,36,Gold,,5,James Conner
base,36,Black,,1,James Conner
base,37,,,,Daron Payne
base,37,Silver,,175,Daron Payne
base,37,Blue,,99,Daron Payne
base,37,Purple,,75,Daron Payne
base,37,Red,,49,Daron Payne
base,37,Orange,,25,Daron Payne
base,37,Pink,,15,Daron Payne
base,37,Gold,,5,Daron Payne
base,37,Black,,1,Daron Payne
base,38,,,,DK Metcalf
base,38,Silver,,175,DK Metcalf
base,38,Blue,,99,DK Metcalf
base,38,Purple,,75,DK Metcalf
base,38,Red,,49,DK Metcalf
base,38,Orange,,25,DK Metcalf
base,38,Pink,,15,DK Metcalf
base,38,Gold,,5,DK Metcalf
base,38,Black,,1,DK Metcalf
base,39,,,,Maxx Crosby
base,39,Silver,,175,Maxx Crosby
base,39,Blue,,99,Maxx Crosby
base,39,Purple,,75,Maxx Crosby
base,39,Red,,49,Maxx Crosby
base,39,Orange,,25,Maxx Crosby
base,39,Pink,,15,Maxx Crosby
base,39,Gold,,5,Maxx Crosby
base,39,Black,,1,Maxx Crosby
base,40,,,,Baker Mayfield
base,40,Silver,,175,Baker Mayfield
base,40,Blue,,99,Baker Mayfield
base,40,Purple,,75,Baker Mayfield
base,40,Red,,49,Baker Mayfield
base,40,Orange,,25,Baker Mayfield
base,40,Pink,,15,Baker Mayfield
base,40,Gold,,5,Baker Mayfield
base,40,Black,,1,Baker Mayfield
base,41,,,,Jahmyr Gibbs
base,41,Silver,,175,Jahmyr Gibbs
base,41,Blue,,99,Jahmyr Gibbs
base,41,Purple,,75,Jahmyr Gibbs
base,41,Red,,49,Jahmyr Gibbs
base,41,Orange,,25,Jahmyr Gibbs
base,41,Pink,,15,Jahmyr Gibbs
base,41,Gold,,5,Jahmyr Gibbs
base,41,Black,,1,Jahmyr Gibbs
base,42,,,,Chris Godwin
base,42,Silver,,175,Chris Godwin
base,42,Blue,,99,Chris Godwin
base,42,Purple,,75,Chris Godwin
base,42,Red,,49,Chris Godwin
base,42,Orange,,25,Chris Godwin
base,42,Pink,,15,Chris Godwin
base,42,Gold,,5,Chris Godwin
base,42,Black,,1,Chris Godwin
base,43,,,,T.J. Watt
base,43,Silver,,175,T.J. Watt
base,43,Blue,,99,T.J. Watt
base,43,Purple,,75,T.J. Watt
base,43,Red,,49,T.J. Watt
base,43,Orange,,25,T.J. Watt
base,43,Pink,,15,T.J. Watt
base,43,Gold,,5,T.J. Watt
base,43,Black,,1,T.J. Watt
base,44,,,,Isiah Pacheco
base,44,Silver,,175,Isiah Pacheco
base,44,Blue,,99,Isiah Pacheco
base,44,Purple,,75,Isiah Pacheco
base,44,Red,,49,Isiah Pacheco
base,44,Orange,,25,Isiah Pacheco
base,44,Pink,,15,Isiah Pacheco
base,44,Gold,,5,Isiah Pacheco
base,44,Black,,1,Isiah Pacheco
base,45,,,,C.J. Stroud
base,45,Silver,,175,C.J. Stroud
base,45,Blue,,99,C.J. Stroud
base,45,Purple,,75,C.J. Stroud
base,45,Red,,49,C.J. Stroud
base,45,Orange,,25,C.J. Stroud
base,45,Pink,,15,C.J. Stroud
base,45,Gold,,5,C.J. Stroud
base,45,Black,,1,C.J. Stroud
base,46,,,,Nick Bosa
base,46,Silver,,175,Nick Bosa
base,46,Blue,,99,Nick Bosa
base,46,Purple,,75,Nick Bosa
base,46,Red,,49,Nick Bosa
base,46,Orange,,25,Nick Bosa
base,46,Pink,,15,Nick Bosa
base,46,Gold,,5,Nick Bosa
base,46,Black,,1,Nick Bosa
base,47,,,,A.J. Brown
base,47,Silver,,175,A.J. Brown
base,47,Blue,,99,A.J. Brown
base,47,Purple,,75,A.J. Brown
base,47,Red,,49,A.J. Brown
base,47,Orange,,25,A.J. Brown
base,47,Pink,,15,A.J. Brown
base,47,Gold,,5,A.J. Brown
base,47,Black,,1,A.J. Brown
base,48,,,,Calijah Kancey
base,48,Silver,,175,Calijah Kancey
base,48,Blue,,99,Calijah Kancey
base,48,Purple,,75,Calijah Kancey
base,48,Red,,49,Calijah Kancey
base,48,Orange,,25,Calijah Kancey
base,48,Pink,,15,Calijah Kancey
base,48,Gold,,5,Calijah Kancey
base,48,Black,,1,Calijah Kancey
base,49,,,,Rhamondre Stevenson
base,49,Silver,,175,Rhamondre Stevenson
base,49,Blue,,99,Rhamondre Stevenson
base,49,Purple,,75,Rhamondre Stevenson
base,49,Red,,49,Rhamondre Stevenson
base,49,Orange,,25,Rhamondre Stevenson
base,49,Pink,,15,Rhamondre Stevenson
base,49,Gold,,5,Rhamondre Stevenson
base,49,Black,,1,Rhamondre Stevenson
base,50,,,,Justin Herbert
base,50,Silver,,175,Justin Herbert
base,50,Blue,,99,Justin Herbert
base,50,Purple,,75,Justin Herbert
base,50,Red,,49,Justin Herbert
base,50,Orange,,25,Justin Herbert
base,50,Pink,,15,Justin Herbert
base,50,Gold,,5,Justin Herbert
base,50,Black,,1,Justin Herbert
base,51,,,,Chase Brown
base,51,Silver,,175,Chase Brown
base,51,Blue,,99,Chase Brown
base,51,Purple,,75,Chase Brown
base,51,Red,,49,Chase Brown
base,51,Orange,,25,Chase Brown
base,51,Pink,,15,Chase Brown
base,51,Gold,,5,Chase Brown
base,51,Black,,1,Chase Brown
base,52,,,,Wesley Walker
base,52,Silver,,175,Wesley Walker
base,52,Blue,,99,Wesley Walker
base,52,Purple,,75,Wesley Walker
base,52,Red,,49,Wesley Walker
base,52,Orange,,25,Wesley Walker
base,52,Pink,,15,Wesley Walker
base,52,Gold,,5,Wesley Walker
base,52,Black,,1,Wesley Walker
base,53,,,,Terry McLaurin
base,53,Silver,,175,Terry McLaurin
base,53,Blue,,99,Terry McLaurin
base,53,Purple,,75,Terry McLaurin
base,53,Red,,49,Terry McLaurin
base,53,Orange,,25,Terry McLaurin
base,53,Pink,,15,Terry McLaurin
base,53,Gold,,5,Terry McLaurin
base,53,Black,,1,Terry McLaurin
base,54,,,,Julius Peppers
base,54,Silver,,175,Julius Peppers
base,54,Blue,,99,Julius Peppers
base,54,Purple,,75,Julius Peppers
base,54,Red,,49,Julius Peppers
base,54,Orange,,25,Julius Peppers
base,54,Pink,,15,Julius Peppers
base,54,Gold,,5,Julius Peppers
base,54,Black,,1,Julius Peppers
base,55,,,,Josh Allen
base,55,Silver,,175,Josh Allen
base,55,Blue,,99,Josh Allen
base,55,Purple,,75,Josh Allen
base,55,Red,,49,Josh Allen
base,55,Orange,,25,Josh Allen
base,55,Pink,,15,Josh Allen
base,55,Gold,,5,Josh Allen
base,55,Black,,1,Josh Allen
base,56,,,,Jonathan Taylor
base,56,Silver,,175,Jonathan Taylor
base,56,Blue,,99,Jonathan Taylor
base,56,Purple,,75,Jonathan Taylor
base,56,Red,,49,Jonathan Taylor
base,56,Orange,,25,Jonathan Taylor
base,56,Pink,,15,Jonathan Taylor
base,56,Gold,,5,Jonathan Taylor
base,56,Black,,1,Jonathan Taylor
base,57,,,,George Kittle
base,57,Silver,,175,George Kittle
base,57,Blue,,99,George Kittle
base,57,Purple,,75,George Kittle
base,57,Red,,49,George Kittle
base,57,Orange,,25,George Kittle
base,57,Pink,,15,George Kittle
base,57,Gold,,5,George Kittle
base,57,Black,,1,George Kittle
base,58,,,,DeAndre Hopkins
base,58,Silver,,175,DeAndre Hopkins
base,58,Blue,,99,DeAndre Hopkins
base,58,Purple,,75,DeAndre Hopkins
base,58,Red,,49,DeAndre Hopkins
base,58,Orange,,25,DeAndre Hopkins
base,58,Pink,,15,DeAndre Hopkins
base,58,Gold,,5,DeAndre Hopkins
base,58,Black,,1,DeAndre Hopkins
base,59,,,,Myles Garrett
base,59,Silver,,175,Myles Garrett
base,59,Blue,,99,Myles Garrett
base,59,Purple,,75,Myles Garrett
base,59,Red,,49,Myles Garrett
base,59,Orange,,25,Myles Garrett
base,59,Pink,,15,Myles Garrett
base,59,Gold,,5,Myles Garrett
base,59,Black,,1,Myles Garrett
base,60,,,,Aaron Rodgers
base,60,Silver,,175,Aaron Rodgers
base,60,Blue,,99,Aaron Rodgers
base,60,Purple,,75,Aaron Rodgers
base,60,Red,,49,Aaron Rodgers
base,60,Orange,,25,Aaron Rodgers
base,60,Pink,,15,Aaron Rodgers
base,60,Gold,,5,Aaron Rodgers
base,60,Black,,1,Aaron Rodgers
base,61,,,,Younghoe Koo
base,61,Silver,,175,Younghoe Koo
base,61,Blue,,99,Younghoe Koo
base,61,Purple,,75,Younghoe Koo
base,61,Red,,49,Younghoe Koo
base,61,Orange,,25,Younghoe Koo
base,61,Pink,,15,Younghoe Koo
base,61,Gold,,5,Younghoe Koo
base,61,Black,,1,Younghoe Koo
base,62,,,,Jaxon Smith-Njigba
base,62,Silver,,175,Jaxon Smith-Njigba
base,62,Blue,,99,Jaxon Smith-Njigba
base,62,Purple,,75,Jaxon Smith-Njigba
base,62,Red,,49,Jaxon Smith-Njigba
base,62,Orange,,25,Jaxon Smith-Njigba
base,62,Pink,,15,Jaxon Smith-Njigba
base,62,Gold,,5,Jaxon Smith-Njigba
base,62,Black,,1,Jaxon Smith-Njigba
base,63,,,,Kyren Williams
base,63,Silver,,175,Kyren Williams
base,63,Blue,,99,Kyren Williams
base,63,Purple,,75,Kyren Williams
base,63,Red,,49,Kyren Williams
base,63,Orange,,25,Kyren Williams
base,63,Pink,,15,Kyren Williams
base,63,Gold,,5,Kyren Williams
base,63,Black,,1,Kyren Williams
base,64,,,,Asante Samuel Jr.
base,64,Silver,,175,Asante Samuel Jr.
base,64,Blue,,99,Asante Samuel Jr.
base,64,Purple,,75,Asante Samuel Jr.
base,64,Red,,49,Asante Samuel Jr.
base,64,Orange,,25,Asante Samuel Jr.
base,64,Pink,,15,Asante Samuel Jr.
base,64,Gold,,5,Asante Samuel Jr.
base,64,Black,,1,Asante Samuel Jr.
base,65,,,,Trevor Lawrence
base,65,Silver,,175,Trevor Lawrence
base,65,Blue,,99,Trevor Lawrence
base,65,Purple,,75,Trevor Lawrence
base,65,Red,,49,Trevor Lawrence
base,65,Orange,,25,Trevor Lawrence
base,65,Pink,,15,Trevor Lawrence
base,65,Gold,,5,Trevor Lawrence
base,65,Black,,1,Trevor Lawrence
base,66,,,,De'Von Achane
base,66,Silver,,175,De'Von Achane
base,66,Blue,,99,De'Von Achane
base,66,Purple,,75,De'Von Achane
base,66,Red,,49,De'Von Achane
base,66,Orange,,25,De'Von Achane
base,66,Pink,,15,De'Von Achane
base,66,Gold,,5,De'Von Achane
base,66,Black,,1,De'Von Achane
base,67,,,,Quinnen Williams
base,67,Silver,,175,Quinnen Williams
base,67,Blue,,99,Quinnen Williams
base,67,Purple,,75,Quinnen Williams
base,67,Red,,49,Quinnen Williams
base,67,Orange,,25,Quinnen Williams
base,67,Pink,,15,Quinnen Williams
base,67,Gold,,5,Quinnen Williams
base,67,Black,,1,Quinnen Williams
base,68,,,,Jahan Dotson
base,68,Silver,,175,Jahan Dotson
base,68,Blue,,99,Jahan Dotson
base,68,Purple,,75,Jahan Dotson
base,68,Red,,49,Jahan Dotson
base,68,Orange,,25,Jahan Dotson
base,68,Pink,,15,Jahan Dotson
base,68,Gold,,5,Jahan Dotson
base,68,Black,,1,Jahan Dotson
base,69,,,,Zay Flowers
base,69,Silver,,175,Zay Flowers
base,69,Blue,,99,Zay Flowers
base,69,Purple,,75,Zay Flowers
base,69,Red,,49,Zay Flowers
base,69,Orange,,25,Zay Flowers
base,69,Pink,,15,Zay Flowers
base,69,Gold,,5,Zay Flowers
base,69,Black,,1,Zay Flowers
base,70,,,,Derek Carr
base,70,Silver,,175,Derek Carr
base,70,Blue,,99,Derek Carr
base,70,Purple,,75,Derek Carr
base,70,Red,,49,Derek Carr
base,70,Orange,,25,Derek Carr
base,70,Pink,,15,Derek Carr
base,70,Gold,,5,Derek Carr
base,70,Black,,1,Derek Carr
base,71,,,,Cooper Kupp
base,71,Silver,,175,Cooper Kupp
base,71,Blue,,99,Cooper Kupp
base,71,Purple,,75,Cooper Kupp
base,71,Red,,49,Cooper Kupp
base,71,Orange,,25,Cooper Kupp
base,71,Pink,,15,Cooper Kupp
base,71,Gold,,5,Cooper Kupp
base,71,Black,,1,Cooper Kupp
base,72,,,,Courtland Sutton
base,72,Silver,,175,Courtland Sutton
base,72,Blue,,99,Courtland Sutton
base,72,Purple,,75,Courtland Sutton
base,72,Red,,49,Courtland Sutton
base,72,Orange,,25,Courtland Sutton
base,72,Pink,,15,Courtland Sutton
base,72,Gold,,5,Courtland Sutton
base,72,Black,,1,Courtland Sutton
base,73,,,,Jeremiah Trotter
base,73,Silver,,175,Jeremiah Trotter
base,73,Blue,,99,Jeremiah Trotter
base,73,Purple,,75,Jeremiah Trotter
base,73,Red,,49,Jeremiah Trotter
base,73,Orange,,25,Jeremiah Trotter
base,73,Pink,,15,Jeremiah Trotter
base,73,Gold,,5,Jeremiah Trotter
base,73,Black,,1,Jeremiah Trotter
base,74,,,,Alvin Kamara
base,74,Silver,,175,Alvin Kamara
base,74,Blue,,99,Alvin Kamara
base,74,Purple,,75,Alvin Kamara
base,74,Red,,49,Alvin Kamara
base,74,Orange,,25,Alvin Kamara
base,74,Pink,,15,Alvin Kamara
base,74,Gold,,5,Alvin Kamara
base,74,Black,,1,Alvin Kamara
base,75,,,,Jordan Love
base,75,Silver,,175,Jordan Love
base,75,Blue,,99,Jordan Love
base,75,Purple,,75,Jordan Love
base,75,Red,,49,Jordan Love
base,75,Orange,,25,Jordan Love
base,75,Pink,,15,Jordan Love
base,75,Gold,,5,Jordan Love
base,75,Black,,1,Jordan Love
base,76,,,,George Karlaftis
base,76,Silver,,175,George Karlaftis
base,76,Blue,,99,George Karlaftis
base,76,Purple,,75,George Karlaftis
base,76,Red,,49,George Karlaftis
base,76,Orange,,25,George Karlaftis
base,76,Pink,,15,George Karlaftis
base,76,Gold,,5,George Karlaftis
base,76,Black,,1,George Karlaftis
base,77,,,,Bijan Robinson
base,77,Silver,,175,Bijan Robinson
base,77,Blue,,99,Bijan Robinson
base,77,Purple,,75,Bijan Robinson
base,77,Red,,49,Bijan Robinson
base,77,Orange,,25,Bijan Robinson
base,77,Pink,,15,Bijan Robinson
base,77,Gold,,5,Bijan Robinson
base,77,Black,,1,Bijan Robinson
base,78,,,,Kendrick Bourne
base,78,Silver,,175,Kendrick Bourne
base,78,Blue,,99,Kendrick Bourne
base,78,Purple,,75,Kendrick Bourne
base,78,Red,,49,Kendrick Bourne
base,78,Orange,,25,Kendrick Bourne
base,78,Pink,,15,Kendrick Bourne
base,78,Gold,,5,Kendrick Bourne
base,78,Black,,1,Kendrick Bourne
base,79,,,,Trey Hendrickson
base,79,Silver,,175,Trey Hendrickson
base,79,Blue,,99,Trey Hendrickson
base,79,Purple,,75,Trey Hendrickson
base,79,Red,,49,Trey Hendrickson
base,79,Orange,,25,Trey Hendrickson
base,79,Pink,,15,Trey Hendrickson
base,79,Gold,,5,Trey Hendrickson
base,79,Black,,1,Trey Hendrickson
base,80,,,,Tony Romo
base,80,Silver,,175,Tony Romo
base,80,Blue,,99,Tony Romo
base,80,Purple,,75,Tony Romo
base,80,Red,,49,Tony Romo
base,80,Orange,,25,Tony Romo
base,80,Pink,,15,Tony Romo
base,80,Gold,,5,Tony Romo
base,80,Black,,1,Tony Romo
base,81,,,,George Pickens
base,81,Silver,,175,George Pickens
base,81,Blue,,99,George Pickens
base,81,Purple,,75,George Pickens
base,81,Red,,49,George Pickens
base,81,Orange,,25,George Pickens
base,81,Pink,,15,George Pickens
base,81,Gold,,5,George Pickens
base,81,Black,,1,George Pickens
base,82,,,,Travis Etienne Jr.
base,82,Silver,,175,Travis Etienne Jr.
base,82,Blue,,99,Travis Etienne Jr.
base,82,Purple,,75,Travis Etienne Jr.
base,82,Red,,49,Travis Etienne Jr.
base,82,Orange,,25,Travis Etienne Jr.
base,82,Pink,,15,Travis Etienne Jr.
base,82,Gold,,5,Travis Etienne Jr.
base,82,Black,,1,Travis Etienne Jr.
base,83,,,,Dwight Freeney
base,83,Silver,,175,Dwight Freeney
base,83,Blue,,99,Dwight Freeney
base,83,Purple,,75,Dwight Freeney
base,83,Red,,49,Dwight Freeney
base,83,Orange,,25,Dwight Freeney
base,83,Pink,,15,Dwight Freeney
base,83,Gold,,5,Dwight Freeney
base,83,Black,,1,Dwight Freeney
base,84,,,,Breece Hall
base,84,Silver,,175,Breece Hall
base,84,Blue,,99,Breece Hall
base,84,Purple,,75,Breece Hall
base,84,Red,,49,Breece Hall
base,84,Orange,,25,Breece Hall
base,84,Pink,,15,Breece Hall
base,84,Gold,,5,Breece Hall
base,84,Black,,1,Breece Hall
base,85,,,,Kyler Murray
base,85,Silver,,175,Kyler Murray
base,85,Blue,,99,Kyler Murray
base,85,Purple,,75,Kyler Murray
base,85,Red,,49,Kyler Murray
base,85,Orange,,25,Kyler Murray
base,85,Pink,,15,Kyler Murray
base,85,Gold,,5,Kyler Murray
base,85,Black,,1,Kyler Murray
base,86,,,,DeMarcus Lawrence
base,86,Silver,,175,DeMarcus Lawrence
base,86,Blue,,99,DeMarcus Lawrence
base,86,Purple,,75,DeMarcus Lawrence
base,86,Red,,49,DeMarcus Lawrence
base,86,Orange,,25,DeMarcus Lawrence
base,86,Pink,,15,DeMarcus Lawrence
base,86,Gold,,5,DeMarcus Lawrence
base,86,Black,,1,DeMarcus Lawrence
base,87,,,,Josh Downs
base,87,Silver,,175,Josh Downs
base,87,Blue,,99,Josh Downs
base,87,Purple,,75,Josh Downs
base,87,Red,,49,Josh Downs
base,87,Orange,,25,Josh Downs
base,87,Pink,,15,Josh Downs
base,87,Gold,,5,Josh Downs
base,87,Black,,1,Josh Downs
base,88,,,,Najee Harris
base,88,Silver,,175,Najee Harris
base,88,Blue,,99,Najee Harris
base,88,Purple,,75,Najee Harris
base,88,Red,,49,Najee Harris
base,88,Orange,,25,Najee Harris
base,88,Pink,,15,Najee Harris
base,88,Gold,,5,Najee Harris
base,88,Black,,1,Najee Harris
base,89,,,,Matt Milano
base,89,Silver,,175,Matt Milano
base,89,Blue,,99,Matt Milano
base,89,Purple,,75,Matt Milano
base,89,Red,,49,Matt Milano
base,89,Orange,,25,Matt Milano
base,89,Pink,,15,Matt Milano
base,89,Gold,,5,Matt Milano
base,89,Black,,1,Matt Milano
base,90,,,,Aidan O'Connell
base,90,Silver,,175,Aidan O'Connell
base,90,Blue,,99,Aidan O'Connell
base,90,Purple,,75,Aidan O'Connell
base,90,Red,,49,Aidan O'Connell
base,90,Orange,,25,Aidan O'Connell
base,90,Pink,,15,Aidan O'Connell
base,90,Gold,,5,Aidan O'Connell
base,90,Black,,1,Aidan O'Connell
base,91,,,,Travis Kelce
base,91,Silver,,175,Travis Kelce
base,91,Blue,,99,Travis Kelce
base,91,Purple,,75,Travis Kelce
base,91,Red,,49,Travis Kelce
base,91,Orange,,25,Travis Kelce
base,91,Pink,,15,Travis Kelce
base,91,Gold,,5,Travis Kelce
base,91,Black,,1,Travis Kelce
base,92,,,,Joe Morris
base,92,Silver,,175,Joe Morris
base,92,Blue,,99,Joe Morris
base,92,Purple,,75,Joe Morris
base,92,Red,,49,Joe Morris
base,92,Orange,,25,Joe Morris
base,92,Pink,,15,Joe Morris
base,92,Gold,,5,Joe Morris
base,92,Black,,1,Joe Morris
base,93,,,,Amon-Ra St. Brown
base,93,Silver,,175,Amon-Ra St. Brown
base,93,Blue,,99,Amon-Ra St. Brown
base,93,Purple,,75,Amon-Ra St. Brown
base,93,Red,,49,Amon-Ra St. Brown
base,93,Orange,,25,Amon-Ra St. Brown
base,93,Pink,,15,Amon-Ra St. Brown
base,93,Gold,,5,Amon-Ra St. Brown
base,93,Black,,1,Amon-Ra St. Brown
base,94,,,,Tre Tucker
base,94,Silver,,175,Tre Tucker
base,94,Blue,,99,Tre Tucker
base,94,Purple,,75,Tre Tucker
base,94,Red,,49,Tre Tucker
base,94,Orange,,25,Tre Tucker
base,94,Pink,,15,Tre Tucker
base,94,Gold,,5,Tre Tucker
base,94,Black,,1,Tre Tucker
base,95,,,,Dak Prescott
base,95,Silver,,175,Dak Prescott
base,95,Blue,,99,Dak Prescott
base,95,Purple,,75,Dak Prescott
base,95,Red,,49,Dak Prescott
base,95,Orange,,25,Dak Prescott
base,95,Pink,,15,Dak Prescott
base,95,Gold,,5,Dak Prescott
base,95,Black,,1,Dak Prescott
base,96,,,,Aidan Hutchinson
base,96,Silver,,175,Aidan Hutchinson
base,96,Blue,,99,Aidan Hutchinson
base,96,Purple,,75,Aidan Hutchinson
base,96,Red,,49,Aidan Hutchinson
base,96,Orange,,25,Aidan Hutchinson
base,96,Pink,,15,Aidan Hutchinson
base,96,Gold,,5,Aidan Hutchinson
base,96,Black,,1,Aidan Hutchinson
base,97,,,,Raheem Mostert
base,97,Silver,,175,Raheem Mostert
base,97,Blue,,99,Raheem Mostert
base,97,Purple,,75,Raheem Mostert
base,97,Red,,49,Raheem Mostert
base,97,Orange,,25,Raheem Mostert
base,97,Pink,,15,Raheem Mostert
base,97,Gold,,5,Raheem Mostert
base,97,Black,,1,Raheem Mostert
base,98,,,,Brian Urlacher
base,98,Silver,,175,Brian Urlacher
base,98,Blue,,99,Brian Urlacher
base,98,Purple,,75,Brian Urlacher
base,98,Red,,49,Brian Urlacher
base,98,Orange,,25,Brian Urlacher
base,98,Pink,,15,Brian Urlacher
base,98,Gold,,5,Brian Urlacher
base,98,Black,,1,Brian Urlacher
base,99,,,,Michael Wilson
base,99,Silver,,175,Michael Wilson
base,99,Blue,,99,Michael Wilson
base,99,Purple,,75,Michael Wilson
base,99,Red,,49,Michael Wilson
base,99,Orange,,25,Michael Wilson
base,99,Pink,,15,Michael Wilson
base,99,Gold,,5,Michael Wilson
base,99,Black,,1,Michael Wilson
base,100,,,,Geno Smith
base,100,Silver,,175,Geno Smith
base,100,Blue,,99,Geno Smith
base,100,Purple,,75,Geno Smith
base,100,Red,,49,Geno Smith
base,100,Orange,,25,Geno Smith
base,100,Pink,,15,Geno Smith
base,100,Gold,,5,Geno Smith
base,100,Black,,1,Geno Smith
auto-base-autographs,2,,,,Isaiah Likely
auto-base-autographs,6,,,,Jonathan Mingo
auto-base-autographs,7,,,,Ben Coates
auto-base-autographs,8,,,,Kayvon Thibodeaux
auto-base-autographs,12,,,,Sam LaPorta
auto-base-autographs,14,,,,Jordan Davis
auto-base-autographs,16,,,,Khalil Shakir
auto-base-autographs,19,,,,Derius Davis
auto-base-autographs,27,,,,Luke Musgrave
auto-base-autographs,33,,,,Nolan Cromwell
auto-base-autographs,41,,,,Jahmyr Gibbs
auto-base-autographs,42,,,,Chris Godwin
auto-base-autographs,48,,,,Calijah Kancey
auto-base-autographs,51,,,,Chase Brown
auto-base-autographs,52,,,,Wesley Walker
auto-base-autographs,54,,,,Julius Peppers
auto-base-autographs,62,,,,Jaxon Smith-Njigba
auto-base-autographs,63,,,,Kyren Williams
auto-base-autographs,64,,,,Asante Samuel Jr.
auto-base-autographs,69,,,,Zay Flowers
auto-base-autographs,73,,,,Jeremiah Trotter
auto-base-autographs,78,,,,Kendrick Bourne
auto-base-autographs,81,,,,George Pickens
auto-base-autographs,83,,,,Dwight Freeney
auto-base-autographs,86,,,,DeMarcus Lawrence
auto-base-autographs,87,,,,Josh Downs
auto-base-autographs,90,,,,Aidan O'Connell
auto-base-autographs,92,,,,Joe Morris
auto-base-autographs,94,,,,Tre Tucker
auto-base-autographs,96,,,,Aidan Hutchinson
auto-base-autographs,98,,,,Brian Urlacher
auto-base-autographs,99,,,,Michael Wilson
insert-base-black,1,Black,,1,Ja'Marr Chase
insert-base-black,2,Black,,1,Isaiah Likely
insert-base-black,3,Black,,1,Josh Hines-Allen
insert-base-black,4,Black,,1,Kenneth Walker III
insert-base-black,5,Black,,1,Lamar Jackson
insert-base-black,6,Black,,1,Jonathan Mingo
insert-base-black,7,Black,,1,Ben Coates
insert-base-black,8,Black,,1,Kayvon Thibodeaux
insert-base-black,9,Black,,1,Puka Nacua
insert-base-black,10,Black,,1,Will Levis
insert-base-black,11,Black,,1,Nick Chubb
insert-base-black,12,Black,,1,Sam LaPorta
insert-base-black,13,Black,,1,Michael Pittman Jr.
insert-base-black,14,Black,,1,Jordan Davis
insert-base-black,15,Black,,1,Jared Goff
insert-base-black,16,Black,,1,Khalil Shakir
insert-base-black,17,Black,,1,Will Anderson Jr.
insert-base-black,18,Black,,1,Garrett Wilson
insert-base-black,19,Black,,1,Derius Davis
insert-base-black,20,Black,,1,Patrick Mahomes II
insert-base-black,21,Black,,1,Terrell Suggs
insert-base-black,22,Black,,1,Christian McCaffrey
insert-base-black,23,Black,,1,Devon Witherspoon
insert-base-black,24,Black,,1,Justin Jefferson
insert-base-black,25,Black,,1,Bryce Young
insert-base-black,26,Black,,1,Drake London
insert-base-black,27,Black,,1,Luke Musgrave
insert-base-black,28,Black,,1,Mike Evans
insert-base-black,29,Black,,1,Patrick Surtain II
insert-base-black,30,Black,,1,Brock Purdy
insert-base-black,31,Black,,1,Cameron Jordan
insert-base-black,32,Black,,1,CeeDee Lamb
insert-base-black,33,Black,,1,Nolan Cromwell
insert-base-black,34,Black,,1,Brandon Aiyuk
insert-base-black,35,Black,,1,Joe Burrow
insert-base-black,36,Black,,1,James Conner
insert-base-black,37,Black,,1,Daron Payne
insert-base-black,38,Black,,1,DK Metcalf
insert-base-black,39,Black,,1,Maxx Crosby
insert-base-black,40,Black,,1,Baker Mayfield
insert-base-black,41,Black,,1,Jahmyr Gibbs
insert-base-black,42,Black,,1,Chris Godwin
insert-base-black,43,Black,,1,T.J. Watt
insert-base-black,44,Black,,1,Isiah Pacheco
insert-base-black,45,Black,,1,C.J. Stroud
insert-base-black,46,Black,,1,Nick Bosa
insert-base-black,47,Black,,1,A.J. Brown
insert-base-black,48,Black,,1,Calijah Kancey
insert-base-black,49,Black,,1,Rhamondre Stevenson
insert-base-black,50,Black,,1,Justin Herbert
insert-base-black,51,Black,,1,Chase Brown
insert-base-black,52,Black,,1,Wesley Walker
insert-base-black,53,Black,,1,Terry McLaurin
insert-base-black,54,Black,,1,Julius Peppers
insert-base-black,55,Black,,1,Josh Allen
insert-base-black,56,Black,,1,Jonathan Taylor
insert-base-black,57,Black,,1,George Kittle
insert-base-black,58,Black,,1,DeAndre Hopkins
insert-base-black,59,Black,,1,Myles Garrett
insert-base-black,60,Black,,1,Aaron Rodgers
insert-base-black,61,Black,,1,Younghoe Koo
insert-base-black,62,Black,,1,Jaxon Smith-Njigba
insert-base-black,63,Black,,1,Kyren Williams
insert-base-black,64,Black,,1,Asante Samuel Jr.
insert-base-black,65,Black,,1,Trevor Lawrence
insert-base-black,66,Black,,1,De'Von Achane
insert-base-black,67,Black,,1,Quinnen Williams
insert-base-black,68,Black,,1,Jahan Dotson
insert-base-black,69,Black,,1,Zay Flowers
insert-base-black,70,Black,,1,Derek Carr
insert-base-black,71,Black,,1,Cooper Kupp
insert-base-black,72,Black,,1,Courtland Sutton
insert-base-black,73,Black,,1,Jeremiah Trotter
insert-base-black,74,Black,,1,Alvin Kamara
insert-base-black,75,Black,,1,Jordan Love
insert-base-black,76,Black,,1,George Karlaftis
insert-base-black,77,Black,,1,Bijan Robinson
insert-base-black,78,Black,,1,Kendrick Bourne
insert-base-black,79,Black,,1,Trey Hendrickson
insert-base-black,80,Black,,1,Tony Romo
insert-base-black,81,Black,,1,George Pickens
insert-base-black,82,Black,,1,Travis Etienne Jr.
insert-base-black,83,Black,,1,Dwight Freeney
insert-base-black,84,Black,,1,Breece Hall
insert-base-black,85,Black,,1,Kyler Murray
insert-base-black,86,Black,,1,DeMarcus Lawrence
insert-base-black,87,Black,,1,Josh Downs
insert-base-black,88,Black,,1,Najee Harris
insert-base-black,89,Black,,1,Matt Milano
insert-base-black,90,Black,,1,Aidan O'Connell
insert-base-black,91,Black,,1,Travis Kelce
insert-base-black,92,Black,,1,Joe Morris
insert-base-black,93,Black,,1,Amon-Ra St. Brown
insert-base-black,94,Black,,1,Tre Tucker
insert-base-black,95,Black,,1,Dak Prescott
insert-base-black,96,Black,,1,Aidan Hutchinson
insert-base-black,97,Black,,1,Raheem Mostert
insert-base-black,98,Black,,1,Brian Urlacher
insert-base-black,99,Black,,1,Michael Wilson
insert-base-black,100,Black,,1,Geno Smith
auto-base-black-autographs,2,,,1,Isaiah Likely
auto-base-black-autographs,6,,,1,Jonathan Mingo
auto-base-black-autographs,7,,,1,Ben Coates
auto-base-black-autographs,8,,,1,Kayvon Thibodeaux
auto-base-black-autographs,12,,,1,Sam LaPorta
auto-base-black-autographs,13,,,1,Michael Pittman Jr.
auto-base-black-autographs,14,,,1,Jordan Davis
auto-base-black-autographs,16,,,1,Khalil Shakir
auto-base-black-autographs,18,,,1,Garrett Wilson
auto-base-black-autographs,19,,,1,Derius Davis
auto-base-black-autographs,24,,,1,Justin Jefferson
auto-base-black-autographs,27,,,1,Luke Musgrave
auto-base-black-autographs,30,,,1,Brock Purdy
auto-base-black-autographs,33,,,1,Nolan Cromwell
auto-base-black-autographs,37,,,1,Daron Payne
auto-base-black-autographs,40,,,1,Baker Mayfield
auto-base-black-autographs,41,,,1,Jahmyr Gibbs
auto-base-black-autographs,42,,,1,Chris Godwin
auto-base-black-autographs,48,,,1,Calijah Kancey
auto-base-black-autographs,50,,,1,Justin Herbert
auto-base-black-autographs,51,,,1,Chase Brown
auto-base-black-autographs,52,,,1,Wesley Walker
auto-base-black-autographs,54,,,1,Julius Peppers
auto-base-black-autographs,62,,,1,Jaxon Smith-Njigba
auto-base-black-autographs,63,,,1,Kyren Williams
auto-base-black-autographs,64,,,1,Asante Samuel Jr.
auto-base-black-autographs,67,,,1,Quinnen Williams
auto-base-black-autographs,69,,,1,Zay Flowers
auto-base-black-autographs,70,,,1,Derek Carr
auto-base-black-autographs,71,,,1,Cooper Kupp
auto-base-black-autographs,72,,,1,Courtland Sutton
auto-base-black-autographs,73,,,1,Jeremiah Trotter
auto-base-black-autographs,78,,,1,Kendrick Bourne
auto-base-black-autographs,80,,,1,Tony Romo
auto-base-black-autographs,81,,,1,George Pickens
auto-base-black-autographs,83,,,1,Dwight Freeney
auto-base-black-autographs,86,,,1,DeMarcus Lawrence
auto-base-black-autographs,87,,,1,Josh Downs
auto-base-black-autographs,90,,,1,Aidan O'Connell
auto-base-black-autographs,92,,,1,Joe Morris
auto-base-black-autographs,94,,,1,Tre Tucker
auto-base-black-autographs,96,,,1,Aidan Hutchinson
auto-base-black-autographs,97,,,1,Raheem Mostert
auto-base-black-autographs,98,,,1,Brian Urlacher
auto-base-black-autographs,99,,,1,Michael Wilson
insert-base-blue,1,Blue,,99,Ja'Marr Chase
insert-base-blue,2,Blue,,99,Isaiah Likely
insert-base-blue,3,Blue,,99,Josh Hines-Allen
insert-base-blue,4,Blue,,99,Kenneth Walker III
insert-base-blue,5,Blue,,99,Lamar Jackson
insert-base-blue,6,Blue,,99,Jonathan Mingo
insert-base-blue,7,Blue,,99,Ben Coates
insert-base-blue,8,Blue,,99,Kayvon Thibodeaux
insert-base-blue,9,Blue,,99,Puka Nacua
insert-base-blue,10,Blue,,99,Will Levis
insert-base-blue,11,Blue,,99,Nick Chubb
insert-base-blue,12,Blue,,99,Sam LaPorta
insert-base-blue,13,Blue,,99,Michael Pittman Jr.
insert-base-blue,14,Blue,,99,Jordan Davis
insert-base-blue,15,Blue,,99,Jared Goff
insert-base-blue,16,Blue,,99,Khalil Shakir
insert-base-blue,17,Blue,,99,Will Anderson Jr.
insert-base-blue,18,Blue,,99,Garrett Wilson
insert-base-blue,19,Blue,,99,Derius Davis
insert-base-blue,20,Blue,,99,Patrick Mahomes II
insert-base-blue,21,Blue,,99,Terrell Suggs
insert-base-blue,22,Blue,,99,Christian McCaffrey
insert-base-blue,23,Blue,,99,Devon Witherspoon
insert-base-blue,24,Blue,,99,Justin Jefferson
insert-base-blue,25,Blue,,99,Bryce Young
insert-base-blue,26,Blue,,99,Drake London
insert-base-blue,27,Blue,,99,Luke Musgrave
insert-base-blue,28,Blue,,99,Mike Evans
insert-base-blue,29,Blue,,99,Patrick Surtain II
insert-base-blue,30,Blue,,99,Brock Purdy
insert-base-blue,31,Blue,,99,Cameron Jordan
insert-base-blue,32,Blue,,99,CeeDee Lamb
insert-base-blue,33,Blue,,99,Nolan Cromwell
insert-base-blue,34,Blue,,99,Brandon Aiyuk
insert-base-blue,35,Blue,,99,Joe Burrow
insert-base-blue,36,Blue,,99,James Conner
insert-base-blue,37,Blue,,99,Daron Payne
insert-base-blue,38,Blue,,99,DK Metcalf
insert-base-blue,39,Blue,,99,Maxx Crosby
insert-base-blue,40,Blue,,99,Baker Mayfield
insert-base-blue,41,Blue,,99,Jahmyr Gibbs
insert-base-blue,42,Blue,,99,Chris Godwin
insert-base-blue,43,Blue,,99,T.J. Watt
insert-base-blue,44,Blue,,99,Isiah Pacheco
insert-base-blue,45,Blue,,99,C.J. Stroud
insert-base-blue,46,Blue,,99,Nick Bosa
insert-base-blue,47,Blue,,99,A.J. Brown
insert-base-blue,48,Blue,,99,Calijah Kancey
insert-base-blue,49,Blue,,99,Rhamondre Stevenson
insert-base-blue,50,Blue,,99,Justin Herbert
insert-base-blue,51,Blue,,99,Chase Brown
insert-base-blue,52,Blue,,99,Wesley Walker
insert-base-blue,53,Blue,,99,Terry McLaurin
insert-base-blue,54,Blue,,99,Julius Peppers
insert-base-blue,55,Blue,,99,Josh Allen
insert-base-blue,56,Blue,,99,Jonathan Taylor
insert-base-blue,57,Blue,,99,George Kittle
insert-base-blue,58,Blue,,99,DeAndre Hopkins
insert-base-blue,59,Blue,,99,Myles Garrett
insert-base-blue,60,Blue,,99,Aaron Rodgers
insert-base-blue,61,Blue,,99,Younghoe Koo
insert-base-blue,62,Blue,,99,Jaxon Smith-Njigba
insert-base-blue,63,Blue,,99,Kyren Williams
insert-base-blue,64,Blue,,99,Asante Samuel Jr.
insert-base-blue,65,Blue,,99,Trevor Lawrence
insert-base-blue,66,Blue,,99,De'Von Achane
insert-base-blue,67,Blue,,99,Quinnen Williams
insert-base-blue,68,Blue,,99,Jahan Dotson
insert-base-blue,69,Blue,,99,Zay Flowers
insert-base-blue,70,Blue,,99,Derek Carr
insert-base-blue,71,Blue,,99,Cooper Kupp
insert-base-blue,72,Blue,,99,Courtland Sutton
insert-base-blue,73,Blue,,99,Jeremiah Trotter
insert-base-blue,74,Blue,,99,Alvin Kamara
insert-base-blue,75,Blue,,99,Jordan Love
insert-base-blue,76,Blue,,99,George Karlaftis
insert-base-blue,77,Blue,,99,Bijan Robinson
insert-base-blue,78,Blue,,99,Kendrick Bourne
insert-base-blue,79,Blue,,99,Trey Hendrickson
insert-base-blue,80,Blue,,99,Tony Romo
insert-base-blue,81,Blue,,99,George Pickens
insert-base-blue,82,Blue,,99,Travis Etienne Jr.
insert-base-blue,83,Blue,,99,Dwight Freeney
insert-base-blue,84,Blue,,99,Breece Hall
insert-base-blue,85,Blue,,99,Kyler Murray
insert-base-blue,86,Blue,,99,DeMarcus Lawrence
insert-base-blue,87,Blue,,99,Josh Downs
insert-base-blue,88,Blue,,99,Najee Harris
insert-base-blue,89,Blue,,99,Matt Milano
insert-base-blue,90,Blue,,99,Aidan O'Connell
insert-base-blue,91,Blue,,99,Travis Kelce
insert-base-blue,92,Blue,,99,Joe Morris
insert-base-blue,93,Blue,,99,Amon-Ra St. Brown
insert-base-blue,94,Blue,,99,Tre Tucker
insert-base-blue,95,Blue,,99,Dak Prescott
insert-base-blue,96,Blue,,99,Aidan Hutchinson
insert-base-blue,97,Blue,,99,Raheem Mostert
insert-base-blue,98,Blue,,99,Brian Urlacher
insert-base-blue,99,Blue,,99,Michael Wilson
insert-base-blue,100,Blue,,99,Geno Smith
auto-base-blue-autographs,2,,,25,Isaiah Likely
auto-base-blue-autographs,6,,,25,Jonathan Mingo
auto-base-blue-autographs,7,,,25,Ben Coates
auto-base-blue-autographs,8,,,25,Kayvon Thibodeaux
auto-base-blue-autographs,12,,,25,Sam LaPorta
auto-base-blue-autographs,13,,,25,Michael Pittman Jr.
auto-base-blue-autographs,14,,,25,Jordan Davis
auto-base-blue-autographs,16,,,25,Khalil Shakir
auto-base-blue-autographs,18,,,25,Garrett Wilson
auto-base-blue-autographs,19,,,25,Derius Davis
auto-base-blue-autographs,24,,,25,Justin Jefferson
auto-base-blue-autographs,27,,,25,Luke Musgrave
auto-base-blue-autographs,33,,,25,Nolan Cromwell
auto-base-blue-autographs,37,,,25,Daron Payne
auto-base-blue-autographs,40,,,25,Baker Mayfield
auto-base-blue-autographs,41,,,25,Jahmyr Gibbs
auto-base-blue-autographs,42,,,25,Chris Godwin
auto-base-blue-autographs,48,,,25,Calijah Kancey
auto-base-blue-autographs,50,,,25,Justin Herbert
auto-base-blue-autographs,51,,,25,Chase Brown
auto-base-blue-autographs,52,,,25,Wesley Walker
auto-base-blue-autographs,54,,,25,Julius Peppers
auto-base-blue-autographs,62,,,25,Jaxon Smith-Njigba
auto-base-blue-autographs,63,,,25,Kyren Williams
auto-base-blue-autographs,64,,,25,Asante Samuel Jr.
auto-base-blue-autographs,67,,,25,Quinnen Williams
auto-base-blue-autographs,69,,,25,Zay Flowers
auto-base-blue-autographs,70,,,25,Derek Carr
auto-base-blue-autographs,71,,,25,Cooper Kupp
auto-base-blue-autographs,72,,,25,Courtland Sutton
auto-base-blue-autographs,73,,,25,Jeremiah Trotter
auto-base-blue-autographs,78,,,25,Kendrick Bourne
auto-base-blue-autographs,80,,,25,Tony Romo
auto-base-blue-autographs,81,,,25,George Pickens
auto-base-blue-autographs,83,,,25,Dwight Freeney
auto-base-blue-autographs,86,,,25,DeMarcus Lawrence
auto-base-blue-autographs,87,,,25,Josh Downs
auto-base-blue-autographs,90,,,25,Aidan O'Connell
auto-base-blue-autographs,92,,,25,Joe Morris
auto-base-blue-autographs,94,,,25,Tre Tucker
auto-base-blue-autographs,96,,,25,Aidan Hutchinson
auto-base-blue-autographs,97,,,25,Raheem Mostert
auto-base-blue-autographs,98,,,25,Brian Urlacher
auto-base-blue-autographs,99,,,25,Michael Wilson
insert-base-gold,1,Gold,,5,Ja'Marr Chase
insert-base-gold,2,Gold,,5,Isaiah Likely
insert-base-gold,3,Gold,,5,Josh Hines-Allen
insert-base-gold,4,Gold,,5,Kenneth Walker III
insert-base-gold,5,Gold,,5,Lamar Jackson
insert-base-gold,6,Gold,,5,Jonathan Mingo
insert-base-gold,7,Gold,,5,Ben Coates
insert-base-gold,8,Gold,,5,Kayvon Thibodeaux
insert-base-gold,9,Gold,,5,Puka Nacua
insert-base-gold,10,Gold,,5,Will Levis
insert-base-gold,11,Gold,,5,Nick Chubb
insert-base-gold,12,Gold,,5,Sam LaPorta
insert-base-gold,13,Gold,,5,Michael Pittman Jr.
insert-base-gold,14,Gold,,5,Jordan Davis
insert-base-gold,15,Gold,,5,Jared Goff
insert-base-gold,16,Gold,,5,Khalil Shakir
insert-base-gold,17,Gold,,5,Will Anderson Jr.
insert-base-gold,18,Gold,,5,Garrett Wilson
insert-base-gold,19,Gold,,5,Derius Davis
insert-base-gold,20,Gold,,5,Patrick Mahomes II
insert-base-gold,21,Gold,,5,Terrell Suggs
insert-base-gold,22,Gold,,5,Christian McCaffrey
insert-base-gold,23,Gold,,5,Devon Witherspoon
insert-base-gold,24,Gold,,5,Justin Jefferson
insert-base-gold,25,Gold,,5,Bryce Young
insert-base-gold,26,Gold,,5,Drake London
insert-base-gold,27,Gold,,5,Luke Musgrave
insert-base-gold,28,Gold,,5,Mike Evans
insert-base-gold,29,Gold,,5,Patrick Surtain II
insert-base-gold,30,Gold,,5,Brock Purdy
insert-base-gold,31,Gold,,5,Cameron Jordan
insert-base-gold,32,Gold,,5,CeeDee Lamb
insert-base-gold,33,Gold,,5,Nolan Cromwell
insert-base-gold,34,Gold,,5,Brandon Aiyuk
insert-base-gold,35,Gold,,5,Joe Burrow
insert-base-gold,36,Gold,,5,James Conner
insert-base-gold,37,Gold,,5,Daron Payne
insert-base-gold,38,Gold,,5,DK Metcalf
insert-base-gold,39,Gold,,5,Maxx Crosby
insert-base-gold,40,Gold,,5,Baker Mayfield
insert-base-gold,41,Gold,,5,Jahmyr Gibbs
insert-base-gold,42,Gold,,5,Chris Godwin
insert-base-gold,43,Gold,,5,T.J. Watt
insert-base-gold,44,Gold,,5,Isiah Pacheco
insert-base-gold,45,Gold,,5,C.J. Stroud
insert-base-gold,46,Gold,,5,Nick Bosa
insert-base-gold,47,Gold,,5,A.J. Brown
insert-base-gold,48,Gold,,5,Calijah Kancey
insert-base-gold,49,Gold,,5,Rhamondre Stevenson
insert-base-gold,50,Gold,,5,Justin Herbert
insert-base-gold,51,Gold,,5,Chase Brown
insert-base-gold,52,Gold,,5,Wesley Walker
insert-base-gold,53,Gold,,5,Terry McLaurin
insert-base-gold,54,Gold,,5,Julius Peppers
insert-base-gold,55,Gold,,5,Josh Allen
insert-base-gold,56,Gold,,5,Jonathan Taylor
insert-base-gold,57,Gold,,5,George Kittle
insert-base-gold,58,Gold,,5,DeAndre Hopkins
insert-base-gold,59,Gold,,5,Myles Garrett
insert-base-gold,60,Gold,,5,Aaron Rodgers
insert-base-gold,61,Gold,,5,Younghoe Koo
insert-base-gold,62,Gold,,5,Jaxon Smith-Njigba
insert-base-gold,63,Gold,,5,Kyren Williams
insert-base-gold,64,Gold,,5,Asante Samuel Jr.
insert-base-gold,65,Gold,,5,Trevor Lawrence
insert-base-gold,66,Gold,,5,De'Von Achane
insert-base-gold,67,Gold,,5,Quinnen Williams
insert-base-gold,68,Gold,,5,Jahan Dotson
insert-base-gold,69,Gold,,5,Zay Flowers
insert-base-gold,70,Gold,,5,Derek Carr
insert-base-gold,71,Gold,,5,Cooper Kupp
insert-base-gold,72,Gold,,5,Courtland Sutton
insert-base-gold,73,Gold,,5,Jeremiah Trotter
insert-base-gold,74,Gold,,5,Alvin Kamara
insert-base-gold,75,Gold,,5,Jordan Love
insert-base-gold,76,Gold,,5,George Karlaftis
insert-base-gold,77,Gold,,5,Bijan Robinson
insert-base-gold,78,Gold,,5,Kendrick Bourne
insert-base-gold,79,Gold,,5,Trey Hendrickson
insert-base-gold,80,Gold,,5,Tony Romo
insert-base-gold,81,Gold,,5,George Pickens
insert-base-gold,82,Gold,,5,Travis Etienne Jr.
insert-base-gold,83,Gold,,5,Dwight Freeney
insert-base-gold,84,Gold,,5,Breece Hall
insert-base-gold,85,Gold,,5,Kyler Murray
insert-base-gold,86,Gold,,5,DeMarcus Lawrence
insert-base-gold,87,Gold,,5,Josh Downs
insert-base-gold,88,Gold,,5,Najee Harris
insert-base-gold,89,Gold,,5,Matt Milano
insert-base-gold,90,Gold,,5,Aidan O'Connell
insert-base-gold,91,Gold,,5,Travis Kelce
insert-base-gold,92,Gold,,5,Joe Morris
insert-base-gold,93,Gold,,5,Amon-Ra St. Brown
insert-base-gold,94,Gold,,5,Tre Tucker
insert-base-gold,95,Gold,,5,Dak Prescott
insert-base-gold,96,Gold,,5,Aidan Hutchinson
insert-base-gold,97,Gold,,5,Raheem Mostert
insert-base-gold,98,Gold,,5,Brian Urlacher
insert-base-gold,99,Gold,,5,Michael Wilson
insert-base-gold,100,Gold,,5,Geno Smith
auto-base-gold-autographs,2,,,5,Isaiah Likely
auto-base-gold-autographs,6,,,5,Jonathan Mingo
auto-base-gold-autographs,7,,,5,Ben Coates
auto-base-gold-autographs,8,,,5,Kayvon Thibodeaux
auto-base-gold-autographs,12,,,5,Sam LaPorta
auto-base-gold-autographs,13,,,5,Michael Pittman Jr.
auto-base-gold-autographs,14,,,5,Jordan Davis
auto-base-gold-autographs,16,,,5,Khalil Shakir
auto-base-gold-autographs,18,,,5,Garrett Wilson
auto-base-gold-autographs,19,,,5,Derius Davis
auto-base-gold-autographs,24,,,5,Justin Jefferson
auto-base-gold-autographs,27,,,5,Luke Musgrave
auto-base-gold-autographs,30,,,5,Brock Purdy
auto-base-gold-autographs,33,,,5,Nolan Cromwell
auto-base-gold-autographs,37,,,5,Daron Payne
auto-base-gold-autographs,40,,,5,Baker Mayfield
auto-base-gold-autographs,41,,,5,Jahmyr Gibbs
auto-base-gold-autographs,42,,,5,Chris Godwin
auto-base-gold-autographs,48,,,5,Calijah Kancey
auto-base-gold-autographs,50,,,5,Justin Herbert
auto-base-gold-autographs,51,,,5,Chase Brown
auto-base-gold-autographs,52,,,5,Wesley Walker
auto-base-gold-autographs,54,,,5,Julius Peppers
auto-base-gold-autographs,62,,,5,Jaxon Smith-Njigba
auto-base-gold-autographs,63,,,5,Kyren Williams
auto-base-gold-autographs,64,,,5,Asante Samuel Jr.
auto-base-gold-autographs,67,,,5,Quinnen Williams
auto-base-gold-autographs,69,,,5,Zay Flowers
auto-base-gold-autographs,70,,,5,Derek Carr
auto-base-gold-autographs,71,,,5,Cooper Kupp
auto-base-gold-autographs,72,,,5,Courtland Sutton
auto-base-gold-autographs,73,,,5,Jeremiah Trotter
auto-base-gold-autographs,78,,,5,Kendrick Bourne
auto-base-gold-autographs,80,,,5,Tony Romo
auto-base-gold-autographs,81,,,5,George Pickens
auto-base-gold-autographs,83,,,5,Dwight Freeney
auto-base-gold-autographs,86,,,5,DeMarcus Lawrence
auto-base-gold-autographs,87,,,5,Josh Downs
auto-base-gold-autographs,90,,,5,Aidan O'Connell
auto-base-gold-autographs,92,,,5,Joe Morris
auto-base-gold-autographs,94,,,5,Tre Tucker
auto-base-gold-autographs,96,,,5,Aidan Hutchinson
auto-base-gold-autographs,97,,,5,Raheem Mostert
auto-base-gold-autographs,98,,,5,Brian Urlacher
auto-base-gold-autographs,99,,,5,Michael Wilson
insert-base-orange,1,Orange,,25,Ja'Marr Chase
insert-base-orange,2,Orange,,25,Isaiah Likely
insert-base-orange,3,Orange,,25,Josh Hines-Allen
insert-base-orange,4,Orange,,25,Kenneth Walker III
insert-base-orange,5,Orange,,25,Lamar Jackson
insert-base-orange,6,Orange,,25,Jonathan Mingo
insert-base-orange,7,Orange,,25,Ben Coates
insert-base-orange,8,Orange,,25,Kayvon Thibodeaux
insert-base-orange,9,Orange,,25,Puka Nacua
insert-base-orange,10,Orange,,25,Will Levis
insert-base-orange,11,Orange,,25,Nick Chubb
insert-base-orange,12,Orange,,25,Sam LaPorta
insert-base-orange,13,Orange,,25,Michael Pittman Jr.
insert-base-orange,14,Orange,,25,Jordan Davis
insert-base-orange,15,Orange,,25,Jared Goff
insert-base-orange,16,Orange,,25,Khalil Shakir
insert-base-orange,17,Orange,,25,Will Anderson Jr.
insert-base-orange,18,Orange,,25,Garrett Wilson
insert-base-orange,19,Orange,,25,Derius Davis
insert-base-orange,20,Orange,,25,Patrick Mahomes II
insert-base-orange,21,Orange,,25,Terrell Suggs
insert-base-orange,22,Orange,,25,Christian McCaffrey
insert-base-orange,23,Orange,,25,Devon Witherspoon
insert-base-orange,24,Orange,,25,Justin Jefferson
insert-base-orange,25,Orange,,25,Bryce Young
insert-base-orange,26,Orange,,25,Drake London
insert-base-orange,27,Orange,,25,Luke Musgrave
insert-base-orange,28,Orange,,25,Mike Evans
insert-base-orange,29,Orange,,25,Patrick Surtain II
insert-base-orange,30,Orange,,25,Brock Purdy
insert-base-orange,31,Orange,,25,Cameron Jordan
insert-base-orange,32,Orange,,25,CeeDee Lamb
insert-base-orange,33,Orange,,25,Nolan Cromwell
insert-base-orange,34,Orange,,25,Brandon Aiyuk
insert-base-orange,35,Orange,,25,Joe Burrow
insert-base-orange,36,Orange,,25,James Conner
insert-base-orange,37,Orange,,25,Daron Payne
insert-base-orange,38,Orange,,25,DK Metcalf
insert-base-orange,39,Orange,,25,Maxx Crosby
insert-base-orange,40,Orange,,25,Baker Mayfield
insert-base-orange,41,Orange,,25,Jahmyr Gibbs
insert-base-orange,42,Orange,,25,Chris Godwin
insert-base-orange,43,Orange,,25,T.J. Watt
insert-base-orange,44,Orange,,25,Isiah Pacheco
insert-base-orange,45,Orange,,25,C.J. Stroud
insert-base-orange,46,Orange,,25,Nick Bosa
insert-base-orange,47,Orange,,25,A.J. Brown
insert-base-orange,48,Orange,,25,Calijah Kancey
insert-base-orange,49,Orange,,25,Rhamondre Stevenson
insert-base-orange,50,Orange,,25,Justin Herbert
insert-base-orange,51,Orange,,25,Chase Brown
insert-base-orange,52,Orange,,25,Wesley Walker
insert-base-orange,53,Orange,,25,Terry McLaurin
insert-base-orange,54,Orange,,25,Julius Peppers
insert-base-orange,55,Orange,,25,Josh Allen
insert-base-orange,56,Orange,,25,Jonathan Taylor
insert-base-orange,57,Orange,,25,George Kittle
insert-base-orange,58,Orange,,25,DeAndre Hopkins
insert-base-orange,59,Orange,,25,Myles Garrett
insert-base-orange,60,Orange,,25,Aaron Rodgers
insert-base-orange,61,Orange,,25,Younghoe Koo
insert-base-orange,62,Orange,,25,Jaxon Smith-Njigba
insert-base-orange,63,Orange,,25,Kyren Williams
insert-base-orange,64,Orange,,25,Asante Samuel Jr.
insert-base-orange,65,Orange,,25,Trevor Lawrence
insert-base-orange,66,Orange,,25,De'Von Achane
insert-base-orange,67,Orange,,25,Quinnen Williams
insert-base-orange,68,Orange,,25,Jahan Dotson
insert-base-orange,69,Orange,,25,Zay Flowers
insert-base-orange,70,Orange,,25,Derek Carr
insert-base-orange,71,Orange,,25,Cooper Kupp
insert-base-orange,72,Orange,,25,Courtland Sutton
insert-base-orange,73,Orange,,25,Jeremiah Trotter
insert-base-orange,74,Orange,,25,Alvin Kamara
insert-base-orange,75,Orange,,25,Jordan Love
insert-base-orange,76,Orange,,25,George Karlaftis
insert-base-orange,77,Orange,,25,Bijan Robinson
insert-base-orange,78,Orange,,25,Kendrick Bourne
insert-base-orange,79,Orange,,25,Trey Hendrickson
insert-base-orange,80,Orange,,25,Tony Romo
insert-base-orange,81,Orange,,25,George Pickens
insert-base-orange,82,Orange,,25,Travis Etienne Jr.
insert-base-orange,83,Orange,,25,Dwight Freeney
insert-base-orange,84,Orange,,25,Breece Hall
insert-base-orange,85,Orange,,25,Kyler Murray
insert-base-orange,86,Orange,,25,DeMarcus Lawrence
insert-base-orange,87,Orange,,25,Josh Downs
insert-base-orange,88,Orange,,25,Najee Harris
insert-base-orange,89,Orange,,25,Matt Milano
insert-base-orange,90,Orange,,25,Aidan O'Connell
insert-base-orange,91,Orange,,25,Travis Kelce
insert-base-orange,92,Orange,,25,Joe Morris
insert-base-orange,93,Orange,,25,Amon-Ra St. Brown
insert-base-orange,94,Orange,,25,Tre Tucker
insert-base-orange,95,Orange,,25,Dak Prescott
insert-base-orange,96,Orange,,25,Aidan Hutchinson
insert-base-orange,97,Orange,,25,Raheem Mostert
insert-base-orange,98,Orange,,25,Brian Urlacher
insert-base-orange,99,Orange,,25,Michael Wilson
insert-base-orange,100,Orange,,25,Geno Smith
insert-base-pink,1,Pink,,15,Ja'Marr Chase
insert-base-pink,2,Pink,,15,Isaiah Likely
insert-base-pink,3,Pink,,15,Josh Hines-Allen
insert-base-pink,4,Pink,,15,Kenneth Walker III
insert-base-pink,5,Pink,,15,Lamar Jackson
insert-base-pink,6,Pink,,15,Jonathan Mingo
insert-base-pink,7,Pink,,15,Ben Coates
insert-base-pink,8,Pink,,15,Kayvon Thibodeaux
insert-base-pink,9,Pink,,15,Puka Nacua
insert-base-pink,10,Pink,,15,Will Levis
insert-base-pink,11,Pink,,15,Nick Chubb
insert-base-pink,12,Pink,,15,Sam LaPorta
insert-base-pink,13,Pink,,15,Michael Pittman Jr.
insert-base-pink,14,Pink,,15,Jordan Davis
insert-base-pink,15,Pink,,15,Jared Goff
insert-base-pink,16,Pink,,15,Khalil Shakir
insert-base-pink,17,Pink,,15,Will Anderson Jr.
insert-base-pink,18,Pink,,15,Garrett Wilson
insert-base-pink,19,Pink,,15,Derius Davis
insert-base-pink,20,Pink,,15,Patrick Mahomes II
insert-base-pink,21,Pink,,15,Terrell Suggs
insert-base-pink,22,Pink,,15,Christian McCaffrey
insert-base-pink,23,Pink,,15,Devon Witherspoon
insert-base-pink,24,Pink,,15,Justin Jefferson
insert-base-pink,25,Pink,,15,Bryce Young
insert-base-pink,26,Pink,,15,Drake London
insert-base-pink,27,Pink,,15,Luke Musgrave
insert-base-pink,28,Pink,,15,Mike Evans
insert-base-pink,29,Pink,,15,Patrick Surtain II
insert-base-pink,30,Pink,,15,Brock Purdy
insert-base-pink,31,Pink,,15,Cameron Jordan
insert-base-pink,32,Pink,,15,CeeDee Lamb
insert-base-pink,33,Pink,,15,Nolan Cromwell
insert-base-pink,34,Pink,,15,Brandon Aiyuk
insert-base-pink,35,Pink,,15,Joe Burrow
insert-base-pink,36,Pink,,15,James Conner
insert-base-pink,37,Pink,,15,Daron Payne
insert-base-pink,38,Pink,,15,DK Metcalf
insert-base-pink,39,Pink,,15,Maxx Crosby
insert-base-pink,40,Pink,,15,Baker Mayfield
insert-base-pink,41,Pink,,15,Jahmyr Gibbs
insert-base-pink,42,Pink,,15,Chris Godwin
insert-base-pink,43,Pink,,15,T.J. Watt
insert-base-pink,44,Pink,,15,Isiah Pacheco
insert-base-pink,45,Pink,,15,C.J. Stroud
insert-base-pink,46,Pink,,15,Nick Bosa
insert-base-pink,47,Pink,,15,A.J. Brown
insert-base-pink,48,Pink,,15,Calijah Kancey
insert-base-pink,49,Pink,,15,Rhamondre Stevenson
insert-base-pink,50,Pink,,15,Justin Herbert
insert-base-pink,51,Pink,,15,Chase Brown
insert-base-pink,52,Pink,,15,Wesley Walker
insert-base-pink,53,Pink,,15,Terry McLaurin
insert-base-pink,54,Pink,,15,Julius Peppers
insert-base-pink,55,Pink,,15,Josh Allen
insert-base-pink,56,Pink,,15,Jonathan Taylor
insert-base-pink,57,Pink,,15,George Kittle
insert-base-pink,58,Pink,,15,DeAndre Hopkins
insert-base-pink,59,Pink,,15,Myles Garrett
insert-base-pink,60,Pink,,15,Aaron Rodgers
insert-base-pink,61,Pink,,15,Younghoe Koo
insert-base-pink,62,Pink,,15,Jaxon Smith-Njigba
insert-base-pink,63,Pink,,15,Kyren Williams
insert-base-pink,64,Pink,,15,Asante Samuel Jr.
insert-base-pink,65,Pink,,15,Trevor Lawrence
insert-base-pink,66,Pink,,15,De'Von Achane
insert-base-pink,67,Pink,,15,Quinnen Williams
insert-base-pink,68,Pink,,15,Jahan Dotson
insert-base-pink,69,Pink,,15,Zay Flowers
insert-base-pink,70,Pink,,15,Derek Carr
insert-base-pink,71,Pink,,15,Cooper Kupp
insert-base-pink,72,Pink,,15,Courtland Sutton
insert-base-pink,73,Pink,,15,Jeremiah Trotter
insert-base-pink,74,Pink,,15,Alvin Kamara
insert-base-pink,75,Pink,,15,Jordan Love
insert-base-pink,76,Pink,,15,George Karlaftis
insert-base-pink,77,Pink,,15,Bijan Robinson
insert-base-pink,78,Pink,,15,Kendrick Bourne
insert-base-pink,79,Pink,,15,Trey Hendrickson
insert-base-pink,80,Pink,,15,Tony Romo
insert-base-pink,81,Pink,,15,George Pickens
insert-base-pink,82,Pink,,15,Travis Etienne Jr.
insert-base-pink,83,Pink,,15,Dwight Freeney
insert-base-pink,84,Pink,,15,Breece Hall
insert-base-pink,85,Pink,,15,Kyler Murray
insert-base-pink,86,Pink,,15,DeMarcus Lawrence
insert-base-pink,87,Pink,,15,Josh Downs
insert-base-pink,88,Pink,,15,Najee Harris
insert-base-pink,89,Pink,,15,Matt Milano
insert-base-pink,90,Pink,,15,Aidan O'Connell
insert-base-pink,91,Pink,,15,Travis Kelce
insert-base-pink,92,Pink,,15,Joe Morris
insert-base-pink,93,Pink,,15,Amon-Ra St. Brown
insert-base-pink,94,Pink,,15,Tre Tucker
insert-base-pink,95,Pink,,15,Dak Prescott
insert-base-pink,96,Pink,,15,Aidan Hutchinson
insert-base-pink,97,Pink,,15,Raheem Mostert
insert-base-pink,98,Pink,,15,Brian Urlacher
insert-base-pink,99,Pink,,15,Michael Wilson
insert-base-pink,100,Pink,,15,Geno Smith
insert-base-purple,1,Purple,,75,Ja'Marr Chase
insert-base-purple,2,Purple,,75,Isaiah Likely
insert-base-purple,3,Purple,,75,Josh Hines-Allen
insert-base-purple,4,Purple,,75,Kenneth Walker III
insert-base-purple,5,Purple,,75,Lamar Jackson
insert-base-purple,6,Purple,,75,Jonathan Mingo
insert-base-purple,7,Purple,,75,Ben Coates
insert-base-purple,8,Purple,,75,Kayvon Thibodeaux
insert-base-purple,9,Purple,,75,Puka Nacua
insert-base-purple,10,Purple,,75,Will Levis
insert-base-purple,11,Purple,,75,Nick Chubb
insert-base-purple,12,Purple,,75,Sam LaPorta
insert-base-purple,13,Purple,,75,Michael Pittman Jr.
insert-base-purple,14,Purple,,75,Jordan Davis
insert-base-purple,15,Purple,,75,Jared Goff
insert-base-purple,16,Purple,,75,Khalil Shakir
insert-base-purple,17,Purple,,75,Will Anderson Jr.
insert-base-purple,18,Purple,,75,Garrett Wilson
insert-base-purple,19,Purple,,75,Derius Davis
insert-base-purple,20,Purple,,75,Patrick Mahomes II
insert-base-purple,21,Purple,,75,Terrell Suggs
insert-base-purple,22,Purple,,75,Christian McCaffrey
insert-base-purple,23,Purple,,75,Devon Witherspoon
insert-base-purple,24,Purple,,75,Justin Jefferson
insert-base-purple,25,Purple,,75,Bryce Young
insert-base-purple,26,Purple,,75,Drake London
insert-base-purple,27,Purple,,75,Luke Musgrave
insert-base-purple,28,Purple,,75,Mike Evans
insert-base-purple,29,Purple,,75,Patrick Surtain II
insert-base-purple,30,Purple,,75,Brock Purdy
insert-base-purple,31,Purple,,75,Cameron Jordan
insert-base-purple,32,Purple,,75,CeeDee Lamb
insert-base-purple,33,Purple,,75,Nolan Cromwell
insert-base-purple,34,Purple,,75,Brandon Aiyuk
insert-base-purple,35,Purple,,75,Joe Burrow
insert-base-purple,36,Purple,,75,James Conner
insert-base-purple,37,Purple,,75,Daron Payne
insert-base-purple,38,Purple,,75,DK Metcalf
insert-base-purple,39,Purple,,75,Maxx Crosby
insert-base-purple,40,Purple,,75,Baker Mayfield
insert-base-purple,41,Purple,,75,Jahmyr Gibbs
insert-base-purple,42,Purple,,75,Chris Godwin
insert-base-purple,43,Purple,,75,T.J. Watt
insert-base-purple,44,Purple,,75,Isiah Pacheco
insert-base-purple,45,Purple,,75,C.J. Stroud
insert-base-purple,46,Purple,,75,Nick Bosa
insert-base-purple,47,Purple,,75,A.J. Brown
insert-base-purple,48,Purple,,75,Calijah Kancey
insert-base-purple,49,Purple,,75,Rhamondre Stevenson
insert-base-purple,50,Purple,,75,Justin Herbert
insert-base-purple,51,Purple,,75,Chase Brown
insert-base-purple,52,Purple,,75,Wesley Walker
insert-base-purple,53,Purple,,75,Terry McLaurin
insert-base-purple,54,Purple,,75,Julius Peppers
insert-base-purple,55,Purple,,75,Josh Allen
insert-base-purple,56,Purple,,75,Jonathan Taylor
insert-base-purple,57,Purple,,75,George Kittle
insert-base-purple,58,Purple,,75,DeAndre Hopkins
insert-base-purple,59,Purple,,75,Myles Garrett
insert-base-purple,60,Purple,,75,Aaron Rodgers
insert-base-purple,61,Purple,,75,Younghoe Koo
insert-base-purple,62,Purple,,75,Jaxon Smith-Njigba
insert-base-purple,63,Purple,,75,Kyren Williams
insert-base-purple,64,Purple,,75,Asante Samuel Jr.
insert-base-purple,65,Purple,,75,Trevor Lawrence
insert-base-purple,66,Purple,,75,De'Von Achane
insert-base-purple,67,Purple,,75,Quinnen Williams
insert-base-purple,68,Purple,,75,Jahan Dotson
insert-base-purple,69,Purple,,75,Zay Flowers
insert-base-purple,70,Purple,,75,Derek Carr
insert-base-purple,71,Purple,,75,Cooper Kupp
insert-base-purple,72,Purple,,75,Courtland Sutton
insert-base-purple,73,Purple,,75,Jeremiah Trotter
insert-base-purple,74,Purple,,75,Alvin Kamara
insert-base-purple,75,Purple,,75,Jordan Love
insert-base-purple,76,Purple,,75,George Karlaftis
insert-base-purple,77,Purple,,75,Bijan Robinson
insert-base-purple,78,Purple,,75,Kendrick Bourne
insert-base-purple,79,Purple,,75,Trey Hendrickson
insert-base-purple,80,Purple,,75,Tony Romo
insert-base-purple,81,Purple,,75,George Pickens
insert-base-purple,82,Purple,,75,Travis Etienne Jr.
insert-base-purple,83,Purple,,75,Dwight Freeney
insert-base-purple,84,Purple,,75,Breece Hall
insert-base-purple,85,Purple,,75,Kyler Murray
insert-base-purple,86,Purple,,75,DeMarcus Lawrence
insert-base-purple,87,Purple,,75,Josh Downs
insert-base-purple,88,Purple,,75,Najee Harris
insert-base-purple,89,Purple,,75,Matt Milano
insert-base-purple,90,Purple,,75,Aidan O'Connell
insert-base-purple,91,Purple,,75,Travis Kelce
insert-base-purple,92,Purple,,75,Joe Morris
insert-base-purple,93,Purple,,75,Amon-Ra St. Brown
insert-base-purple,94,Purple,,75,Tre Tucker
insert-base-purple,95,Purple,,75,Dak Prescott
insert-base-purple,96,Purple,,75,Aidan Hutchinson
insert-base-purple,97,Purple,,75,Raheem Mostert
insert-base-purple,98,Purple,,75,Brian Urlacher
insert-base-purple,99,Purple,,75,Michael Wilson
insert-base-purple,100,Purple,,75,Geno Smith
insert-base-red,1,Red,,49,Ja'Marr Chase
insert-base-red,2,Red,,49,Isaiah Likely
insert-base-red,3,Red,,49,Josh Hines-Allen
insert-base-red,4,Red,,49,Kenneth Walker III
insert-base-red,5,Red,,49,Lamar Jackson
insert-base-red,6,Red,,49,Jonathan Mingo
insert-base-red,7,Red,,49,Ben Coates
insert-base-red,8,Red,,49,Kayvon Thibodeaux
insert-base-red,9,Red,,49,Puka Nacua
insert-base-red,10,Red,,49,Will Levis
insert-base-red,11,Red,,49,Nick Chubb
insert-base-red,12,Red,,49,Sam LaPorta
insert-base-red,13,Red,,49,Michael Pittman Jr.
insert-base-red,14,Red,,49,Jordan Davis
insert-base-red,15,Red,,49,Jared Goff
insert-base-red,16,Red,,49,Khalil Shakir
insert-base-red,17,Red,,49,Will Anderson Jr.
insert-base-red,18,Red,,49,Garrett Wilson
insert-base-red,19,Red,,49,Derius Davis
insert-base-red,20,Red,,49,Patrick Mahomes II
insert-base-red,21,Red,,49,Terrell Suggs
insert-base-red,22,Red,,49,Christian McCaffrey
insert-base-red,23,Red,,49,Devon Witherspoon
insert-base-red,24,Red,,49,Justin Jefferson
insert-base-red,25,Red,,49,Bryce Young
insert-base-red,26,Red,,49,Drake London
insert-base-red,27,Red,,49,Luke Musgrave
insert-base-red,28,Red,,49,Mike Evans
insert-base-red,29,Red,,49,Patrick Surtain II
insert-base-red,30,Red,,49,Brock Purdy
insert-base-red,31,Red,,49,Cameron Jordan
insert-base-red,32,Red,,49,CeeDee Lamb
insert-base-red,33,Red,,49,Nolan Cromwell
insert-base-red,34,Red,,49,Brandon Aiyuk
insert-base-red,35,Red,,49,Joe Burrow
insert-base-red,36,Red,,49,James Conner
insert-base-red,37,Red,,49,Daron Payne
insert-base-red,38,Red,,49,DK Metcalf
insert-base-red,39,Red,,49,Maxx Crosby
insert-base-red,40,Red,,49,Baker Mayfield
insert-base-red,41,Red,,49,Jahmyr Gibbs
insert-base-red,42,Red,,49,Chris Godwin
insert-base-red,43,Red,,49,T.J. Watt
insert-base-red,44,Red,,49,Isiah Pacheco
insert-base-red,45,Red,,49,C.J. Stroud
insert-base-red,46,Red,,49,Nick Bosa
insert-base-red,47,Red,,49,A.J. Brown
insert-base-red,48,Red,,49,Calijah Kancey
insert-base-red,49,Red,,49,Rhamondre Stevenson
insert-base-red,50,Red,,49,Justin Herbert
insert-base-red,51,Red,,49,Chase Brown
insert-base-red,52,Red,,49,Wesley Walker
insert-base-red,53,Red,,49,Terry McLaurin
insert-base-red,54,Red,,49,Julius Peppers
insert-base-red,55,Red,,49,Josh Allen
insert-base-red,56,Red,,49,Jonathan Taylor
insert-base-red,57,Red,,49,George Kittle
insert-base-red,58,Red,,49,DeAndre Hopkins
insert-base-red,59,Red,,49,Myles Garrett
insert-base-red,60,Red,,49,Aaron Rodgers
insert-base-red,61,Red,,49,Younghoe Koo
insert-base-red,62,Red,,49,Jaxon Smith-Njigba
insert-base-red,63,Red,,49,Kyren Williams
insert-base-red,64,Red,,49,Asante Samuel Jr.
insert-base-red,65,Red,,49,Trevor Lawrence
insert-base-red,66,Red,,49,De'Von Achane
insert-base-red,67,Red,,49,Quinnen Williams
insert-base-red,68,Red,,49,Jahan Dotson
insert-base-red,69,Red,,49,Zay Flowers
insert-base-red,70,Red,,49,Derek Carr
insert-base-red,71,Red,,49,Cooper Kupp
insert-base-red,72,Red,,49,Courtland Sutton
insert-base-red,73,Red,,49,Jeremiah Trotter
insert-base-red,74,Red,,49,Alvin Kamara
insert-base-red,75,Red,,49,Jordan Love
insert-base-red,76,Red,,49,George Karlaftis
insert-base-red,77,Red,,49,Bijan Robinson
insert-base-red,78,Red,,49,Kendrick Bourne
insert-base-red,79,Red,,49,Trey Hendrickson
insert-base-red,80,Red,,49,Tony Romo
insert-base-red,81,Red,,49,George Pickens
insert-base-red,82,Red,,49,Travis Etienne Jr.
insert-base-red,83,Red,,49,Dwight Freeney
insert-base-red,84,Red,,49,Breece Hall
insert-base-red,85,Red,,49,Kyler Murray
insert-base-red,86,Red,,49,DeMarcus Lawrence
insert-base-red,87,Red,,49,Josh Downs
insert-base-red,88,Red,,49,Najee Harris
insert-base-red,89,Red,,49,Matt Milano
insert-base-red,90,Red,,49,Aidan O'Connell
insert-base-red,91,Red,,49,Travis Kelce
insert-base-red,92,Red,,49,Joe Morris
insert-base-red,93,Red,,49,Amon-Ra St. Brown
insert-base-red,94,Red,,49,Tre Tucker
insert-base-red,95,Red,,49,Dak Prescott
insert-base-red,96,Red,,49,Aidan Hutchinson
insert-base-red,97,Red,,49,Raheem Mostert
insert-base-red,98,Red,,49,Brian Urlacher
insert-base-red,99,Red,,49,Michael Wilson
insert-base-red,100,Red,,49,Geno Smith
auto-base-red-autographs,2,,,10,Isaiah Likely
auto-base-red-autographs,6,,,10,Jonathan Mingo
auto-base-red-autographs,7,,,10,Ben Coates
auto-base-red-autographs,8,,,10,Kayvon Thibodeaux
auto-base-red-autographs,9,,,10,Puka Nacua
auto-base-red-autographs,12,,,10,Sam LaPorta
auto-base-red-autographs,13,,,10,Michael Pittman Jr.
auto-base-red-autographs,14,,,10,Jordan Davis
auto-base-red-autographs,16,,,10,Khalil Shakir
auto-base-red-autographs,18,,,10,Garrett Wilson
auto-base-red-autographs,19,,,10,Derius Davis
auto-base-red-autographs,24,,,10,Justin Jefferson
auto-base-red-autographs,27,,,10,Luke Musgrave
auto-base-red-autographs,30,,,10,Brock Purdy
auto-base-red-autographs,33,,,10,Nolan Cromwell
auto-base-red-autographs,37,,,10,Daron Payne
auto-base-red-autographs,40,,,10,Baker Mayfield
auto-base-red-autographs,41,,,10,Jahmyr Gibbs
auto-base-red-autographs,42,,,10,Chris Godwin
auto-base-red-autographs,48,,,10,Calijah Kancey
auto-base-red-autographs,50,,,10,Justin Herbert
auto-base-red-autographs,51,,,10,Chase Brown
auto-base-red-autographs,52,,,10,Wesley Walker
auto-base-red-autographs,54,,,10,Julius Peppers
auto-base-red-autographs,62,,,10,Jaxon Smith-Njigba
auto-base-red-autographs,63,,,10,Kyren Williams
auto-base-red-autographs,64,,,10,Asante Samuel Jr.
auto-base-red-autographs,67,,,10,Quinnen Williams
auto-base-red-autographs,69,,,10,Zay Flowers
auto-base-red-autographs,70,,,10,Derek Carr
auto-base-red-autographs,71,,,10,Cooper Kupp
auto-base-red-autographs,72,,,10,Courtland Sutton
auto-base-red-autographs,73,,,10,Jeremiah Trotter
auto-base-red-autographs,78,,,10,Kendrick Bourne
auto-base-red-autographs,80,,,10,Tony Romo
auto-base-red-autographs,81,,,10,George Pickens
auto-base-red-autographs,83,,,10,Dwight Freeney
auto-base-red-autographs,86,,,10,DeMarcus Lawrence
auto-base-red-autographs,87,,,10,Josh Downs
auto-base-red-autographs,90,,,10,Aidan O'Connell
auto-base-red-autographs,92,,,10,Joe Morris
auto-base-red-autographs,94,,,10,Tre Tucker
auto-base-red-autographs,96,,,10,Aidan Hutchinson
auto-base-red-autographs,97,,,10,Raheem Mostert
auto-base-red-autographs,98,,,10,Brian Urlacher
auto-base-red-autographs,99,,,10,Michael Wilson
insert-base-silver,1,Silver,,175,Ja'Marr Chase
insert-base-silver,2,Silver,,175,Isaiah Likely
insert-base-silver,3,Silver,,175,Josh Hines-Allen
insert-base-silver,4,Silver,,175,Kenneth Walker III
insert-base-silver,5,Silver,,175,Lamar Jackson
insert-base-silver,6,Silver,,175,Jonathan Mingo
insert-base-silver,7,Silver,,175,Ben Coates
insert-base-silver,8,Silver,,175,Kayvon Thibodeaux
insert-base-silver,9,Silver,,175,Puka Nacua
insert-base-silver,10,Silver,,175,Will Levis
insert-base-silver,11,Silver,,175,Nick Chubb
insert-base-silver,12,Silver,,175,Sam LaPorta
insert-base-silver,13,Silver,,175,Michael Pittman Jr.
insert-base-silver,14,Silver,,175,Jordan Davis
insert-base-silver,15,Silver,,175,Jared Goff
insert-base-silver,16,Silver,,175,Khalil Shakir
insert-base-silver,17,Silver,,175,Will Anderson Jr.
insert-base-silver,18,Silver,,175,Garrett Wilson
insert-base-silver,19,Silver,,175,Derius Davis
insert-base-silver,20,Silver,,175,Patrick Mahomes II
insert-base-silver,21,Silver,,175,Terrell Suggs
insert-base-silver,22,Silver,,175,Christian McCaffrey
insert-base-silver,23,Silver,,175,Devon Witherspoon
insert-base-silver,24,Silver,,175,Justin Jefferson
insert-base-silver,25,Silver,,175,Bryce Young
insert-base-silver,26,Silver,,175,Drake London
insert-base-silver,27,Silver,,175,Luke Musgrave
insert-base-silver,28,Silver,,175,Mike Evans
insert-base-silver,29,Silver,,175,Patrick Surtain II
insert-base-silver,30,Silver,,175,Brock Purdy
insert-base-silver,31,Silver,,175,Cameron Jordan
insert-base-silver,32,Silver,,175,CeeDee Lamb
insert-base-silver,33,Silver,,175,Nolan Cromwell
insert-base-silver,34,Silver,,175,Brandon Aiyuk
insert-base-silver,35,Silver,,175,Joe Burrow
insert-base-silver,36,Silver,,175,James Conner
insert-base-silver,37,Silver,,175,Daron Payne
insert-base-silver,38,Silver,,175,DK Metcalf
insert-base-silver,39,Silver,,175,Maxx Crosby
insert-base-silver,40,Silver,,175,Baker Mayfield
insert-base-silver,41,Silver,,175,Jahmyr Gibbs
insert-base-silver,42,Silver,,175,Chris Godwin
insert-base-silver,43,Silver,,175,T.J. Watt
insert-base-silver,44,Silver,,175,Isiah Pacheco
insert-base-silver,45,Silver,,175,C.J. Stroud
insert-base-silver,46,Silver,,175,Nick Bosa
insert-base-silver,47,Silver,,175,A.J. Brown
insert-base-silver,48,Silver,,175,Calijah Kancey
insert-base-silver,49,Silver,,175,Rhamondre Stevenson
insert-base-silver,50,Silver,,175,Justin Herbert
insert-base-silver,51,Silver,,175,Chase Brown
insert-base-silver,52,Silver,,175,Wesley Walker
insert-base-silver,53,Silver,,175,Terry McLaurin
insert-base-silver,54,Silver,,175,Julius Peppers
insert-base-silver,55,Silver,,175,Josh Allen
insert-base-silver,56,Silver,,175,Jonathan Taylor
insert-base-silver,57,Silver,,175,George Kittle
insert-base-silver,58,Silver,,175,DeAndre Hopkins
insert-base-silver,59,Silver,,175,Myles Garrett
insert-base-silver,60,Silver,,175,Aaron Rodgers
insert-base-silver,61,Silver,,175,Younghoe Koo
insert-base-silver,62,Silver,,175,Jaxon Smith-Njigba
insert-base-silver,63,Silver,,175,Kyren Williams
insert-base-silver,64,Silver,,175,Asante Samuel Jr.
insert-base-silver,65,Silver,,175,Trevor Lawrence
insert-base-silver,66,Silver,,175,De'Von Achane
insert-base-silver,67,Silver,,175,Quinnen Williams
insert-base-silver,68,Silver,,175,Jahan Dotson
insert-base-silver,69,Silver,,175,Zay Flowers
insert-base-silver,70,Silver,,175,Derek Carr
insert-base-silver,71,Silver,,175,Cooper Kupp
insert-base-silver,72,Silver,,175,Courtland Sutton
insert-base-silver,73,Silver,,175,Jeremiah Trotter
insert-base-silver,74,Silver,,175,Alvin Kamara
insert-base-silver,75,Silver,,175,Jordan Love
insert-base-silver,76,Silver,,175,George Karlaftis
insert-base-silver,77,Silver,,175,Bijan Robinson
insert-base-silver,78,Silver,,175,Kendrick Bourne
insert-base-silver,79,Silver,,175,Trey Hendrickson
insert-base-silver,80,Silver,,175,Tony Romo
insert-base-silver,81,Silver,,175,George Pickens
insert-base-silver,82,Silver,,175,Travis Etienne Jr.
insert-base-silver,83,Silver,,175,Dwight Freeney
insert-base-silver,84,Silver,,175,Breece Hall
insert-base-silver,85,Silver,,175,Kyler Murray
insert-base-silver,86,Silver,,175,DeMarcus Lawrence
insert-base-silver,87,Silver,,175,Josh Downs
insert-base-silver,88,Silver,,175,Najee Harris
insert-base-silver,89,Silver,,175,Matt Milano
insert-base-silver,90,Silver,,175,Aidan O'Connell
insert-base-silver,91,Silver,,175,Travis Kelce
insert-base-silver,92,Silver,,175,Joe Morris
insert-base-silver,93,Silver,,175,Amon-Ra St. Brown
insert-base-silver,94,Silver,,175,Tre Tucker
insert-base-silver,95,Silver,,175,Dak Prescott
insert-base-silver,96,Silver,,175,Aidan Hutchinson
insert-base-silver,97,Silver,,175,Raheem Mostert
insert-base-silver,98,Silver,,175,Brian Urlacher
insert-base-silver,99,Silver,,175,Michael Wilson
insert-base-silver,100,Silver,,175,Geno Smith
auto-base-silver-autographs,2,,,49,Isaiah Likely
auto-base-silver-autographs,6,,,49,Jonathan Mingo
auto-base-silver-autographs,7,,,49,Ben Coates
auto-base-silver-autographs,8,,,49,Kayvon Thibodeaux
auto-base-silver-autographs,12,,,49,Sam LaPorta
auto-base-silver-autographs,14,,,49,Jordan Davis
auto-base-silver-autographs,16,,,49,Khalil Shakir
auto-base-silver-autographs,18,,,49,Garrett Wilson
auto-base-silver-autographs,19,,,49,Derius Davis
auto-base-silver-autographs,27,,,49,Luke Musgrave
auto-base-silver-autographs,33,,,49,Nolan Cromwell
auto-base-silver-autographs,37,,,49,Daron Payne
auto-base-silver-autographs,41,,,49,Jahmyr Gibbs
auto-base-silver-autographs,42,,,49,Chris Godwin
auto-base-silver-autographs,48,,,49,Calijah Kancey
auto-base-silver-autographs,50,,,49,Justin Herbert
auto-base-silver-autographs,51,,,49,Chase Brown
auto-base-silver-autographs,52,,,49,Wesley Walker
auto-base-silver-autographs,54,,,49,Julius Peppers
auto-base-silver-autographs,62,,,49,Jaxon Smith-Njigba
auto-base-silver-autographs,63,,,49,Kyren Williams
auto-base-silver-autographs,64,,,49,Asante Samuel Jr.
auto-base-silver-autographs,67,,,49,Quinnen Williams
auto-base-silver-autographs,69,,,49,Zay Flowers
auto-base-silver-autographs,70,,,49,Derek Carr
auto-base-silver-autographs,72,,,49,Courtland Sutton
auto-base-silver-autographs,73,,,49,Jeremiah Trotter
auto-base-silver-autographs,78,,,49,Kendrick Bourne
auto-base-silver-autographs,81,,,49,George Pickens
auto-base-silver-autographs,83,,,49,Dwight Freeney
auto-base-silver-autographs,86,,,49,DeMarcus Lawrence
auto-base-silver-autographs,87,,,49,Josh Downs
auto-base-silver-autographs,90,,,49,Aidan O'Connell
auto-base-silver-autographs,92,,,49,Joe Morris
auto-base-silver-autographs,94,,,49,Tre Tucker
auto-base-silver-autographs,96,,,49,Aidan Hutchinson
auto-base-silver-autographs,97,,,49,Raheem Mostert
auto-base-silver-autographs,98,,,49,Brian Urlacher
auto-base-silver-autographs,99,,,49,Michael Wilson
insert-base-vertical,101,,,,Keenan Allen
insert-base-vertical,102,,,,Stefon Diggs
insert-base-vertical,103,,,,D'Andre Swift
insert-base-vertical,104,,,,Diontae Johnson
insert-base-vertical,105,,,,Kirk Cousins
insert-base-vertical,106,,,,Zack Moss
insert-base-vertical,107,,,,Tony Pollard
insert-base-vertical,108,,,,Austin Ekeler
insert-base-vertical,109,,,,Calvin Ridley
insert-base-vertical,110,,,,Tua Tagovailoa
insert-base-vertical,111,,,,Aaron Jones
insert-base-vertical,112,,,,Brian Burns
insert-base-vertical,113,,,,Joe Mixon
insert-base-vertical,114,,,,Gabriel Davis
insert-base-vertical,115,,,,Russell Wilson
insert-base-vertical,116,,,,Derrick Henry
insert-base-vertical,117,,,,Josh Jacobs
insert-base-vertical,118,,,,Devin Singletary
insert-base-vertical,119,,,,Saquon Barkley
insert-base-vertical,120,,,,Daniel Jones
insert-base-vertical,121,,,,Grady Jarrett
insert-base-vertical,122,,,,Samaje Perine
insert-base-vertical,123,,,,Jalen Ramsey
insert-base-vertical,124,,,,Andre Reed
insert-base-vertical,125,,,,Deshaun Watson
insert-base-vertical,126,,,,Christian Watson
insert-base-vertical,127,,,,George Teague
insert-base-vertical,128,,,,Zamir White
insert-base-vertical,129,,,,DJ Moore
insert-base-vertical,130,,,,Jalen Hurts
insert-base-vertical,131,,,,Chris Jones
insert-base-vertical,132,,,,Lorenzo Neal
insert-base-vertical,133,,,,Jordan Addison
insert-base-vertical,134,,,,Minkah Fitzpatrick
insert-base-vertical,135,,,,Matthew Stafford
insert-base-vertical,136,,,,Randy Gradishar
insert-base-vertical,137,,,,Davante Adams
insert-base-vertical,138,,,,Chad Greenway
insert-base-vertical,139,,,,Chris Olave
insert-base-vertical,140,,,,Jim McMahon
insert-base-vertical,141,,,,James Cook
insert-base-vertical,142,,,,Amari Cooper
insert-base-vertical,143,,,,Tank Bigsby
insert-base-vertical,144,,,,Trey McBride
insert-base-vertical,145,,,,Anthony Richardson
insert-base-vertical,146,,,,Jeffery Simmons
insert-base-vertical,147,,,,Tyreek Hill
insert-base-vertical,148,,,,Zack Martin
insert-base-vertical,149,,,,Tank Dell
insert-base-vertical,150,,,,Bailey Zappe
auto-base-vertical-autographs,104,,,,Diontae Johnson
auto-base-vertical-autographs,107,,,,Tony Pollard
auto-base-vertical-autographs,112,,,,Brian Burns
auto-base-vertical-autographs,118,,,,Devin Singletary
auto-base-vertical-autographs,132,,,,Lorenzo Neal
auto-base-vertical-autographs,138,,,,Chad Greenway
auto-base-vertical-autographs,141,,,,James Cook
auto-base-vertical-autographs,143,,,,Tank Bigsby
auto-base-vertical-autographs,144,,,,Trey McBride
auto-base-vertical-autographs-black,103,,,1,D'Andre Swift
auto-base-vertical-autographs-black,104,,,1,Diontae Johnson
auto-base-vertical-autographs-black,105,,,1,Kirk Cousins
auto-base-vertical-autographs-black,107,,,1,Tony Pollard
auto-base-vertical-autographs-black,108,,,1,Austin Ekeler
auto-base-vertical-autographs-black,110,,,1,Tua Tagovailoa
auto-base-vertical-autographs-black,112,,,1,Brian Burns
auto-base-vertical-autographs-black,118,,,1,Devin Singletary
auto-base-vertical-autographs-black,124,,,1,Andre Reed
auto-base-vertical-autographs-black,130,,,1,Jalen Hurts
auto-base-vertical-autographs-black,132,,,1,Lorenzo Neal
auto-base-vertical-autographs-black,138,,,1,Chad Greenway
auto-base-vertical-autographs-black,140,,,1,Jim McMahon
auto-base-vertical-autographs-black,141,,,1,James Cook
auto-base-vertical-autographs-black,143,,,1,Tank Bigsby
auto-base-vertical-autographs-black,144,,,1,Trey McBride
auto-base-vertical-autographs-blue,103,,,25,D'Andre Swift
auto-base-vertical-autographs-blue,104,,,25,Diontae Johnson
auto-base-vertical-autographs-blue,105,,,25,Kirk Cousins
auto-base-vertical-autographs-blue,107,,,25,Tony Pollard
auto-base-vertical-autographs-blue,108,,,25,Austin Ekeler
auto-base-vertical-autographs-blue,110,,,25,Tua Tagovailoa
auto-base-vertical-autographs-blue,112,,,25,Brian Burns
auto-base-vertical-autographs-blue,118,,,25,Devin Singletary
auto-base-vertical-autographs-blue,124,,,25,Andre Reed
auto-base-vertical-autographs-blue,130,,,25,Jalen Hurts
auto-base-vertical-autographs-blue,132,,,25,Lorenzo Neal
auto-base-vertical-autographs-blue,138,,,25,Chad Greenway
auto-base-vertical-autographs-blue,140,,,25,Jim McMahon
auto-base-vertical-autographs-blue,141,,,25,James Cook
auto-base-vertical-autographs-blue,143,,,25,Tank Bigsby
auto-base-vertical-autographs-blue,144,,,25,Trey McBride
auto-base-vertical-autographs-gold,103,,,5,D'Andre Swift
auto-base-vertical-autographs-gold,104,,,5,Diontae Johnson
auto-base-vertical-autographs-gold,105,,,5,Kirk Cousins
auto-base-vertical-autographs-gold,107,,,5,Tony Pollard
auto-base-vertical-autographs-gold,108,,,5,Austin Ekeler
auto-base-vertical-autographs-gold,110,,,5,Tua Tagovailoa
auto-base-vertical-autographs-gold,112,,,5,Brian Burns
auto-base-vertical-autographs-gold,118,,,5,Devin Singletary
auto-base-vertical-autographs-gold,124,,,5,Andre Reed
auto-base-vertical-autographs-gold,130,,,5,Jalen Hurts
auto-base-vertical-autographs-gold,132,,,5,Lorenzo Neal
auto-base-vertical-autographs-gold,138,,,5,Chad Greenway
auto-base-vertical-autographs-gold,140,,,5,Jim McMahon
auto-base-vertical-autographs-gold,141,,,5,James Cook
auto-base-vertical-autographs-gold,143,,,5,Tank Bigsby
auto-base-vertical-autographs-gold,144,,,5,Trey McBride
auto-base-vertical-autographs-red,103,,,10,D'Andre Swift
auto-base-vertical-autographs-red,104,,,10,Diontae Johnson
auto-base-vertical-autographs-red,105,,,10,Kirk Cousins
auto-base-vertical-autographs-red,107,,,10,Tony Pollard
auto-base-vertical-autographs-red,108,,,10,Austin Ekeler
auto-base-vertical-autographs-red,110,,,10,Tua Tagovailoa
auto-base-vertical-autographs-red,112,,,10,Brian Burns
auto-base-vertical-autographs-red,118,,,10,Devin Singletary
auto-base-vertical-autographs-red,124,,,10,Andre Reed
auto-base-vertical-autographs-red,130,,,10,Jalen Hurts
auto-base-vertical-autographs-red,132,,,10,Lorenzo Neal
auto-base-vertical-autographs-red,138,,,10,Chad Greenway
auto-base-vertical-autographs-red,140,,,10,Jim McMahon
auto-base-vertical-autographs-red,141,,,10,James Cook
auto-base-vertical-autographs-red,143,,,10,Tank Bigsby
auto-base-vertical-autographs-red,144,,,10,Trey McBride
auto-base-vertical-autographs-silver,104,,,49,Diontae Johnson
auto-base-vertical-autographs-silver,107,,,49,Tony Pollard
auto-base-vertical-autographs-silver,108,,,49,Austin Ekeler
auto-base-vertical-autographs-silver,112,,,49,Brian Burns
auto-base-vertical-autographs-silver,118,,,49,Devin Singletary
auto-base-vertical-autographs-silver,124,,,49,Andre Reed
auto-base-vertical-autographs-silver,132,,,49,Lorenzo Neal
auto-base-vertical-autographs-silver,138,,,49,Chad Greenway
auto-base-vertical-autographs-silver,143,,,49,Tank Bigsby
auto-base-vertical-autographs-silver,144,,,49,Trey McBride
insert-base-vertical-black,101,Black,,1,Keenan Allen
insert-base-vertical-black,102,Black,,1,Stefon Diggs
insert-base-vertical-black,103,Black,,1,D'Andre Swift
insert-base-vertical-black,104,Black,,1,Diontae Johnson
insert-base-vertical-black,105,Black,,1,Kirk Cousins
insert-base-vertical-black,106,Black,,1,Zack Moss
insert-base-vertical-black,107,Black,,1,Tony Pollard
insert-base-vertical-black,108,Black,,1,Austin Ekeler
insert-base-vertical-black,109,Black,,1,Calvin Ridley
insert-base-vertical-black,110,Black,,1,Tua Tagovailoa
insert-base-vertical-black,111,Black,,1,Aaron Jones
insert-base-vertical-black,112,Black,,1,Brian Burns
insert-base-vertical-black,113,Black,,1,Joe Mixon
insert-base-vertical-black,114,Black,,1,Gabriel Davis
insert-base-vertical-black,115,Black,,1,Russell Wilson
insert-base-vertical-black,116,Black,,1,Derrick Henry
insert-base-vertical-black,117,Black,,1,Josh Jacobs
insert-base-vertical-black,118,Black,,1,Devin Singletary
insert-base-vertical-black,119,Black,,1,Saquon Barkley
insert-base-vertical-black,120,Black,,1,Daniel Jones
insert-base-vertical-black,121,Black,,1,Grady Jarrett
insert-base-vertical-black,122,Black,,1,Samaje Perine
insert-base-vertical-black,123,Black,,1,Jalen Ramsey
insert-base-vertical-black,124,Black,,1,Andre Reed
insert-base-vertical-black,125,Black,,1,Deshaun Watson
insert-base-vertical-black,126,Black,,1,Christian Watson
insert-base-vertical-black,127,Black,,1,George Teague
insert-base-vertical-black,128,Black,,1,Zamir White
insert-base-vertical-black,129,Black,,1,DJ Moore
insert-base-vertical-black,130,Black,,1,Jalen Hurts
insert-base-vertical-black,131,Black,,1,Chris Jones
insert-base-vertical-black,132,Black,,1,Lorenzo Neal
insert-base-vertical-black,133,Black,,1,Jordan Addison
insert-base-vertical-black,134,Black,,1,Minkah Fitzpatrick
insert-base-vertical-black,135,Black,,1,Matthew Stafford
insert-base-vertical-black,136,Black,,1,Randy Gradishar
insert-base-vertical-black,137,Black,,1,Davante Adams
insert-base-vertical-black,138,Black,,1,Chad Greenway
insert-base-vertical-black,139,Black,,1,Chris Olave
insert-base-vertical-black,140,Black,,1,Jim McMahon
insert-base-vertical-black,141,Black,,1,James Cook
insert-base-vertical-black,142,Black,,1,Amari Cooper
insert-base-vertical-black,143,Black,,1,Tank Bigsby
insert-base-vertical-black,144,Black,,1,Trey McBride
insert-base-vertical-black,145,Black,,1,Anthony Richardson
insert-base-vertical-black,146,Black,,1,Jeffery Simmons
insert-base-vertical-black,147,Black,,1,Tyreek Hill
insert-base-vertical-black,148,Black,,1,Zack Martin
insert-base-vertical-black,149,Black,,1,Tank Dell
insert-base-vertical-black,150,Black,,1,Bailey Zappe
insert-base-vertical-blue,101,Blue,,99,Keenan Allen
insert-base-vertical-blue,102,Blue,,99,Stefon Diggs
insert-base-vertical-blue,103,Blue,,99,D'Andre Swift
insert-base-vertical-blue,104,Blue,,99,Diontae Johnson
insert-base-vertical-blue,105,Blue,,99,Kirk Cousins
insert-base-vertical-blue,106,Blue,,99,Zack Moss
insert-base-vertical-blue,107,Blue,,99,Tony Pollard
insert-base-vertical-blue,108,Blue,,99,Austin Ekeler
insert-base-vertical-blue,109,Blue,,99,Calvin Ridley
insert-base-vertical-blue,110,Blue,,99,Tua Tagovailoa
insert-base-vertical-blue,111,Blue,,99,Aaron Jones
insert-base-vertical-blue,112,Blue,,99,Brian Burns
insert-base-vertical-blue,113,Blue,,99,Joe Mixon
insert-base-vertical-blue,114,Blue,,99,Gabriel Davis
insert-base-vertical-blue,115,Blue,,99,Russell Wilson
insert-base-vertical-blue,116,Blue,,99,Derrick Henry
insert-base-vertical-blue,117,Blue,,99,Josh Jacobs
insert-base-vertical-blue,118,Blue,,99,Devin Singletary
insert-base-vertical-blue,119,Blue,,99,Saquon Barkley
insert-base-vertical-blue,120,Blue,,99,Daniel Jones
insert-base-vertical-blue,121,Blue,,99,Grady Jarrett
insert-base-vertical-blue,122,Blue,,99,Samaje Perine
insert-base-vertical-blue,123,Blue,,99,Jalen Ramsey
insert-base-vertical-blue,124,Blue,,99,Andre Reed
insert-base-vertical-blue,125,Blue,,99,Deshaun Watson
insert-base-vertical-blue,126,Blue,,99,Christian Watson
insert-base-vertical-blue,127,Blue,,99,George Teague
insert-base-vertical-blue,128,Blue,,99,Zamir White
insert-base-vertical-blue,129,Blue,,99,DJ Moore
insert-base-vertical-blue,130,Blue,,99,Jalen Hurts
insert-base-vertical-blue,131,Blue,,99,Chris Jones
insert-base-vertical-blue,132,Blue,,99,Lorenzo Neal
insert-base-vertical-blue,133,Blue,,99,Jordan Addison
insert-base-vertical-blue,134,Blue,,99,Minkah Fitzpatrick
insert-base-vertical-blue,135,Blue,,99,Matthew Stafford
insert-base-vertical-blue,136,Blue,,99,Randy Gradishar
insert-base-vertical-blue,137,Blue,,99,Davante Adams
insert-base-vertical-blue,138,Blue,,99,Chad Greenway
insert-base-vertical-blue,139,Blue,,99,Chris Olave
insert-base-vertical-blue,140,Blue,,99,Jim McMahon
insert-base-vertical-blue,141,Blue,,99,James Cook
insert-base-vertical-blue,142,Blue,,99,Amari Cooper
insert-base-vertical-blue,143,Blue,,99,Tank Bigsby
insert-base-vertical-blue,144,Blue,,99,Trey McBride
insert-base-vertical-blue,145,Blue,,99,Anthony Richardson
insert-base-vertical-blue,146,Blue,,99,Jeffery Simmons
insert-base-vertical-blue,147,Blue,,99,Tyreek Hill
insert-base-vertical-blue,148,Blue,,99,Zack Martin
insert-base-vertical-blue,149,Blue,,99,Tank Dell
insert-base-vertical-blue,150,Blue,,99,Bailey Zappe
insert-base-vertical-gold,101,Gold,,5,Keenan Allen
insert-base-vertical-gold,102,Gold,,5,Stefon Diggs
insert-base-vertical-gold,103,Gold,,5,D'Andre Swift
insert-base-vertical-gold,104,Gold,,5,Diontae Johnson
insert-base-vertical-gold,105,Gold,,5,Kirk Cousins
insert-base-vertical-gold,106,Gold,,5,Zack Moss
insert-base-vertical-gold,107,Gold,,5,Tony Pollard
insert-base-vertical-gold,108,Gold,,5,Austin Ekeler
insert-base-vertical-gold,109,Gold,,5,Calvin Ridley
insert-base-vertical-gold,110,Gold,,5,Tua Tagovailoa
insert-base-vertical-gold,111,Gold,,5,Aaron Jones
insert-base-vertical-gold,112,Gold,,5,Brian Burns
insert-base-vertical-gold,113,Gold,,5,Joe Mixon
insert-base-vertical-gold,114,Gold,,5,Gabriel Davis
insert-base-vertical-gold,115,Gold,,5,Russell Wilson
insert-base-vertical-gold,116,Gold,,5,Derrick Henry
insert-base-vertical-gold,117,Gold,,5,Josh Jacobs
insert-base-vertical-gold,118,Gold,,5,Devin Singletary
insert-base-vertical-gold,119,Gold,,5,Saquon Barkley
insert-base-vertical-gold,120,Gold,,5,Daniel Jones
insert-base-vertical-gold,121,Gold,,5,Grady Jarrett
insert-base-vertical-gold,122,Gold,,5,Samaje Perine
insert-base-vertical-gold,123,Gold,,5,Jalen Ramsey
insert-base-vertical-gold,124,Gold,,5,Andre Reed
insert-base-vertical-gold,125,Gold,,5,Deshaun Watson
insert-base-vertical-gold,126,Gold,,5,Christian Watson
insert-base-vertical-gold,127,Gold,,5,George Teague
insert-base-vertical-gold,128,Gold,,5,Zamir White
insert-base-vertical-gold,129,Gold,,5,DJ Moore
insert-base-vertical-gold,130,Gold,,5,Jalen Hurts
insert-base-vertical-gold,131,Gold,,5,Chris Jones
insert-base-vertical-gold,132,Gold,,5,Lorenzo Neal
insert-base-vertical-gold,133,Gold,,5,Jordan Addison
insert-base-vertical-gold,134,Gold,,5,Minkah Fitzpatrick
insert-base-vertical-gold,135,Gold,,5,Matthew Stafford
insert-base-vertical-gold,136,Gold,,5,Randy Gradishar
insert-base-vertical-gold,137,Gold,,5,Davante Adams
insert-base-vertical-gold,138,Gold,,5,Chad Greenway
insert-base-vertical-gold,139,Gold,,5,Chris Olave
insert-base-vertical-gold,140,Gold,,5,Jim McMahon
insert-base-vertical-gold,141,Gold,,5,James Cook
insert-base-vertical-gold,142,Gold,,5,Amari Cooper
insert-base-vertical-gold,143,Gold,,5,Tank Bigsby
insert-base-vertical-gold,144,Gold,,5,Trey McBride
insert-base-vertical-gold,145,Gold,,5,Anthony Richardson
insert-base-vertical-gold,146,Gold,,5,Jeffery Simmons
insert-base-vertical-gold,147,Gold,,5,Tyreek Hill
insert-base-vertical-gold,148,Gold,,5,Zack Martin
insert-base-vertical-gold,149,Gold,,5,Tank Dell
insert-base-vertical-gold,150,Gold,,5,Bailey Zappe
insert-base-vertical-orange,101,Orange,,25,Keenan Allen
insert-base-vertical-orange,102,Orange,,25,Stefon Diggs
insert-base-vertical-orange,103,Orange,,25,D'Andre Swift
insert-base-vertical-orange,104,Orange,,25,Diontae Johnson
insert-base-vertical-orange,105,Orange,,25,Kirk Cousins
insert-base-vertical-orange,106,Orange,,25,Zack Moss
insert-base-vertical-orange,107,Orange,,25,Tony Pollard
insert-base-vertical-orange,108,Orange,,25,Austin Ekeler
insert-base-vertical-orange,109,Orange,,25,Calvin Ridley
insert-base-vertical-orange,110,Orange,,25,Tua Tagovailoa
insert-base-vertical-orange,111,Orange,,25,Aaron Jones
insert-base-vertical-orange,112,Orange,,25,Brian Burns
insert-base-vertical-orange,113,Orange,,25,Joe Mixon
insert-base-vertical-orange,114,Orange,,25,Gabriel Davis
insert-base-vertical-orange,115,Orange,,25,Russell Wilson
insert-base-vertical-orange,116,Orange,,25,Derrick Henry
insert-base-vertical-orange,117,Orange,,25,Josh Jacobs
insert-base-vertical-orange,118,Orange,,25,Devin Singletary
insert-base-vertical-orange,119,Orange,,25,Saquon Barkley
insert-base-vertical-orange,120,Orange,,25,Daniel Jones
insert-base-vertical-orange,121,Orange,,25,Grady Jarrett
insert-base-vertical-orange,122,Orange,,25,Samaje Perine
insert-base-vertical-orange,123,Orange,,25,Jalen Ramsey
insert-base-vertical-orange,124,Orange,,25,Andre Reed
insert-base-vertical-orange,125,Orange,,25,Deshaun Watson
insert-base-vertical-orange,126,Orange,,25,Christian Watson
insert-base-vertical-orange,127,Orange,,25,George Teague
insert-base-vertical-orange,128,Orange,,25,Zamir White
insert-base-vertical-orange,129,Orange,,25,DJ Moore
insert-base-vertical-orange,130,Orange,,25,Jalen Hurts
insert-base-vertical-orange,131,Orange,,25,Chris Jones
insert-base-vertical-orange,132,Orange,,25,Lorenzo Neal
insert-base-vertical-orange,133,Orange,,25,Jordan Addison
insert-base-vertical-orange,134,Orange,,25,Minkah Fitzpatrick
insert-base-vertical-orange,135,Orange,,25,Matthew Stafford
insert-base-vertical-orange,136,Orange,,25,Randy Gradishar
insert-base-vertical-orange,137,Orange,,25,Davante Adams
insert-base-vertical-orange,138,Orange,,25,Chad Greenway
insert-base-vertical-orange,139,Orange,,25,Chris Olave
insert-base-vertical-orange,140,Orange,,25,Jim McMahon
insert-base-vertical-orange,141,Orange,,25,James Cook
insert-base-vertical-orange,142,Orange,,25,Amari Cooper
insert-base-vertical-orange,143,Orange,,25,Tank Bigsby
insert-base-vertical-orange,144,Orange,,25,Trey McBride
insert-base-vertical-orange,145,Orange,,25,Anthony Richardson
insert-base-vertical-orange,146,Orange,,25,Jeffery Simmons
insert-base-vertical-orange,147,Orange,,25,Tyreek Hill
insert-base-vertical-orange,148,Orange,,25,Zack Martin
insert-base-vertical-orange,149,Orange,,25,Tank Dell
insert-base-vertical-orange,150,Orange,,25,Bailey Zappe
insert-base-vertical-pink,101,Pink,,15,Keenan Allen
insert-base-vertical-pink,102,Pink,,15,Stefon Diggs
insert-base-vertical-pink,103,Pink,,15,D'Andre Swift
insert-base-vertical-pink,104,Pink,,15,Diontae Johnson
insert-base-vertical-pink,105,Pink,,15,Kirk Cousins
insert-base-vertical-pink,106,Pink,,15,Zack Moss
insert-base-vertical-pink,107,Pink,,15,Tony Pollard
insert-base-vertical-pink,108,Pink,,15,Austin Ekeler
insert-base-vertical-pink,109,Pink,,15,Calvin Ridley
insert-base-vertical-pink,110,Pink,,15,Tua Tagovailoa
insert-base-vertical-pink,111,Pink,,15,Aaron Jones
insert-base-vertical-pink,112,Pink,,15,Brian Burns
insert-base-vertical-pink,113,Pink,,15,Joe Mixon
insert-base-vertical-pink,114,Pink,,15,Gabriel Davis
insert-base-vertical-pink,115,Pink,,15,Russell Wilson
insert-base-vertical-pink,116,Pink,,15,Derrick Henry
insert-base-vertical-pink,117,Pink,,15,Josh Jacobs
insert-base-vertical-pink,118,Pink,,15,Devin Singletary
insert-base-vertical-pink,119,Pink,,15,Saquon Barkley
insert-base-vertical-pink,120,Pink,,15,Daniel Jones
insert-base-vertical-pink,121,Pink,,15,Grady Jarrett
insert-base-vertical-pink,122,Pink,,15,Samaje Perine
insert-base-vertical-pink,123,Pink,,15,Jalen Ramsey
insert-base-vertical-pink,124,Pink,,15,Andre Reed
insert-base-vertical-pink,125,Pink,,15,Deshaun Watson
insert-base-vertical-pink,126,Pink,,15,Christian Watson
insert-base-vertical-pink,127,Pink,,15,George Teague
insert-base-vertical-pink,128,Pink,,15,Zamir White
insert-base-vertical-pink,129,Pink,,15,DJ Moore
insert-base-vertical-pink,130,Pink,,15,Jalen Hurts
insert-base-vertical-pink,131,Pink,,15,Chris Jones
insert-base-vertical-pink,132,Pink,,15,Lorenzo Neal
insert-base-vertical-pink,133,Pink,,15,Jordan Addison
insert-base-vertical-pink,134,Pink,,15,Minkah Fitzpatrick
insert-base-vertical-pink,135,Pink,,15,Matthew Stafford
insert-base-vertical-pink,136,Pink,,15,Randy Gradishar
insert-base-vertical-pink,137,Pink,,15,Davante Adams
insert-base-vertical-pink,138,Pink,,15,Chad Greenway
insert-base-vertical-pink,139,Pink,,15,Chris Olave
insert-base-vertical-pink,140,Pink,,15,Jim McMahon
insert-base-vertical-pink,141,Pink,,15,James Cook
insert-base-vertical-pink,142,Pink,,15,Amari Cooper
insert-base-vertical-pink,143,Pink,,15,Tank Bigsby
insert-base-vertical-pink,144,Pink,,15,Trey McBride
insert-base-vertical-pink,145,Pink,,15,Anthony Richardson
insert-base-vertical-pink,146,Pink,,15,Jeffery Simmons
insert-base-vertical-pink,147,Pink,,15,Tyreek Hill
insert-base-vertical-pink,148,Pink,,15,Zack Martin
insert-base-vertical-pink,149,Pink,,15,Tank Dell
insert-base-vertical-pink,150,Pink,,15,Bailey Zappe
insert-base-vertical-purple,101,Purple,,75,Keenan Allen
insert-base-vertical-purple,102,Purple,,75,Stefon Diggs
insert-base-vertical-purple,103,Purple,,75,D'Andre Swift
insert-base-vertical-purple,104,Purple,,75,Diontae Johnson
insert-base-vertical-purple,105,Purple,,75,Kirk Cousins
insert-base-vertical-purple,106,Purple,,75,Zack Moss
insert-base-vertical-purple,107,Purple,,75,Tony Pollard
insert-base-vertical-purple,108,Purple,,75,Austin Ekeler
insert-base-vertical-purple,109,Purple,,75,Calvin Ridley
insert-base-vertical-purple,110,Purple,,75,Tua Tagovailoa
insert-base-vertical-purple,111,Purple,,75,Aaron Jones
insert-base-vertical-purple,112,Purple,,75,Brian Burns
insert-base-vertical-purple,113,Purple,,75,Joe Mixon
insert-base-vertical-purple,114,Purple,,75,Gabriel Davis
insert-base-vertical-purple,115,Purple,,75,Russell Wilson
insert-base-vertical-purple,116,Purple,,75,Derrick Henry
insert-base-vertical-purple,117,Purple,,75,Josh Jacobs
insert-base-vertical-purple,118,Purple,,75,Devin Singletary
insert-base-vertical-purple,119,Purple,,75,Saquon Barkley
insert-base-vertical-purple,120,Purple,,75,Daniel Jones
insert-base-vertical-purple,121,Purple,,75,Grady Jarrett
insert-base-vertical-purple,122,Purple,,75,Samaje Perine
insert-base-vertical-purple,123,Purple,,75,Jalen Ramsey
insert-base-vertical-purple,124,Purple,,75,Andre Reed
insert-base-vertical-purple,125,Purple,,75,Deshaun Watson
insert-base-vertical-purple,126,Purple,,75,Christian Watson
insert-base-vertical-purple,127,Purple,,75,George Teague
insert-base-vertical-purple,128,Purple,,75,Zamir White
insert-base-vertical-purple,129,Purple,,75,DJ Moore
insert-base-vertical-purple,130,Purple,,75,Jalen Hurts
insert-base-vertical-purple,131,Purple,,75,Chris Jones
insert-base-vertical-purple,132,Purple,,75,Lorenzo Neal
insert-base-vertical-purple,133,Purple,,75,Jordan Addison
insert-base-vertical-purple,134,Purple,,75,Minkah Fitzpatrick
insert-base-vertical-purple,135,Purple,,75,Matthew Stafford
insert-base-vertical-purple,136,Purple,,75,Randy Gradishar
insert-base-vertical-purple,137,Purple,,75,Davante Adams
insert-base-vertical-purple,138,Purple,,75,Chad Greenway
insert-base-vertical-purple,139,Purple,,75,Chris Olave
insert-base-vertical-purple,140,Purple,,75,Jim McMahon
insert-base-vertical-purple,141,Purple,,75,James Cook
insert-base-vertical-purple,142,Purple,,75,Amari Cooper
insert-base-vertical-purple,143,Purple,,75,Tank Bigsby
insert-base-vertical-purple,144,Purple,,75,Trey McBride
insert-base-vertical-purple,145,Purple,,75,Anthony Richardson
insert-base-vertical-purple,146,Purple,,75,Jeffery Simmons
insert-base-vertical-purple,147,Purple,,75,Tyreek Hill
insert-base-vertical-purple,148,Purple,,75,Zack Martin
insert-base-vertical-purple,149,Purple,,75,Tank Dell
insert-base-vertical-purple,150,Purple,,75,Bailey Zappe
insert-base-vertical-red,101,Red,,49,Keenan Allen
insert-base-vertical-red,102,Red,,49,Stefon Diggs
insert-base-vertical-red,103,Red,,49,D'Andre Swift
insert-base-vertical-red,104,Red,,49,Diontae Johnson
insert-base-vertical-red,105,Red,,49,Kirk Cousins
insert-base-vertical-red,106,Red,,49,Zack Moss
insert-base-vertical-red,107,Red,,49,Tony Pollard
insert-base-vertical-red,108,Red,,49,Austin Ekeler
insert-base-vertical-red,109,Red,,49,Calvin Ridley
insert-base-vertical-red,110,Red,,49,Tua Tagovailoa
insert-base-vertical-red,111,Red,,49,Aaron Jones
insert-base-vertical-red,112,Red,,49,Brian Burns
insert-base-vertical-red,113,Red,,49,Joe Mixon
insert-base-vertical-red,114,Red,,49,Gabriel Davis
insert-base-vertical-red,115,Red,,49,Russell Wilson
insert-base-vertical-red,116,Red,,49,Derrick Henry
insert-base-vertical-red,117,Red,,49,Josh Jacobs
insert-base-vertical-red,118,Red,,49,Devin Singletary
insert-base-vertical-red,119,Red,,49,Saquon Barkley
insert-base-vertical-red,120,Red,,49,Daniel Jones
insert-base-vertical-red,121,Red,,49,Grady Jarrett
insert-base-vertical-red,122,Red,,49,Samaje Perine
insert-base-vertical-red,123,Red,,49,Jalen Ramsey
insert-base-vertical-red,124,Red,,49,Andre Reed
insert-base-vertical-red,125,Red,,49,Deshaun Watson
insert-base-vertical-red,126,Red,,49,Christian Watson
insert-base-vertical-red,127,Red,,49,George Teague
insert-base-vertical-red,128,Red,,49,Zamir White
insert-base-vertical-red,129,Red,,49,DJ Moore
insert-base-vertical-red,130,Red,,49,Jalen Hurts
insert-base-vertical-red,131,Red,,49,Chris Jones
insert-base-vertical-red,132,Red,,49,Lorenzo Neal
insert-base-vertical-red,133,Red,,49,Jordan Addison
insert-base-vertical-red,134,Red,,49,Minkah Fitzpatrick
insert-base-vertical-red,135,Red,,49,Matthew Stafford
insert-base-vertical-red,136,Red,,49,Randy Gradishar
insert-base-vertical-red,137,Red,,49,Davante Adams
insert-base-vertical-red,138,Red,,49,Chad Greenway
insert-base-vertical-red,139,Red,,49,Chris Olave
insert-base-vertical-red,140,Red,,49,Jim McMahon
insert-base-vertical-red,141,Red,,49,James Cook
insert-base-vertical-red,142,Red,,49,Amari Cooper
insert-base-vertical-red,143,Red,,49,Tank Bigsby
insert-base-vertical-red,144,Red,,49,Trey McBride
insert-base-vertical-red,145,Red,,49,Anthony Richardson
insert-base-vertical-red,146,Red,,49,Jeffery Simmons
insert-base-vertical-red,147,Red,,49,Tyreek Hill
insert-base-vertical-red,148,Red,,49,Zack Martin
insert-base-vertical-red,149,Red,,49,Tank Dell
insert-base-vertical-red,150,Red,,49,Bailey Zappe
insert-base-vertical-silver,101,Silver,,150,Keenan Allen
insert-base-vertical-silver,102,Silver,,150,Stefon Diggs
insert-base-vertical-silver,103,Silver,,150,D'Andre Swift
insert-base-vertical-silver,104,Silver,,150,Diontae Johnson
insert-base-vertical-silver,105,Silver,,150,Kirk Cousins
insert-base-vertical-silver,106,Silver,,150,Zack Moss
insert-base-vertical-silver,107,Silver,,150,Tony Pollard
insert-base-vertical-silver,108,Silver,,150,Austin Ekeler
insert-base-vertical-silver,109,Silver,,150,Calvin Ridley
insert-base-vertical-silver,110,Silver,,150,Tua Tagovailoa
insert-base-vertical-silver,111,Silver,,150,Aaron Jones
insert-base-vertical-silver,112,Silver,,150,Brian Burns
insert-base-vertical-silver,113,Silver,,150,Joe Mixon
insert-base-vertical-silver,114,Silver,,150,Gabriel Davis
insert-base-vertical-silver,115,Silver,,150,Russell Wilson
insert-base-vertical-silver,116,Silver,,150,Derrick Henry
insert-base-vertical-silver,117,Silver,,150,Josh Jacobs
insert-base-vertical-silver,118,Silver,,150,Devin Singletary
insert-base-vertical-silver,119,Silver,,150,Saquon Barkley
insert-base-vertical-silver,120,Silver,,150,Daniel Jones
insert-base-vertical-silver,121,Silver,,150,Grady Jarrett
insert-base-vertical-silver,122,Silver,,150,Samaje Perine
insert-base-vertical-silver,123,Silver,,150,Jalen Ramsey
insert-base-vertical-silver,124,Silver,,150,Andre Reed
insert-base-vertical-silver,125,Silver,,150,Deshaun Watson
insert-base-vertical-silver,126,Silver,,150,Christian Watson
insert-base-vertical-silver,127,Silver,,150,George Teague
insert-base-vertical-silver,128,Silver,,150,Zamir White
insert-base-vertical-silver,129,Silver,,150,DJ Moore
insert-base-vertical-silver,130,Silver,,150,Jalen Hurts
insert-base-vertical-silver,131,Silver,,150,Chris Jones
insert-base-vertical-silver,132,Silver,,150,Lorenzo Neal
insert-base-vertical-silver,133,Silver,,150,Jordan Addison
insert-base-vertical-silver,134,Silver,,150,Minkah Fitzpatrick
insert-base-vertical-silver,135,Silver,,150,Matthew Stafford
insert-base-vertical-silver,136,Silver,,150,Randy Gradishar
insert-base-vertical-silver,137,Silver,,150,Davante Adams
insert-base-vertical-silver,138,Silver,,150,Chad Greenway
insert-base-vertical-silver,139,Silver,,150,Chris Olave
insert-base-vertical-silver,140,Silver,,150,Jim McMahon
insert-base-vertical-silver,141,Silver,,150,James Cook
insert-base-vertical-silver,142,Silver,,150,Amari Cooper
insert-base-vertical-silver,143,Silver,,150,Tank Bigsby
insert-base-vertical-silver,144,Silver,,150,Trey McBride
insert-base-vertical-silver,145,Silver,,150,Anthony Richardson
insert-base-vertical-silver,146,Silver,,150,Jeffery Simmons
insert-base-vertical-silver,147,Silver,,150,Tyreek Hill
insert-base-vertical-silver,148,Silver,,150,Zack Martin
insert-base-vertical-silver,149,Silver,,150,Tank Dell
insert-base-vertical-silver,150,Silver,,150,Bailey Zappe
insert-draft-snapshots,1,Draft Snapshot,,,Jayden Daniels
insert-draft-snapshots,2,Draft Snapshot,,,Rome Odunze
insert-draft-snapshots,3,Draft Snapshot,,,Dallas Turner
insert-draft-snapshots,4,Draft Snapshot,,,Marvin Harrison Jr.
insert-draft-snapshots,5,Draft Snapshot,,,Drake Maye
insert-draft-snapshots,6,Draft Snapshot,,,Adonai Mitchell
insert-draft-snapshots,7,Draft Snapshot,,,Michael Penix Jr.
insert-draft-snapshots,8,Draft Snapshot,,,J.J. McCarthy
insert-draft-snapshots,9,Draft Snapshot,,,Blake Corum
insert-draft-snapshots,10,Draft Snapshot,,,Bo Nix
insert-draft-snapshots-black,1,Draft Snapshots Black,,1,Jayden Daniels
insert-draft-snapshots-black,2,Draft Snapshots Black,,1,Rome Odunze
insert-draft-snapshots-black,3,Draft Snapshots Black,,1,Dallas Turner
insert-draft-snapshots-black,4,Draft Snapshots Black,,1,Marvin Harrison Jr.
insert-draft-snapshots-black,5,Draft Snapshots Black,,1,Drake Maye
insert-draft-snapshots-black,6,Draft Snapshots Black,,1,Adonai Mitchell
insert-draft-snapshots-black,7,Draft Snapshots Black,,1,Michael Penix Jr.
insert-draft-snapshots-black,8,Draft Snapshots Black,,1,J.J. McCarthy
insert-draft-snapshots-black,9,Draft Snapshots Black,,1,Blake Corum
insert-draft-snapshots-black,10,Draft Snapshots Black,,1,Bo Nix
insert-draft-snapshots-blue,1,Draft Snapshots Blue,,99,Jayden Daniels
insert-draft-snapshots-blue,2,Draft Snapshots Blue,,99,Rome Odunze
insert-draft-snapshots-blue,3,Draft Snapshots Blue,,99,Dallas Turner
insert-draft-snapshots-blue,4,Draft Snapshots Blue,,99,Marvin Harrison Jr.
insert-draft-snapshots-blue,5,Draft Snapshots Blue,,99,Drake Maye
insert-draft-snapshots-blue,6,Draft Snapshots Blue,,99,Adonai Mitchell
insert-draft-snapshots-blue,7,Draft Snapshots Blue,,99,Michael Penix Jr.
insert-draft-snapshots-blue,8,Draft Snapshots Blue,,99,J.J. McCarthy
insert-draft-snapshots-blue,9,Draft Snapshots Blue,,99,Blake Corum
insert-draft-snapshots-blue,10,Draft Snapshots Blue,,99,Bo Nix
insert-draft-snapshots-gold,1,Draft Snapshots Gold,,5,Jayden Daniels
insert-draft-snapshots-gold,2,Draft Snapshots Gold,,5,Rome Odunze
insert-draft-snapshots-gold,3,Draft Snapshots Gold,,5,Dallas Turner
insert-draft-snapshots-gold,4,Draft Snapshots Gold,,5,Marvin Harrison Jr.
insert-draft-snapshots-gold,5,Draft Snapshots Gold,,5,Drake Maye
insert-draft-snapshots-gold,6,Draft Snapshots Gold,,5,Adonai Mitchell
insert-draft-snapshots-gold,7,Draft Snapshots Gold,,5,Michael Penix Jr.
insert-draft-snapshots-gold,8,Draft Snapshots Gold,,5,J.J. McCarthy
insert-draft-snapshots-gold,9,Draft Snapshots Gold,,5,Blake Corum
insert-draft-snapshots-gold,10,Draft Snapshots Gold,,5,Bo Nix
insert-draft-snapshots-orange,1,Draft Snapshots Orange,,25,Jayden Daniels
insert-draft-snapshots-orange,2,Draft Snapshots Orange,,25,Rome Odunze
insert-draft-snapshots-orange,3,Draft Snapshots Orange,,25,Dallas Turner
insert-draft-snapshots-orange,4,Draft Snapshots Orange,,25,Marvin Harrison Jr.
insert-draft-snapshots-orange,5,Draft Snapshots Orange,,25,Drake Maye
insert-draft-snapshots-orange,6,Draft Snapshots Orange,,25,Adonai Mitchell
insert-draft-snapshots-orange,7,Draft Snapshots Orange,,25,Michael Penix Jr.
insert-draft-snapshots-orange,8,Draft Snapshots Orange,,25,J.J. McCarthy
insert-draft-snapshots-orange,9,Draft Snapshots Orange,,25,Blake Corum
insert-draft-snapshots-orange,10,Draft Snapshots Orange,,25,Bo Nix
insert-draft-snapshots-pink,1,Draft Snapshots Pink,,15,Jayden Daniels
insert-draft-snapshots-pink,2,Draft Snapshots Pink,,15,Rome Odunze
insert-draft-snapshots-pink,3,Draft Snapshots Pink,,15,Dallas Turner
insert-draft-snapshots-pink,4,Draft Snapshots Pink,,15,Marvin Harrison Jr.
insert-draft-snapshots-pink,5,Draft Snapshots Pink,,15,Drake Maye
insert-draft-snapshots-pink,6,Draft Snapshots Pink,,15,Adonai Mitchell
insert-draft-snapshots-pink,7,Draft Snapshots Pink,,15,Michael Penix Jr.
insert-draft-snapshots-pink,8,Draft Snapshots Pink,,15,J.J. McCarthy
insert-draft-snapshots-pink,9,Draft Snapshots Pink,,15,Blake Corum
insert-draft-snapshots-pink,10,Draft Snapshots Pink,,15,Bo Nix
insert-draft-snapshots-purple,1,Draft Snapshots Purple,,75,Jayden Daniels
insert-draft-snapshots-purple,2,Draft Snapshots Purple,,75,Rome Odunze
insert-draft-snapshots-purple,3,Draft Snapshots Purple,,75,Dallas Turner
insert-draft-snapshots-purple,4,Draft Snapshots Purple,,75,Marvin Harrison Jr.
insert-draft-snapshots-purple,5,Draft Snapshots Purple,,75,Drake Maye
insert-draft-snapshots-purple,6,Draft Snapshots Purple,,75,Adonai Mitchell
insert-draft-snapshots-purple,7,Draft Snapshots Purple,,75,Michael Penix Jr.
insert-draft-snapshots-purple,8,Draft Snapshots Purple,,75,J.J. McCarthy
insert-draft-snapshots-purple,9,Draft Snapshots Purple,,75,Blake Corum
insert-draft-snapshots-purple,10,Draft Snapshots Purple,,75,Bo Nix
insert-draft-snapshots-red,1,Draft Snapshots Red,,49,Jayden Daniels
insert-draft-snapshots-red,2,Draft Snapshots Red,,49,Rome Odunze
insert-draft-snapshots-red,3,Draft Snapshots Red,,49,Dallas Turner
insert-draft-snapshots-red,4,Draft Snapshots Red,,49,Marvin Harrison Jr.
insert-draft-snapshots-red,5,Draft Snapshots Red,,49,Drake Maye
insert-draft-snapshots-red,6,Draft Snapshots Red,,49,Adonai Mitchell
insert-draft-snapshots-red,7,Draft Snapshots Red,,49,Michael Penix Jr.
insert-draft-snapshots-red,8,Draft Snapshots Red,,49,J.J. McCarthy
insert-draft-snapshots-red,9,Draft Snapshots Red,,49,Blake Corum
insert-draft-snapshots-red,10,Draft Snapshots Red,,49,Bo Nix
insert-draft-snapshots-silver,1,Draft Snapshots Silver,,150,Jayden Daniels
insert-draft-snapshots-silver,2,Draft Snapshots Silver,,150,Rome Odunze
insert-draft-snapshots-silver,3,Draft Snapshots Silver,,150,Dallas Turner
insert-draft-snapshots-silver,4,Draft Snapshots Silver,,150,Marvin Harrison Jr.
insert-draft-snapshots-silver,5,Draft Snapshots Silver,,150,Drake Maye
insert-draft-snapshots-silver,6,Draft Snapshots Silver,,150,Adonai Mitchell
insert-draft-snapshots-silver,7,Draft Snapshots Silver,,150,Michael Penix Jr.
insert-draft-snapshots-silver,8,Draft Snapshots Silver,,150,J.J. McCarthy
insert-draft-snapshots-silver,9,Draft Snapshots Silver,,150,Blake Corum
insert-draft-snapshots-silver,10,Draft Snapshots Silver,,150,Bo Nix
insert-for-the-cure,1,For The Cure,,,Lamar Jackson
insert-for-the-cure,2,For The Cure,,,Matt Prater
insert-for-the-cure,3,For The Cure,,,Keaton Mitchell
insert-for-the-cure,4,For The Cure,,,Dak Prescott
insert-for-the-cure,5,For The Cure,,,Drew Lock
insert-for-the-cure,6,For The Cure,,,Tony Romo
insert-for-the-cure,7,For The Cure,,,Drew Brees
insert-for-the-cure,8,For The Cure,,,Adrian Peterson
insert-for-the-cure,9,For The Cure,,,Keenan Allen
insert-for-the-cure,10,For The Cure,,,Aaron Rodgers
insert-for-the-cure-black,1,For The Cure Black,,1,Lamar Jackson
insert-for-the-cure-black,2,For The Cure Black,,1,Matt Prater
insert-for-the-cure-black,3,For The Cure Black,,1,Keaton Mitchell
insert-for-the-cure-black,4,For The Cure Black,,1,Dak Prescott
insert-for-the-cure-black,5,For The Cure Black,,1,Drew Lock
insert-for-the-cure-black,6,For The Cure Black,,1,Tony Romo
insert-for-the-cure-black,7,For The Cure Black,,1,Drew Brees
insert-for-the-cure-black,8,For The Cure Black,,1,Adrian Peterson
insert-for-the-cure-black,9,For The Cure Black,,1,Keenan Allen
insert-for-the-cure-black,10,For The Cure Black,,1,Aaron Rodgers
insert-for-the-cure-blue,1,For The Cure Blue,,99,Lamar Jackson
insert-for-the-cure-blue,2,For The Cure Blue,,99,Matt Prater
insert-for-the-cure-blue,3,For The Cure Blue,,99,Keaton Mitchell
insert-for-the-cure-blue,4,For The Cure Blue,,99,Dak Prescott
insert-for-the-cure-blue,5,For The Cure Blue,,99,Drew Lock
insert-for-the-cure-blue,6,For The Cure Blue,,99,Tony Romo
insert-for-the-cure-blue,7,For The Cure Blue,,99,Drew Brees
insert-for-the-cure-blue,8,For The Cure Blue,,99,Adrian Peterson
insert-for-the-cure-blue,9,For The Cure Blue,,99,Keenan Allen
insert-for-the-cure-blue,10,For The Cure Blue,,99,Aaron Rodgers
insert-for-the-cure-gold,1,For The Cure Gold,,5,Lamar Jackson
insert-for-the-cure-gold,2,For The Cure Gold,,5,Matt Prater
insert-for-the-cure-gold,3,For The Cure Gold,,5,Keaton Mitchell
insert-for-the-cure-gold,4,For The Cure Gold,,5,Dak Prescott
insert-for-the-cure-gold,5,For The Cure Gold,,5,Drew Lock
insert-for-the-cure-gold,6,For The Cure Gold,,5,Tony Romo
insert-for-the-cure-gold,7,For The Cure Gold,,5,Drew Brees
insert-for-the-cure-gold,8,For The Cure Gold,,5,Adrian Peterson
insert-for-the-cure-gold,9,For The Cure Gold,,5,Keenan Allen
insert-for-the-cure-gold,10,For The Cure Gold,,5,Aaron Rodgers
insert-for-the-cure-orange,1,For The Cure Orange,,25,Lamar Jackson
insert-for-the-cure-orange,2,For The Cure Orange,,25,Matt Prater
insert-for-the-cure-orange,3,For The Cure Orange,,25,Keaton Mitchell
insert-for-the-cure-orange,4,For The Cure Orange,,25,Dak Prescott
insert-for-the-cure-orange,5,For The Cure Orange,,25,Drew Lock
insert-for-the-cure-orange,6,For The Cure Orange,,25,Tony Romo
insert-for-the-cure-orange,7,For The Cure Orange,,25,Drew Brees
insert-for-the-cure-orange,8,For The Cure Orange,,25,Adrian Peterson
insert-for-the-cure-orange,9,For The Cure Orange,,25,Keenan Allen
insert-for-the-cure-orange,10,For The Cure Orange,,25,Aaron Rodgers
insert-for-the-cure-pink,1,For The Cure Pink,,15,Lamar Jackson
insert-for-the-cure-pink,2,For The Cure Pink,,15,Matt Prater
insert-for-the-cure-pink,3,For The Cure Pink,,15,Keaton Mitchell
insert-for-the-cure-pink,4,For The Cure Pink,,15,Dak Prescott
insert-for-the-cure-pink,5,For The Cure Pink,,15,Drew Lock
insert-for-the-cure-pink,6,For The Cure Pink,,15,Tony Romo
insert-for-the-cure-pink,7,For The Cure Pink,,15,Drew Brees
insert-for-the-cure-pink,8,For The Cure Pink,,15,Adrian Peterson
insert-for-the-cure-pink,9,For The Cure Pink,,15,Keenan Allen
insert-for-the-cure-pink,10,For The Cure Pink,,15,Aaron Rodgers
insert-for-the-cure-purple,1,For The Cure Purple,,75,Lamar Jackson
insert-for-the-cure-purple,2,For The Cure Purple,,75,Matt Prater
insert-for-the-cure-purple,3,For The Cure Purple,,75,Keaton Mitchell
insert-for-the-cure-purple,4,For The Cure Purple,,75,Dak Prescott
insert-for-the-cure-purple,5,For The Cure Purple,,75,Drew Lock
insert-for-the-cure-purple,6,For The Cure Purple,,75,Tony Romo
insert-for-the-cure-purple,7,For The Cure Purple,,75,Drew Brees
insert-for-the-cure-purple,8,For The Cure Purple,,75,Adrian Peterson
insert-for-the-cure-purple,9,For The Cure Purple,,75,Keenan Allen
insert-for-the-cure-purple,10,For The Cure Purple,,75,Aaron Rodgers
insert-for-the-cure-red,1,For The Cure Red,,49,Lamar Jackson
insert-for-the-cure-red,2,For The Cure Red,,49,Matt Prater
insert-for-the-cure-red,3,For The Cure Red,,49,Keaton Mitchell
insert-for-the-cure-red,4,For The Cure Red,,49,Dak Prescott
insert-for-the-cure-red,5,For The Cure Red,,49,Drew Lock
insert-for-the-cure-red,6,For The Cure Red,,49,Tony Romo
insert-for-the-cure-red,7,For The Cure Red,,49,Drew Brees
insert-for-the-cure-red,8,For The Cure Red,,49,Adrian Peterson
insert-for-the-cure-red,9,For The Cure Red,,49,Keenan Allen
insert-for-the-cure-red,10,For The Cure Red,,49,Aaron Rodgers
insert-for-the-cure-silver,1,For The Cure Silver,,150,Lamar Jackson
insert-for-the-cure-silver,2,For The Cure Silver,,150,Matt Prater
insert-for-the-cure-silver,3,For The Cure Silver,,150,Keaton Mitchell
insert-for-the-cure-silver,4,For The Cure Silver,,150,Dak Prescott
insert-for-the-cure-silver,5,For The Cure Silver,,150,Drew Lock
insert-for-the-cure-silver,6,For The Cure Silver,,150,Tony Romo
insert-for-the-cure-silver,7,For The Cure Silver,,150,Drew Brees
insert-for-the-cure-silver,8,For The Cure Silver,,150,Adrian Peterson
insert-for-the-cure-silver,9,For The Cure Silver,,150,Keenan Allen
insert-for-the-cure-silver,10,For The Cure Silver,,150,Aaron Rodgers
auto-in-the-action-autographs,3,,,,Alex Highsmith
auto-in-the-action-autographs,4,,,,Josh Hines-Allen
auto-in-the-action-autographs,5,,,,Jimmy Graham
auto-in-the-action-autographs,6,,,,Isaiah Likely
auto-in-the-action-autographs,7,,,,Kyren Williams
auto-in-the-action-autographs,8,,,,Greg Rousseau
auto-in-the-action-autographs,9,,,,Chris Johnson
auto-in-the-action-autographs,11,,,,Quincy Williams
auto-in-the-action-autographs,12,,,,Rhamondre Stevenson
auto-in-the-action-autographs,13,,,,Cameron Dicker
auto-in-the-action-autographs,14,,,,Michael Pittman Jr.
auto-in-the-action-autographs,15,,,,Nico Collins
auto-in-the-action-autographs,16,,,,Romeo Doubs
auto-in-the-action-autographs,17,,,,Jerome Ford
auto-in-the-action-autographs,18,,,,Trey Hendrickson
auto-in-the-action-autographs,20,,,,Michael Vick
auto-in-the-action-autographs,21,,,,Nolan Cromwell
auto-in-the-action-autographs,22,,,,Vinny Testaverde
auto-in-the-action-autographs,23,,,,Greg Dulcich
auto-in-the-action-autographs,24,,,,Gervon Dexter Sr.
auto-in-the-action-autographs,25,,,,Trey McBride
auto-in-the-action-autographs,27,,,,Darius Slayton
auto-in-the-action-autographs,28,,,,Jaylen Warren
auto-in-the-action-autographs,29,,,,Brandon Graham
auto-in-the-action-autographs,30,,,,Zach Charbonnet
auto-in-the-action-autographs-black,1,,,1,Baker Mayfield
auto-in-the-action-autographs-black,2,,,1,George Kittle
auto-in-the-action-autographs-black,3,,,1,Alex Highsmith
auto-in-the-action-autographs-black,4,,,1,Josh Hines-Allen
auto-in-the-action-autographs-black,5,,,1,Jimmy Graham
auto-in-the-action-autographs-black,6,,,1,Isaiah Likely
auto-in-the-action-autographs-black,7,,,1,Kyren Williams
auto-in-the-action-autographs-black,8,,,1,Greg Rousseau
auto-in-the-action-autographs-black,9,,,1,Chris Johnson
auto-in-the-action-autographs-black,11,,,1,Quincy Williams
auto-in-the-action-autographs-black,12,,,1,Rhamondre Stevenson
auto-in-the-action-autographs-black,13,,,1,Cameron Dicker
auto-in-the-action-autographs-black,14,,,1,Michael Pittman Jr.
auto-in-the-action-autographs-black,15,,,1,Nico Collins
auto-in-the-action-autographs-black,16,,,1,Romeo Doubs
auto-in-the-action-autographs-black,17,,,1,Jerome Ford
auto-in-the-action-autographs-black,18,,,1,Trey Hendrickson
auto-in-the-action-autographs-black,19,,,1,Brett Favre
auto-in-the-action-autographs-black,20,,,1,Michael Vick
auto-in-the-action-autographs-black,21,,,1,Nolan Cromwell
auto-in-the-action-autographs-black,22,,,1,Vinny Testaverde
auto-in-the-action-autographs-black,23,,,1,Greg Dulcich
auto-in-the-action-autographs-black,24,,,1,Gervon Dexter Sr.
auto-in-the-action-autographs-black,25,,,1,Trey McBride
auto-in-the-action-autographs-black,26,,,1,Jared Goff
auto-in-the-action-autographs-black,27,,,1,Darius Slayton
auto-in-the-action-autographs-black,28,,,1,Jaylen Warren
auto-in-the-action-autographs-black,29,,,1,Brandon Graham
auto-in-the-action-autographs-black,30,,,1,Zach Charbonnet
auto-in-the-action-autographs-blue,1,,,25,Baker Mayfield
auto-in-the-action-autographs-blue,3,,,25,Alex Highsmith
auto-in-the-action-autographs-blue,4,,,25,Josh Hines-Allen
auto-in-the-action-autographs-blue,5,,,25,Jimmy Graham
auto-in-the-action-autographs-blue,6,,,25,Isaiah Likely
auto-in-the-action-autographs-blue,7,,,25,Kyren Williams
auto-in-the-action-autographs-blue,8,,,25,Greg Rousseau
auto-in-the-action-autographs-blue,9,,,25,Chris Johnson
auto-in-the-action-autographs-blue,11,,,25,Quincy Williams
auto-in-the-action-autographs-blue,12,,,25,Rhamondre Stevenson
auto-in-the-action-autographs-blue,13,,,25,Cameron Dicker
auto-in-the-action-autographs-blue,14,,,25,Michael Pittman Jr.
auto-in-the-action-autographs-blue,15,,,25,Nico Collins
auto-in-the-action-autographs-blue,16,,,25,Romeo Doubs
auto-in-the-action-autographs-blue,17,,,25,Jerome Ford
auto-in-the-action-autographs-blue,18,,,25,Trey Hendrickson
auto-in-the-action-autographs-blue,19,,,25,Brett Favre
auto-in-the-action-autographs-blue,20,,,25,Michael Vick
auto-in-the-action-autographs-blue,21,,,25,Nolan Cromwell
auto-in-the-action-autographs-blue,22,,,25,Vinny Testaverde
auto-in-the-action-autographs-blue,23,,,25,Greg Dulcich
auto-in-the-action-autographs-blue,24,,,25,Gervon Dexter Sr.
auto-in-the-action-autographs-blue,25,,,25,Trey McBride
auto-in-the-action-autographs-blue,26,,,25,Jared Goff
auto-in-the-action-autographs-blue,27,,,25,Darius Slayton
auto-in-the-action-autographs-blue,28,,,25,Jaylen Warren
auto-in-the-action-autographs-blue,29,,,25,Brandon Graham
auto-in-the-action-autographs-blue,30,,,25,Zach Charbonnet
auto-in-the-action-autographs-gold,1,,,5,Baker Mayfield
auto-in-the-action-autographs-gold,3,,,5,Alex Highsmith
auto-in-the-action-autographs-gold,4,,,5,Josh Hines-Allen
auto-in-the-action-autographs-gold,5,,,5,Jimmy Graham
auto-in-the-action-autographs-gold,6,,,5,Isaiah Likely
auto-in-the-action-autographs-gold,7,,,5,Kyren Williams
auto-in-the-action-autographs-gold,8,,,5,Greg Rousseau
auto-in-the-action-autographs-gold,9,,,5,Chris Johnson
auto-in-the-action-autographs-gold,11,,,5,Quincy Williams
auto-in-the-action-autographs-gold,12,,,5,Rhamondre Stevenson
auto-in-the-action-autographs-gold,13,,,5,Cameron Dicker
auto-in-the-action-autographs-gold,14,,,5,Michael Pittman Jr.
auto-in-the-action-autographs-gold,15,,,5,Nico Collins
auto-in-the-action-autographs-gold,16,,,5,Romeo Doubs
auto-in-the-action-autographs-gold,17,,,5,Jerome Ford
auto-in-the-action-autographs-gold,18,,,5,Trey Hendrickson
auto-in-the-action-autographs-gold,19,,,5,Brett Favre
auto-in-the-action-autographs-gold,20,,,5,Michael Vick
auto-in-the-action-autographs-gold,21,,,5,Nolan Cromwell
auto-in-the-action-autographs-gold,22,,,5,Vinny Testaverde
auto-in-the-action-autographs-gold,23,,,5,Greg Dulcich
auto-in-the-action-autographs-gold,24,,,5,Gervon Dexter Sr.
auto-in-the-action-autographs-gold,25,,,5,Trey McBride
auto-in-the-action-autographs-gold,26,,,5,Jared Goff
auto-in-the-action-autographs-gold,27,,,5,Darius Slayton
auto-in-the-action-autographs-gold,28,,,5,Jaylen Warren
auto-in-the-action-autographs-gold,29,,,5,Brandon Graham
auto-in-the-action-autographs-gold,30,,,5,Zach Charbonnet
auto-in-the-action-autographs-red,1,,,10,Baker Mayfield
auto-in-the-action-autographs-red,3,,,10,Alex Highsmith
auto-in-the-action-autographs-red,4,,,10,Josh Hines-Allen
auto-in-the-action-autographs-red,5,,,10,Jimmy Graham
auto-in-the-action-autographs-red,6,,,10,Isaiah Likely
auto-in-the-action-autographs-red,7,,,10,Kyren Williams
auto-in-the-action-autographs-red,8,,,10,Greg Rousseau
auto-in-the-action-autographs-red,9,,,10,Chris Johnson
auto-in-the-action-autographs-red,11,,,10,Quincy Williams
auto-in-the-action-autographs-red,12,,,10,Rhamondre Stevenson
auto-in-the-action-autographs-red,13,,,10,Cameron Dicker
auto-in-the-action-autographs-red,14,,,10,Michael Pittman Jr.
auto-in-the-action-autographs-red,15,,,10,Nico Collins
auto-in-the-action-autographs-red,16,,,10,Romeo Doubs
auto-in-the-action-autographs-red,17,,,10,Jerome Ford
auto-in-the-action-autographs-red,18,,,10,Trey Hendrickson
auto-in-the-action-autographs-red,19,,,10,Brett Favre
auto-in-the-action-autographs-red,20,,,10,Michael Vick
auto-in-the-action-autographs-red,21,,,10,Nolan Cromwell
auto-in-the-action-autographs-red,22,,,10,Vinny Testaverde
auto-in-the-action-autographs-red,23,,,10,Greg Dulcich
auto-in-the-action-autographs-red,24,,,10,Gervon Dexter Sr.
auto-in-the-action-autographs-red,25,,,10,Trey McBride
auto-in-the-action-autographs-red,26,,,10,Jared Goff
auto-in-the-action-autographs-red,27,,,10,Darius Slayton
auto-in-the-action-autographs-red,28,,,10,Jaylen Warren
auto-in-the-action-autographs-red,29,,,10,Brandon Graham
auto-in-the-action-autographs-red,30,,,10,Zach Charbonnet
auto-in-the-action-autographs-silver,1,,,49,Baker Mayfield
auto-in-the-action-autographs-silver,3,,,49,Alex Highsmith
auto-in-the-action-autographs-silver,4,,,49,Josh Hines-Allen
auto-in-the-action-autographs-silver,5,,,49,Jimmy Graham
auto-in-the-action-autographs-silver,6,,,49,Isaiah Likely
auto-in-the-action-autographs-silver,7,,,49,Kyren Williams
auto-in-the-action-autographs-silver,8,,,49,Greg Rousseau
auto-in-the-action-autographs-silver,9,,,49,Chris Johnson
auto-in-the-action-autographs-silver,11,,,49,Quincy Williams
auto-in-the-action-autographs-silver,12,,,49,Rhamondre Stevenson
auto-in-the-action-autographs-silver,13,,,49,Cameron Dicker
auto-in-the-action-autographs-silver,14,,,49,Michael Pittman Jr.
auto-in-the-action-autographs-silver,15,,,49,Nico Collins
auto-in-the-action-autographs-silver,16,,,49,Romeo Doubs
auto-in-the-action-autographs-silver,17,,,49,Jerome Ford
auto-in-the-action-autographs-silver,18,,,49,Trey Hendrickson
auto-in-the-action-autographs-silver,20,,,49,Michael Vick
auto-in-the-action-autographs-silver,21,,,49,Nolan Cromwell
auto-in-the-action-autographs-silver,22,,,49,Vinny Testaverde
auto-in-the-action-autographs-silver,23,,,49,Greg Dulcich
auto-in-the-action-autographs-silver,24,,,49,Gervon Dexter Sr.
auto-in-the-action-autographs-silver,25,,,49,Trey McBride
auto-in-the-action-autographs-silver,27,,,49,Darius Slayton
auto-in-the-action-autographs-silver,28,,,49,Jaylen Warren
auto-in-the-action-autographs-silver,29,,,49,Brandon Graham
auto-in-the-action-autographs-silver,30,,,49,Zach Charbonnet
insert-in-motion,1,In-Motion,,,C.J. Stroud
insert-in-motion,2,In-Motion,,,Tyreek Hill
insert-in-motion,3,In-Motion,,,Lamar Jackson
insert-in-motion,4,In-Motion,,,Christian McCaffrey
insert-in-motion,5,In-Motion,,,Patrick Mahomes II
insert-in-motion,6,In-Motion,,,Garrett Wilson
insert-in-motion,7,In-Motion,,,Jalen Hurts
insert-in-motion,8,In-Motion,,,Ja'Marr Chase
insert-in-motion,9,In-Motion,,,Micah Parsons
insert-in-motion,10,In-Motion,,,Kyler Murray
insert-progressions,1,Progression,,,Saquon Barkley/Saquon Barkley
insert-progressions,2,Progression,,,Davante Adams/Davante Adams
insert-progressions,3,Progression,,,Stefon Diggs/Stefon Diggs
insert-progressions,4,Progression,,,Matthew Stafford/Matthew Stafford
insert-progressions,5,Progression,,,Josh Jacobs/Josh Jacobs
insert-progressions,6,Progression,,,Randy Moss/Randy Moss
insert-progressions,7,Progression,,,Derrick Henry/Derrick Henry
insert-progressions,8,Progression,,,Aaron Rodgers/Aaron Rodgers
insert-progressions,9,Progression,,,D'Andre Swift/D'Andre Swift
insert-progressions,10,Progression,,,Deshaun Watson/Deshaun Watson
insert-progressions,11,Progression,,,Keenan Allen/Keenan Allen
insert-progressions,12,Progression,,,DeAndre Hopkins/DeAndre Hopkins
insert-progressions,13,Progression,,,Kirk Cousins/Kirk Cousins
insert-progressions,14,Progression,,,Christian McCaffrey/Christian McCaffrey
insert-progressions,15,Progression,,,Austin Ekeler /Austin Ekeler
insert-progressions,16,Progression,,,Jalen Ramsey/Jalen Ramsey
insert-progressions,17,Progression,,,Brian Burns/Brian Burns
insert-progressions,18,Progression,,,A.J. Brown/A.J. Brown
insert-progressions,19,Progression,,,Russell Wilson/Russell Wilson
insert-progressions,20,Progression,,,Brett Favre/Brett Favre
insert-progressions-black,1,Progressions Black,,1,Saquon Barkley/Saquon Barkley
insert-progressions-black,2,Progressions Black,,1,Davante Adams/Davante Adams
insert-progressions-black,3,Progressions Black,,1,Stefon Diggs/Stefon Diggs
insert-progressions-black,4,Progressions Black,,1,Matthew Stafford/Matthew Stafford
insert-progressions-black,5,Progressions Black,,1,Josh Jacobs/Josh Jacobs
insert-progressions-black,6,Progressions Black,,1,Randy Moss/Randy Moss
insert-progressions-black,7,Progressions Black,,1,Derrick Henry/Derrick Henry
insert-progressions-black,8,Progressions Black,,1,Aaron Rodgers/Aaron Rodgers
insert-progressions-black,9,Progressions Black,,1,D'Andre Swift/D'Andre Swift
insert-progressions-black,10,Progressions Black,,1,Deshaun Watson/Deshaun Watson
insert-progressions-black,11,Progressions Black,,1,Keenan Allen/Keenan Allen
insert-progressions-black,12,Progressions Black,,1,DeAndre Hopkins/DeAndre Hopkins
insert-progressions-black,13,Progressions Black,,1,Kirk Cousins/Kirk Cousins
insert-progressions-black,14,Progressions Black,,1,Christian McCaffrey/Christian McCaffrey
insert-progressions-black,15,Progressions Black,,1,Austin Ekeler /Austin Ekeler
insert-progressions-black,16,Progressions Black,,1,Jalen Ramsey/Jalen Ramsey
insert-progressions-black,17,Progressions Black,,1,Brian Burns/Brian Burns
insert-progressions-black,18,Progressions Black,,1,A.J. Brown/A.J. Brown
insert-progressions-black,19,Progressions Black,,1,Russell Wilson/Russell Wilson
insert-progressions-black,20,Progressions Black,,1,Brett Favre/Brett Favre
insert-progressions-blue,1,Progressions Blue,,99,Saquon Barkley/Saquon Barkley
insert-progressions-blue,2,Progressions Blue,,99,Davante Adams/Davante Adams
insert-progressions-blue,3,Progressions Blue,,99,Stefon Diggs/Stefon Diggs
insert-progressions-blue,4,Progressions Blue,,99,Matthew Stafford/Matthew Stafford
insert-progressions-blue,5,Progressions Blue,,99,Josh Jacobs/Josh Jacobs
insert-progressions-blue,6,Progressions Blue,,99,Randy Moss/Randy Moss
insert-progressions-blue,7,Progressions Blue,,99,Derrick Henry/Derrick Henry
insert-progressions-blue,8,Progressions Blue,,99,Aaron Rodgers/Aaron Rodgers
insert-progressions-blue,9,Progressions Blue,,99,D'Andre Swift/D'Andre Swift
insert-progressions-blue,10,Progressions Blue,,99,Deshaun Watson/Deshaun Watson
insert-progressions-blue,11,Progressions Blue,,99,Keenan Allen/Keenan Allen
insert-progressions-blue,12,Progressions Blue,,99,DeAndre Hopkins/DeAndre Hopkins
insert-progressions-blue,13,Progressions Blue,,99,Kirk Cousins/Kirk Cousins
insert-progressions-blue,14,Progressions Blue,,99,Christian McCaffrey/Christian McCaffrey
insert-progressions-blue,15,Progressions Blue,,99,Austin Ekeler /Austin Ekeler
insert-progressions-blue,16,Progressions Blue,,99,Jalen Ramsey/Jalen Ramsey
insert-progressions-blue,17,Progressions Blue,,99,Brian Burns/Brian Burns
insert-progressions-blue,18,Progressions Blue,,99,A.J. Brown/A.J. Brown
insert-progressions-blue,19,Progressions Blue,,99,Russell Wilson/Russell Wilson
insert-progressions-blue,20,Progressions Blue,,99,Brett Favre/Brett Favre
insert-progressions-gold,1,Progressions Gold,,5,Saquon Barkley/Saquon Barkley
insert-progressions-gold,2,Progressions Gold,,5,Davante Adams/Davante Adams
insert-progressions-gold,3,Progressions Gold,,5,Stefon Diggs/Stefon Diggs
insert-progressions-gold,4,Progressions Gold,,5,Matthew Stafford/Matthew Stafford
insert-progressions-gold,5,Progressions Gold,,5,Josh Jacobs/Josh Jacobs
insert-progressions-gold,6,Progressions Gold,,5,Randy Moss/Randy Moss
insert-progressions-gold,7,Progressions Gold,,5,Derrick Henry/Derrick Henry
insert-progressions-gold,8,Progressions Gold,,5,Aaron Rodgers/Aaron Rodgers
insert-progressions-gold,9,Progressions Gold,,5,D'Andre Swift/D'Andre Swift
insert-progressions-gold,10,Progressions Gold,,5,Deshaun Watson/Deshaun Watson
insert-progressions-gold,11,Progressions Gold,,5,Keenan Allen/Keenan Allen
insert-progressions-gold,12,Progressions Gold,,5,DeAndre Hopkins/DeAndre Hopkins
insert-progressions-gold,13,Progressions Gold,,5,Kirk Cousins/Kirk Cousins
insert-progressions-gold,14,Progressions Gold,,5,Christian McCaffrey/Christian McCaffrey
insert-progressions-gold,15,Progressions Gold,,5,Austin Ekeler /Austin Ekeler
insert-progressions-gold,16,Progressions Gold,,5,Jalen Ramsey/Jalen Ramsey
insert-progressions-gold,17,Progressions Gold,,5,Brian Burns/Brian Burns
insert-progressions-gold,18,Progressions Gold,,5,A.J. Brown/A.J. Brown
insert-progressions-gold,19,Progressions Gold,,5,Russell Wilson/Russell Wilson
insert-progressions-gold,20,Progressions Gold,,5,Brett Favre/Brett Favre
insert-progressions-orange,1,Progressions Orange,,25,Saquon Barkley/Saquon Barkley
insert-progressions-orange,2,Progressions Orange,,25,Davante Adams/Davante Adams
insert-progressions-orange,3,Progressions Orange,,25,Stefon Diggs/Stefon Diggs
insert-progressions-orange,4,Progressions Orange,,25,Matthew Stafford/Matthew Stafford
insert-progressions-orange,5,Progressions Orange,,25,Josh Jacobs/Josh Jacobs
insert-progressions-orange,6,Progressions Orange,,25,Randy Moss/Randy Moss
insert-progressions-orange,7,Progressions Orange,,25,Derrick Henry/Derrick Henry
insert-progressions-orange,8,Progressions Orange,,25,Aaron Rodgers/Aaron Rodgers
insert-progressions-orange,9,Progressions Orange,,25,D'Andre Swift/D'Andre Swift
insert-progressions-orange,10,Progressions Orange,,25,Deshaun Watson/Deshaun Watson
insert-progressions-orange,11,Progressions Orange,,25,Keenan Allen/Keenan Allen
insert-progressions-orange,12,Progressions Orange,,25,DeAndre Hopkins/DeAndre Hopkins
insert-progressions-orange,13,Progressions Orange,,25,Kirk Cousins/Kirk Cousins
insert-progressions-orange,14,Progressions Orange,,25,Christian McCaffrey/Christian McCaffrey
insert-progressions-orange,15,Progressions Orange,,25,Austin Ekeler /Austin Ekeler
insert-progressions-orange,16,Progressions Orange,,25,Jalen Ramsey/Jalen Ramsey
insert-progressions-orange,17,Progressions Orange,,25,Brian Burns/Brian Burns
insert-progressions-orange,18,Progressions Orange,,25,A.J. Brown/A.J. Brown
insert-progressions-orange,19,Progressions Orange,,25,Russell Wilson/Russell Wilson
insert-progressions-orange,20,Progressions Orange,,25,Brett Favre/Brett Favre
insert-progressions-pink,1,Progressions Pink,,15,Saquon Barkley/Saquon Barkley
insert-progressions-pink,2,Progressions Pink,,15,Davante Adams/Davante Adams
insert-progressions-pink,3,Progressions Pink,,15,Stefon Diggs/Stefon Diggs
insert-progressions-pink,4,Progressions Pink,,15,Matthew Stafford/Matthew Stafford
insert-progressions-pink,5,Progressions Pink,,15,Josh Jacobs/Josh Jacobs
insert-progressions-pink,6,Progressions Pink,,15,Randy Moss/Randy Moss
insert-progressions-pink,7,Progressions Pink,,15,Derrick Henry/Derrick Henry
insert-progressions-pink,8,Progressions Pink,,15,Aaron Rodgers/Aaron Rodgers
insert-progressions-pink,9,Progressions Pink,,15,D'Andre Swift/D'Andre Swift
insert-progressions-pink,10,Progressions Pink,,15,Deshaun Watson/Deshaun Watson
insert-progressions-pink,11,Progressions Pink,,15,Keenan Allen/Keenan Allen
insert-progressions-pink,12,Progressions Pink,,15,DeAndre Hopkins/DeAndre Hopkins
insert-progressions-pink,13,Progressions Pink,,15,Kirk Cousins/Kirk Cousins
insert-progressions-pink,14,Progressions Pink,,15,Christian McCaffrey/Christian McCaffrey
insert-progressions-pink,15,Progressions Pink,,15,Austin Ekeler /Austin Ekeler
insert-progressions-pink,16,Progressions Pink,,15,Jalen Ramsey/Jalen Ramsey
insert-progressions-pink,17,Progressions Pink,,15,Brian Burns/Brian Burns
insert-progressions-pink,18,Progressions Pink,,15,A.J. Brown/A.J. Brown
insert-progressions-pink,19,Progressions Pink,,15,Russell Wilson/Russell Wilson
insert-progressions-pink,20,Progressions Pink,,15,Brett Favre/Brett Favre
insert-progressions-purple,1,Progressions Purple,,75,Saquon Barkley/Saquon Barkley
insert-progressions-purple,2,Progressions Purple,,75,Davante Adams/Davante Adams
insert-progressions-purple,3,Progressions Purple,,75,Stefon Diggs/Stefon Diggs
insert-progressions-purple,4,Progressions Purple,,75,Matthew Stafford/Matthew Stafford
insert-progressions-purple,5,Progressions Purple,,75,Josh Jacobs/Josh Jacobs
insert-progressions-purple,6,Progressions Purple,,75,Randy Moss/Randy Moss
insert-progressions-purple,7,Progressions Purple,,75,Derrick Henry/Derrick Henry
insert-progressions-purple,8,Progressions Purple,,75,Aaron Rodgers/Aaron Rodgers
insert-progressions-purple,9,Progressions Purple,,75,D'Andre Swift/D'Andre Swift
insert-progressions-purple,10,Progressions Purple,,75,Deshaun Watson/Deshaun Watson
insert-progressions-purple,11,Progressions Purple,,75,Keenan Allen/Keenan Allen
insert-progressions-purple,12,Progressions Purple,,75,DeAndre Hopkins/DeAndre Hopkins
insert-progressions-purple,13,Progressions Purple,,75,Kirk Cousins/Kirk Cousins
insert-progressions-purple,14,Progressions Purple,,75,Christian McCaffrey/Christian McCaffrey
insert-progressions-purple,15,Progressions Purple,,75,Austin Ekeler /Austin Ekeler
insert-progressions-purple,16,Progressions Purple,,75,Jalen Ramsey/Jalen Ramsey
insert-progressions-purple,17,Progressions Purple,,75,Brian Burns/Brian Burns
insert-progressions-purple,18,Progressions Purple,,75,A.J. Brown/A.J. Brown
insert-progressions-purple,19,Progressions Purple,,75,Russell Wilson/Russell Wilson
insert-progressions-purple,20,Progressions Purple,,75,Brett Favre/Brett Favre
insert-progressions-red,1,Progressions Red,,49,Saquon Barkley/Saquon Barkley
insert-progressions-red,2,Progressions Red,,49,Davante Adams/Davante Adams
insert-progressions-red,3,Progressions Red,,49,Stefon Diggs/Stefon Diggs
insert-progressions-red,4,Progressions Red,,49,Matthew Stafford/Matthew Stafford
insert-progressions-red,5,Progressions Red,,49,Josh Jacobs/Josh Jacobs
insert-progressions-red,6,Progressions Red,,49,Randy Moss/Randy Moss
insert-progressions-red,7,Progressions Red,,49,Derrick Henry/Derrick Henry
insert-progressions-red,8,Progressions Red,,49,Aaron Rodgers/Aaron Rodgers
insert-progressions-red,9,Progressions Red,,49,D'Andre Swift/D'Andre Swift
insert-progressions-red,10,Progressions Red,,49,Deshaun Watson/Deshaun Watson
insert-progressions-red,11,Progressions Red,,49,Keenan Allen/Keenan Allen
insert-progressions-red,12,Progressions Red,,49,DeAndre Hopkins/DeAndre Hopkins
insert-progressions-red,13,Progressions Red,,49,Kirk Cousins/Kirk Cousins
insert-progressions-red,14,Progressions Red,,49,Christian McCaffrey/Christian McCaffrey
insert-progressions-red,15,Progressions Red,,49,Austin Ekeler /Austin Ekeler
insert-progressions-red,16,Progressions Red,,49,Jalen Ramsey/Jalen Ramsey
insert-progressions-red,17,Progressions Red,,49,Brian Burns/Brian Burns
insert-progressions-red,18,Progressions Red,,49,A.J. Brown/A.J. Brown
insert-progressions-red,19,Progressions Red,,49,Russell Wilson/Russell Wilson
insert-progressions-red,20,Progressions Red,,49,Brett Favre/Brett Favre
insert-progressions-silver,1,Progressions Silver,,150,Saquon Barkley/Saquon Barkley
insert-progressions-silver,2,Progressions Silver,,150,Davante Adams/Davante Adams
insert-progressions-silver,3,Progressions Silver,,150,Stefon Diggs/Stefon Diggs
insert-progressions-silver,4,Progressions Silver,,150,Matthew Stafford/Matthew Stafford
insert-progressions-silver,5,Progressions Silver,,150,Josh Jacobs/Josh Jacobs
insert-progressions-silver,6,Progressions Silver,,150,Randy Moss/Randy Moss
insert-progressions-silver,7,Progressions Silver,,150,Derrick Henry/Derrick Henry
insert-progressions-silver,8,Progressions Silver,,150,Aaron Rodgers/Aaron Rodgers
insert-progressions-silver,9,Progressions Silver,,150,D'Andre Swift/D'Andre Swift
insert-progressions-silver,10,Progressions Silver,,150,Deshaun Watson/Deshaun Watson
insert-progressions-silver,11,Progressions Silver,,150,Keenan Allen/Keenan Allen
insert-progressions-silver,12,Progressions Silver,,150,DeAndre Hopkins/DeAndre Hopkins
insert-progressions-silver,13,Progressions Silver,,150,Kirk Cousins/Kirk Cousins
insert-progressions-silver,14,Progressions Silver,,150,Christian McCaffrey/Christian McCaffrey
insert-progressions-silver,15,Progressions Silver,,150,Austin Ekeler /Austin Ekeler
insert-progressions-silver,16,Progressions Silver,,150,Jalen Ramsey/Jalen Ramsey
insert-progressions-silver,17,Progressions Silver,,150,Brian Burns/Brian Burns
insert-progressions-silver,18,Progressions Silver,,150,A.J. Brown/A.J. Brown
insert-progressions-silver,19,Progressions Silver,,150,Russell Wilson/Russell Wilson
insert-progressions-silver,20,Progressions Silver,,150,Brett Favre/Brett Favre
insert-rookie-instants-signatures,1,Rookie Instants Signature,,,Spencer Rattler
insert-rookie-instants-signatures,2,Rookie Instants Signature,,99,Michael Penix Jr.
insert-rookie-instants-signatures,3,Rookie Instants Signature,,,J.J. McCarthy
insert-rookie-instants-signatures,4,Rookie Instants Signature,,,Michael Pratt
insert-rookie-instants-signatures,5,Rookie Instants Signature,,,Trey Benson
insert-rookie-instants-signatures,6,Rookie Instants Signature,,,Blake Corum
insert-rookie-instants-signatures,7,Rookie Instants Signature,,,Audric Estime
insert-rookie-instants-signatures,8,Rookie Instants Signature,,,Jonathon Brooks
insert-rookie-instants-signatures,9,Rookie Instants Signature,,,Jaylen Wright
insert-rookie-instants-signatures,10,Rookie Instants Signature,,,Bucky Irving
insert-rookie-instants-signatures,11,Rookie Instants Signature,,,Troy Franklin
insert-rookie-instants-signatures,12,Rookie Instants Signature,,,Rome Odunze
insert-rookie-instants-signatures,13,Rookie Instants Signature,,,Ladd McConkey
insert-rookie-instants-signatures,14,Rookie Instants Signature,,,Brian Thomas Jr.
insert-rookie-instants-signatures,15,Rookie Instants Signature,,,Keon Coleman
insert-rookie-instants-signatures,16,Rookie Instants Signature,,,Adonai Mitchell
insert-rookie-instants-signatures,17,Rookie Instants Signature,,,Ricky Pearsall
insert-rookie-instants-signatures,18,Rookie Instants Signature,,,Xavier Legette
insert-rookie-instants-signatures,19,Rookie Instants Signature,,,Roman Wilson
insert-rookie-instants-signatures,20,Rookie Instants Signature,,,Ja'Tavion Sanders
insert-rookie-instants-signatures-black,1,Rookie Instants Signatures Black,,1,Spencer Rattler
insert-rookie-instants-signatures-black,2,Rookie Instants Signatures Black,,1,Michael Penix Jr.
insert-rookie-instants-signatures-black,3,Rookie Instants Signatures Black,,1,J.J. McCarthy
insert-rookie-instants-signatures-black,4,Rookie Instants Signatures Black,,1,Michael Pratt
insert-rookie-instants-signatures-black,5,Rookie Instants Signatures Black,,1,Trey Benson
insert-rookie-instants-signatures-black,6,Rookie Instants Signatures Black,,1,Blake Corum
insert-rookie-instants-signatures-black,7,Rookie Instants Signatures Black,,1,Audric Estime
insert-rookie-instants-signatures-black,8,Rookie Instants Signatures Black,,1,Jonathon Brooks
insert-rookie-instants-signatures-black,9,Rookie Instants Signatures Black,,1,Jaylen Wright
insert-rookie-instants-signatures-black,10,Rookie Instants Signatures Black,,1,Bucky Irving
insert-rookie-instants-signatures-black,11,Rookie Instants Signatures Black,,1,Troy Franklin
insert-rookie-instants-signatures-black,12,Rookie Instants Signatures Black,,1,Rome Odunze
insert-rookie-instants-signatures-black,13,Rookie Instants Signatures Black,,1,Ladd McConkey
insert-rookie-instants-signatures-black,14,Rookie Instants Signatures Black,,1,Brian Thomas Jr.
insert-rookie-instants-signatures-black,15,Rookie Instants Signatures Black,,1,Keon Coleman
insert-rookie-instants-signatures-black,16,Rookie Instants Signatures Black,,1,Adonai Mitchell
insert-rookie-instants-signatures-black,17,Rookie Instants Signatures Black,,1,Ricky Pearsall
insert-rookie-instants-signatures-black,18,Rookie Instants Signatures Black,,1,Xavier Legette
insert-rookie-instants-signatures-black,19,Rookie Instants Signatures Black,,1,Roman Wilson
insert-rookie-instants-signatures-black,20,Rookie Instants Signatures Black,,1,Ja'Tavion Sanders
insert-rookie-instants-signatures-blue,1,Rookie Instants Signatures Blue,,25,Spencer Rattler
insert-rookie-instants-signatures-blue,2,Rookie Instants Signatures Blue,,25,Michael Penix Jr.
insert-rookie-instants-signatures-blue,3,Rookie Instants Signatures Blue,,25,J.J. McCarthy
insert-rookie-instants-signatures-blue,4,Rookie Instants Signatures Blue,,25,Michael Pratt
insert-rookie-instants-signatures-blue,5,Rookie Instants Signatures Blue,,25,Trey Benson
insert-rookie-instants-signatures-blue,6,Rookie Instants Signatures Blue,,25,Blake Corum
insert-rookie-instants-signatures-blue,7,Rookie Instants Signatures Blue,,25,Audric Estime
insert-rookie-instants-signatures-blue,8,Rookie Instants Signatures Blue,,25,Jonathon Brooks
insert-rookie-instants-signatures-blue,9,Rookie Instants Signatures Blue,,25,Jaylen Wright
insert-rookie-instants-signatures-blue,10,Rookie Instants Signatures Blue,,25,Bucky Irving
insert-rookie-instants-signatures-blue,11,Rookie Instants Signatures Blue,,25,Troy Franklin
insert-rookie-instants-signatures-blue,12,Rookie Instants Signatures Blue,,25,Rome Odunze
insert-rookie-instants-signatures-blue,13,Rookie Instants Signatures Blue,,25,Ladd McConkey
insert-rookie-instants-signatures-blue,14,Rookie Instants Signatures Blue,,25,Brian Thomas Jr.
insert-rookie-instants-signatures-blue,15,Rookie Instants Signatures Blue,,25,Keon Coleman
insert-rookie-instants-signatures-blue,16,Rookie Instants Signatures Blue,,25,Adonai Mitchell
insert-rookie-instants-signatures-blue,17,Rookie Instants Signatures Blue,,25,Ricky Pearsall
insert-rookie-instants-signatures-blue,18,Rookie Instants Signatures Blue,,25,Xavier Legette
insert-rookie-instants-signatures-blue,19,Rookie Instants Signatures Blue,,25,Roman Wilson
insert-rookie-instants-signatures-blue,20,Rookie Instants Signatures Blue,,25,Ja'Tavion Sanders
insert-rookie-instants-signatures-gold,1,Rookie Instants Signatures Gold,,5,Spencer Rattler
insert-rookie-instants-signatures-gold,2,Rookie Instants Signatures Gold,,5,Michael Penix Jr.
insert-rookie-instants-signatures-gold,3,Rookie Instants Signatures Gold,,5,J.J. McCarthy
insert-rookie-instants-signatures-gold,4,Rookie Instants Signatures Gold,,5,Michael Pratt
insert-rookie-instants-signatures-gold,5,Rookie Instants Signatures Gold,,5,Trey Benson
insert-rookie-instants-signatures-gold,6,Rookie Instants Signatures Gold,,5,Blake Corum
insert-rookie-instants-signatures-gold,7,Rookie Instants Signatures Gold,,5,Audric Estime
insert-rookie-instants-signatures-gold,8,Rookie Instants Signatures Gold,,5,Jonathon Brooks
insert-rookie-instants-signatures-gold,9,Rookie Instants Signatures Gold,,5,Jaylen Wright
insert-rookie-instants-signatures-gold,10,Rookie Instants Signatures Gold,,5,Bucky Irving
insert-rookie-instants-signatures-gold,11,Rookie Instants Signatures Gold,,5,Troy Franklin
insert-rookie-instants-signatures-gold,12,Rookie Instants Signatures Gold,,5,Rome Odunze
insert-rookie-instants-signatures-gold,13,Rookie Instants Signatures Gold,,5,Ladd McConkey
insert-rookie-instants-signatures-gold,14,Rookie Instants Signatures Gold,,5,Brian Thomas Jr.
insert-rookie-instants-signatures-gold,15,Rookie Instants Signatures Gold,,5,Keon Coleman
insert-rookie-instants-signatures-gold,16,Rookie Instants Signatures Gold,,5,Adonai Mitchell
insert-rookie-instants-signatures-gold,17,Rookie Instants Signatures Gold,,5,Ricky Pearsall
insert-rookie-instants-signatures-gold,18,Rookie Instants Signatures Gold,,5,Xavier Legette
insert-rookie-instants-signatures-gold,19,Rookie Instants Signatures Gold,,5,Roman Wilson
insert-rookie-instants-signatures-gold,20,Rookie Instants Signatures Gold,,5,Ja'Tavion Sanders
insert-rookie-instants-signatures-red,1,Rookie Instants Signatures Red,,10,Spencer Rattler
insert-rookie-instants-signatures-red,2,Rookie Instants Signatures Red,,10,Michael Penix Jr.
insert-rookie-instants-signatures-red,3,Rookie Instants Signatures Red,,10,J.J. McCarthy
insert-rookie-instants-signatures-red,4,Rookie Instants Signatures Red,,10,Michael Pratt
insert-rookie-instants-signatures-red,5,Rookie Instants Signatures Red,,10,Trey Benson
insert-rookie-instants-signatures-red,6,Rookie Instants Signatures Red,,10,Blake Corum
insert-rookie-instants-signatures-red,7,Rookie Instants Signatures Red,,10,Audric Estime
insert-rookie-instants-signatures-red,8,Rookie Instants Signatures Red,,10,Jonathon Brooks
insert-rookie-instants-signatures-red,9,Rookie Instants Signatures Red,,10,Jaylen Wright
insert-rookie-instants-signatures-red,10,Rookie Instants Signatures Red,,10,Bucky Irving
insert-rookie-instants-signatures-red,11,Rookie Instants Signatures Red,,10,Troy Franklin
insert-rookie-instants-signatures-red,12,Rookie Instants Signatures Red,,10,Rome Odunze
insert-rookie-instants-signatures-red,13,Rookie Instants Signatures Red,,10,Ladd McConkey
insert-rookie-instants-signatures-red,14,Rookie Instants Signatures Red,,10,Brian Thomas Jr.
insert-rookie-instants-signatures-red,15,Rookie Instants Signatures Red,,10,Keon Coleman
insert-rookie-instants-signatures-red,16,Rookie Instants Signatures Red,,10,Adonai Mitchell
insert-rookie-instants-signatures-red,17,Rookie Instants Signatures Red,,10,Ricky Pearsall
insert-rookie-instants-signatures-red,18,Rookie Instants Signatures Red,,10,Xavier Legette
insert-rookie-instants-signatures-red,19,Rookie Instants Signatures Red,,10,Roman Wilson
insert-rookie-instants-signatures-red,20,Rookie Instants Signatures Red,,10,Ja'Tavion Sanders
insert-rookie-instants-signatures-silver,1,Rookie Instants Signatures Silver,,49,Spencer Rattler
insert-rookie-instants-signatures-silver,2,Rookie Instants Signatures Silver,,49,Michael Penix Jr.
insert-rookie-instants-signatures-silver,3,Rookie Instants Signatures Silver,,49,J.J. McCarthy
insert-rookie-instants-signatures-silver,4,Rookie Instants Signatures Silver,,49,Michael Pratt
insert-rookie-instants-signatures-silver,5,Rookie Instants Signatures Silver,,49,Trey Benson
insert-rookie-instants-signatures-silver,6,Rookie Instants Signatures Silver,,49,Blake Corum
insert-rookie-instants-signatures-silver,7,Rookie Instants Signatures Silver,,49,Audric Estime
insert-rookie-instants-signatures-silver,8,Rookie Instants Signatures Silver,,49,Jonathon Brooks
insert-rookie-instants-signatures-silver,9,Rookie Instants Signatures Silver,,49,Jaylen Wright
insert-rookie-instants-signatures-silver,10,Rookie Instants Signatures Silver,,49,Bucky Irving
insert-rookie-instants-signatures-silver,11,Rookie Instants Signatures Silver,,49,Troy Franklin
insert-rookie-instants-signatures-silver,12,Rookie Instants Signatures Silver,,49,Rome Odunze
insert-rookie-instants-signatures-silver,13,Rookie Instants Signatures Silver,,49,Ladd McConkey
insert-rookie-instants-signatures-silver,14,Rookie Instants Signatures Silver,,49,Brian Thomas Jr.
insert-rookie-instants-signatures-silver,15,Rookie Instants Signatures Silver,,49,Keon Coleman
insert-rookie-instants-signatures-silver,16,Rookie Instants Signatures Silver,,49,Adonai Mitchell
insert-rookie-instants-signatures-silver,17,Rookie Instants Signatures Silver,,49,Ricky Pearsall
insert-rookie-instants-signatures-silver,18,Rookie Instants Signatures Silver,,49,Xavier Legette
insert-rookie-instants-signatures-silver,19,Rookie Instants Signatures Silver,,49,Roman Wilson
insert-rookie-instants-signatures-silver,20,Rookie Instants Signatures Silver,,49,Ja'Tavion Sanders
insert-rookie-introductions,1,Rookie Introduction,,,Michael Penix Jr.
insert-rookie-introductions,2,Rookie Introduction,,,J.J. McCarthy
insert-rookie-introductions,3,Rookie Introduction,,,Ladd McConkey
insert-rookie-introductions,4,Rookie Introduction,,,Drake Maye
insert-rookie-introductions,5,Rookie Introduction,,,Bo Nix
insert-rookie-introductions,6,Rookie Introduction,,,Michael Pratt
insert-rookie-introductions,7,Rookie Introduction,,,Jayden Daniels
insert-rookie-introductions,8,Rookie Introduction,,,Malik Nabers
insert-rookie-introductions,9,Rookie Introduction,,,Xavier Worthy
insert-rookie-introductions,10,Rookie Introduction,,,Ricky Pearsall
insert-rookie-introductions,11,Rookie Introduction,,,Keon Coleman
insert-rookie-introductions,12,Rookie Introduction,,,Xavier Legette
insert-rookie-introductions,13,Rookie Introduction,,,Brian Thomas Jr.
insert-rookie-introductions,14,Rookie Introduction,,,Brock Bowers
insert-rookie-introductions,15,Rookie Introduction,,,Adonai Mitchell
insert-rookie-introductions,16,Rookie Introduction,,,Marvin Harrison Jr.
insert-rookie-introductions,17,Rookie Introduction,,,Blake Corum
insert-rookie-introductions,18,Rookie Introduction,,,Jonathon Brooks
insert-rookie-introductions,19,Rookie Introduction,,,Trey Benson
insert-rookie-introductions,20,Rookie Introduction,,,Dallas Turner
insert-rookie-introductions-black,1,Rookie Introductions Black,,1,Michael Penix Jr.
insert-rookie-introductions-black,2,Rookie Introductions Black,,1,J.J. McCarthy
insert-rookie-introductions-black,3,Rookie Introductions Black,,1,Ladd McConkey
insert-rookie-introductions-black,4,Rookie Introductions Black,,1,Drake Maye
insert-rookie-introductions-black,5,Rookie Introductions Black,,1,Bo Nix
insert-rookie-introductions-black,6,Rookie Introductions Black,,1,Michael Pratt
insert-rookie-introductions-black,7,Rookie Introductions Black,,1,Jayden Daniels
insert-rookie-introductions-black,8,Rookie Introductions Black,,1,Malik Nabers
insert-rookie-introductions-black,9,Rookie Introductions Black,,1,Xavier Worthy
insert-rookie-introductions-black,10,Rookie Introductions Black,,1,Ricky Pearsall
insert-rookie-introductions-black,11,Rookie Introductions Black,,1,Keon Coleman
insert-rookie-introductions-black,12,Rookie Introductions Black,,1,Xavier Legette
insert-rookie-introductions-black,13,Rookie Introductions Black,,1,Brian Thomas Jr.
insert-rookie-introductions-black,14,Rookie Introductions Black,,1,Brock Bowers
insert-rookie-introductions-black,15,Rookie Introductions Black,,1,Adonai Mitchell
insert-rookie-introductions-black,16,Rookie Introductions Black,,1,Marvin Harrison Jr.
insert-rookie-introductions-black,17,Rookie Introductions Black,,1,Blake Corum
insert-rookie-introductions-black,18,Rookie Introductions Black,,1,Jonathon Brooks
insert-rookie-introductions-black,19,Rookie Introductions Black,,1,Trey Benson
insert-rookie-introductions-black,20,Rookie Introductions Black,,1,Dallas Turner
insert-rookie-introductions-blue,1,Rookie Introductions Blue,,99,Michael Penix Jr.
insert-rookie-introductions-blue,2,Rookie Introductions Blue,,99,J.J. McCarthy
insert-rookie-introductions-blue,3,Rookie Introductions Blue,,99,Ladd McConkey
insert-rookie-introductions-blue,4,Rookie Introductions Blue,,99,Drake Maye
insert-rookie-introductions-blue,5,Rookie Introductions Blue,,99,Bo Nix
insert-rookie-introductions-blue,6,Rookie Introductions Blue,,99,Michael Pratt
insert-rookie-introductions-blue,7,Rookie Introductions Blue,,99,Jayden Daniels
insert-rookie-introductions-blue,8,Rookie Introductions Blue,,99,Malik Nabers
insert-rookie-introductions-blue,9,Rookie Introductions Blue,,99,Xavier Worthy
insert-rookie-introductions-blue,10,Rookie Introductions Blue,,99,Ricky Pearsall
insert-rookie-introductions-blue,11,Rookie Introductions Blue,,99,Keon Coleman
insert-rookie-introductions-blue,12,Rookie Introductions Blue,,99,Xavier Legette
insert-rookie-introductions-blue,13,Rookie Introductions Blue,,99,Brian Thomas Jr.
insert-rookie-introductions-blue,14,Rookie Introductions Blue,,99,Brock Bowers
insert-rookie-introductions-blue,15,Rookie Introductions Blue,,99,Adonai Mitchell
insert-rookie-introductions-blue,16,Rookie Introductions Blue,,99,Marvin Harrison Jr.
insert-rookie-introductions-blue,17,Rookie Introductions Blue,,99,Blake Corum
insert-rookie-introductions-blue,18,Rookie Introductions Blue,,99,Jonathon Brooks
insert-rookie-introductions-blue,19,Rookie Introductions Blue,,99,Trey Benson
insert-rookie-introductions-blue,20,Rookie Introductions Blue,,99,Dallas Turner
insert-rookie-introductions-gold,1,Rookie Introductions Gold,,5,Michael Penix Jr.
insert-rookie-introductions-gold,2,Rookie Introductions Gold,,5,J.J. McCarthy
insert-rookie-introductions-gold,3,Rookie Introductions Gold,,5,Ladd McConkey
insert-rookie-introductions-gold,4,Rookie Introductions Gold,,5,Drake Maye
insert-rookie-introductions-gold,5,Rookie Introductions Gold,,5,Bo Nix
insert-rookie-introductions-gold,6,Rookie Introductions Gold,,5,Michael Pratt
insert-rookie-introductions-gold,7,Rookie Introductions Gold,,5,Jayden Daniels
insert-rookie-introductions-gold,8,Rookie Introductions Gold,,5,Malik Nabers
insert-rookie-introductions-gold,9,Rookie Introductions Gold,,5,Xavier Worthy
insert-rookie-introductions-gold,10,Rookie Introductions Gold,,5,Ricky Pearsall
insert-rookie-introductions-gold,11,Rookie Introductions Gold,,5,Keon Coleman
insert-rookie-introductions-gold,12,Rookie Introductions Gold,,5,Xavier Legette
insert-rookie-introductions-gold,13,Rookie Introductions Gold,,5,Brian Thomas Jr.
insert-rookie-introductions-gold,14,Rookie Introductions Gold,,5,Brock Bowers
insert-rookie-introductions-gold,15,Rookie Introductions Gold,,5,Adonai Mitchell
insert-rookie-introductions-gold,16,Rookie Introductions Gold,,5,Marvin Harrison Jr.
insert-rookie-introductions-gold,17,Rookie Introductions Gold,,5,Blake Corum
insert-rookie-introductions-gold,18,Rookie Introductions Gold,,5,Jonathon Brooks
insert-rookie-introductions-gold,19,Rookie Introductions Gold,,5,Trey Benson
insert-rookie-introductions-gold,20,Rookie Introductions Gold,,5,Dallas Turner
insert-rookie-introductions-orange,1,Rookie Introductions Orange,,25,Michael Penix Jr.
insert-rookie-introductions-orange,2,Rookie Introductions Orange,,25,J.J. McCarthy
insert-rookie-introductions-orange,3,Rookie Introductions Orange,,25,Ladd McConkey
insert-rookie-introductions-orange,4,Rookie Introductions Orange,,25,Drake Maye
insert-rookie-introductions-orange,5,Rookie Introductions Orange,,25,Bo Nix
insert-rookie-introductions-orange,6,Rookie Introductions Orange,,25,Michael Pratt
insert-rookie-introductions-orange,7,Rookie Introductions Orange,,25,Jayden Daniels
insert-rookie-introductions-orange,8,Rookie Introductions Orange,,25,Malik Nabers
insert-rookie-introductions-orange,9,Rookie Introductions Orange,,25,Xavier Worthy
insert-rookie-introductions-orange,10,Rookie Introductions Orange,,25,Ricky Pearsall
insert-rookie-introductions-orange,11,Rookie Introductions Orange,,25,Keon Coleman
insert-rookie-introductions-orange,12,Rookie Introductions Orange,,25,Xavier Legette
insert-rookie-introductions-orange,13,Rookie Introductions Orange,,25,Brian Thomas Jr.
insert-rookie-introductions-orange,14,Rookie Introductions Orange,,25,Brock Bowers
insert-rookie-introductions-orange,15,Rookie Introductions Orange,,25,Adonai Mitchell
insert-rookie-introductions-orange,16,Rookie Introductions Orange,,25,Marvin Harrison Jr.
insert-rookie-introductions-orange,17,Rookie Introductions Orange,,25,Blake Corum
insert-rookie-introductions-orange,18,Rookie Introductions Orange,,25,Jonathon Brooks
insert-rookie-introductions-orange,19,Rookie Introductions Orange,,25,Trey Benson
insert-rookie-introductions-orange,20,Rookie Introductions Orange,,25,Dallas Turner
insert-rookie-introductions-pink,1,Rookie Introductions Pink,,15,Michael Penix Jr.
insert-rookie-introductions-pink,2,Rookie Introductions Pink,,15,J.J. McCarthy
insert-rookie-introductions-pink,3,Rookie Introductions Pink,,15,Ladd McConkey
insert-rookie-introductions-pink,4,Rookie Introductions Pink,,15,Drake Maye
insert-rookie-introductions-pink,5,Rookie Introductions Pink,,15,Bo Nix
insert-rookie-introductions-pink,6,Rookie Introductions Pink,,15,Michael Pratt
insert-rookie-introductions-pink,7,Rookie Introductions Pink,,15,Jayden Daniels
insert-rookie-introductions-pink,8,Rookie Introductions Pink,,15,Malik Nabers
insert-rookie-introductions-pink,9,Rookie Introductions Pink,,15,Xavier Worthy
insert-rookie-introductions-pink,10,Rookie Introductions Pink,,15,Ricky Pearsall
insert-rookie-introductions-pink,11,Rookie Introductions Pink,,15,Keon Coleman
insert-rookie-introductions-pink,12,Rookie Introductions Pink,,15,Xavier Legette
insert-rookie-introductions-pink,13,Rookie Introductions Pink,,15,Brian Thomas Jr.
insert-rookie-introductions-pink,14,Rookie Introductions Pink,,15,Brock Bowers
insert-rookie-introductions-pink,15,Rookie Introductions Pink,,15,Adonai Mitchell
insert-rookie-introductions-pink,16,Rookie Introductions Pink,,15,Marvin Harrison Jr.
insert-rookie-introductions-pink,17,Rookie Introductions Pink,,15,Blake Corum
insert-rookie-introductions-pink,18,Rookie Introductions Pink,,15,Jonathon Brooks
insert-rookie-introductions-pink,19,Rookie Introductions Pink,,15,Trey Benson
insert-rookie-introductions-pink,20,Rookie Introductions Pink,,15,Dallas Turner
insert-rookie-introductions-purple,1,Rookie Introductions Purple,,75,Michael Penix Jr.
insert-rookie-introductions-purple,2,Rookie Introductions Purple,,75,J.J. McCarthy
insert-rookie-introductions-purple,3,Rookie Introductions Purple,,75,Ladd McConkey
insert-rookie-introductions-purple,4,Rookie Introductions Purple,,75,Drake Maye
insert-rookie-introductions-purple,5,Rookie Introductions Purple,,75,Bo Nix
insert-rookie-introductions-purple,6,Rookie Introductions Purple,,75,Michael Pratt
insert-rookie-introductions-purple,7,Rookie Introductions Purple,,75,Jayden Daniels
insert-rookie-introductions-purple,8,Rookie Introductions Purple,,75,Malik Nabers
insert-rookie-introductions-purple,9,Rookie Introductions Purple,,75,Xavier Worthy
insert-rookie-introductions-purple,10,Rookie Introductions Purple,,75,Ricky Pearsall
insert-rookie-introductions-purple,11,Rookie Introductions Purple,,75,Keon Coleman
insert-rookie-introductions-purple,12,Rookie Introductions Purple,,75,Xavier Legette
insert-rookie-introductions-purple,13,Rookie Introductions Purple,,75,Brian Thomas Jr.
insert-rookie-introductions-purple,14,Rookie Introductions Purple,,75,Brock Bowers
insert-rookie-introductions-purple,15,Rookie Introductions Purple,,75,Adonai Mitchell
insert-rookie-introductions-purple,16,Rookie Introductions Purple,,75,Marvin Harrison Jr.
insert-rookie-introductions-purple,17,Rookie Introductions Purple,,75,Blake Corum
insert-rookie-introductions-purple,18,Rookie Introductions Purple,,75,Jonathon Brooks
insert-rookie-introductions-purple,19,Rookie Introductions Purple,,75,Trey Benson
insert-rookie-introductions-purple,20,Rookie Introductions Purple,,75,Dallas Turner
insert-rookie-introductions-red,1,Rookie Introductions Red,,49,Michael Penix Jr.
insert-rookie-introductions-red,2,Rookie Introductions Red,,49,J.J. McCarthy
insert-rookie-introductions-red,3,Rookie Introductions Red,,49,Ladd McConkey
insert-rookie-introductions-red,4,Rookie Introductions Red,,49,Drake Maye
insert-rookie-introductions-red,5,Rookie Introductions Red,,49,Bo Nix
insert-rookie-introductions-red,6,Rookie Introductions Red,,49,Michael Pratt
insert-rookie-introductions-red,7,Rookie Introductions Red,,49,Jayden Daniels
insert-rookie-introductions-red,8,Rookie Introductions Red,,49,Malik Nabers
insert-rookie-introductions-red,9,Rookie Introductions Red,,49,Xavier Worthy
insert-rookie-introductions-red,10,Rookie Introductions Red,,49,Ricky Pearsall
insert-rookie-introductions-red,11,Rookie Introductions Red,,49,Keon Coleman
insert-rookie-introductions-red,12,Rookie Introductions Red,,49,Xavier Legette
insert-rookie-introductions-red,13,Rookie Introductions Red,,49,Brian Thomas Jr.
insert-rookie-introductions-red,14,Rookie Introductions Red,,49,Brock Bowers
insert-rookie-introductions-red,15,Rookie Introductions Red,,49,Adonai Mitchell
insert-rookie-introductions-red,16,Rookie Introductions Red,,49,Marvin Harrison Jr.
insert-rookie-introductions-red,17,Rookie Introductions Red,,49,Blake Corum
insert-rookie-introductions-red,18,Rookie Introductions Red,,49,Jonathon Brooks
insert-rookie-introductions-red,19,Rookie Introductions Red,,49,Trey Benson
insert-rookie-introductions-red,20,Rookie Introductions Red,,49,Dallas Turner
insert-rookie-introductions-silver,1,Rookie Introductions Silver,,150,Michael Penix Jr.
insert-rookie-introductions-silver,2,Rookie Introductions Silver,,150,J.J. McCarthy
insert-rookie-introductions-silver,3,Rookie Introductions Silver,,150,Ladd McConkey
insert-rookie-introductions-silver,4,Rookie Introductions Silver,,150,Drake Maye
insert-rookie-introductions-silver,5,Rookie Introductions Silver,,150,Bo Nix
insert-rookie-introductions-silver,6,Rookie Introductions Silver,,150,Michael Pratt
insert-rookie-introductions-silver,7,Rookie Introductions Silver,,150,Jayden Daniels
insert-rookie-introductions-silver,8,Rookie Introductions Silver,,150,Malik Nabers
insert-rookie-introductions-silver,9,Rookie Introductions Silver,,150,Xavier Worthy
insert-rookie-introductions-silver,10,Rookie Introductions Silver,,150,Ricky Pearsall
insert-rookie-introductions-silver,11,Rookie Introductions Silver,,150,Keon Coleman
insert-rookie-introductions-silver,12,Rookie Introductions Silver,,150,Xavier Legette
insert-rookie-introductions-silver,13,Rookie Introductions Silver,,150,Brian Thomas Jr.
insert-rookie-introductions-silver,14,Rookie Introductions Silver,,150,Brock Bowers
insert-rookie-introductions-silver,15,Rookie Introductions Silver,,150,Adonai Mitchell
insert-rookie-introductions-silver,16,Rookie Introductions Silver,,150,Marvin Harrison Jr.
insert-rookie-introductions-silver,17,Rookie Introductions Silver,,150,Blake Corum
insert-rookie-introductions-silver,18,Rookie Introductions Silver,,150,Jonathon Brooks
insert-rookie-introductions-silver,19,Rookie Introductions Silver,,150,Trey Benson
insert-rookie-introductions-silver,20,Rookie Introductions Silver,,150,Dallas Turner
auto-rookie-photo-bomb-autographs,1,,,,Xavier Legette/Will Shipley
auto-rookie-photo-bomb-autographs,2,,,,Spencer Rattler/Xavier Legette
auto-rookie-photo-bomb-autographs,4,,,,J.J. McCarthy/Rome Odunze
auto-rookie-photo-bomb-autographs,6,,,,Luke McCaffrey/Malachi Corley
auto-rookie-photo-bomb-autographs,7,,,,Brenden Rice/Rome Odunze
auto-rookie-photo-bomb-autographs,8,,,,Brenden Rice/Dallas Turner
auto-rookie-photo-bomb-autographs,9,,,,Jonathon Brooks/Ja'Tavion Sanders
auto-rookie-photo-bomb-autographs,10,,,,Trey Benson/Roman Wilson
auto-rookie-photo-bomb-autographs-black,1,Black,,1,Will Shipley/Xavier Legette
auto-rookie-photo-bomb-autographs-black,2,Black,,1,Xavier Legette/Spencer Rattler
auto-rookie-photo-bomb-autographs-black,4,Black,,1,Rome Odunze/J.J. McCarthy
auto-rookie-photo-bomb-autographs-black,6,Black,,1,Malachi Corley/Luke McCaffrey
auto-rookie-photo-bomb-autographs-black,7,Black,,1,Rome Odunze/Brenden Rice
auto-rookie-photo-bomb-autographs-black,8,Black,,1,Dallas Turner/Brenden Rice
auto-rookie-photo-bomb-autographs-black,9,Black,,1,Ja'Tavion Sanders/Jonathon Brooks
auto-rookie-photo-bomb-autographs-black,10,Black,,1,Trey Benson/Roman Wilson
auto-rookie-photo-bomb-autographs-blue,1,Blue,,25,Will Shipley/Xavier Legette
auto-rookie-photo-bomb-autographs-blue,2,Blue,,25,Spencer Rattler/Xavier Legette
auto-rookie-photo-bomb-autographs-blue,4,Blue,,25,J.J. McCarthy/Rome Odunze
auto-rookie-photo-bomb-autographs-blue,6,Blue,,25,Malachi Corley/Luke McCaffrey
auto-rookie-photo-bomb-autographs-blue,7,Blue,,25,Rome Odunze/Brenden Rice
auto-rookie-photo-bomb-autographs-blue,8,Blue,,25,Dallas Turner/Brenden Rice
auto-rookie-photo-bomb-autographs-blue,9,Blue,,25,Ja'Tavion Sanders/Jonathon Brooks
auto-rookie-photo-bomb-autographs-blue,10,Blue,,25,Trey Benson/Roman Wilson
auto-rookie-photo-bomb-autographs-gold,1,Gold,,5,Will Shipley/Xavier Legette
auto-rookie-photo-bomb-autographs-gold,2,Gold,,5,Spencer Rattler/Xavier Legette
auto-rookie-photo-bomb-autographs-gold,4,Gold,,5,J.J. McCarthy/Rome Odunze
auto-rookie-photo-bomb-autographs-gold,6,Gold,,5,Malachi Corley/Luke McCaffrey
auto-rookie-photo-bomb-autographs-gold,7,Gold,,5,Rome Odunze/Brenden Rice
auto-rookie-photo-bomb-autographs-gold,8,Gold,,5,Dallas Turner/Brenden Rice
auto-rookie-photo-bomb-autographs-gold,9,Gold,,5,Ja'Tavion Sanders/Jonathon Brooks
auto-rookie-photo-bomb-autographs-gold,10,Gold,,5,Trey Benson/Roman Wilson
auto-rookie-photo-bomb-autographs-red,1,Red,,10,Will Shipley/Xavier Legette
auto-rookie-photo-bomb-autographs-red,2,Red,,10,Spencer Rattler/Xavier Legette
auto-rookie-photo-bomb-autographs-red,4,Red,,10,J.J. McCarthy/Rome Odunze
auto-rookie-photo-bomb-autographs-red,6,Red,,10,Malachi Corley/Luke McCaffrey
auto-rookie-photo-bomb-autographs-red,7,Red,,10,Rome Odunze/Brenden Rice
auto-rookie-photo-bomb-autographs-red,8,Red,,10,Dallas Turner/Brenden Rice
auto-rookie-photo-bomb-autographs-red,9,Red,,10,Ja'Tavion Sanders/Jonathon Brooks
auto-rookie-photo-bomb-autographs-red,10,Red,,10,Roman Wilson/Trey Benson
auto-rookie-photo-bomb-autographs-silver,1,Silver,,49,Xavier Legette/Will Shipley
auto-rookie-photo-bomb-autographs-silver,2,Silver,,49,Spencer Rattler/Xavier Legette
auto-rookie-photo-bomb-autographs-silver,4,Silver,,49,J.J. McCarthy/Rome Odunze
auto-rookie-photo-bomb-autographs-silver,6,Silver,,49,Luke McCaffrey/Malachi Corley
auto-rookie-photo-bomb-autographs-silver,7,Silver,,49,Rome Odunze/Brenden Rice
auto-rookie-photo-bomb-autographs-silver,8,Silver,,49,Dallas Turner/Brenden Rice
auto-rookie-photo-bomb-autographs-silver,9,Silver,,49,Ja'Tavion Sanders/Jonathon Brooks
auto-rookie-photo-bomb-autographs-silver,10,Silver,,49,Roman Wilson/Trey Benson
insert-rookie-pix,1,Rookie Pix,,,Malik Nabers
insert-rookie-pix,2,Rookie Pix,,,Drake Maye
insert-rookie-pix,3,Rookie Pix,,,Blake Corum
insert-rookie-pix,4,Rookie Pix,,,Brock Bowers
insert-rookie-pix,5,Rookie Pix,,,Ladd McConkey
insert-rookie-pix,6,Rookie Pix,,,Marvin Harrison Jr.
insert-rookie-pix,7,Rookie Pix,,,Adonai Mitchell
insert-rookie-pix,8,Rookie Pix,,,Spencer Rattler
insert-rookie-pix,9,Rookie Pix,,,J.J. McCarthy
insert-rookie-pix,10,Rookie Pix,,,Xavier Worthy
insert-rookie-pix,11,Rookie Pix,,,Laiatu Latu
insert-rookie-pix,12,Rookie Pix,,,Trey Benson
insert-rookie-pix,13,Rookie Pix,,,Rome Odunze
insert-rookie-pix,14,Rookie Pix,,,Jayden Daniels
insert-rookie-pix,15,Rookie Pix,,,Brian Thomas Jr.
insert-rookie-pix,16,Rookie Pix,,,Michael Penix Jr.
insert-rookie-pix,17,Rookie Pix,,,Roman Wilson
insert-rookie-pix,18,Rookie Pix,,,Bo Nix
insert-rookie-pix,19,Rookie Pix,,,Michael Pratt
insert-rookie-pix,20,Rookie Pix,,,Troy Franklin
insert-rookie-pix-black,1,Rookie Pix Black,,1,Malik Nabers
insert-rookie-pix-black,2,Rookie Pix Black,,1,Drake Maye
insert-rookie-pix-black,3,Rookie Pix Black,,1,Blake Corum
insert-rookie-pix-black,4,Rookie Pix Black,,1,Brock Bowers
insert-rookie-pix-black,5,Rookie Pix Black,,1,Ladd McConkey
insert-rookie-pix-black,6,Rookie Pix Black,,1,Marvin Harrison Jr.
insert-rookie-pix-black,7,Rookie Pix Black,,1,Adonai Mitchell
insert-rookie-pix-black,8,Rookie Pix Black,,1,Spencer Rattler
insert-rookie-pix-black,9,Rookie Pix Black,,1,J.J. McCarthy
insert-rookie-pix-black,10,Rookie Pix Black,,1,Xavier Worthy
insert-rookie-pix-black,11,Rookie Pix Black,,1,Laiatu Latu
insert-rookie-pix-black,12,Rookie Pix Black,,1,Trey Benson
insert-rookie-pix-black,13,Rookie Pix Black,,1,Rome Odunze
insert-rookie-pix-black,14,Rookie Pix Black,,1,Jayden Daniels
insert-rookie-pix-black,15,Rookie Pix Black,,1,Brian Thomas Jr.
insert-rookie-pix-black,16,Rookie Pix Black,,1,Michael Penix Jr.
insert-rookie-pix-black,17,Rookie Pix Black,,1,Roman Wilson
insert-rookie-pix-black,18,Rookie Pix Black,,1,Bo Nix
insert-rookie-pix-black,19,Rookie Pix Black,,1,Michael Pratt
insert-rookie-pix-black,20,Rookie Pix Black,,1,Troy Franklin
insert-rookie-pix-blue,1,Rookie Pix Blue,,99,Malik Nabers
insert-rookie-pix-blue,2,Rookie Pix Blue,,99,Drake Maye
insert-rookie-pix-blue,3,Rookie Pix Blue,,99,Blake Corum
insert-rookie-pix-blue,4,Rookie Pix Blue,,99,Brock Bowers
insert-rookie-pix-blue,5,Rookie Pix Blue,,99,Ladd McConkey
insert-rookie-pix-blue,6,Rookie Pix Blue,,99,Marvin Harrison Jr.
insert-rookie-pix-blue,7,Rookie Pix Blue,,99,Adonai Mitchell
insert-rookie-pix-blue,8,Rookie Pix Blue,,99,Spencer Rattler
insert-rookie-pix-blue,9,Rookie Pix Blue,,99,J.J. McCarthy
insert-rookie-pix-blue,10,Rookie Pix Blue,,99,Xavier Worthy
insert-rookie-pix-blue,11,Rookie Pix Blue,,99,Laiatu Latu
insert-rookie-pix-blue,12,Rookie Pix Blue,,99,Trey Benson
insert-rookie-pix-blue,13,Rookie Pix Blue,,99,Rome Odunze
insert-rookie-pix-blue,14,Rookie Pix Blue,,99,Jayden Daniels
insert-rookie-pix-blue,15,Rookie Pix Blue,,99,Brian Thomas Jr.
insert-rookie-pix-blue,16,Rookie Pix Blue,,99,Michael Penix Jr.
insert-rookie-pix-blue,17,Rookie Pix Blue,,99,Roman Wilson
insert-rookie-pix-blue,18,Rookie Pix Blue,,99,Bo Nix
insert-rookie-pix-blue,19,Rookie Pix Blue,,99,Michael Pratt
insert-rookie-pix-blue,20,Rookie Pix Blue,,99,Troy Franklin
insert-rookie-pix-gold,1,Rookie Pix Gold,,5,Malik Nabers
insert-rookie-pix-gold,2,Rookie Pix Gold,,5,Drake Maye
insert-rookie-pix-gold,3,Rookie Pix Gold,,5,Blake Corum
insert-rookie-pix-gold,4,Rookie Pix Gold,,5,Brock Bowers
insert-rookie-pix-gold,5,Rookie Pix Gold,,5,Ladd McConkey
insert-rookie-pix-gold,6,Rookie Pix Gold,,5,Marvin Harrison Jr.
insert-rookie-pix-gold,7,Rookie Pix Gold,,5,Adonai Mitchell
insert-rookie-pix-gold,8,Rookie Pix Gold,,5,Spencer Rattler
insert-rookie-pix-gold,9,Rookie Pix Gold,,5,J.J. McCarthy
insert-rookie-pix-gold,10,Rookie Pix Gold,,5,Xavier Worthy
insert-rookie-pix-gold,11,Rookie Pix Gold,,5,Laiatu Latu
insert-rookie-pix-gold,12,Rookie Pix Gold,,5,Trey Benson
insert-rookie-pix-gold,13,Rookie Pix Gold,,5,Rome Odunze
insert-rookie-pix-gold,14,Rookie Pix Gold,,5,Jayden Daniels
insert-rookie-pix-gold,15,Rookie Pix Gold,,5,Brian Thomas Jr.
insert-rookie-pix-gold,16,Rookie Pix Gold,,5,Michael Penix Jr.
insert-rookie-pix-gold,17,Rookie Pix Gold,,5,Roman Wilson
insert-rookie-pix-gold,18,Rookie Pix Gold,,5,Bo Nix
insert-rookie-pix-gold,19,Rookie Pix Gold,,5,Michael Pratt
insert-rookie-pix-gold,20,Rookie Pix Gold,,5,Troy Franklin
insert-rookie-pix-orange,1,Rookie Pix Orange,,25,Malik Nabers
insert-rookie-pix-orange,2,Rookie Pix Orange,,25,Drake Maye
insert-rookie-pix-orange,3,Rookie Pix Orange,,25,Blake Corum
insert-rookie-pix-orange,4,Rookie Pix Orange,,25,Brock Bowers
insert-rookie-pix-orange,5,Rookie Pix Orange,,25,Ladd McConkey
insert-rookie-pix-orange,6,Rookie Pix Orange,,25,Marvin Harrison Jr.
insert-rookie-pix-orange,7,Rookie Pix Orange,,25,Adonai Mitchell
insert-rookie-pix-orange,8,Rookie Pix Orange,,25,Spencer Rattler
insert-rookie-pix-orange,9,Rookie Pix Orange,,25,J.J. McCarthy
insert-rookie-pix-orange,10,Rookie Pix Orange,,25,Xavier Worthy
insert-rookie-pix-orange,11,Rookie Pix Orange,,25,Laiatu Latu
insert-rookie-pix-orange,12,Rookie Pix Orange,,25,Trey Benson
insert-rookie-pix-orange,13,Rookie Pix Orange,,25,Rome Odunze
insert-rookie-pix-orange,14,Rookie Pix Orange,,25,Jayden Daniels
insert-rookie-pix-orange,15,Rookie Pix Orange,,25,Brian Thomas Jr.
insert-rookie-pix-orange,16,Rookie Pix Orange,,25,Michael Penix Jr.
insert-rookie-pix-orange,17,Rookie Pix Orange,,25,Roman Wilson
insert-rookie-pix-orange,18,Rookie Pix Orange,,25,Bo Nix
insert-rookie-pix-orange,19,Rookie Pix Orange,,25,Michael Pratt
insert-rookie-pix-orange,20,Rookie Pix Orange,,25,Troy Franklin
insert-rookie-pix-pink,1,Rookie Pix Pink,,15,Malik Nabers
insert-rookie-pix-pink,2,Rookie Pix Pink,,15,Drake Maye
insert-rookie-pix-pink,3,Rookie Pix Pink,,15,Blake Corum
insert-rookie-pix-pink,4,Rookie Pix Pink,,15,Brock Bowers
insert-rookie-pix-pink,5,Rookie Pix Pink,,15,Ladd McConkey
insert-rookie-pix-pink,6,Rookie Pix Pink,,15,Marvin Harrison Jr.
insert-rookie-pix-pink,7,Rookie Pix Pink,,15,Adonai Mitchell
insert-rookie-pix-pink,8,Rookie Pix Pink,,15,Spencer Rattler
insert-rookie-pix-pink,9,Rookie Pix Pink,,15,J.J. McCarthy
insert-rookie-pix-pink,10,Rookie Pix Pink,,15,Xavier Worthy
insert-rookie-pix-pink,11,Rookie Pix Pink,,15,Laiatu Latu
insert-rookie-pix-pink,12,Rookie Pix Pink,,15,Trey Benson
insert-rookie-pix-pink,13,Rookie Pix Pink,,15,Rome Odunze
insert-rookie-pix-pink,14,Rookie Pix Pink,,15,Jayden Daniels
insert-rookie-pix-pink,15,Rookie Pix Pink,,15,Brian Thomas Jr.
insert-rookie-pix-pink,16,Rookie Pix Pink,,15,Michael Penix Jr.
insert-rookie-pix-pink,17,Rookie Pix Pink,,15,Roman Wilson
insert-rookie-pix-pink,18,Rookie Pix Pink,,15,Bo Nix
insert-rookie-pix-pink,19,Rookie Pix Pink,,15,Michael Pratt
insert-rookie-pix-pink,20,Rookie Pix Pink,,15,Troy Franklin
insert-rookie-pix-purple,1,Rookie Pix Purple,,75,Malik Nabers
insert-rookie-pix-purple,2,Rookie Pix Purple,,75,Drake Maye
insert-rookie-pix-purple,3,Rookie Pix Purple,,75,Blake Corum
insert-rookie-pix-purple,4,Rookie Pix Purple,,75,Brock Bowers
insert-rookie-pix-purple,5,Rookie Pix Purple,,75,Ladd McConkey
insert-rookie-pix-purple,6,Rookie Pix Purple,,75,Marvin Harrison Jr.
insert-rookie-pix-purple,7,Rookie Pix Purple,,75,Adonai Mitchell
insert-rookie-pix-purple,8,Rookie Pix Purple,,75,Spencer Rattler
insert-rookie-pix-purple,9,Rookie Pix Purple,,75,J.J. McCarthy
insert-rookie-pix-purple,10,Rookie Pix Purple,,75,Xavier Worthy
insert-rookie-pix-purple,11,Rookie Pix Purple,,75,Laiatu Latu
insert-rookie-pix-purple,12,Rookie Pix Purple,,75,Trey Benson
insert-rookie-pix-purple,13,Rookie Pix Purple,,75,Rome Odunze
insert-rookie-pix-purple,14,Rookie Pix Purple,,75,Jayden Daniels
insert-rookie-pix-purple,15,Rookie Pix Purple,,75,Brian Thomas Jr.
insert-rookie-pix-purple,16,Rookie Pix Purple,,75,Michael Penix Jr.
insert-rookie-pix-purple,17,Rookie Pix Purple,,75,Roman Wilson
insert-rookie-pix-purple,18,Rookie Pix Purple,,75,Bo Nix
insert-rookie-pix-purple,19,Rookie Pix Purple,,75,Michael Pratt
insert-rookie-pix-purple,20,Rookie Pix Purple,,75,Troy Franklin
insert-rookie-pix-red,1,Rookie Pix Red,,49,Malik Nabers
insert-rookie-pix-red,2,Rookie Pix Red,,49,Drake Maye
insert-rookie-pix-red,3,Rookie Pix Red,,49,Blake Corum
insert-rookie-pix-red,4,Rookie Pix Red,,49,Brock Bowers
insert-rookie-pix-red,5,Rookie Pix Red,,49,Ladd McConkey
insert-rookie-pix-red,6,Rookie Pix Red,,49,Marvin Harrison Jr.
insert-rookie-pix-red,7,Rookie Pix Red,,49,Adonai Mitchell
insert-rookie-pix-red,8,Rookie Pix Red,,49,Spencer Rattler
insert-rookie-pix-red,9,Rookie Pix Red,,49,J.J. McCarthy
insert-rookie-pix-red,10,Rookie Pix Red,,49,Xavier Worthy
insert-rookie-pix-red,11,Rookie Pix Red,,49,Laiatu Latu
insert-rookie-pix-red,12,Rookie Pix Red,,49,Trey Benson
insert-rookie-pix-red,13,Rookie Pix Red,,49,Rome Odunze
insert-rookie-pix-red,14,Rookie Pix Red,,49,Jayden Daniels
insert-rookie-pix-red,15,Rookie Pix Red,,49,Brian Thomas Jr.
insert-rookie-pix-red,16,Rookie Pix Red,,49,Michael Penix Jr.
insert-rookie-pix-red,17,Rookie Pix Red,,49,Roman Wilson
insert-rookie-pix-red,18,Rookie Pix Red,,49,Bo Nix
insert-rookie-pix-red,19,Rookie Pix Red,,49,Michael Pratt
insert-rookie-pix-red,20,Rookie Pix Red,,49,Troy Franklin
insert-rookie-pix-silver,1,Rookie Pix Silver,,150,Malik Nabers
insert-rookie-pix-silver,2,Rookie Pix Silver,,150,Drake Maye
insert-rookie-pix-silver,3,Rookie Pix Silver,,150,Blake Corum
insert-rookie-pix-silver,4,Rookie Pix Silver,,150,Brock Bowers
insert-rookie-pix-silver,5,Rookie Pix Silver,,150,Ladd McConkey
insert-rookie-pix-silver,6,Rookie Pix Silver,,150,Marvin Harrison Jr.
insert-rookie-pix-silver,7,Rookie Pix Silver,,150,Adonai Mitchell
insert-rookie-pix-silver,8,Rookie Pix Silver,,150,Spencer Rattler
insert-rookie-pix-silver,9,Rookie Pix Silver,,150,J.J. McCarthy
insert-rookie-pix-silver,10,Rookie Pix Silver,,150,Xavier Worthy
insert-rookie-pix-silver,11,Rookie Pix Silver,,150,Laiatu Latu
insert-rookie-pix-silver,12,Rookie Pix Silver,,150,Trey Benson
insert-rookie-pix-silver,13,Rookie Pix Silver,,150,Rome Odunze
insert-rookie-pix-silver,14,Rookie Pix Silver,,150,Jayden Daniels
insert-rookie-pix-silver,15,Rookie Pix Silver,,150,Brian Thomas Jr.
insert-rookie-pix-silver,16,Rookie Pix Silver,,150,Michael Penix Jr.
insert-rookie-pix-silver,17,Rookie Pix Silver,,150,Roman Wilson
insert-rookie-pix-silver,18,Rookie Pix Silver,,150,Bo Nix
insert-rookie-pix-silver,19,Rookie Pix Silver,,150,Michael Pratt
insert-rookie-pix-silver,20,Rookie Pix Silver,,150,Troy Franklin
insert-rookie-portrait,151,,,,Michael Penix Jr.
insert-rookie-portrait,152,,,,J.J. McCarthy
insert-rookie-portrait,153,,,,Spencer Rattler
insert-rookie-portrait,154,,,,Joe Milton III
insert-rookie-portrait,155,,,,Michael Pratt
insert-rookie-portrait,156,,,,Jordan Travis
insert-rookie-portrait,157,,,,Rome Odunze
insert-rookie-portrait,158,,,,Brian Thomas Jr.
insert-rookie-portrait,159,,,,Ricky Pearsall
insert-rookie-portrait,160,,,,Xavier Legette
insert-rookie-portrait,161,,,,Keon Coleman
insert-rookie-portrait,162,,,,Ladd McConkey
insert-rookie-portrait,163,,,,Ja'Lynn Polk
insert-rookie-portrait,164,,,,Adonai Mitchell
insert-rookie-portrait,165,,,,Malachi Corley
insert-rookie-portrait,166,,,,Roman Wilson
insert-rookie-portrait,167,,,,Jalen McMillan
insert-rookie-portrait,168,,,,Troy Franklin
insert-rookie-portrait,169,,,,Jonathon Brooks
insert-rookie-portrait,170,,,,Trey Benson
insert-rookie-portrait,171,,,,Blake Corum
insert-rookie-portrait,172,,,,Jaylen Wright
insert-rookie-portrait,173,,,,Audric Estime
insert-rookie-portrait,174,,,,Ja'Tavion Sanders
insert-rookie-portrait,175,,,,Jermaine Burton
insert-rookie-portrait,176,,,,MarShawn Lloyd
insert-rookie-portrait,177,,,,Braelon Allen
insert-rookie-portrait,178,,,,Bucky Irving
insert-rookie-portrait,179,,,,Will Shipley
insert-rookie-portrait,180,,,,Luke McCaffrey
insert-rookie-portrait,181,,,,Laiatu Latu
insert-rookie-portrait,182,,,,Dallas Turner
insert-rookie-portrait,183,,,,Ben Sinnott
insert-rookie-portrait,184,,,,Javon Baker
insert-rookie-portrait,185,,,,Cade Stover
insert-rookie-portrait,186,,,,Ray Davis
insert-rookie-portrait,187,,,,Isaac Guerendo
insert-rookie-portrait,188,,,,Cooper DeJean
insert-rookie-portrait,189,,,,Kool-Aid McKinstry
insert-rookie-portrait,190,,,,Johnny Wilson
insert-rookie-portrait,191,,,,Devin Leary
insert-rookie-portrait,192,,,,Brenden Rice
insert-rookie-portrait,193,,,,Caleb Williams
insert-rookie-portrait,194,,,,Drake Maye
insert-rookie-portrait,195,,,,Jayden Daniels
insert-rookie-portrait,196,,,,Bo Nix
insert-rookie-portrait,197,,,,Brock Bowers
insert-rookie-portrait,198,,,,Malik Nabers
insert-rookie-portrait,199,,,,Marvin Harrison Jr.
insert-rookie-portrait,200,,,,Xavier Worthy
auto-rookie-portrait-autographs,151,,,,Michael Penix Jr.
auto-rookie-portrait-autographs,152,,,,J.J. McCarthy
auto-rookie-portrait-autographs,153,,,,Spencer Rattler
auto-rookie-portrait-autographs,155,,,,Michael Pratt
auto-rookie-portrait-autographs,156,,,,Jordan Travis
auto-rookie-portrait-autographs,157,,,,Rome Odunze
auto-rookie-portrait-autographs,158,,,,Brian Thomas Jr.
auto-rookie-portrait-autographs,159,,,,Ricky Pearsall
auto-rookie-portrait-autographs,160,,,,Xavier Legette
auto-rookie-portrait-autographs,161,,,,Keon Coleman
auto-rookie-portrait-autographs,162,,,,Ladd McConkey
auto-rookie-portrait-autographs,163,,,,Ja'Lynn Polk
auto-rookie-portrait-autographs,164,,,,Adonai Mitchell
auto-rookie-portrait-autographs,165,,,,Malachi Corley
auto-rookie-portrait-autographs,166,,,,Roman Wilson
auto-rookie-portrait-autographs,167,,,,Jalen McMillan
auto-rookie-portrait-autographs,168,,,,Troy Franklin
auto-rookie-portrait-autographs,169,,,,Jonathon Brooks
auto-rookie-portrait-autographs,170,,,,Trey Benson
auto-rookie-portrait-autographs,171,,,,Blake Corum
auto-rookie-portrait-autographs,172,,,,Jaylen Wright
auto-rookie-portrait-autographs,173,,,,Audric Estime
auto-rookie-portrait-autographs,174,,,,Ja'Tavion Sanders
auto-rookie-portrait-autographs,177,,,,Braelon Allen
auto-rookie-portrait-autographs,178,,,,Bucky Irving
auto-rookie-portrait-autographs,179,,,,Will Shipley
auto-rookie-portrait-autographs,180,,,,Luke McCaffrey
auto-rookie-portrait-autographs,182,,,,Dallas Turner
auto-rookie-portrait-autographs,185,,,,Cade Stover
auto-rookie-portrait-autographs,186,,,,Ray Davis
auto-rookie-portrait-autographs,187,,,,Isaac Guerendo
auto-rookie-portrait-autographs,188,,,,Cooper DeJean
auto-rookie-portrait-autographs,189,,,,Kool-Aid McKinstry
auto-rookie-portrait-autographs,190,,,,Johnny Wilson
auto-rookie-portrait-autographs,192,,,,Brenden Rice
auto-rookie-portrait-autographs-black,151,,,1,Michael Penix Jr.
auto-rookie-portrait-autographs-black,152,,,1,J.J. McCarthy
auto-rookie-portrait-autographs-black,153,,,1,Spencer Rattler
auto-rookie-portrait-autographs-black,155,,,1,Michael Pratt
auto-rookie-portrait-autographs-black,156,,,1,Jordan Travis
auto-rookie-portrait-autographs-black,157,,,1,Rome Odunze
auto-rookie-portrait-autographs-black,158,,,1,Brian Thomas Jr.
auto-rookie-portrait-autographs-black,159,,,1,Ricky Pearsall
auto-rookie-portrait-autographs-black,160,,,1,Xavier Legette
auto-rookie-portrait-autographs-black,161,,,1,Keon Coleman
auto-rookie-portrait-autographs-black,162,,,1,Ladd McConkey
auto-rookie-portrait-autographs-black,163,,,1,Ja'Lynn Polk
auto-rookie-portrait-autographs-black,164,,,1,Adonai Mitchell
auto-rookie-portrait-autographs-black,165,,,1,Malachi Corley
auto-rookie-portrait-autographs-black,166,,,1,Roman Wilson
auto-rookie-portrait-autographs-black,167,,,1,Jalen McMillan
auto-rookie-portrait-autographs-black,168,,,1,Troy Franklin
auto-rookie-portrait-autographs-black,169,,,1,Jonathon Brooks
auto-rookie-portrait-autographs-black,170,,,1,Trey Benson
auto-rookie-portrait-autographs-black,171,,,1,Blake Corum
auto-rookie-portrait-autographs-black,172,,,1,Jaylen Wright
auto-rookie-portrait-autographs-black,173,,,1,Audric Estime
auto-rookie-portrait-autographs-black,174,,,1,Ja'Tavion Sanders
auto-rookie-portrait-autographs-black,177,,,1,Braelon Allen
auto-rookie-portrait-autographs-black,178,,,1,Bucky Irving
auto-rookie-portrait-autographs-black,179,,,1,Will Shipley
auto-rookie-portrait-autographs-black,180,,,1,Luke McCaffrey
auto-rookie-portrait-autographs-black,182,,,1,Dallas Turner
auto-rookie-portrait-autographs-black,184,,,1,Javon Baker
auto-rookie-portrait-autographs-black,185,,,1,Cade Stover
auto-rookie-portrait-autographs-black,186,,,1,Ray Davis
auto-rookie-portrait-autographs-black,187,,,1,Isaac Guerendo
auto-rookie-portrait-autographs-black,188,,,1,Cooper DeJean
auto-rookie-portrait-autographs-black,189,,,1,Kool-Aid McKinstry
auto-rookie-portrait-autographs-black,190,,,1,Johnny Wilson
auto-rookie-portrait-autographs-black,192,,,1,Brenden Rice
auto-rookie-portrait-autographs-blue,151,,,25,Michael Penix Jr.
auto-rookie-portrait-autographs-blue,152,,,25,J.J. McCarthy
auto-rookie-portrait-autographs-blue,153,,,25,Spencer Rattler
auto-rookie-portrait-autographs-blue,155,,,25,Michael Pratt
auto-rookie-portrait-autographs-blue,156,,,25,Jordan Travis
auto-rookie-portrait-autographs-blue,157,,,25,Rome Odunze
auto-rookie-portrait-autographs-blue,158,,,25,Brian Thomas Jr.
auto-rookie-portrait-autographs-blue,159,,,25,Ricky Pearsall
auto-rookie-portrait-autographs-blue,160,,,25,Xavier Legette
auto-rookie-portrait-autographs-blue,161,,,25,Keon Coleman
auto-rookie-portrait-autographs-blue,162,,,25,Ladd McConkey
auto-rookie-portrait-autographs-blue,163,,,25,Ja'Lynn Polk
auto-rookie-portrait-autographs-blue,164,,,25,Adonai Mitchell
auto-rookie-portrait-autographs-blue,165,,,25,Malachi Corley
auto-rookie-portrait-autographs-blue,166,,,25,Roman Wilson
auto-rookie-portrait-autographs-blue,167,,,25,Jalen McMillan
auto-rookie-portrait-autographs-blue,168,,,25,Troy Franklin
auto-rookie-portrait-autographs-blue,169,,,25,Jonathon Brooks
auto-rookie-portrait-autographs-blue,170,,,25,Trey Benson
auto-rookie-portrait-autographs-blue,171,,,25,Blake Corum
auto-rookie-portrait-autographs-blue,172,,,25,Jaylen Wright
auto-rookie-portrait-autographs-blue,173,,,25,Audric Estime
auto-rookie-portrait-autographs-blue,174,,,25,Ja'Tavion Sanders
auto-rookie-portrait-autographs-blue,177,,,25,Braelon Allen
auto-rookie-portrait-autographs-blue,178,,,25,Bucky Irving
auto-rookie-portrait-autographs-blue,179,,,25,Will Shipley
auto-rookie-portrait-autographs-blue,180,,,25,Luke McCaffrey
auto-rookie-portrait-autographs-blue,182,,,25,Dallas Turner
auto-rookie-portrait-autographs-blue,184,,,25,Javon Baker
auto-rookie-portrait-autographs-blue,185,,,25,Cade Stover
auto-rookie-portrait-autographs-blue,186,,,25,Ray Davis
auto-rookie-portrait-autographs-blue,187,,,25,Isaac Guerendo
auto-rookie-portrait-autographs-blue,188,,,25,Cooper DeJean
auto-rookie-portrait-autographs-blue,189,,,25,Kool-Aid McKinstry
auto-rookie-portrait-autographs-blue,190,,,25,Johnny Wilson
auto-rookie-portrait-autographs-blue,192,,,25,Brenden Rice
auto-rookie-portrait-autographs-gold,151,,,5,Michael Penix Jr.
auto-rookie-portrait-autographs-gold,152,,,5,J.J. McCarthy
auto-rookie-portrait-autographs-gold,153,,,5,Spencer Rattler
auto-rookie-portrait-autographs-gold,155,,,5,Michael Pratt
auto-rookie-portrait-autographs-gold,156,,,5,Jordan Travis
auto-rookie-portrait-autographs-gold,157,,,5,Rome Odunze
auto-rookie-portrait-autographs-gold,158,,,5,Brian Thomas Jr.
auto-rookie-portrait-autographs-gold,159,,,5,Ricky Pearsall
auto-rookie-portrait-autographs-gold,160,,,5,Xavier Legette
auto-rookie-portrait-autographs-gold,161,,,5,Keon Coleman
auto-rookie-portrait-autographs-gold,162,,,5,Ladd McConkey
auto-rookie-portrait-autographs-gold,163,,,5,Ja'Lynn Polk
auto-rookie-portrait-autographs-gold,164,,,5,Adonai Mitchell
auto-rookie-portrait-autographs-gold,165,,,5,Malachi Corley
auto-rookie-portrait-autographs-gold,166,,,5,Roman Wilson
auto-rookie-portrait-autographs-gold,167,,,5,Jalen McMillan
auto-rookie-portrait-autographs-gold,168,,,5,Troy Franklin
auto-rookie-portrait-autographs-gold,169,,,5,Jonathon Brooks
auto-rookie-portrait-autographs-gold,170,,,5,Trey Benson
auto-rookie-portrait-autographs-gold,171,,,5,Blake Corum
auto-rookie-portrait-autographs-gold,172,,,5,Jaylen Wright
auto-rookie-portrait-autographs-gold,173,,,5,Audric Estime
auto-rookie-portrait-autographs-gold,174,,,5,Ja'Tavion Sanders
auto-rookie-portrait-autographs-gold,177,,,5,Braelon Allen
auto-rookie-portrait-autographs-gold,178,,,5,Bucky Irving
auto-rookie-portrait-autographs-gold,179,,,5,Will Shipley
auto-rookie-portrait-autographs-gold,180,,,5,Luke McCaffrey
auto-rookie-portrait-autographs-gold,182,,,5,Dallas Turner
auto-rookie-portrait-autographs-gold,184,,,5,Javon Baker
auto-rookie-portrait-autographs-gold,185,,,5,Cade Stover
auto-rookie-portrait-autographs-gold,186,,,5,Ray Davis
auto-rookie-portrait-autographs-gold,187,,,5,Isaac Guerendo
auto-rookie-portrait-autographs-gold,188,,,5,Cooper DeJean
auto-rookie-portrait-autographs-gold,189,,,5,Kool-Aid McKinstry
auto-rookie-portrait-autographs-gold,190,,,5,Johnny Wilson
auto-rookie-portrait-autographs-gold,192,,,5,Brenden Rice
auto-rookie-portrait-autographs-red,151,,,10,Michael Penix Jr.
auto-rookie-portrait-autographs-red,152,,,10,J.J. McCarthy
auto-rookie-portrait-autographs-red,153,,,10,Spencer Rattler
auto-rookie-portrait-autographs-red,155,,,10,Michael Pratt
auto-rookie-portrait-autographs-red,156,,,10,Jordan Travis
auto-rookie-portrait-autographs-red,157,,,10,Rome Odunze
auto-rookie-portrait-autographs-red,158,,,10,Brian Thomas Jr.
auto-rookie-portrait-autographs-red,159,,,10,Ricky Pearsall
auto-rookie-portrait-autographs-red,160,,,10,Xavier Legette
auto-rookie-portrait-autographs-red,161,,,10,Keon Coleman
auto-rookie-portrait-autographs-red,162,,,10,Ladd McConkey
auto-rookie-portrait-autographs-red,163,,,10,Ja'Lynn Polk
auto-rookie-portrait-autographs-red,164,,,10,Adonai Mitchell
auto-rookie-portrait-autographs-red,165,,,10,Malachi Corley
auto-rookie-portrait-autographs-red,166,,,10,Roman Wilson
auto-rookie-portrait-autographs-red,167,,,10,Jalen McMillan
auto-rookie-portrait-autographs-red,168,,,10,Troy Franklin
auto-rookie-portrait-autographs-red,169,,,10,Jonathon Brooks
auto-rookie-portrait-autographs-red,170,,,10,Trey Benson
auto-rookie-portrait-autographs-red,171,,,10,Blake Corum
auto-rookie-portrait-autographs-red,172,,,10,Jaylen Wright
auto-rookie-portrait-autographs-red,173,,,10,Audric Estime
auto-rookie-portrait-autographs-red,174,,,10,Ja'Tavion Sanders
auto-rookie-portrait-autographs-red,177,,,10,Braelon Allen
auto-rookie-portrait-autographs-red,178,,,10,Bucky Irving
auto-rookie-portrait-autographs-red,179,,,10,Will Shipley
auto-rookie-portrait-autographs-red,180,,,10,Luke McCaffrey
auto-rookie-portrait-autographs-red,182,,,10,Dallas Turner
auto-rookie-portrait-autographs-red,184,,,10,Javon Baker
auto-rookie-portrait-autographs-red,185,,,10,Cade Stover
auto-rookie-portrait-autographs-red,186,,,10,Ray Davis
auto-rookie-portrait-autographs-red,187,,,10,Isaac Guerendo
auto-rookie-portrait-autographs-red,188,,,10,Cooper DeJean
auto-rookie-portrait-autographs-red,189,,,10,Kool-Aid McKinstry
auto-rookie-portrait-autographs-red,190,,,10,Johnny Wilson
auto-rookie-portrait-autographs-red,192,,,10,Brenden Rice
auto-rookie-portrait-autographs-silver,151,,,49,Michael Penix Jr.
auto-rookie-portrait-autographs-silver,152,,,49,J.J. McCarthy
auto-rookie-portrait-autographs-silver,153,,,49,Spencer Rattler
auto-rookie-portrait-autographs-silver,155,,,49,Michael Pratt
auto-rookie-portrait-autographs-silver,156,,,49,Jordan Travis
auto-rookie-portrait-autographs-silver,157,,,49,Rome Odunze
auto-rookie-portrait-autographs-silver,158,,,49,Brian Thomas Jr.
auto-rookie-portrait-autographs-silver,159,,,49,Ricky Pearsall
auto-rookie-portrait-autographs-silver,160,,,49,Xavier Legette
auto-rookie-portrait-autographs-silver,161,,,49,Keon Coleman
auto-rookie-portrait-autographs-silver,162,,,49,Ladd McConkey
auto-rookie-portrait-autographs-silver,163,,,49,Ja'Lynn Polk
auto-rookie-portrait-autographs-silver,164,,,49,Adonai Mitchell
auto-rookie-portrait-autographs-silver,165,,,49,Malachi Corley
auto-rookie-portrait-autographs-silver,166,,,49,Roman Wilson
auto-rookie-portrait-autographs-silver,167,,,49,Jalen McMillan
auto-rookie-portrait-autographs-silver,168,,,49,Troy Franklin
auto-rookie-portrait-autographs-silver,169,,,49,Jonathon Brooks
auto-rookie-portrait-autographs-silver,170,,,49,Trey Benson
auto-rookie-portrait-autographs-silver,171,,,49,Blake Corum
auto-rookie-portrait-autographs-silver,172,,,49,Jaylen Wright
auto-rookie-portrait-autographs-silver,173,,,49,Audric Estime
auto-rookie-portrait-autographs-silver,174,,,49,Ja'Tavion Sanders
auto-rookie-portrait-autographs-silver,177,,,49,Braelon Allen
auto-rookie-portrait-autographs-silver,178,,,49,Bucky Irving
auto-rookie-portrait-autographs-silver,179,,,49,Will Shipley
auto-rookie-portrait-autographs-silver,180,,,49,Luke McCaffrey
auto-rookie-portrait-autographs-silver,182,,,49,Dallas Turner
auto-rookie-portrait-autographs-silver,184,,,49,Javon Baker
auto-rookie-portrait-autographs-silver,185,,,49,Cade Stover
auto-rookie-portrait-autographs-silver,186,,,49,Ray Davis
auto-rookie-portrait-autographs-silver,187,,,49,Isaac Guerendo
auto-rookie-portrait-autographs-silver,188,,,49,Cooper DeJean
auto-rookie-portrait-autographs-silver,189,,,49,Kool-Aid McKinstry
auto-rookie-portrait-autographs-silver,190,,,49,Johnny Wilson
auto-rookie-portrait-autographs-silver,192,,,49,Brenden Rice
insert-rookie-portrait-black,151,Black,,1,Michael Penix Jr.
insert-rookie-portrait-black,152,Black,,1,J.J. McCarthy
insert-rookie-portrait-black,153,Black,,1,Spencer Rattler
insert-rookie-portrait-black,154,Black,,1,Joe Milton III
insert-rookie-portrait-black,155,Black,,1,Michael Pratt
insert-rookie-portrait-black,156,Black,,1,Jordan Travis
insert-rookie-portrait-black,157,Black,,1,Rome Odunze
insert-rookie-portrait-black,158,Black,,1,Brian Thomas Jr.
insert-rookie-portrait-black,159,Black,,1,Ricky Pearsall
insert-rookie-portrait-black,160,Black,,1,Xavier Legette
insert-rookie-portrait-black,161,Black,,1,Keon Coleman
insert-rookie-portrait-black,162,Black,,1,Ladd McConkey
insert-rookie-portrait-black,163,Black,,1,Ja'Lynn Polk
insert-rookie-portrait-black,164,Black,,1,Adonai Mitchell
insert-rookie-portrait-black,165,Black,,1,Malachi Corley
insert-rookie-portrait-black,166,Black,,1,Roman Wilson
insert-rookie-portrait-black,167,Black,,1,Jalen McMillan
insert-rookie-portrait-black,168,Black,,1,Troy Franklin
insert-rookie-portrait-black,169,Black,,1,Jonathon Brooks
insert-rookie-portrait-black,170,Black,,1,Trey Benson
insert-rookie-portrait-black,171,Black,,1,Blake Corum
insert-rookie-portrait-black,172,Black,,1,Jaylen Wright
insert-rookie-portrait-black,173,Black,,1,Audric Estime
insert-rookie-portrait-black,174,Black,,1,Ja'Tavion Sanders
insert-rookie-portrait-black,175,Black,,1,Jermaine Burton
insert-rookie-portrait-black,176,Black,,1,MarShawn Lloyd
insert-rookie-portrait-black,177,Black,,1,Braelon Allen
insert-rookie-portrait-black,178,Black,,1,Bucky Irving
insert-rookie-portrait-black,179,Black,,1,Will Shipley
insert-rookie-portrait-black,180,Black,,1,Luke McCaffrey
insert-rookie-portrait-black,181,Black,,1,Laiatu Latu
insert-rookie-portrait-black,182,Black,,1,Dallas Turner
insert-rookie-portrait-black,183,Black,,1,Ben Sinnott
insert-rookie-portrait-black,184,Black,,1,Javon Baker
insert-rookie-portrait-black,185,Black,,1,Cade Stover
insert-rookie-portrait-black,186,Black,,1,Ray Davis
insert-rookie-portrait-black,187,Black,,1,Isaac Guerendo
insert-rookie-portrait-black,188,Black,,1,Cooper DeJean
insert-rookie-portrait-black,189,Black,,1,Kool-Aid McKinstry
insert-rookie-portrait-black,190,Black,,1,Johnny Wilson
insert-rookie-portrait-black,191,Black,,1,Devin Leary
insert-rookie-portrait-black,192,Black,,1,Brenden Rice
insert-rookie-portrait-black,193,Black,,1,Caleb Williams
insert-rookie-portrait-black,194,Black,,1,Drake Maye
insert-rookie-portrait-black,195,Black,,1,Jayden Daniels
insert-rookie-portrait-black,196,Black,,1,Bo Nix
insert-rookie-portrait-black,197,Black,,1,Brock Bowers
insert-rookie-portrait-black,198,Black,,1,Malik Nabers
insert-rookie-portrait-black,199,Black,,1,Marvin Harrison Jr.
insert-rookie-portrait-black,200,Black,,1,Xavier Worthy
insert-rookie-portrait-blue,151,Blue,,99,Michael Penix Jr.
insert-rookie-portrait-blue,152,Blue,,99,J.J. McCarthy
insert-rookie-portrait-blue,153,Blue,,99,Spencer Rattler
insert-rookie-portrait-blue,154,Blue,,99,Joe Milton III
insert-rookie-portrait-blue,155,Blue,,99,Michael Pratt
insert-rookie-portrait-blue,156,Blue,,99,Jordan Travis
insert-rookie-portrait-blue,157,Blue,,99,Rome Odunze
insert-rookie-portrait-blue,158,Blue,,99,Brian Thomas Jr.
insert-rookie-portrait-blue,159,Blue,,99,Ricky Pearsall
insert-rookie-portrait-blue,160,Blue,,99,Xavier Legette
insert-rookie-portrait-blue,161,Blue,,99,Keon Coleman
insert-rookie-portrait-blue,162,Blue,,99,Ladd McConkey
insert-rookie-portrait-blue,163,Blue,,99,Ja'Lynn Polk
insert-rookie-portrait-blue,164,Blue,,99,Adonai Mitchell
insert-rookie-portrait-blue,165,Blue,,99,Malachi Corley
insert-rookie-portrait-blue,166,Blue,,99,Roman Wilson
insert-rookie-portrait-blue,167,Blue,,99,Jalen McMillan
insert-rookie-portrait-blue,168,Blue,,99,Troy Franklin
insert-rookie-portrait-blue,169,Blue,,99,Jonathon Brooks
insert-rookie-portrait-blue,170,Blue,,99,Trey Benson
insert-rookie-portrait-blue,171,Blue,,99,Blake Corum
insert-rookie-portrait-blue,172,Blue,,99,Jaylen Wright
insert-rookie-portrait-blue,173,Blue,,99,Audric Estime
insert-rookie-portrait-blue,174,Blue,,99,Ja'Tavion Sanders
insert-rookie-portrait-blue,175,Blue,,99,Jermaine Burton
insert-rookie-portrait-blue,176,Blue,,99,MarShawn Lloyd
insert-rookie-portrait-blue,177,Blue,,99,Braelon Allen
insert-rookie-portrait-blue,178,Blue,,99,Bucky Irving
insert-rookie-portrait-blue,179,Blue,,99,Will Shipley
insert-rookie-portrait-blue,180,Blue,,99,Luke McCaffrey
insert-rookie-portrait-blue,181,Blue,,99,Laiatu Latu
insert-rookie-portrait-blue,182,Blue,,99,Dallas Turner
insert-rookie-portrait-blue,183,Blue,,99,Ben Sinnott
insert-rookie-portrait-blue,184,Blue,,99,Javon Baker
insert-rookie-portrait-blue,185,Blue,,99,Cade Stover
insert-rookie-portrait-blue,186,Blue,,99,Ray Davis
insert-rookie-portrait-blue,187,Blue,,99,Isaac Guerendo
insert-rookie-portrait-blue,188,Blue,,99,Cooper DeJean
insert-rookie-portrait-blue,189,Blue,,99,Kool-Aid McKinstry
insert-rookie-portrait-blue,190,Blue,,99,Johnny Wilson
insert-rookie-portrait-blue,191,Blue,,99,Devin Leary
insert-rookie-portrait-blue,192,Blue,,99,Brenden Rice
insert-rookie-portrait-blue,193,Blue,,99,Caleb Williams
insert-rookie-portrait-blue,194,Blue,,99,Drake Maye
insert-rookie-portrait-blue,195,Blue,,99,Jayden Daniels
insert-rookie-portrait-blue,196,Blue,,99,Bo Nix
insert-rookie-portrait-blue,197,Blue,,99,Brock Bowers
insert-rookie-portrait-blue,198,Blue,,99,Malik Nabers
insert-rookie-portrait-blue,199,Blue,,99,Marvin Harrison Jr.
insert-rookie-portrait-blue,200,Blue,,99,Xavier Worthy
insert-rookie-portrait-gold,151,Gold,,5,Michael Penix Jr.
insert-rookie-portrait-gold,152,Gold,,5,J.J. McCarthy
insert-rookie-portrait-gold,153,Gold,,5,Spencer Rattler
insert-rookie-portrait-gold,154,Gold,,5,Joe Milton III
insert-rookie-portrait-gold,155,Gold,,5,Michael Pratt
insert-rookie-portrait-gold,156,Gold,,5,Jordan Travis
insert-rookie-portrait-gold,157,Gold,,5,Rome Odunze
insert-rookie-portrait-gold,158,Gold,,5,Brian Thomas Jr.
insert-rookie-portrait-gold,159,Gold,,5,Ricky Pearsall
insert-rookie-portrait-gold,160,Gold,,5,Xavier Legette
insert-rookie-portrait-gold,161,Gold,,5,Keon Coleman
insert-rookie-portrait-gold,162,Gold,,5,Ladd McConkey
insert-rookie-portrait-gold,163,Gold,,5,Ja'Lynn Polk
insert-rookie-portrait-gold,164,Gold,,5,Adonai Mitchell
insert-rookie-portrait-gold,165,Gold,,5,Malachi Corley
insert-rookie-portrait-gold,166,Gold,,5,Roman Wilson
insert-rookie-portrait-gold,167,Gold,,5,Jalen McMillan
insert-rookie-portrait-gold,168,Gold,,5,Troy Franklin
insert-rookie-portrait-gold,169,Gold,,5,Jonathon Brooks
insert-rookie-portrait-gold,170,Gold,,5,Trey Benson
insert-rookie-portrait-gold,171,Gold,,5,Blake Corum
insert-rookie-portrait-gold,172,Gold,,5,Jaylen Wright
insert-rookie-portrait-gold,173,Gold,,5,Audric Estime
insert-rookie-portrait-gold,174,Gold,,5,Ja'Tavion Sanders
insert-rookie-portrait-gold,175,Gold,,5,Jermaine Burton
insert-rookie-portrait-gold,176,Gold,,5,MarShawn Lloyd
insert-rookie-portrait-gold,177,Gold,,5,Braelon Allen
insert-rookie-portrait-gold,178,Gold,,5,Bucky Irving
insert-rookie-portrait-gold,179,Gold,,5,Will Shipley
insert-rookie-portrait-gold,180,Gold,,5,Luke McCaffrey
insert-rookie-portrait-gold,181,Gold,,5,Laiatu Latu
insert-rookie-portrait-gold,182,Gold,,5,Dallas Turner
insert-rookie-portrait-gold,183,Gold,,5,Ben Sinnott
insert-rookie-portrait-gold,184,Gold,,5,Javon Baker
insert-rookie-portrait-gold,185,Gold,,5,Cade Stover
insert-rookie-portrait-gold,186,Gold,,5,Ray Davis
insert-rookie-portrait-gold,187,Gold,,5,Isaac Guerendo
insert-rookie-portrait-gold,188,Gold,,5,Cooper DeJean
insert-rookie-portrait-gold,189,Gold,,5,Kool-Aid McKinstry
insert-rookie-portrait-gold,190,Gold,,5,Johnny Wilson
insert-rookie-portrait-gold,191,Gold,,5,Devin Leary
insert-rookie-portrait-gold,192,Gold,,5,Brenden Rice
insert-rookie-portrait-gold,193,Gold,,5,Caleb Williams
insert-rookie-portrait-gold,194,Gold,,5,Drake Maye
insert-rookie-portrait-gold,195,Gold,,5,Jayden Daniels
insert-rookie-portrait-gold,196,Gold,,5,Bo Nix
insert-rookie-portrait-gold,197,Gold,,5,Brock Bowers
insert-rookie-portrait-gold,198,Gold,,5,Malik Nabers
insert-rookie-portrait-gold,199,Gold,,5,Marvin Harrison Jr.
insert-rookie-portrait-gold,200,Gold,,5,Xavier Worthy
insert-rookie-portrait-orange,151,Orange,,25,Michael Penix Jr.
insert-rookie-portrait-orange,152,Orange,,25,J.J. McCarthy
insert-rookie-portrait-orange,153,Orange,,25,Spencer Rattler
insert-rookie-portrait-orange,154,Orange,,25,Joe Milton III
insert-rookie-portrait-orange,155,Orange,,25,Michael Pratt
insert-rookie-portrait-orange,156,Orange,,25,Jordan Travis
insert-rookie-portrait-orange,157,Orange,,25,Rome Odunze
insert-rookie-portrait-orange,158,Orange,,25,Brian Thomas Jr.
insert-rookie-portrait-orange,159,Orange,,25,Ricky Pearsall
insert-rookie-portrait-orange,160,Orange,,25,Xavier Legette
insert-rookie-portrait-orange,161,Orange,,25,Keon Coleman
insert-rookie-portrait-orange,162,Orange,,25,Ladd McConkey
insert-rookie-portrait-orange,163,Orange,,25,Ja'Lynn Polk
insert-rookie-portrait-orange,164,Orange,,25,Adonai Mitchell
insert-rookie-portrait-orange,165,Orange,,25,Malachi Corley
insert-rookie-portrait-orange,166,Orange,,25,Roman Wilson
insert-rookie-portrait-orange,167,Orange,,25,Jalen McMillan
insert-rookie-portrait-orange,168,Orange,,25,Troy Franklin
insert-rookie-portrait-orange,169,Orange,,25,Jonathon Brooks
insert-rookie-portrait-orange,170,Orange,,25,Trey Benson
insert-rookie-portrait-orange,171,Orange,,25,Blake Corum
insert-rookie-portrait-orange,172,Orange,,25,Jaylen Wright
insert-rookie-portrait-orange,173,Orange,,25,Audric Estime
insert-rookie-portrait-orange,174,Orange,,25,Ja'Tavion Sanders
insert-rookie-portrait-orange,175,Orange,,25,Jermaine Burton
insert-rookie-portrait-orange,176,Orange,,25,MarShawn Lloyd
insert-rookie-portrait-orange,177,Orange,,25,Braelon Allen
insert-rookie-portrait-orange,178,Orange,,25,Bucky Irving
insert-rookie-portrait-orange,179,Orange,,25,Will Shipley
insert-rookie-portrait-orange,180,Orange,,25,Luke McCaffrey
insert-rookie-portrait-orange,181,Orange,,25,Laiatu Latu
insert-rookie-portrait-orange,182,Orange,,25,Dallas Turner
insert-rookie-portrait-orange,183,Orange,,25,Ben Sinnott
insert-rookie-portrait-orange,184,Orange,,25,Javon Baker
insert-rookie-portrait-orange,185,Orange,,25,Cade Stover
insert-rookie-portrait-orange,186,Orange,,25,Ray Davis
insert-rookie-portrait-orange,187,Orange,,25,Isaac Guerendo
insert-rookie-portrait-orange,188,Orange,,25,Cooper DeJean
insert-rookie-portrait-orange,189,Orange,,25,Kool-Aid McKinstry
insert-rookie-portrait-orange,190,Orange,,25,Johnny Wilson
insert-rookie-portrait-orange,191,Orange,,25,Devin Leary
insert-rookie-portrait-orange,192,Orange,,25,Brenden Rice
insert-rookie-portrait-orange,193,Orange,,25,Caleb Williams
insert-rookie-portrait-orange,194,Orange,,25,Drake Maye
insert-rookie-portrait-orange,195,Orange,,25,Jayden Daniels
insert-rookie-portrait-orange,196,Orange,,25,Bo Nix
insert-rookie-portrait-orange,197,Orange,,25,Brock Bowers
insert-rookie-portrait-orange,198,Orange,,25,Malik Nabers
insert-rookie-portrait-orange,199,Orange,,25,Marvin Harrison Jr.
insert-rookie-portrait-orange,200,Orange,,25,Xavier Worthy
insert-rookie-portrait-pink,151,Pink,,15,Michael Penix Jr.
insert-rookie-portrait-pink,152,Pink,,15,J.J. McCarthy
insert-rookie-portrait-pink,153,Pink,,15,Spencer Rattler
insert-rookie-portrait-pink,154,Pink,,15,Joe Milton III
insert-rookie-portrait-pink,155,Pink,,15,Michael Pratt
insert-rookie-portrait-pink,156,Pink,,15,Jordan Travis
insert-rookie-portrait-pink,157,Pink,,15,Rome Odunze
insert-rookie-portrait-pink,158,Pink,,15,Brian Thomas Jr.
insert-rookie-portrait-pink,159,Pink,,15,Ricky Pearsall
insert-rookie-portrait-pink,160,Pink,,15,Xavier Legette
insert-rookie-portrait-pink,161,Pink,,15,Keon Coleman
insert-rookie-portrait-pink,162,Pink,,15,Ladd McConkey
insert-rookie-portrait-pink,163,Pink,,15,Ja'Lynn Polk
insert-rookie-portrait-pink,164,Pink,,15,Adonai Mitchell
insert-rookie-portrait-pink,165,Pink,,15,Malachi Corley
insert-rookie-portrait-pink,166,Pink,,15,Roman Wilson
insert-rookie-portrait-pink,167,Pink,,15,Jalen McMillan
insert-rookie-portrait-pink,168,Pink,,15,Troy Franklin
insert-rookie-portrait-pink,169,Pink,,15,Jonathon Brooks
insert-rookie-portrait-pink,170,Pink,,15,Trey Benson
insert-rookie-portrait-pink,171,Pink,,15,Blake Corum
insert-rookie-portrait-pink,172,Pink,,15,Jaylen Wright
insert-rookie-portrait-pink,173,Pink,,15,Audric Estime
insert-rookie-portrait-pink,174,Pink,,15,Ja'Tavion Sanders
insert-rookie-portrait-pink,175,Pink,,15,Jermaine Burton
insert-rookie-portrait-pink,176,Pink,,15,MarShawn Lloyd
insert-rookie-portrait-pink,177,Pink,,15,Braelon Allen
insert-rookie-portrait-pink,178,Pink,,15,Bucky Irving
insert-rookie-portrait-pink,179,Pink,,15,Will Shipley
insert-rookie-portrait-pink,180,Pink,,15,Luke McCaffrey
insert-rookie-portrait-pink,181,Pink,,15,Laiatu Latu
insert-rookie-portrait-pink,182,Pink,,15,Dallas Turner
insert-rookie-portrait-pink,183,Pink,,15,Ben Sinnott
insert-rookie-portrait-pink,184,Pink,,15,Javon Baker
insert-rookie-portrait-pink,185,Pink,,15,Cade Stover
insert-rookie-portrait-pink,186,Pink,,15,Ray Davis
insert-rookie-portrait-pink,187,Pink,,15,Isaac Guerendo
insert-rookie-portrait-pink,188,Pink,,15,Cooper DeJean
insert-rookie-portrait-pink,189,Pink,,15,Kool-Aid McKinstry
insert-rookie-portrait-pink,190,Pink,,15,Johnny Wilson
insert-rookie-portrait-pink,191,Pink,,15,Devin Leary
insert-rookie-portrait-pink,192,Pink,,15,Brenden Rice
insert-rookie-portrait-pink,193,Pink,,15,Caleb Williams
insert-rookie-portrait-pink,194,Pink,,15,Drake Maye
insert-rookie-portrait-pink,195,Pink,,15,Jayden Daniels
insert-rookie-portrait-pink,196,Pink,,15,Bo Nix
insert-rookie-portrait-pink,197,Pink,,15,Brock Bowers
insert-rookie-portrait-pink,198,Pink,,15,Malik Nabers
insert-rookie-portrait-pink,199,Pink,,15,Marvin Harrison Jr.
insert-rookie-portrait-pink,200,Pink,,15,Xavier Worthy
insert-rookie-portrait-purple,151,Purple,,75,Michael Penix Jr.
insert-rookie-portrait-purple,152,Purple,,75,J.J. McCarthy
insert-rookie-portrait-purple,153,Purple,,75,Spencer Rattler
insert-rookie-portrait-purple,154,Purple,,75,Joe Milton III
insert-rookie-portrait-purple,155,Purple,,75,Michael Pratt
insert-rookie-portrait-purple,156,Purple,,75,Jordan Travis
insert-rookie-portrait-purple,157,Purple,,75,Rome Odunze
insert-rookie-portrait-purple,158,Purple,,75,Brian Thomas Jr.
insert-rookie-portrait-purple,159,Purple,,75,Ricky Pearsall
insert-rookie-portrait-purple,160,Purple,,75,Xavier Legette
insert-rookie-portrait-purple,161,Purple,,75,Keon Coleman
insert-rookie-portrait-purple,162,Purple,,75,Ladd McConkey
insert-rookie-portrait-purple,163,Purple,,75,Ja'Lynn Polk
insert-rookie-portrait-purple,164,Purple,,75,Adonai Mitchell
insert-rookie-portrait-purple,165,Purple,,75,Malachi Corley
insert-rookie-portrait-purple,166,Purple,,75,Roman Wilson
insert-rookie-portrait-purple,167,Purple,,75,Jalen McMillan
insert-rookie-portrait-purple,168,Purple,,75,Troy Franklin
insert-rookie-portrait-purple,169,Purple,,75,Jonathon Brooks
insert-rookie-portrait-purple,170,Purple,,75,Trey Benson
insert-rookie-portrait-purple,171,Purple,,75,Blake Corum
insert-rookie-portrait-purple,172,Purple,,75,Jaylen Wright
insert-rookie-portrait-purple,173,Purple,,75,Audric Estime
insert-rookie-portrait-purple,174,Purple,,75,Ja'Tavion Sanders
insert-rookie-portrait-purple,175,Purple,,75,Jermaine Burton
insert-rookie-portrait-purple,176,Purple,,75,MarShawn Lloyd
insert-rookie-portrait-purple,177,Purple,,75,Braelon Allen
insert-rookie-portrait-purple,178,Purple,,75,Bucky Irving
insert-rookie-portrait-purple,179,Purple,,75,Will Shipley
insert-rookie-portrait-purple,180,Purple,,75,Luke McCaffrey
insert-rookie-portrait-purple,181,Purple,,75,Laiatu Latu
insert-rookie-portrait-purple,182,Purple,,75,Dallas Turner
insert-rookie-portrait-purple,183,Purple,,75,Ben Sinnott
insert-rookie-portrait-purple,184,Purple,,75,Javon Baker
insert-rookie-portrait-purple,185,Purple,,75,Cade Stover
insert-rookie-portrait-purple,186,Purple,,75,Ray Davis
insert-rookie-portrait-purple,187,Purple,,75,Isaac Guerendo
insert-rookie-portrait-purple,188,Purple,,75,Cooper DeJean
insert-rookie-portrait-purple,189,Purple,,75,Kool-Aid McKinstry
insert-rookie-portrait-purple,190,Purple,,75,Johnny Wilson
insert-rookie-portrait-purple,191,Purple,,75,Devin Leary
insert-rookie-portrait-purple,192,Purple,,75,Brenden Rice
insert-rookie-portrait-purple,193,Purple,,75,Caleb Williams
insert-rookie-portrait-purple,194,Purple,,75,Drake Maye
insert-rookie-portrait-purple,195,Purple,,75,Jayden Daniels
insert-rookie-portrait-purple,196,Purple,,75,Bo Nix
insert-rookie-portrait-purple,197,Purple,,75,Brock Bowers
insert-rookie-portrait-purple,198,Purple,,75,Malik Nabers
insert-rookie-portrait-purple,199,Purple,,75,Marvin Harrison Jr.
insert-rookie-portrait-purple,200,Purple,,75,Xavier Worthy
insert-rookie-portrait-red,151,Red,,49,Michael Penix Jr.
insert-rookie-portrait-red,152,Red,,49,J.J. McCarthy
insert-rookie-portrait-red,153,Red,,49,Spencer Rattler
insert-rookie-portrait-red,154,Red,,49,Joe Milton III
insert-rookie-portrait-red,155,Red,,49,Michael Pratt
insert-rookie-portrait-red,156,Red,,49,Jordan Travis
insert-rookie-portrait-red,157,Red,,49,Rome Odunze
insert-rookie-portrait-red,158,Red,,49,Brian Thomas Jr.
insert-rookie-portrait-red,159,Red,,49,Ricky Pearsall
insert-rookie-portrait-red,160,Red,,49,Xavier Legette
insert-rookie-portrait-red,161,Red,,49,Keon Coleman
insert-rookie-portrait-red,162,Red,,49,Ladd McConkey
insert-rookie-portrait-red,163,Red,,49,Ja'Lynn Polk
insert-rookie-portrait-red,164,Red,,49,Adonai Mitchell
insert-rookie-portrait-red,165,Red,,49,Malachi Corley
insert-rookie-portrait-red,166,Red,,49,Roman Wilson
insert-rookie-portrait-red,167,Red,,49,Jalen McMillan
insert-rookie-portrait-red,168,Red,,49,Troy Franklin
insert-rookie-portrait-red,169,Red,,49,Jonathon Brooks
insert-rookie-portrait-red,170,Red,,49,Trey Benson
insert-rookie-portrait-red,171,Red,,49,Blake Corum
insert-rookie-portrait-red,172,Red,,49,Jaylen Wright
insert-rookie-portrait-red,173,Red,,49,Audric Estime
insert-rookie-portrait-red,174,Red,,49,Ja'Tavion Sanders
insert-rookie-portrait-red,175,Red,,49,Jermaine Burton
insert-rookie-portrait-red,176,Red,,49,MarShawn Lloyd
insert-rookie-portrait-red,177,Red,,49,Braelon Allen
insert-rookie-portrait-red,178,Red,,49,Bucky Irving
insert-rookie-portrait-red,179,Red,,49,Will Shipley
insert-rookie-portrait-red,180,Red,,49,Luke McCaffrey
insert-rookie-portrait-red,181,Red,,49,Laiatu Latu
insert-rookie-portrait-red,182,Red,,49,Dallas Turner
insert-rookie-portrait-red,183,Red,,49,Ben Sinnott
insert-rookie-portrait-red,184,Red,,49,Javon Baker
insert-rookie-portrait-red,185,Red,,49,Cade Stover
insert-rookie-portrait-red,186,Red,,49,Ray Davis
insert-rookie-portrait-red,187,Red,,49,Isaac Guerendo
insert-rookie-portrait-red,188,Red,,49,Cooper DeJean
insert-rookie-portrait-red,189,Red,,49,Kool-Aid McKinstry
insert-rookie-portrait-red,190,Red,,49,Johnny Wilson
insert-rookie-portrait-red,191,Red,,49,Devin Leary
insert-rookie-portrait-red,192,Red,,49,Brenden Rice
insert-rookie-portrait-red,193,Red,,49,Caleb Williams
insert-rookie-portrait-red,194,Red,,49,Drake Maye
insert-rookie-portrait-red,195,Red,,49,Jayden Daniels
insert-rookie-portrait-red,196,Red,,49,Bo Nix
insert-rookie-portrait-red,197,Red,,49,Brock Bowers
insert-rookie-portrait-red,198,Red,,49,Malik Nabers
insert-rookie-portrait-red,199,Red,,49,Marvin Harrison Jr.
insert-rookie-portrait-red,200,Red,,49,Xavier Worthy
insert-rookie-portrait-silver,151,Silver,,150,Michael Penix Jr.
insert-rookie-portrait-silver,152,Silver,,150,J.J. McCarthy
insert-rookie-portrait-silver,153,Silver,,150,Spencer Rattler
insert-rookie-portrait-silver,154,Silver,,150,Joe Milton III
insert-rookie-portrait-silver,155,Silver,,150,Michael Pratt
insert-rookie-portrait-silver,156,Silver,,150,Jordan Travis
insert-rookie-portrait-silver,157,Silver,,150,Rome Odunze
insert-rookie-portrait-silver,158,Silver,,150,Brian Thomas Jr.
insert-rookie-portrait-silver,159,Silver,,150,Ricky Pearsall
insert-rookie-portrait-silver,160,Silver,,150,Xavier Legette
insert-rookie-portrait-silver,161,Silver,,150,Keon Coleman
insert-rookie-portrait-silver,162,Silver,,150,Ladd McConkey
insert-rookie-portrait-silver,163,Silver,,150,Ja'Lynn Polk
insert-rookie-portrait-silver,164,Silver,,150,Adonai Mitchell
insert-rookie-portrait-silver,165,Silver,,150,Malachi Corley
insert-rookie-portrait-silver,166,Silver,,150,Roman Wilson
insert-rookie-portrait-silver,167,Silver,,150,Jalen McMillan
insert-rookie-portrait-silver,168,Silver,,150,Troy Franklin
insert-rookie-portrait-silver,169,Silver,,150,Jonathon Brooks
insert-rookie-portrait-silver,170,Silver,,150,Trey Benson
insert-rookie-portrait-silver,171,Silver,,150,Blake Corum
insert-rookie-portrait-silver,172,Silver,,150,Jaylen Wright
insert-rookie-portrait-silver,173,Silver,,150,Audric Estime
insert-rookie-portrait-silver,174,Silver,,150,Ja'Tavion Sanders
insert-rookie-portrait-silver,175,Silver,,150,Jermaine Burton
insert-rookie-portrait-silver,176,Silver,,150,MarShawn Lloyd
insert-rookie-portrait-silver,177,Silver,,150,Braelon Allen
insert-rookie-portrait-silver,178,Silver,,150,Bucky Irving
insert-rookie-portrait-silver,179,Silver,,150,Will Shipley
insert-rookie-portrait-silver,180,Silver,,150,Luke McCaffrey
insert-rookie-portrait-silver,181,Silver,,150,Laiatu Latu
insert-rookie-portrait-silver,182,Silver,,150,Dallas Turner
insert-rookie-portrait-silver,183,Silver,,150,Ben Sinnott
insert-rookie-portrait-silver,184,Silver,,150,Javon Baker
insert-rookie-portrait-silver,185,Silver,,150,Cade Stover
insert-rookie-portrait-silver,186,Silver,,150,Ray Davis
insert-rookie-portrait-silver,187,Silver,,150,Isaac Guerendo
insert-rookie-portrait-silver,188,Silver,,150,Cooper DeJean
insert-rookie-portrait-silver,189,Silver,,150,Kool-Aid McKinstry
insert-rookie-portrait-silver,190,Silver,,150,Johnny Wilson
insert-rookie-portrait-silver,191,Silver,,150,Devin Leary
insert-rookie-portrait-silver,192,Silver,,150,Brenden Rice
insert-rookie-portrait-silver,193,Silver,,150,Caleb Williams
insert-rookie-portrait-silver,194,Silver,,150,Drake Maye
insert-rookie-portrait-silver,195,Silver,,150,Jayden Daniels
insert-rookie-portrait-silver,196,Silver,,150,Bo Nix
insert-rookie-portrait-silver,197,Silver,,150,Brock Bowers
insert-rookie-portrait-silver,198,Silver,,150,Malik Nabers
insert-rookie-portrait-silver,199,Silver,,150,Marvin Harrison Jr.
insert-rookie-portrait-silver,200,Silver,,150,Xavier Worthy
auto-snapshots-autographs,1,,,,Kendre Miller
auto-snapshots-autographs,2,,,,Chase Brown
auto-snapshots-autographs,3,,,,Khalil Shakir
auto-snapshots-autographs,4,,,,Tyson Bagent
auto-snapshots-autographs,5,,,,Brian Robinson Jr.
auto-snapshots-autographs,6,,,,Tyjae Spears
auto-snapshots-autographs,7,,,,George Pickens
auto-snapshots-autographs,9,,,,Josh Downs
auto-snapshots-autographs,10,,,,Tyler Allgeier
auto-snapshots-autographs,11,,,,Rudi Johnson
auto-snapshots-autographs,12,,,,Matt Ryan
auto-snapshots-autographs,14,,,,Tyree Wilson
auto-snapshots-autographs,15,,,,Trent McDuffie
auto-snapshots-autographs,16,,,,Brandon Aiyuk
auto-snapshots-autographs,17,,,,Evan McPherson
auto-snapshots-autographs,18,,,,Jameson Williams
auto-snapshots-autographs,19,,,,Stetson Bennett IV
auto-snapshots-autographs,21,,,,Chris Samuels
auto-snapshots-autographs,22,,,,Dorsey Levens
auto-snapshots-autographs,23,,,,Reed Blankenship
auto-snapshots-autographs,24,,,,Geno Atkins
auto-snapshots-autographs,25,,,,Matt LaFleur
auto-snapshots-autographs,26,,,,Damar Hamlin
auto-snapshots-autographs,27,,,,DeMarcus Lawrence
auto-snapshots-autographs,28,,,,Steve Largent
auto-snapshots-autographs,29,,,,Zack Martin
auto-snapshots-autographs,30,,,,Skyy Moore
auto-snapshots-autographs,31,,,,Jaren Hall
auto-snapshots-autographs,34,,,,Sean Clifford
auto-snapshots-autographs,35,,,,Calvin Austin III
auto-snapshots-autographs,36,,,,Jerome Ford
auto-snapshots-autographs,37,,,,Parker Washington
auto-snapshots-autographs,38,,,,Michael Wilson
auto-snapshots-autographs,39,,,,Gervon Dexter Sr.
auto-snapshots-autographs,40,,,,Marvin Mims
auto-snapshots-autographs-black,1,,,1,Kendre Miller
auto-snapshots-autographs-black,2,,,1,Chase Brown
auto-snapshots-autographs-black,3,,,1,Khalil Shakir
auto-snapshots-autographs-black,4,,,1,Tyson Bagent
auto-snapshots-autographs-black,5,,,1,Brian Robinson Jr.
auto-snapshots-autographs-black,6,,,1,Tyjae Spears
auto-snapshots-autographs-black,7,,,1,George Pickens
auto-snapshots-autographs-black,8,,,1,Jaycee Horn
auto-snapshots-autographs-black,9,,,1,Josh Downs
auto-snapshots-autographs-black,10,,,1,Tyler Allgeier
auto-snapshots-autographs-black,11,,,1,Rudi Johnson
auto-snapshots-autographs-black,12,,,1,Matt Ryan
auto-snapshots-autographs-black,14,,,1,Tyree Wilson
auto-snapshots-autographs-black,15,,,1,Trent McDuffie
auto-snapshots-autographs-black,16,,,1,Brandon Aiyuk
auto-snapshots-autographs-black,17,,,1,Evan McPherson
auto-snapshots-autographs-black,18,,,1,Jameson Williams
auto-snapshots-autographs-black,19,,,1,Stetson Bennett IV
auto-snapshots-autographs-black,20,,,1,Jim McMahon
auto-snapshots-autographs-black,21,,,1,Chris Samuels
auto-snapshots-autographs-black,22,,,1,Dorsey Levens
auto-snapshots-autographs-black,23,,,1,Reed Blankenship
auto-snapshots-autographs-black,24,,,1,Geno Atkins
auto-snapshots-autographs-black,25,,,1,Matt LaFleur
auto-snapshots-autographs-black,26,,,1,Damar Hamlin
auto-snapshots-autographs-black,27,,,1,DeMarcus Lawrence
auto-snapshots-autographs-black,28,,,1,Steve Largent
auto-snapshots-autographs-black,29,,,1,Zack Martin
auto-snapshots-autographs-black,30,,,1,Skyy Moore
auto-snapshots-autographs-black,31,,,1,Jaren Hall
auto-snapshots-autographs-black,34,,,1,Sean Clifford
auto-snapshots-autographs-black,35,,,1,Calvin Austin III
auto-snapshots-autographs-black,36,,,1,Jerome Ford
auto-snapshots-autographs-black,37,,,1,Parker Washington
auto-snapshots-autographs-black,38,,,1,Michael Wilson
auto-snapshots-autographs-black,39,,,1,Gervon Dexter Sr.
auto-snapshots-autographs-black,40,,,1,Marvin Mims
auto-snapshots-autographs-blue,1,,,25,Kendre Miller
auto-snapshots-autographs-blue,2,,,25,Chase Brown
auto-snapshots-autographs-blue,3,,,25,Khalil Shakir
auto-snapshots-autographs-blue,4,,,25,Tyson Bagent
auto-snapshots-autographs-blue,5,,,25,Brian Robinson Jr.
auto-snapshots-autographs-blue,6,,,25,Tyjae Spears
auto-snapshots-autographs-blue,7,,,25,George Pickens
auto-snapshots-autographs-blue,9,,,25,Josh Downs
auto-snapshots-autographs-blue,10,,,25,Tyler Allgeier
auto-snapshots-autographs-blue,11,,,25,Rudi Johnson
auto-snapshots-autographs-blue,12,,,25,Matt Ryan
auto-snapshots-autographs-blue,14,,,25,Tyree Wilson
auto-snapshots-autographs-blue,15,,,25,Trent McDuffie
auto-snapshots-autographs-blue,17,,,25,Evan McPherson
auto-snapshots-autographs-blue,18,,,25,Jameson Williams
auto-snapshots-autographs-blue,19,,,25,Stetson Bennett IV
auto-snapshots-autographs-blue,20,,,25,Jim McMahon
auto-snapshots-autographs-blue,21,,,25,Chris Samuels
auto-snapshots-autographs-blue,22,,,25,Dorsey Levens
auto-snapshots-autographs-blue,23,,,25,Reed Blankenship
auto-snapshots-autographs-blue,24,,,25,Geno Atkins
auto-snapshots-autographs-blue,25,,,25,Matt LaFleur
auto-snapshots-autographs-blue,26,,,25,Damar Hamlin
auto-snapshots-autographs-blue,27,,,25,DeMarcus Lawrence
auto-snapshots-autographs-blue,28,,,25,Steve Largent
auto-snapshots-autographs-blue,29,,,25,Zack Martin
auto-snapshots-autographs-blue,30,,,25,Skyy Moore
auto-snapshots-autographs-blue,31,,,25,Jaren Hall
auto-snapshots-autographs-blue,34,,,25,Sean Clifford
auto-snapshots-autographs-blue,35,,,25,Calvin Austin III
auto-snapshots-autographs-blue,36,,,25,Jerome Ford
auto-snapshots-autographs-blue,37,,,25,Parker Washington
auto-snapshots-autographs-blue,38,,,25,Michael Wilson
auto-snapshots-autographs-blue,39,,,25,Gervon Dexter Sr.
auto-snapshots-autographs-blue,40,,,25,Marvin Mims
auto-snapshots-autographs-gold,1,,,5,Kendre Miller
auto-snapshots-autographs-gold,2,,,5,Chase Brown
auto-snapshots-autographs-gold,3,,,5,Khalil Shakir
auto-snapshots-autographs-gold,4,,,5,Tyson Bagent
auto-snapshots-autographs-gold,5,,,5,Brian Robinson Jr.
auto-snapshots-autographs-gold,6,,,5,Tyjae Spears
auto-snapshots-autographs-gold,7,,,5,George Pickens
auto-snapshots-autographs-gold,8,,,5,Jaycee Horn
auto-snapshots-autographs-gold,9,,,5,Josh Downs
auto-snapshots-autographs-gold,10,,,5,Tyler Allgeier
auto-snapshots-autographs-gold,11,,,5,Rudi Johnson
auto-snapshots-autographs-gold,12,,,5,Matt Ryan
auto-snapshots-autographs-gold,14,,,5,Tyree Wilson
auto-snapshots-autographs-gold,15,,,5,Trent McDuffie
auto-snapshots-autographs-gold,16,,,5,Brandon Aiyuk
auto-snapshots-autographs-gold,17,,,5,Evan McPherson
auto-snapshots-autographs-gold,18,,,5,Jameson Williams
auto-snapshots-autographs-gold,19,,,5,Stetson Bennett IV
auto-snapshots-autographs-gold,20,,,5,Jim McMahon
auto-snapshots-autographs-gold,21,,,5,Chris Samuels
auto-snapshots-autographs-gold,22,,,5,Dorsey Levens
auto-snapshots-autographs-gold,23,,,5,Reed Blankenship
auto-snapshots-autographs-gold,24,,,5,Geno Atkins
auto-snapshots-autographs-gold,25,,,5,Matt LaFleur
auto-snapshots-autographs-gold,26,,,5,Damar Hamlin
auto-snapshots-autographs-gold,27,,,5,DeMarcus Lawrence
auto-snapshots-autographs-gold,28,,,5,Steve Largent
auto-snapshots-autographs-gold,29,,,5,Zack Martin
auto-snapshots-autographs-gold,30,,,5,Skyy Moore
auto-snapshots-autographs-gold,31,,,5,Jaren Hall
auto-snapshots-autographs-gold,34,,,5,Sean Clifford
auto-snapshots-autographs-gold,35,,,5,Calvin Austin III
auto-snapshots-autographs-gold,36,,,5,Jerome Ford
auto-snapshots-autographs-gold,37,,,5,Parker Washington
auto-snapshots-autographs-gold,38,,,5,Michael Wilson
auto-snapshots-autographs-gold,39,,,5,Gervon Dexter Sr.
auto-snapshots-autographs-gold,40,,,5,Marvin Mims
auto-snapshots-autographs-red,1,,,10,Kendre Miller
auto-snapshots-autographs-red,2,,,10,Chase Brown
auto-snapshots-autographs-red,3,,,10,Khalil Shakir
auto-snapshots-autographs-red,4,,,10,Tyson Bagent
auto-snapshots-autographs-red,5,,,10,Brian Robinson Jr.
auto-snapshots-autographs-red,6,,,10,Tyjae Spears
auto-snapshots-autographs-red,7,,,10,George Pickens
auto-snapshots-autographs-red,9,,,10,Josh Downs
auto-snapshots-autographs-red,10,,,10,Tyler Allgeier
auto-snapshots-autographs-red,11,,,10,Rudi Johnson
auto-snapshots-autographs-red,12,,,10,Matt Ryan
auto-snapshots-autographs-red,14,,,10,Tyree Wilson
auto-snapshots-autographs-red,15,,,10,Trent McDuffie
auto-snapshots-autographs-red,16,,,10,Brandon Aiyuk
auto-snapshots-autographs-red,17,,,10,Evan McPherson
auto-snapshots-autographs-red,18,,,10,Jameson Williams
auto-snapshots-autographs-red,19,,,10,Stetson Bennett IV
auto-snapshots-autographs-red,20,,,10,Jim McMahon
auto-snapshots-autographs-red,21,,,10,Chris Samuels
auto-snapshots-autographs-red,22,,,10,Dorsey Levens
auto-snapshots-autographs-red,23,,,10,Reed Blankenship
auto-snapshots-autographs-red,24,,,10,Geno Atkins
auto-snapshots-autographs-red,25,,,10,Matt LaFleur
auto-snapshots-autographs-red,26,,,10,Damar Hamlin
auto-snapshots-autographs-red,27,,,10,DeMarcus Lawrence
auto-snapshots-autographs-red,28,,,10,Steve Largent
auto-snapshots-autographs-red,29,,,10,Zack Martin
auto-snapshots-autographs-red,30,,,10,Skyy Moore
auto-snapshots-autographs-red,31,,,10,Jaren Hall
auto-snapshots-autographs-red,34,,,10,Sean Clifford
auto-snapshots-autographs-red,35,,,10,Calvin Austin III
auto-snapshots-autographs-red,36,,,10,Jerome Ford
auto-snapshots-autographs-red,37,,,10,Parker Washington
auto-snapshots-autographs-red,38,,,10,Michael Wilson
auto-snapshots-autographs-red,39,,,10,Gervon Dexter Sr.
auto-snapshots-autographs-red,40,,,10,Marvin Mims
auto-snapshots-autographs-silver,1,,,49,Kendre Miller
auto-snapshots-autographs-silver,2,,,49,Chase Brown
auto-snapshots-autographs-silver,3,,,49,Khalil Shakir
auto-snapshots-autographs-silver,4,,,49,Tyson Bagent
auto-snapshots-autographs-silver,5,,,49,Brian Robinson Jr.
auto-snapshots-autographs-silver,6,,,49,Tyjae Spears
auto-snapshots-autographs-silver,7,,,49,George Pickens
auto-snapshots-autographs-silver,9,,,49,Josh Downs
auto-snapshots-autographs-silver,10,,,49,Tyler Allgeier
auto-snapshots-autographs-silver,11,,,49,Rudi Johnson
auto-snapshots-autographs-silver,12,,,49,Matt Ryan
auto-snapshots-autographs-silver,14,,,49,Tyree Wilson
auto-snapshots-autographs-silver,15,,,49,Trent McDuffie
auto-snapshots-autographs-silver,17,,,49,Evan McPherson
auto-snapshots-autographs-silver,18,,,49,Jameson Williams
auto-snapshots-autographs-silver,19,,,49,Stetson Bennett IV
auto-snapshots-autographs-silver,20,,,49,Jim McMahon
auto-snapshots-autographs-silver,21,,,49,Chris Samuels
auto-snapshots-autographs-silver,22,,,49,Dorsey Levens
auto-snapshots-autographs-silver,23,,,49,Reed Blankenship
auto-snapshots-autographs-silver,24,,,49,Geno Atkins
auto-snapshots-autographs-silver,25,,,49,Matt LaFleur
auto-snapshots-autographs-silver,26,,,49,Damar Hamlin
auto-snapshots-autographs-silver,27,,,49,DeMarcus Lawrence
auto-snapshots-autographs-silver,28,,,49,Steve Largent
auto-snapshots-autographs-silver,29,,,49,Zack Martin
auto-snapshots-autographs-silver,30,,,49,Skyy Moore
auto-snapshots-autographs-silver,31,,,49,Jaren Hall
auto-snapshots-autographs-silver,34,,,49,Sean Clifford
auto-snapshots-autographs-silver,35,,,49,Calvin Austin III
auto-snapshots-autographs-silver,36,,,49,Jerome Ford
auto-snapshots-autographs-silver,37,,,49,Parker Washington
auto-snapshots-autographs-silver,38,,,49,Michael Wilson
auto-snapshots-autographs-silver,39,,,49,Gervon Dexter Sr.
auto-snapshots-autographs-silver,40,,,49,Marvin Mims
insert-the-shoe-game,1,The Shoe Game,,,Tua Tagovailoa
insert-the-shoe-game,2,The Shoe Game,,,Bijan Robinson
insert-the-shoe-game,3,The Shoe Game,,,Patrick Mahomes II
insert-the-shoe-game,4,The Shoe Game,,,Travis Etienne Jr.
insert-the-shoe-game,5,The Shoe Game,,,A.J. Brown
insert-the-shoe-game,6,The Shoe Game,,,Trevor Lawrence
insert-the-shoe-game,7,The Shoe Game,,,DeAndre Hopkins
insert-the-shoe-game,8,The Shoe Game,,,Roquan Smith
insert-the-shoe-game,9,The Shoe Game,,,Aaron Donald
insert-the-shoe-game,10,The Shoe Game,,,"Ahmad ""Sauce"" Gardner"
insert-the-shoe-game,11,The Shoe Game,,,T.J. Watt
insert-the-shoe-game,12,The Shoe Game,,,Ja'Marr Chase
insert-the-shoe-game,13,The Shoe Game,,,Dak Prescott
insert-the-shoe-game,14,The Shoe Game,,,George Kittle
insert-the-shoe-game,15,The Shoe Game,,,Christian McCaffrey
insert-the-shoe-game,16,The Shoe Game,,,Russell Wilson
insert-the-shoe-game,17,The Shoe Game,,,Breece Hall
insert-the-shoe-game,18,The Shoe Game,,,Patrick Surtain II
insert-the-shoe-game,19,The Shoe Game,,,Jalen Hurts
insert-the-shoe-game,20,The Shoe Game,,,Alvin Kamara
insert-troops-tribute,1,Troops Tribute,,,Jeffery Simmons
insert-troops-tribute,2,Troops Tribute,,,Kareem Hunt
insert-troops-tribute,3,Troops Tribute,,,Roquan Smith
insert-troops-tribute,4,Troops Tribute,,,Travon Walker
insert-troops-tribute,5,Troops Tribute,,,Dak Prescott
insert-troops-tribute,6,Troops Tribute,,,Aaron Rodgers
insert-troops-tribute,7,Troops Tribute,,,C.J. Stroud
insert-troops-tribute,8,Troops Tribute,,,Trey McBride
insert-troops-tribute,9,Troops Tribute,,,Keenan Allen
insert-troops-tribute,10,Troops Tribute,,,Amon-Ra St. Brown
insert-troops-tribute-black,1,Troops Tribute Black,,1,Jeffery Simmons
insert-troops-tribute-black,2,Troops Tribute Black,,1,Kareem Hunt
insert-troops-tribute-black,3,Troops Tribute Black,,1,Roquan Smith
insert-troops-tribute-black,4,Troops Tribute Black,,1,Travon Walker
insert-troops-tribute-black,5,Troops Tribute Black,,1,Dak Prescott
insert-troops-tribute-black,6,Troops Tribute Black,,1,Aaron Rodgers
insert-troops-tribute-black,7,Troops Tribute Black,,1,C.J. Stroud
insert-troops-tribute-black,8,Troops Tribute Black,,1,Trey McBride
insert-troops-tribute-black,9,Troops Tribute Black,,1,Keenan Allen
insert-troops-tribute-black,10,Troops Tribute Black,,1,Amon-Ra St. Brown
insert-troops-tribute-blue,1,Troops Tribute Blue,,99,Jeffery Simmons
insert-troops-tribute-blue,2,Troops Tribute Blue,,99,Kareem Hunt
insert-troops-tribute-blue,3,Troops Tribute Blue,,99,Roquan Smith
insert-troops-tribute-blue,4,Troops Tribute Blue,,99,Travon Walker
insert-troops-tribute-blue,5,Troops Tribute Blue,,99,Dak Prescott
insert-troops-tribute-blue,6,Troops Tribute Blue,,99,Aaron Rodgers
insert-troops-tribute-blue,7,Troops Tribute Blue,,99,C.J. Stroud
insert-troops-tribute-blue,8,Troops Tribute Blue,,99,Trey McBride
insert-troops-tribute-blue,9,Troops Tribute Blue,,99,Keenan Allen
insert-troops-tribute-blue,10,Troops Tribute Blue,,99,Amon-Ra St. Brown
insert-troops-tribute-gold,1,Troops Tribute Gold,,5,Jeffery Simmons
insert-troops-tribute-gold,2,Troops Tribute Gold,,5,Kareem Hunt
insert-troops-tribute-gold,3,Troops Tribute Gold,,5,Roquan Smith
insert-troops-tribute-gold,4,Troops Tribute Gold,,5,Travon Walker
insert-troops-tribute-gold,5,Troops Tribute Gold,,5,Dak Prescott
insert-troops-tribute-gold,6,Troops Tribute Gold,,5,Aaron Rodgers
insert-troops-tribute-gold,7,Troops Tribute Gold,,5,C.J. Stroud
insert-troops-tribute-gold,8,Troops Tribute Gold,,5,Trey McBride
insert-troops-tribute-gold,9,Troops Tribute Gold,,5,Keenan Allen
insert-troops-tribute-gold,10,Troops Tribute Gold,,5,Amon-Ra St. Brown
insert-troops-tribute-orange,1,Troops Tribute Orange,,25,Jeffery Simmons
insert-troops-tribute-orange,2,Troops Tribute Orange,,25,Kareem Hunt
insert-troops-tribute-orange,3,Troops Tribute Orange,,25,Roquan Smith
insert-troops-tribute-orange,4,Troops Tribute Orange,,25,Travon Walker
insert-troops-tribute-orange,5,Troops Tribute Orange,,25,Dak Prescott
insert-troops-tribute-orange,6,Troops Tribute Orange,,25,Aaron Rodgers
insert-troops-tribute-orange,7,Troops Tribute Orange,,25,C.J. Stroud
insert-troops-tribute-orange,8,Troops Tribute Orange,,25,Trey McBride
insert-troops-tribute-orange,9,Troops Tribute Orange,,25,Keenan Allen
insert-troops-tribute-orange,10,Troops Tribute Orange,,25,Amon-Ra St. Brown
insert-troops-tribute-pink,1,Troops Tribute Pink,,15,Jeffery Simmons
insert-troops-tribute-pink,2,Troops Tribute Pink,,15,Kareem Hunt
insert-troops-tribute-pink,3,Troops Tribute Pink,,15,Roquan Smith
insert-troops-tribute-pink,4,Troops Tribute Pink,,15,Travon Walker
insert-troops-tribute-pink,5,Troops Tribute Pink,,15,Dak Prescott
insert-troops-tribute-pink,6,Troops Tribute Pink,,15,Aaron Rodgers
insert-troops-tribute-pink,7,Troops Tribute Pink,,15,C.J. Stroud
insert-troops-tribute-pink,8,Troops Tribute Pink,,15,Trey McBride
insert-troops-tribute-pink,9,Troops Tribute Pink,,15,Keenan Allen
insert-troops-tribute-pink,10,Troops Tribute Pink,,15,Amon-Ra St. Brown
insert-troops-tribute-purple,1,Troops Tribute Purple,,75,Jeffery Simmons
insert-troops-tribute-purple,2,Troops Tribute Purple,,75,Kareem Hunt
insert-troops-tribute-purple,3,Troops Tribute Purple,,75,Roquan Smith
insert-troops-tribute-purple,4,Troops Tribute Purple,,75,Travon Walker
insert-troops-tribute-purple,5,Troops Tribute Purple,,75,Dak Prescott
insert-troops-tribute-purple,6,Troops Tribute Purple,,75,Aaron Rodgers
insert-troops-tribute-purple,7,Troops Tribute Purple,,75,C.J. Stroud
insert-troops-tribute-purple,8,Troops Tribute Purple,,75,Trey McBride
insert-troops-tribute-purple,9,Troops Tribute Purple,,75,Keenan Allen
insert-troops-tribute-purple,10,Troops Tribute Purple,,75,Amon-Ra St. Brown
insert-troops-tribute-red,1,Troops Tribute Red,,49,Jeffery Simmons
insert-troops-tribute-red,2,Troops Tribute Red,,49,Kareem Hunt
insert-troops-tribute-red,3,Troops Tribute Red,,49,Roquan Smith
insert-troops-tribute-red,4,Troops Tribute Red,,49,Travon Walker
insert-troops-tribute-red,5,Troops Tribute Red,,49,Dak Prescott
insert-troops-tribute-red,6,Troops Tribute Red,,49,Aaron Rodgers
insert-troops-tribute-red,7,Troops Tribute Red,,49,C.J. Stroud
insert-troops-tribute-red,8,Troops Tribute Red,,49,Trey McBride
insert-troops-tribute-red,9,Troops Tribute Red,,49,Keenan Allen
insert-troops-tribute-red,10,Troops Tribute Red,,49,Amon-Ra St. Brown
insert-troops-tribute-silver,1,Troops Tribute Silver,,150,Jeffery Simmons
insert-troops-tribute-silver,2,Troops Tribute Silver,,150,Kareem Hunt
insert-troops-tribute-silver,3,Troops Tribute Silver,,150,Roquan Smith
insert-troops-tribute-silver,4,Troops Tribute Silver,,150,Travon Walker
insert-troops-tribute-silver,5,Troops Tribute Silver,,150,Dak Prescott
insert-troops-tribute-silver,6,Troops Tribute Silver,,150,Aaron Rodgers
insert-troops-tribute-silver,7,Troops Tribute Silver,,150,C.J. Stroud
insert-troops-tribute-silver,8,Troops Tribute Silver,,150,Trey McBride
insert-troops-tribute-silver,9,Troops Tribute Silver,,150,Keenan Allen
insert-troops-tribute-silver,10,Troops Tribute Silver,,150,Amon-Ra St. Brown
