category,cardNumber,parallel,isAuto,printRun,player
base,1,,false,,Austin Ekeler
base,1,Silver Press Proof,false,100,Austin Ekeler
base,1,Silver Press Proof Die-Cut,false,75,Austin Ekeler
base,1,Gold Press Proof,false,50,Austin Ekeler
base,1,Gold Press Proof Die-Cut,false,25,Austin Ekeler
base,1,Black Press Proof,false,10,Austin Ekeler
base,1,Black Press Proof Die-Cut,false,1,Austin Ekeler
base,2,,false,,Josh Hines-Allen
base,2,Silver Press Proof,false,100,Josh Hines-Allen
base,2,Silver Press Proof Die-Cut,false,75,Josh Hines-Allen
base,2,Gold Press Proof,false,50,Josh Hines-Allen
base,2,Gold Press Proof Die-Cut,false,25,Josh Hines-Allen
base,2,Black Press Proof,false,10,Josh Hines-Allen
base,2,Black Press Proof Die-Cut,false,1,Josh Hines-Allen
base,3,,false,,Jerry Jeudy
base,3,Silver Press Proof,false,100,Jerry Jeudy
base,3,Silver Press Proof Die-Cut,false,75,Jerry Jeudy
base,3,Gold Press Proof,false,50,Jerry Jeudy
base,3,Gold Press Proof Die-Cut,false,25,Jerry Jeudy
base,3,Black Press Proof,false,10,Jerry Jeudy
base,3,Black Press Proof Die-Cut,false,1,Jerry Jeudy
base,4,,false,,Dawson Knox
base,4,Silver Press Proof,false,100,Dawson Knox
base,4,Silver Press Proof Die-Cut,false,75,Dawson Knox
base,4,Gold Press Proof,false,50,Dawson Knox
base,4,Gold Press Proof Die-Cut,false,25,Dawson Knox
base,4,Black Press Proof,false,10,Dawson Knox
base,4,Black Press Proof Die-Cut,false,1,Dawson Knox
base,5,,false,,Daron Payne
base,5,Silver Press Proof,false,100,Daron Payne
base,5,Silver Press Proof Die-Cut,false,75,Daron Payne
base,5,Gold Press Proof,false,50,Daron Payne
base,5,Gold Press Proof Die-Cut,false,25,Daron Payne
base,5,Black Press Proof,false,10,Daron Payne
base,5,Black Press Proof Die-Cut,false,1,Daron Payne
base,6,,false,,Christian Kirk
base,6,Silver Press Proof,false,100,Christian Kirk
base,6,Silver Press Proof Die-Cut,false,75,Christian Kirk
base,6,Gold Press Proof,false,50,Christian Kirk
base,6,Gold Press Proof Die-Cut,false,25,Christian Kirk
base,6,Black Press Proof,false,10,Christian Kirk
base,6,Black Press Proof Die-Cut,false,1,Christian Kirk
base,7,,false,,Calvin Ridley
base,7,Silver Press Proof,false,100,Calvin Ridley
base,7,Silver Press Proof Die-Cut,false,75,Calvin Ridley
base,7,Gold Press Proof,false,50,Calvin Ridley
base,7,Gold Press Proof Die-Cut,false,25,Calvin Ridley
base,7,Black Press Proof,false,10,Calvin Ridley
base,7,Black Press Proof Die-Cut,false,1,Calvin Ridley
base,8,,false,,Breece Hall
base,8,Silver Press Proof,false,100,Breece Hall
base,8,Silver Press Proof Die-Cut,false,75,Breece Hall
base,8,Gold Press Proof,false,50,Breece Hall
base,8,Gold Press Proof Die-Cut,false,25,Breece Hall
base,8,Black Press Proof,false,10,Breece Hall
base,8,Black Press Proof Die-Cut,false,1,Breece Hall
base,9,,false,,Khalil Mack
base,9,Silver Press Proof,false,100,Khalil Mack
base,9,Silver Press Proof Die-Cut,false,75,Khalil Mack
base,9,Gold Press Proof,false,50,Khalil Mack
base,9,Gold Press Proof Die-Cut,false,25,Khalil Mack
base,9,Black Press Proof,false,10,Khalil Mack
base,9,Black Press Proof Die-Cut,false,1,Khalil Mack
base,10,,false,,Joe Burrow
base,10,Silver Press Proof,false,100,Joe Burrow
base,10,Silver Press Proof Die-Cut,false,75,Joe Burrow
base,10,Gold Press Proof,false,50,Joe Burrow
base,10,Gold Press Proof Die-Cut,false,25,Joe Burrow
base,10,Black Press Proof,false,10,Joe Burrow
base,10,Black Press Proof Die-Cut,false,1,Joe Burrow
base,11,,false,,Quinnen Williams
base,11,Silver Press Proof,false,100,Quinnen Williams
base,11,Silver Press Proof Die-Cut,false,75,Quinnen Williams
base,11,Gold Press Proof,false,50,Quinnen Williams
base,11,Gold Press Proof Die-Cut,false,25,Quinnen Williams
base,11,Black Press Proof,false,10,Quinnen Williams
base,11,Black Press Proof Die-Cut,false,1,Quinnen Williams
base,12,,false,,Dallas Goedert
base,12,Silver Press Proof,false,100,Dallas Goedert
base,12,Silver Press Proof Die-Cut,false,75,Dallas Goedert
base,12,Gold Press Proof,false,50,Dallas Goedert
base,12,Gold Press Proof Die-Cut,false,25,Dallas Goedert
base,12,Black Press Proof,false,10,Dallas Goedert
base,12,Black Press Proof Die-Cut,false,1,Dallas Goedert
base,13,,false,,Brandon Aiyuk
base,13,Silver Press Proof,false,100,Brandon Aiyuk
base,13,Silver Press Proof Die-Cut,false,75,Brandon Aiyuk
base,13,Gold Press Proof,false,50,Brandon Aiyuk
base,13,Gold Press Proof Die-Cut,false,25,Brandon Aiyuk
base,13,Black Press Proof,false,10,Brandon Aiyuk
base,13,Black Press Proof Die-Cut,false,1,Brandon Aiyuk
base,14,,false,,Brian Burns
base,14,Silver Press Proof,false,100,Brian Burns
base,14,Silver Press Proof Die-Cut,false,75,Brian Burns
base,14,Gold Press Proof,false,50,Brian Burns
base,14,Gold Press Proof Die-Cut,false,25,Brian Burns
base,14,Black Press Proof,false,10,Brian Burns
base,14,Black Press Proof Die-Cut,false,1,Brian Burns
base,15,,false,,Jim McMahon
base,15,Silver Press Proof,false,100,Jim McMahon
base,15,Silver Press Proof Die-Cut,false,75,Jim McMahon
base,15,Gold Press Proof,false,50,Jim McMahon
base,15,Gold Press Proof Die-Cut,false,25,Jim McMahon
base,15,Black Press Proof,false,10,Jim McMahon
base,15,Black Press Proof Die-Cut,false,1,Jim McMahon
base,16,,false,,Jaxon Smith-Njigba
base,16,Silver Press Proof,false,100,Jaxon Smith-Njigba
base,16,Silver Press Proof Die-Cut,false,75,Jaxon Smith-Njigba
base,16,Gold Press Proof,false,50,Jaxon Smith-Njigba
base,16,Gold Press Proof Die-Cut,false,25,Jaxon Smith-Njigba
base,16,Black Press Proof,false,10,Jaxon Smith-Njigba
base,16,Black Press Proof Die-Cut,false,1,Jaxon Smith-Njigba
base,17,,false,,Vince Ferragamo
base,17,Silver Press Proof,false,100,Vince Ferragamo
base,17,Silver Press Proof Die-Cut,false,75,Vince Ferragamo
base,17,Gold Press Proof,false,50,Vince Ferragamo
base,17,Gold Press Proof Die-Cut,false,25,Vince Ferragamo
base,17,Black Press Proof,false,10,Vince Ferragamo
base,17,Black Press Proof Die-Cut,false,1,Vince Ferragamo
base,18,,false,,Fred Warner
base,18,Silver Press Proof,false,100,Fred Warner
base,18,Silver Press Proof Die-Cut,false,75,Fred Warner
base,18,Gold Press Proof,false,50,Fred Warner
base,18,Gold Press Proof Die-Cut,false,25,Fred Warner
base,18,Black Press Proof,false,10,Fred Warner
base,18,Black Press Proof Die-Cut,false,1,Fred Warner
base,19,,false,,Devin Singletary
base,19,Silver Press Proof,false,100,Devin Singletary
base,19,Silver Press Proof Die-Cut,false,75,Devin Singletary
base,19,Gold Press Proof,false,50,Devin Singletary
base,19,Gold Press Proof Die-Cut,false,25,Devin Singletary
base,19,Black Press Proof,false,10,Devin Singletary
base,19,Black Press Proof Die-Cut,false,1,Devin Singletary
base,20,,false,,Dak Prescott
base,20,Silver Press Proof,false,100,Dak Prescott
base,20,Silver Press Proof Die-Cut,false,75,Dak Prescott
base,20,Gold Press Proof,false,50,Dak Prescott
base,20,Gold Press Proof Die-Cut,false,25,Dak Prescott
base,20,Black Press Proof,false,10,Dak Prescott
base,20,Black Press Proof Die-Cut,false,1,Dak Prescott
base,21,,false,,Aaron Jones
base,21,Silver Press Proof,false,100,Aaron Jones
base,21,Silver Press Proof Die-Cut,false,75,Aaron Jones
base,21,Gold Press Proof,false,50,Aaron Jones
base,21,Gold Press Proof Die-Cut,false,25,Aaron Jones
base,21,Black Press Proof,false,10,Aaron Jones
base,21,Black Press Proof Die-Cut,false,1,Aaron Jones
base,22,,false,,Amari Cooper
base,22,Silver Press Proof,false,100,Amari Cooper
base,22,Silver Press Proof Die-Cut,false,75,Amari Cooper
base,22,Gold Press Proof,false,50,Amari Cooper
base,22,Gold Press Proof Die-Cut,false,25,Amari Cooper
base,22,Black Press Proof,false,10,Amari Cooper
base,22,Black Press Proof Die-Cut,false,1,Amari Cooper
base,23,,false,,Leonard Williams
base,23,Silver Press Proof,false,100,Leonard Williams
base,23,Silver Press Proof Die-Cut,false,75,Leonard Williams
base,23,Gold Press Proof,false,50,Leonard Williams
base,23,Gold Press Proof Die-Cut,false,25,Leonard Williams
base,23,Black Press Proof,false,10,Leonard Williams
base,23,Black Press Proof Die-Cut,false,1,Leonard Williams
base,24,,false,,Johnny Hekker
base,24,Silver Press Proof,false,100,Johnny Hekker
base,24,Silver Press Proof Die-Cut,false,75,Johnny Hekker
base,24,Gold Press Proof,false,50,Johnny Hekker
base,24,Gold Press Proof Die-Cut,false,25,Johnny Hekker
base,24,Black Press Proof,false,10,Johnny Hekker
base,24,Black Press Proof Die-Cut,false,1,Johnny Hekker
base,25,,false,,Puka Nacua
base,25,Silver Press Proof,false,100,Puka Nacua
base,25,Silver Press Proof Die-Cut,false,75,Puka Nacua
base,25,Gold Press Proof,false,50,Puka Nacua
base,25,Gold Press Proof Die-Cut,false,25,Puka Nacua
base,25,Black Press Proof,false,10,Puka Nacua
base,25,Black Press Proof Die-Cut,false,1,Puka Nacua
base,26,,false,,Minkah Fitzpatrick
base,26,Silver Press Proof,false,100,Minkah Fitzpatrick
base,26,Silver Press Proof Die-Cut,false,75,Minkah Fitzpatrick
base,26,Gold Press Proof,false,50,Minkah Fitzpatrick
base,26,Gold Press Proof Die-Cut,false,25,Minkah Fitzpatrick
base,26,Black Press Proof,false,10,Minkah Fitzpatrick
base,26,Black Press Proof Die-Cut,false,1,Minkah Fitzpatrick
base,27,,false,,Isiah Pacheco
base,27,Silver Press Proof,false,100,Isiah Pacheco
base,27,Silver Press Proof Die-Cut,false,75,Isiah Pacheco
base,27,Gold Press Proof,false,50,Isiah Pacheco
base,27,Gold Press Proof Die-Cut,false,25,Isiah Pacheco
base,27,Black Press Proof,false,10,Isiah Pacheco
base,27,Black Press Proof Die-Cut,false,1,Isiah Pacheco
base,28,,false,,Roquan Smith
base,28,Silver Press Proof,false,100,Roquan Smith
base,28,Silver Press Proof Die-Cut,false,75,Roquan Smith
base,28,Gold Press Proof,false,50,Roquan Smith
base,28,Gold Press Proof Die-Cut,false,25,Roquan Smith
base,28,Black Press Proof,false,10,Roquan Smith
base,28,Black Press Proof Die-Cut,false,1,Roquan Smith
base,29,,false,,Jerome Bettis
base,29,Silver Press Proof,false,100,Jerome Bettis
base,29,Silver Press Proof Die-Cut,false,75,Jerome Bettis
base,29,Gold Press Proof,false,50,Jerome Bettis
base,29,Gold Press Proof Die-Cut,false,25,Jerome Bettis
base,29,Black Press Proof,false,10,Jerome Bettis
base,29,Black Press Proof Die-Cut,false,1,Jerome Bettis
base,30,,false,,Aidan O'Connell
base,30,Silver Press Proof,false,100,Aidan O'Connell
base,30,Silver Press Proof Die-Cut,false,75,Aidan O'Connell
base,30,Gold Press Proof,false,50,Aidan O'Connell
base,30,Gold Press Proof Die-Cut,false,25,Aidan O'Connell
base,30,Black Press Proof,false,10,Aidan O'Connell
base,30,Black Press Proof Die-Cut,false,1,Aidan O'Connell
base,31,,false,,K.J. Osborn
base,31,Silver Press Proof,false,100,K.J. Osborn
base,31,Silver Press Proof Die-Cut,false,75,K.J. Osborn
base,31,Gold Press Proof,false,50,K.J. Osborn
base,31,Gold Press Proof Die-Cut,false,25,K.J. Osborn
base,31,Black Press Proof,false,10,K.J. Osborn
base,31,Black Press Proof Die-Cut,false,1,K.J. Osborn
base,32,,false,,Saquon Barkley
base,32,Silver Press Proof,false,100,Saquon Barkley
base,32,Silver Press Proof Die-Cut,false,75,Saquon Barkley
base,32,Gold Press Proof,false,50,Saquon Barkley
base,32,Gold Press Proof Die-Cut,false,25,Saquon Barkley
base,32,Black Press Proof,false,10,Saquon Barkley
base,32,Black Press Proof Die-Cut,false,1,Saquon Barkley
base,33,,false,,Chris Olave
base,33,Silver Press Proof,false,100,Chris Olave
base,33,Silver Press Proof Die-Cut,false,75,Chris Olave
base,33,Gold Press Proof,false,50,Chris Olave
base,33,Gold Press Proof Die-Cut,false,25,Chris Olave
base,33,Black Press Proof,false,10,Chris Olave
base,33,Black Press Proof Die-Cut,false,1,Chris Olave
base,34,,false,,Terry McLaurin
base,34,Silver Press Proof,false,100,Terry McLaurin
base,34,Silver Press Proof Die-Cut,false,75,Terry McLaurin
base,34,Gold Press Proof,false,50,Terry McLaurin
base,34,Gold Press Proof Die-Cut,false,25,Terry McLaurin
base,34,Black Press Proof,false,10,Terry McLaurin
base,34,Black Press Proof Die-Cut,false,1,Terry McLaurin
base,35,,false,,Jeff Garcia
base,35,Silver Press Proof,false,100,Jeff Garcia
base,35,Silver Press Proof Die-Cut,false,75,Jeff Garcia
base,35,Gold Press Proof,false,50,Jeff Garcia
base,35,Gold Press Proof Die-Cut,false,25,Jeff Garcia
base,35,Black Press Proof,false,10,Jeff Garcia
base,35,Black Press Proof Die-Cut,false,1,Jeff Garcia
base,36,,false,,Jordan Davis
base,36,Silver Press Proof,false,100,Jordan Davis
base,36,Silver Press Proof Die-Cut,false,75,Jordan Davis
base,36,Gold Press Proof,false,50,Jordan Davis
base,36,Gold Press Proof Die-Cut,false,25,Jordan Davis
base,36,Black Press Proof,false,10,Jordan Davis
base,36,Black Press Proof Die-Cut,false,1,Jordan Davis
base,37,,false,,Khalil Shakir
base,37,Silver Press Proof,false,100,Khalil Shakir
base,37,Silver Press Proof Die-Cut,false,75,Khalil Shakir
base,37,Gold Press Proof,false,50,Khalil Shakir
base,37,Gold Press Proof Die-Cut,false,25,Khalil Shakir
base,37,Black Press Proof,false,10,Khalil Shakir
base,37,Black Press Proof Die-Cut,false,1,Khalil Shakir
base,38,,false,,Rashawn Slater
base,38,Silver Press Proof,false,100,Rashawn Slater
base,38,Silver Press Proof Die-Cut,false,75,Rashawn Slater
base,38,Gold Press Proof,false,50,Rashawn Slater
base,38,Gold Press Proof Die-Cut,false,25,Rashawn Slater
base,38,Black Press Proof,false,10,Rashawn Slater
base,38,Black Press Proof Die-Cut,false,1,Rashawn Slater
base,39,,false,,Brian Robinson Jr.
base,39,Silver Press Proof,false,100,Brian Robinson Jr.
base,39,Silver Press Proof Die-Cut,false,75,Brian Robinson Jr.
base,39,Gold Press Proof,false,50,Brian Robinson Jr.
base,39,Gold Press Proof Die-Cut,false,25,Brian Robinson Jr.
base,39,Black Press Proof,false,10,Brian Robinson Jr.
base,39,Black Press Proof Die-Cut,false,1,Brian Robinson Jr.
base,40,,false,,Deshaun Watson
base,40,Silver Press Proof,false,100,Deshaun Watson
base,40,Silver Press Proof Die-Cut,false,75,Deshaun Watson
base,40,Gold Press Proof,false,50,Deshaun Watson
base,40,Gold Press Proof Die-Cut,false,25,Deshaun Watson
base,40,Black Press Proof,false,10,Deshaun Watson
base,40,Black Press Proof Die-Cut,false,1,Deshaun Watson
base,41,,false,,Jonathan Taylor
base,41,Silver Press Proof,false,100,Jonathan Taylor
base,41,Silver Press Proof Die-Cut,false,75,Jonathan Taylor
base,41,Gold Press Proof,false,50,Jonathan Taylor
base,41,Gold Press Proof Die-Cut,false,25,Jonathan Taylor
base,41,Black Press Proof,false,10,Jonathan Taylor
base,41,Black Press Proof Die-Cut,false,1,Jonathan Taylor
base,42,,false,,"Ahmad ""Sauce"" Gardner"
base,42,Silver Press Proof,false,100,"Ahmad ""Sauce"" Gardner"
base,42,Silver Press Proof Die-Cut,false,75,"Ahmad ""Sauce"" Gardner"
base,42,Gold Press Proof,false,50,"Ahmad ""Sauce"" Gardner"
base,42,Gold Press Proof Die-Cut,false,25,"Ahmad ""Sauce"" Gardner"
base,42,Black Press Proof,false,10,"Ahmad ""Sauce"" Gardner"
base,42,Black Press Proof Die-Cut,false,1,"Ahmad ""Sauce"" Gardner"
base,43,,false,,Zack Moss
base,43,Silver Press Proof,false,100,Zack Moss
base,43,Silver Press Proof Die-Cut,false,75,Zack Moss
base,43,Gold Press Proof,false,50,Zack Moss
base,43,Gold Press Proof Die-Cut,false,25,Zack Moss
base,43,Black Press Proof,false,10,Zack Moss
base,43,Black Press Proof Die-Cut,false,1,Zack Moss
base,44,,false,,Jahan Dotson
base,44,Silver Press Proof,false,100,Jahan Dotson
base,44,Silver Press Proof Die-Cut,false,75,Jahan Dotson
base,44,Gold Press Proof,false,50,Jahan Dotson
base,44,Gold Press Proof Die-Cut,false,25,Jahan Dotson
base,44,Black Press Proof,false,10,Jahan Dotson
base,44,Black Press Proof Die-Cut,false,1,Jahan Dotson
base,45,,false,,CeeDee Lamb
base,45,Silver Press Proof,false,100,CeeDee Lamb
base,45,Silver Press Proof Die-Cut,false,75,CeeDee Lamb
base,45,Gold Press Proof,false,50,CeeDee Lamb
base,45,Gold Press Proof Die-Cut,false,25,CeeDee Lamb
base,45,Black Press Proof,false,10,CeeDee Lamb
base,45,Black Press Proof Die-Cut,false,1,CeeDee Lamb
base,46,,false,,James Conner
base,46,Silver Press Proof,false,100,James Conner
base,46,Silver Press Proof Die-Cut,false,75,James Conner
base,46,Gold Press Proof,false,50,James Conner
base,46,Gold Press Proof Die-Cut,false,25,James Conner
base,46,Black Press Proof,false,10,James Conner
base,46,Black Press Proof Die-Cut,false,1,James Conner
base,47,,false,,Byron Young (LB)
base,47,Silver Press Proof,false,100,Byron Young (LB)
base,47,Silver Press Proof Die-Cut,false,75,Byron Young (LB)
base,47,Gold Press Proof,false,50,Byron Young (LB)
base,47,Gold Press Proof Die-Cut,false,25,Byron Young (LB)
base,47,Black Press Proof,false,10,Byron Young (LB)
base,47,Black Press Proof Die-Cut,false,1,Byron Young (LB)
base,48,,false,,Javonte Williams
base,48,Silver Press Proof,false,100,Javonte Williams
base,48,Silver Press Proof Die-Cut,false,75,Javonte Williams
base,48,Gold Press Proof,false,50,Javonte Williams
base,48,Gold Press Proof Die-Cut,false,25,Javonte Williams
base,48,Black Press Proof,false,10,Javonte Williams
base,48,Black Press Proof Die-Cut,false,1,Javonte Williams
base,49,,false,,Nnamdi Madubuike
base,49,Silver Press Proof,false,100,Nnamdi Madubuike
base,49,Silver Press Proof Die-Cut,false,75,Nnamdi Madubuike
base,49,Gold Press Proof,false,50,Nnamdi Madubuike
base,49,Gold Press Proof Die-Cut,false,25,Nnamdi Madubuike
base,49,Black Press Proof,false,10,Nnamdi Madubuike
base,49,Black Press Proof Die-Cut,false,1,Nnamdi Madubuike
base,50,,false,,Jalen Hurts
base,50,Silver Press Proof,false,100,Jalen Hurts
base,50,Silver Press Proof Die-Cut,false,75,Jalen Hurts
base,50,Gold Press Proof,false,50,Jalen Hurts
base,50,Gold Press Proof Die-Cut,false,25,Jalen Hurts
base,50,Black Press Proof,false,10,Jalen Hurts
base,50,Black Press Proof Die-Cut,false,1,Jalen Hurts
base,51,,false,,Dick Butkus
base,51,Silver Press Proof,false,100,Dick Butkus
base,51,Silver Press Proof Die-Cut,false,75,Dick Butkus
base,51,Gold Press Proof,false,50,Dick Butkus
base,51,Gold Press Proof Die-Cut,false,25,Dick Butkus
base,51,Black Press Proof,false,10,Dick Butkus
base,51,Black Press Proof Die-Cut,false,1,Dick Butkus
base,52,,false,,Zack Martin
base,52,Silver Press Proof,false,100,Zack Martin
base,52,Silver Press Proof Die-Cut,false,75,Zack Martin
base,52,Gold Press Proof,false,50,Zack Martin
base,52,Gold Press Proof Die-Cut,false,25,Zack Martin
base,52,Black Press Proof,false,10,Zack Martin
base,52,Black Press Proof Die-Cut,false,1,Zack Martin
base,53,,false,,Josh Palmer
base,53,Silver Press Proof,false,100,Josh Palmer
base,53,Silver Press Proof Die-Cut,false,75,Josh Palmer
base,53,Gold Press Proof,false,50,Josh Palmer
base,53,Gold Press Proof Die-Cut,false,25,Josh Palmer
base,53,Black Press Proof,false,10,Josh Palmer
base,53,Black Press Proof Die-Cut,false,1,Josh Palmer
base,54,,false,,Kyle Hamilton
base,54,Silver Press Proof,false,100,Kyle Hamilton
base,54,Silver Press Proof Die-Cut,false,75,Kyle Hamilton
base,54,Gold Press Proof,false,50,Kyle Hamilton
base,54,Gold Press Proof Die-Cut,false,25,Kyle Hamilton
base,54,Black Press Proof,false,10,Kyle Hamilton
base,54,Black Press Proof Die-Cut,false,1,Kyle Hamilton
base,55,,false,,Dan Marino
base,55,Silver Press Proof,false,100,Dan Marino
base,55,Silver Press Proof Die-Cut,false,75,Dan Marino
base,55,Gold Press Proof,false,50,Dan Marino
base,55,Gold Press Proof Die-Cut,false,25,Dan Marino
base,55,Black Press Proof,false,10,Dan Marino
base,55,Black Press Proof Die-Cut,false,1,Dan Marino
base,56,,false,,Elijah Moore
base,56,Silver Press Proof,false,100,Elijah Moore
base,56,Silver Press Proof Die-Cut,false,75,Elijah Moore
base,56,Gold Press Proof,false,50,Elijah Moore
base,56,Gold Press Proof Die-Cut,false,25,Elijah Moore
base,56,Black Press Proof,false,10,Elijah Moore
base,56,Black Press Proof Die-Cut,false,1,Elijah Moore
base,57,,false,,Emari Demercado
base,57,Silver Press Proof,false,100,Emari Demercado
base,57,Silver Press Proof Die-Cut,false,75,Emari Demercado
base,57,Gold Press Proof,false,50,Emari Demercado
base,57,Gold Press Proof Die-Cut,false,25,Emari Demercado
base,57,Black Press Proof,false,10,Emari Demercado
base,57,Black Press Proof Die-Cut,false,1,Emari Demercado
base,58,,false,,Diontae Johnson
base,58,Silver Press Proof,false,100,Diontae Johnson
base,58,Silver Press Proof Die-Cut,false,75,Diontae Johnson
base,58,Gold Press Proof,false,50,Diontae Johnson
base,58,Gold Press Proof Die-Cut,false,25,Diontae Johnson
base,58,Black Press Proof,false,10,Diontae Johnson
base,58,Black Press Proof Die-Cut,false,1,Diontae Johnson
base,59,,false,,Jalen Ramsey
base,59,Silver Press Proof,false,100,Jalen Ramsey
base,59,Silver Press Proof Die-Cut,false,75,Jalen Ramsey
base,59,Gold Press Proof,false,50,Jalen Ramsey
base,59,Gold Press Proof Die-Cut,false,25,Jalen Ramsey
base,59,Black Press Proof,false,10,Jalen Ramsey
base,59,Black Press Proof Die-Cut,false,1,Jalen Ramsey
base,60,,false,,Derek Carr
base,60,Silver Press Proof,false,100,Derek Carr
base,60,Silver Press Proof Die-Cut,false,75,Derek Carr
base,60,Gold Press Proof,false,50,Derek Carr
base,60,Gold Press Proof Die-Cut,false,25,Derek Carr
base,60,Black Press Proof,false,10,Derek Carr
base,60,Black Press Proof Die-Cut,false,1,Derek Carr
base,61,,false,,Jonathan Allen
base,61,Silver Press Proof,false,100,Jonathan Allen
base,61,Silver Press Proof Die-Cut,false,75,Jonathan Allen
base,61,Gold Press Proof,false,50,Jonathan Allen
base,61,Gold Press Proof Die-Cut,false,25,Jonathan Allen
base,61,Black Press Proof,false,10,Jonathan Allen
base,61,Black Press Proof Die-Cut,false,1,Jonathan Allen
base,62,,false,,George Pickens
base,62,Silver Press Proof,false,100,George Pickens
base,62,Silver Press Proof Die-Cut,false,75,George Pickens
base,62,Gold Press Proof,false,50,George Pickens
base,62,Gold Press Proof Die-Cut,false,25,George Pickens
base,62,Black Press Proof,false,10,George Pickens
base,62,Black Press Proof Die-Cut,false,1,George Pickens
base,63,,false,,Charles Woodson
base,63,Silver Press Proof,false,100,Charles Woodson
base,63,Silver Press Proof Die-Cut,false,75,Charles Woodson
base,63,Gold Press Proof,false,50,Charles Woodson
base,63,Gold Press Proof Die-Cut,false,25,Charles Woodson
base,63,Black Press Proof,false,10,Charles Woodson
base,63,Black Press Proof Die-Cut,false,1,Charles Woodson
base,64,,false,,Stephen Davis
base,64,Silver Press Proof,false,100,Stephen Davis
base,64,Silver Press Proof Die-Cut,false,75,Stephen Davis
base,64,Gold Press Proof,false,50,Stephen Davis
base,64,Gold Press Proof Die-Cut,false,25,Stephen Davis
base,64,Black Press Proof,false,10,Stephen Davis
base,64,Black Press Proof Die-Cut,false,1,Stephen Davis
base,65,,false,,Terrell Owens
base,65,Silver Press Proof,false,100,Terrell Owens
base,65,Silver Press Proof Die-Cut,false,75,Terrell Owens
base,65,Gold Press Proof,false,50,Terrell Owens
base,65,Gold Press Proof Die-Cut,false,25,Terrell Owens
base,65,Black Press Proof,false,10,Terrell Owens
base,65,Black Press Proof Die-Cut,false,1,Terrell Owens
base,66,,false,,DeMarcus Lawrence
base,66,Silver Press Proof,false,100,DeMarcus Lawrence
base,66,Silver Press Proof Die-Cut,false,75,DeMarcus Lawrence
base,66,Gold Press Proof,false,50,DeMarcus Lawrence
base,66,Gold Press Proof Die-Cut,false,25,DeMarcus Lawrence
base,66,Black Press Proof,false,10,DeMarcus Lawrence
base,66,Black Press Proof Die-Cut,false,1,DeMarcus Lawrence
base,67,,false,,Mike Rozier
base,67,Silver Press Proof,false,100,Mike Rozier
base,67,Silver Press Proof Die-Cut,false,75,Mike Rozier
base,67,Gold Press Proof,false,50,Mike Rozier
base,67,Gold Press Proof Die-Cut,false,25,Mike Rozier
base,67,Black Press Proof,false,10,Mike Rozier
base,67,Black Press Proof Die-Cut,false,1,Mike Rozier
base,68,,false,,Cole Kmet
base,68,Silver Press Proof,false,100,Cole Kmet
base,68,Silver Press Proof Die-Cut,false,75,Cole Kmet
base,68,Gold Press Proof,false,50,Cole Kmet
base,68,Gold Press Proof Die-Cut,false,25,Cole Kmet
base,68,Black Press Proof,false,10,Cole Kmet
base,68,Black Press Proof Die-Cut,false,1,Cole Kmet
base,69,,false,,Chris Jones
base,69,Silver Press Proof,false,100,Chris Jones
base,69,Silver Press Proof Die-Cut,false,75,Chris Jones
base,69,Gold Press Proof,false,50,Chris Jones
base,69,Gold Press Proof Die-Cut,false,25,Chris Jones
base,69,Black Press Proof,false,10,Chris Jones
base,69,Black Press Proof Die-Cut,false,1,Chris Jones
base,70,,false,,Bailey Zappe
base,70,Silver Press Proof,false,100,Bailey Zappe
base,70,Silver Press Proof Die-Cut,false,75,Bailey Zappe
base,70,Gold Press Proof,false,50,Bailey Zappe
base,70,Gold Press Proof Die-Cut,false,25,Bailey Zappe
base,70,Black Press Proof,false,10,Bailey Zappe
base,70,Black Press Proof Die-Cut,false,1,Bailey Zappe
base,71,,false,,Keenan Allen
base,71,Silver Press Proof,false,100,Keenan Allen
base,71,Silver Press Proof Die-Cut,false,75,Keenan Allen
base,71,Gold Press Proof,false,50,Keenan Allen
base,71,Gold Press Proof Die-Cut,false,25,Keenan Allen
base,71,Black Press Proof,false,10,Keenan Allen
base,71,Black Press Proof Die-Cut,false,1,Keenan Allen
base,72,,false,,Derrick Henry
base,72,Silver Press Proof,false,100,Derrick Henry
base,72,Silver Press Proof Die-Cut,false,75,Derrick Henry
base,72,Gold Press Proof,false,50,Derrick Henry
base,72,Gold Press Proof Die-Cut,false,25,Derrick Henry
base,72,Black Press Proof,false,10,Derrick Henry
base,72,Black Press Proof Die-Cut,false,1,Derrick Henry
base,73,,false,,Pat Freiermuth
base,73,Silver Press Proof,false,100,Pat Freiermuth
base,73,Silver Press Proof Die-Cut,false,75,Pat Freiermuth
base,73,Gold Press Proof,false,50,Pat Freiermuth
base,73,Gold Press Proof Die-Cut,false,25,Pat Freiermuth
base,73,Black Press Proof,false,10,Pat Freiermuth
base,73,Black Press Proof Die-Cut,false,1,Pat Freiermuth
base,74,,false,,Greg Rousseau
base,74,Silver Press Proof,false,100,Greg Rousseau
base,74,Silver Press Proof Die-Cut,false,75,Greg Rousseau
base,74,Gold Press Proof,false,50,Greg Rousseau
base,74,Gold Press Proof Die-Cut,false,25,Greg Rousseau
base,74,Black Press Proof,false,10,Greg Rousseau
base,74,Black Press Proof Die-Cut,false,1,Greg Rousseau
base,75,,false,,Eli Manning
base,75,Silver Press Proof,false,100,Eli Manning
base,75,Silver Press Proof Die-Cut,false,75,Eli Manning
base,75,Gold Press Proof,false,50,Eli Manning
base,75,Gold Press Proof Die-Cut,false,25,Eli Manning
base,75,Black Press Proof,false,10,Eli Manning
base,75,Black Press Proof Die-Cut,false,1,Eli Manning
base,76,,false,,Mike Evans
base,76,Silver Press Proof,false,100,Mike Evans
base,76,Silver Press Proof Die-Cut,false,75,Mike Evans
base,76,Gold Press Proof,false,50,Mike Evans
base,76,Gold Press Proof Die-Cut,false,25,Mike Evans
base,76,Black Press Proof,false,10,Mike Evans
base,76,Black Press Proof Die-Cut,false,1,Mike Evans
base,77,,false,,Christian Gonzalez
base,77,Silver Press Proof,false,100,Christian Gonzalez
base,77,Silver Press Proof Die-Cut,false,75,Christian Gonzalez
base,77,Gold Press Proof,false,50,Christian Gonzalez
base,77,Gold Press Proof Die-Cut,false,25,Christian Gonzalez
base,77,Black Press Proof,false,10,Christian Gonzalez
base,77,Black Press Proof Die-Cut,false,1,Christian Gonzalez
base,78,,false,,Anthony Munoz
base,78,Silver Press Proof,false,100,Anthony Munoz
base,78,Silver Press Proof Die-Cut,false,75,Anthony Munoz
base,78,Gold Press Proof,false,50,Anthony Munoz
base,78,Gold Press Proof Die-Cut,false,25,Anthony Munoz
base,78,Black Press Proof,false,10,Anthony Munoz
base,78,Black Press Proof Die-Cut,false,1,Anthony Munoz
base,79,,false,,Tyler Allgeier
base,79,Silver Press Proof,false,100,Tyler Allgeier
base,79,Silver Press Proof Die-Cut,false,75,Tyler Allgeier
base,79,Gold Press Proof,false,50,Tyler Allgeier
base,79,Gold Press Proof Die-Cut,false,25,Tyler Allgeier
base,79,Black Press Proof,false,10,Tyler Allgeier
base,79,Black Press Proof Die-Cut,false,1,Tyler Allgeier
base,80,,false,,Baker Mayfield
base,80,Silver Press Proof,false,100,Baker Mayfield
base,80,Silver Press Proof Die-Cut,false,75,Baker Mayfield
base,80,Gold Press Proof,false,50,Baker Mayfield
base,80,Gold Press Proof Die-Cut,false,25,Baker Mayfield
base,80,Black Press Proof,false,10,Baker Mayfield
base,80,Black Press Proof Die-Cut,false,1,Baker Mayfield
base,81,,false,,Alex Anzalone
base,81,Silver Press Proof,false,100,Alex Anzalone
base,81,Silver Press Proof Die-Cut,false,75,Alex Anzalone
base,81,Gold Press Proof,false,50,Alex Anzalone
base,81,Gold Press Proof Die-Cut,false,25,Alex Anzalone
base,81,Black Press Proof,false,10,Alex Anzalone
base,81,Black Press Proof Die-Cut,false,1,Alex Anzalone
base,82,,false,,Tee Higgins
base,82,Silver Press Proof,false,100,Tee Higgins
base,82,Silver Press Proof Die-Cut,false,75,Tee Higgins
base,82,Gold Press Proof,false,50,Tee Higgins
base,82,Gold Press Proof Die-Cut,false,25,Tee Higgins
base,82,Black Press Proof,false,10,Tee Higgins
base,82,Black Press Proof Die-Cut,false,1,Tee Higgins
base,83,,false,,Montez Sweat
base,83,Silver Press Proof,false,100,Montez Sweat
base,83,Silver Press Proof Die-Cut,false,75,Montez Sweat
base,83,Gold Press Proof,false,50,Montez Sweat
base,83,Gold Press Proof Die-Cut,false,25,Montez Sweat
base,83,Black Press Proof,false,10,Montez Sweat
base,83,Black Press Proof Die-Cut,false,1,Montez Sweat
base,84,,false,,Jakobi Meyers
base,84,Silver Press Proof,false,100,Jakobi Meyers
base,84,Silver Press Proof Die-Cut,false,75,Jakobi Meyers
base,84,Gold Press Proof,false,50,Jakobi Meyers
base,84,Gold Press Proof Die-Cut,false,25,Jakobi Meyers
base,84,Black Press Proof,false,10,Jakobi Meyers
base,84,Black Press Proof Die-Cut,false,1,Jakobi Meyers
base,85,,false,,Micah Parsons
base,85,Silver Press Proof,false,100,Micah Parsons
base,85,Silver Press Proof Die-Cut,false,75,Micah Parsons
base,85,Gold Press Proof,false,50,Micah Parsons
base,85,Gold Press Proof Die-Cut,false,25,Micah Parsons
base,85,Black Press Proof,false,10,Micah Parsons
base,85,Black Press Proof Die-Cut,false,1,Micah Parsons
base,86,,false,,Greg Zuerlein
base,86,Silver Press Proof,false,100,Greg Zuerlein
base,86,Silver Press Proof Die-Cut,false,75,Greg Zuerlein
base,86,Gold Press Proof,false,50,Greg Zuerlein
base,86,Gold Press Proof Die-Cut,false,25,Greg Zuerlein
base,86,Black Press Proof,false,10,Greg Zuerlein
base,86,Black Press Proof Die-Cut,false,1,Greg Zuerlein
base,87,,false,,Dwight Freeney
base,87,Silver Press Proof,false,100,Dwight Freeney
base,87,Silver Press Proof Die-Cut,false,75,Dwight Freeney
base,87,Gold Press Proof,false,50,Dwight Freeney
base,87,Gold Press Proof Die-Cut,false,25,Dwight Freeney
base,87,Black Press Proof,false,10,Dwight Freeney
base,87,Black Press Proof Die-Cut,false,1,Dwight Freeney
base,88,,false,,Plaxico Burress
base,88,Silver Press Proof,false,100,Plaxico Burress
base,88,Silver Press Proof Die-Cut,false,75,Plaxico Burress
base,88,Gold Press Proof,false,50,Plaxico Burress
base,88,Gold Press Proof Die-Cut,false,25,Plaxico Burress
base,88,Black Press Proof,false,10,Plaxico Burress
base,88,Black Press Proof Die-Cut,false,1,Plaxico Burress
base,89,,false,,Patrick Queen
base,89,Silver Press Proof,false,100,Patrick Queen
base,89,Silver Press Proof Die-Cut,false,75,Patrick Queen
base,89,Gold Press Proof,false,50,Patrick Queen
base,89,Gold Press Proof Die-Cut,false,25,Patrick Queen
base,89,Black Press Proof,false,10,Patrick Queen
base,89,Black Press Proof Die-Cut,false,1,Patrick Queen
base,90,,false,,Tua Tagovailoa
base,90,Silver Press Proof,false,100,Tua Tagovailoa
base,90,Silver Press Proof Die-Cut,false,75,Tua Tagovailoa
base,90,Gold Press Proof,false,50,Tua Tagovailoa
base,90,Gold Press Proof Die-Cut,false,25,Tua Tagovailoa
base,90,Black Press Proof,false,10,Tua Tagovailoa
base,90,Black Press Proof Die-Cut,false,1,Tua Tagovailoa
base,91,,false,,Demario Douglas
base,91,Silver Press Proof,false,100,Demario Douglas
base,91,Silver Press Proof Die-Cut,false,75,Demario Douglas
base,91,Gold Press Proof,false,50,Demario Douglas
base,91,Gold Press Proof Die-Cut,false,25,Demario Douglas
base,91,Black Press Proof,false,10,Demario Douglas
base,91,Black Press Proof Die-Cut,false,1,Demario Douglas
base,92,,false,,Romeo Doubs
base,92,Silver Press Proof,false,100,Romeo Doubs
base,92,Silver Press Proof Die-Cut,false,75,Romeo Doubs
base,92,Gold Press Proof,false,50,Romeo Doubs
base,92,Gold Press Proof Die-Cut,false,25,Romeo Doubs
base,92,Black Press Proof,false,10,Romeo Doubs
base,92,Black Press Proof Die-Cut,false,1,Romeo Doubs
base,93,,false,,Lane Johnson
base,93,Silver Press Proof,false,100,Lane Johnson
base,93,Silver Press Proof Die-Cut,false,75,Lane Johnson
base,93,Gold Press Proof,false,50,Lane Johnson
base,93,Gold Press Proof Die-Cut,false,25,Lane Johnson
base,93,Black Press Proof,false,10,Lane Johnson
base,93,Black Press Proof Die-Cut,false,1,Lane Johnson
base,94,,false,,Aidan Hutchinson
base,94,Silver Press Proof,false,100,Aidan Hutchinson
base,94,Silver Press Proof Die-Cut,false,75,Aidan Hutchinson
base,94,Gold Press Proof,false,50,Aidan Hutchinson
base,94,Gold Press Proof Die-Cut,false,25,Aidan Hutchinson
base,94,Black Press Proof,false,10,Aidan Hutchinson
base,94,Black Press Proof Die-Cut,false,1,Aidan Hutchinson
base,95,,false,,Ja'Marr Chase
base,95,Silver Press Proof,false,100,Ja'Marr Chase
base,95,Silver Press Proof Die-Cut,false,75,Ja'Marr Chase
base,95,Gold Press Proof,false,50,Ja'Marr Chase
base,95,Gold Press Proof Die-Cut,false,25,Ja'Marr Chase
base,95,Black Press Proof,false,10,Ja'Marr Chase
base,95,Black Press Proof Die-Cut,false,1,Ja'Marr Chase
base,96,,false,,Kenneth Walker III
base,96,Silver Press Proof,false,100,Kenneth Walker III
base,96,Silver Press Proof Die-Cut,false,75,Kenneth Walker III
base,96,Gold Press Proof,false,50,Kenneth Walker III
base,96,Gold Press Proof Die-Cut,false,25,Kenneth Walker III
base,96,Black Press Proof,false,10,Kenneth Walker III
base,96,Black Press Proof Die-Cut,false,1,Kenneth Walker III
base,97,,false,,Mike Vrabel
base,97,Silver Press Proof,false,100,Mike Vrabel
base,97,Silver Press Proof Die-Cut,false,75,Mike Vrabel
base,97,Gold Press Proof,false,50,Mike Vrabel
base,97,Gold Press Proof Die-Cut,false,25,Mike Vrabel
base,97,Black Press Proof,false,10,Mike Vrabel
base,97,Black Press Proof Die-Cut,false,1,Mike Vrabel
base,98,,false,,Najee Harris
base,98,Silver Press Proof,false,100,Najee Harris
base,98,Silver Press Proof Die-Cut,false,75,Najee Harris
base,98,Gold Press Proof,false,50,Najee Harris
base,98,Gold Press Proof Die-Cut,false,25,Najee Harris
base,98,Black Press Proof,false,10,Najee Harris
base,98,Black Press Proof Die-Cut,false,1,Najee Harris
base,99,,false,,Bobby Okereke
base,99,Silver Press Proof,false,100,Bobby Okereke
base,99,Silver Press Proof Die-Cut,false,75,Bobby Okereke
base,99,Gold Press Proof,false,50,Bobby Okereke
base,99,Gold Press Proof Die-Cut,false,25,Bobby Okereke
base,99,Black Press Proof,false,10,Bobby Okereke
base,99,Black Press Proof Die-Cut,false,1,Bobby Okereke
base,100,,false,,Patrick Mahomes II
base,100,Silver Press Proof,false,100,Patrick Mahomes II
base,100,Silver Press Proof Die-Cut,false,75,Patrick Mahomes II
base,100,Gold Press Proof,false,50,Patrick Mahomes II
base,100,Gold Press Proof Die-Cut,false,25,Patrick Mahomes II
base,100,Black Press Proof,false,10,Patrick Mahomes II
base,100,Black Press Proof Die-Cut,false,1,Patrick Mahomes II
base,101,,false,,David Montgomery
base,101,Silver Press Proof,false,100,David Montgomery
base,101,Silver Press Proof Die-Cut,false,75,David Montgomery
base,101,Gold Press Proof,false,50,David Montgomery
base,101,Gold Press Proof Die-Cut,false,25,David Montgomery
base,101,Black Press Proof,false,10,David Montgomery
base,101,Black Press Proof Die-Cut,false,1,David Montgomery
base,102,,false,,Rickey Jackson
base,102,Silver Press Proof,false,100,Rickey Jackson
base,102,Silver Press Proof Die-Cut,false,75,Rickey Jackson
base,102,Gold Press Proof,false,50,Rickey Jackson
base,102,Gold Press Proof Die-Cut,false,25,Rickey Jackson
base,102,Black Press Proof,false,10,Rickey Jackson
base,102,Black Press Proof Die-Cut,false,1,Rickey Jackson
base,103,,false,,Joe Thuney
base,103,Silver Press Proof,false,100,Joe Thuney
base,103,Silver Press Proof Die-Cut,false,75,Joe Thuney
base,103,Gold Press Proof,false,50,Joe Thuney
base,103,Gold Press Proof Die-Cut,false,25,Joe Thuney
base,103,Black Press Proof,false,10,Joe Thuney
base,103,Black Press Proof Die-Cut,false,1,Joe Thuney
base,104,,false,,Ivan Pace Jr.
base,104,Silver Press Proof,false,100,Ivan Pace Jr.
base,104,Silver Press Proof Die-Cut,false,75,Ivan Pace Jr.
base,104,Gold Press Proof,false,50,Ivan Pace Jr.
base,104,Gold Press Proof Die-Cut,false,25,Ivan Pace Jr.
base,104,Black Press Proof,false,10,Ivan Pace Jr.
base,104,Black Press Proof Die-Cut,false,1,Ivan Pace Jr.
base,105,,false,,James Cook
base,105,Silver Press Proof,false,100,James Cook
base,105,Silver Press Proof Die-Cut,false,75,James Cook
base,105,Gold Press Proof,false,50,James Cook
base,105,Gold Press Proof Die-Cut,false,25,James Cook
base,105,Black Press Proof,false,10,James Cook
base,105,Black Press Proof Die-Cut,false,1,James Cook
base,106,,false,,DaRon Bland
base,106,Silver Press Proof,false,100,DaRon Bland
base,106,Silver Press Proof Die-Cut,false,75,DaRon Bland
base,106,Gold Press Proof,false,50,DaRon Bland
base,106,Gold Press Proof Die-Cut,false,25,DaRon Bland
base,106,Black Press Proof,false,10,DaRon Bland
base,106,Black Press Proof Die-Cut,false,1,DaRon Bland
base,107,,false,,Nick Chubb
base,107,Silver Press Proof,false,100,Nick Chubb
base,107,Silver Press Proof Die-Cut,false,75,Nick Chubb
base,107,Gold Press Proof,false,50,Nick Chubb
base,107,Gold Press Proof Die-Cut,false,25,Nick Chubb
base,107,Black Press Proof,false,10,Nick Chubb
base,107,Black Press Proof Die-Cut,false,1,Nick Chubb
base,108,,false,,Gabriel Davis
base,108,Silver Press Proof,false,100,Gabriel Davis
base,108,Silver Press Proof Die-Cut,false,75,Gabriel Davis
base,108,Gold Press Proof,false,50,Gabriel Davis
base,108,Gold Press Proof Die-Cut,false,25,Gabriel Davis
base,108,Black Press Proof,false,10,Gabriel Davis
base,108,Black Press Proof Die-Cut,false,1,Gabriel Davis
base,109,,false,,Nico Collins
base,109,Silver Press Proof,false,100,Nico Collins
base,109,Silver Press Proof Die-Cut,false,75,Nico Collins
base,109,Gold Press Proof,false,50,Nico Collins
base,109,Gold Press Proof Die-Cut,false,25,Nico Collins
base,109,Black Press Proof,false,10,Nico Collins
base,109,Black Press Proof Die-Cut,false,1,Nico Collins
base,110,,false,,Aaron Rodgers
base,110,Silver Press Proof,false,100,Aaron Rodgers
base,110,Silver Press Proof Die-Cut,false,75,Aaron Rodgers
base,110,Gold Press Proof,false,50,Aaron Rodgers
base,110,Gold Press Proof Die-Cut,false,25,Aaron Rodgers
base,110,Black Press Proof,false,10,Aaron Rodgers
base,110,Black Press Proof Die-Cut,false,1,Aaron Rodgers
base,111,,false,,Harold Landry
base,111,Silver Press Proof,false,100,Harold Landry
base,111,Silver Press Proof Die-Cut,false,75,Harold Landry
base,111,Gold Press Proof,false,50,Harold Landry
base,111,Gold Press Proof Die-Cut,false,25,Harold Landry
base,111,Black Press Proof,false,10,Harold Landry
base,111,Black Press Proof Die-Cut,false,1,Harold Landry
base,112,,false,,George Kittle
base,112,Silver Press Proof,false,100,George Kittle
base,112,Silver Press Proof Die-Cut,false,75,George Kittle
base,112,Gold Press Proof,false,50,George Kittle
base,112,Gold Press Proof Die-Cut,false,25,George Kittle
base,112,Black Press Proof,false,10,George Kittle
base,112,Black Press Proof Die-Cut,false,1,George Kittle
base,113,,false,,Ka'imi Fairbairn
base,113,Silver Press Proof,false,100,Ka'imi Fairbairn
base,113,Silver Press Proof Die-Cut,false,75,Ka'imi Fairbairn
base,113,Gold Press Proof,false,50,Ka'imi Fairbairn
base,113,Gold Press Proof Die-Cut,false,25,Ka'imi Fairbairn
base,113,Black Press Proof,false,10,Ka'imi Fairbairn
base,113,Black Press Proof Die-Cut,false,1,Ka'imi Fairbairn
base,114,,false,,Tariq Woolen
base,114,Silver Press Proof,false,100,Tariq Woolen
base,114,Silver Press Proof Die-Cut,false,75,Tariq Woolen
base,114,Gold Press Proof,false,50,Tariq Woolen
base,114,Gold Press Proof Die-Cut,false,25,Tariq Woolen
base,114,Black Press Proof,false,10,Tariq Woolen
base,114,Black Press Proof Die-Cut,false,1,Tariq Woolen
base,115,,false,,Myles Garrett
base,115,Silver Press Proof,false,100,Myles Garrett
base,115,Silver Press Proof Die-Cut,false,75,Myles Garrett
base,115,Gold Press Proof,false,50,Myles Garrett
base,115,Gold Press Proof Die-Cut,false,25,Myles Garrett
base,115,Black Press Proof,false,10,Myles Garrett
base,115,Black Press Proof Die-Cut,false,1,Myles Garrett
base,116,,false,,Quenton Nelson
base,116,Silver Press Proof,false,100,Quenton Nelson
base,116,Silver Press Proof Die-Cut,false,75,Quenton Nelson
base,116,Gold Press Proof,false,50,Quenton Nelson
base,116,Gold Press Proof Die-Cut,false,25,Quenton Nelson
base,116,Black Press Proof,false,10,Quenton Nelson
base,116,Black Press Proof Die-Cut,false,1,Quenton Nelson
base,117,,false,,Chuba Hubbard
base,117,Silver Press Proof,false,100,Chuba Hubbard
base,117,Silver Press Proof Die-Cut,false,75,Chuba Hubbard
base,117,Gold Press Proof,false,50,Chuba Hubbard
base,117,Gold Press Proof Die-Cut,false,25,Chuba Hubbard
base,117,Black Press Proof,false,10,Chuba Hubbard
base,117,Black Press Proof Die-Cut,false,1,Chuba Hubbard
base,118,,false,,Trey McBride
base,118,Silver Press Proof,false,100,Trey McBride
base,118,Silver Press Proof Die-Cut,false,75,Trey McBride
base,118,Gold Press Proof,false,50,Trey McBride
base,118,Gold Press Proof Die-Cut,false,25,Trey McBride
base,118,Black Press Proof,false,10,Trey McBride
base,118,Black Press Proof Die-Cut,false,1,Trey McBride
base,119,,false,,Mark Duper
base,119,Silver Press Proof,false,100,Mark Duper
base,119,Silver Press Proof Die-Cut,false,75,Mark Duper
base,119,Gold Press Proof,false,50,Mark Duper
base,119,Gold Press Proof Die-Cut,false,25,Mark Duper
base,119,Black Press Proof,false,10,Mark Duper
base,119,Black Press Proof Die-Cut,false,1,Mark Duper
base,120,,false,,Anthony Richardson
base,120,Silver Press Proof,false,100,Anthony Richardson
base,120,Silver Press Proof Die-Cut,false,75,Anthony Richardson
base,120,Gold Press Proof,false,50,Anthony Richardson
base,120,Gold Press Proof Die-Cut,false,25,Anthony Richardson
base,120,Black Press Proof,false,10,Anthony Richardson
base,120,Black Press Proof Die-Cut,false,1,Anthony Richardson
base,121,,false,,Roschon Johnson
base,121,Silver Press Proof,false,100,Roschon Johnson
base,121,Silver Press Proof Die-Cut,false,75,Roschon Johnson
base,121,Gold Press Proof,false,50,Roschon Johnson
base,121,Gold Press Proof Die-Cut,false,25,Roschon Johnson
base,121,Black Press Proof,false,10,Roschon Johnson
base,121,Black Press Proof Die-Cut,false,1,Roschon Johnson
base,122,,false,,Darren Waller
base,122,Silver Press Proof,false,100,Darren Waller
base,122,Silver Press Proof Die-Cut,false,75,Darren Waller
base,122,Gold Press Proof,false,50,Darren Waller
base,122,Gold Press Proof Die-Cut,false,25,Darren Waller
base,122,Black Press Proof,false,10,Darren Waller
base,122,Black Press Proof Die-Cut,false,1,Darren Waller
base,123,,false,,Danielle Hunter
base,123,Silver Press Proof,false,100,Danielle Hunter
base,123,Silver Press Proof Die-Cut,false,75,Danielle Hunter
base,123,Gold Press Proof,false,50,Danielle Hunter
base,123,Gold Press Proof Die-Cut,false,25,Danielle Hunter
base,123,Black Press Proof,false,10,Danielle Hunter
base,123,Black Press Proof Die-Cut,false,1,Danielle Hunter
base,124,,false,,Dalton Schultz
base,124,Silver Press Proof,false,100,Dalton Schultz
base,124,Silver Press Proof Die-Cut,false,75,Dalton Schultz
base,124,Gold Press Proof,false,50,Dalton Schultz
base,124,Gold Press Proof Die-Cut,false,25,Dalton Schultz
base,124,Black Press Proof,false,10,Dalton Schultz
base,124,Black Press Proof Die-Cut,false,1,Dalton Schultz
base,125,,false,,Jaylen Waddle
base,125,Silver Press Proof,false,100,Jaylen Waddle
base,125,Silver Press Proof Die-Cut,false,75,Jaylen Waddle
base,125,Gold Press Proof,false,50,Jaylen Waddle
base,125,Gold Press Proof Die-Cut,false,25,Jaylen Waddle
base,125,Black Press Proof,false,10,Jaylen Waddle
base,125,Black Press Proof Die-Cut,false,1,Jaylen Waddle
base,126,,false,,Warren Moon
base,126,Silver Press Proof,false,100,Warren Moon
base,126,Silver Press Proof Die-Cut,false,75,Warren Moon
base,126,Gold Press Proof,false,50,Warren Moon
base,126,Gold Press Proof Die-Cut,false,25,Warren Moon
base,126,Black Press Proof,false,10,Warren Moon
base,126,Black Press Proof Die-Cut,false,1,Warren Moon
base,127,,false,,Tyjae Spears
base,127,Silver Press Proof,false,100,Tyjae Spears
base,127,Silver Press Proof Die-Cut,false,75,Tyjae Spears
base,127,Gold Press Proof,false,50,Tyjae Spears
base,127,Gold Press Proof Die-Cut,false,25,Tyjae Spears
base,127,Black Press Proof,false,10,Tyjae Spears
base,127,Black Press Proof Die-Cut,false,1,Tyjae Spears
base,128,,false,,DK Metcalf
base,128,Silver Press Proof,false,100,DK Metcalf
base,128,Silver Press Proof Die-Cut,false,75,DK Metcalf
base,128,Gold Press Proof,false,50,DK Metcalf
base,128,Gold Press Proof Die-Cut,false,25,DK Metcalf
base,128,Black Press Proof,false,10,DK Metcalf
base,128,Black Press Proof Die-Cut,false,1,DK Metcalf
base,129,,false,,Mark Brunell
base,129,Silver Press Proof,false,100,Mark Brunell
base,129,Silver Press Proof Die-Cut,false,75,Mark Brunell
base,129,Gold Press Proof,false,50,Mark Brunell
base,129,Gold Press Proof Die-Cut,false,25,Mark Brunell
base,129,Black Press Proof,false,10,Mark Brunell
base,129,Black Press Proof Die-Cut,false,1,Mark Brunell
base,130,,false,,Lamar Jackson
base,130,Silver Press Proof,false,100,Lamar Jackson
base,130,Silver Press Proof Die-Cut,false,75,Lamar Jackson
base,130,Gold Press Proof,false,50,Lamar Jackson
base,130,Gold Press Proof Die-Cut,false,25,Lamar Jackson
base,130,Black Press Proof,false,10,Lamar Jackson
base,130,Black Press Proof Die-Cut,false,1,Lamar Jackson
base,131,,false,,Will Anderson Jr.
base,131,Silver Press Proof,false,100,Will Anderson Jr.
base,131,Silver Press Proof Die-Cut,false,75,Will Anderson Jr.
base,131,Gold Press Proof,false,50,Will Anderson Jr.
base,131,Gold Press Proof Die-Cut,false,25,Will Anderson Jr.
base,131,Black Press Proof,false,10,Will Anderson Jr.
base,131,Black Press Proof Die-Cut,false,1,Will Anderson Jr.
base,132,,false,,Christian Watson
base,132,Silver Press Proof,false,100,Christian Watson
base,132,Silver Press Proof Die-Cut,false,75,Christian Watson
base,132,Gold Press Proof,false,50,Christian Watson
base,132,Gold Press Proof Die-Cut,false,25,Christian Watson
base,132,Black Press Proof,false,10,Christian Watson
base,132,Black Press Proof Die-Cut,false,1,Christian Watson
base,133,,false,,Marshon Lattimore
base,133,Silver Press Proof,false,100,Marshon Lattimore
base,133,Silver Press Proof Die-Cut,false,75,Marshon Lattimore
base,133,Gold Press Proof,false,50,Marshon Lattimore
base,133,Gold Press Proof Die-Cut,false,25,Marshon Lattimore
base,133,Black Press Proof,false,10,Marshon Lattimore
base,133,Black Press Proof Die-Cut,false,1,Marshon Lattimore
base,134,,false,,Courtland Sutton
base,134,Silver Press Proof,false,100,Courtland Sutton
base,134,Silver Press Proof Die-Cut,false,75,Courtland Sutton
base,134,Gold Press Proof,false,50,Courtland Sutton
base,134,Gold Press Proof Die-Cut,false,25,Courtland Sutton
base,134,Black Press Proof,false,10,Courtland Sutton
base,134,Black Press Proof Die-Cut,false,1,Courtland Sutton
base,135,,false,,Steve Young
base,135,Silver Press Proof,false,100,Steve Young
base,135,Silver Press Proof Die-Cut,false,75,Steve Young
base,135,Gold Press Proof,false,50,Steve Young
base,135,Gold Press Proof Die-Cut,false,25,Steve Young
base,135,Black Press Proof,false,10,Steve Young
base,135,Black Press Proof Die-Cut,false,1,Steve Young
base,136,,false,,Jerome Ford
base,136,Silver Press Proof,false,100,Jerome Ford
base,136,Silver Press Proof Die-Cut,false,75,Jerome Ford
base,136,Gold Press Proof,false,50,Jerome Ford
base,136,Gold Press Proof Die-Cut,false,25,Jerome Ford
base,136,Black Press Proof,false,10,Jerome Ford
base,136,Black Press Proof Die-Cut,false,1,Jerome Ford
base,137,,false,,DJ Moore
base,137,Silver Press Proof,false,100,DJ Moore
base,137,Silver Press Proof Die-Cut,false,75,DJ Moore
base,137,Gold Press Proof,false,50,DJ Moore
base,137,Gold Press Proof Die-Cut,false,25,DJ Moore
base,137,Black Press Proof,false,10,DJ Moore
base,137,Black Press Proof Die-Cut,false,1,DJ Moore
base,138,,false,,Preston Smith
base,138,Silver Press Proof,false,100,Preston Smith
base,138,Silver Press Proof Die-Cut,false,75,Preston Smith
base,138,Gold Press Proof,false,50,Preston Smith
base,138,Gold Press Proof Die-Cut,false,25,Preston Smith
base,138,Black Press Proof,false,10,Preston Smith
base,138,Black Press Proof Die-Cut,false,1,Preston Smith
base,139,,false,,Amon-Ra St. Brown
base,139,Silver Press Proof,false,100,Amon-Ra St. Brown
base,139,Silver Press Proof Die-Cut,false,75,Amon-Ra St. Brown
base,139,Gold Press Proof,false,50,Amon-Ra St. Brown
base,139,Gold Press Proof Die-Cut,false,25,Amon-Ra St. Brown
base,139,Black Press Proof,false,10,Amon-Ra St. Brown
base,139,Black Press Proof Die-Cut,false,1,Amon-Ra St. Brown
base,140,,false,,Kyler Murray
base,140,Silver Press Proof,false,100,Kyler Murray
base,140,Silver Press Proof Die-Cut,false,75,Kyler Murray
base,140,Gold Press Proof,false,50,Kyler Murray
base,140,Gold Press Proof Die-Cut,false,25,Kyler Murray
base,140,Black Press Proof,false,10,Kyler Murray
base,140,Black Press Proof Die-Cut,false,1,Kyler Murray
base,141,,false,,Steve Atwater
base,141,Silver Press Proof,false,100,Steve Atwater
base,141,Silver Press Proof Die-Cut,false,75,Steve Atwater
base,141,Gold Press Proof,false,50,Steve Atwater
base,141,Gold Press Proof Die-Cut,false,25,Steve Atwater
base,141,Black Press Proof,false,10,Steve Atwater
base,141,Black Press Proof Die-Cut,false,1,Steve Atwater
base,142,,false,,DeForest Buckner
base,142,Silver Press Proof,false,100,DeForest Buckner
base,142,Silver Press Proof Die-Cut,false,75,DeForest Buckner
base,142,Gold Press Proof,false,50,DeForest Buckner
base,142,Gold Press Proof Die-Cut,false,25,DeForest Buckner
base,142,Black Press Proof,false,10,DeForest Buckner
base,142,Black Press Proof Die-Cut,false,1,DeForest Buckner
base,143,,false,,Jahmyr Gibbs
base,143,Silver Press Proof,false,100,Jahmyr Gibbs
base,143,Silver Press Proof Die-Cut,false,75,Jahmyr Gibbs
base,143,Gold Press Proof,false,50,Jahmyr Gibbs
base,143,Gold Press Proof Die-Cut,false,25,Jahmyr Gibbs
base,143,Black Press Proof,false,10,Jahmyr Gibbs
base,143,Black Press Proof Die-Cut,false,1,Jahmyr Gibbs
base,144,,false,,Devon Witherspoon
base,144,Silver Press Proof,false,100,Devon Witherspoon
base,144,Silver Press Proof Die-Cut,false,75,Devon Witherspoon
base,144,Gold Press Proof,false,50,Devon Witherspoon
base,144,Gold Press Proof Die-Cut,false,25,Devon Witherspoon
base,144,Black Press Proof,false,10,Devon Witherspoon
base,144,Black Press Proof Die-Cut,false,1,Devon Witherspoon
base,145,,false,,Mark Rypien
base,145,Silver Press Proof,false,100,Mark Rypien
base,145,Silver Press Proof Die-Cut,false,75,Mark Rypien
base,145,Gold Press Proof,false,50,Mark Rypien
base,145,Gold Press Proof Die-Cut,false,25,Mark Rypien
base,145,Black Press Proof,false,10,Mark Rypien
base,145,Black Press Proof Die-Cut,false,1,Mark Rypien
base,146,,false,,Darius Slayton
base,146,Silver Press Proof,false,100,Darius Slayton
base,146,Silver Press Proof Die-Cut,false,75,Darius Slayton
base,146,Gold Press Proof,false,50,Darius Slayton
base,146,Gold Press Proof Die-Cut,false,25,Darius Slayton
base,146,Black Press Proof,false,10,Darius Slayton
base,146,Black Press Proof Die-Cut,false,1,Darius Slayton
base,147,,false,,Jaleel McLaughlin
base,147,Silver Press Proof,false,100,Jaleel McLaughlin
base,147,Silver Press Proof Die-Cut,false,75,Jaleel McLaughlin
base,147,Gold Press Proof,false,50,Jaleel McLaughlin
base,147,Gold Press Proof Die-Cut,false,25,Jaleel McLaughlin
base,147,Black Press Proof,false,10,Jaleel McLaughlin
base,147,Black Press Proof Die-Cut,false,1,Jaleel McLaughlin
base,148,,false,,Jamal Lewis
base,148,Silver Press Proof,false,100,Jamal Lewis
base,148,Silver Press Proof Die-Cut,false,75,Jamal Lewis
base,148,Gold Press Proof,false,50,Jamal Lewis
base,148,Gold Press Proof Die-Cut,false,25,Jamal Lewis
base,148,Black Press Proof,false,10,Jamal Lewis
base,148,Black Press Proof Die-Cut,false,1,Jamal Lewis
base,149,,false,,Richard Sherman
base,149,Silver Press Proof,false,100,Richard Sherman
base,149,Silver Press Proof Die-Cut,false,75,Richard Sherman
base,149,Gold Press Proof,false,50,Richard Sherman
base,149,Gold Press Proof Die-Cut,false,25,Richard Sherman
base,149,Black Press Proof,false,10,Richard Sherman
base,149,Black Press Proof Die-Cut,false,1,Richard Sherman
base,150,,false,,Brock Purdy
base,150,Silver Press Proof,false,100,Brock Purdy
base,150,Silver Press Proof Die-Cut,false,75,Brock Purdy
base,150,Gold Press Proof,false,50,Brock Purdy
base,150,Gold Press Proof Die-Cut,false,25,Brock Purdy
base,150,Black Press Proof,false,10,Brock Purdy
base,150,Black Press Proof Die-Cut,false,1,Brock Purdy
base,151,,false,,Keyshawn Johnson
base,151,Silver Press Proof,false,100,Keyshawn Johnson
base,151,Silver Press Proof Die-Cut,false,75,Keyshawn Johnson
base,151,Gold Press Proof,false,50,Keyshawn Johnson
base,151,Gold Press Proof Die-Cut,false,25,Keyshawn Johnson
base,151,Black Press Proof,false,10,Keyshawn Johnson
base,151,Black Press Proof Die-Cut,false,1,Keyshawn Johnson
base,152,,false,,Evan Engram
base,152,Silver Press Proof,false,100,Evan Engram
base,152,Silver Press Proof Die-Cut,false,75,Evan Engram
base,152,Gold Press Proof,false,50,Evan Engram
base,152,Gold Press Proof Die-Cut,false,25,Evan Engram
base,152,Black Press Proof,false,10,Evan Engram
base,152,Black Press Proof Die-Cut,false,1,Evan Engram
base,153,,false,,Jordan Addison
base,153,Silver Press Proof,false,100,Jordan Addison
base,153,Silver Press Proof Die-Cut,false,75,Jordan Addison
base,153,Gold Press Proof,false,50,Jordan Addison
base,153,Gold Press Proof Die-Cut,false,25,Jordan Addison
base,153,Black Press Proof,false,10,Jordan Addison
base,153,Black Press Proof Die-Cut,false,1,Jordan Addison
base,154,,false,,Jake Ferguson
base,154,Silver Press Proof,false,100,Jake Ferguson
base,154,Silver Press Proof Die-Cut,false,75,Jake Ferguson
base,154,Gold Press Proof,false,50,Jake Ferguson
base,154,Gold Press Proof Die-Cut,false,25,Jake Ferguson
base,154,Black Press Proof,false,10,Jake Ferguson
base,154,Black Press Proof Die-Cut,false,1,Jake Ferguson
base,155,,false,,Joe Mixon
base,155,Silver Press Proof,false,100,Joe Mixon
base,155,Silver Press Proof Die-Cut,false,75,Joe Mixon
base,155,Gold Press Proof,false,50,Joe Mixon
base,155,Gold Press Proof Die-Cut,false,25,Joe Mixon
base,155,Black Press Proof,false,10,Joe Mixon
base,155,Black Press Proof Die-Cut,false,1,Joe Mixon
base,156,,false,,Dexter Manley
base,156,Silver Press Proof,false,100,Dexter Manley
base,156,Silver Press Proof Die-Cut,false,75,Dexter Manley
base,156,Gold Press Proof,false,50,Dexter Manley
base,156,Gold Press Proof Die-Cut,false,25,Dexter Manley
base,156,Black Press Proof,false,10,Dexter Manley
base,156,Black Press Proof Die-Cut,false,1,Dexter Manley
base,157,,false,,DeVonta Smith
base,157,Silver Press Proof,false,100,DeVonta Smith
base,157,Silver Press Proof Die-Cut,false,75,DeVonta Smith
base,157,Gold Press Proof,false,50,DeVonta Smith
base,157,Gold Press Proof Die-Cut,false,25,DeVonta Smith
base,157,Black Press Proof,false,10,DeVonta Smith
base,157,Black Press Proof Die-Cut,false,1,DeVonta Smith
base,158,,false,,Jaire Alexander
base,158,Silver Press Proof,false,100,Jaire Alexander
base,158,Silver Press Proof Die-Cut,false,75,Jaire Alexander
base,158,Gold Press Proof,false,50,Jaire Alexander
base,158,Gold Press Proof Die-Cut,false,25,Jaire Alexander
base,158,Black Press Proof,false,10,Jaire Alexander
base,158,Black Press Proof Die-Cut,false,1,Jaire Alexander
base,159,,false,,Marquise Brown
base,159,Silver Press Proof,false,100,Marquise Brown
base,159,Silver Press Proof Die-Cut,false,75,Marquise Brown
base,159,Gold Press Proof,false,50,Marquise Brown
base,159,Gold Press Proof Die-Cut,false,25,Marquise Brown
base,159,Black Press Proof,false,10,Marquise Brown
base,159,Black Press Proof Die-Cut,false,1,Marquise Brown
base,160,,false,,Russell Wilson
base,160,Silver Press Proof,false,100,Russell Wilson
base,160,Silver Press Proof Die-Cut,false,75,Russell Wilson
base,160,Gold Press Proof,false,50,Russell Wilson
base,160,Gold Press Proof Die-Cut,false,25,Russell Wilson
base,160,Black Press Proof,false,10,Russell Wilson
base,160,Black Press Proof Die-Cut,false,1,Russell Wilson
base,161,,false,,James Lofton
base,161,Silver Press Proof,false,100,James Lofton
base,161,Silver Press Proof Die-Cut,false,75,James Lofton
base,161,Gold Press Proof,false,50,James Lofton
base,161,Gold Press Proof Die-Cut,false,25,James Lofton
base,161,Black Press Proof,false,10,James Lofton
base,161,Black Press Proof Die-Cut,false,1,James Lofton
base,162,,false,,Bijan Robinson
base,162,Silver Press Proof,false,100,Bijan Robinson
base,162,Silver Press Proof Die-Cut,false,75,Bijan Robinson
base,162,Gold Press Proof,false,50,Bijan Robinson
base,162,Gold Press Proof Die-Cut,false,25,Bijan Robinson
base,162,Black Press Proof,false,10,Bijan Robinson
base,162,Black Press Proof Die-Cut,false,1,Bijan Robinson
base,163,,false,,Grady Jarrett
base,163,Silver Press Proof,false,100,Grady Jarrett
base,163,Silver Press Proof Die-Cut,false,75,Grady Jarrett
base,163,Gold Press Proof,false,50,Grady Jarrett
base,163,Gold Press Proof Die-Cut,false,25,Grady Jarrett
base,163,Black Press Proof,false,10,Grady Jarrett
base,163,Black Press Proof Die-Cut,false,1,Grady Jarrett
base,164,,false,,Garrett Wilson
base,164,Silver Press Proof,false,100,Garrett Wilson
base,164,Silver Press Proof Die-Cut,false,75,Garrett Wilson
base,164,Gold Press Proof,false,50,Garrett Wilson
base,164,Gold Press Proof Die-Cut,false,25,Garrett Wilson
base,164,Black Press Proof,false,10,Garrett Wilson
base,164,Black Press Proof Die-Cut,false,1,Garrett Wilson
base,165,,false,,Danny White
base,165,Silver Press Proof,false,100,Danny White
base,165,Silver Press Proof Die-Cut,false,75,Danny White
base,165,Gold Press Proof,false,50,Danny White
base,165,Gold Press Proof Die-Cut,false,25,Danny White
base,165,Black Press Proof,false,10,Danny White
base,165,Black Press Proof Die-Cut,false,1,Danny White
base,166,,false,,Andre Reed
base,166,Silver Press Proof,false,100,Andre Reed
base,166,Silver Press Proof Die-Cut,false,75,Andre Reed
base,166,Gold Press Proof,false,50,Andre Reed
base,166,Gold Press Proof Die-Cut,false,25,Andre Reed
base,166,Black Press Proof,false,10,Andre Reed
base,166,Black Press Proof Die-Cut,false,1,Andre Reed
base,167,,false,,Trey Hendrickson
base,167,Silver Press Proof,false,100,Trey Hendrickson
base,167,Silver Press Proof Die-Cut,false,75,Trey Hendrickson
base,167,Gold Press Proof,false,50,Trey Hendrickson
base,167,Gold Press Proof Die-Cut,false,25,Trey Hendrickson
base,167,Black Press Proof,false,10,Trey Hendrickson
base,167,Black Press Proof Die-Cut,false,1,Trey Hendrickson
base,168,,false,,Xavier Gipson
base,168,Silver Press Proof,false,100,Xavier Gipson
base,168,Silver Press Proof Die-Cut,false,75,Xavier Gipson
base,168,Gold Press Proof,false,50,Xavier Gipson
base,168,Gold Press Proof Die-Cut,false,25,Xavier Gipson
base,168,Black Press Proof,false,10,Xavier Gipson
base,168,Black Press Proof Die-Cut,false,1,Xavier Gipson
base,169,,false,,Gus Edwards
base,169,Silver Press Proof,false,100,Gus Edwards
base,169,Silver Press Proof Die-Cut,false,75,Gus Edwards
base,169,Gold Press Proof,false,50,Gus Edwards
base,169,Gold Press Proof Die-Cut,false,25,Gus Edwards
base,169,Black Press Proof,false,10,Gus Edwards
base,169,Black Press Proof Die-Cut,false,1,Gus Edwards
base,170,,false,,Daniel Jones
base,170,Silver Press Proof,false,100,Daniel Jones
base,170,Silver Press Proof Die-Cut,false,75,Daniel Jones
base,170,Gold Press Proof,false,50,Daniel Jones
base,170,Gold Press Proof Die-Cut,false,25,Daniel Jones
base,170,Black Press Proof,false,10,Daniel Jones
base,170,Black Press Proof Die-Cut,false,1,Daniel Jones
base,171,,false,,Joey Bosa
base,171,Silver Press Proof,false,100,Joey Bosa
base,171,Silver Press Proof Die-Cut,false,75,Joey Bosa
base,171,Gold Press Proof,false,50,Joey Bosa
base,171,Gold Press Proof Die-Cut,false,25,Joey Bosa
base,171,Black Press Proof,false,10,Joey Bosa
base,171,Black Press Proof Die-Cut,false,1,Joey Bosa
base,172,,false,,Jeff Blake
base,172,Silver Press Proof,false,100,Jeff Blake
base,172,Silver Press Proof Die-Cut,false,75,Jeff Blake
base,172,Gold Press Proof,false,50,Jeff Blake
base,172,Gold Press Proof Die-Cut,false,25,Jeff Blake
base,172,Black Press Proof,false,10,Jeff Blake
base,172,Black Press Proof Die-Cut,false,1,Jeff Blake
base,173,,false,,Lavonte David
base,173,Silver Press Proof,false,100,Lavonte David
base,173,Silver Press Proof Die-Cut,false,75,Lavonte David
base,173,Gold Press Proof,false,50,Lavonte David
base,173,Gold Press Proof Die-Cut,false,25,Lavonte David
base,173,Black Press Proof,false,10,Lavonte David
base,173,Black Press Proof Die-Cut,false,1,Lavonte David
base,174,,false,,Rhamondre Stevenson
base,174,Silver Press Proof,false,100,Rhamondre Stevenson
base,174,Silver Press Proof Die-Cut,false,75,Rhamondre Stevenson
base,174,Gold Press Proof,false,50,Rhamondre Stevenson
base,174,Gold Press Proof Die-Cut,false,25,Rhamondre Stevenson
base,174,Black Press Proof,false,10,Rhamondre Stevenson
base,174,Black Press Proof Die-Cut,false,1,Rhamondre Stevenson
base,175,,false,,Joe Namath
base,175,Silver Press Proof,false,100,Joe Namath
base,175,Silver Press Proof Die-Cut,false,75,Joe Namath
base,175,Gold Press Proof,false,50,Joe Namath
base,175,Gold Press Proof Die-Cut,false,25,Joe Namath
base,175,Black Press Proof,false,10,Joe Namath
base,175,Black Press Proof Die-Cut,false,1,Joe Namath
base,176,,false,,Muhsin Muhammad
base,176,Silver Press Proof,false,100,Muhsin Muhammad
base,176,Silver Press Proof Die-Cut,false,75,Muhsin Muhammad
base,176,Gold Press Proof,false,50,Muhsin Muhammad
base,176,Gold Press Proof Die-Cut,false,25,Muhsin Muhammad
base,176,Black Press Proof,false,10,Muhsin Muhammad
base,176,Black Press Proof Die-Cut,false,1,Muhsin Muhammad
base,177,,false,,Jake Elliott
base,177,Silver Press Proof,false,100,Jake Elliott
base,177,Silver Press Proof Die-Cut,false,75,Jake Elliott
base,177,Gold Press Proof,false,50,Jake Elliott
base,177,Gold Press Proof Die-Cut,false,25,Jake Elliott
base,177,Black Press Proof,false,10,Jake Elliott
base,177,Black Press Proof Die-Cut,false,1,Jake Elliott
base,178,,false,,T.J. Hockenson
base,178,Silver Press Proof,false,100,T.J. Hockenson
base,178,Silver Press Proof Die-Cut,false,75,T.J. Hockenson
base,178,Gold Press Proof,false,50,T.J. Hockenson
base,178,Gold Press Proof Die-Cut,false,25,T.J. Hockenson
base,178,Black Press Proof,false,10,T.J. Hockenson
base,178,Black Press Proof Die-Cut,false,1,T.J. Hockenson
base,179,,false,,Jeffery Simmons
base,179,Silver Press Proof,false,100,Jeffery Simmons
base,179,Silver Press Proof Die-Cut,false,75,Jeffery Simmons
base,179,Gold Press Proof,false,50,Jeffery Simmons
base,179,Gold Press Proof Die-Cut,false,25,Jeffery Simmons
base,179,Black Press Proof,false,10,Jeffery Simmons
base,179,Black Press Proof Die-Cut,false,1,Jeffery Simmons
base,180,,false,,Sam Darnold
base,180,Silver Press Proof,false,100,Sam Darnold
base,180,Silver Press Proof Die-Cut,false,75,Sam Darnold
base,180,Gold Press Proof,false,50,Sam Darnold
base,180,Gold Press Proof Die-Cut,false,25,Sam Darnold
base,180,Black Press Proof,false,10,Sam Darnold
base,180,Black Press Proof Die-Cut,false,1,Sam Darnold
base,181,,false,,Antoine Winfield Jr.
base,181,Silver Press Proof,false,100,Antoine Winfield Jr.
base,181,Silver Press Proof Die-Cut,false,75,Antoine Winfield Jr.
base,181,Gold Press Proof,false,50,Antoine Winfield Jr.
base,181,Gold Press Proof Die-Cut,false,25,Antoine Winfield Jr.
base,181,Black Press Proof,false,10,Antoine Winfield Jr.
base,181,Black Press Proof Die-Cut,false,1,Antoine Winfield Jr.
base,182,,false,,Stefon Diggs
base,182,Silver Press Proof,false,100,Stefon Diggs
base,182,Silver Press Proof Die-Cut,false,75,Stefon Diggs
base,182,Gold Press Proof,false,50,Stefon Diggs
base,182,Gold Press Proof Die-Cut,false,25,Stefon Diggs
base,182,Black Press Proof,false,10,Stefon Diggs
base,182,Black Press Proof Die-Cut,false,1,Stefon Diggs
base,183,,false,,Cade Otton
base,183,Silver Press Proof,false,100,Cade Otton
base,183,Silver Press Proof Die-Cut,false,75,Cade Otton
base,183,Gold Press Proof,false,50,Cade Otton
base,183,Gold Press Proof Die-Cut,false,25,Cade Otton
base,183,Black Press Proof,false,10,Cade Otton
base,183,Black Press Proof Die-Cut,false,1,Cade Otton
base,184,,false,,D'Andre Swift
base,184,Silver Press Proof,false,100,D'Andre Swift
base,184,Silver Press Proof Die-Cut,false,75,D'Andre Swift
base,184,Gold Press Proof,false,50,D'Andre Swift
base,184,Gold Press Proof Die-Cut,false,25,D'Andre Swift
base,184,Black Press Proof,false,10,D'Andre Swift
base,184,Black Press Proof Die-Cut,false,1,D'Andre Swift
base,185,,false,,Brett Favre
base,185,Silver Press Proof,false,100,Brett Favre
base,185,Silver Press Proof Die-Cut,false,75,Brett Favre
base,185,Gold Press Proof,false,50,Brett Favre
base,185,Gold Press Proof Die-Cut,false,25,Brett Favre
base,185,Black Press Proof,false,10,Brett Favre
base,185,Black Press Proof Die-Cut,false,1,Brett Favre
base,186,,false,,Tyler Higbee
base,186,Silver Press Proof,false,100,Tyler Higbee
base,186,Silver Press Proof Die-Cut,false,75,Tyler Higbee
base,186,Gold Press Proof,false,50,Tyler Higbee
base,186,Gold Press Proof Die-Cut,false,25,Tyler Higbee
base,186,Black Press Proof,false,10,Tyler Higbee
base,186,Black Press Proof Die-Cut,false,1,Tyler Higbee
base,187,,false,,Jaylon Johnson
base,187,Silver Press Proof,false,100,Jaylon Johnson
base,187,Silver Press Proof Die-Cut,false,75,Jaylon Johnson
base,187,Gold Press Proof,false,50,Jaylon Johnson
base,187,Gold Press Proof Die-Cut,false,25,Jaylon Johnson
base,187,Black Press Proof,false,10,Jaylon Johnson
base,187,Black Press Proof Die-Cut,false,1,Jaylon Johnson
base,188,,false,,DeAndre Hopkins
base,188,Silver Press Proof,false,100,DeAndre Hopkins
base,188,Silver Press Proof Die-Cut,false,75,DeAndre Hopkins
base,188,Gold Press Proof,false,50,DeAndre Hopkins
base,188,Gold Press Proof Die-Cut,false,25,DeAndre Hopkins
base,188,Black Press Proof,false,10,DeAndre Hopkins
base,188,Black Press Proof Die-Cut,false,1,DeAndre Hopkins
base,189,,false,,Simeon Rice
base,189,Silver Press Proof,false,100,Simeon Rice
base,189,Silver Press Proof Die-Cut,false,75,Simeon Rice
base,189,Gold Press Proof,false,50,Simeon Rice
base,189,Gold Press Proof Die-Cut,false,25,Simeon Rice
base,189,Black Press Proof,false,10,Simeon Rice
base,189,Black Press Proof Die-Cut,false,1,Simeon Rice
base,190,,false,,Will Levis
base,190,Silver Press Proof,false,100,Will Levis
base,190,Silver Press Proof Die-Cut,false,75,Will Levis
base,190,Gold Press Proof,false,50,Will Levis
base,190,Gold Press Proof Die-Cut,false,25,Will Levis
base,190,Black Press Proof,false,10,Will Levis
base,190,Black Press Proof Die-Cut,false,1,Will Levis
base,191,,false,,Rasul Douglas
base,191,Silver Press Proof,false,100,Rasul Douglas
base,191,Silver Press Proof Die-Cut,false,75,Rasul Douglas
base,191,Gold Press Proof,false,50,Rasul Douglas
base,191,Gold Press Proof Die-Cut,false,25,Rasul Douglas
base,191,Black Press Proof,false,10,Rasul Douglas
base,191,Black Press Proof Die-Cut,false,1,Rasul Douglas
base,192,,false,,Dave Robinson
base,192,Silver Press Proof,false,100,Dave Robinson
base,192,Silver Press Proof Die-Cut,false,75,Dave Robinson
base,192,Gold Press Proof,false,50,Dave Robinson
base,192,Gold Press Proof Die-Cut,false,25,Dave Robinson
base,192,Black Press Proof,false,10,Dave Robinson
base,192,Black Press Proof Die-Cut,false,1,Dave Robinson
base,193,,false,,Nick Bosa
base,193,Silver Press Proof,false,100,Nick Bosa
base,193,Silver Press Proof Die-Cut,false,75,Nick Bosa
base,193,Gold Press Proof,false,50,Nick Bosa
base,193,Gold Press Proof Die-Cut,false,25,Nick Bosa
base,193,Black Press Proof,false,10,Nick Bosa
base,193,Black Press Proof Die-Cut,false,1,Nick Bosa
base,194,,false,,Tony Pollard
base,194,Silver Press Proof,false,100,Tony Pollard
base,194,Silver Press Proof Die-Cut,false,75,Tony Pollard
base,194,Gold Press Proof,false,50,Tony Pollard
base,194,Gold Press Proof Die-Cut,false,25,Tony Pollard
base,194,Black Press Proof,false,10,Tony Pollard
base,194,Black Press Proof Die-Cut,false,1,Tony Pollard
base,195,,false,,Archie Manning
base,195,Silver Press Proof,false,100,Archie Manning
base,195,Silver Press Proof Die-Cut,false,75,Archie Manning
base,195,Gold Press Proof,false,50,Archie Manning
base,195,Gold Press Proof Die-Cut,false,25,Archie Manning
base,195,Black Press Proof,false,10,Archie Manning
base,195,Black Press Proof Die-Cut,false,1,Archie Manning
base,196,,false,,Curt Warner
base,196,Silver Press Proof,false,100,Curt Warner
base,196,Silver Press Proof Die-Cut,false,75,Curt Warner
base,196,Gold Press Proof,false,50,Curt Warner
base,196,Gold Press Proof Die-Cut,false,25,Curt Warner
base,196,Black Press Proof,false,10,Curt Warner
base,196,Black Press Proof Die-Cut,false,1,Curt Warner
base,197,,false,,Jamaal Charles
base,197,Silver Press Proof,false,100,Jamaal Charles
base,197,Silver Press Proof Die-Cut,false,75,Jamaal Charles
base,197,Gold Press Proof,false,50,Jamaal Charles
base,197,Gold Press Proof Die-Cut,false,25,Jamaal Charles
base,197,Black Press Proof,false,10,Jamaal Charles
base,197,Black Press Proof Die-Cut,false,1,Jamaal Charles
base,198,,false,,Foye Oluokun
base,198,Silver Press Proof,false,100,Foye Oluokun
base,198,Silver Press Proof Die-Cut,false,75,Foye Oluokun
base,198,Gold Press Proof,false,50,Foye Oluokun
base,198,Gold Press Proof Die-Cut,false,25,Foye Oluokun
base,198,Black Press Proof,false,10,Foye Oluokun
base,198,Black Press Proof Die-Cut,false,1,Foye Oluokun
base,199,,false,,Chase Brown
base,199,Silver Press Proof,false,100,Chase Brown
base,199,Silver Press Proof Die-Cut,false,75,Chase Brown
base,199,Gold Press Proof,false,50,Chase Brown
base,199,Gold Press Proof Die-Cut,false,25,Chase Brown
base,199,Black Press Proof,false,10,Chase Brown
base,199,Black Press Proof Die-Cut,false,1,Chase Brown
base,200,,false,,Jared Goff
base,200,Silver Press Proof,false,100,Jared Goff
base,200,Silver Press Proof Die-Cut,false,75,Jared Goff
base,200,Gold Press Proof,false,50,Jared Goff
base,200,Gold Press Proof Die-Cut,false,25,Jared Goff
base,200,Black Press Proof,false,10,Jared Goff
base,200,Black Press Proof Die-Cut,false,1,Jared Goff
base,201,,false,,Shaq Thompson
base,201,Silver Press Proof,false,100,Shaq Thompson
base,201,Silver Press Proof Die-Cut,false,75,Shaq Thompson
base,201,Gold Press Proof,false,50,Shaq Thompson
base,201,Gold Press Proof Die-Cut,false,25,Shaq Thompson
base,201,Black Press Proof,false,10,Shaq Thompson
base,201,Black Press Proof Die-Cut,false,1,Shaq Thompson
base,202,,false,,Andre Johnson
base,202,Silver Press Proof,false,100,Andre Johnson
base,202,Silver Press Proof Die-Cut,false,75,Andre Johnson
base,202,Gold Press Proof,false,50,Andre Johnson
base,202,Gold Press Proof Die-Cut,false,25,Andre Johnson
base,202,Black Press Proof,false,10,Andre Johnson
base,202,Black Press Proof Die-Cut,false,1,Andre Johnson
base,203,,false,,Roger Wehrli
base,203,Silver Press Proof,false,100,Roger Wehrli
base,203,Silver Press Proof Die-Cut,false,75,Roger Wehrli
base,203,Gold Press Proof,false,50,Roger Wehrli
base,203,Gold Press Proof Die-Cut,false,25,Roger Wehrli
base,203,Black Press Proof,false,10,Roger Wehrli
base,203,Black Press Proof Die-Cut,false,1,Roger Wehrli
base,204,,false,,Garett Bolles
base,204,Silver Press Proof,false,100,Garett Bolles
base,204,Silver Press Proof Die-Cut,false,75,Garett Bolles
base,204,Gold Press Proof,false,50,Garett Bolles
base,204,Gold Press Proof Die-Cut,false,25,Garett Bolles
base,204,Black Press Proof,false,10,Garett Bolles
base,204,Black Press Proof Die-Cut,false,1,Garett Bolles
base,205,,false,,Christian McCaffrey
base,205,Silver Press Proof,false,100,Christian McCaffrey
base,205,Silver Press Proof Die-Cut,false,75,Christian McCaffrey
base,205,Gold Press Proof,false,50,Christian McCaffrey
base,205,Gold Press Proof Die-Cut,false,25,Christian McCaffrey
base,205,Black Press Proof,false,10,Christian McCaffrey
base,205,Black Press Proof Die-Cut,false,1,Christian McCaffrey
base,206,,false,,Younghoe Koo
base,206,Silver Press Proof,false,100,Younghoe Koo
base,206,Silver Press Proof Die-Cut,false,75,Younghoe Koo
base,206,Gold Press Proof,false,50,Younghoe Koo
base,206,Gold Press Proof Die-Cut,false,25,Younghoe Koo
base,206,Black Press Proof,false,10,Younghoe Koo
base,206,Black Press Proof Die-Cut,false,1,Younghoe Koo
base,207,,false,,Travis Etienne Jr.
base,207,Silver Press Proof,false,100,Travis Etienne Jr.
base,207,Silver Press Proof Die-Cut,false,75,Travis Etienne Jr.
base,207,Gold Press Proof,false,50,Travis Etienne Jr.
base,207,Gold Press Proof Die-Cut,false,25,Travis Etienne Jr.
base,207,Black Press Proof,false,10,Travis Etienne Jr.
base,207,Black Press Proof Die-Cut,false,1,Travis Etienne Jr.
base,208,,false,,Jevon Holland
base,208,Silver Press Proof,false,100,Jevon Holland
base,208,Silver Press Proof Die-Cut,false,75,Jevon Holland
base,208,Gold Press Proof,false,50,Jevon Holland
base,208,Gold Press Proof Die-Cut,false,25,Jevon Holland
base,208,Black Press Proof,false,10,Jevon Holland
base,208,Black Press Proof Die-Cut,false,1,Jevon Holland
base,209,,false,,Adam Thielen
base,209,Silver Press Proof,false,100,Adam Thielen
base,209,Silver Press Proof Die-Cut,false,75,Adam Thielen
base,209,Gold Press Proof,false,50,Adam Thielen
base,209,Gold Press Proof Die-Cut,false,25,Adam Thielen
base,209,Black Press Proof,false,10,Adam Thielen
base,209,Black Press Proof Die-Cut,false,1,Adam Thielen
base,210,,false,,C.J. Stroud
base,210,Silver Press Proof,false,100,C.J. Stroud
base,210,Silver Press Proof Die-Cut,false,75,C.J. Stroud
base,210,Gold Press Proof,false,50,C.J. Stroud
base,210,Gold Press Proof Die-Cut,false,25,C.J. Stroud
base,210,Black Press Proof,false,10,C.J. Stroud
base,210,Black Press Proof Die-Cut,false,1,C.J. Stroud
base,211,,false,,Patrick Ricard
base,211,Silver Press Proof,false,100,Patrick Ricard
base,211,Silver Press Proof Die-Cut,false,75,Patrick Ricard
base,211,Gold Press Proof,false,50,Patrick Ricard
base,211,Gold Press Proof Die-Cut,false,25,Patrick Ricard
base,211,Black Press Proof,false,10,Patrick Ricard
base,211,Black Press Proof Die-Cut,false,1,Patrick Ricard
base,212,,false,,Darius Slay Jr.
base,212,Silver Press Proof,false,100,Darius Slay Jr.
base,212,Silver Press Proof Die-Cut,false,75,Darius Slay Jr.
base,212,Gold Press Proof,false,50,Darius Slay Jr.
base,212,Gold Press Proof Die-Cut,false,25,Darius Slay Jr.
base,212,Black Press Proof,false,10,Darius Slay Jr.
base,212,Black Press Proof Die-Cut,false,1,Darius Slay Jr.
base,213,,false,,Sam LaPorta
base,213,Silver Press Proof,false,100,Sam LaPorta
base,213,Silver Press Proof Die-Cut,false,75,Sam LaPorta
base,213,Gold Press Proof,false,50,Sam LaPorta
base,213,Gold Press Proof Die-Cut,false,25,Sam LaPorta
base,213,Black Press Proof,false,10,Sam LaPorta
base,213,Black Press Proof Die-Cut,false,1,Sam LaPorta
base,214,,false,,Zamir White
base,214,Silver Press Proof,false,100,Zamir White
base,214,Silver Press Proof Die-Cut,false,75,Zamir White
base,214,Gold Press Proof,false,50,Zamir White
base,214,Gold Press Proof Die-Cut,false,25,Zamir White
base,214,Black Press Proof,false,10,Zamir White
base,214,Black Press Proof Die-Cut,false,1,Zamir White
base,215,,false,,Justin Jefferson
base,215,Silver Press Proof,false,100,Justin Jefferson
base,215,Silver Press Proof Die-Cut,false,75,Justin Jefferson
base,215,Gold Press Proof,false,50,Justin Jefferson
base,215,Gold Press Proof Die-Cut,false,25,Justin Jefferson
base,215,Black Press Proof,false,10,Justin Jefferson
base,215,Black Press Proof Die-Cut,false,1,Justin Jefferson
base,216,,false,,L'Jarius Sneed
base,216,Silver Press Proof,false,100,L'Jarius Sneed
base,216,Silver Press Proof Die-Cut,false,75,L'Jarius Sneed
base,216,Gold Press Proof,false,50,L'Jarius Sneed
base,216,Gold Press Proof Die-Cut,false,25,L'Jarius Sneed
base,216,Black Press Proof,false,10,L'Jarius Sneed
base,216,Black Press Proof Die-Cut,false,1,L'Jarius Sneed
base,217,,false,,Jonathan Mingo
base,217,Silver Press Proof,false,100,Jonathan Mingo
base,217,Silver Press Proof Die-Cut,false,75,Jonathan Mingo
base,217,Gold Press Proof,false,50,Jonathan Mingo
base,217,Gold Press Proof Die-Cut,false,25,Jonathan Mingo
base,217,Black Press Proof,false,10,Jonathan Mingo
base,217,Black Press Proof Die-Cut,false,1,Jonathan Mingo
base,218,,false,,Jake Matthews
base,218,Silver Press Proof,false,100,Jake Matthews
base,218,Silver Press Proof Die-Cut,false,75,Jake Matthews
base,218,Gold Press Proof,false,50,Jake Matthews
base,218,Gold Press Proof Die-Cut,false,25,Jake Matthews
base,218,Black Press Proof,false,10,Jake Matthews
base,218,Black Press Proof Die-Cut,false,1,Jake Matthews
base,219,,false,,Kendrick Bourne
base,219,Silver Press Proof,false,100,Kendrick Bourne
base,219,Silver Press Proof Die-Cut,false,75,Kendrick Bourne
base,219,Gold Press Proof,false,50,Kendrick Bourne
base,219,Gold Press Proof Die-Cut,false,25,Kendrick Bourne
base,219,Black Press Proof,false,10,Kendrick Bourne
base,219,Black Press Proof Die-Cut,false,1,Kendrick Bourne
base,220,,false,,Geno Smith
base,220,Silver Press Proof,false,100,Geno Smith
base,220,Silver Press Proof Die-Cut,false,75,Geno Smith
base,220,Gold Press Proof,false,50,Geno Smith
base,220,Gold Press Proof Die-Cut,false,25,Geno Smith
base,220,Black Press Proof,false,10,Geno Smith
base,220,Black Press Proof Die-Cut,false,1,Geno Smith
base,221,,false,,Jamaal Williams
base,221,Silver Press Proof,false,100,Jamaal Williams
base,221,Silver Press Proof Die-Cut,false,75,Jamaal Williams
base,221,Gold Press Proof,false,50,Jamaal Williams
base,221,Gold Press Proof Die-Cut,false,25,Jamaal Williams
base,221,Black Press Proof,false,10,Jamaal Williams
base,221,Black Press Proof Die-Cut,false,1,Jamaal Williams
base,222,,false,,Andre Rison
base,222,Silver Press Proof,false,100,Andre Rison
base,222,Silver Press Proof Die-Cut,false,75,Andre Rison
base,222,Gold Press Proof,false,50,Andre Rison
base,222,Gold Press Proof Die-Cut,false,25,Andre Rison
base,222,Black Press Proof,false,10,Andre Rison
base,222,Black Press Proof Die-Cut,false,1,Andre Rison
base,223,,false,,Talanoa Hufanga
base,223,Silver Press Proof,false,100,Talanoa Hufanga
base,223,Silver Press Proof Die-Cut,false,75,Talanoa Hufanga
base,223,Gold Press Proof,false,50,Talanoa Hufanga
base,223,Gold Press Proof Die-Cut,false,25,Talanoa Hufanga
base,223,Black Press Proof,false,10,Talanoa Hufanga
base,223,Black Press Proof Die-Cut,false,1,Talanoa Hufanga
base,224,,false,,Tyler Bass
base,224,Silver Press Proof,false,100,Tyler Bass
base,224,Silver Press Proof Die-Cut,false,75,Tyler Bass
base,224,Gold Press Proof,false,50,Tyler Bass
base,224,Gold Press Proof Die-Cut,false,25,Tyler Bass
base,224,Black Press Proof,false,10,Tyler Bass
base,224,Black Press Proof Die-Cut,false,1,Tyler Bass
base,225,,false,,Drew Bledsoe
base,225,Silver Press Proof,false,100,Drew Bledsoe
base,225,Silver Press Proof Die-Cut,false,75,Drew Bledsoe
base,225,Gold Press Proof,false,50,Drew Bledsoe
base,225,Gold Press Proof Die-Cut,false,25,Drew Bledsoe
base,225,Black Press Proof,false,10,Drew Bledsoe
base,225,Black Press Proof Die-Cut,false,1,Drew Bledsoe
base,226,,false,,Asante Samuel Jr.
base,226,Silver Press Proof,false,100,Asante Samuel Jr.
base,226,Silver Press Proof Die-Cut,false,75,Asante Samuel Jr.
base,226,Gold Press Proof,false,50,Asante Samuel Jr.
base,226,Gold Press Proof Die-Cut,false,25,Asante Samuel Jr.
base,226,Black Press Proof,false,10,Asante Samuel Jr.
base,226,Black Press Proof Die-Cut,false,1,Asante Samuel Jr.
base,227,,false,,Gardner Minshew II
base,227,Silver Press Proof,false,100,Gardner Minshew II
base,227,Silver Press Proof Die-Cut,false,75,Gardner Minshew II
base,227,Gold Press Proof,false,50,Gardner Minshew II
base,227,Gold Press Proof Die-Cut,false,25,Gardner Minshew II
base,227,Black Press Proof,false,10,Gardner Minshew II
base,227,Black Press Proof Die-Cut,false,1,Gardner Minshew II
base,228,,false,,Trent McDuffie
base,228,Silver Press Proof,false,100,Trent McDuffie
base,228,Silver Press Proof Die-Cut,false,75,Trent McDuffie
base,228,Gold Press Proof,false,50,Trent McDuffie
base,228,Gold Press Proof Die-Cut,false,25,Trent McDuffie
base,228,Black Press Proof,false,10,Trent McDuffie
base,228,Black Press Proof Die-Cut,false,1,Trent McDuffie
base,229,,false,,Drake London
base,229,Silver Press Proof,false,100,Drake London
base,229,Silver Press Proof Die-Cut,false,75,Drake London
base,229,Gold Press Proof,false,50,Drake London
base,229,Gold Press Proof Die-Cut,false,25,Drake London
base,229,Black Press Proof,false,10,Drake London
base,229,Black Press Proof Die-Cut,false,1,Drake London
base,230,,false,,Jordan Love
base,230,Silver Press Proof,false,100,Jordan Love
base,230,Silver Press Proof Die-Cut,false,75,Jordan Love
base,230,Gold Press Proof,false,50,Jordan Love
base,230,Gold Press Proof Die-Cut,false,25,Jordan Love
base,230,Black Press Proof,false,10,Jordan Love
base,230,Black Press Proof Die-Cut,false,1,Jordan Love
base,231,,false,,Alex Singleton
base,231,Silver Press Proof,false,100,Alex Singleton
base,231,Silver Press Proof Die-Cut,false,75,Alex Singleton
base,231,Gold Press Proof,false,50,Alex Singleton
base,231,Gold Press Proof Die-Cut,false,25,Alex Singleton
base,231,Black Press Proof,false,10,Alex Singleton
base,231,Black Press Proof Die-Cut,false,1,Alex Singleton
base,232,,false,,Mark Andrews
base,232,Silver Press Proof,false,100,Mark Andrews
base,232,Silver Press Proof Die-Cut,false,75,Mark Andrews
base,232,Gold Press Proof,false,50,Mark Andrews
base,232,Gold Press Proof Die-Cut,false,25,Mark Andrews
base,232,Black Press Proof,false,10,Mark Andrews
base,232,Black Press Proof Die-Cut,false,1,Mark Andrews
base,233,,false,,Rashee Rice
base,233,Silver Press Proof,false,100,Rashee Rice
base,233,Silver Press Proof Die-Cut,false,75,Rashee Rice
base,233,Gold Press Proof,false,50,Rashee Rice
base,233,Gold Press Proof Die-Cut,false,25,Rashee Rice
base,233,Black Press Proof,false,10,Rashee Rice
base,233,Black Press Proof Die-Cut,false,1,Rashee Rice
base,234,,false,,Zach Thomas
base,234,Silver Press Proof,false,100,Zach Thomas
base,234,Silver Press Proof Die-Cut,false,75,Zach Thomas
base,234,Gold Press Proof,false,50,Zach Thomas
base,234,Gold Press Proof Die-Cut,false,25,Zach Thomas
base,234,Black Press Proof,false,10,Zach Thomas
base,234,Black Press Proof Die-Cut,false,1,Zach Thomas
base,235,,false,,Justin Fields
base,235,Silver Press Proof,false,100,Justin Fields
base,235,Silver Press Proof Die-Cut,false,75,Justin Fields
base,235,Gold Press Proof,false,50,Justin Fields
base,235,Gold Press Proof Die-Cut,false,25,Justin Fields
base,235,Black Press Proof,false,10,Justin Fields
base,235,Black Press Proof Die-Cut,false,1,Justin Fields
base,236,,false,,De'Von Achane
base,236,Silver Press Proof,false,100,De'Von Achane
base,236,Silver Press Proof Die-Cut,false,75,De'Von Achane
base,236,Gold Press Proof,false,50,De'Von Achane
base,236,Gold Press Proof Die-Cut,false,25,De'Von Achane
base,236,Black Press Proof,false,10,De'Von Achane
base,236,Black Press Proof Die-Cut,false,1,De'Von Achane
base,237,,false,,Tank Dell
base,237,Silver Press Proof,false,100,Tank Dell
base,237,Silver Press Proof Die-Cut,false,75,Tank Dell
base,237,Gold Press Proof,false,50,Tank Dell
base,237,Gold Press Proof Die-Cut,false,25,Tank Dell
base,237,Black Press Proof,false,10,Tank Dell
base,237,Black Press Proof Die-Cut,false,1,Tank Dell
base,238,,false,,Jim Hart
base,238,Silver Press Proof,false,100,Jim Hart
base,238,Silver Press Proof Die-Cut,false,75,Jim Hart
base,238,Gold Press Proof,false,50,Jim Hart
base,238,Gold Press Proof Die-Cut,false,25,Jim Hart
base,238,Black Press Proof,false,10,Jim Hart
base,238,Black Press Proof Die-Cut,false,1,Jim Hart
base,239,,false,,Harrison Butker
base,239,Silver Press Proof,false,100,Harrison Butker
base,239,Silver Press Proof Die-Cut,false,75,Harrison Butker
base,239,Gold Press Proof,false,50,Harrison Butker
base,239,Gold Press Proof Die-Cut,false,25,Harrison Butker
base,239,Black Press Proof,false,10,Harrison Butker
base,239,Black Press Proof Die-Cut,false,1,Harrison Butker
base,240,,false,,Matthew Stafford
base,240,Silver Press Proof,false,100,Matthew Stafford
base,240,Silver Press Proof Die-Cut,false,75,Matthew Stafford
base,240,Gold Press Proof,false,50,Matthew Stafford
base,240,Gold Press Proof Die-Cut,false,25,Matthew Stafford
base,240,Black Press Proof,false,10,Matthew Stafford
base,240,Black Press Proof Die-Cut,false,1,Matthew Stafford
base,241,,false,,Budda Baker
base,241,Silver Press Proof,false,100,Budda Baker
base,241,Silver Press Proof Die-Cut,false,75,Budda Baker
base,241,Gold Press Proof,false,50,Budda Baker
base,241,Gold Press Proof Die-Cut,false,25,Budda Baker
base,241,Black Press Proof,false,10,Budda Baker
base,241,Black Press Proof Die-Cut,false,1,Budda Baker
base,242,,false,,Jayden Reed
base,242,Silver Press Proof,false,100,Jayden Reed
base,242,Silver Press Proof Die-Cut,false,75,Jayden Reed
base,242,Gold Press Proof,false,50,Jayden Reed
base,242,Gold Press Proof Die-Cut,false,25,Jayden Reed
base,242,Black Press Proof,false,10,Jayden Reed
base,242,Black Press Proof Die-Cut,false,1,Jayden Reed
base,243,,false,,Patrick Surtain II
base,243,Silver Press Proof,false,100,Patrick Surtain II
base,243,Silver Press Proof Die-Cut,false,75,Patrick Surtain II
base,243,Gold Press Proof,false,50,Patrick Surtain II
base,243,Gold Press Proof Die-Cut,false,25,Patrick Surtain II
base,243,Black Press Proof,false,10,Patrick Surtain II
base,243,Black Press Proof Die-Cut,false,1,Patrick Surtain II
base,244,,false,,Tyler Lockett
base,244,Silver Press Proof,false,100,Tyler Lockett
base,244,Silver Press Proof Die-Cut,false,75,Tyler Lockett
base,244,Gold Press Proof,false,50,Tyler Lockett
base,244,Gold Press Proof Die-Cut,false,25,Tyler Lockett
base,244,Black Press Proof,false,10,Tyler Lockett
base,244,Black Press Proof Die-Cut,false,1,Tyler Lockett
base,245,,false,,Josh Jacobs
base,245,Silver Press Proof,false,100,Josh Jacobs
base,245,Silver Press Proof Die-Cut,false,75,Josh Jacobs
base,245,Gold Press Proof,false,50,Josh Jacobs
base,245,Gold Press Proof Die-Cut,false,25,Josh Jacobs
base,245,Black Press Proof,false,10,Josh Jacobs
base,245,Black Press Proof Die-Cut,false,1,Josh Jacobs
base,246,,false,,Cameron Jordan
base,246,Silver Press Proof,false,100,Cameron Jordan
base,246,Silver Press Proof Die-Cut,false,75,Cameron Jordan
base,246,Gold Press Proof,false,50,Cameron Jordan
base,246,Gold Press Proof Die-Cut,false,25,Cameron Jordan
base,246,Black Press Proof,false,10,Cameron Jordan
base,246,Black Press Proof Die-Cut,false,1,Cameron Jordan
base,247,,false,,Chris Godwin
base,247,Silver Press Proof,false,100,Chris Godwin
base,247,Silver Press Proof Die-Cut,false,75,Chris Godwin
base,247,Gold Press Proof,false,50,Chris Godwin
base,247,Gold Press Proof Die-Cut,false,25,Chris Godwin
base,247,Black Press Proof,false,10,Chris Godwin
base,247,Black Press Proof Die-Cut,false,1,Chris Godwin
base,248,,false,,Ty Chandler
base,248,Silver Press Proof,false,100,Ty Chandler
base,248,Silver Press Proof Die-Cut,false,75,Ty Chandler
base,248,Gold Press Proof,false,50,Ty Chandler
base,248,Gold Press Proof Die-Cut,false,25,Ty Chandler
base,248,Black Press Proof,false,10,Ty Chandler
base,248,Black Press Proof Die-Cut,false,1,Ty Chandler
base,249,,false,,Jimmy Smith
base,249,Silver Press Proof,false,100,Jimmy Smith
base,249,Silver Press Proof Die-Cut,false,75,Jimmy Smith
base,249,Gold Press Proof,false,50,Jimmy Smith
base,249,Gold Press Proof Die-Cut,false,25,Jimmy Smith
base,249,Black Press Proof,false,10,Jimmy Smith
base,249,Black Press Proof Die-Cut,false,1,Jimmy Smith
base,250,,false,,Justin Herbert
base,250,Silver Press Proof,false,100,Justin Herbert
base,250,Silver Press Proof Die-Cut,false,75,Justin Herbert
base,250,Gold Press Proof,false,50,Justin Herbert
base,250,Gold Press Proof Die-Cut,false,25,Justin Herbert
base,250,Black Press Proof,false,10,Justin Herbert
base,250,Black Press Proof Die-Cut,false,1,Justin Herbert
base,251,,false,,Luke Musgrave
base,251,Silver Press Proof,false,100,Luke Musgrave
base,251,Silver Press Proof Die-Cut,false,75,Luke Musgrave
base,251,Gold Press Proof,false,50,Luke Musgrave
base,251,Gold Press Proof Die-Cut,false,25,Luke Musgrave
base,251,Black Press Proof,false,10,Luke Musgrave
base,251,Black Press Proof Die-Cut,false,1,Luke Musgrave
base,252,,false,,Julius Peppers
base,252,Silver Press Proof,false,100,Julius Peppers
base,252,Silver Press Proof Die-Cut,false,75,Julius Peppers
base,252,Gold Press Proof,false,50,Julius Peppers
base,252,Gold Press Proof Die-Cut,false,25,Julius Peppers
base,252,Black Press Proof,false,10,Julius Peppers
base,252,Black Press Proof Die-Cut,false,1,Julius Peppers
base,253,,false,,Dalton Kincaid
base,253,Silver Press Proof,false,100,Dalton Kincaid
base,253,Silver Press Proof Die-Cut,false,75,Dalton Kincaid
base,253,Gold Press Proof,false,50,Dalton Kincaid
base,253,Gold Press Proof Die-Cut,false,25,Dalton Kincaid
base,253,Black Press Proof,false,10,Dalton Kincaid
base,253,Black Press Proof Die-Cut,false,1,Dalton Kincaid
base,254,,false,,John Lynch
base,254,Silver Press Proof,false,100,John Lynch
base,254,Silver Press Proof Die-Cut,false,75,John Lynch
base,254,Gold Press Proof,false,50,John Lynch
base,254,Gold Press Proof Die-Cut,false,25,John Lynch
base,254,Black Press Proof,false,10,John Lynch
base,254,Black Press Proof Die-Cut,false,1,John Lynch
base,255,,false,,Maxx Crosby
base,255,Silver Press Proof,false,100,Maxx Crosby
base,255,Silver Press Proof Die-Cut,false,75,Maxx Crosby
base,255,Gold Press Proof,false,50,Maxx Crosby
base,255,Gold Press Proof Die-Cut,false,25,Maxx Crosby
base,255,Black Press Proof,false,10,Maxx Crosby
base,255,Black Press Proof Die-Cut,false,1,Maxx Crosby
base,256,,false,,Jaylen Warren
base,256,Silver Press Proof,false,100,Jaylen Warren
base,256,Silver Press Proof Die-Cut,false,75,Jaylen Warren
base,256,Gold Press Proof,false,50,Jaylen Warren
base,256,Gold Press Proof Die-Cut,false,25,Jaylen Warren
base,256,Black Press Proof,false,10,Jaylen Warren
base,256,Black Press Proof Die-Cut,false,1,Jaylen Warren
base,257,,false,,Zaire Franklin
base,257,Silver Press Proof,false,100,Zaire Franklin
base,257,Silver Press Proof Die-Cut,false,75,Zaire Franklin
base,257,Gold Press Proof,false,50,Zaire Franklin
base,257,Gold Press Proof Die-Cut,false,25,Zaire Franklin
base,257,Black Press Proof,false,10,Zaire Franklin
base,257,Black Press Proof Die-Cut,false,1,Zaire Franklin
base,258,,false,,Cooper Kupp
base,258,Silver Press Proof,false,100,Cooper Kupp
base,258,Silver Press Proof Die-Cut,false,75,Cooper Kupp
base,258,Gold Press Proof,false,50,Cooper Kupp
base,258,Gold Press Proof Die-Cut,false,25,Cooper Kupp
base,258,Black Press Proof,false,10,Cooper Kupp
base,258,Black Press Proof Die-Cut,false,1,Cooper Kupp
base,259,,false,,T.J. Watt
base,259,Silver Press Proof,false,100,T.J. Watt
base,259,Silver Press Proof Die-Cut,false,75,T.J. Watt
base,259,Gold Press Proof,false,50,T.J. Watt
base,259,Gold Press Proof Die-Cut,false,25,T.J. Watt
base,259,Black Press Proof,false,10,T.J. Watt
base,259,Black Press Proof Die-Cut,false,1,T.J. Watt
base,260,,false,,Jarrett Stidham
base,260,Silver Press Proof,false,100,Jarrett Stidham
base,260,Silver Press Proof Die-Cut,false,75,Jarrett Stidham
base,260,Gold Press Proof,false,50,Jarrett Stidham
base,260,Gold Press Proof Die-Cut,false,25,Jarrett Stidham
base,260,Black Press Proof,false,10,Jarrett Stidham
base,260,Black Press Proof Die-Cut,false,1,Jarrett Stidham
base,261,,false,,Michael Wilson
base,261,Silver Press Proof,false,100,Michael Wilson
base,261,Silver Press Proof Die-Cut,false,75,Michael Wilson
base,261,Gold Press Proof,false,50,Michael Wilson
base,261,Gold Press Proof Die-Cut,false,25,Michael Wilson
base,261,Black Press Proof,false,10,Michael Wilson
base,261,Black Press Proof Die-Cut,false,1,Michael Wilson
base,262,,false,,C.J. Mosley
base,262,Silver Press Proof,false,100,C.J. Mosley
base,262,Silver Press Proof Die-Cut,false,75,C.J. Mosley
base,262,Gold Press Proof,false,50,C.J. Mosley
base,262,Gold Press Proof Die-Cut,false,25,C.J. Mosley
base,262,Black Press Proof,false,10,C.J. Mosley
base,262,Black Press Proof Die-Cut,false,1,C.J. Mosley
base,263,,false,,Kyren Williams
base,263,Silver Press Proof,false,100,Kyren Williams
base,263,Silver Press Proof Die-Cut,false,75,Kyren Williams
base,263,Gold Press Proof,false,50,Kyren Williams
base,263,Gold Press Proof Die-Cut,false,25,Kyren Williams
base,263,Black Press Proof,false,10,Kyren Williams
base,263,Black Press Proof Die-Cut,false,1,Kyren Williams
base,264,,false,,Evan McPherson
base,264,Silver Press Proof,false,100,Evan McPherson
base,264,Silver Press Proof Die-Cut,false,75,Evan McPherson
base,264,Gold Press Proof,false,50,Evan McPherson
base,264,Gold Press Proof Die-Cut,false,25,Evan McPherson
base,264,Black Press Proof,false,10,Evan McPherson
base,264,Black Press Proof Die-Cut,false,1,Evan McPherson
base,265,,false,,Michael Pittman Jr.
base,265,Silver Press Proof,false,100,Michael Pittman Jr.
base,265,Silver Press Proof Die-Cut,false,75,Michael Pittman Jr.
base,265,Gold Press Proof,false,50,Michael Pittman Jr.
base,265,Gold Press Proof Die-Cut,false,25,Michael Pittman Jr.
base,265,Black Press Proof,false,10,Michael Pittman Jr.
base,265,Black Press Proof Die-Cut,false,1,Michael Pittman Jr.
base,266,,false,,Barry Sanders
base,266,Silver Press Proof,false,100,Barry Sanders
base,266,Silver Press Proof Die-Cut,false,75,Barry Sanders
base,266,Gold Press Proof,false,50,Barry Sanders
base,266,Gold Press Proof Die-Cut,false,25,Barry Sanders
base,266,Black Press Proof,false,10,Barry Sanders
base,266,Black Press Proof Die-Cut,false,1,Barry Sanders
base,267,,false,,Rachaad White
base,267,Silver Press Proof,false,100,Rachaad White
base,267,Silver Press Proof Die-Cut,false,75,Rachaad White
base,267,Gold Press Proof,false,50,Rachaad White
base,267,Gold Press Proof Die-Cut,false,25,Rachaad White
base,267,Black Press Proof,false,10,Rachaad White
base,267,Black Press Proof Die-Cut,false,1,Rachaad White
base,268,,false,,Brandon Aubrey
base,268,Silver Press Proof,false,100,Brandon Aubrey
base,268,Silver Press Proof Die-Cut,false,75,Brandon Aubrey
base,268,Gold Press Proof,false,50,Brandon Aubrey
base,268,Gold Press Proof Die-Cut,false,25,Brandon Aubrey
base,268,Black Press Proof,false,10,Brandon Aubrey
base,268,Black Press Proof Die-Cut,false,1,Brandon Aubrey
base,269,,false,,Alvin Kamara
base,269,Silver Press Proof,false,100,Alvin Kamara
base,269,Silver Press Proof Die-Cut,false,75,Alvin Kamara
base,269,Gold Press Proof,false,50,Alvin Kamara
base,269,Gold Press Proof Die-Cut,false,25,Alvin Kamara
base,269,Black Press Proof,false,10,Alvin Kamara
base,269,Black Press Proof Die-Cut,false,1,Alvin Kamara
base,270,,false,,Isaiah Likely
base,270,Silver Press Proof,false,100,Isaiah Likely
base,270,Silver Press Proof Die-Cut,false,75,Isaiah Likely
base,270,Gold Press Proof,false,50,Isaiah Likely
base,270,Gold Press Proof Die-Cut,false,25,Isaiah Likely
base,270,Black Press Proof,false,10,Isaiah Likely
base,270,Black Press Proof Die-Cut,false,1,Isaiah Likely
base,271,,false,,Trevor Lawrence
base,271,Silver Press Proof,false,100,Trevor Lawrence
base,271,Silver Press Proof Die-Cut,false,75,Trevor Lawrence
base,271,Gold Press Proof,false,50,Trevor Lawrence
base,271,Gold Press Proof Die-Cut,false,25,Trevor Lawrence
base,271,Black Press Proof,false,10,Trevor Lawrence
base,271,Black Press Proof Die-Cut,false,1,Trevor Lawrence
base,272,,false,,Wan'Dale Robinson
base,272,Silver Press Proof,false,100,Wan'Dale Robinson
base,272,Silver Press Proof Die-Cut,false,75,Wan'Dale Robinson
base,272,Gold Press Proof,false,50,Wan'Dale Robinson
base,272,Gold Press Proof Die-Cut,false,25,Wan'Dale Robinson
base,272,Black Press Proof,false,10,Wan'Dale Robinson
base,272,Black Press Proof Die-Cut,false,1,Wan'Dale Robinson
base,273,,false,,Kellen Winslow
base,273,Silver Press Proof,false,100,Kellen Winslow
base,273,Silver Press Proof Die-Cut,false,75,Kellen Winslow
base,273,Gold Press Proof,false,50,Kellen Winslow
base,273,Gold Press Proof Die-Cut,false,25,Kellen Winslow
base,273,Black Press Proof,false,10,Kellen Winslow
base,273,Black Press Proof Die-Cut,false,1,Kellen Winslow
base,274,,false,,Josh Downs
base,274,Silver Press Proof,false,100,Josh Downs
base,274,Silver Press Proof Die-Cut,false,75,Josh Downs
base,274,Gold Press Proof,false,50,Josh Downs
base,274,Gold Press Proof Die-Cut,false,25,Josh Downs
base,274,Black Press Proof,false,10,Josh Downs
base,274,Black Press Proof Die-Cut,false,1,Josh Downs
base,275,,false,,Tyreek Hill
base,275,Silver Press Proof,false,100,Tyreek Hill
base,275,Silver Press Proof Die-Cut,false,75,Tyreek Hill
base,275,Gold Press Proof,false,50,Tyreek Hill
base,275,Gold Press Proof Die-Cut,false,25,Tyreek Hill
base,275,Black Press Proof,false,10,Tyreek Hill
base,275,Black Press Proof Die-Cut,false,1,Tyreek Hill
base,276,,false,,Tyson Bagent
base,276,Silver Press Proof,false,100,Tyson Bagent
base,276,Silver Press Proof Die-Cut,false,75,Tyson Bagent
base,276,Gold Press Proof,false,50,Tyson Bagent
base,276,Gold Press Proof Die-Cut,false,25,Tyson Bagent
base,276,Black Press Proof,false,10,Tyson Bagent
base,276,Black Press Proof Die-Cut,false,1,Tyson Bagent
base,277,,false,,Trent Williams
base,277,Silver Press Proof,false,100,Trent Williams
base,277,Silver Press Proof Die-Cut,false,75,Trent Williams
base,277,Gold Press Proof,false,50,Trent Williams
base,277,Gold Press Proof Die-Cut,false,25,Trent Williams
base,277,Black Press Proof,false,10,Trent Williams
base,277,Black Press Proof Die-Cut,false,1,Trent Williams
base,278,,false,,Zay Flowers
base,278,Silver Press Proof,false,100,Zay Flowers
base,278,Silver Press Proof Die-Cut,false,75,Zay Flowers
base,278,Gold Press Proof,false,50,Zay Flowers
base,278,Gold Press Proof Die-Cut,false,25,Zay Flowers
base,278,Black Press Proof,false,10,Zay Flowers
base,278,Black Press Proof Die-Cut,false,1,Zay Flowers
base,279,,false,,Mike Williams
base,279,Silver Press Proof,false,100,Mike Williams
base,279,Silver Press Proof Die-Cut,false,75,Mike Williams
base,279,Gold Press Proof,false,50,Mike Williams
base,279,Gold Press Proof Die-Cut,false,25,Mike Williams
base,279,Black Press Proof,false,10,Mike Williams
base,279,Black Press Proof Die-Cut,false,1,Mike Williams
base,280,,false,,Kirk Cousins
base,280,Silver Press Proof,false,100,Kirk Cousins
base,280,Silver Press Proof Die-Cut,false,75,Kirk Cousins
base,280,Gold Press Proof,false,50,Kirk Cousins
base,280,Gold Press Proof Die-Cut,false,25,Kirk Cousins
base,280,Black Press Proof,false,10,Kirk Cousins
base,280,Black Press Proof Die-Cut,false,1,Kirk Cousins
base,281,,false,,Taylor Decker
base,281,Silver Press Proof,false,100,Taylor Decker
base,281,Silver Press Proof Die-Cut,false,75,Taylor Decker
base,281,Gold Press Proof,false,50,Taylor Decker
base,281,Gold Press Proof Die-Cut,false,25,Taylor Decker
base,281,Black Press Proof,false,10,Taylor Decker
base,281,Black Press Proof Die-Cut,false,1,Taylor Decker
base,282,,false,,Raheem Mostert
base,282,Silver Press Proof,false,100,Raheem Mostert
base,282,Silver Press Proof Die-Cut,false,75,Raheem Mostert
base,282,Gold Press Proof,false,50,Raheem Mostert
base,282,Gold Press Proof Die-Cut,false,25,Raheem Mostert
base,282,Black Press Proof,false,10,Raheem Mostert
base,282,Black Press Proof Die-Cut,false,1,Raheem Mostert
base,283,,false,,Deebo Samuel
base,283,Silver Press Proof,false,100,Deebo Samuel
base,283,Silver Press Proof Die-Cut,false,75,Deebo Samuel
base,283,Gold Press Proof,false,50,Deebo Samuel
base,283,Gold Press Proof Die-Cut,false,25,Deebo Samuel
base,283,Black Press Proof,false,10,Deebo Samuel
base,283,Black Press Proof Die-Cut,false,1,Deebo Samuel
base,284,,false,,Christian Wilkins
base,284,Silver Press Proof,false,100,Christian Wilkins
base,284,Silver Press Proof Die-Cut,false,75,Christian Wilkins
base,284,Gold Press Proof,false,50,Christian Wilkins
base,284,Gold Press Proof Die-Cut,false,25,Christian Wilkins
base,284,Black Press Proof,false,10,Christian Wilkins
base,284,Black Press Proof Die-Cut,false,1,Christian Wilkins
base,285,,false,,Travis Kelce
base,285,Silver Press Proof,false,100,Travis Kelce
base,285,Silver Press Proof Die-Cut,false,75,Travis Kelce
base,285,Gold Press Proof,false,50,Travis Kelce
base,285,Gold Press Proof Die-Cut,false,25,Travis Kelce
base,285,Black Press Proof,false,10,Travis Kelce
base,285,Black Press Proof Die-Cut,false,1,Travis Kelce
base,286,,false,,A.J. Brown
base,286,Silver Press Proof,false,100,A.J. Brown
base,286,Silver Press Proof Die-Cut,false,75,A.J. Brown
base,286,Gold Press Proof,false,50,A.J. Brown
base,286,Gold Press Proof Die-Cut,false,25,A.J. Brown
base,286,Black Press Proof,false,10,A.J. Brown
base,286,Black Press Proof Die-Cut,false,1,A.J. Brown
base,287,,false,,Taysom Hill
base,287,Silver Press Proof,false,100,Taysom Hill
base,287,Silver Press Proof Die-Cut,false,75,Taysom Hill
base,287,Gold Press Proof,false,50,Taysom Hill
base,287,Gold Press Proof Die-Cut,false,25,Taysom Hill
base,287,Black Press Proof,false,10,Taysom Hill
base,287,Black Press Proof Die-Cut,false,1,Taysom Hill
base,288,,false,,Quentin Johnston
base,288,Silver Press Proof,false,100,Quentin Johnston
base,288,Silver Press Proof Die-Cut,false,75,Quentin Johnston
base,288,Gold Press Proof,false,50,Quentin Johnston
base,288,Gold Press Proof Die-Cut,false,25,Quentin Johnston
base,288,Black Press Proof,false,10,Quentin Johnston
base,288,Black Press Proof Die-Cut,false,1,Quentin Johnston
base,289,,false,,David Njoku
base,289,Silver Press Proof,false,100,David Njoku
base,289,Silver Press Proof Die-Cut,false,75,David Njoku
base,289,Gold Press Proof,false,50,David Njoku
base,289,Gold Press Proof Die-Cut,false,25,David Njoku
base,289,Black Press Proof,false,10,David Njoku
base,289,Black Press Proof Die-Cut,false,1,David Njoku
base,290,,false,,Bryce Young
base,290,Silver Press Proof,false,100,Bryce Young
base,290,Silver Press Proof Die-Cut,false,75,Bryce Young
base,290,Gold Press Proof,false,50,Bryce Young
base,290,Gold Press Proof Die-Cut,false,25,Bryce Young
base,290,Black Press Proof,false,10,Bryce Young
base,290,Black Press Proof Die-Cut,false,1,Bryce Young
base,291,,false,,Eric Dickerson
base,291,Silver Press Proof,false,100,Eric Dickerson
base,291,Silver Press Proof Die-Cut,false,75,Eric Dickerson
base,291,Gold Press Proof,false,50,Eric Dickerson
base,291,Gold Press Proof Die-Cut,false,25,Eric Dickerson
base,291,Black Press Proof,false,10,Eric Dickerson
base,291,Black Press Proof Die-Cut,false,1,Eric Dickerson
base,292,,false,,Kyle Pitts
base,292,Silver Press Proof,false,100,Kyle Pitts
base,292,Silver Press Proof Die-Cut,false,75,Kyle Pitts
base,292,Gold Press Proof,false,50,Kyle Pitts
base,292,Gold Press Proof Die-Cut,false,25,Kyle Pitts
base,292,Black Press Proof,false,10,Kyle Pitts
base,292,Black Press Proof Die-Cut,false,1,Kyle Pitts
base,293,,false,,Kobie Turner
base,293,Silver Press Proof,false,100,Kobie Turner
base,293,Silver Press Proof Die-Cut,false,75,Kobie Turner
base,293,Gold Press Proof,false,50,Kobie Turner
base,293,Gold Press Proof Die-Cut,false,25,Kobie Turner
base,293,Black Press Proof,false,10,Kobie Turner
base,293,Black Press Proof Die-Cut,false,1,Kobie Turner
base,294,,false,,Josh Reynolds
base,294,Silver Press Proof,false,100,Josh Reynolds
base,294,Silver Press Proof Die-Cut,false,75,Josh Reynolds
base,294,Gold Press Proof,false,50,Josh Reynolds
base,294,Gold Press Proof Die-Cut,false,25,Josh Reynolds
base,294,Black Press Proof,false,10,Josh Reynolds
base,294,Black Press Proof Die-Cut,false,1,Josh Reynolds
base,295,,false,,Davante Adams
base,295,Silver Press Proof,false,100,Davante Adams
base,295,Silver Press Proof Die-Cut,false,75,Davante Adams
base,295,Gold Press Proof,false,50,Davante Adams
base,295,Gold Press Proof Die-Cut,false,25,Davante Adams
base,295,Black Press Proof,false,10,Davante Adams
base,295,Black Press Proof Die-Cut,false,1,Davante Adams
base,296,,false,,Jabrill Peppers
base,296,Silver Press Proof,false,100,Jabrill Peppers
base,296,Silver Press Proof Die-Cut,false,75,Jabrill Peppers
base,296,Gold Press Proof,false,50,Jabrill Peppers
base,296,Gold Press Proof Die-Cut,false,25,Jabrill Peppers
base,296,Black Press Proof,false,10,Jabrill Peppers
base,296,Black Press Proof Die-Cut,false,1,Jabrill Peppers
base,297,,false,,Brandin Cooks
base,297,Silver Press Proof,false,100,Brandin Cooks
base,297,Silver Press Proof Die-Cut,false,75,Brandin Cooks
base,297,Gold Press Proof,false,50,Brandin Cooks
base,297,Gold Press Proof Die-Cut,false,25,Brandin Cooks
base,297,Black Press Proof,false,10,Brandin Cooks
base,297,Black Press Proof Die-Cut,false,1,Brandin Cooks
base,298,,false,,Demario Davis
base,298,Silver Press Proof,false,100,Demario Davis
base,298,Silver Press Proof Die-Cut,false,75,Demario Davis
base,298,Gold Press Proof,false,50,Demario Davis
base,298,Gold Press Proof Die-Cut,false,25,Demario Davis
base,298,Black Press Proof,false,10,Demario Davis
base,298,Black Press Proof Die-Cut,false,1,Demario Davis
base,299,,false,,Warren Sapp
base,299,Silver Press Proof,false,100,Warren Sapp
base,299,Silver Press Proof Die-Cut,false,75,Warren Sapp
base,299,Gold Press Proof,false,50,Warren Sapp
base,299,Gold Press Proof Die-Cut,false,25,Warren Sapp
base,299,Black Press Proof,false,10,Warren Sapp
base,299,Black Press Proof Die-Cut,false,1,Warren Sapp
base,300,,false,,Josh Allen
base,300,Silver Press Proof,false,100,Josh Allen
base,300,Silver Press Proof Die-Cut,false,75,Josh Allen
base,300,Gold Press Proof,false,50,Josh Allen
base,300,Gold Press Proof Die-Cut,false,25,Josh Allen
base,300,Black Press Proof,false,10,Josh Allen
base,300,Black Press Proof Die-Cut,false,1,Josh Allen
base,301,,false,,Bucky Irving
base,301,Silver Press Proof,false,100,Bucky Irving
base,301,Silver Press Proof Die-Cut,false,75,Bucky Irving
base,301,Gold Press Proof,false,50,Bucky Irving
base,301,Gold Press Proof Die-Cut,false,25,Bucky Irving
base,301,Black Press Proof,false,10,Bucky Irving
base,301,Black Press Proof Die-Cut,false,1,Bucky Irving
base,302,,false,,Luke McCaffrey
base,302,Silver Press Proof,false,100,Luke McCaffrey
base,302,Silver Press Proof Die-Cut,false,75,Luke McCaffrey
base,302,Gold Press Proof,false,50,Luke McCaffrey
base,302,Gold Press Proof Die-Cut,false,25,Luke McCaffrey
base,302,Black Press Proof,false,10,Luke McCaffrey
base,302,Black Press Proof Die-Cut,false,1,Luke McCaffrey
base,303,,false,,J.J. McCarthy
base,303,Silver Press Proof,false,100,J.J. McCarthy
base,303,Silver Press Proof Die-Cut,false,75,J.J. McCarthy
base,303,Gold Press Proof,false,50,J.J. McCarthy
base,303,Gold Press Proof Die-Cut,false,25,J.J. McCarthy
base,303,Black Press Proof,false,10,J.J. McCarthy
base,303,Black Press Proof Die-Cut,false,1,J.J. McCarthy
base,304,,false,,Cade Stover
base,304,Silver Press Proof,false,100,Cade Stover
base,304,Silver Press Proof Die-Cut,false,75,Cade Stover
base,304,Gold Press Proof,false,50,Cade Stover
base,304,Gold Press Proof Die-Cut,false,25,Cade Stover
base,304,Black Press Proof,false,10,Cade Stover
base,304,Black Press Proof Die-Cut,false,1,Cade Stover
base,305,,false,,Cooper DeJean
base,305,Silver Press Proof,false,100,Cooper DeJean
base,305,Silver Press Proof Die-Cut,false,75,Cooper DeJean
base,305,Gold Press Proof,false,50,Cooper DeJean
base,305,Gold Press Proof Die-Cut,false,25,Cooper DeJean
base,305,Black Press Proof,false,10,Cooper DeJean
base,305,Black Press Proof Die-Cut,false,1,Cooper DeJean
base,306,,false,,Braelon Allen
base,306,Silver Press Proof,false,100,Braelon Allen
base,306,Silver Press Proof Die-Cut,false,75,Braelon Allen
base,306,Gold Press Proof,false,50,Braelon Allen
base,306,Gold Press Proof Die-Cut,false,25,Braelon Allen
base,306,Black Press Proof,false,10,Braelon Allen
base,306,Black Press Proof Die-Cut,false,1,Braelon Allen
base,307,,false,,Johnny Wilson
base,307,Silver Press Proof,false,100,Johnny Wilson
base,307,Silver Press Proof Die-Cut,false,75,Johnny Wilson
base,307,Gold Press Proof,false,50,Johnny Wilson
base,307,Gold Press Proof Die-Cut,false,25,Johnny Wilson
base,307,Black Press Proof,false,10,Johnny Wilson
base,307,Black Press Proof Die-Cut,false,1,Johnny Wilson
base,308,,false,,Michael Penix Jr.
base,308,Silver Press Proof,false,100,Michael Penix Jr.
base,308,Silver Press Proof Die-Cut,false,75,Michael Penix Jr.
base,308,Gold Press Proof,false,50,Michael Penix Jr.
base,308,Gold Press Proof Die-Cut,false,25,Michael Penix Jr.
base,308,Black Press Proof,false,10,Michael Penix Jr.
base,308,Black Press Proof Die-Cut,false,1,Michael Penix Jr.
base,309,,false,,Rome Odunze
base,309,Silver Press Proof,false,100,Rome Odunze
base,309,Silver Press Proof Die-Cut,false,75,Rome Odunze
base,309,Gold Press Proof,false,50,Rome Odunze
base,309,Gold Press Proof Die-Cut,false,25,Rome Odunze
base,309,Black Press Proof,false,10,Rome Odunze
base,309,Black Press Proof Die-Cut,false,1,Rome Odunze
base,310,,false,,Taliese Fuaga
base,310,Silver Press Proof,false,100,Taliese Fuaga
base,310,Silver Press Proof Die-Cut,false,75,Taliese Fuaga
base,310,Gold Press Proof,false,50,Taliese Fuaga
base,310,Gold Press Proof Die-Cut,false,25,Taliese Fuaga
base,310,Black Press Proof,false,10,Taliese Fuaga
base,310,Black Press Proof Die-Cut,false,1,Taliese Fuaga
base,311,,false,,Laiatu Latu
base,311,Silver Press Proof,false,100,Laiatu Latu
base,311,Silver Press Proof Die-Cut,false,75,Laiatu Latu
base,311,Gold Press Proof,false,50,Laiatu Latu
base,311,Gold Press Proof Die-Cut,false,25,Laiatu Latu
base,311,Black Press Proof,false,10,Laiatu Latu
base,311,Black Press Proof Die-Cut,false,1,Laiatu Latu
base,312,,false,,Will Shipley
base,312,Silver Press Proof,false,100,Will Shipley
base,312,Silver Press Proof Die-Cut,false,75,Will Shipley
base,312,Gold Press Proof,false,50,Will Shipley
base,312,Gold Press Proof Die-Cut,false,25,Will Shipley
base,312,Black Press Proof,false,10,Will Shipley
base,312,Black Press Proof Die-Cut,false,1,Will Shipley
base,313,,false,,Brian Thomas Jr.
base,313,Silver Press Proof,false,100,Brian Thomas Jr.
base,313,Silver Press Proof Die-Cut,false,75,Brian Thomas Jr.
base,313,Gold Press Proof,false,50,Brian Thomas Jr.
base,313,Gold Press Proof Die-Cut,false,25,Brian Thomas Jr.
base,313,Black Press Proof,false,10,Brian Thomas Jr.
base,313,Black Press Proof Die-Cut,false,1,Brian Thomas Jr.
base,314,,false,,Ben Sinnott
base,314,Silver Press Proof,false,100,Ben Sinnott
base,314,Silver Press Proof Die-Cut,false,75,Ben Sinnott
base,314,Gold Press Proof,false,50,Ben Sinnott
base,314,Gold Press Proof Die-Cut,false,25,Ben Sinnott
base,314,Black Press Proof,false,10,Ben Sinnott
base,314,Black Press Proof Die-Cut,false,1,Ben Sinnott
base,315,,false,,Kool-Aid McKinstry
base,315,Silver Press Proof,false,100,Kool-Aid McKinstry
base,315,Silver Press Proof Die-Cut,false,75,Kool-Aid McKinstry
base,315,Gold Press Proof,false,50,Kool-Aid McKinstry
base,315,Gold Press Proof Die-Cut,false,25,Kool-Aid McKinstry
base,315,Black Press Proof,false,10,Kool-Aid McKinstry
base,315,Black Press Proof Die-Cut,false,1,Kool-Aid McKinstry
base,316,,false,,Ray Davis
base,316,Silver Press Proof,false,100,Ray Davis
base,316,Silver Press Proof Die-Cut,false,75,Ray Davis
base,316,Gold Press Proof,false,50,Ray Davis
base,316,Gold Press Proof Die-Cut,false,25,Ray Davis
base,316,Black Press Proof,false,10,Ray Davis
base,316,Black Press Proof Die-Cut,false,1,Ray Davis
base,317,,false,,Ja'Tavion Sanders
base,317,Silver Press Proof,false,100,Ja'Tavion Sanders
base,317,Silver Press Proof Die-Cut,false,75,Ja'Tavion Sanders
base,317,Gold Press Proof,false,50,Ja'Tavion Sanders
base,317,Gold Press Proof Die-Cut,false,25,Ja'Tavion Sanders
base,317,Black Press Proof,false,10,Ja'Tavion Sanders
base,317,Black Press Proof Die-Cut,false,1,Ja'Tavion Sanders
base,318,,false,,Ricky Pearsall
base,318,Silver Press Proof,false,100,Ricky Pearsall
base,318,Silver Press Proof Die-Cut,false,75,Ricky Pearsall
base,318,Gold Press Proof,false,50,Ricky Pearsall
base,318,Gold Press Proof Die-Cut,false,25,Ricky Pearsall
base,318,Black Press Proof,false,10,Ricky Pearsall
base,318,Black Press Proof Die-Cut,false,1,Ricky Pearsall
base,319,,false,,Joe Milton III
base,319,Silver Press Proof,false,100,Joe Milton III
base,319,Silver Press Proof Die-Cut,false,75,Joe Milton III
base,319,Gold Press Proof,false,50,Joe Milton III
base,319,Gold Press Proof Die-Cut,false,25,Joe Milton III
base,319,Black Press Proof,false,10,Joe Milton III
base,319,Black Press Proof Die-Cut,false,1,Joe Milton III
base,320,,false,,Joe Alt
base,320,Silver Press Proof,false,100,Joe Alt
base,320,Silver Press Proof Die-Cut,false,75,Joe Alt
base,320,Gold Press Proof,false,50,Joe Alt
base,320,Gold Press Proof Die-Cut,false,25,Joe Alt
base,320,Black Press Proof,false,10,Joe Alt
base,320,Black Press Proof Die-Cut,false,1,Joe Alt
base,321,,false,,Byron Murphy II
base,321,Silver Press Proof,false,100,Byron Murphy II
base,321,Silver Press Proof Die-Cut,false,75,Byron Murphy II
base,321,Gold Press Proof,false,50,Byron Murphy II
base,321,Gold Press Proof Die-Cut,false,25,Byron Murphy II
base,321,Black Press Proof,false,10,Byron Murphy II
base,321,Black Press Proof Die-Cut,false,1,Byron Murphy II
base,322,,false,,Blake Corum
base,322,Silver Press Proof,false,100,Blake Corum
base,322,Silver Press Proof Die-Cut,false,75,Blake Corum
base,322,Gold Press Proof,false,50,Blake Corum
base,322,Gold Press Proof Die-Cut,false,25,Blake Corum
base,322,Black Press Proof,false,10,Blake Corum
base,322,Black Press Proof Die-Cut,false,1,Blake Corum
base,323,,false,,Xavier Legette
base,323,Silver Press Proof,false,100,Xavier Legette
base,323,Silver Press Proof Die-Cut,false,75,Xavier Legette
base,323,Gold Press Proof,false,50,Xavier Legette
base,323,Gold Press Proof Die-Cut,false,25,Xavier Legette
base,323,Black Press Proof,false,10,Xavier Legette
base,323,Black Press Proof Die-Cut,false,1,Xavier Legette
base,324,,false,,Tanner McLachlan
base,324,Silver Press Proof,false,100,Tanner McLachlan
base,324,Silver Press Proof Die-Cut,false,75,Tanner McLachlan
base,324,Gold Press Proof,false,50,Tanner McLachlan
base,324,Gold Press Proof Die-Cut,false,25,Tanner McLachlan
base,324,Black Press Proof,false,10,Tanner McLachlan
base,324,Black Press Proof Die-Cut,false,1,Tanner McLachlan
base,325,,false,,Edgerrin Cooper
base,325,Silver Press Proof,false,100,Edgerrin Cooper
base,325,Silver Press Proof Die-Cut,false,75,Edgerrin Cooper
base,325,Gold Press Proof,false,50,Edgerrin Cooper
base,325,Gold Press Proof Die-Cut,false,25,Edgerrin Cooper
base,325,Black Press Proof,false,10,Edgerrin Cooper
base,325,Black Press Proof Die-Cut,false,1,Edgerrin Cooper
base,326,,false,,Trey Benson
base,326,Silver Press Proof,false,100,Trey Benson
base,326,Silver Press Proof Die-Cut,false,75,Trey Benson
base,326,Gold Press Proof,false,50,Trey Benson
base,326,Gold Press Proof Die-Cut,false,25,Trey Benson
base,326,Black Press Proof,false,10,Trey Benson
base,326,Black Press Proof Die-Cut,false,1,Trey Benson
base,327,,false,,Caleb Williams
base,327,Silver Press Proof,false,100,Caleb Williams
base,327,Silver Press Proof Die-Cut,false,75,Caleb Williams
base,327,Gold Press Proof,false,50,Caleb Williams
base,327,Gold Press Proof Die-Cut,false,25,Caleb Williams
base,327,Black Press Proof,false,10,Caleb Williams
base,327,Black Press Proof Die-Cut,false,1,Caleb Williams
base,328,,false,,Ladd McConkey
base,328,Silver Press Proof,false,100,Ladd McConkey
base,328,Silver Press Proof Die-Cut,false,75,Ladd McConkey
base,328,Gold Press Proof,false,50,Ladd McConkey
base,328,Gold Press Proof Die-Cut,false,25,Ladd McConkey
base,328,Black Press Proof,false,10,Ladd McConkey
base,328,Black Press Proof Die-Cut,false,1,Ladd McConkey
base,329,,false,,Devin Leary
base,329,Silver Press Proof,false,100,Devin Leary
base,329,Silver Press Proof Die-Cut,false,75,Devin Leary
base,329,Gold Press Proof,false,50,Devin Leary
base,329,Gold Press Proof Die-Cut,false,25,Devin Leary
base,329,Black Press Proof,false,10,Devin Leary
base,329,Black Press Proof Die-Cut,false,1,Devin Leary
base,330,,false,,Olumuyiwa Fashanu
base,330,Silver Press Proof,false,100,Olumuyiwa Fashanu
base,330,Silver Press Proof Die-Cut,false,75,Olumuyiwa Fashanu
base,330,Gold Press Proof,false,50,Olumuyiwa Fashanu
base,330,Gold Press Proof Die-Cut,false,25,Olumuyiwa Fashanu
base,330,Black Press Proof,false,10,Olumuyiwa Fashanu
base,330,Black Press Proof Die-Cut,false,1,Olumuyiwa Fashanu
base,331,,false,,Dallas Turner
base,331,Silver Press Proof,false,100,Dallas Turner
base,331,Silver Press Proof Die-Cut,false,75,Dallas Turner
base,331,Gold Press Proof,false,50,Dallas Turner
base,331,Gold Press Proof Die-Cut,false,25,Dallas Turner
base,331,Black Press Proof,false,10,Dallas Turner
base,331,Black Press Proof Die-Cut,false,1,Dallas Turner
base,332,,false,,Sione Vaki
base,332,Silver Press Proof,false,100,Sione Vaki
base,332,Silver Press Proof Die-Cut,false,75,Sione Vaki
base,332,Gold Press Proof,false,50,Sione Vaki
base,332,Gold Press Proof Die-Cut,false,25,Sione Vaki
base,332,Black Press Proof,false,10,Sione Vaki
base,332,Black Press Proof Die-Cut,false,1,Sione Vaki
base,333,,false,,Malachi Corley
base,333,Silver Press Proof,false,100,Malachi Corley
base,333,Silver Press Proof Die-Cut,false,75,Malachi Corley
base,333,Gold Press Proof,false,50,Malachi Corley
base,333,Gold Press Proof Die-Cut,false,25,Malachi Corley
base,333,Black Press Proof,false,10,Malachi Corley
base,333,Black Press Proof Die-Cut,false,1,Malachi Corley
base,334,,false,,Jeremiah Trotter Jr.
base,334,Silver Press Proof,false,100,Jeremiah Trotter Jr.
base,334,Silver Press Proof Die-Cut,false,75,Jeremiah Trotter Jr.
base,334,Gold Press Proof,false,50,Jeremiah Trotter Jr.
base,334,Gold Press Proof Die-Cut,false,25,Jeremiah Trotter Jr.
base,334,Black Press Proof,false,10,Jeremiah Trotter Jr.
base,334,Black Press Proof Die-Cut,false,1,Jeremiah Trotter Jr.
base,335,,false,,Audric Estime
base,335,Silver Press Proof,false,100,Audric Estime
base,335,Silver Press Proof Die-Cut,false,75,Audric Estime
base,335,Gold Press Proof,false,50,Audric Estime
base,335,Gold Press Proof Die-Cut,false,25,Audric Estime
base,335,Black Press Proof,false,10,Audric Estime
base,335,Black Press Proof Die-Cut,false,1,Audric Estime
base,336,,false,,Isaac Guerendo
base,336,Silver Press Proof,false,100,Isaac Guerendo
base,336,Silver Press Proof Die-Cut,false,75,Isaac Guerendo
base,336,Gold Press Proof,false,50,Isaac Guerendo
base,336,Gold Press Proof Die-Cut,false,25,Isaac Guerendo
base,336,Black Press Proof,false,10,Isaac Guerendo
base,336,Black Press Proof Die-Cut,false,1,Isaac Guerendo
base,337,,false,,Jaheim Bell
base,337,Silver Press Proof,false,100,Jaheim Bell
base,337,Silver Press Proof Die-Cut,false,75,Jaheim Bell
base,337,Gold Press Proof,false,50,Jaheim Bell
base,337,Gold Press Proof Die-Cut,false,25,Jaheim Bell
base,337,Black Press Proof,false,10,Jaheim Bell
base,337,Black Press Proof Die-Cut,false,1,Jaheim Bell
base,338,,false,,Troy Franklin
base,338,Silver Press Proof,false,100,Troy Franklin
base,338,Silver Press Proof Die-Cut,false,75,Troy Franklin
base,338,Gold Press Proof,false,50,Troy Franklin
base,338,Gold Press Proof Die-Cut,false,25,Troy Franklin
base,338,Black Press Proof,false,10,Troy Franklin
base,338,Black Press Proof Die-Cut,false,1,Troy Franklin
base,339,,false,,Michael Pratt
base,339,Silver Press Proof,false,100,Michael Pratt
base,339,Silver Press Proof Die-Cut,false,75,Michael Pratt
base,339,Gold Press Proof,false,50,Michael Pratt
base,339,Gold Press Proof Die-Cut,false,25,Michael Pratt
base,339,Black Press Proof,false,10,Michael Pratt
base,339,Black Press Proof Die-Cut,false,1,Michael Pratt
base,340,,false,,J.C. Latham
base,340,Silver Press Proof,false,100,J.C. Latham
base,340,Silver Press Proof Die-Cut,false,75,J.C. Latham
base,340,Gold Press Proof,false,50,J.C. Latham
base,340,Gold Press Proof Die-Cut,false,25,J.C. Latham
base,340,Black Press Proof,false,10,J.C. Latham
base,340,Black Press Proof Die-Cut,false,1,J.C. Latham
base,341,,false,,Jared Verse
base,341,Silver Press Proof,false,100,Jared Verse
base,341,Silver Press Proof Die-Cut,false,75,Jared Verse
base,341,Gold Press Proof,false,50,Jared Verse
base,341,Gold Press Proof Die-Cut,false,25,Jared Verse
base,341,Black Press Proof,false,10,Jared Verse
base,341,Black Press Proof Die-Cut,false,1,Jared Verse
base,342,,false,,Payton Wilson
base,342,Silver Press Proof,false,100,Payton Wilson
base,342,Silver Press Proof Die-Cut,false,75,Payton Wilson
base,342,Gold Press Proof,false,50,Payton Wilson
base,342,Gold Press Proof Die-Cut,false,25,Payton Wilson
base,342,Black Press Proof,false,10,Payton Wilson
base,342,Black Press Proof Die-Cut,false,1,Payton Wilson
base,343,,false,,Adonai Mitchell
base,343,Silver Press Proof,false,100,Adonai Mitchell
base,343,Silver Press Proof Die-Cut,false,75,Adonai Mitchell
base,343,Gold Press Proof,false,50,Adonai Mitchell
base,343,Gold Press Proof Die-Cut,false,25,Adonai Mitchell
base,343,Black Press Proof,false,10,Adonai Mitchell
base,343,Black Press Proof Die-Cut,false,1,Adonai Mitchell
base,344,,false,,Jaylen Wright
base,344,Silver Press Proof,false,100,Jaylen Wright
base,344,Silver Press Proof Die-Cut,false,75,Jaylen Wright
base,344,Gold Press Proof,false,50,Jaylen Wright
base,344,Gold Press Proof Die-Cut,false,25,Jaylen Wright
base,344,Black Press Proof,false,10,Jaylen Wright
base,344,Black Press Proof Die-Cut,false,1,Jaylen Wright
base,345,,false,,Devontez Walker
base,345,Silver Press Proof,false,100,Devontez Walker
base,345,Silver Press Proof Die-Cut,false,75,Devontez Walker
base,345,Gold Press Proof,false,50,Devontez Walker
base,345,Gold Press Proof Die-Cut,false,25,Devontez Walker
base,345,Black Press Proof,false,10,Devontez Walker
base,345,Black Press Proof Die-Cut,false,1,Devontez Walker
base,346,,false,,Tahj Washington
base,346,Silver Press Proof,false,100,Tahj Washington
base,346,Silver Press Proof Die-Cut,false,75,Tahj Washington
base,346,Gold Press Proof,false,50,Tahj Washington
base,346,Gold Press Proof Die-Cut,false,25,Tahj Washington
base,346,Black Press Proof,false,10,Tahj Washington
base,346,Black Press Proof Die-Cut,false,1,Tahj Washington
base,347,,false,,Rasheen Ali
base,347,Silver Press Proof,false,100,Rasheen Ali
base,347,Silver Press Proof Die-Cut,false,75,Rasheen Ali
base,347,Gold Press Proof,false,50,Rasheen Ali
base,347,Gold Press Proof Die-Cut,false,25,Rasheen Ali
base,347,Black Press Proof,false,10,Rasheen Ali
base,347,Black Press Proof Die-Cut,false,1,Rasheen Ali
base,348,,false,,Roman Wilson
base,348,Silver Press Proof,false,100,Roman Wilson
base,348,Silver Press Proof Die-Cut,false,75,Roman Wilson
base,348,Gold Press Proof,false,50,Roman Wilson
base,348,Gold Press Proof Die-Cut,false,25,Roman Wilson
base,348,Black Press Proof,false,10,Roman Wilson
base,348,Black Press Proof Die-Cut,false,1,Roman Wilson
base,349,,false,,Jordan Travis
base,349,Silver Press Proof,false,100,Jordan Travis
base,349,Silver Press Proof Die-Cut,false,75,Jordan Travis
base,349,Gold Press Proof,false,50,Jordan Travis
base,349,Gold Press Proof Die-Cut,false,25,Jordan Travis
base,349,Black Press Proof,false,10,Jordan Travis
base,349,Black Press Proof Die-Cut,false,1,Jordan Travis
base,350,,false,,Amarius Mims
base,350,Silver Press Proof,false,100,Amarius Mims
base,350,Silver Press Proof Die-Cut,false,75,Amarius Mims
base,350,Gold Press Proof,false,50,Amarius Mims
base,350,Gold Press Proof Die-Cut,false,25,Amarius Mims
base,350,Black Press Proof,false,10,Amarius Mims
base,350,Black Press Proof Die-Cut,false,1,Amarius Mims
base,351,,false,,Chop Robinson
base,351,Silver Press Proof,false,100,Chop Robinson
base,351,Silver Press Proof Die-Cut,false,75,Chop Robinson
base,351,Gold Press Proof,false,50,Chop Robinson
base,351,Gold Press Proof Die-Cut,false,25,Chop Robinson
base,351,Black Press Proof,false,10,Chop Robinson
base,351,Black Press Proof Die-Cut,false,1,Chop Robinson
base,352,,false,,Jordan Whittington
base,352,Silver Press Proof,false,100,Jordan Whittington
base,352,Silver Press Proof Die-Cut,false,75,Jordan Whittington
base,352,Gold Press Proof,false,50,Jordan Whittington
base,352,Gold Press Proof Die-Cut,false,25,Jordan Whittington
base,352,Black Press Proof,false,10,Jordan Whittington
base,352,Black Press Proof Die-Cut,false,1,Jordan Whittington
base,353,,false,,Javon Baker
base,353,Silver Press Proof,false,100,Javon Baker
base,353,Silver Press Proof Die-Cut,false,75,Javon Baker
base,353,Gold Press Proof,false,50,Javon Baker
base,353,Gold Press Proof Die-Cut,false,25,Javon Baker
base,353,Black Press Proof,false,10,Javon Baker
base,353,Black Press Proof Die-Cut,false,1,Javon Baker
base,354,,false,,Jonathon Brooks
base,354,Silver Press Proof,false,100,Jonathon Brooks
base,354,Silver Press Proof Die-Cut,false,75,Jonathon Brooks
base,354,Gold Press Proof,false,50,Jonathon Brooks
base,354,Gold Press Proof Die-Cut,false,25,Jonathon Brooks
base,354,Black Press Proof,false,10,Jonathon Brooks
base,354,Black Press Proof Die-Cut,false,1,Jonathon Brooks
base,355,,false,,Kimani Vidal
base,355,Silver Press Proof,false,100,Kimani Vidal
base,355,Silver Press Proof Die-Cut,false,75,Kimani Vidal
base,355,Gold Press Proof,false,50,Kimani Vidal
base,355,Gold Press Proof Die-Cut,false,25,Kimani Vidal
base,355,Black Press Proof,false,10,Kimani Vidal
base,355,Black Press Proof Die-Cut,false,1,Kimani Vidal
base,356,,false,,Ryan Flournoy
base,356,Silver Press Proof,false,100,Ryan Flournoy
base,356,Silver Press Proof Die-Cut,false,75,Ryan Flournoy
base,356,Gold Press Proof,false,50,Ryan Flournoy
base,356,Gold Press Proof Die-Cut,false,25,Ryan Flournoy
base,356,Black Press Proof,false,10,Ryan Flournoy
base,356,Black Press Proof Die-Cut,false,1,Ryan Flournoy
base,357,,false,,Theo Johnson
base,357,Silver Press Proof,false,100,Theo Johnson
base,357,Silver Press Proof Die-Cut,false,75,Theo Johnson
base,357,Gold Press Proof,false,50,Theo Johnson
base,357,Gold Press Proof Die-Cut,false,25,Theo Johnson
base,357,Black Press Proof,false,10,Theo Johnson
base,357,Black Press Proof Die-Cut,false,1,Theo Johnson
base,358,,false,,Keon Coleman
base,358,Silver Press Proof,false,100,Keon Coleman
base,358,Silver Press Proof Die-Cut,false,75,Keon Coleman
base,358,Gold Press Proof,false,50,Keon Coleman
base,358,Gold Press Proof Die-Cut,false,25,Keon Coleman
base,358,Black Press Proof,false,10,Keon Coleman
base,358,Black Press Proof Die-Cut,false,1,Keon Coleman
base,359,,false,,Spencer Rattler
base,359,Silver Press Proof,false,100,Spencer Rattler
base,359,Silver Press Proof Die-Cut,false,75,Spencer Rattler
base,359,Gold Press Proof,false,50,Spencer Rattler
base,359,Gold Press Proof Die-Cut,false,25,Spencer Rattler
base,359,Black Press Proof,false,10,Spencer Rattler
base,359,Black Press Proof Die-Cut,false,1,Spencer Rattler
base,360,,false,,Troy Fautanu
base,360,Silver Press Proof,false,100,Troy Fautanu
base,360,Silver Press Proof Die-Cut,false,75,Troy Fautanu
base,360,Gold Press Proof,false,50,Troy Fautanu
base,360,Gold Press Proof Die-Cut,false,25,Troy Fautanu
base,360,Black Press Proof,false,10,Troy Fautanu
base,360,Black Press Proof Die-Cut,false,1,Troy Fautanu
base,361,,false,,Quinyon Mitchell
base,361,Silver Press Proof,false,100,Quinyon Mitchell
base,361,Silver Press Proof Die-Cut,false,75,Quinyon Mitchell
base,361,Gold Press Proof,false,50,Quinyon Mitchell
base,361,Gold Press Proof Die-Cut,false,25,Quinyon Mitchell
base,361,Black Press Proof,false,10,Quinyon Mitchell
base,361,Black Press Proof Die-Cut,false,1,Quinyon Mitchell
base,362,,false,,Bub Means
base,362,Silver Press Proof,false,100,Bub Means
base,362,Silver Press Proof Die-Cut,false,75,Bub Means
base,362,Gold Press Proof,false,50,Bub Means
base,362,Gold Press Proof Die-Cut,false,25,Bub Means
base,362,Black Press Proof,false,10,Bub Means
base,362,Black Press Proof Die-Cut,false,1,Bub Means
base,363,,false,,Anthony Gould
base,363,Silver Press Proof,false,100,Anthony Gould
base,363,Silver Press Proof Die-Cut,false,75,Anthony Gould
base,363,Gold Press Proof,false,50,Anthony Gould
base,363,Gold Press Proof Die-Cut,false,25,Anthony Gould
base,363,Black Press Proof,false,10,Anthony Gould
base,363,Black Press Proof Die-Cut,false,1,Anthony Gould
base,364,,false,,Tyrone Tracy Jr.
base,364,Silver Press Proof,false,100,Tyrone Tracy Jr.
base,364,Silver Press Proof Die-Cut,false,75,Tyrone Tracy Jr.
base,364,Gold Press Proof,false,50,Tyrone Tracy Jr.
base,364,Gold Press Proof Die-Cut,false,25,Tyrone Tracy Jr.
base,364,Black Press Proof,false,10,Tyrone Tracy Jr.
base,364,Black Press Proof Die-Cut,false,1,Tyrone Tracy Jr.
base,365,,false,,Ainias Smith
base,365,Silver Press Proof,false,100,Ainias Smith
base,365,Silver Press Proof Die-Cut,false,75,Ainias Smith
base,365,Gold Press Proof,false,50,Ainias Smith
base,365,Gold Press Proof Die-Cut,false,25,Ainias Smith
base,365,Black Press Proof,false,10,Ainias Smith
base,365,Black Press Proof Die-Cut,false,1,Ainias Smith
base,366,,false,,Tip Reiman
base,366,Silver Press Proof,false,100,Tip Reiman
base,366,Silver Press Proof Die-Cut,false,75,Tip Reiman
base,366,Gold Press Proof,false,50,Tip Reiman
base,366,Gold Press Proof Die-Cut,false,25,Tip Reiman
base,366,Black Press Proof,false,10,Tip Reiman
base,366,Black Press Proof Die-Cut,false,1,Tip Reiman
base,367,,false,,AJ Barner
base,367,Silver Press Proof,false,100,AJ Barner
base,367,Silver Press Proof Die-Cut,false,75,AJ Barner
base,367,Gold Press Proof,false,50,AJ Barner
base,367,Gold Press Proof Die-Cut,false,25,AJ Barner
base,367,Black Press Proof,false,10,AJ Barner
base,367,Black Press Proof Die-Cut,false,1,AJ Barner
base,368,,false,,Jermaine Burton
base,368,Silver Press Proof,false,100,Jermaine Burton
base,368,Silver Press Proof Die-Cut,false,75,Jermaine Burton
base,368,Gold Press Proof,false,50,Jermaine Burton
base,368,Gold Press Proof Die-Cut,false,25,Jermaine Burton
base,368,Black Press Proof,false,10,Jermaine Burton
base,368,Black Press Proof Die-Cut,false,1,Jermaine Burton
base,369,,false,,Bo Nix
base,369,Silver Press Proof,false,100,Bo Nix
base,369,Silver Press Proof Die-Cut,false,75,Bo Nix
base,369,Gold Press Proof,false,50,Bo Nix
base,369,Gold Press Proof Die-Cut,false,25,Bo Nix
base,369,Black Press Proof,false,10,Bo Nix
base,369,Black Press Proof Die-Cut,false,1,Bo Nix
base,370,,false,,Jordan Morgan
base,370,Silver Press Proof,false,100,Jordan Morgan
base,370,Silver Press Proof Die-Cut,false,75,Jordan Morgan
base,370,Gold Press Proof,false,50,Jordan Morgan
base,370,Gold Press Proof Die-Cut,false,25,Jordan Morgan
base,370,Black Press Proof,false,10,Jordan Morgan
base,370,Black Press Proof Die-Cut,false,1,Jordan Morgan
base,371,,false,,Terrion Arnold
base,371,Silver Press Proof,false,100,Terrion Arnold
base,371,Silver Press Proof Die-Cut,false,75,Terrion Arnold
base,371,Gold Press Proof,false,50,Terrion Arnold
base,371,Gold Press Proof Die-Cut,false,25,Terrion Arnold
base,371,Black Press Proof,false,10,Terrion Arnold
base,371,Black Press Proof Die-Cut,false,1,Terrion Arnold
base,372,,false,,Dylan Laube
base,372,Silver Press Proof,false,100,Dylan Laube
base,372,Silver Press Proof Die-Cut,false,75,Dylan Laube
base,372,Gold Press Proof,false,50,Dylan Laube
base,372,Gold Press Proof Die-Cut,false,25,Dylan Laube
base,372,Black Press Proof,false,10,Dylan Laube
base,372,Black Press Proof Die-Cut,false,1,Dylan Laube
base,373,,false,,Ja'Lynn Polk
base,373,Silver Press Proof,false,100,Ja'Lynn Polk
base,373,Silver Press Proof Die-Cut,false,75,Ja'Lynn Polk
base,373,Gold Press Proof,false,50,Ja'Lynn Polk
base,373,Gold Press Proof Die-Cut,false,25,Ja'Lynn Polk
base,373,Black Press Proof,false,10,Ja'Lynn Polk
base,373,Black Press Proof Die-Cut,false,1,Ja'Lynn Polk
base,374,,false,,MarShawn Lloyd
base,374,Silver Press Proof,false,100,MarShawn Lloyd
base,374,Silver Press Proof Die-Cut,false,75,MarShawn Lloyd
base,374,Gold Press Proof,false,50,MarShawn Lloyd
base,374,Gold Press Proof Die-Cut,false,25,MarShawn Lloyd
base,374,Black Press Proof,false,10,MarShawn Lloyd
base,374,Black Press Proof Die-Cut,false,1,MarShawn Lloyd
base,375,,false,,Jase McClellan
base,375,Silver Press Proof,false,100,Jase McClellan
base,375,Silver Press Proof Die-Cut,false,75,Jase McClellan
base,375,Gold Press Proof,false,50,Jase McClellan
base,375,Gold Press Proof Die-Cut,false,25,Jase McClellan
base,375,Black Press Proof,false,10,Jase McClellan
base,375,Black Press Proof Die-Cut,false,1,Jase McClellan
base,376,,false,,Jamari Thrash
base,376,Silver Press Proof,false,100,Jamari Thrash
base,376,Silver Press Proof Die-Cut,false,75,Jamari Thrash
base,376,Gold Press Proof,false,50,Jamari Thrash
base,376,Gold Press Proof Die-Cut,false,25,Jamari Thrash
base,376,Black Press Proof,false,10,Jamari Thrash
base,376,Black Press Proof Die-Cut,false,1,Jamari Thrash
base,377,,false,,Cornelius Johnson
base,377,Silver Press Proof,false,100,Cornelius Johnson
base,377,Silver Press Proof Die-Cut,false,75,Cornelius Johnson
base,377,Gold Press Proof,false,50,Cornelius Johnson
base,377,Gold Press Proof Die-Cut,false,25,Cornelius Johnson
base,377,Black Press Proof,false,10,Cornelius Johnson
base,377,Black Press Proof Die-Cut,false,1,Cornelius Johnson
base,378,,false,,Jacob Cowing
base,378,Silver Press Proof,false,100,Jacob Cowing
base,378,Silver Press Proof Die-Cut,false,75,Jacob Cowing
base,378,Gold Press Proof,false,50,Jacob Cowing
base,378,Gold Press Proof Die-Cut,false,25,Jacob Cowing
base,378,Black Press Proof,false,10,Jacob Cowing
base,378,Black Press Proof Die-Cut,false,1,Jacob Cowing
base,379,,false,,Drake Maye
base,379,Silver Press Proof,false,100,Drake Maye
base,379,Silver Press Proof Die-Cut,false,75,Drake Maye
base,379,Gold Press Proof,false,50,Drake Maye
base,379,Gold Press Proof Die-Cut,false,25,Drake Maye
base,379,Black Press Proof,false,10,Drake Maye
base,379,Black Press Proof Die-Cut,false,1,Drake Maye
base,380,,false,,Graham Barton
base,380,Silver Press Proof,false,100,Graham Barton
base,380,Silver Press Proof Die-Cut,false,75,Graham Barton
base,380,Gold Press Proof,false,50,Graham Barton
base,380,Gold Press Proof Die-Cut,false,25,Graham Barton
base,380,Black Press Proof,false,10,Graham Barton
base,380,Black Press Proof Die-Cut,false,1,Graham Barton
base,381,,false,,Darius Robinson
base,381,Silver Press Proof,false,100,Darius Robinson
base,381,Silver Press Proof Die-Cut,false,75,Darius Robinson
base,381,Gold Press Proof,false,50,Darius Robinson
base,381,Gold Press Proof Die-Cut,false,25,Darius Robinson
base,381,Black Press Proof,false,10,Darius Robinson
base,381,Black Press Proof Die-Cut,false,1,Darius Robinson
base,382,,false,,Brenden Rice
base,382,Silver Press Proof,false,100,Brenden Rice
base,382,Silver Press Proof Die-Cut,false,75,Brenden Rice
base,382,Gold Press Proof,false,50,Brenden Rice
base,382,Gold Press Proof Die-Cut,false,25,Brenden Rice
base,382,Black Press Proof,false,10,Brenden Rice
base,382,Black Press Proof Die-Cut,false,1,Brenden Rice
base,383,,false,,Malik Nabers
base,383,Silver Press Proof,false,100,Malik Nabers
base,383,Silver Press Proof Die-Cut,false,75,Malik Nabers
base,383,Gold Press Proof,false,50,Malik Nabers
base,383,Gold Press Proof Die-Cut,false,25,Malik Nabers
base,383,Black Press Proof,false,10,Malik Nabers
base,383,Black Press Proof Die-Cut,false,1,Malik Nabers
base,384,,false,,Tejhaun Palmer
base,384,Silver Press Proof,false,100,Tejhaun Palmer
base,384,Silver Press Proof Die-Cut,false,75,Tejhaun Palmer
base,384,Gold Press Proof,false,50,Tejhaun Palmer
base,384,Gold Press Proof Die-Cut,false,25,Tejhaun Palmer
base,384,Black Press Proof,false,10,Tejhaun Palmer
base,384,Black Press Proof Die-Cut,false,1,Tejhaun Palmer
base,385,,false,,Keilan Robinson
base,385,Silver Press Proof,false,100,Keilan Robinson
base,385,Silver Press Proof Die-Cut,false,75,Keilan Robinson
base,385,Gold Press Proof,false,50,Keilan Robinson
base,385,Gold Press Proof Die-Cut,false,25,Keilan Robinson
base,385,Black Press Proof,false,10,Keilan Robinson
base,385,Black Press Proof Die-Cut,false,1,Keilan Robinson
base,386,,false,,Isaiah Davis
base,386,Silver Press Proof,false,100,Isaiah Davis
base,386,Silver Press Proof Die-Cut,false,75,Isaiah Davis
base,386,Gold Press Proof,false,50,Isaiah Davis
base,386,Gold Press Proof Die-Cut,false,25,Isaiah Davis
base,386,Black Press Proof,false,10,Isaiah Davis
base,386,Black Press Proof Die-Cut,false,1,Isaiah Davis
base,387,,false,,Jared Wiley
base,387,Silver Press Proof,false,100,Jared Wiley
base,387,Silver Press Proof Die-Cut,false,75,Jared Wiley
base,387,Gold Press Proof,false,50,Jared Wiley
base,387,Gold Press Proof Die-Cut,false,25,Jared Wiley
base,387,Black Press Proof,false,10,Jared Wiley
base,387,Black Press Proof Die-Cut,false,1,Jared Wiley
base,388,,false,,Jalen McMillan
base,388,Silver Press Proof,false,100,Jalen McMillan
base,388,Silver Press Proof Die-Cut,false,75,Jalen McMillan
base,388,Gold Press Proof,false,50,Jalen McMillan
base,388,Gold Press Proof Die-Cut,false,25,Jalen McMillan
base,388,Black Press Proof,false,10,Jalen McMillan
base,388,Black Press Proof Die-Cut,false,1,Jalen McMillan
base,389,,false,,Jayden Daniels
base,389,Silver Press Proof,false,100,Jayden Daniels
base,389,Silver Press Proof Die-Cut,false,75,Jayden Daniels
base,389,Gold Press Proof,false,50,Jayden Daniels
base,389,Gold Press Proof Die-Cut,false,25,Jayden Daniels
base,389,Black Press Proof,false,10,Jayden Daniels
base,389,Black Press Proof Die-Cut,false,1,Jayden Daniels
base,390,,false,,Jawhar Jordan
base,390,Silver Press Proof,false,100,Jawhar Jordan
base,390,Silver Press Proof Die-Cut,false,75,Jawhar Jordan
base,390,Gold Press Proof,false,50,Jawhar Jordan
base,390,Gold Press Proof Die-Cut,false,25,Jawhar Jordan
base,390,Black Press Proof,false,10,Jawhar Jordan
base,390,Black Press Proof Die-Cut,false,1,Jawhar Jordan
base,391,,false,,Nate Wiggins
base,391,Silver Press Proof,false,100,Nate Wiggins
base,391,Silver Press Proof Die-Cut,false,75,Nate Wiggins
base,391,Gold Press Proof,false,50,Nate Wiggins
base,391,Gold Press Proof Die-Cut,false,25,Nate Wiggins
base,391,Black Press Proof,false,10,Nate Wiggins
base,391,Black Press Proof Die-Cut,false,1,Nate Wiggins
base,392,,false,,Casey Washington
base,392,Silver Press Proof,false,100,Casey Washington
base,392,Silver Press Proof Die-Cut,false,75,Casey Washington
base,392,Gold Press Proof,false,50,Casey Washington
base,392,Gold Press Proof Die-Cut,false,25,Casey Washington
base,392,Black Press Proof,false,10,Casey Washington
base,392,Black Press Proof Die-Cut,false,1,Casey Washington
base,393,,false,,Marvin Harrison Jr.
base,393,Silver Press Proof,false,100,Marvin Harrison Jr.
base,393,Silver Press Proof Die-Cut,false,75,Marvin Harrison Jr.
base,393,Gold Press Proof,false,50,Marvin Harrison Jr.
base,393,Gold Press Proof Die-Cut,false,25,Marvin Harrison Jr.
base,393,Black Press Proof,false,10,Marvin Harrison Jr.
base,393,Black Press Proof Die-Cut,false,1,Marvin Harrison Jr.
base,394,,false,,Brock Bowers
base,394,Silver Press Proof,false,100,Brock Bowers
base,394,Silver Press Proof Die-Cut,false,75,Brock Bowers
base,394,Gold Press Proof,false,50,Brock Bowers
base,394,Gold Press Proof Die-Cut,false,25,Brock Bowers
base,394,Black Press Proof,false,10,Brock Bowers
base,394,Black Press Proof Die-Cut,false,1,Brock Bowers
base,395,,false,,Devaughn Vele
base,395,Silver Press Proof,false,100,Devaughn Vele
base,395,Silver Press Proof Die-Cut,false,75,Devaughn Vele
base,395,Gold Press Proof,false,50,Devaughn Vele
base,395,Gold Press Proof Die-Cut,false,25,Devaughn Vele
base,395,Black Press Proof,false,10,Devaughn Vele
base,395,Black Press Proof Die-Cut,false,1,Devaughn Vele
base,396,,false,,Jha'Quan Jackson
base,396,Silver Press Proof,false,100,Jha'Quan Jackson
base,396,Silver Press Proof Die-Cut,false,75,Jha'Quan Jackson
base,396,Gold Press Proof,false,50,Jha'Quan Jackson
base,396,Gold Press Proof Die-Cut,false,25,Jha'Quan Jackson
base,396,Black Press Proof,false,10,Jha'Quan Jackson
base,396,Black Press Proof Die-Cut,false,1,Jha'Quan Jackson
base,397,,false,,Malik Washington
base,397,Silver Press Proof,false,100,Malik Washington
base,397,Silver Press Proof Die-Cut,false,75,Malik Washington
base,397,Gold Press Proof,false,50,Malik Washington
base,397,Gold Press Proof Die-Cut,false,25,Malik Washington
base,397,Black Press Proof,false,10,Malik Washington
base,397,Black Press Proof Die-Cut,false,1,Malik Washington
base,398,,false,,Xavier Worthy
base,398,Silver Press Proof,false,100,Xavier Worthy
base,398,Silver Press Proof Die-Cut,false,75,Xavier Worthy
base,398,Gold Press Proof,false,50,Xavier Worthy
base,398,Gold Press Proof Die-Cut,false,25,Xavier Worthy
base,398,Black Press Proof,false,10,Xavier Worthy
base,398,Black Press Proof Die-Cut,false,1,Xavier Worthy
base,399,,false,,Dillon Johnson
base,399,Silver Press Proof,false,100,Dillon Johnson
base,399,Silver Press Proof Die-Cut,false,75,Dillon Johnson
base,399,Gold Press Proof,false,50,Dillon Johnson
base,399,Gold Press Proof Die-Cut,false,25,Dillon Johnson
base,399,Black Press Proof,false,10,Dillon Johnson
base,399,Black Press Proof Die-Cut,false,1,Dillon Johnson
base,400,,false,,Tyler Guyton
base,400,Silver Press Proof,false,100,Tyler Guyton
base,400,Silver Press Proof Die-Cut,false,75,Tyler Guyton
base,400,Gold Press Proof,false,50,Tyler Guyton
base,400,Gold Press Proof Die-Cut,false,25,Tyler Guyton
base,400,Black Press Proof,false,10,Tyler Guyton
base,400,Black Press Proof Die-Cut,false,1,Tyler Guyton
auto-action-all-pros-autographs,1,,true,,Preston Smith
auto-action-all-pros-autographs,2,,true,,George Pickens
auto-action-all-pros-autographs,4,,true,,Kyren Williams
auto-action-all-pros-autographs,5,,true,,Courtland Sutton
auto-action-all-pros-autographs,6,,true,,Brandon Graham
auto-action-all-pros-autographs,9,,true,,Justin Tucker
auto-action-all-pros-autographs,12,,true,,Alex Highsmith
auto-action-all-pros-autographs,17,,true,,Talanoa Hufanga
auto-action-all-pros-autographs,20,,true,,Jaxon Smith-Njigba
auto-all-pro-kings-autographs,1,,true,,Myles Garrett
auto-all-pro-kings-autographs,8,,true,,"Ahmad ""Sauce"" Gardner"
auto-all-pro-kings-autographs,11,,true,,George Kittle
auto-all-pro-kings-autographs,12,,true,,Kyren Williams
auto-all-pro-kings-autographs,13,,true,,Tyreek Hill
auto-all-pro-kings-autographs,17,,true,,Sam LaPorta
auto-all-pro-kings-autographs,18,,true,,Dexter Lawrence
auto-all-time-gridiron-kings-autographs,1,,true,,Peyton Manning
auto-all-time-gridiron-kings-autographs,2,,true,,Marshall Faulk
auto-all-time-gridiron-kings-autographs,3,,true,,Brian Urlacher
auto-all-time-gridiron-kings-autographs,5,,true,,Eddie George
auto-all-time-gridiron-kings-autographs,7,,true,,Luke Kuechly
auto-all-time-gridiron-kings-autographs,8,,true,,Tony Romo
auto-all-time-gridiron-kings-autographs,9,,true,,Clay Matthews Jr.
auto-all-time-gridiron-kings-autographs,10,,true,,Howie Long
auto-all-time-gridiron-kings-autographs,11,,true,,Antonio Gates
auto-all-time-gridiron-kings-autographs,12,,true,,Adrian Peterson
auto-all-time-gridiron-kings-autographs,13,,true,,Wes Welker
auto-best-of-instant-autographs,5,,true,,George Pickens
auto-best-of-instant-autographs,11,,true,,Myles Garrett
auto-best-of-instant-autographs,15,,true,,Brock Purdy
auto-best-of-instant-autographs,21,,true,,Jalen Hurts
auto-best-of-instant-autographs,23,,true,,Tyson Bagent
auto-best-of-instant-autographs,24,,true,,Sam LaPorta
auto-best-of-instant-autographs,25,,true,,Raheem Mostert
auto-bomb-squad-autographs,1,,true,,Michael Penix Jr.
auto-bomb-squad-autographs,3,,true,,Rome Odunze
auto-bomb-squad-autographs,5,,true,,J.J. McCarthy
auto-bomb-squad-autographs,6,,true,,Brian Thomas Jr.
auto-bomb-squad-autographs,8,,true,,Garrett Wilson
auto-bomb-squad-autographs,9,,true,,Adonai Mitchell
auto-bomb-squad-autographs,13,,true,,Keon Coleman
auto-bomb-squad-autographs,14,,true,,Baker Mayfield
auto-bomb-squad-autographs,15,,true,,Ricky Pearsall
auto-bomb-squad-autographs,16,,true,,Tyreek Hill
auto-bomb-squad-autographs,20,,true,,Justin Jefferson
auto-bomb-squad-autographs,21,,true,,George Pickens
auto-bomb-squad-autographs,23,,true,,DJ Moore
auto-bomb-squad-autographs,24,,true,,Xavier Legette
auto-bomb-squad-autographs,26,,true,,Malachi Corley
auto-canton-kings-autographs,1,,true,,Julius Peppers
auto-canton-kings-autographs,4,,true,,Terrell Davis
auto-canton-kings-autographs,5,,true,,Eric Dickerson
auto-canton-kings-autographs,6,,true,,John Elway
auto-canton-kings-autographs,7,,true,,Brett Favre
auto-canton-kings-autographs,8,,true,,Dwight Freeney
auto-canton-kings-autographs,9,,true,,Michael Irvin
auto-canton-kings-autographs,10,,true,,Charlie Joiner
auto-canton-kings-autographs,11,,true,,Jim Kelly
auto-canton-kings-autographs,12,,true,,Jack Lambert
auto-canton-kings-autographs,13,,true,,Bob Lilly
auto-canton-kings-autographs,14,,true,,Jonathan Ogden
auto-canton-kings-autographs,15,,true,,Terrell Owens
auto-canton-kings-autographs,16,,true,,Drew Pearson
auto-canton-kings-autographs,19,,true,,Zach Thomas
auto-canton-kings-autographs,20,,true,,Roger Wehrli
auto-champ-is-here-autographs,4,,true,,Rashee Rice
auto-champ-is-here-autographs,7,,true,,Mecole Hardman Jr.
auto-champ-is-here-autographs,8,,true,,Harrison Butker
auto-champ-is-here-autographs,9,,true,,Nick Bolton
auto-champ-is-here-autographs,12,,true,,Leo Chenal
auto-champ-is-here-autographs,18,,true,,Skyy Moore
auto-champ-is-here-autographs,19,,true,,Trent McDuffie
auto-champ-is-here-autographs,20,,true,,Andy Reid
auto-dominators-autographs,6,,true,,Justin Herbert
auto-dominators-autographs,8,,true,,Rhamondre Stevenson
auto-dominators-autographs,9,,true,,DeMarcus Lawrence
auto-dominators-autographs,18,,true,,Dexter Lawrence
auto-dominators-autographs,22,,true,,Garrett Wilson
auto-dominators-autographs,27,,true,,Tyreek Hill
auto-dominators-autographs,31,,true,,Fred Warner
auto-dominators-autographs,34,,true,,Baker Mayfield
auto-dominators-autographs,35,,true,,DJ Moore
auto-gridiron-kings-autographs,3,,true,,George Pickens
auto-gridiron-kings-autographs,4,,true,,Sam LaPorta
auto-gridiron-kings-autographs,5,,true,,Brock Purdy
auto-gridiron-kings-autographs,7,,true,,Jaylen Waddle
auto-gridiron-kings-autographs,8,,true,,DJ Moore
auto-gridiron-kings-autographs,13,,true,,Baker Mayfield
auto-gridiron-kings-autographs,15,,true,,Myles Garrett
auto-inducted-autographs,798,,true,,Julius Peppers
auto-inducted-autographs,800,,true,,Patrick Willis
auto-jersey-kings-autographs,2,,true,,Bobby Okereke
auto-jersey-kings-autographs,3,,true,,Jalen Hurts
auto-jersey-kings-autographs,5,,true,,James Cook
auto-jersey-kings-autographs,6,,true,,Jaylen Waddle
auto-jersey-kings-autographs,7,,true,,Rhamondre Stevenson
auto-jersey-kings-autographs,8,,true,,Garrett Wilson
auto-jersey-kings-autographs,9,,true,,Nnamdi Madubuike
auto-jersey-kings-autographs,11,,true,,Jerome Ford
auto-jersey-kings-autographs,12,,true,,George Pickens
auto-jersey-kings-autographs,13,,true,,DJ Moore
auto-jersey-kings-autographs,14,,true,,Sam LaPorta
auto-jersey-kings-autographs,15,,true,,Jayden Reed
auto-jersey-kings-autographs,18,,true,,Chris Olave
auto-jersey-kings-autographs,19,,true,,Baker Mayfield
auto-jersey-kings-autographs,20,,true,,Nico Collins
auto-jersey-kings-autographs,24,,true,,Courtland Sutton
auto-jersey-kings-autographs,26,,true,,Kirk Cousins
auto-jersey-kings-autographs,27,,true,,Kyler Murray
auto-leather-kings-autographs,1,,true,,Jonathon Brooks
auto-leather-kings-autographs,2,,true,,Spencer Rattler
auto-leather-kings-autographs,3,,true,,Jordan Travis
auto-leather-kings-autographs,4,,true,,MarShawn Lloyd
auto-leather-kings-autographs,5,,true,,Ray Davis
auto-leather-kings-autographs,6,,true,,Adonai Mitchell
auto-leather-kings-autographs,7,,true,,Dallas Turner
auto-leather-kings-autographs,8,,true,,Will Shipley
auto-leather-kings-autographs,10,,true,,Audric Estime
auto-optic-rated-rookies-preview-autographs,301,,true,,Bucky Irving
auto-optic-rated-rookies-preview-autographs,302,,true,,Luke McCaffrey
auto-optic-rated-rookies-preview-autographs,303,,true,,J.J. McCarthy
auto-optic-rated-rookies-preview-autographs,304,,true,,Cade Stover
auto-optic-rated-rookies-preview-autographs,305,,true,,Cooper DeJean
auto-optic-rated-rookies-preview-autographs,306,,true,,Braelon Allen
auto-optic-rated-rookies-preview-autographs,308,,true,,Michael Penix Jr.
auto-optic-rated-rookies-preview-autographs,309,,true,,Rome Odunze
auto-optic-rated-rookies-preview-autographs,312,,true,,Will Shipley
auto-optic-rated-rookies-preview-autographs,313,,true,,Brian Thomas Jr.
auto-optic-rated-rookies-preview-autographs,315,,true,,Kool-Aid McKinstry
auto-optic-rated-rookies-preview-autographs,316,,true,,Ray Davis
auto-optic-rated-rookies-preview-autographs,317,,true,,Ja'Tavion Sanders
auto-optic-rated-rookies-preview-autographs,318,,true,,Ricky Pearsall
auto-optic-rated-rookies-preview-autographs,320,,true,,Joe Alt
auto-optic-rated-rookies-preview-autographs,321,,true,,Byron Murphy II
auto-optic-rated-rookies-preview-autographs,322,,true,,Blake Corum
auto-optic-rated-rookies-preview-autographs,323,,true,,Xavier Legette
auto-optic-rated-rookies-preview-autographs,325,,true,,Edgerrin Cooper
auto-optic-rated-rookies-preview-autographs,326,,true,,Trey Benson
auto-optic-rated-rookies-preview-autographs,328,,true,,Ladd McConkey
auto-optic-rated-rookies-preview-autographs,330,,true,,Olumuyiwa Fashanu
auto-optic-rated-rookies-preview-autographs,331,,true,,Dallas Turner
auto-optic-rated-rookies-preview-autographs,332,,true,,Sione Vaki
auto-optic-rated-rookies-preview-autographs,333,,true,,Malachi Corley
auto-optic-rated-rookies-preview-autographs,335,,true,,Audric Estime
auto-optic-rated-rookies-preview-autographs,336,,true,,Isaac Guerendo
auto-optic-rated-rookies-preview-autographs,337,,true,,Jaheim Bell
auto-optic-rated-rookies-preview-autographs,338,,true,,Troy Franklin
auto-optic-rated-rookies-preview-autographs,341,,true,,Jared Verse
auto-optic-rated-rookies-preview-autographs,343,,true,,Adonai Mitchell
auto-optic-rated-rookies-preview-autographs,344,,true,,Jaylen Wright
auto-optic-rated-rookies-preview-autographs,349,,true,,Jordan Travis
auto-optic-rated-rookies-preview-autographs,350,,true,,Amarius Mims
auto-optic-rated-rookies-preview-autographs,351,,true,,Chop Robinson
auto-optic-rated-rookies-preview-autographs,352,,true,,Jordan Whittington
auto-optic-rated-rookies-preview-autographs,353,,true,,Javon Baker
auto-optic-rated-rookies-preview-autographs,354,,true,,Jonathon Brooks
auto-optic-rated-rookies-preview-autographs,356,,true,,Ryan Flournoy
auto-optic-rated-rookies-preview-autographs,358,,true,,Keon Coleman
auto-optic-rated-rookies-preview-autographs,359,,true,,Spencer Rattler
auto-optic-rated-rookies-preview-autographs,360,,true,,Troy Fautanu
auto-optic-rated-rookies-preview-autographs,363,,true,,Anthony Gould
auto-optic-rated-rookies-preview-autographs,366,,true,,Tip Reiman
auto-optic-rated-rookies-preview-autographs,367,,true,,AJ Barner
auto-optic-rated-rookies-preview-autographs,371,,true,,Terrion Arnold
auto-optic-rated-rookies-preview-autographs,372,,true,,Dylan Laube
auto-optic-rated-rookies-preview-autographs,373,,true,,Ja'Lynn Polk
auto-optic-rated-rookies-preview-autographs,375,,true,,Jase McClellan
auto-optic-rated-rookies-preview-autographs,376,,true,,Jamari Thrash
auto-optic-rated-rookies-preview-autographs,377,,true,,Cornelius Johnson
auto-optic-rated-rookies-preview-autographs,380,,true,,Graham Barton
auto-optic-rated-rookies-preview-autographs,382,,true,,Brenden Rice
auto-optic-rated-rookies-preview-autographs,385,,true,,Keilan Robinson
auto-optic-rated-rookies-preview-autographs,386,,true,,Isaiah Davis
auto-optic-rated-rookies-preview-autographs,387,,true,,Jared Wiley
auto-optic-rated-rookies-preview-autographs,390,,true,,Jawhar Jordan
auto-optic-rated-rookies-preview-autographs,391,,true,,Nate Wiggins
auto-optic-rated-rookies-preview-autographs,396,,true,,Jha'Quan Jackson
auto-optic-rated-rookies-preview-autographs,399,,true,,Dillon Johnson
auto-rated-rookies-autographs,301,,true,,Bucky Irving
auto-rated-rookies-autographs,301,Purple,true,150,Bucky Irving
auto-rated-rookies-autographs,301,Gold,true,25,Bucky Irving
auto-rated-rookies-autographs,301,Black,true,10,Bucky Irving
auto-rated-rookies-autographs,302,,true,,Luke McCaffrey
auto-rated-rookies-autographs,302,Purple,true,150,Luke McCaffrey
auto-rated-rookies-autographs,302,Gold,true,25,Luke McCaffrey
auto-rated-rookies-autographs,302,Black,true,10,Luke McCaffrey
auto-rated-rookies-autographs,303,,true,,J.J. McCarthy
auto-rated-rookies-autographs,303,Purple,true,150,J.J. McCarthy
auto-rated-rookies-autographs,303,Gold,true,25,J.J. McCarthy
auto-rated-rookies-autographs,303,Black,true,10,J.J. McCarthy
auto-rated-rookies-autographs,304,,true,,Cade Stover
auto-rated-rookies-autographs,304,Purple,true,150,Cade Stover
auto-rated-rookies-autographs,304,Gold,true,25,Cade Stover
auto-rated-rookies-autographs,304,Black,true,10,Cade Stover
auto-rated-rookies-autographs,305,,true,,Cooper DeJean
auto-rated-rookies-autographs,305,Purple,true,150,Cooper DeJean
auto-rated-rookies-autographs,305,Gold,true,25,Cooper DeJean
auto-rated-rookies-autographs,305,Black,true,10,Cooper DeJean
auto-rated-rookies-autographs,306,,true,,Braelon Allen
auto-rated-rookies-autographs,306,Purple,true,150,Braelon Allen
auto-rated-rookies-autographs,306,Gold,true,25,Braelon Allen
auto-rated-rookies-autographs,306,Black,true,10,Braelon Allen
auto-rated-rookies-autographs,307,,true,,Johnny Wilson
auto-rated-rookies-autographs,307,Purple,true,150,Johnny Wilson
auto-rated-rookies-autographs,307,Gold,true,25,Johnny Wilson
auto-rated-rookies-autographs,307,Black,true,10,Johnny Wilson
auto-rated-rookies-autographs,308,,true,,Michael Penix Jr.
auto-rated-rookies-autographs,308,Purple,true,150,Michael Penix Jr.
auto-rated-rookies-autographs,308,Gold,true,25,Michael Penix Jr.
auto-rated-rookies-autographs,308,Black,true,10,Michael Penix Jr.
auto-rated-rookies-autographs,309,,true,,Rome Odunze
auto-rated-rookies-autographs,309,Purple,true,150,Rome Odunze
auto-rated-rookies-autographs,309,Gold,true,25,Rome Odunze
auto-rated-rookies-autographs,309,Black,true,10,Rome Odunze
auto-rated-rookies-autographs,312,,true,,Will Shipley
auto-rated-rookies-autographs,312,Purple,true,150,Will Shipley
auto-rated-rookies-autographs,312,Gold,true,25,Will Shipley
auto-rated-rookies-autographs,312,Black,true,10,Will Shipley
auto-rated-rookies-autographs,313,,true,,Brian Thomas Jr.
auto-rated-rookies-autographs,313,Purple,true,150,Brian Thomas Jr.
auto-rated-rookies-autographs,313,Gold,true,25,Brian Thomas Jr.
auto-rated-rookies-autographs,313,Black,true,10,Brian Thomas Jr.
auto-rated-rookies-autographs,315,,true,,Kool-Aid McKinstry
auto-rated-rookies-autographs,315,Purple,true,150,Kool-Aid McKinstry
auto-rated-rookies-autographs,315,Gold,true,25,Kool-Aid McKinstry
auto-rated-rookies-autographs,315,Black,true,10,Kool-Aid McKinstry
auto-rated-rookies-autographs,316,,true,,Ray Davis
auto-rated-rookies-autographs,316,Purple,true,150,Ray Davis
auto-rated-rookies-autographs,316,Gold,true,25,Ray Davis
auto-rated-rookies-autographs,316,Black,true,10,Ray Davis
auto-rated-rookies-autographs,317,,true,,Ja'Tavion Sanders
auto-rated-rookies-autographs,317,Purple,true,150,Ja'Tavion Sanders
auto-rated-rookies-autographs,317,Gold,true,25,Ja'Tavion Sanders
auto-rated-rookies-autographs,317,Black,true,10,Ja'Tavion Sanders
auto-rated-rookies-autographs,318,,true,,Ricky Pearsall
auto-rated-rookies-autographs,318,Purple,true,150,Ricky Pearsall
auto-rated-rookies-autographs,318,Gold,true,25,Ricky Pearsall
auto-rated-rookies-autographs,318,Black,true,10,Ricky Pearsall
auto-rated-rookies-autographs,320,,true,,Joe Alt
auto-rated-rookies-autographs,320,Purple,true,150,Joe Alt
auto-rated-rookies-autographs,320,Gold,true,25,Joe Alt
auto-rated-rookies-autographs,320,Black,true,10,Joe Alt
auto-rated-rookies-autographs,321,,true,,Byron Murphy II
auto-rated-rookies-autographs,321,Purple,true,150,Byron Murphy II
auto-rated-rookies-autographs,321,Gold,true,25,Byron Murphy II
auto-rated-rookies-autographs,321,Black,true,10,Byron Murphy II
auto-rated-rookies-autographs,322,,true,,Blake Corum
auto-rated-rookies-autographs,322,Purple,true,150,Blake Corum
auto-rated-rookies-autographs,322,Gold,true,25,Blake Corum
auto-rated-rookies-autographs,322,Black,true,10,Blake Corum
auto-rated-rookies-autographs,323,,true,,Xavier Legette
auto-rated-rookies-autographs,323,Purple,true,150,Xavier Legette
auto-rated-rookies-autographs,323,Gold,true,25,Xavier Legette
auto-rated-rookies-autographs,323,Black,true,10,Xavier Legette
auto-rated-rookies-autographs,325,,true,,Edgerrin Cooper
auto-rated-rookies-autographs,325,Purple,true,150,Edgerrin Cooper
auto-rated-rookies-autographs,325,Gold,true,25,Edgerrin Cooper
auto-rated-rookies-autographs,325,Black,true,10,Edgerrin Cooper
auto-rated-rookies-autographs,326,,true,,Trey Benson
auto-rated-rookies-autographs,326,Purple,true,150,Trey Benson
auto-rated-rookies-autographs,326,Gold,true,25,Trey Benson
auto-rated-rookies-autographs,326,Black,true,10,Trey Benson
auto-rated-rookies-autographs,328,,true,,Ladd McConkey
auto-rated-rookies-autographs,328,Purple,true,150,Ladd McConkey
auto-rated-rookies-autographs,328,Gold,true,25,Ladd McConkey
auto-rated-rookies-autographs,328,Black,true,10,Ladd McConkey
auto-rated-rookies-autographs,331,,true,,Dallas Turner
auto-rated-rookies-autographs,331,Purple,true,150,Dallas Turner
auto-rated-rookies-autographs,331,Gold,true,25,Dallas Turner
auto-rated-rookies-autographs,331,Black,true,10,Dallas Turner
auto-rated-rookies-autographs,332,,true,,Sione Vaki
auto-rated-rookies-autographs,332,Purple,true,150,Sione Vaki
auto-rated-rookies-autographs,332,Gold,true,25,Sione Vaki
auto-rated-rookies-autographs,332,Black,true,10,Sione Vaki
auto-rated-rookies-autographs,333,,true,,Malachi Corley
auto-rated-rookies-autographs,333,Purple,true,150,Malachi Corley
auto-rated-rookies-autographs,333,Gold,true,25,Malachi Corley
auto-rated-rookies-autographs,333,Black,true,10,Malachi Corley
auto-rated-rookies-autographs,335,,true,,Audric Estime
auto-rated-rookies-autographs,335,Purple,true,150,Audric Estime
auto-rated-rookies-autographs,335,Gold,true,25,Audric Estime
auto-rated-rookies-autographs,335,Black,true,10,Audric Estime
auto-rated-rookies-autographs,336,,true,,Isaac Guerendo
auto-rated-rookies-autographs,336,Purple,true,150,Isaac Guerendo
auto-rated-rookies-autographs,336,Gold,true,25,Isaac Guerendo
auto-rated-rookies-autographs,336,Black,true,10,Isaac Guerendo
auto-rated-rookies-autographs,337,,true,,Jaheim Bell
auto-rated-rookies-autographs,337,Purple,true,150,Jaheim Bell
auto-rated-rookies-autographs,337,Gold,true,25,Jaheim Bell
auto-rated-rookies-autographs,337,Black,true,10,Jaheim Bell
auto-rated-rookies-autographs,338,,true,,Troy Franklin
auto-rated-rookies-autographs,338,Purple,true,150,Troy Franklin
auto-rated-rookies-autographs,338,Gold,true,25,Troy Franklin
auto-rated-rookies-autographs,338,Black,true,10,Troy Franklin
auto-rated-rookies-autographs,340,,true,,J.C. Latham
auto-rated-rookies-autographs,340,Purple,true,150,J.C. Latham
auto-rated-rookies-autographs,340,Gold,true,25,J.C. Latham
auto-rated-rookies-autographs,340,Black,true,10,J.C. Latham
auto-rated-rookies-autographs,341,,true,,Jared Verse
auto-rated-rookies-autographs,341,Purple,true,150,Jared Verse
auto-rated-rookies-autographs,341,Gold,true,25,Jared Verse
auto-rated-rookies-autographs,341,Black,true,10,Jared Verse
auto-rated-rookies-autographs,343,,true,,Adonai Mitchell
auto-rated-rookies-autographs,343,Purple,true,150,Adonai Mitchell
auto-rated-rookies-autographs,343,Gold,true,25,Adonai Mitchell
auto-rated-rookies-autographs,343,Black,true,10,Adonai Mitchell
auto-rated-rookies-autographs,344,,true,,Jaylen Wright
auto-rated-rookies-autographs,344,Purple,true,150,Jaylen Wright
auto-rated-rookies-autographs,344,Gold,true,25,Jaylen Wright
auto-rated-rookies-autographs,344,Black,true,10,Jaylen Wright
auto-rated-rookies-autographs,349,,true,,Jordan Travis
auto-rated-rookies-autographs,349,Purple,true,150,Jordan Travis
auto-rated-rookies-autographs,349,Gold,true,25,Jordan Travis
auto-rated-rookies-autographs,349,Black,true,10,Jordan Travis
auto-rated-rookies-autographs,350,,true,,Amarius Mims
auto-rated-rookies-autographs,350,Purple,true,150,Amarius Mims
auto-rated-rookies-autographs,350,Gold,true,25,Amarius Mims
auto-rated-rookies-autographs,350,Black,true,10,Amarius Mims
auto-rated-rookies-autographs,351,,true,,Chop Robinson
auto-rated-rookies-autographs,351,Purple,true,150,Chop Robinson
auto-rated-rookies-autographs,351,Gold,true,25,Chop Robinson
auto-rated-rookies-autographs,351,Black,true,10,Chop Robinson
auto-rated-rookies-autographs,352,,true,,Jordan Whittington
auto-rated-rookies-autographs,352,Purple,true,150,Jordan Whittington
auto-rated-rookies-autographs,352,Gold,true,25,Jordan Whittington
auto-rated-rookies-autographs,352,Black,true,10,Jordan Whittington
auto-rated-rookies-autographs,353,,true,,Javon Baker
auto-rated-rookies-autographs,353,Purple,true,150,Javon Baker
auto-rated-rookies-autographs,353,Gold,true,25,Javon Baker
auto-rated-rookies-autographs,353,Black,true,10,Javon Baker
auto-rated-rookies-autographs,354,,true,,Jonathon Brooks
auto-rated-rookies-autographs,354,Purple,true,150,Jonathon Brooks
auto-rated-rookies-autographs,354,Gold,true,25,Jonathon Brooks
auto-rated-rookies-autographs,354,Black,true,10,Jonathon Brooks
auto-rated-rookies-autographs,355,,true,,Kimani Vidal
auto-rated-rookies-autographs,355,Purple,true,150,Kimani Vidal
auto-rated-rookies-autographs,355,Gold,true,25,Kimani Vidal
auto-rated-rookies-autographs,355,Black,true,10,Kimani Vidal
auto-rated-rookies-autographs,356,,true,,Ryan Flournoy
auto-rated-rookies-autographs,356,Purple,true,150,Ryan Flournoy
auto-rated-rookies-autographs,356,Gold,true,25,Ryan Flournoy
auto-rated-rookies-autographs,356,Black,true,10,Ryan Flournoy
auto-rated-rookies-autographs,358,,true,,Keon Coleman
auto-rated-rookies-autographs,358,Purple,true,150,Keon Coleman
auto-rated-rookies-autographs,358,Gold,true,25,Keon Coleman
auto-rated-rookies-autographs,358,Black,true,10,Keon Coleman
auto-rated-rookies-autographs,359,,true,,Spencer Rattler
auto-rated-rookies-autographs,359,Purple,true,150,Spencer Rattler
auto-rated-rookies-autographs,359,Gold,true,25,Spencer Rattler
auto-rated-rookies-autographs,359,Black,true,10,Spencer Rattler
auto-rated-rookies-autographs,360,,true,,Troy Fautanu
auto-rated-rookies-autographs,360,Purple,true,150,Troy Fautanu
auto-rated-rookies-autographs,360,Gold,true,25,Troy Fautanu
auto-rated-rookies-autographs,360,Black,true,10,Troy Fautanu
auto-rated-rookies-autographs,363,,true,,Anthony Gould
auto-rated-rookies-autographs,363,Purple,true,150,Anthony Gould
auto-rated-rookies-autographs,363,Gold,true,25,Anthony Gould
auto-rated-rookies-autographs,363,Black,true,10,Anthony Gould
auto-rated-rookies-autographs,366,,true,,Tip Reiman
auto-rated-rookies-autographs,366,Purple,true,150,Tip Reiman
auto-rated-rookies-autographs,366,Gold,true,25,Tip Reiman
auto-rated-rookies-autographs,366,Black,true,10,Tip Reiman
auto-rated-rookies-autographs,367,,true,,AJ Barner
auto-rated-rookies-autographs,367,Purple,true,150,AJ Barner
auto-rated-rookies-autographs,367,Gold,true,25,AJ Barner
auto-rated-rookies-autographs,367,Black,true,10,AJ Barner
auto-rated-rookies-autographs,371,,true,,Terrion Arnold
auto-rated-rookies-autographs,371,Purple,true,150,Terrion Arnold
auto-rated-rookies-autographs,371,Gold,true,25,Terrion Arnold
auto-rated-rookies-autographs,371,Black,true,10,Terrion Arnold
auto-rated-rookies-autographs,372,,true,,Dylan Laube
auto-rated-rookies-autographs,372,Purple,true,150,Dylan Laube
auto-rated-rookies-autographs,372,Gold,true,25,Dylan Laube
auto-rated-rookies-autographs,372,Black,true,10,Dylan Laube
auto-rated-rookies-autographs,373,,true,,Ja'Lynn Polk
auto-rated-rookies-autographs,373,Purple,true,150,Ja'Lynn Polk
auto-rated-rookies-autographs,373,Gold,true,25,Ja'Lynn Polk
auto-rated-rookies-autographs,373,Black,true,10,Ja'Lynn Polk
auto-rated-rookies-autographs,375,,true,,Jase McClellan
auto-rated-rookies-autographs,375,Purple,true,150,Jase McClellan
auto-rated-rookies-autographs,375,Gold,true,25,Jase McClellan
auto-rated-rookies-autographs,375,Black,true,10,Jase McClellan
auto-rated-rookies-autographs,376,,true,,Jamari Thrash
auto-rated-rookies-autographs,376,Purple,true,150,Jamari Thrash
auto-rated-rookies-autographs,376,Gold,true,25,Jamari Thrash
auto-rated-rookies-autographs,376,Black,true,10,Jamari Thrash
auto-rated-rookies-autographs,377,,true,,Cornelius Johnson
auto-rated-rookies-autographs,377,Purple,true,150,Cornelius Johnson
auto-rated-rookies-autographs,377,Gold,true,25,Cornelius Johnson
auto-rated-rookies-autographs,377,Black,true,10,Cornelius Johnson
auto-rated-rookies-autographs,380,,true,,Graham Barton
auto-rated-rookies-autographs,380,Purple,true,150,Graham Barton
auto-rated-rookies-autographs,380,Gold,true,25,Graham Barton
auto-rated-rookies-autographs,380,Black,true,10,Graham Barton
auto-rated-rookies-autographs,382,,true,,Brenden Rice
auto-rated-rookies-autographs,382,Purple,true,150,Brenden Rice
auto-rated-rookies-autographs,382,Gold,true,25,Brenden Rice
auto-rated-rookies-autographs,382,Black,true,10,Brenden Rice
auto-rated-rookies-autographs,385,,true,,Keilan Robinson
auto-rated-rookies-autographs,385,Purple,true,150,Keilan Robinson
auto-rated-rookies-autographs,385,Gold,true,25,Keilan Robinson
auto-rated-rookies-autographs,385,Black,true,10,Keilan Robinson
auto-rated-rookies-autographs,386,,true,,Isaiah Davis
auto-rated-rookies-autographs,386,Purple,true,150,Isaiah Davis
auto-rated-rookies-autographs,386,Gold,true,25,Isaiah Davis
auto-rated-rookies-autographs,386,Black,true,10,Isaiah Davis
auto-rated-rookies-autographs,387,,true,,Jared Wiley
auto-rated-rookies-autographs,387,Purple,true,150,Jared Wiley
auto-rated-rookies-autographs,387,Gold,true,25,Jared Wiley
auto-rated-rookies-autographs,387,Black,true,10,Jared Wiley
auto-rated-rookies-autographs,390,,true,,Jawhar Jordan
auto-rated-rookies-autographs,390,Purple,true,150,Jawhar Jordan
auto-rated-rookies-autographs,390,Gold,true,25,Jawhar Jordan
auto-rated-rookies-autographs,390,Black,true,10,Jawhar Jordan
auto-rated-rookies-autographs,391,,true,,Nate Wiggins
auto-rated-rookies-autographs,391,Purple,true,150,Nate Wiggins
auto-rated-rookies-autographs,391,Gold,true,25,Nate Wiggins
auto-rated-rookies-autographs,391,Black,true,10,Nate Wiggins
auto-rated-rookies-autographs,396,,true,,Jha'Quan Jackson
auto-rated-rookies-autographs,396,Purple,true,150,Jha'Quan Jackson
auto-rated-rookies-autographs,396,Gold,true,25,Jha'Quan Jackson
auto-rated-rookies-autographs,396,Black,true,10,Jha'Quan Jackson
auto-rated-rookies-autographs,397,,true,,Malik Washington
auto-rated-rookies-autographs,397,Purple,true,150,Malik Washington
auto-rated-rookies-autographs,397,Gold,true,25,Malik Washington
auto-rated-rookies-autographs,397,Black,true,10,Malik Washington
auto-rated-rookies-autographs,399,,true,,Dillon Johnson
auto-rated-rookies-autographs,399,Purple,true,150,Dillon Johnson
auto-rated-rookies-autographs,399,Gold,true,25,Dillon Johnson
auto-rated-rookies-autographs,399,Black,true,10,Dillon Johnson
auto-rated-rookies-autographs-orange,301,,true,,Bucky Irving
auto-rated-rookies-autographs-orange,302,,true,,Luke McCaffrey
auto-rated-rookies-autographs-orange,303,,true,,J.J. McCarthy
auto-rated-rookies-autographs-orange,304,,true,,Cade Stover
auto-rated-rookies-autographs-orange,305,,true,,Cooper DeJean
auto-rated-rookies-autographs-orange,306,,true,,Braelon Allen
auto-rated-rookies-autographs-orange,312,,true,,Will Shipley
auto-rated-rookies-autographs-orange,313,,true,,Brian Thomas Jr.
auto-rated-rookies-autographs-orange,315,,true,,Kool-Aid McKinstry
auto-rated-rookies-autographs-orange,316,,true,,Ray Davis
auto-rated-rookies-autographs-orange,317,,true,,Ja'Tavion Sanders
auto-rated-rookies-autographs-orange,318,,true,,Ricky Pearsall
auto-rated-rookies-autographs-orange,322,,true,,Blake Corum
auto-rated-rookies-autographs-orange,323,,true,,Xavier Legette
auto-rated-rookies-autographs-orange,325,,true,,Edgerrin Cooper
auto-rated-rookies-autographs-orange,326,,true,,Trey Benson
auto-rated-rookies-autographs-orange,328,,true,,Ladd McConkey
auto-rated-rookies-autographs-orange,331,,true,,Dallas Turner
auto-rated-rookies-autographs-orange,332,,true,,Sione Vaki
auto-rated-rookies-autographs-orange,333,,true,,Malachi Corley
auto-rated-rookies-autographs-orange,335,,true,,Audric Estime
auto-rated-rookies-autographs-orange,336,,true,,Isaac Guerendo
auto-rated-rookies-autographs-orange,338,,true,,Troy Franklin
auto-rated-rookies-autographs-orange,343,,true,,Adonai Mitchell
auto-rated-rookies-autographs-orange,344,,true,,Jaylen Wright
auto-rated-rookies-autographs-orange,350,,true,,Amarius Mims
auto-rated-rookies-autographs-orange,351,,true,,Chop Robinson
auto-rated-rookies-autographs-orange,353,,true,,Javon Baker
auto-rated-rookies-autographs-orange,354,,true,,Jonathon Brooks
auto-rated-rookies-autographs-orange,355,,true,,Kimani Vidal
auto-rated-rookies-autographs-orange,356,,true,,Ryan Flournoy
auto-rated-rookies-autographs-orange,358,,true,,Keon Coleman
auto-rated-rookies-autographs-orange,359,,true,,Spencer Rattler
auto-rated-rookies-autographs-orange,360,,true,,Troy Fautanu
auto-rated-rookies-autographs-orange,363,,true,,Anthony Gould
auto-rated-rookies-autographs-orange,364,,true,,Tyrone Tracy Jr.
auto-rated-rookies-autographs-orange,366,,true,,Tip Reiman
auto-rated-rookies-autographs-orange,367,,true,,AJ Barner
auto-rated-rookies-autographs-orange,371,,true,,Terrion Arnold
auto-rated-rookies-autographs-orange,372,,true,,Dylan Laube
auto-rated-rookies-autographs-orange,375,,true,,Jase McClellan
auto-rated-rookies-autographs-orange,377,,true,,Cornelius Johnson
auto-rated-rookies-autographs-orange,380,,true,,Graham Barton
auto-rated-rookies-autographs-orange,382,,true,,Brenden Rice
auto-rated-rookies-autographs-orange,385,,true,,Keilan Robinson
auto-rated-rookies-autographs-orange,386,,true,,Isaiah Davis
auto-rated-rookies-autographs-orange,387,,true,,Jared Wiley
auto-rated-rookies-autographs-orange,390,,true,,Jawhar Jordan
auto-rated-rookies-autographs-orange,391,,true,,Nate Wiggins
auto-rated-rookies-autographs-orange,396,,true,,Jha'Quan Jackson
auto-rated-rookies-autographs-orange,399,,true,,Dillon Johnson
auto-rated-rookies-autographs-purple,301,,true,,Bucky Irving
auto-rated-rookies-autographs-purple,302,,true,,Luke McCaffrey
auto-rated-rookies-autographs-purple,303,,true,,J.J. McCarthy
auto-rated-rookies-autographs-purple,304,,true,,Cade Stover
auto-rated-rookies-autographs-purple,305,,true,,Cooper DeJean
auto-rated-rookies-autographs-purple,306,,true,,Braelon Allen
auto-rated-rookies-autographs-purple,307,,true,,Johnny Wilson
auto-rated-rookies-autographs-purple,309,,true,,Rome Odunze
auto-rated-rookies-autographs-purple,312,,true,,Will Shipley
auto-rated-rookies-autographs-purple,313,,true,,Brian Thomas Jr.
auto-rated-rookies-autographs-purple,315,,true,,Kool-Aid McKinstry
auto-rated-rookies-autographs-purple,316,,true,,Ray Davis
auto-rated-rookies-autographs-purple,317,,true,,Ja'Tavion Sanders
auto-rated-rookies-autographs-purple,318,,true,,Ricky Pearsall
auto-rated-rookies-autographs-purple,322,,true,,Blake Corum
auto-rated-rookies-autographs-purple,323,,true,,Xavier Legette
auto-rated-rookies-autographs-purple,326,,true,,Trey Benson
auto-rated-rookies-autographs-purple,328,,true,,Ladd McConkey
auto-rated-rookies-autographs-purple,331,,true,,Dallas Turner
auto-rated-rookies-autographs-purple,332,,true,,Sione Vaki
auto-rated-rookies-autographs-purple,333,,true,,Malachi Corley
auto-rated-rookies-autographs-purple,335,,true,,Audric Estime
auto-rated-rookies-autographs-purple,336,,true,,Isaac Guerendo
auto-rated-rookies-autographs-purple,337,,true,,Jaheim Bell
auto-rated-rookies-autographs-purple,338,,true,,Troy Franklin
auto-rated-rookies-autographs-purple,343,,true,,Adonai Mitchell
auto-rated-rookies-autographs-purple,344,,true,,Jaylen Wright
auto-rated-rookies-autographs-purple,349,,true,,Jordan Travis
auto-rated-rookies-autographs-purple,351,,true,,Chop Robinson
auto-rated-rookies-autographs-purple,352,,true,,Jordan Whittington
auto-rated-rookies-autographs-purple,354,,true,,Jonathon Brooks
auto-rated-rookies-autographs-purple,356,,true,,Ryan Flournoy
auto-rated-rookies-autographs-purple,358,,true,,Keon Coleman
auto-rated-rookies-autographs-purple,359,,true,,Spencer Rattler
auto-rated-rookies-autographs-purple,363,,true,,Anthony Gould
auto-rated-rookies-autographs-purple,364,,true,,Tyrone Tracy Jr.
auto-rated-rookies-autographs-purple,366,,true,,Tip Reiman
auto-rated-rookies-autographs-purple,367,,true,,AJ Barner
auto-rated-rookies-autographs-purple,371,,true,,Terrion Arnold
auto-rated-rookies-autographs-purple,372,,true,,Dylan Laube
auto-rated-rookies-autographs-purple,373,,true,,Ja'Lynn Polk
auto-rated-rookies-autographs-purple,374,,true,,MarShawn Lloyd
auto-rated-rookies-autographs-purple,375,,true,,Jase McClellan
auto-rated-rookies-autographs-purple,376,,true,,Jamari Thrash
auto-rated-rookies-autographs-purple,377,,true,,Cornelius Johnson
auto-rated-rookies-autographs-purple,382,,true,,Brenden Rice
auto-rated-rookies-autographs-purple,385,,true,,Keilan Robinson
auto-rated-rookies-autographs-purple,386,,true,,Isaiah Davis
auto-rated-rookies-autographs-purple,387,,true,,Jared Wiley
auto-rated-rookies-autographs-purple,388,,true,,Jalen McMillan
auto-rated-rookies-autographs-purple,390,,true,,Jawhar Jordan
auto-rated-rookies-autographs-purple,396,,true,,Jha'Quan Jackson
auto-rated-rookies-retro-autographs,2,,true,,J.J. McCarthy
auto-rated-rookies-retro-autographs,5,,true,,Ladd McConkey
auto-rated-rookies-retro-autographs,7,,true,,Michael Penix Jr.
auto-rated-rookies-retro-autographs,8,,true,,Malachi Corley
auto-rated-rookies-retro-autographs,10,,true,,Blake Corum
auto-rated-rookies-retro-autographs,12,,true,,Rome Odunze
auto-rated-rookies-retro-autographs,13,,true,,Xavier Legette
auto-rated-rookies-retro-autographs,17,,true,,Brian Thomas Jr.
auto-rated-rookies-retro-autographs,20,,true,,Braelon Allen
auto-rated-rookies-throwback-autographs,1,,true,,Dallas Turner
auto-rated-rookies-throwback-autographs,2,,true,,J.J. McCarthy
auto-rated-rookies-throwback-autographs,3,,true,,Michael Penix Jr.
auto-rated-rookies-throwback-autographs,4,,true,,Rome Odunze
auto-rated-rookies-throwback-autographs,6,,true,,Bucky Irving
auto-rated-rookies-throwback-autographs,7,,true,,Brian Thomas Jr.
auto-rated-rookies-throwback-autographs,8,,true,,Ja'Lynn Polk
auto-rated-rookies-throwback-autographs,10,,true,,Javon Baker
auto-rated-rookies-throwback-autographs,11,,true,,Trey Benson
auto-rated-rookies-throwback-autographs,12,,true,,Anthony Gould
auto-rated-rookies-throwback-autographs,13,,true,,Adonai Mitchell
auto-rated-rookies-throwback-autographs,16,,true,,Luke McCaffrey
auto-rated-rookies-throwback-autographs,17,,true,,Jaylen Wright
auto-rated-rookies-throwback-autographs,19,,true,,Audric Estime
auto-rated-rookies-throwback-autographs,20,,true,,Troy Franklin
auto-rated-rookies-throwback-autographs,22,,true,,Brenden Rice
auto-rated-rookies-throwback-autographs,23,,true,,Ladd McConkey
auto-rated-rookies-throwback-autographs,24,,true,,Cade Stover
auto-rated-rookies-throwback-autographs,25,,true,,Xavier Legette
auto-rated-rookies-throwback-autographs,26,,true,,Ja'Tavion Sanders
auto-rated-rookies-throwback-autographs,27,,true,,Jonathon Brooks
auto-rated-rookies-throwback-autographs,29,,true,,Will Shipley
auto-rated-rookies-throwback-autographs,33,,true,,Ricky Pearsall
auto-rated-rookies-throwback-autographs,34,,true,,Isaac Guerendo
auto-rated-rookies-throwback-autographs,35,,true,,Blake Corum
auto-rated-rookies-throwback-autographs,37,,true,,Malachi Corley
auto-rated-rookies-throwback-autographs,38,,true,,Braelon Allen
auto-rated-rookies-throwback-autographs,39,,true,,Jordan Travis
auto-rated-rookies-throwback-autographs,40,,true,,Spencer Rattler
auto-rated-rookies-throwback-autographs,41,,true,,Ray Davis
auto-rated-rookies-throwback-autographs,42,,true,,Keon Coleman
auto-rated-rookies-throwback-autographs,47,,true,,Cooper DeJean
auto-red-hot-rookies-autographs,2,,true,,Brian Thomas Jr.
auto-red-hot-rookies-autographs,3,,true,,Xavier Legette
auto-red-hot-rookies-autographs,4,,true,,Ladd McConkey
auto-red-hot-rookies-autographs,5,,true,,Blake Corum
auto-red-hot-rookies-autographs,6,,true,,J.J. McCarthy
auto-red-hot-rookies-autographs,9,,true,,Malachi Corley
auto-red-hot-rookies-autographs,10,,true,,Audric Estime
auto-retro-1994-autographs,3,,true,,Tyreek Hill
auto-retro-1994-autographs,5,,true,,DeMarcus Lawrence
auto-retro-1994-autographs,6,,true,,Michael Vick
auto-retro-1994-autographs,7,,true,,George Pickens
auto-retro-1994-autographs,8,,true,,Vance Johnson
auto-retro-1994-autographs,9,,true,,Jeremy Shockey
auto-retro-1994-autographs,10,,true,,Jason Kelce
auto-retro-1994-autographs,11,,true,,Tyree Wilson
auto-retro-1994-autographs,12,,true,,Khalil Shakir
auto-retro-1994-autographs,13,,true,,Brian Robinson Jr.
auto-retro-1994-autographs,15,,true,,Trey McBride
auto-retro-1994-autographs,16,,true,,Vince Ferragamo
auto-retro-1994-autographs,17,,true,,Trent Green
auto-retro-1994-autographs,18,,true,,Brad Johnson
auto-retro-1994-autographs,19,,true,,Mel Renfro
auto-retro-1994-autographs,25,,true,,Michael Penix Jr.
auto-retro-1994-autographs,26,,true,,Rome Odunze
auto-retro-1994-autographs,27,,true,,J.J. McCarthy
auto-retro-1994-autographs,31,,true,,Dallas Turner
auto-retro-1994-autographs,32,,true,,Brian Thomas Jr.
auto-retro-1994-autographs,33,,true,,Terrell Owens
auto-retro-1994-autographs,35,,true,,Ricky Pearsall
auto-retro-1994-autographs,36,,true,,Xavier Legette
auto-retro-1994-autographs,37,,true,,Jared Verse
auto-retro-1994-autographs,38,,true,,Keon Coleman
auto-retro-1994-autographs,39,,true,,Ladd McConkey
auto-retro-2004-autographs,5,,true,,Quinnen Williams
auto-retro-2004-autographs,6,,true,,Danny White
auto-retro-2004-autographs,7,,true,,Gilbert Brown
auto-retro-2004-autographs,8,,true,,Jeff Saturday
auto-retro-2004-autographs,9,,true,,Kellen Winslow
auto-retro-2004-autographs,10,,true,,Mark Duper
auto-retro-2004-autographs,12,,true,,Cedric Tillman
auto-retro-2004-autographs,13,,true,,Kyren Williams
auto-retro-2004-autographs,14,,true,,Tyjae Spears
auto-retro-2004-autographs,15,,true,,Chase Brown
auto-retro-2004-autographs,16,,true,,Lee Evans
auto-retro-2004-autographs,17,,true,,Jeff Blake
auto-retro-2004-autographs,18,,true,,Jessie Armstead
auto-retro-2004-autographs,19,,true,,Wes Chandler
auto-retro-2004-autographs,20,,true,,William Perry
auto-retro-2004-autographs,25,,true,,Michael Penix Jr.
auto-retro-2004-autographs,26,,true,,Rome Odunze
auto-retro-2004-autographs,27,,true,,J.J. McCarthy
auto-retro-2004-autographs,29,,true,,Laiatu Latu
auto-retro-2004-autographs,30,,true,,Dallas Turner
auto-retro-2004-autographs,31,,true,,Brian Thomas Jr.
auto-retro-2004-autographs,33,,true,,Ricky Pearsall
auto-retro-2004-autographs,34,,true,,Xavier Legette
auto-retro-2004-autographs,36,,true,,Spencer Rattler
auto-retro-2004-autographs,38,,true,,Keon Coleman
auto-retro-2004-autographs,39,,true,,Ladd McConkey
auto-retro-2004-autographs,40,,true,,Ja'Lynn Polk
auto-rookie-gridiron-kings-autographs,4,,true,,Michael Penix Jr.
auto-rookie-gridiron-kings-autographs,5,,true,,J.J. McCarthy
auto-rookie-gridiron-kings-autographs,7,,true,,Rome Odunze
auto-rookie-gridiron-kings-autographs,8,,true,,Brian Thomas Jr.
auto-rookie-gridiron-kings-autographs,9,,true,,Malachi Corley
auto-rookie-gridiron-kings-autographs,12,,true,,Audric Estime
auto-rookie-gridiron-kings-autographs,13,,true,,Keon Coleman
auto-rookie-gridiron-kings-autographs,14,,true,,Trey Benson
auto-rookie-gridiron-kings-autographs,16,,true,,Ja'Lynn Polk
auto-rookie-gridiron-kings-autographs,17,,true,,Blake Corum
auto-rookie-gridiron-kings-autographs,18,,true,,Troy Franklin
auto-rookie-gridiron-kings-autographs,19,,true,,Xavier Legette
auto-rookie-gridiron-kings-autographs,20,,true,,Jaylen Wright
auto-rookie-phenom-jersey-autographs,1,,true,,Braelon Allen
auto-rookie-phenom-jersey-autographs,1,Prime,true,49,Braelon Allen
auto-rookie-phenom-jersey-autographs,1,Brand Logo Laundry Tag,true,1,Braelon Allen
auto-rookie-phenom-jersey-autographs,1,NFL Player's Laundry Tag,true,1,Braelon Allen
auto-rookie-phenom-jersey-autographs,1,NFL Shield Laundry Tag,true,1,Braelon Allen
auto-rookie-phenom-jersey-autographs,2,,true,,J.J. McCarthy
auto-rookie-phenom-jersey-autographs,2,Prime,true,49,J.J. McCarthy
auto-rookie-phenom-jersey-autographs,2,Brand Logo Laundry Tag,true,1,J.J. McCarthy
auto-rookie-phenom-jersey-autographs,2,NFL Player's Laundry Tag,true,1,J.J. McCarthy
auto-rookie-phenom-jersey-autographs,2,NFL Shield Laundry Tag,true,1,J.J. McCarthy
auto-rookie-phenom-jersey-autographs,3,,true,,Ricky Pearsall
auto-rookie-phenom-jersey-autographs,3,Prime,true,49,Ricky Pearsall
auto-rookie-phenom-jersey-autographs,3,Brand Logo Laundry Tag,true,1,Ricky Pearsall
auto-rookie-phenom-jersey-autographs,3,NFL Player's Laundry Tag,true,1,Ricky Pearsall
auto-rookie-phenom-jersey-autographs,3,NFL Shield Laundry Tag,true,1,Ricky Pearsall
auto-rookie-phenom-jersey-autographs,4,,true,,Troy Franklin
auto-rookie-phenom-jersey-autographs,4,Prime,true,49,Troy Franklin
auto-rookie-phenom-jersey-autographs,4,Brand Logo Laundry Tag,true,1,Troy Franklin
auto-rookie-phenom-jersey-autographs,4,NFL Player's Laundry Tag,true,1,Troy Franklin
auto-rookie-phenom-jersey-autographs,4,NFL Shield Laundry Tag,true,1,Troy Franklin
auto-rookie-phenom-jersey-autographs,5,,true,,Cooper DeJean
auto-rookie-phenom-jersey-autographs,5,Prime,true,49,Cooper DeJean
auto-rookie-phenom-jersey-autographs,5,Brand Logo Laundry Tag,true,1,Cooper DeJean
auto-rookie-phenom-jersey-autographs,5,NFL Player's Laundry Tag,true,1,Cooper DeJean
auto-rookie-phenom-jersey-autographs,5,NFL Shield Laundry Tag,true,1,Cooper DeJean
auto-rookie-phenom-jersey-autographs,6,,true,,Ladd McConkey
auto-rookie-phenom-jersey-autographs,6,Prime,true,49,Ladd McConkey
auto-rookie-phenom-jersey-autographs,6,Brand Logo Laundry Tag,true,1,Ladd McConkey
auto-rookie-phenom-jersey-autographs,6,NFL Player's Laundry Tag,true,1,Ladd McConkey
auto-rookie-phenom-jersey-autographs,6,NFL Shield Laundry Tag,true,1,Ladd McConkey
auto-rookie-phenom-jersey-autographs,7,,true,,Kool-Aid McKinstry
auto-rookie-phenom-jersey-autographs,7,Prime,true,49,Kool-Aid McKinstry
auto-rookie-phenom-jersey-autographs,7,Brand Logo Laundry Tag,true,1,Kool-Aid McKinstry
auto-rookie-phenom-jersey-autographs,7,NFL Player's Laundry Tag,true,1,Kool-Aid McKinstry
auto-rookie-phenom-jersey-autographs,7,NFL Shield Laundry Tag,true,1,Kool-Aid McKinstry
auto-rookie-phenom-jersey-autographs,8,,true,,Chop Robinson
auto-rookie-phenom-jersey-autographs,8,Prime,true,49,Chop Robinson
auto-rookie-phenom-jersey-autographs,8,Brand Logo Laundry Tag,true,1,Chop Robinson
auto-rookie-phenom-jersey-autographs,8,NFL Player's Laundry Tag,true,1,Chop Robinson
auto-rookie-phenom-jersey-autographs,8,NFL Shield Laundry Tag,true,1,Chop Robinson
auto-rookie-phenom-jersey-autographs,9,,true,,Luke McCaffrey
auto-rookie-phenom-jersey-autographs,9,Prime,true,49,Luke McCaffrey
auto-rookie-phenom-jersey-autographs,9,Brand Logo Laundry Tag,true,1,Luke McCaffrey
auto-rookie-phenom-jersey-autographs,9,NFL Player's Laundry Tag,true,1,Luke McCaffrey
auto-rookie-phenom-jersey-autographs,9,NFL Shield Laundry Tag,true,1,Luke McCaffrey
auto-rookie-phenom-jersey-autographs,10,,true,,Ja'Tavion Sanders
auto-rookie-phenom-jersey-autographs,10,Prime,true,49,Ja'Tavion Sanders
auto-rookie-phenom-jersey-autographs,10,Brand Logo Laundry Tag,true,1,Ja'Tavion Sanders
auto-rookie-phenom-jersey-autographs,10,NFL Player's Laundry Tag,true,1,Ja'Tavion Sanders
auto-rookie-phenom-jersey-autographs,10,NFL Shield Laundry Tag,true,1,Ja'Tavion Sanders
auto-rookie-phenom-jersey-autographs,11,,true,,Javon Baker
auto-rookie-phenom-jersey-autographs,11,Prime,true,49,Javon Baker
auto-rookie-phenom-jersey-autographs,11,Brand Logo Laundry Tag,true,1,Javon Baker
auto-rookie-phenom-jersey-autographs,11,NFL Player's Laundry Tag,true,1,Javon Baker
auto-rookie-phenom-jersey-autographs,11,NFL Shield Laundry Tag,true,1,Javon Baker
auto-rookie-phenom-jersey-autographs,12,,true,,Bucky Irving
auto-rookie-phenom-jersey-autographs,12,Prime,true,49,Bucky Irving
auto-rookie-phenom-jersey-autographs,12,Brand Logo Laundry Tag,true,1,Bucky Irving
auto-rookie-phenom-jersey-autographs,12,NFL Player's Laundry Tag,true,1,Bucky Irving
auto-rookie-phenom-jersey-autographs,12,NFL Shield Laundry Tag,true,1,Bucky Irving
auto-rookie-phenom-jersey-autographs,13,,true,,Terrion Arnold
auto-rookie-phenom-jersey-autographs,13,Prime,true,49,Terrion Arnold
auto-rookie-phenom-jersey-autographs,13,Brand Logo Laundry Tag,true,1,Terrion Arnold
auto-rookie-phenom-jersey-autographs,13,NFL Player's Laundry Tag,true,1,Terrion Arnold
auto-rookie-phenom-jersey-autographs,13,NFL Shield Laundry Tag,true,1,Terrion Arnold
auto-rookie-phenom-jersey-autographs,14,,true,,Will Shipley
auto-rookie-phenom-jersey-autographs,14,Prime,true,49,Will Shipley
auto-rookie-phenom-jersey-autographs,14,Brand Logo Laundry Tag,true,1,Will Shipley
auto-rookie-phenom-jersey-autographs,14,NFL Player's Laundry Tag,true,1,Will Shipley
auto-rookie-phenom-jersey-autographs,14,NFL Shield Laundry Tag,true,1,Will Shipley
auto-rookie-phenom-jersey-autographs,15,,true,,Dylan Laube
auto-rookie-phenom-jersey-autographs,15,Prime,true,49,Dylan Laube
auto-rookie-phenom-jersey-autographs,15,Brand Logo Laundry Tag,true,1,Dylan Laube
auto-rookie-phenom-jersey-autographs,15,NFL Player's Laundry Tag,true,1,Dylan Laube
auto-rookie-phenom-jersey-autographs,15,NFL Shield Laundry Tag,true,1,Dylan Laube
auto-rookie-phenom-jersey-autographs,16,,true,,Anthony Gould
auto-rookie-phenom-jersey-autographs,16,Prime,true,49,Anthony Gould
auto-rookie-phenom-jersey-autographs,16,Brand Logo Laundry Tag,true,1,Anthony Gould
auto-rookie-phenom-jersey-autographs,16,NFL Player's Laundry Tag,true,1,Anthony Gould
auto-rookie-phenom-jersey-autographs,16,NFL Shield Laundry Tag,true,1,Anthony Gould
auto-rookie-phenom-jersey-autographs,17,,true,,Audric Estime
auto-rookie-phenom-jersey-autographs,17,Prime,true,49,Audric Estime
auto-rookie-phenom-jersey-autographs,17,Brand Logo Laundry Tag,true,1,Audric Estime
auto-rookie-phenom-jersey-autographs,17,NFL Player's Laundry Tag,true,1,Audric Estime
auto-rookie-phenom-jersey-autographs,17,NFL Shield Laundry Tag,true,1,Audric Estime
auto-rookie-phenom-jersey-autographs,19,,true,,Joe Alt
auto-rookie-phenom-jersey-autographs,19,Prime,true,49,Joe Alt
auto-rookie-phenom-jersey-autographs,19,Brand Logo Laundry Tag,true,1,Joe Alt
auto-rookie-phenom-jersey-autographs,19,NFL Player's Laundry Tag,true,1,Joe Alt
auto-rookie-phenom-jersey-autographs,19,NFL Shield Laundry Tag,true,1,Joe Alt
auto-rookie-phenom-jersey-autographs,20,,true,,Olumuyiwa Fashanu
auto-rookie-phenom-jersey-autographs,20,Prime,true,49,Olumuyiwa Fashanu
auto-rookie-phenom-jersey-autographs,20,Brand Logo Laundry Tag,true,1,Olumuyiwa Fashanu
auto-rookie-phenom-jersey-autographs,20,NFL Player's Laundry Tag,true,1,Olumuyiwa Fashanu
auto-rookie-phenom-jersey-autographs,20,NFL Shield Laundry Tag,true,1,Olumuyiwa Fashanu
auto-signature-marks,1,,true,,Kayshon Boutte
auto-signature-marks,1,Blue,true,50,Kayshon Boutte
auto-signature-marks,1,Green,true,25,Kayshon Boutte
auto-signature-marks,1,Purple,true,10,Kayshon Boutte
auto-signature-marks,1,Red,true,5,Kayshon Boutte
auto-signature-marks,1,Black,true,1,Kayshon Boutte
auto-signature-marks,2,,true,,Kendre Miller
auto-signature-marks,2,Blue,true,50,Kendre Miller
auto-signature-marks,2,Green,true,25,Kendre Miller
auto-signature-marks,2,Purple,true,10,Kendre Miller
auto-signature-marks,2,Red,true,5,Kendre Miller
auto-signature-marks,2,Black,true,1,Kendre Miller
auto-signature-marks,3,,true,,Khalil Shakir
auto-signature-marks,3,Blue,true,50,Khalil Shakir
auto-signature-marks,3,Green,true,25,Khalil Shakir
auto-signature-marks,3,Purple,true,10,Khalil Shakir
auto-signature-marks,3,Red,true,5,Khalil Shakir
auto-signature-marks,3,Black,true,1,Khalil Shakir
auto-signature-marks,4,,true,,Cedric Tillman
auto-signature-marks,4,Blue,true,50,Cedric Tillman
auto-signature-marks,4,Green,true,25,Cedric Tillman
auto-signature-marks,4,Purple,true,10,Cedric Tillman
auto-signature-marks,4,Red,true,5,Cedric Tillman
auto-signature-marks,4,Black,true,1,Cedric Tillman
auto-signature-marks,5,,true,,Zach Evans
auto-signature-marks,5,Blue,true,50,Zach Evans
auto-signature-marks,5,Green,true,25,Zach Evans
auto-signature-marks,5,Purple,true,10,Zach Evans
auto-signature-marks,5,Red,true,5,Zach Evans
auto-signature-marks,5,Black,true,1,Zach Evans
auto-signature-marks,6,,true,,Jerome Ford
auto-signature-marks,6,Blue,true,50,Jerome Ford
auto-signature-marks,6,Green,true,25,Jerome Ford
auto-signature-marks,6,Purple,true,10,Jerome Ford
auto-signature-marks,6,Red,true,5,Jerome Ford
auto-signature-marks,6,Black,true,1,Jerome Ford
auto-signature-marks,7,,true,,Calvin Austin III
auto-signature-marks,7,Blue,true,50,Calvin Austin III
auto-signature-marks,7,Green,true,25,Calvin Austin III
auto-signature-marks,7,Purple,true,10,Calvin Austin III
auto-signature-marks,7,Red,true,5,Calvin Austin III
auto-signature-marks,7,Black,true,1,Calvin Austin III
auto-signature-marks,8,,true,,Jaren Hall
auto-signature-marks,8,Blue,true,50,Jaren Hall
auto-signature-marks,8,Green,true,25,Jaren Hall
auto-signature-marks,8,Purple,true,10,Jaren Hall
auto-signature-marks,8,Red,true,5,Jaren Hall
auto-signature-marks,8,Black,true,1,Jaren Hall
auto-signature-marks,9,,true,,Parker Washington
auto-signature-marks,9,Blue,true,50,Parker Washington
auto-signature-marks,9,Green,true,25,Parker Washington
auto-signature-marks,9,Purple,true,10,Parker Washington
auto-signature-marks,9,Red,true,5,Parker Washington
auto-signature-marks,9,Black,true,1,Parker Washington
auto-signature-marks,10,,true,,Kelvin Joseph
auto-signature-marks,10,Blue,true,50,Kelvin Joseph
auto-signature-marks,10,Green,true,25,Kelvin Joseph
auto-signature-marks,10,Purple,true,10,Kelvin Joseph
auto-signature-marks,10,Red,true,5,Kelvin Joseph
auto-signature-marks,10,Black,true,1,Kelvin Joseph
auto-signature-marks,11,,true,,Stetson Bennett IV
auto-signature-marks,11,Blue,true,50,Stetson Bennett IV
auto-signature-marks,11,Green,true,25,Stetson Bennett IV
auto-signature-marks,11,Purple,true,10,Stetson Bennett IV
auto-signature-marks,11,Red,true,5,Stetson Bennett IV
auto-signature-marks,11,Black,true,1,Stetson Bennett IV
auto-signature-marks,12,,true,,Michael Wilson
auto-signature-marks,12,Blue,true,50,Michael Wilson
auto-signature-marks,12,Green,true,25,Michael Wilson
auto-signature-marks,12,Purple,true,10,Michael Wilson
auto-signature-marks,12,Red,true,5,Michael Wilson
auto-signature-marks,12,Black,true,1,Michael Wilson
auto-signature-marks,13,,true,,Hassan Haskins
auto-signature-marks,13,Blue,true,50,Hassan Haskins
auto-signature-marks,13,Green,true,25,Hassan Haskins
auto-signature-marks,13,Purple,true,10,Hassan Haskins
auto-signature-marks,13,Red,true,5,Hassan Haskins
auto-signature-marks,13,Black,true,1,Hassan Haskins
auto-signature-marks,14,,true,,Calijah Kancey
auto-signature-marks,14,Blue,true,50,Calijah Kancey
auto-signature-marks,14,Green,true,25,Calijah Kancey
auto-signature-marks,14,Purple,true,10,Calijah Kancey
auto-signature-marks,14,Red,true,5,Calijah Kancey
auto-signature-marks,14,Black,true,1,Calijah Kancey
auto-signature-marks,15,,true,,Travon Walker
auto-signature-marks,15,Blue,true,50,Travon Walker
auto-signature-marks,15,Green,true,25,Travon Walker
auto-signature-marks,15,Purple,true,10,Travon Walker
auto-signature-marks,15,Red,true,5,Travon Walker
auto-signature-marks,15,Black,true,1,Travon Walker
auto-signature-marks,16,,true,,Deuce Vaughn
auto-signature-marks,16,Blue,true,50,Deuce Vaughn
auto-signature-marks,16,Green,true,25,Deuce Vaughn
auto-signature-marks,16,Purple,true,10,Deuce Vaughn
auto-signature-marks,16,Red,true,5,Deuce Vaughn
auto-signature-marks,16,Black,true,1,Deuce Vaughn
auto-signature-marks,17,,true,,Gervon Dexter Sr.
auto-signature-marks,17,Blue,true,50,Gervon Dexter Sr.
auto-signature-marks,17,Green,true,25,Gervon Dexter Sr.
auto-signature-marks,17,Purple,true,10,Gervon Dexter Sr.
auto-signature-marks,17,Red,true,5,Gervon Dexter Sr.
auto-signature-marks,17,Black,true,1,Gervon Dexter Sr.
auto-signature-marks,18,,true,,Erik Ezukanma
auto-signature-marks,18,Blue,true,50,Erik Ezukanma
auto-signature-marks,18,Green,true,25,Erik Ezukanma
auto-signature-marks,18,Purple,true,10,Erik Ezukanma
auto-signature-marks,18,Red,true,5,Erik Ezukanma
auto-signature-marks,18,Black,true,1,Erik Ezukanma
auto-signature-marks,19,,true,,Isaiah Spiller
auto-signature-marks,19,Blue,true,50,Isaiah Spiller
auto-signature-marks,19,Green,true,25,Isaiah Spiller
auto-signature-marks,19,Purple,true,10,Isaiah Spiller
auto-signature-marks,19,Red,true,5,Isaiah Spiller
auto-signature-marks,19,Black,true,1,Isaiah Spiller
auto-signature-marks,20,,true,,Luke Musgrave
auto-signature-marks,20,Blue,true,50,Luke Musgrave
auto-signature-marks,20,Green,true,25,Luke Musgrave
auto-signature-marks,20,Purple,true,10,Luke Musgrave
auto-signature-marks,20,Red,true,5,Luke Musgrave
auto-signature-marks,20,Black,true,1,Luke Musgrave
auto-signature-marks,21,,true,,Jalin Hyatt
auto-signature-marks,21,Blue,true,50,Jalin Hyatt
auto-signature-marks,21,Green,true,25,Jalin Hyatt
auto-signature-marks,21,Purple,true,10,Jalin Hyatt
auto-signature-marks,21,Red,true,5,Jalin Hyatt
auto-signature-marks,21,Black,true,1,Jalin Hyatt
auto-signature-marks,22,,true,,Tyler Allgeier
auto-signature-marks,22,Blue,true,50,Tyler Allgeier
auto-signature-marks,22,Green,true,25,Tyler Allgeier
auto-signature-marks,22,Purple,true,10,Tyler Allgeier
auto-signature-marks,22,Red,true,5,Tyler Allgeier
auto-signature-marks,22,Black,true,1,Tyler Allgeier
auto-signature-marks,23,,true,,C.J. Ham
auto-signature-marks,23,Blue,true,50,C.J. Ham
auto-signature-marks,23,Green,true,25,C.J. Ham
auto-signature-marks,23,Purple,true,10,C.J. Ham
auto-signature-marks,23,Red,true,5,C.J. Ham
auto-signature-marks,23,Black,true,1,C.J. Ham
auto-signature-marks,24,,true,,Jaylen Warren
auto-signature-marks,24,Blue,true,50,Jaylen Warren
auto-signature-marks,24,Green,true,25,Jaylen Warren
auto-signature-marks,24,Purple,true,10,Jaylen Warren
auto-signature-marks,24,Red,true,5,Jaylen Warren
auto-signature-marks,24,Black,true,1,Jaylen Warren
auto-signature-marks,25,,true,,Mario Manningham
auto-signature-marks,25,Blue,true,50,Mario Manningham
auto-signature-marks,25,Green,true,25,Mario Manningham
auto-signature-marks,25,Purple,true,10,Mario Manningham
auto-signature-marks,25,Red,true,5,Mario Manningham
auto-signature-marks,25,Black,true,1,Mario Manningham
auto-signature-marks,26,,true,,Charlie Joiner
auto-signature-marks,26,Blue,true,50,Charlie Joiner
auto-signature-marks,26,Green,true,25,Charlie Joiner
auto-signature-marks,26,Purple,true,10,Charlie Joiner
auto-signature-marks,26,Red,true,5,Charlie Joiner
auto-signature-marks,26,Black,true,1,Charlie Joiner
auto-signature-marks,27,,true,,Isaiah Likely
auto-signature-marks,27,Blue,true,50,Isaiah Likely
auto-signature-marks,27,Green,true,25,Isaiah Likely
auto-signature-marks,27,Purple,true,10,Isaiah Likely
auto-signature-marks,27,Red,true,5,Isaiah Likely
auto-signature-marks,27,Black,true,1,Isaiah Likely
auto-signature-marks,28,,true,,Deonte Banks
auto-signature-marks,28,Blue,true,50,Deonte Banks
auto-signature-marks,28,Green,true,25,Deonte Banks
auto-signature-marks,28,Purple,true,10,Deonte Banks
auto-signature-marks,28,Red,true,5,Deonte Banks
auto-signature-marks,28,Black,true,1,Deonte Banks
auto-signature-marks,29,,true,,Brandon Graham
auto-signature-marks,29,Blue,true,50,Brandon Graham
auto-signature-marks,29,Green,true,25,Brandon Graham
auto-signature-marks,29,Purple,true,10,Brandon Graham
auto-signature-marks,29,Red,true,5,Brandon Graham
auto-signature-marks,29,Black,true,1,Brandon Graham
auto-signature-marks,30,,true,,Tutu Atwell
auto-signature-marks,30,Blue,true,50,Tutu Atwell
auto-signature-marks,30,Green,true,25,Tutu Atwell
auto-signature-marks,30,Purple,true,10,Tutu Atwell
auto-signature-marks,30,Red,true,5,Tutu Atwell
auto-signature-marks,30,Black,true,1,Tutu Atwell
auto-signature-marks,31,,true,,Butch Johnson
auto-signature-marks,31,Blue,true,50,Butch Johnson
auto-signature-marks,31,Green,true,25,Butch Johnson
auto-signature-marks,31,Purple,true,10,Butch Johnson
auto-signature-marks,31,Red,true,5,Butch Johnson
auto-signature-marks,31,Black,true,1,Butch Johnson
auto-signature-marks,32,,true,,Matt Araiza
auto-signature-marks,32,Blue,true,50,Matt Araiza
auto-signature-marks,32,Green,true,25,Matt Araiza
auto-signature-marks,32,Purple,true,10,Matt Araiza
auto-signature-marks,32,Red,true,5,Matt Araiza
auto-signature-marks,32,Black,true,1,Matt Araiza
auto-signature-marks,33,,true,,Jordan Davis
auto-signature-marks,33,Blue,true,50,Jordan Davis
auto-signature-marks,33,Green,true,25,Jordan Davis
auto-signature-marks,33,Purple,true,10,Jordan Davis
auto-signature-marks,33,Red,true,5,Jordan Davis
auto-signature-marks,33,Black,true,1,Jordan Davis
auto-signature-marks,34,,true,,Cameron Taylor-Britt
auto-signature-marks,34,Blue,true,50,Cameron Taylor-Britt
auto-signature-marks,34,Green,true,25,Cameron Taylor-Britt
auto-signature-marks,34,Purple,true,10,Cameron Taylor-Britt
auto-signature-marks,34,Red,true,5,Cameron Taylor-Britt
auto-signature-marks,34,Black,true,1,Cameron Taylor-Britt
auto-signature-marks,35,,true,,Tre Tucker
auto-signature-marks,35,Blue,true,50,Tre Tucker
auto-signature-marks,35,Green,true,25,Tre Tucker
auto-signature-marks,35,Purple,true,10,Tre Tucker
auto-signature-marks,35,Red,true,5,Tre Tucker
auto-signature-marks,35,Black,true,1,Tre Tucker
auto-signature-marks,36,,true,,Vinny Testaverde
auto-signature-marks,36,Blue,true,50,Vinny Testaverde
auto-signature-marks,36,Green,true,25,Vinny Testaverde
auto-signature-marks,36,Purple,true,10,Vinny Testaverde
auto-signature-marks,36,Red,true,5,Vinny Testaverde
auto-signature-marks,36,Black,true,1,Vinny Testaverde
auto-signature-marks,37,,true,,Tom Nalen
auto-signature-marks,37,Blue,true,50,Tom Nalen
auto-signature-marks,37,Green,true,25,Tom Nalen
auto-signature-marks,37,Purple,true,10,Tom Nalen
auto-signature-marks,37,Red,true,5,Tom Nalen
auto-signature-marks,37,Black,true,1,Tom Nalen
auto-signature-marks,38,,true,,Randy Cross
auto-signature-marks,38,Blue,true,50,Randy Cross
auto-signature-marks,38,Green,true,25,Randy Cross
auto-signature-marks,38,Purple,true,10,Randy Cross
auto-signature-marks,38,Red,true,5,Randy Cross
auto-signature-marks,38,Black,true,1,Randy Cross
auto-signature-marks,39,,true,,Marv Fleming
auto-signature-marks,39,Blue,true,50,Marv Fleming
auto-signature-marks,39,Green,true,25,Marv Fleming
auto-signature-marks,39,Purple,true,10,Marv Fleming
auto-signature-marks,39,Red,true,5,Marv Fleming
auto-signature-marks,39,Black,true,1,Marv Fleming
auto-signature-marks,40,,true,,Vince Ferragamo
auto-signature-marks,40,Blue,true,50,Vince Ferragamo
auto-signature-marks,40,Green,true,25,Vince Ferragamo
auto-signature-marks,40,Purple,true,10,Vince Ferragamo
auto-signature-marks,40,Red,true,5,Vince Ferragamo
auto-signature-marks,40,Black,true,1,Vince Ferragamo
auto-signature-marks,41,,true,,Robert Woods
auto-signature-marks,41,Blue,true,50,Robert Woods
auto-signature-marks,41,Green,true,25,Robert Woods
auto-signature-marks,41,Purple,true,10,Robert Woods
auto-signature-marks,41,Red,true,5,Robert Woods
auto-signature-marks,41,Black,true,1,Robert Woods
auto-signature-marks,42,,true,,Jake Haener
auto-signature-marks,42,Blue,true,50,Jake Haener
auto-signature-marks,42,Green,true,25,Jake Haener
auto-signature-marks,42,Purple,true,10,Jake Haener
auto-signature-marks,42,Red,true,5,Jake Haener
auto-signature-marks,42,Black,true,1,Jake Haener
auto-signature-marks,43,,true,,Chad Greenway
auto-signature-marks,43,Blue,true,50,Chad Greenway
auto-signature-marks,43,Green,true,25,Chad Greenway
auto-signature-marks,43,Purple,true,10,Chad Greenway
auto-signature-marks,43,Red,true,5,Chad Greenway
auto-signature-marks,43,Black,true,1,Chad Greenway
auto-signature-marks,44,,true,,AJ Cole
auto-signature-marks,44,Blue,true,50,AJ Cole
auto-signature-marks,44,Green,true,25,AJ Cole
auto-signature-marks,44,Purple,true,10,AJ Cole
auto-signature-marks,44,Red,true,5,AJ Cole
auto-signature-marks,44,Black,true,1,AJ Cole
auto-signature-marks,45,,true,,Geno Atkins
auto-signature-marks,45,Blue,true,50,Geno Atkins
auto-signature-marks,45,Green,true,25,Geno Atkins
auto-signature-marks,45,Purple,true,10,Geno Atkins
auto-signature-marks,45,Red,true,5,Geno Atkins
auto-signature-marks,45,Black,true,1,Geno Atkins
auto-signature-marks,47,,true,,Ryan Kelly
auto-signature-marks,47,Blue,true,50,Ryan Kelly
auto-signature-marks,47,Green,true,25,Ryan Kelly
auto-signature-marks,47,Purple,true,10,Ryan Kelly
auto-signature-marks,47,Red,true,5,Ryan Kelly
auto-signature-marks,47,Black,true,1,Ryan Kelly
auto-signature-marks,49,,true,,John Metchie III
auto-signature-marks,49,Blue,true,50,John Metchie III
auto-signature-marks,49,Green,true,25,John Metchie III
auto-signature-marks,49,Purple,true,10,John Metchie III
auto-signature-marks,49,Red,true,5,John Metchie III
auto-signature-marks,49,Black,true,1,John Metchie III
auto-signature-marks,50,,true,,Treylon Burks
auto-signature-marks,50,Blue,true,50,Treylon Burks
auto-signature-marks,50,Green,true,25,Treylon Burks
auto-signature-marks,50,Purple,true,10,Treylon Burks
auto-signature-marks,50,Red,true,5,Treylon Burks
auto-signature-marks,50,Black,true,1,Treylon Burks
auto-signature-series,1,,true,,Sean Tucker
auto-signature-series,1,Blue,true,50,Sean Tucker
auto-signature-series,1,Green,true,25,Sean Tucker
auto-signature-series,1,Purple,true,10,Sean Tucker
auto-signature-series,1,Red,true,5,Sean Tucker
auto-signature-series,1,Black,true,1,Sean Tucker
auto-signature-series,2,,true,,Chase Brown
auto-signature-series,2,Blue,true,50,Chase Brown
auto-signature-series,2,Green,true,25,Chase Brown
auto-signature-series,2,Purple,true,10,Chase Brown
auto-signature-series,2,Red,true,5,Chase Brown
auto-signature-series,2,Black,true,1,Chase Brown
auto-signature-series,3,,true,,Tanner McKee
auto-signature-series,3,Blue,true,50,Tanner McKee
auto-signature-series,3,Green,true,25,Tanner McKee
auto-signature-series,3,Purple,true,10,Tanner McKee
auto-signature-series,3,Red,true,5,Tanner McKee
auto-signature-series,3,Black,true,1,Tanner McKee
auto-signature-series,4,,true,,Dorian Thompson-Robinson
auto-signature-series,4,Blue,true,50,Dorian Thompson-Robinson
auto-signature-series,4,Green,true,25,Dorian Thompson-Robinson
auto-signature-series,4,Purple,true,10,Dorian Thompson-Robinson
auto-signature-series,4,Red,true,5,Dorian Thompson-Robinson
auto-signature-series,4,Black,true,1,Dorian Thompson-Robinson
auto-signature-series,5,,true,,Zach Charbonnet
auto-signature-series,5,Blue,true,50,Zach Charbonnet
auto-signature-series,5,Green,true,25,Zach Charbonnet
auto-signature-series,5,Purple,true,10,Zach Charbonnet
auto-signature-series,5,Red,true,5,Zach Charbonnet
auto-signature-series,5,Black,true,1,Zach Charbonnet
auto-signature-series,6,,true,,Tyson Bagent
auto-signature-series,6,Blue,true,50,Tyson Bagent
auto-signature-series,6,Green,true,25,Tyson Bagent
auto-signature-series,6,Purple,true,10,Tyson Bagent
auto-signature-series,6,Red,true,5,Tyson Bagent
auto-signature-series,6,Black,true,1,Tyson Bagent
auto-signature-series,7,,true,,Jameson Williams
auto-signature-series,7,Blue,true,50,Jameson Williams
auto-signature-series,7,Green,true,25,Jameson Williams
auto-signature-series,7,Purple,true,10,Jameson Williams
auto-signature-series,7,Red,true,5,Jameson Williams
auto-signature-series,7,Black,true,1,Jameson Williams
auto-signature-series,8,,true,,Sean Clifford
auto-signature-series,8,Blue,true,50,Sean Clifford
auto-signature-series,8,Green,true,25,Sean Clifford
auto-signature-series,8,Purple,true,10,Sean Clifford
auto-signature-series,8,Red,true,5,Sean Clifford
auto-signature-series,8,Black,true,1,Sean Clifford
auto-signature-series,9,,true,,Kenny McIntosh
auto-signature-series,9,Blue,true,50,Kenny McIntosh
auto-signature-series,9,Green,true,25,Kenny McIntosh
auto-signature-series,9,Purple,true,10,Kenny McIntosh
auto-signature-series,9,Red,true,5,Kenny McIntosh
auto-signature-series,9,Black,true,1,Kenny McIntosh
auto-signature-series,10,,true,,Jaycee Horn
auto-signature-series,10,Blue,true,50,Jaycee Horn
auto-signature-series,10,Green,true,25,Jaycee Horn
auto-signature-series,10,Purple,true,10,Jaycee Horn
auto-signature-series,10,Red,true,5,Jaycee Horn
auto-signature-series,10,Black,true,1,Jaycee Horn
auto-signature-series,11,,true,,Tyler Scott
auto-signature-series,11,Blue,true,50,Tyler Scott
auto-signature-series,11,Green,true,25,Tyler Scott
auto-signature-series,11,Purple,true,10,Tyler Scott
auto-signature-series,11,Red,true,5,Tyler Scott
auto-signature-series,11,Black,true,1,Tyler Scott
auto-signature-series,12,,true,,Justyn Ross
auto-signature-series,12,Blue,true,50,Justyn Ross
auto-signature-series,12,Green,true,25,Justyn Ross
auto-signature-series,12,Purple,true,10,Justyn Ross
auto-signature-series,12,Red,true,5,Justyn Ross
auto-signature-series,12,Black,true,1,Justyn Ross
auto-signature-series,13,,true,,Brevin Jordan
auto-signature-series,13,Blue,true,50,Brevin Jordan
auto-signature-series,13,Green,true,25,Brevin Jordan
auto-signature-series,13,Purple,true,10,Brevin Jordan
auto-signature-series,13,Red,true,5,Brevin Jordan
auto-signature-series,13,Black,true,1,Brevin Jordan
auto-signature-series,14,,true,,Jonathan Mingo
auto-signature-series,14,Blue,true,50,Jonathan Mingo
auto-signature-series,14,Green,true,25,Jonathan Mingo
auto-signature-series,14,Purple,true,10,Jonathan Mingo
auto-signature-series,14,Red,true,5,Jonathan Mingo
auto-signature-series,14,Black,true,1,Jonathan Mingo
auto-signature-series,15,,true,,Isaiah Simmons
auto-signature-series,15,Blue,true,50,Isaiah Simmons
auto-signature-series,15,Green,true,25,Isaiah Simmons
auto-signature-series,15,Purple,true,10,Isaiah Simmons
auto-signature-series,15,Red,true,5,Isaiah Simmons
auto-signature-series,15,Black,true,1,Isaiah Simmons
auto-signature-series,16,,true,,Andre Cisco
auto-signature-series,16,Blue,true,50,Andre Cisco
auto-signature-series,16,Green,true,25,Andre Cisco
auto-signature-series,16,Purple,true,10,Andre Cisco
auto-signature-series,16,Red,true,5,Andre Cisco
auto-signature-series,16,Black,true,1,Andre Cisco
auto-signature-series,17,,true,,K'Lavon Chaisson
auto-signature-series,17,Blue,true,50,K'Lavon Chaisson
auto-signature-series,17,Green,true,25,K'Lavon Chaisson
auto-signature-series,17,Purple,true,10,K'Lavon Chaisson
auto-signature-series,17,Red,true,5,K'Lavon Chaisson
auto-signature-series,17,Black,true,1,K'Lavon Chaisson
auto-signature-series,18,,true,,Skyy Moore
auto-signature-series,18,Blue,true,50,Skyy Moore
auto-signature-series,18,Green,true,25,Skyy Moore
auto-signature-series,18,Purple,true,10,Skyy Moore
auto-signature-series,18,Red,true,5,Skyy Moore
auto-signature-series,18,Black,true,1,Skyy Moore
auto-signature-series,19,,true,,Luke Schoonmaker
auto-signature-series,19,Blue,true,50,Luke Schoonmaker
auto-signature-series,19,Green,true,25,Luke Schoonmaker
auto-signature-series,19,Purple,true,10,Luke Schoonmaker
auto-signature-series,19,Red,true,5,Luke Schoonmaker
auto-signature-series,19,Black,true,1,Luke Schoonmaker
auto-signature-series,20,,true,,Hendon Hooker
auto-signature-series,20,Blue,true,50,Hendon Hooker
auto-signature-series,20,Green,true,25,Hendon Hooker
auto-signature-series,20,Purple,true,10,Hendon Hooker
auto-signature-series,20,Red,true,5,Hendon Hooker
auto-signature-series,20,Black,true,1,Hendon Hooker
auto-signature-series,21,,true,,Tank Bigsby
auto-signature-series,21,Blue,true,50,Tank Bigsby
auto-signature-series,21,Green,true,25,Tank Bigsby
auto-signature-series,21,Purple,true,10,Tank Bigsby
auto-signature-series,21,Red,true,5,Tank Bigsby
auto-signature-series,21,Black,true,1,Tank Bigsby
auto-signature-series,22,,true,,Josh Downs
auto-signature-series,22,Blue,true,50,Josh Downs
auto-signature-series,22,Green,true,25,Josh Downs
auto-signature-series,22,Purple,true,10,Josh Downs
auto-signature-series,22,Red,true,5,Josh Downs
auto-signature-series,22,Black,true,1,Josh Downs
auto-signature-series,23,,true,,Connor Heyward
auto-signature-series,23,Blue,true,50,Connor Heyward
auto-signature-series,23,Green,true,25,Connor Heyward
auto-signature-series,23,Purple,true,10,Connor Heyward
auto-signature-series,23,Red,true,5,Connor Heyward
auto-signature-series,23,Black,true,1,Connor Heyward
auto-signature-series,24,,true,,Charvarius Ward
auto-signature-series,24,Blue,true,50,Charvarius Ward
auto-signature-series,24,Green,true,25,Charvarius Ward
auto-signature-series,24,Purple,true,10,Charvarius Ward
auto-signature-series,24,Red,true,5,Charvarius Ward
auto-signature-series,24,Black,true,1,Charvarius Ward
auto-signature-series,25,,true,,Damar Hamlin
auto-signature-series,25,Blue,true,50,Damar Hamlin
auto-signature-series,25,Green,true,25,Damar Hamlin
auto-signature-series,25,Purple,true,10,Damar Hamlin
auto-signature-series,25,Red,true,5,Damar Hamlin
auto-signature-series,25,Black,true,1,Damar Hamlin
auto-signature-series,26,,true,,Mario Manningham
auto-signature-series,26,Blue,true,50,Mario Manningham
auto-signature-series,26,Green,true,25,Mario Manningham
auto-signature-series,26,Purple,true,10,Mario Manningham
auto-signature-series,26,Red,true,5,Mario Manningham
auto-signature-series,26,Black,true,1,Mario Manningham
auto-signature-series,27,,true,,Sidney Rice
auto-signature-series,27,Blue,true,50,Sidney Rice
auto-signature-series,27,Green,true,25,Sidney Rice
auto-signature-series,27,Purple,true,10,Sidney Rice
auto-signature-series,27,Red,true,5,Sidney Rice
auto-signature-series,27,Black,true,1,Sidney Rice
auto-signature-series,28,,true,,Wesley Walker
auto-signature-series,28,Blue,true,50,Wesley Walker
auto-signature-series,28,Green,true,25,Wesley Walker
auto-signature-series,28,Purple,true,10,Wesley Walker
auto-signature-series,28,Red,true,5,Wesley Walker
auto-signature-series,28,Black,true,1,Wesley Walker
auto-signature-series,29,,true,,Richie Grant
auto-signature-series,29,Blue,true,50,Richie Grant
auto-signature-series,29,Green,true,25,Richie Grant
auto-signature-series,29,Purple,true,10,Richie Grant
auto-signature-series,29,Red,true,5,Richie Grant
auto-signature-series,29,Black,true,1,Richie Grant
auto-signature-series,31,,true,,Ted Johnson
auto-signature-series,31,Blue,true,50,Ted Johnson
auto-signature-series,31,Green,true,25,Ted Johnson
auto-signature-series,31,Purple,true,10,Ted Johnson
auto-signature-series,31,Red,true,5,Ted Johnson
auto-signature-series,31,Black,true,1,Ted Johnson
auto-signature-series,32,,true,,Rico Dowdle
auto-signature-series,32,Blue,true,50,Rico Dowdle
auto-signature-series,32,Green,true,25,Rico Dowdle
auto-signature-series,32,Purple,true,10,Rico Dowdle
auto-signature-series,32,Red,true,5,Rico Dowdle
auto-signature-series,32,Black,true,1,Rico Dowdle
auto-signature-series,33,,true,,Tyree Wilson
auto-signature-series,33,Blue,true,50,Tyree Wilson
auto-signature-series,33,Green,true,25,Tyree Wilson
auto-signature-series,33,Purple,true,10,Tyree Wilson
auto-signature-series,33,Red,true,5,Tyree Wilson
auto-signature-series,33,Black,true,1,Tyree Wilson
auto-signature-series,34,,true,,Lee Evans
auto-signature-series,34,Blue,true,50,Lee Evans
auto-signature-series,34,Green,true,25,Lee Evans
auto-signature-series,34,Purple,true,10,Lee Evans
auto-signature-series,34,Red,true,5,Lee Evans
auto-signature-series,34,Black,true,1,Lee Evans
auto-signature-series,35,,true,,Zay Jones
auto-signature-series,35,Blue,true,50,Zay Jones
auto-signature-series,35,Green,true,25,Zay Jones
auto-signature-series,35,Purple,true,10,Zay Jones
auto-signature-series,35,Red,true,5,Zay Jones
auto-signature-series,35,Black,true,1,Zay Jones
auto-signature-series,36,,true,,Wes Chandler
auto-signature-series,36,Blue,true,50,Wes Chandler
auto-signature-series,36,Green,true,25,Wes Chandler
auto-signature-series,36,Purple,true,10,Wes Chandler
auto-signature-series,36,Red,true,5,Wes Chandler
auto-signature-series,36,Black,true,1,Wes Chandler
auto-signature-series,37,,true,,Willie Roaf
auto-signature-series,37,Blue,true,50,Willie Roaf
auto-signature-series,37,Green,true,25,Willie Roaf
auto-signature-series,37,Purple,true,10,Willie Roaf
auto-signature-series,37,Red,true,5,Willie Roaf
auto-signature-series,37,Black,true,1,Willie Roaf
auto-signature-series,38,,true,,Darnell Wright
auto-signature-series,38,Blue,true,50,Darnell Wright
auto-signature-series,38,Green,true,25,Darnell Wright
auto-signature-series,38,Purple,true,10,Darnell Wright
auto-signature-series,38,Red,true,5,Darnell Wright
auto-signature-series,38,Black,true,1,Darnell Wright
auto-signature-series,39,,true,,Alec Pierce
auto-signature-series,39,Blue,true,50,Alec Pierce
auto-signature-series,39,Green,true,25,Alec Pierce
auto-signature-series,39,Purple,true,10,Alec Pierce
auto-signature-series,39,Red,true,5,Alec Pierce
auto-signature-series,39,Black,true,1,Alec Pierce
auto-signature-series,40,,true,,Don Beebe
auto-signature-series,40,Blue,true,50,Don Beebe
auto-signature-series,40,Green,true,25,Don Beebe
auto-signature-series,40,Purple,true,10,Don Beebe
auto-signature-series,40,Red,true,5,Don Beebe
auto-signature-series,40,Black,true,1,Don Beebe
auto-signature-series,41,,true,,Zamir White
auto-signature-series,41,Blue,true,50,Zamir White
auto-signature-series,41,Green,true,25,Zamir White
auto-signature-series,41,Purple,true,10,Zamir White
auto-signature-series,41,Red,true,5,Zamir White
auto-signature-series,41,Black,true,1,Zamir White
auto-signature-series,42,,true,,Jerome Ford
auto-signature-series,42,Blue,true,50,Jerome Ford
auto-signature-series,42,Green,true,25,Jerome Ford
auto-signature-series,42,Purple,true,10,Jerome Ford
auto-signature-series,42,Red,true,5,Jerome Ford
auto-signature-series,42,Black,true,1,Jerome Ford
auto-signature-series,43,,true,,Joe DeLamielleure
auto-signature-series,43,Blue,true,50,Joe DeLamielleure
auto-signature-series,43,Green,true,25,Joe DeLamielleure
auto-signature-series,43,Purple,true,10,Joe DeLamielleure
auto-signature-series,43,Red,true,5,Joe DeLamielleure
auto-signature-series,43,Black,true,1,Joe DeLamielleure
auto-signature-series,46,,true,,Nakobe Dean
auto-signature-series,46,Blue,true,50,Nakobe Dean
auto-signature-series,46,Green,true,25,Nakobe Dean
auto-signature-series,46,Purple,true,10,Nakobe Dean
auto-signature-series,46,Red,true,5,Nakobe Dean
auto-signature-series,46,Black,true,1,Nakobe Dean
auto-signature-series,47,,true,,Roschon Johnson
auto-signature-series,47,Blue,true,50,Roschon Johnson
auto-signature-series,47,Green,true,25,Roschon Johnson
auto-signature-series,47,Purple,true,10,Roschon Johnson
auto-signature-series,47,Red,true,5,Roschon Johnson
auto-signature-series,47,Black,true,1,Roschon Johnson
auto-signature-series,48,,true,,Chase Claypool
auto-signature-series,48,Blue,true,50,Chase Claypool
auto-signature-series,48,Green,true,25,Chase Claypool
auto-signature-series,48,Purple,true,10,Chase Claypool
auto-signature-series,48,Red,true,5,Chase Claypool
auto-signature-series,48,Black,true,1,Chase Claypool
auto-signature-series,49,,true,,Peyton Hendershot
auto-signature-series,49,Blue,true,50,Peyton Hendershot
auto-signature-series,49,Green,true,25,Peyton Hendershot
auto-signature-series,49,Purple,true,10,Peyton Hendershot
auto-signature-series,49,Red,true,5,Peyton Hendershot
auto-signature-series,49,Black,true,1,Peyton Hendershot
auto-signature-series,50,,true,,Malik Willis
auto-signature-series,50,Blue,true,50,Malik Willis
auto-signature-series,50,Green,true,25,Malik Willis
auto-signature-series,50,Purple,true,10,Malik Willis
auto-signature-series,50,Red,true,5,Malik Willis
auto-signature-series,50,Black,true,1,Malik Willis
auto-the-elite-series-autographs,3,,true,,Bobby Okereke
auto-the-elite-series-autographs,5,,true,,Cooper Kupp
auto-the-elite-series-autographs,8,,true,,Jalen Hurts
auto-the-elite-series-autographs,18,,true,,Zay Flowers
auto-the-elite-series-autographs,26,,true,,DJ Moore
auto-the-elite-series-autographs,28,,true,,Nico Collins
auto-the-elite-series-autographs,30,,true,,Justin Jefferson
auto-the-elite-series-rookies-autographs,1,,true,,Jonathon Brooks
auto-the-elite-series-rookies-autographs,2,,true,,Michael Penix Jr.
auto-the-elite-series-rookies-autographs,3,,true,,Ladd McConkey
auto-the-elite-series-rookies-autographs,4,,true,,J.J. McCarthy
auto-the-elite-series-rookies-autographs,5,,true,,Blake Corum
auto-the-elite-series-rookies-autographs,6,,true,,Ja'Tavion Sanders
auto-the-elite-series-rookies-autographs,7,,true,,Rome Odunze
auto-the-elite-series-rookies-autographs,8,,true,,Spencer Rattler
auto-the-elite-series-rookies-autographs,10,,true,,Ja'Lynn Polk
auto-the-elite-series-rookies-autographs,11,,true,,Cade Stover
auto-the-elite-series-rookies-autographs,12,,true,,Ray Davis
auto-the-elite-series-rookies-autographs,14,,true,,Brenden Rice
auto-the-elite-series-rookies-autographs,16,,true,,Keon Coleman
auto-the-elite-series-rookies-autographs,17,,true,,Brian Thomas Jr.
auto-the-elite-series-rookies-autographs,18,,true,,Jordan Travis
auto-the-elite-series-rookies-autographs,19,,true,,Audric Estime
auto-the-elite-series-rookies-autographs,20,,true,,Xavier Legette
auto-the-elite-series-rookies-autographs,21,,true,,Dallas Turner
auto-the-elite-series-rookies-autographs,22,,true,,Ricky Pearsall
auto-the-elite-series-rookies-autographs,24,,true,,Malachi Corley
auto-the-elite-series-rookies-autographs,25,,true,,Trey Benson
auto-the-elite-series-rookies-autographs,26,,true,,Javon Baker
auto-the-elite-series-rookies-autographs,27,,true,,Isaac Guerendo
auto-the-elite-series-rookies-autographs,28,,true,,Will Shipley
auto-the-elite-series-rookies-autographs,29,,true,,Adonai Mitchell
auto-the-legends-series-autographs,1,,true,,Terry Bradshaw
auto-the-legends-series-autographs,2,,true,,Terrell Owens
auto-the-legends-series-autographs,3,,true,,Harold Carmichael
auto-the-legends-series-autographs,4,,true,,Darrell Green
auto-the-legends-series-autographs,5,,true,,Chris Johnson
auto-the-legends-series-autographs,7,,true,,Adam Vinatieri
auto-the-legends-series-autographs,8,,true,,Bruce Smith
auto-the-legends-series-autographs,9,,true,,James Lofton
auto-the-legends-series-autographs,10,,true,,Roger Craig
auto-the-legends-series-autographs,11,,true,,Michael Vick
auto-the-legends-series-autographs,12,,true,,Hines Ward
auto-the-legends-series-autographs,13,,true,,Wesley Walker
auto-the-legends-series-autographs,14,,true,,Phil Simms
auto-the-legends-series-autographs,15,,true,,Archie Manning
auto-the-legends-series-autographs,17,,true,,Billy Sims
auto-the-legends-series-autographs,18,,true,,Vance Johnson
auto-the-legends-series-autographs,19,,true,,Boomer Esiason
auto-the-legends-series-autographs,20,,true,,Leroy Kelly
auto-the-rookies-autographs,1,,true,,J.J. McCarthy
auto-the-rookies-autographs,2,,true,,Michael Penix Jr.
auto-the-rookies-autographs,3,,true,,Rome Odunze
auto-the-rookies-autographs,4,,true,,Trey Benson
auto-the-rookies-autographs,5,,true,,Ladd McConkey
auto-the-rookies-autographs,6,,true,,Ja'Tavion Sanders
auto-the-rookies-autographs,8,,true,,Brian Thomas Jr.
auto-the-rookies-autographs,9,,true,,Dallas Turner
auto-the-rookies-autographs,11,,true,,Cade Stover
auto-the-rookies-autographs,12,,true,,Malachi Corley
auto-the-rookies-autographs,15,,true,,Ja'Lynn Polk
auto-the-rookies-autographs,16,,true,,Ricky Pearsall
auto-the-rookies-autographs,18,,true,,Bucky Irving
auto-the-rookies-autographs,20,,true,,Keon Coleman
auto-the-rookies-autographs,21,,true,,Xavier Legette
auto-the-rookies-autographs,22,,true,,Luke McCaffrey
auto-the-rookies-autographs,23,,true,,Adonai Mitchell
auto-the-rookies-autographs,24,,true,,Spencer Rattler
auto-the-rookies-autographs,25,,true,,Javon Baker
auto-the-rookies-autographs,26,,true,,Will Shipley
auto-the-rookies-autographs,27,,true,,Braelon Allen
auto-the-rookies-autographs,28,,true,,Brenden Rice
auto-the-rookies-autographs,29,,true,,Blake Corum
auto-the-rookies-autographs,30,,true,,Jaylen Wright
auto-the-rookies-autographs,32,,true,,Jordan Travis
auto-the-rookies-autographs,33,,true,,Audric Estime
auto-white-hot-rookies-autographs,1,,true,,J.J. McCarthy
auto-white-hot-rookies-autographs,3,,true,,Ricky Pearsall
auto-white-hot-rookies-autographs,4,,true,,Keon Coleman
auto-white-hot-rookies-autographs,6,,true,,Jonathon Brooks
auto-white-hot-rookies-autographs,7,,true,,Troy Franklin
insert-all-pro-kings,1,,false,,Myles Garrett
insert-all-pro-kings,1,Studio Series,false,100,Myles Garrett
insert-all-pro-kings,2,,false,,Christian McCaffrey
insert-all-pro-kings,2,Studio Series,false,100,Christian McCaffrey
insert-all-pro-kings,3,,false,,CeeDee Lamb
insert-all-pro-kings,3,Studio Series,false,100,CeeDee Lamb
insert-all-pro-kings,4,,false,,T.J. Watt
insert-all-pro-kings,4,Studio Series,false,100,T.J. Watt
insert-all-pro-kings,5,,false,,Maxx Crosby
insert-all-pro-kings,5,Studio Series,false,100,Maxx Crosby
insert-all-pro-kings,6,,false,,A.J. Brown
insert-all-pro-kings,6,Studio Series,false,100,A.J. Brown
insert-all-pro-kings,7,,false,,Dak Prescott
insert-all-pro-kings,7,Studio Series,false,100,Dak Prescott
insert-all-pro-kings,8,,false,,"Ahmad ""Sauce"" Gardner"
insert-all-pro-kings,8,Studio Series,false,100,"Ahmad ""Sauce"" Gardner"
insert-all-pro-kings,9,,false,,Roquan Smith
insert-all-pro-kings,9,Studio Series,false,100,Roquan Smith
insert-all-pro-kings,10,,false,,Amon-Ra St. Brown
insert-all-pro-kings,10,Studio Series,false,100,Amon-Ra St. Brown
insert-all-pro-kings,11,,false,,George Kittle
insert-all-pro-kings,11,Studio Series,false,100,George Kittle
insert-all-pro-kings,12,,false,,Kyren Williams
insert-all-pro-kings,12,Studio Series,false,100,Kyren Williams
insert-all-pro-kings,13,,false,,Tyreek Hill
insert-all-pro-kings,13,Studio Series,false,100,Tyreek Hill
insert-all-pro-kings,14,,false,,Micah Parsons
insert-all-pro-kings,14,Studio Series,false,100,Micah Parsons
insert-all-pro-kings,15,,false,,Mike Evans
insert-all-pro-kings,15,Studio Series,false,100,Mike Evans
insert-all-pro-kings,16,,false,,Chris Jones
insert-all-pro-kings,16,Studio Series,false,100,Chris Jones
insert-all-pro-kings,17,,false,,Sam LaPorta
insert-all-pro-kings,17,Studio Series,false,100,Sam LaPorta
insert-all-pro-kings,18,,false,,Dexter Lawrence
insert-all-pro-kings,18,Studio Series,false,100,Dexter Lawrence
insert-all-pro-kings,19,,false,,Puka Nacua
insert-all-pro-kings,19,Studio Series,false,100,Puka Nacua
insert-all-pro-kings,20,,false,,Lamar Jackson
insert-all-pro-kings,20,Studio Series,false,100,Lamar Jackson
insert-canton-kings,1,,false,,Julius Peppers
insert-canton-kings,1,Studio Series,false,49,Julius Peppers
insert-canton-kings,2,,false,,Terry Bradshaw
insert-canton-kings,2,Studio Series,false,49,Terry Bradshaw
insert-canton-kings,3,,false,,Isaac Bruce
insert-canton-kings,3,Studio Series,false,49,Isaac Bruce
insert-canton-kings,4,,false,,Terrell Davis
insert-canton-kings,4,Studio Series,false,49,Terrell Davis
insert-canton-kings,5,,false,,Eric Dickerson
insert-canton-kings,5,Studio Series,false,49,Eric Dickerson
insert-canton-kings,6,,false,,John Elway
insert-canton-kings,6,Studio Series,false,49,John Elway
insert-canton-kings,7,,false,,Brett Favre
insert-canton-kings,7,Studio Series,false,49,Brett Favre
insert-canton-kings,8,,false,,Dwight Freeney
insert-canton-kings,8,Studio Series,false,49,Dwight Freeney
insert-canton-kings,9,,false,,Michael Irvin
insert-canton-kings,9,Studio Series,false,49,Michael Irvin
insert-canton-kings,10,,false,,Charlie Joiner
insert-canton-kings,10,Studio Series,false,49,Charlie Joiner
insert-canton-kings,11,,false,,Jim Kelly
insert-canton-kings,11,Studio Series,false,49,Jim Kelly
insert-canton-kings,12,,false,,Jack Lambert
insert-canton-kings,12,Studio Series,false,49,Jack Lambert
insert-canton-kings,13,,false,,Bob Lilly
insert-canton-kings,13,Studio Series,false,49,Bob Lilly
insert-canton-kings,14,,false,,Jonathan Ogden
insert-canton-kings,14,Studio Series,false,49,Jonathan Ogden
insert-canton-kings,15,,false,,Terrell Owens
insert-canton-kings,15,Studio Series,false,49,Terrell Owens
insert-canton-kings,16,,false,,Drew Pearson
insert-canton-kings,16,Studio Series,false,49,Drew Pearson
insert-canton-kings,17,,false,,Richard Seymour
insert-canton-kings,17,Studio Series,false,49,Richard Seymour
insert-canton-kings,18,,false,,Joe Thomas
insert-canton-kings,18,Studio Series,false,49,Joe Thomas
insert-canton-kings,19,,false,,Zach Thomas
insert-canton-kings,19,Studio Series,false,49,Zach Thomas
insert-canton-kings,20,,false,,Roger Wehrli
insert-canton-kings,20,Studio Series,false,49,Roger Wehrli
insert-donruss-threads,1,,false,,Kyler Murray
insert-donruss-threads,1,Prime,false,25,Kyler Murray
insert-donruss-threads,1,Brand Logo Laundry Tag,false,1,Kyler Murray
insert-donruss-threads,1,NFL Player's Laundry Tag,false,1,Kyler Murray
insert-donruss-threads,1,NFL Shield Laundry Tag,false,1,Kyler Murray
insert-donruss-threads,2,,false,,Drake London
insert-donruss-threads,2,Prime,false,25,Drake London
insert-donruss-threads,2,Brand Logo Laundry Tag,false,1,Drake London
insert-donruss-threads,2,NFL Player's Laundry Tag,false,1,Drake London
insert-donruss-threads,2,NFL Shield Laundry Tag,false,1,Drake London
insert-donruss-threads,3,,false,,Bijan Robinson
insert-donruss-threads,3,Prime,false,25,Bijan Robinson
insert-donruss-threads,3,Brand Logo Laundry Tag,false,1,Bijan Robinson
insert-donruss-threads,3,NFL Player's Laundry Tag,false,1,Bijan Robinson
insert-donruss-threads,3,NFL Shield Laundry Tag,false,1,Bijan Robinson
insert-donruss-threads,4,,false,,Lamar Jackson
insert-donruss-threads,4,Prime,false,25,Lamar Jackson
insert-donruss-threads,4,Brand Logo Laundry Tag,false,1,Lamar Jackson
insert-donruss-threads,4,NFL Player's Laundry Tag,false,1,Lamar Jackson
insert-donruss-threads,4,NFL Shield Laundry Tag,false,1,Lamar Jackson
insert-donruss-threads,5,,false,,James Cook
insert-donruss-threads,5,Prime,false,25,James Cook
insert-donruss-threads,5,Brand Logo Laundry Tag,false,1,James Cook
insert-donruss-threads,5,NFL Player's Laundry Tag,false,1,James Cook
insert-donruss-threads,5,NFL Shield Laundry Tag,false,1,James Cook
insert-donruss-threads,6,,false,,Bryce Young
insert-donruss-threads,6,Prime,false,25,Bryce Young
insert-donruss-threads,6,Brand Logo Laundry Tag,false,1,Bryce Young
insert-donruss-threads,6,NFL Player's Laundry Tag,false,1,Bryce Young
insert-donruss-threads,6,NFL Shield Laundry Tag,false,1,Bryce Young
insert-donruss-threads,7,,false,,DJ Moore
insert-donruss-threads,7,Prime,false,25,DJ Moore
insert-donruss-threads,7,Brand Logo Laundry Tag,false,1,DJ Moore
insert-donruss-threads,7,NFL Player's Laundry Tag,false,1,DJ Moore
insert-donruss-threads,7,NFL Shield Laundry Tag,false,1,DJ Moore
insert-donruss-threads,8,,false,,Tee Higgins
insert-donruss-threads,8,Prime,false,25,Tee Higgins
insert-donruss-threads,8,Brand Logo Laundry Tag,false,1,Tee Higgins
insert-donruss-threads,8,NFL Player's Laundry Tag,false,1,Tee Higgins
insert-donruss-threads,8,NFL Shield Laundry Tag,false,1,Tee Higgins
insert-donruss-threads,9,,false,,Myles Garrett
insert-donruss-threads,9,Prime,false,25,Myles Garrett
insert-donruss-threads,9,Brand Logo Laundry Tag,false,1,Myles Garrett
insert-donruss-threads,9,NFL Player's Laundry Tag,false,1,Myles Garrett
insert-donruss-threads,9,NFL Shield Laundry Tag,false,1,Myles Garrett
insert-donruss-threads,10,,false,,Amari Cooper
insert-donruss-threads,10,Prime,false,25,Amari Cooper
insert-donruss-threads,10,Brand Logo Laundry Tag,false,1,Amari Cooper
insert-donruss-threads,10,NFL Player's Laundry Tag,false,1,Amari Cooper
insert-donruss-threads,10,NFL Shield Laundry Tag,false,1,Amari Cooper
insert-donruss-threads,11,,false,,CeeDee Lamb
insert-donruss-threads,11,Prime,false,25,CeeDee Lamb
insert-donruss-threads,11,Brand Logo Laundry Tag,false,1,CeeDee Lamb
insert-donruss-threads,11,NFL Player's Laundry Tag,false,1,CeeDee Lamb
insert-donruss-threads,11,NFL Shield Laundry Tag,false,1,CeeDee Lamb
insert-donruss-threads,12,,false,,Courtland Sutton
insert-donruss-threads,12,Prime,false,25,Courtland Sutton
insert-donruss-threads,12,Brand Logo Laundry Tag,false,1,Courtland Sutton
insert-donruss-threads,12,NFL Player's Laundry Tag,false,1,Courtland Sutton
insert-donruss-threads,12,NFL Shield Laundry Tag,false,1,Courtland Sutton
insert-donruss-threads,13,,false,,Jared Goff
insert-donruss-threads,13,Prime,false,25,Jared Goff
insert-donruss-threads,13,Brand Logo Laundry Tag,false,1,Jared Goff
insert-donruss-threads,13,NFL Player's Laundry Tag,false,1,Jared Goff
insert-donruss-threads,13,NFL Shield Laundry Tag,false,1,Jared Goff
insert-donruss-threads,14,,false,,Sam LaPorta
insert-donruss-threads,14,Prime,false,25,Sam LaPorta
insert-donruss-threads,14,Brand Logo Laundry Tag,false,1,Sam LaPorta
insert-donruss-threads,14,NFL Player's Laundry Tag,false,1,Sam LaPorta
insert-donruss-threads,14,NFL Shield Laundry Tag,false,1,Sam LaPorta
insert-donruss-threads,15,,false,,Jayden Reed
insert-donruss-threads,15,Prime,false,25,Jayden Reed
insert-donruss-threads,15,Brand Logo Laundry Tag,false,1,Jayden Reed
insert-donruss-threads,15,NFL Player's Laundry Tag,false,1,Jayden Reed
insert-donruss-threads,15,NFL Shield Laundry Tag,false,1,Jayden Reed
insert-donruss-threads,16,,false,,C.J. Stroud
insert-donruss-threads,16,Prime,false,25,C.J. Stroud
insert-donruss-threads,16,Brand Logo Laundry Tag,false,1,C.J. Stroud
insert-donruss-threads,16,NFL Player's Laundry Tag,false,1,C.J. Stroud
insert-donruss-threads,16,NFL Shield Laundry Tag,false,1,C.J. Stroud
insert-donruss-threads,17,,false,,Tank Dell
insert-donruss-threads,17,Prime,false,25,Tank Dell
insert-donruss-threads,17,Brand Logo Laundry Tag,false,1,Tank Dell
insert-donruss-threads,17,NFL Player's Laundry Tag,false,1,Tank Dell
insert-donruss-threads,17,NFL Shield Laundry Tag,false,1,Tank Dell
insert-donruss-threads,18,,false,,Michael Pittman Jr.
insert-donruss-threads,18,Prime,false,25,Michael Pittman Jr.
insert-donruss-threads,18,Brand Logo Laundry Tag,false,1,Michael Pittman Jr.
insert-donruss-threads,18,NFL Player's Laundry Tag,false,1,Michael Pittman Jr.
insert-donruss-threads,18,NFL Shield Laundry Tag,false,1,Michael Pittman Jr.
insert-donruss-threads,19,,false,,Travis Etienne Jr.
insert-donruss-threads,19,Prime,false,25,Travis Etienne Jr.
insert-donruss-threads,19,Brand Logo Laundry Tag,false,1,Travis Etienne Jr.
insert-donruss-threads,19,NFL Player's Laundry Tag,false,1,Travis Etienne Jr.
insert-donruss-threads,19,NFL Shield Laundry Tag,false,1,Travis Etienne Jr.
insert-donruss-threads,20,,false,,Chris Jones
insert-donruss-threads,20,Prime,false,25,Chris Jones
insert-donruss-threads,20,Brand Logo Laundry Tag,false,1,Chris Jones
insert-donruss-threads,20,NFL Player's Laundry Tag,false,1,Chris Jones
insert-donruss-threads,20,NFL Shield Laundry Tag,false,1,Chris Jones
insert-donruss-threads,21,,false,,Patrick Mahomes II
insert-donruss-threads,21,Prime,false,25,Patrick Mahomes II
insert-donruss-threads,21,Brand Logo Laundry Tag,false,1,Patrick Mahomes II
insert-donruss-threads,21,NFL Player's Laundry Tag,false,1,Patrick Mahomes II
insert-donruss-threads,21,NFL Shield Laundry Tag,false,1,Patrick Mahomes II
insert-donruss-threads,22,,false,,Maxx Crosby
insert-donruss-threads,22,Prime,false,25,Maxx Crosby
insert-donruss-threads,22,Brand Logo Laundry Tag,false,1,Maxx Crosby
insert-donruss-threads,22,NFL Player's Laundry Tag,false,1,Maxx Crosby
insert-donruss-threads,22,NFL Shield Laundry Tag,false,1,Maxx Crosby
insert-donruss-threads,23,,false,,Derwin James Jr.
insert-donruss-threads,23,Prime,false,25,Derwin James Jr.
insert-donruss-threads,23,Brand Logo Laundry Tag,false,1,Derwin James Jr.
insert-donruss-threads,23,NFL Player's Laundry Tag,false,1,Derwin James Jr.
insert-donruss-threads,23,NFL Shield Laundry Tag,false,1,Derwin James Jr.
insert-donruss-threads,24,,false,,Puka Nacua
insert-donruss-threads,24,Prime,false,25,Puka Nacua
insert-donruss-threads,24,Brand Logo Laundry Tag,false,1,Puka Nacua
insert-donruss-threads,24,NFL Player's Laundry Tag,false,1,Puka Nacua
insert-donruss-threads,24,NFL Shield Laundry Tag,false,1,Puka Nacua
insert-donruss-threads,25,,false,,Cooper Kupp
insert-donruss-threads,25,Prime,false,25,Cooper Kupp
insert-donruss-threads,25,Brand Logo Laundry Tag,false,1,Cooper Kupp
insert-donruss-threads,25,NFL Player's Laundry Tag,false,1,Cooper Kupp
insert-donruss-threads,25,NFL Shield Laundry Tag,false,1,Cooper Kupp
insert-donruss-threads,26,,false,,Raheem Mostert
insert-donruss-threads,26,Prime,false,25,Raheem Mostert
insert-donruss-threads,26,Brand Logo Laundry Tag,false,1,Raheem Mostert
insert-donruss-threads,26,NFL Player's Laundry Tag,false,1,Raheem Mostert
insert-donruss-threads,26,NFL Shield Laundry Tag,false,1,Raheem Mostert
insert-donruss-threads,27,,false,,Tua Tagovailoa
insert-donruss-threads,27,Prime,false,25,Tua Tagovailoa
insert-donruss-threads,27,Brand Logo Laundry Tag,false,1,Tua Tagovailoa
insert-donruss-threads,27,NFL Player's Laundry Tag,false,1,Tua Tagovailoa
insert-donruss-threads,27,NFL Shield Laundry Tag,false,1,Tua Tagovailoa
insert-donruss-threads,28,,false,,Jordan Addison
insert-donruss-threads,28,Prime,false,25,Jordan Addison
insert-donruss-threads,28,Brand Logo Laundry Tag,false,1,Jordan Addison
insert-donruss-threads,28,NFL Player's Laundry Tag,false,1,Jordan Addison
insert-donruss-threads,28,NFL Shield Laundry Tag,false,1,Jordan Addison
insert-donruss-threads,29,,false,,Rhamondre Stevenson
insert-donruss-threads,29,Prime,false,25,Rhamondre Stevenson
insert-donruss-threads,29,Brand Logo Laundry Tag,false,1,Rhamondre Stevenson
insert-donruss-threads,29,NFL Player's Laundry Tag,false,1,Rhamondre Stevenson
insert-donruss-threads,29,NFL Shield Laundry Tag,false,1,Rhamondre Stevenson
insert-donruss-threads,30,,false,,Derek Carr
insert-donruss-threads,30,Prime,false,25,Derek Carr
insert-donruss-threads,30,Brand Logo Laundry Tag,false,1,Derek Carr
insert-donruss-threads,30,NFL Player's Laundry Tag,false,1,Derek Carr
insert-donruss-threads,30,NFL Shield Laundry Tag,false,1,Derek Carr
insert-donruss-threads,31,,false,,Dexter Lawrence
insert-donruss-threads,31,Prime,false,25,Dexter Lawrence
insert-donruss-threads,31,Brand Logo Laundry Tag,false,1,Dexter Lawrence
insert-donruss-threads,31,NFL Player's Laundry Tag,false,1,Dexter Lawrence
insert-donruss-threads,31,NFL Shield Laundry Tag,false,1,Dexter Lawrence
insert-donruss-threads,32,,false,,Garrett Wilson
insert-donruss-threads,32,Prime,false,25,Garrett Wilson
insert-donruss-threads,32,Brand Logo Laundry Tag,false,1,Garrett Wilson
insert-donruss-threads,32,NFL Player's Laundry Tag,false,1,Garrett Wilson
insert-donruss-threads,32,NFL Shield Laundry Tag,false,1,Garrett Wilson
insert-donruss-threads,33,,false,,Jalen Hurts
insert-donruss-threads,33,Prime,false,25,Jalen Hurts
insert-donruss-threads,33,Brand Logo Laundry Tag,false,1,Jalen Hurts
insert-donruss-threads,33,NFL Player's Laundry Tag,false,1,Jalen Hurts
insert-donruss-threads,33,NFL Shield Laundry Tag,false,1,Jalen Hurts
insert-donruss-threads,34,,false,,George Pickens
insert-donruss-threads,34,Prime,false,25,George Pickens
insert-donruss-threads,34,Brand Logo Laundry Tag,false,1,George Pickens
insert-donruss-threads,34,NFL Player's Laundry Tag,false,1,George Pickens
insert-donruss-threads,34,NFL Shield Laundry Tag,false,1,George Pickens
insert-donruss-threads,35,,false,,Brock Purdy
insert-donruss-threads,35,Prime,false,25,Brock Purdy
insert-donruss-threads,35,Brand Logo Laundry Tag,false,1,Brock Purdy
insert-donruss-threads,35,NFL Player's Laundry Tag,false,1,Brock Purdy
insert-donruss-threads,35,NFL Shield Laundry Tag,false,1,Brock Purdy
insert-donruss-threads,36,,false,,Nick Bosa
insert-donruss-threads,36,Prime,false,25,Nick Bosa
insert-donruss-threads,36,Brand Logo Laundry Tag,false,1,Nick Bosa
insert-donruss-threads,36,NFL Player's Laundry Tag,false,1,Nick Bosa
insert-donruss-threads,36,NFL Shield Laundry Tag,false,1,Nick Bosa
insert-donruss-threads,37,,false,,DK Metcalf
insert-donruss-threads,37,Prime,false,25,DK Metcalf
insert-donruss-threads,37,Brand Logo Laundry Tag,false,1,DK Metcalf
insert-donruss-threads,37,NFL Player's Laundry Tag,false,1,DK Metcalf
insert-donruss-threads,37,NFL Shield Laundry Tag,false,1,DK Metcalf
insert-donruss-threads,38,,false,,Baker Mayfield
insert-donruss-threads,38,Prime,false,25,Baker Mayfield
insert-donruss-threads,38,Brand Logo Laundry Tag,false,1,Baker Mayfield
insert-donruss-threads,38,NFL Player's Laundry Tag,false,1,Baker Mayfield
insert-donruss-threads,38,NFL Shield Laundry Tag,false,1,Baker Mayfield
insert-donruss-threads,39,,false,,Will Levis
insert-donruss-threads,39,Prime,false,25,Will Levis
insert-donruss-threads,39,Brand Logo Laundry Tag,false,1,Will Levis
insert-donruss-threads,39,NFL Player's Laundry Tag,false,1,Will Levis
insert-donruss-threads,39,NFL Shield Laundry Tag,false,1,Will Levis
insert-donruss-threads,40,,false,,Brian Robinson Jr.
insert-donruss-threads,40,Prime,false,25,Brian Robinson Jr.
insert-donruss-threads,40,Brand Logo Laundry Tag,false,1,Brian Robinson Jr.
insert-donruss-threads,40,NFL Player's Laundry Tag,false,1,Brian Robinson Jr.
insert-donruss-threads,40,NFL Shield Laundry Tag,false,1,Brian Robinson Jr.
insert-jersey-kings,1,,false,,Dak Prescott
insert-jersey-kings,1,Studio Series,false,100,Dak Prescott
insert-jersey-kings,2,,false,,Bobby Okereke
insert-jersey-kings,2,Studio Series,false,100,Bobby Okereke
insert-jersey-kings,3,,false,,Jalen Hurts
insert-jersey-kings,3,Studio Series,false,100,Jalen Hurts
insert-jersey-kings,4,,false,,Terry McLaurin
insert-jersey-kings,4,Studio Series,false,100,Terry McLaurin
insert-jersey-kings,5,,false,,James Cook
insert-jersey-kings,5,Studio Series,false,100,James Cook
insert-jersey-kings,6,,false,,Jaylen Waddle
insert-jersey-kings,6,Studio Series,false,100,Jaylen Waddle
insert-jersey-kings,7,,false,,Rhamondre Stevenson
insert-jersey-kings,7,Studio Series,false,100,Rhamondre Stevenson
insert-jersey-kings,8,,false,,Garrett Wilson
insert-jersey-kings,8,Studio Series,false,100,Garrett Wilson
insert-jersey-kings,9,,false,,Nnamdi Madubuike
insert-jersey-kings,9,Studio Series,false,100,Nnamdi Madubuike
insert-jersey-kings,10,,false,,Tee Higgins
insert-jersey-kings,10,Studio Series,false,100,Tee Higgins
insert-jersey-kings,11,,false,,Jerome Ford
insert-jersey-kings,11,Studio Series,false,100,Jerome Ford
insert-jersey-kings,12,,false,,George Pickens
insert-jersey-kings,12,Studio Series,false,100,George Pickens
insert-jersey-kings,13,,false,,DJ Moore
insert-jersey-kings,13,Studio Series,false,100,DJ Moore
insert-jersey-kings,14,,false,,Sam LaPorta
insert-jersey-kings,14,Studio Series,false,100,Sam LaPorta
insert-jersey-kings,15,,false,,Jayden Reed
insert-jersey-kings,15,Studio Series,false,100,Jayden Reed
insert-jersey-kings,16,,false,,Aaron Jones
insert-jersey-kings,16,Studio Series,false,100,Aaron Jones
insert-jersey-kings,17,,false,,Bijan Robinson
insert-jersey-kings,17,Studio Series,false,100,Bijan Robinson
insert-jersey-kings,18,,false,,Chris Olave
insert-jersey-kings,18,Studio Series,false,100,Chris Olave
insert-jersey-kings,19,,false,,Baker Mayfield
insert-jersey-kings,19,Studio Series,false,100,Baker Mayfield
insert-jersey-kings,20,,false,,Nico Collins
insert-jersey-kings,20,Studio Series,false,100,Nico Collins
insert-jersey-kings,21,,false,,Jonathan Taylor
insert-jersey-kings,21,Studio Series,false,100,Jonathan Taylor
insert-jersey-kings,22,,false,,Josh Hines-Allen
insert-jersey-kings,22,Studio Series,false,100,Josh Hines-Allen
insert-jersey-kings,23,,false,,Will Levis
insert-jersey-kings,23,Studio Series,false,100,Will Levis
insert-jersey-kings,24,,false,,Courtland Sutton
insert-jersey-kings,24,Studio Series,false,100,Courtland Sutton
insert-jersey-kings,25,,false,,Maxx Crosby
insert-jersey-kings,25,Studio Series,false,100,Maxx Crosby
insert-jersey-kings,26,,false,,Kirk Cousins
insert-jersey-kings,26,Studio Series,false,100,Kirk Cousins
insert-jersey-kings,27,,false,,Kyler Murray
insert-jersey-kings,27,Studio Series,false,100,Kyler Murray
insert-jersey-kings,28,,false,,Puka Nacua
insert-jersey-kings,28,Studio Series,false,100,Puka Nacua
insert-jersey-kings,29,,false,,Deebo Samuel
insert-jersey-kings,29,Studio Series,false,100,Deebo Samuel
insert-jersey-kings,30,,false,,DK Metcalf
insert-jersey-kings,30,Studio Series,false,100,DK Metcalf
insert-leather-kings,1,,false,,Jonathon Brooks
insert-leather-kings,1,Studio Series,false,49,Jonathon Brooks
insert-leather-kings,2,,false,,Spencer Rattler
insert-leather-kings,2,Studio Series,false,49,Spencer Rattler
insert-leather-kings,3,,false,,Jordan Travis
insert-leather-kings,3,Studio Series,false,49,Jordan Travis
insert-leather-kings,4,,false,,MarShawn Lloyd
insert-leather-kings,4,Studio Series,false,49,MarShawn Lloyd
insert-leather-kings,5,,false,,Ray Davis
insert-leather-kings,5,Studio Series,false,49,Ray Davis
insert-leather-kings,6,,false,,Adonai Mitchell
insert-leather-kings,6,Studio Series,false,49,Adonai Mitchell
insert-leather-kings,7,,false,,Dallas Turner
insert-leather-kings,7,Studio Series,false,49,Dallas Turner
insert-leather-kings,8,,false,,Will Shipley
insert-leather-kings,8,Studio Series,false,49,Will Shipley
insert-leather-kings,9,,false,,Jalen McMillan
insert-leather-kings,9,Studio Series,false,49,Jalen McMillan
insert-leather-kings,10,,false,,Audric Estime
insert-leather-kings,10,Studio Series,false,49,Audric Estime
insert-passing-the-torch-jerseys,1,,false,,Michael Vick / Kirk Cousins
insert-passing-the-torch-jerseys,1,Prime,false,49,Michael Vick / Kirk Cousins
insert-passing-the-torch-jerseys,2,,false,,Joe Flacco / Lamar Jackson
insert-passing-the-torch-jerseys,2,Prime,false,49,Joe Flacco / Lamar Jackson
insert-passing-the-torch-jerseys,3,,false,,Andre Johnson / Tank Dell
insert-passing-the-torch-jerseys,3,Prime,false,49,Andre Johnson / Tank Dell
insert-passing-the-torch-jerseys,4,,false,,Roger Staubach / Dak Prescott
insert-passing-the-torch-jerseys,4,Prime,false,49,Roger Staubach / Dak Prescott
insert-passing-the-torch-jerseys,5,,false,,Randall Cunningham / Jalen Hurts
insert-passing-the-torch-jerseys,5,Prime,false,49,Randall Cunningham / Jalen Hurts
insert-passing-the-torch-jerseys,6,,false,,Thurman Thomas / James Cook
insert-passing-the-torch-jerseys,6,Prime,false,49,Thurman Thomas / James Cook
insert-passing-the-torch-jerseys,7,,false,,Hines Ward / George Pickens
insert-passing-the-torch-jerseys,7,Prime,false,49,Hines Ward / George Pickens
insert-passing-the-torch-jerseys,8,,false,,Chad Johnson / Ja'Marr Chase
insert-passing-the-torch-jerseys,8,Prime,false,49,Chad Johnson / Ja'Marr Chase
insert-passing-the-torch-jerseys,9,,false,,Keyshawn Johnson / Mike Evans
insert-passing-the-torch-jerseys,9,Prime,false,49,Keyshawn Johnson / Mike Evans
insert-passing-the-torch-jerseys,10,,false,,Marques Colston / Chris Olave
insert-passing-the-torch-jerseys,10,Prime,false,49,Marques Colston / Chris Olave
insert-passing-the-torch-jerseys,11,,false,,Michael Strahan / Brian Burns
insert-passing-the-torch-jerseys,11,Prime,false,49,Michael Strahan / Brian Burns
insert-passing-the-torch-jerseys,12,,false,,Torry Holt / Puka Nacua
insert-passing-the-torch-jerseys,12,Prime,false,49,Torry Holt / Puka Nacua
insert-passing-the-torch-jerseys,13,,false,,Joe Montana / Brock Purdy
insert-passing-the-torch-jerseys,13,Prime,false,49,Joe Montana / Brock Purdy
insert-passing-the-torch-jerseys,14,,false,,Ricky Williams / De'Von Achane
insert-passing-the-torch-jerseys,14,Prime,false,49,Ricky Williams / De'Von Achane
insert-passing-the-torch-jerseys,15,,false,,Chris Johnson / Tyjae Spears
insert-passing-the-torch-jerseys,15,Prime,false,49,Chris Johnson / Tyjae Spears
insert-passing-the-torch-jerseys,16,,false,,Barry Sanders / Jahmyr Gibbs
insert-passing-the-torch-jerseys,16,Prime,false,49,Barry Sanders / Jahmyr Gibbs
insert-passing-the-torch-jerseys,17,,false,,Brett Favre / Jordan Love
insert-passing-the-torch-jerseys,17,Prime,false,49,Brett Favre / Jordan Love
insert-passing-the-torch-jerseys,18,,false,,Al Toon / Garrett Wilson
insert-passing-the-torch-jerseys,18,Prime,false,49,Al Toon / Garrett Wilson
insert-passing-the-torch-jerseys,19,,false,,Jim McMahon / Tyson Bagent
insert-passing-the-torch-jerseys,19,Prime,false,49,Jim McMahon / Tyson Bagent
insert-passing-the-torch-jerseys,20,,false,,Mark Brunell / Trevor Lawrence
insert-passing-the-torch-jerseys,20,Prime,false,49,Mark Brunell / Trevor Lawrence
insert-rookie-holiday-sweater,1,,false,,Marvin Harrison Jr.
insert-rookie-holiday-sweater,1,Shield,false,1,Marvin Harrison Jr.
insert-rookie-holiday-sweater,2,,false,,Trey Benson
insert-rookie-holiday-sweater,2,Shield,false,1,Trey Benson
insert-rookie-holiday-sweater,3,,false,,Michael Penix Jr.
insert-rookie-holiday-sweater,3,Shield,false,1,Michael Penix Jr.
insert-rookie-holiday-sweater,4,,false,,Devin Leary
insert-rookie-holiday-sweater,4,Shield,false,1,Devin Leary
insert-rookie-holiday-sweater,5,,false,,Keon Coleman
insert-rookie-holiday-sweater,5,Shield,false,1,Keon Coleman
insert-rookie-holiday-sweater,6,,false,,Ray Davis
insert-rookie-holiday-sweater,6,Shield,false,1,Ray Davis
insert-rookie-holiday-sweater,7,,false,,Jonathon Brooks
insert-rookie-holiday-sweater,7,Shield,false,1,Jonathon Brooks
insert-rookie-holiday-sweater,8,,false,,Xavier Legette
insert-rookie-holiday-sweater,8,Shield,false,1,Xavier Legette
insert-rookie-holiday-sweater,9,,false,,Rome Odunze
insert-rookie-holiday-sweater,9,Shield,false,1,Rome Odunze
insert-rookie-holiday-sweater,10,,false,,Luke McCaffrey
insert-rookie-holiday-sweater,10,Shield,false,1,Luke McCaffrey
insert-rookie-holiday-sweater,11,,false,,Jermaine Burton
insert-rookie-holiday-sweater,11,Shield,false,1,Jermaine Burton
insert-rookie-holiday-sweater,12,,false,,Troy Franklin
insert-rookie-holiday-sweater,12,Shield,false,1,Troy Franklin
insert-rookie-holiday-sweater,13,,false,,Audric Estime
insert-rookie-holiday-sweater,13,Shield,false,1,Audric Estime
insert-rookie-holiday-sweater,14,,false,,Bo Nix
insert-rookie-holiday-sweater,14,Shield,false,1,Bo Nix
insert-rookie-holiday-sweater,15,,false,,MarShawn Lloyd
insert-rookie-holiday-sweater,15,Shield,false,1,MarShawn Lloyd
insert-rookie-holiday-sweater,16,,false,,Michael Pratt
insert-rookie-holiday-sweater,16,Shield,false,1,Michael Pratt
insert-rookie-holiday-sweater,17,,false,,Cade Stover
insert-rookie-holiday-sweater,17,Shield,false,1,Cade Stover
insert-rookie-holiday-sweater,18,,false,,Adonai Mitchell
insert-rookie-holiday-sweater,18,Shield,false,1,Adonai Mitchell
insert-rookie-holiday-sweater,19,,false,,Laiatu Latu
insert-rookie-holiday-sweater,19,Shield,false,1,Laiatu Latu
insert-rookie-holiday-sweater,20,,false,,Brian Thomas Jr.
insert-rookie-holiday-sweater,20,Shield,false,1,Brian Thomas Jr.
insert-rookie-holiday-sweater,21,,false,,Xavier Worthy
insert-rookie-holiday-sweater,21,Shield,false,1,Xavier Worthy
insert-rookie-holiday-sweater,22,,false,,Brock Bowers
insert-rookie-holiday-sweater,22,Shield,false,1,Brock Bowers
insert-rookie-holiday-sweater,23,,false,,Ladd McConkey
insert-rookie-holiday-sweater,23,Shield,false,1,Ladd McConkey
insert-rookie-holiday-sweater,24,,false,,Brenden Rice
insert-rookie-holiday-sweater,24,Shield,false,1,Brenden Rice
insert-rookie-holiday-sweater,25,,false,,Blake Corum
insert-rookie-holiday-sweater,25,Shield,false,1,Blake Corum
insert-rookie-holiday-sweater,26,,false,,Jaylen Wright
insert-rookie-holiday-sweater,26,Shield,false,1,Jaylen Wright
insert-rookie-holiday-sweater,27,,false,,J.J. McCarthy
insert-rookie-holiday-sweater,27,Shield,false,1,J.J. McCarthy
insert-rookie-holiday-sweater,28,,false,,Dallas Turner
insert-rookie-holiday-sweater,28,Shield,false,1,Dallas Turner
insert-rookie-holiday-sweater,29,,false,,Joe Milton III
insert-rookie-holiday-sweater,29,Shield,false,1,Joe Milton III
insert-rookie-holiday-sweater,30,,false,,Drake Maye
insert-rookie-holiday-sweater,30,Shield,false,1,Drake Maye
insert-rookie-holiday-sweater,31,,false,,Ja'Lynn Polk
insert-rookie-holiday-sweater,31,Shield,false,1,Ja'Lynn Polk
insert-rookie-holiday-sweater,32,,false,,Spencer Rattler
insert-rookie-holiday-sweater,32,Shield,false,1,Spencer Rattler
insert-rookie-holiday-sweater,33,,false,,Malik Nabers
insert-rookie-holiday-sweater,33,Shield,false,1,Malik Nabers
insert-rookie-holiday-sweater,34,,false,,Braelon Allen
insert-rookie-holiday-sweater,34,Shield,false,1,Braelon Allen
insert-rookie-holiday-sweater,35,,false,,Malachi Corley
insert-rookie-holiday-sweater,35,Shield,false,1,Malachi Corley
insert-rookie-holiday-sweater,36,,false,,Roman Wilson
insert-rookie-holiday-sweater,36,Shield,false,1,Roman Wilson
insert-rookie-holiday-sweater,37,,false,,Isaac Guerendo
insert-rookie-holiday-sweater,37,Shield,false,1,Isaac Guerendo
insert-rookie-holiday-sweater,38,,false,,Ricky Pearsall
insert-rookie-holiday-sweater,38,Shield,false,1,Ricky Pearsall
insert-rookie-holiday-sweater,39,,false,,Bucky Irving
insert-rookie-holiday-sweater,39,Shield,false,1,Bucky Irving
insert-rookie-holiday-sweater,40,,false,,Jalen McMillan
insert-rookie-holiday-sweater,40,Shield,false,1,Jalen McMillan
insert-rookie-holiday-sweater,41,,false,,Jayden Daniels
insert-rookie-holiday-sweater,41,Shield,false,1,Jayden Daniels
insert-rookie-holiday-sweater,42,,false,,Ben Sinnott
insert-rookie-holiday-sweater,42,Shield,false,1,Ben Sinnott
insert-rookie-holiday-sweater,1,Dual,false,,Drake Maye / Javon Baker
insert-rookie-holiday-sweater,2,Dual,false,,Johnny Wilson / Will Shipley
insert-rookie-holiday-sweater,3,Dual,false,,Adonai Mitchell / Anthony Gould
insert-rookie-holiday-sweater,4,Dual,false,,Dallas Turner / J.J. McCarthy
insert-rookie-holiday-sweater,5,Dual,false,,Jayden Daniels / Luke McCaffrey
insert-rookie-holiday-sweater,6,Dual,false,,Jacob Cowing / Ricky Pearsall
insert-rookie-holiday-sweater,7,Dual,false,,Jordan Travis / Malachi Corley
insert-rookie-holiday-sweater,8,Dual,false,,Ja'Tavion Sanders / Xavier Legette
insert-rookie-phenom-jerseys,1,,false,,Trey Benson
insert-rookie-phenom-jerseys,1,Prime,false,25,Trey Benson
insert-rookie-phenom-jerseys,1,Brand Logo Laundry Tag,false,1,Trey Benson
insert-rookie-phenom-jerseys,1,NFL Player's Laundry Tag,false,1,Trey Benson
insert-rookie-phenom-jerseys,1,NFL Shield Laundry Tag,false,1,Trey Benson
insert-rookie-phenom-jerseys,2,,false,,Marvin Harrison Jr.
insert-rookie-phenom-jerseys,2,Prime,false,25,Marvin Harrison Jr.
insert-rookie-phenom-jerseys,2,Brand Logo Laundry Tag,false,1,Marvin Harrison Jr.
insert-rookie-phenom-jerseys,2,NFL Player's Laundry Tag,false,1,Marvin Harrison Jr.
insert-rookie-phenom-jerseys,2,NFL Shield Laundry Tag,false,1,Marvin Harrison Jr.
insert-rookie-phenom-jerseys,3,,false,,Michael Penix Jr.
insert-rookie-phenom-jerseys,3,Prime,false,25,Michael Penix Jr.
insert-rookie-phenom-jerseys,3,Brand Logo Laundry Tag,false,1,Michael Penix Jr.
insert-rookie-phenom-jerseys,3,NFL Player's Laundry Tag,false,1,Michael Penix Jr.
insert-rookie-phenom-jerseys,3,NFL Shield Laundry Tag,false,1,Michael Penix Jr.
insert-rookie-phenom-jerseys,4,,false,,Nate Wiggins
insert-rookie-phenom-jerseys,4,Prime,false,25,Nate Wiggins
insert-rookie-phenom-jerseys,4,Brand Logo Laundry Tag,false,1,Nate Wiggins
insert-rookie-phenom-jerseys,4,NFL Player's Laundry Tag,false,1,Nate Wiggins
insert-rookie-phenom-jerseys,4,NFL Shield Laundry Tag,false,1,Nate Wiggins
insert-rookie-phenom-jerseys,5,,false,,Ray Davis
insert-rookie-phenom-jerseys,5,Prime,false,25,Ray Davis
insert-rookie-phenom-jerseys,5,Brand Logo Laundry Tag,false,1,Ray Davis
insert-rookie-phenom-jerseys,5,NFL Player's Laundry Tag,false,1,Ray Davis
insert-rookie-phenom-jerseys,5,NFL Shield Laundry Tag,false,1,Ray Davis
insert-rookie-phenom-jerseys,6,,false,,Ja'Tavion Sanders
insert-rookie-phenom-jerseys,6,Prime,false,25,Ja'Tavion Sanders
insert-rookie-phenom-jerseys,6,Brand Logo Laundry Tag,false,1,Ja'Tavion Sanders
insert-rookie-phenom-jerseys,6,NFL Player's Laundry Tag,false,1,Ja'Tavion Sanders
insert-rookie-phenom-jerseys,6,NFL Shield Laundry Tag,false,1,Ja'Tavion Sanders
insert-rookie-phenom-jerseys,7,,false,,Xavier Legette
insert-rookie-phenom-jerseys,7,Prime,false,25,Xavier Legette
insert-rookie-phenom-jerseys,7,Brand Logo Laundry Tag,false,1,Xavier Legette
insert-rookie-phenom-jerseys,7,NFL Player's Laundry Tag,false,1,Xavier Legette
insert-rookie-phenom-jerseys,7,NFL Shield Laundry Tag,false,1,Xavier Legette
insert-rookie-phenom-jerseys,8,,false,,Jonathon Brooks
insert-rookie-phenom-jerseys,8,Prime,false,25,Jonathon Brooks
insert-rookie-phenom-jerseys,8,Brand Logo Laundry Tag,false,1,Jonathon Brooks
insert-rookie-phenom-jerseys,8,NFL Player's Laundry Tag,false,1,Jonathon Brooks
insert-rookie-phenom-jerseys,8,NFL Shield Laundry Tag,false,1,Jonathon Brooks
insert-rookie-phenom-jerseys,9,,false,,Rome Odunze
insert-rookie-phenom-jerseys,9,Prime,false,25,Rome Odunze
insert-rookie-phenom-jerseys,9,Brand Logo Laundry Tag,false,1,Rome Odunze
insert-rookie-phenom-jerseys,9,NFL Player's Laundry Tag,false,1,Rome Odunze
insert-rookie-phenom-jerseys,9,NFL Shield Laundry Tag,false,1,Rome Odunze
insert-rookie-phenom-jerseys,10,,false,,Troy Franklin
insert-rookie-phenom-jerseys,10,Prime,false,25,Troy Franklin
insert-rookie-phenom-jerseys,10,Brand Logo Laundry Tag,false,1,Troy Franklin
insert-rookie-phenom-jerseys,10,NFL Player's Laundry Tag,false,1,Troy Franklin
insert-rookie-phenom-jerseys,10,NFL Shield Laundry Tag,false,1,Troy Franklin
insert-rookie-phenom-jerseys,11,,false,,Jermaine Burton
insert-rookie-phenom-jerseys,11,Prime,false,25,Jermaine Burton
insert-rookie-phenom-jerseys,11,Brand Logo Laundry Tag,false,1,Jermaine Burton
insert-rookie-phenom-jerseys,11,NFL Player's Laundry Tag,false,1,Jermaine Burton
insert-rookie-phenom-jerseys,11,NFL Shield Laundry Tag,false,1,Jermaine Burton
insert-rookie-phenom-jerseys,12,,false,,Bo Nix
insert-rookie-phenom-jerseys,12,Prime,false,25,Bo Nix
insert-rookie-phenom-jerseys,12,Brand Logo Laundry Tag,false,1,Bo Nix
insert-rookie-phenom-jerseys,12,NFL Player's Laundry Tag,false,1,Bo Nix
insert-rookie-phenom-jerseys,12,NFL Shield Laundry Tag,false,1,Bo Nix
insert-rookie-phenom-jerseys,13,,false,,Audric Estime
insert-rookie-phenom-jerseys,13,Prime,false,25,Audric Estime
insert-rookie-phenom-jerseys,13,Brand Logo Laundry Tag,false,1,Audric Estime
insert-rookie-phenom-jerseys,13,NFL Player's Laundry Tag,false,1,Audric Estime
insert-rookie-phenom-jerseys,13,NFL Shield Laundry Tag,false,1,Audric Estime
insert-rookie-phenom-jerseys,14,,false,,Terrion Arnold
insert-rookie-phenom-jerseys,14,Prime,false,25,Terrion Arnold
insert-rookie-phenom-jerseys,14,Brand Logo Laundry Tag,false,1,Terrion Arnold
insert-rookie-phenom-jerseys,14,NFL Player's Laundry Tag,false,1,Terrion Arnold
insert-rookie-phenom-jerseys,14,NFL Shield Laundry Tag,false,1,Terrion Arnold
insert-rookie-phenom-jerseys,15,,false,,MarShawn Lloyd
insert-rookie-phenom-jerseys,15,Prime,false,25,MarShawn Lloyd
insert-rookie-phenom-jerseys,15,Brand Logo Laundry Tag,false,1,MarShawn Lloyd
insert-rookie-phenom-jerseys,15,NFL Player's Laundry Tag,false,1,MarShawn Lloyd
insert-rookie-phenom-jerseys,15,NFL Shield Laundry Tag,false,1,MarShawn Lloyd
insert-rookie-phenom-jerseys,16,,false,,Laiatu Latu
insert-rookie-phenom-jerseys,16,Prime,false,25,Laiatu Latu
insert-rookie-phenom-jerseys,16,Brand Logo Laundry Tag,false,1,Laiatu Latu
insert-rookie-phenom-jerseys,16,NFL Player's Laundry Tag,false,1,Laiatu Latu
insert-rookie-phenom-jerseys,16,NFL Shield Laundry Tag,false,1,Laiatu Latu
insert-rookie-phenom-jerseys,17,,false,,Adonai Mitchell
insert-rookie-phenom-jerseys,17,Prime,false,25,Adonai Mitchell
insert-rookie-phenom-jerseys,17,Brand Logo Laundry Tag,false,1,Adonai Mitchell
insert-rookie-phenom-jerseys,17,NFL Player's Laundry Tag,false,1,Adonai Mitchell
insert-rookie-phenom-jerseys,17,NFL Shield Laundry Tag,false,1,Adonai Mitchell
insert-rookie-phenom-jerseys,18,,false,,Brian Thomas Jr.
insert-rookie-phenom-jerseys,18,Prime,false,25,Brian Thomas Jr.
insert-rookie-phenom-jerseys,18,Brand Logo Laundry Tag,false,1,Brian Thomas Jr.
insert-rookie-phenom-jerseys,18,NFL Player's Laundry Tag,false,1,Brian Thomas Jr.
insert-rookie-phenom-jerseys,18,NFL Shield Laundry Tag,false,1,Brian Thomas Jr.
insert-rookie-phenom-jerseys,19,,false,,Xavier Worthy
insert-rookie-phenom-jerseys,19,Prime,false,25,Xavier Worthy
insert-rookie-phenom-jerseys,19,Brand Logo Laundry Tag,false,1,Xavier Worthy
insert-rookie-phenom-jerseys,19,NFL Player's Laundry Tag,false,1,Xavier Worthy
insert-rookie-phenom-jerseys,19,NFL Shield Laundry Tag,false,1,Xavier Worthy
insert-rookie-phenom-jerseys,20,,false,,Brock Bowers
insert-rookie-phenom-jerseys,20,Prime,false,25,Brock Bowers
insert-rookie-phenom-jerseys,20,Brand Logo Laundry Tag,false,1,Brock Bowers
insert-rookie-phenom-jerseys,20,NFL Player's Laundry Tag,false,1,Brock Bowers
insert-rookie-phenom-jerseys,20,NFL Shield Laundry Tag,false,1,Brock Bowers
insert-rookie-phenom-jerseys,21,,false,,Brenden Rice
insert-rookie-phenom-jerseys,21,Prime,false,25,Brenden Rice
insert-rookie-phenom-jerseys,21,Brand Logo Laundry Tag,false,1,Brenden Rice
insert-rookie-phenom-jerseys,21,NFL Player's Laundry Tag,false,1,Brenden Rice
insert-rookie-phenom-jerseys,21,NFL Shield Laundry Tag,false,1,Brenden Rice
insert-rookie-phenom-jerseys,22,,false,,Jaylen Wright
insert-rookie-phenom-jerseys,22,Prime,false,25,Jaylen Wright
insert-rookie-phenom-jerseys,22,Brand Logo Laundry Tag,false,1,Jaylen Wright
insert-rookie-phenom-jerseys,22,NFL Player's Laundry Tag,false,1,Jaylen Wright
insert-rookie-phenom-jerseys,22,NFL Shield Laundry Tag,false,1,Jaylen Wright
insert-rookie-phenom-jerseys,23,,false,,Dallas Turner
insert-rookie-phenom-jerseys,23,Prime,false,25,Dallas Turner
insert-rookie-phenom-jerseys,23,Brand Logo Laundry Tag,false,1,Dallas Turner
insert-rookie-phenom-jerseys,23,NFL Player's Laundry Tag,false,1,Dallas Turner
insert-rookie-phenom-jerseys,23,NFL Shield Laundry Tag,false,1,Dallas Turner
insert-rookie-phenom-jerseys,24,,false,,J.J. McCarthy
insert-rookie-phenom-jerseys,24,Prime,false,25,J.J. McCarthy
insert-rookie-phenom-jerseys,24,Brand Logo Laundry Tag,false,1,J.J. McCarthy
insert-rookie-phenom-jerseys,24,NFL Player's Laundry Tag,false,1,J.J. McCarthy
insert-rookie-phenom-jerseys,24,NFL Shield Laundry Tag,false,1,J.J. McCarthy
insert-rookie-phenom-jerseys,25,,false,,Drake Maye
insert-rookie-phenom-jerseys,25,Prime,false,25,Drake Maye
insert-rookie-phenom-jerseys,25,Brand Logo Laundry Tag,false,1,Drake Maye
insert-rookie-phenom-jerseys,25,NFL Player's Laundry Tag,false,1,Drake Maye
insert-rookie-phenom-jerseys,25,NFL Shield Laundry Tag,false,1,Drake Maye
insert-rookie-phenom-jerseys,26,,false,,Ja'Lynn Polk
insert-rookie-phenom-jerseys,26,Prime,false,25,Ja'Lynn Polk
insert-rookie-phenom-jerseys,26,Brand Logo Laundry Tag,false,1,Ja'Lynn Polk
insert-rookie-phenom-jerseys,26,NFL Player's Laundry Tag,false,1,Ja'Lynn Polk
insert-rookie-phenom-jerseys,26,NFL Shield Laundry Tag,false,1,Ja'Lynn Polk
insert-rookie-phenom-jerseys,27,,false,,Javon Baker
insert-rookie-phenom-jerseys,27,Prime,false,25,Javon Baker
insert-rookie-phenom-jerseys,27,Brand Logo Laundry Tag,false,1,Javon Baker
insert-rookie-phenom-jerseys,27,NFL Player's Laundry Tag,false,1,Javon Baker
insert-rookie-phenom-jerseys,27,NFL Shield Laundry Tag,false,1,Javon Baker
insert-rookie-phenom-jerseys,28,,false,,Spencer Rattler
insert-rookie-phenom-jerseys,28,Prime,false,25,Spencer Rattler
insert-rookie-phenom-jerseys,28,Brand Logo Laundry Tag,false,1,Spencer Rattler
insert-rookie-phenom-jerseys,28,NFL Player's Laundry Tag,false,1,Spencer Rattler
insert-rookie-phenom-jerseys,28,NFL Shield Laundry Tag,false,1,Spencer Rattler
insert-rookie-phenom-jerseys,29,,false,,Malik Nabers
insert-rookie-phenom-jerseys,29,Prime,false,25,Malik Nabers
insert-rookie-phenom-jerseys,29,Brand Logo Laundry Tag,false,1,Malik Nabers
insert-rookie-phenom-jerseys,29,NFL Player's Laundry Tag,false,1,Malik Nabers
insert-rookie-phenom-jerseys,29,NFL Shield Laundry Tag,false,1,Malik Nabers
insert-rookie-phenom-jerseys,30,,false,,Malachi Corley
insert-rookie-phenom-jerseys,30,Prime,false,25,Malachi Corley
insert-rookie-phenom-jerseys,30,Brand Logo Laundry Tag,false,1,Malachi Corley
insert-rookie-phenom-jerseys,30,NFL Player's Laundry Tag,false,1,Malachi Corley
insert-rookie-phenom-jerseys,30,NFL Shield Laundry Tag,false,1,Malachi Corley
insert-rookie-phenom-jerseys,31,,false,,Braelon Allen
insert-rookie-phenom-jerseys,31,Prime,false,25,Braelon Allen
insert-rookie-phenom-jerseys,31,Brand Logo Laundry Tag,false,1,Braelon Allen
insert-rookie-phenom-jerseys,31,NFL Player's Laundry Tag,false,1,Braelon Allen
insert-rookie-phenom-jerseys,31,NFL Shield Laundry Tag,false,1,Braelon Allen
insert-rookie-phenom-jerseys,32,,false,,Quinyon Mitchell
insert-rookie-phenom-jerseys,32,Prime,false,25,Quinyon Mitchell
insert-rookie-phenom-jerseys,32,Brand Logo Laundry Tag,false,1,Quinyon Mitchell
insert-rookie-phenom-jerseys,32,NFL Player's Laundry Tag,false,1,Quinyon Mitchell
insert-rookie-phenom-jerseys,32,NFL Shield Laundry Tag,false,1,Quinyon Mitchell
insert-rookie-phenom-jerseys,33,,false,,Will Shipley
insert-rookie-phenom-jerseys,33,Prime,false,25,Will Shipley
insert-rookie-phenom-jerseys,33,Brand Logo Laundry Tag,false,1,Will Shipley
insert-rookie-phenom-jerseys,33,NFL Player's Laundry Tag,false,1,Will Shipley
insert-rookie-phenom-jerseys,33,NFL Shield Laundry Tag,false,1,Will Shipley
insert-rookie-phenom-jerseys,34,,false,,Jeremiah Trotter Jr.
insert-rookie-phenom-jerseys,34,Prime,false,25,Jeremiah Trotter Jr.
insert-rookie-phenom-jerseys,34,Brand Logo Laundry Tag,false,1,Jeremiah Trotter Jr.
insert-rookie-phenom-jerseys,34,NFL Player's Laundry Tag,false,1,Jeremiah Trotter Jr.
insert-rookie-phenom-jerseys,34,NFL Shield Laundry Tag,false,1,Jeremiah Trotter Jr.
insert-rookie-phenom-jerseys,35,,false,,Cooper DeJean
insert-rookie-phenom-jerseys,35,Prime,false,25,Cooper DeJean
insert-rookie-phenom-jerseys,35,Brand Logo Laundry Tag,false,1,Cooper DeJean
insert-rookie-phenom-jerseys,35,NFL Player's Laundry Tag,false,1,Cooper DeJean
insert-rookie-phenom-jerseys,35,NFL Shield Laundry Tag,false,1,Cooper DeJean
insert-rookie-phenom-jerseys,36,,false,,Roman Wilson
insert-rookie-phenom-jerseys,36,Prime,false,25,Roman Wilson
insert-rookie-phenom-jerseys,36,Brand Logo Laundry Tag,false,1,Roman Wilson
insert-rookie-phenom-jerseys,36,NFL Player's Laundry Tag,false,1,Roman Wilson
insert-rookie-phenom-jerseys,36,NFL Shield Laundry Tag,false,1,Roman Wilson
insert-rookie-phenom-jerseys,37,,false,,Isaac Guerendo
insert-rookie-phenom-jerseys,37,Prime,false,25,Isaac Guerendo
insert-rookie-phenom-jerseys,37,Brand Logo Laundry Tag,false,1,Isaac Guerendo
insert-rookie-phenom-jerseys,37,NFL Player's Laundry Tag,false,1,Isaac Guerendo
insert-rookie-phenom-jerseys,37,NFL Shield Laundry Tag,false,1,Isaac Guerendo
insert-rookie-phenom-jerseys,38,,false,,Ricky Pearsall
insert-rookie-phenom-jerseys,38,Prime,false,25,Ricky Pearsall
insert-rookie-phenom-jerseys,38,Brand Logo Laundry Tag,false,1,Ricky Pearsall
insert-rookie-phenom-jerseys,38,NFL Player's Laundry Tag,false,1,Ricky Pearsall
insert-rookie-phenom-jerseys,38,NFL Shield Laundry Tag,false,1,Ricky Pearsall
insert-rookie-phenom-jerseys,39,,false,,Jalen McMillan
insert-rookie-phenom-jerseys,39,Prime,false,25,Jalen McMillan
insert-rookie-phenom-jerseys,39,Brand Logo Laundry Tag,false,1,Jalen McMillan
insert-rookie-phenom-jerseys,39,NFL Player's Laundry Tag,false,1,Jalen McMillan
insert-rookie-phenom-jerseys,39,NFL Shield Laundry Tag,false,1,Jalen McMillan
insert-rookie-phenom-jerseys,40,,false,,Jayden Daniels
insert-rookie-phenom-jerseys,40,Prime,false,25,Jayden Daniels
insert-rookie-phenom-jerseys,40,Brand Logo Laundry Tag,false,1,Jayden Daniels
insert-rookie-phenom-jerseys,40,NFL Player's Laundry Tag,false,1,Jayden Daniels
insert-rookie-phenom-jerseys,40,NFL Shield Laundry Tag,false,1,Jayden Daniels
insert-action-all-pros,1,,false,,Preston Smith
insert-action-all-pros,2,,false,,George Pickens
insert-action-all-pros,3,,false,,Jared Goff
insert-action-all-pros,4,,false,,Kyren Williams
insert-action-all-pros,5,,false,,Courtland Sutton
insert-action-all-pros,6,,false,,Brandon Graham
insert-action-all-pros,7,,false,,Lavonte David
insert-action-all-pros,8,,false,,Raheem Mostert
insert-action-all-pros,9,,false,,Justin Tucker
insert-action-all-pros,10,,false,,Breece Hall
insert-action-all-pros,11,,false,,Chris Olave
insert-action-all-pros,12,,false,,Alex Highsmith
insert-action-all-pros,13,,false,,Jordan Addison
insert-action-all-pros,14,,false,,Tyrique Stevenson
insert-action-all-pros,15,,false,,Amari Cooper
insert-action-all-pros,16,,false,,Drake London
insert-action-all-pros,17,,false,,Talanoa Hufanga
insert-action-all-pros,18,,false,,James Cook
insert-action-all-pros,19,,false,,Micah Parsons
insert-action-all-pros,20,,false,,Jaxon Smith-Njigba
insert-all-time-gridiron-kings,1,,false,,Peyton Manning
insert-all-time-gridiron-kings,1,Studio Series,false,100,Peyton Manning
insert-all-time-gridiron-kings,2,,false,,Marshall Faulk
insert-all-time-gridiron-kings,2,Studio Series,false,100,Marshall Faulk
insert-all-time-gridiron-kings,3,,false,,Brian Urlacher
insert-all-time-gridiron-kings,3,Studio Series,false,100,Brian Urlacher
insert-all-time-gridiron-kings,4,,false,,Joe Greene
insert-all-time-gridiron-kings,4,Studio Series,false,100,Joe Greene
insert-all-time-gridiron-kings,5,,false,,Eddie George
insert-all-time-gridiron-kings,5,Studio Series,false,100,Eddie George
insert-all-time-gridiron-kings,6,,false,,Thurman Thomas
insert-all-time-gridiron-kings,6,Studio Series,false,100,Thurman Thomas
insert-all-time-gridiron-kings,7,,false,,Luke Kuechly
insert-all-time-gridiron-kings,7,Studio Series,false,100,Luke Kuechly
insert-all-time-gridiron-kings,8,,false,,Tony Romo
insert-all-time-gridiron-kings,8,Studio Series,false,100,Tony Romo
insert-all-time-gridiron-kings,9,,false,,Clay Matthews Jr.
insert-all-time-gridiron-kings,9,Studio Series,false,100,Clay Matthews Jr.
insert-all-time-gridiron-kings,10,,false,,Howie Long
insert-all-time-gridiron-kings,10,Studio Series,false,100,Howie Long
insert-all-time-gridiron-kings,11,,false,,Antonio Gates
insert-all-time-gridiron-kings,11,Studio Series,false,100,Antonio Gates
insert-all-time-gridiron-kings,12,,false,,Adrian Peterson
insert-all-time-gridiron-kings,12,Studio Series,false,100,Adrian Peterson
insert-all-time-gridiron-kings,13,,false,,Wes Welker
insert-all-time-gridiron-kings,13,Studio Series,false,100,Wes Welker
insert-all-time-gridiron-kings,14,,false,,Donovan McNabb
insert-all-time-gridiron-kings,14,Studio Series,false,100,Donovan McNabb
insert-all-time-gridiron-kings,15,,false,,Neil Smith
insert-all-time-gridiron-kings,15,Studio Series,false,100,Neil Smith
insert-best-of-instant,1,,false,,C.J. Stroud
insert-best-of-instant,1,Holo,false,100,C.J. Stroud
insert-best-of-instant,2,,false,,De'Von Achane
insert-best-of-instant,2,Holo,false,100,De'Von Achane
insert-best-of-instant,3,,false,,Will Levis
insert-best-of-instant,3,Holo,false,100,Will Levis
insert-best-of-instant,4,,false,,Joe Flacco
insert-best-of-instant,4,Holo,false,100,Joe Flacco
insert-best-of-instant,5,,false,,George Pickens
insert-best-of-instant,5,Holo,false,100,George Pickens
insert-best-of-instant,6,,false,,Josh Allen
insert-best-of-instant,6,Holo,false,100,Josh Allen
insert-best-of-instant,7,,false,,Brandon Aubrey
insert-best-of-instant,7,Holo,false,100,Brandon Aubrey
insert-best-of-instant,8,,false,,Lamar Jackson
insert-best-of-instant,8,Holo,false,100,Lamar Jackson
insert-best-of-instant,9,,false,,Puka Nacua
insert-best-of-instant,9,Holo,false,100,Puka Nacua
insert-best-of-instant,10,,false,,CeeDee Lamb
insert-best-of-instant,10,Holo,false,100,CeeDee Lamb
insert-best-of-instant,11,,false,,Myles Garrett
insert-best-of-instant,11,Holo,false,100,Myles Garrett
insert-best-of-instant,12,,false,,Patrick Mahomes II
insert-best-of-instant,12,Holo,false,100,Patrick Mahomes II
insert-best-of-instant,13,,false,,Amari Cooper
insert-best-of-instant,13,Holo,false,100,Amari Cooper
insert-best-of-instant,14,,false,,Jordan Love
insert-best-of-instant,14,Holo,false,100,Jordan Love
insert-best-of-instant,15,,false,,Brock Purdy
insert-best-of-instant,15,Holo,false,100,Brock Purdy
insert-best-of-instant,16,,false,,Christian McCaffrey
insert-best-of-instant,16,Holo,false,100,Christian McCaffrey
insert-best-of-instant,17,,false,,Anthony Richardson
insert-best-of-instant,17,Holo,false,100,Anthony Richardson
insert-best-of-instant,18,,false,,Bryce Young
insert-best-of-instant,18,Holo,false,100,Bryce Young
insert-best-of-instant,19,,false,,Bijan Robinson
insert-best-of-instant,19,Holo,false,100,Bijan Robinson
insert-best-of-instant,20,,false,,DaRon Bland
insert-best-of-instant,20,Holo,false,100,DaRon Bland
insert-best-of-instant,21,,false,,Jalen Hurts
insert-best-of-instant,21,Holo,false,100,Jalen Hurts
insert-best-of-instant,22,,false,,Tommy DeVito
insert-best-of-instant,22,Holo,false,100,Tommy DeVito
insert-best-of-instant,23,,false,,Tyson Bagent
insert-best-of-instant,23,Holo,false,100,Tyson Bagent
insert-best-of-instant,24,,false,,Sam LaPorta
insert-best-of-instant,24,Holo,false,100,Sam LaPorta
insert-best-of-instant,25,,false,,Raheem Mostert
insert-best-of-instant,25,Holo,false,100,Raheem Mostert
insert-best-of-instant,26,,false,,Jared Goff
insert-best-of-instant,26,Holo,false,100,Jared Goff
insert-best-of-instant,27,,false,,Tank Dell
insert-best-of-instant,27,Holo,false,100,Tank Dell
insert-bomb-squad,1,,false,,Michael Penix Jr.
insert-bomb-squad,1,Holo,false,100,Michael Penix Jr.
insert-bomb-squad,2,,false,,Josh Allen
insert-bomb-squad,2,Holo,false,100,Josh Allen
insert-bomb-squad,3,,false,,Rome Odunze
insert-bomb-squad,3,Holo,false,100,Rome Odunze
insert-bomb-squad,4,,false,,A.J. Brown
insert-bomb-squad,4,Holo,false,100,A.J. Brown
insert-bomb-squad,5,,false,,J.J. McCarthy
insert-bomb-squad,5,Holo,false,100,J.J. McCarthy
insert-bomb-squad,6,,false,,Brian Thomas Jr.
insert-bomb-squad,6,Holo,false,100,Brian Thomas Jr.
insert-bomb-squad,7,,false,,Matthew Stafford
insert-bomb-squad,7,Holo,false,100,Matthew Stafford
insert-bomb-squad,8,,false,,Garrett Wilson
insert-bomb-squad,8,Holo,false,100,Garrett Wilson
insert-bomb-squad,9,,false,,Adonai Mitchell
insert-bomb-squad,9,Holo,false,100,Adonai Mitchell
insert-bomb-squad,10,,false,,Jordan Love
insert-bomb-squad,10,Holo,false,100,Jordan Love
insert-bomb-squad,11,,false,,Puka Nacua
insert-bomb-squad,11,Holo,false,100,Puka Nacua
insert-bomb-squad,12,,false,,Travis Kelce
insert-bomb-squad,12,Holo,false,100,Travis Kelce
insert-bomb-squad,13,,false,,Keon Coleman
insert-bomb-squad,13,Holo,false,100,Keon Coleman
insert-bomb-squad,14,,false,,Baker Mayfield
insert-bomb-squad,14,Holo,false,100,Baker Mayfield
insert-bomb-squad,15,,false,,Ricky Pearsall
insert-bomb-squad,15,Holo,false,100,Ricky Pearsall
insert-bomb-squad,16,,false,,Tyreek Hill
insert-bomb-squad,16,Holo,false,100,Tyreek Hill
insert-bomb-squad,17,,false,,Jared Goff
insert-bomb-squad,17,Holo,false,100,Jared Goff
insert-bomb-squad,18,,false,,CeeDee Lamb
insert-bomb-squad,18,Holo,false,100,CeeDee Lamb
insert-bomb-squad,19,,false,,Tua Tagovailoa
insert-bomb-squad,19,Holo,false,100,Tua Tagovailoa
insert-bomb-squad,20,,false,,Justin Jefferson
insert-bomb-squad,20,Holo,false,100,Justin Jefferson
insert-bomb-squad,21,,false,,George Pickens
insert-bomb-squad,21,Holo,false,100,George Pickens
insert-bomb-squad,22,,false,,Trevor Lawrence
insert-bomb-squad,22,Holo,false,100,Trevor Lawrence
insert-bomb-squad,23,,false,,DJ Moore
insert-bomb-squad,23,Holo,false,100,DJ Moore
insert-bomb-squad,24,,false,,Xavier Legette
insert-bomb-squad,24,Holo,false,100,Xavier Legette
insert-bomb-squad,25,,false,,Malik Nabers
insert-bomb-squad,25,Holo,false,100,Malik Nabers
insert-bomb-squad,26,,false,,Malachi Corley
insert-bomb-squad,26,Holo,false,100,Malachi Corley
insert-bomb-squad,27,,false,,Bo Nix
insert-bomb-squad,27,Holo,false,100,Bo Nix
insert-bomb-squad,28,,false,,Drake Maye
insert-bomb-squad,28,Holo,false,100,Drake Maye
insert-bomb-squad,29,,false,,Jayden Daniels
insert-bomb-squad,29,Holo,false,100,Jayden Daniels
insert-bomb-squad,30,,false,,Chris Olave
insert-bomb-squad,30,Holo,false,100,Chris Olave
insert-bomb-squad,31,,false,,Marvin Harrison Jr.
insert-bomb-squad,31,Holo,false,100,Marvin Harrison Jr.
insert-bomb-squad,32,,false,,Ja'Marr Chase
insert-bomb-squad,32,Holo,false,100,Ja'Marr Chase
insert-bomb-squad,33,,false,,Patrick Mahomes II
insert-bomb-squad,33,Holo,false,100,Patrick Mahomes II
insert-bomb-squad,34,,false,,Dak Prescott
insert-bomb-squad,34,Holo,false,100,Dak Prescott
insert-bomb-squad,35,,false,,Xavier Worthy
insert-bomb-squad,35,Holo,false,100,Xavier Worthy
insert-champ-is-here,1,,false,,Patrick Mahomes II
insert-champ-is-here,1,Holo,false,100,Patrick Mahomes II
insert-champ-is-here,2,,false,,Travis Kelce
insert-champ-is-here,2,Holo,false,100,Travis Kelce
insert-champ-is-here,3,,false,,Isiah Pacheco
insert-champ-is-here,3,Holo,false,100,Isiah Pacheco
insert-champ-is-here,4,,false,,Rashee Rice
insert-champ-is-here,4,Holo,false,100,Rashee Rice
insert-champ-is-here,5,,false,,Chris Jones
insert-champ-is-here,5,Holo,false,100,Chris Jones
insert-champ-is-here,6,,false,,Justin Watson
insert-champ-is-here,6,Holo,false,100,Justin Watson
insert-champ-is-here,7,,false,,Mecole Hardman Jr.
insert-champ-is-here,7,Holo,false,100,Mecole Hardman Jr.
insert-champ-is-here,8,,false,,Harrison Butker
insert-champ-is-here,8,Holo,false,100,Harrison Butker
insert-champ-is-here,9,,false,,Nick Bolton
insert-champ-is-here,9,Holo,false,100,Nick Bolton
insert-champ-is-here,10,,false,,L'Jarius Sneed
insert-champ-is-here,10,Holo,false,100,L'Jarius Sneed
insert-champ-is-here,11,,false,,Drue Tranquill
insert-champ-is-here,11,Holo,false,100,Drue Tranquill
insert-champ-is-here,12,,false,,Leo Chenal
insert-champ-is-here,12,Holo,false,100,Leo Chenal
insert-champ-is-here,13,,false,,Justin Reid
insert-champ-is-here,13,Holo,false,100,Justin Reid
insert-champ-is-here,14,,false,,Jerick McKinnon
insert-champ-is-here,14,Holo,false,100,Jerick McKinnon
insert-champ-is-here,15,,false,,Noah Gray
insert-champ-is-here,15,Holo,false,100,Noah Gray
insert-champ-is-here,16,,false,,George Karlaftis
insert-champ-is-here,16,Holo,false,100,George Karlaftis
insert-champ-is-here,17,,false,,Willie Gay Jr.
insert-champ-is-here,17,Holo,false,100,Willie Gay Jr.
insert-champ-is-here,18,,false,,Skyy Moore
insert-champ-is-here,18,Holo,false,100,Skyy Moore
insert-champ-is-here,19,,false,,Trent McDuffie
insert-champ-is-here,19,Holo,false,100,Trent McDuffie
insert-champ-is-here,20,,false,,Andy Reid
insert-champ-is-here,20,Holo,false,100,Andy Reid
insert-champions,750,,false,,64
insert-champions,750,Holo,false,100,64
insert-crunch-time,1,,false,,CeeDee Lamb
insert-crunch-time,1,Gold,false,10,CeeDee Lamb
insert-crunch-time,1,Black,false,1,CeeDee Lamb
insert-crunch-time,2,,false,,Lamar Jackson
insert-crunch-time,2,Gold,false,10,Lamar Jackson
insert-crunch-time,2,Black,false,1,Lamar Jackson
insert-crunch-time,3,,false,,Christian McCaffrey
insert-crunch-time,3,Gold,false,10,Christian McCaffrey
insert-crunch-time,3,Black,false,1,Christian McCaffrey
insert-crunch-time,4,,false,,Jordan Love
insert-crunch-time,4,Gold,false,10,Jordan Love
insert-crunch-time,4,Black,false,1,Jordan Love
insert-crunch-time,5,,false,,Puka Nacua
insert-crunch-time,5,Gold,false,10,Puka Nacua
insert-crunch-time,5,Black,false,1,Puka Nacua
insert-crunch-time,6,,false,,C.J. Stroud
insert-crunch-time,6,Gold,false,10,C.J. Stroud
insert-crunch-time,6,Black,false,1,C.J. Stroud
insert-crunch-time,7,,false,,Brock Purdy
insert-crunch-time,7,Gold,false,10,Brock Purdy
insert-crunch-time,7,Black,false,1,Brock Purdy
insert-crunch-time,8,,false,,Bo Nix
insert-crunch-time,8,Gold,false,10,Bo Nix
insert-crunch-time,8,Black,false,1,Bo Nix
insert-crunch-time,9,,false,,J.J. McCarthy
insert-crunch-time,9,Gold,false,10,J.J. McCarthy
insert-crunch-time,9,Black,false,1,J.J. McCarthy
insert-crunch-time,10,,false,,Michael Penix Jr.
insert-crunch-time,10,Gold,false,10,Michael Penix Jr.
insert-crunch-time,10,Black,false,1,Michael Penix Jr.
insert-crunch-time,11,,false,,Rome Odunze
insert-crunch-time,11,Gold,false,10,Rome Odunze
insert-crunch-time,11,Black,false,1,Rome Odunze
insert-crunch-time,12,,false,,Drake Maye
insert-crunch-time,12,Gold,false,10,Drake Maye
insert-crunch-time,12,Black,false,1,Drake Maye
insert-crunch-time,13,,false,,Jayden Daniels
insert-crunch-time,13,Gold,false,10,Jayden Daniels
insert-crunch-time,13,Black,false,1,Jayden Daniels
insert-crunch-time,14,,false,,Marvin Harrison Jr.
insert-crunch-time,14,Gold,false,10,Marvin Harrison Jr.
insert-crunch-time,14,Black,false,1,Marvin Harrison Jr.
insert-crunch-time,15,,false,,Malik Nabers
insert-crunch-time,15,Gold,false,10,Malik Nabers
insert-crunch-time,15,Black,false,1,Malik Nabers
insert-dominators,1,,false,,Ja'Marr Chase
insert-dominators,2,,false,,Patrick Mahomes II
insert-dominators,3,,false,,A.J. Brown
insert-dominators,4,,false,,Aaron Rodgers
insert-dominators,5,,false,,Josh Jacobs
insert-dominators,6,,false,,Justin Herbert
insert-dominators,7,,false,,Will Levis
insert-dominators,8,,false,,Rhamondre Stevenson
insert-dominators,9,,false,,DeMarcus Lawrence
insert-dominators,10,,false,,Minkah Fitzpatrick
insert-dominators,11,,false,,C.J. Stroud
insert-dominators,12,,false,,Chris Jones
insert-dominators,13,,false,,Saquon Barkley
insert-dominators,14,,false,,Bijan Robinson
insert-dominators,15,,false,,Christian McCaffrey
insert-dominators,16,,false,,Will Anderson Jr.
insert-dominators,17,,false,,Matthew Stafford
insert-dominators,18,,false,,Dexter Lawrence
insert-dominators,19,,false,,Terry McLaurin
insert-dominators,20,,false,,DeAndre Hopkins
insert-dominators,21,,false,,Anthony Richardson
insert-dominators,22,,false,,Garrett Wilson
insert-dominators,23,,false,,Trevor Lawrence
insert-dominators,24,,false,,Puka Nacua
insert-dominators,25,,false,,Alvin Kamara
insert-dominators,26,,false,,Mike Evans
insert-dominators,27,,false,,Tyreek Hill
insert-dominators,28,,false,,Amon-Ra St. Brown
insert-dominators,29,,false,,Josh Hines-Allen
insert-dominators,30,,false,,Kyler Murray
insert-dominators,31,,false,,Fred Warner
insert-dominators,32,,false,,DK Metcalf
insert-dominators,33,,false,,Josh Allen
insert-dominators,34,,false,,Baker Mayfield
insert-dominators,35,,false,,DJ Moore
insert-dominators,36,,false,,Harrison Smith
insert-dominators,37,,false,,Trey Hendrickson
insert-dominators,38,,false,,Deshaun Watson
insert-dominators,39,,false,,Patrick Queen
insert-dominators,40,,false,,Tank Dell
insert-downtown,1,,false,,Lamar Jackson
insert-downtown,1,Gold,false,10,Lamar Jackson
insert-downtown,1,Black,false,1,Lamar Jackson
insert-downtown,2,,false,,Josh Allen
insert-downtown,2,Gold,false,10,Josh Allen
insert-downtown,2,Black,false,1,Josh Allen
insert-downtown,3,,false,,Tyreek Hill
insert-downtown,3,Gold,false,10,Tyreek Hill
insert-downtown,3,Black,false,1,Tyreek Hill
insert-downtown,4,,false,,Brock Purdy
insert-downtown,4,Gold,false,10,Brock Purdy
insert-downtown,4,Black,false,1,Brock Purdy
insert-downtown,5,,false,,Jordan Love
insert-downtown,5,Gold,false,10,Jordan Love
insert-downtown,5,Black,false,1,Jordan Love
insert-downtown,6,,false,,Sam LaPorta
insert-downtown,6,Gold,false,10,Sam LaPorta
insert-downtown,6,Black,false,1,Sam LaPorta
insert-downtown,7,,false,,Travis Kelce
insert-downtown,7,Gold,false,10,Travis Kelce
insert-downtown,7,Black,false,1,Travis Kelce
insert-downtown,8,,false,,Terrell Owens
insert-downtown,8,Gold,false,10,Terrell Owens
insert-downtown,8,Black,false,1,Terrell Owens
insert-downtown,9,,false,,Dick Butkus
insert-downtown,9,Gold,false,10,Dick Butkus
insert-downtown,9,Black,false,1,Dick Butkus
insert-downtown,10,,false,,Terry Bradshaw
insert-downtown,10,Gold,false,10,Terry Bradshaw
insert-downtown,10,Black,false,1,Terry Bradshaw
insert-downtown,11,,false,,J.J. McCarthy
insert-downtown,11,Gold,false,10,J.J. McCarthy
insert-downtown,11,Black,false,1,J.J. McCarthy
insert-downtown,12,,false,,Marvin Harrison Jr.
insert-downtown,12,Gold,false,10,Marvin Harrison Jr.
insert-downtown,12,Black,false,1,Marvin Harrison Jr.
insert-downtown,13,,false,,Drake Maye
insert-downtown,13,Gold,false,10,Drake Maye
insert-downtown,13,Black,false,1,Drake Maye
insert-downtown,14,,false,,Michael Penix Jr.
insert-downtown,14,Gold,false,10,Michael Penix Jr.
insert-downtown,14,Black,false,1,Michael Penix Jr.
insert-downtown,15,,false,,Rome Odunze
insert-downtown,15,Gold,false,10,Rome Odunze
insert-downtown,15,Black,false,1,Rome Odunze
insert-downtown,16,,false,,Jayden Daniels
insert-downtown,16,Gold,false,10,Jayden Daniels
insert-downtown,16,Black,false,1,Jayden Daniels
insert-downtown,17,,false,,Brock Bowers
insert-downtown,17,Gold,false,10,Brock Bowers
insert-downtown,17,Black,false,1,Brock Bowers
insert-downtown,18,,false,,Malik Nabers
insert-downtown,18,Gold,false,10,Malik Nabers
insert-downtown,18,Black,false,1,Malik Nabers
insert-downtown,19,,false,,Bo Nix
insert-downtown,19,Gold,false,10,Bo Nix
insert-downtown,19,Black,false,1,Bo Nix
insert-downtown,20,,false,,Puka Nacua
insert-downtown,20,Gold,false,10,Puka Nacua
insert-downtown,20,Black,false,1,Puka Nacua
insert-downtown,21,,false,,Caleb Williams
insert-downtown,21,Gold,false,10,Caleb Williams
insert-downtown,21,Black,false,1,Caleb Williams
insert-downtown,1,Horizontal,false,,Patrick Mahomes II / Travis Kelce
insert-downtown,2,Horizontal,false,,Jalen Hurts / Saquon Barkley
insert-downtown,3,Horizontal,false,,Anthony Richardson / Jonathan Taylor
insert-downtown,4,Horizontal,false,,Ja'Marr Chase / Joe Burrow
insert-downtown,5,Horizontal,false,,DJ Moore  / Rome Odunze
insert-downtown,6,Horizontal,false,,DeAndre Hopkins / Will Levis
insert-downtown,7,Horizontal,false,,Brock Purdy / Christian McCaffrey
insert-downtown,8,Horizontal,false,,CeeDee Lamb / Dak Prescott
insert-downtown,9,Horizontal,false,,C.J. Stroud  / Tank Dell
insert-downtown,10,Horizontal,false,,Joe Greene / T.J. Watt
insert-downtown,11,Horizontal,false,,Tua Tagovailoa / Tyreek Hill
insert-downtown,12,Horizontal,false,,Bijan Robinson  / Michael Penix Jr.
insert-downtown,13,Horizontal,false,,Bryce Young / Xavier Legette
insert-downtown,14,Horizontal,false,,Bo Nix / John Elway
insert-downtown,15,Horizontal,false,,Jim Kelly / Josh Allen
insert-downtown,16,Horizontal,false,,Brock Bowers / Maxx Crosby
insert-downtown,17,Horizontal,false,,J.J. McCarthy / Justin Jefferson
insert-downtown,18,Horizontal,false,,Drake Maye / Ja'Lynn Polk
insert-downtown,19,Horizontal,false,,Justin Herbert / Ladd McConkey
insert-downtown,20,Horizontal,false,,Jayden Daniels / Robert Griffin III
insert-1-per-costco-bundle,1,,false,,Lamar Jackson
insert-1-per-costco-bundle,2,,false,,Josh Allen
insert-1-per-costco-bundle,3,,false,,Tyreek Hill
insert-1-per-costco-bundle,4,,false,,Brock Purdy
insert-1-per-costco-bundle,5,,false,,Jordan Love
insert-1-per-costco-bundle,6,,false,,Sam LaPorta
insert-1-per-costco-bundle,7,,false,,Travis Kelce
insert-1-per-costco-bundle,8,,false,,Terrell Owens
insert-1-per-costco-bundle,9,,false,,Dick Butkus
insert-1-per-costco-bundle,10,,false,,Terry Bradshaw
insert-1-per-costco-bundle,11,,false,,J.J. McCarthy
insert-1-per-costco-bundle,12,,false,,Marvin Harrison Jr.
insert-1-per-costco-bundle,13,,false,,Drake Maye
insert-1-per-costco-bundle,14,,false,,Michael Penix Jr.
insert-1-per-costco-bundle,15,,false,,Rome Odunze
insert-1-per-costco-bundle,16,,false,,Jayden Daniels
insert-1-per-costco-bundle,17,,false,,Brock Bowers
insert-1-per-costco-bundle,18,,false,,Malik Nabers
insert-1-per-costco-bundle,19,,false,,Bo Nix
insert-1-per-costco-bundle,20,,false,,Puka Nacua
insert-1-per-costco-bundle,21,,false,,Caleb Williams
insert-galaxy-of-stars,1,,false,,Joe Burrow
insert-galaxy-of-stars,1,Cosmic,false,100,Joe Burrow
insert-galaxy-of-stars,1,Cubic,false,50,Joe Burrow
insert-galaxy-of-stars,1,Lava,false,10,Joe Burrow
insert-galaxy-of-stars,2,,false,,Zay Flowers
insert-galaxy-of-stars,2,Cosmic,false,100,Zay Flowers
insert-galaxy-of-stars,2,Cubic,false,50,Zay Flowers
insert-galaxy-of-stars,2,Lava,false,10,Zay Flowers
insert-galaxy-of-stars,3,,false,,Amon-Ra St. Brown
insert-galaxy-of-stars,3,Cosmic,false,100,Amon-Ra St. Brown
insert-galaxy-of-stars,3,Cubic,false,50,Amon-Ra St. Brown
insert-galaxy-of-stars,3,Lava,false,10,Amon-Ra St. Brown
insert-galaxy-of-stars,4,,false,,Justin Jefferson
insert-galaxy-of-stars,4,Cosmic,false,100,Justin Jefferson
insert-galaxy-of-stars,4,Cubic,false,50,Justin Jefferson
insert-galaxy-of-stars,4,Lava,false,10,Justin Jefferson
insert-galaxy-of-stars,5,,false,,C.J. Stroud
insert-galaxy-of-stars,5,Cosmic,false,100,C.J. Stroud
insert-galaxy-of-stars,5,Cubic,false,50,C.J. Stroud
insert-galaxy-of-stars,5,Lava,false,10,C.J. Stroud
insert-galaxy-of-stars,6,,false,,Trevor Lawrence
insert-galaxy-of-stars,6,Cosmic,false,100,Trevor Lawrence
insert-galaxy-of-stars,6,Cubic,false,50,Trevor Lawrence
insert-galaxy-of-stars,6,Lava,false,10,Trevor Lawrence
insert-galaxy-of-stars,7,,false,,Mike Evans
insert-galaxy-of-stars,7,Cosmic,false,100,Mike Evans
insert-galaxy-of-stars,7,Cubic,false,50,Mike Evans
insert-galaxy-of-stars,7,Lava,false,10,Mike Evans
insert-galaxy-of-stars,8,,false,,Josh Allen
insert-galaxy-of-stars,8,Cosmic,false,100,Josh Allen
insert-galaxy-of-stars,8,Cubic,false,50,Josh Allen
insert-galaxy-of-stars,8,Lava,false,10,Josh Allen
insert-galaxy-of-stars,9,,false,,Aaron Rodgers
insert-galaxy-of-stars,9,Cosmic,false,100,Aaron Rodgers
insert-galaxy-of-stars,9,Cubic,false,50,Aaron Rodgers
insert-galaxy-of-stars,9,Lava,false,10,Aaron Rodgers
insert-galaxy-of-stars,10,,false,,Saquon Barkley
insert-galaxy-of-stars,10,Cosmic,false,100,Saquon Barkley
insert-galaxy-of-stars,10,Cubic,false,50,Saquon Barkley
insert-galaxy-of-stars,10,Lava,false,10,Saquon Barkley
insert-galaxy-of-stars,11,,false,,CeeDee Lamb
insert-galaxy-of-stars,11,Cosmic,false,100,CeeDee Lamb
insert-galaxy-of-stars,11,Cubic,false,50,CeeDee Lamb
insert-galaxy-of-stars,11,Lava,false,10,CeeDee Lamb
insert-galaxy-of-stars,12,,false,,Puka Nacua
insert-galaxy-of-stars,12,Cosmic,false,100,Puka Nacua
insert-galaxy-of-stars,12,Cubic,false,50,Puka Nacua
insert-galaxy-of-stars,12,Lava,false,10,Puka Nacua
insert-galaxy-of-stars,13,,false,,Nick Bosa
insert-galaxy-of-stars,13,Cosmic,false,100,Nick Bosa
insert-galaxy-of-stars,13,Cubic,false,50,Nick Bosa
insert-galaxy-of-stars,13,Lava,false,10,Nick Bosa
insert-galaxy-of-stars,14,,false,,Patrick Mahomes II
insert-galaxy-of-stars,14,Cosmic,false,100,Patrick Mahomes II
insert-galaxy-of-stars,14,Cubic,false,50,Patrick Mahomes II
insert-galaxy-of-stars,14,Lava,false,10,Patrick Mahomes II
insert-galaxy-of-stars,15,,false,,Justin Herbert
insert-galaxy-of-stars,15,Cosmic,false,100,Justin Herbert
insert-galaxy-of-stars,15,Cubic,false,50,Justin Herbert
insert-galaxy-of-stars,15,Lava,false,10,Justin Herbert
insert-gridiron-kings,1,,false,,Travis Kelce
insert-gridiron-kings,1,Studio Series,false,100,Travis Kelce
insert-gridiron-kings,2,,false,,Puka Nacua
insert-gridiron-kings,2,Studio Series,false,100,Puka Nacua
insert-gridiron-kings,3,,false,,George Pickens
insert-gridiron-kings,3,Studio Series,false,100,George Pickens
insert-gridiron-kings,4,,false,,Sam LaPorta
insert-gridiron-kings,4,Studio Series,false,100,Sam LaPorta
insert-gridiron-kings,5,,false,,Brock Purdy
insert-gridiron-kings,5,Studio Series,false,100,Brock Purdy
insert-gridiron-kings,6,,false,,CeeDee Lamb
insert-gridiron-kings,6,Studio Series,false,100,CeeDee Lamb
insert-gridiron-kings,7,,false,,Jaylen Waddle
insert-gridiron-kings,7,Studio Series,false,100,Jaylen Waddle
insert-gridiron-kings,8,,false,,DJ Moore
insert-gridiron-kings,8,Studio Series,false,100,DJ Moore
insert-gridiron-kings,9,,false,,Jordan Love
insert-gridiron-kings,9,Studio Series,false,100,Jordan Love
insert-gridiron-kings,10,,false,,C.J. Stroud
insert-gridiron-kings,10,Studio Series,false,100,C.J. Stroud
insert-gridiron-kings,11,,false,,Jonathan Taylor
insert-gridiron-kings,11,Studio Series,false,100,Jonathan Taylor
insert-gridiron-kings,12,,false,,Travis Etienne Jr.
insert-gridiron-kings,12,Studio Series,false,100,Travis Etienne Jr.
insert-gridiron-kings,13,,false,,Baker Mayfield
insert-gridiron-kings,13,Studio Series,false,100,Baker Mayfield
insert-gridiron-kings,14,,false,,T.J. Hockenson
insert-gridiron-kings,14,Studio Series,false,100,T.J. Hockenson
insert-gridiron-kings,15,,false,,Myles Garrett
insert-gridiron-kings,15,Studio Series,false,100,Myles Garrett
insert-gridiron-marvels,1,,false,,Travis Kelce
insert-gridiron-marvels,1,Gold,false,10,Travis Kelce
insert-gridiron-marvels,1,Black,false,1,Travis Kelce
insert-gridiron-marvels,2,,false,,Christian McCaffrey
insert-gridiron-marvels,2,Gold,false,10,Christian McCaffrey
insert-gridiron-marvels,2,Black,false,1,Christian McCaffrey
insert-gridiron-marvels,3,,false,,Lamar Jackson
insert-gridiron-marvels,3,Gold,false,10,Lamar Jackson
insert-gridiron-marvels,3,Black,false,1,Lamar Jackson
insert-gridiron-marvels,4,,false,,Tyreek Hill
insert-gridiron-marvels,4,Gold,false,10,Tyreek Hill
insert-gridiron-marvels,4,Black,false,1,Tyreek Hill
insert-gridiron-marvels,5,,false,,Micah Parsons
insert-gridiron-marvels,5,Gold,false,10,Micah Parsons
insert-gridiron-marvels,5,Black,false,1,Micah Parsons
insert-gridiron-marvels,6,,false,,Jonathan Taylor
insert-gridiron-marvels,6,Gold,false,10,Jonathan Taylor
insert-gridiron-marvels,6,Black,false,1,Jonathan Taylor
insert-gridiron-marvels,7,,false,,Brock Purdy
insert-gridiron-marvels,7,Gold,false,10,Brock Purdy
insert-gridiron-marvels,7,Black,false,1,Brock Purdy
insert-gridiron-marvels,8,,false,,Jared Goff
insert-gridiron-marvels,8,Gold,false,10,Jared Goff
insert-gridiron-marvels,8,Black,false,1,Jared Goff
insert-gridiron-marvels,9,,false,,Jordan Love
insert-gridiron-marvels,9,Gold,false,10,Jordan Love
insert-gridiron-marvels,9,Black,false,1,Jordan Love
insert-gridiron-marvels,10,,false,,Terry Bradshaw
insert-gridiron-marvels,10,Gold,false,10,Terry Bradshaw
insert-gridiron-marvels,10,Black,false,1,Terry Bradshaw
insert-gridiron-marvels,11,,false,,Rome Odunze
insert-gridiron-marvels,11,Gold,false,10,Rome Odunze
insert-gridiron-marvels,11,Black,false,1,Rome Odunze
insert-gridiron-marvels,12,,false,,Brock Bowers
insert-gridiron-marvels,12,Gold,false,10,Brock Bowers
insert-gridiron-marvels,12,Black,false,1,Brock Bowers
insert-gridiron-marvels,13,,false,,Jayden Daniels
insert-gridiron-marvels,13,Gold,false,10,Jayden Daniels
insert-gridiron-marvels,13,Black,false,1,Jayden Daniels
insert-gridiron-marvels,14,,false,,Keon Coleman
insert-gridiron-marvels,14,Gold,false,10,Keon Coleman
insert-gridiron-marvels,14,Black,false,1,Keon Coleman
insert-gridiron-marvels,15,,false,,Michael Penix Jr.
insert-gridiron-marvels,15,Gold,false,10,Michael Penix Jr.
insert-gridiron-marvels,15,Black,false,1,Michael Penix Jr.
insert-gridiron-marvels,16,,false,,Marvin Harrison Jr.
insert-gridiron-marvels,16,Gold,false,10,Marvin Harrison Jr.
insert-gridiron-marvels,16,Black,false,1,Marvin Harrison Jr.
insert-gridiron-marvels,17,,false,,Drake Maye
insert-gridiron-marvels,17,Gold,false,10,Drake Maye
insert-gridiron-marvels,17,Black,false,1,Drake Maye
insert-gridiron-marvels,18,,false,,Bo Nix
insert-gridiron-marvels,18,Gold,false,10,Bo Nix
insert-gridiron-marvels,18,Black,false,1,Bo Nix
insert-gridiron-marvels,19,,false,,Malik Nabers
insert-gridiron-marvels,19,Gold,false,10,Malik Nabers
insert-gridiron-marvels,19,Black,false,1,Malik Nabers
insert-gridiron-marvels,20,,false,,J.J. McCarthy
insert-gridiron-marvels,20,Gold,false,10,J.J. McCarthy
insert-gridiron-marvels,20,Black,false,1,J.J. McCarthy
insert-inducted,798,,false,,Julius Peppers
insert-inducted,798,Holo,false,100,Julius Peppers
insert-inducted,799,,false,,Andre Johnson
insert-inducted,799,Holo,false,100,Andre Johnson
insert-inducted,800,,false,,Patrick Willis
insert-inducted,800,Holo,false,100,Patrick Willis
base,301,Optic Preview Holo,false,,Bucky Irving
base,302,Optic Preview Holo,false,,Luke McCaffrey
base,303,Optic Preview Holo,false,,J.J. McCarthy
base,304,Optic Preview Holo,false,,Cade Stover
base,305,Optic Preview Holo,false,,Cooper DeJean
base,306,Optic Preview Holo,false,,Braelon Allen
base,307,Optic Preview Holo,false,,Johnny Wilson
base,308,Optic Preview Holo,false,,Michael Penix Jr.
base,309,Optic Preview Holo,false,,Rome Odunze
base,310,Optic Preview Holo,false,,Taliese Fuaga
base,311,Optic Preview Holo,false,,Laiatu Latu
base,312,Optic Preview Holo,false,,Will Shipley
base,313,Optic Preview Holo,false,,Brian Thomas Jr.
base,314,Optic Preview Holo,false,,Ben Sinnott
base,315,Optic Preview Holo,false,,Kool-Aid McKinstry
base,316,Optic Preview Holo,false,,Ray Davis
base,317,Optic Preview Holo,false,,Ja'Tavion Sanders
base,318,Optic Preview Holo,false,,Ricky Pearsall
base,319,Optic Preview Holo,false,,Joe Milton III
base,320,Optic Preview Holo,false,,Joe Alt
base,321,Optic Preview Holo,false,,Byron Murphy II
base,322,Optic Preview Holo,false,,Blake Corum
base,323,Optic Preview Holo,false,,Xavier Legette
base,324,Optic Preview Holo,false,,Tanner McLachlan
base,325,Optic Preview Holo,false,,Edgerrin Cooper
base,326,Optic Preview Holo,false,,Trey Benson
base,327,Optic Preview Holo,false,,Caleb Williams
base,328,Optic Preview Holo,false,,Ladd McConkey
base,329,Optic Preview Holo,false,,Devin Leary
base,330,Optic Preview Holo,false,,Olumuyiwa Fashanu
base,331,Optic Preview Holo,false,,Dallas Turner
base,332,Optic Preview Holo,false,,Sione Vaki
base,333,Optic Preview Holo,false,,Malachi Corley
base,334,Optic Preview Holo,false,,Jeremiah Trotter Jr.
base,335,Optic Preview Holo,false,,Audric Estime
base,336,Optic Preview Holo,false,,Isaac Guerendo
base,337,Optic Preview Holo,false,,Jaheim Bell
base,338,Optic Preview Holo,false,,Troy Franklin
base,339,Optic Preview Holo,false,,Michael Pratt
base,340,Optic Preview Holo,false,,J.C. Latham
base,341,Optic Preview Holo,false,,Jared Verse
base,342,Optic Preview Holo,false,,Payton Wilson
base,343,Optic Preview Holo,false,,Adonai Mitchell
base,344,Optic Preview Holo,false,,Jaylen Wright
base,345,Optic Preview Holo,false,,Devontez Walker
base,346,Optic Preview Holo,false,,Tahj Washington
base,347,Optic Preview Holo,false,,Rasheen Ali
base,348,Optic Preview Holo,false,,Roman Wilson
base,349,Optic Preview Holo,false,,Jordan Travis
base,350,Optic Preview Holo,false,,Amarius Mims
base,351,Optic Preview Holo,false,,Chop Robinson
base,352,Optic Preview Holo,false,,Jordan Whittington
base,353,Optic Preview Holo,false,,Javon Baker
base,354,Optic Preview Holo,false,,Jonathon Brooks
base,355,Optic Preview Holo,false,,Kimani Vidal
base,356,Optic Preview Holo,false,,Ryan Flournoy
base,357,Optic Preview Holo,false,,Theo Johnson
base,358,Optic Preview Holo,false,,Keon Coleman
base,359,Optic Preview Holo,false,,Spencer Rattler
base,360,Optic Preview Holo,false,,Troy Fautanu
base,361,Optic Preview Holo,false,,Quinyon Mitchell
base,362,Optic Preview Holo,false,,Bub Means
base,363,Optic Preview Holo,false,,Anthony Gould
base,364,Optic Preview Holo,false,,Tyrone Tracy Jr.
base,365,Optic Preview Holo,false,,Ainias Smith
base,366,Optic Preview Holo,false,,Tip Reiman
base,367,Optic Preview Holo,false,,AJ Barner
base,368,Optic Preview Holo,false,,Jermaine Burton
base,369,Optic Preview Holo,false,,Bo Nix
base,370,Optic Preview Holo,false,,Jordan Morgan
base,371,Optic Preview Holo,false,,Terrion Arnold
base,372,Optic Preview Holo,false,,Dylan Laube
base,373,Optic Preview Holo,false,,Ja'Lynn Polk
base,374,Optic Preview Holo,false,,MarShawn Lloyd
base,375,Optic Preview Holo,false,,Jase McClellan
base,376,Optic Preview Holo,false,,Jamari Thrash
base,377,Optic Preview Holo,false,,Cornelius Johnson
base,378,Optic Preview Holo,false,,Jacob Cowing
base,379,Optic Preview Holo,false,,Drake Maye
base,380,Optic Preview Holo,false,,Graham Barton
base,381,Optic Preview Holo,false,,Darius Robinson
base,382,Optic Preview Holo,false,,Brenden Rice
base,383,Optic Preview Holo,false,,Malik Nabers
base,384,Optic Preview Holo,false,,Tejhaun Palmer
base,385,Optic Preview Holo,false,,Keilan Robinson
base,386,Optic Preview Holo,false,,Isaiah Davis
base,387,Optic Preview Holo,false,,Jared Wiley
base,388,Optic Preview Holo,false,,Jalen McMillan
base,389,Optic Preview Holo,false,,Jayden Daniels
base,390,Optic Preview Holo,false,,Jawhar Jordan
base,391,Optic Preview Holo,false,,Nate Wiggins
base,392,Optic Preview Holo,false,,Casey Washington
base,393,Optic Preview Holo,false,,Marvin Harrison Jr.
base,394,Optic Preview Holo,false,,Brock Bowers
base,395,Optic Preview Holo,false,,Devaughn Vele
base,396,Optic Preview Holo,false,,Jha'Quan Jackson
base,397,Optic Preview Holo,false,,Malik Washington
base,398,Optic Preview Holo,false,,Xavier Worthy
base,399,Optic Preview Holo,false,,Dillon Johnson
base,400,Optic Preview Holo,false,,Tyler Guyton
insert-production-line,1,,false,,Raheem Mostert / Tua Tagovailoa
insert-production-line,1,Cosmic,false,100,Raheem Mostert / Tua Tagovailoa
insert-production-line,1,Cubic,false,50,Raheem Mostert / Tua Tagovailoa
insert-production-line,1,Lava,false,10,Raheem Mostert / Tua Tagovailoa
insert-production-line,2,,false,,Brock Purdy / Christian McCaffrey
insert-production-line,2,Cosmic,false,100,Brock Purdy / Christian McCaffrey
insert-production-line,2,Cubic,false,50,Brock Purdy / Christian McCaffrey
insert-production-line,2,Lava,false,10,Brock Purdy / Christian McCaffrey
insert-production-line,3,,false,,Davante Adams / Maxx Crosby
insert-production-line,3,Cosmic,false,100,Davante Adams / Maxx Crosby
insert-production-line,3,Cubic,false,50,Davante Adams / Maxx Crosby
insert-production-line,3,Lava,false,10,Davante Adams / Maxx Crosby
insert-production-line,4,,false,,Amari Cooper / Myles Garrett
insert-production-line,4,Cosmic,false,100,Amari Cooper / Myles Garrett
insert-production-line,4,Cubic,false,50,Amari Cooper / Myles Garrett
insert-production-line,4,Lava,false,10,Amari Cooper / Myles Garrett
insert-production-line,5,,false,,Baker Mayfield / Mike Evans
insert-production-line,5,Cosmic,false,100,Baker Mayfield / Mike Evans
insert-production-line,5,Cubic,false,50,Baker Mayfield / Mike Evans
insert-production-line,5,Lava,false,10,Baker Mayfield / Mike Evans
insert-production-line,6,,false,,A.J. Brown / Jalen Hurts
insert-production-line,6,Cosmic,false,100,A.J. Brown / Jalen Hurts
insert-production-line,6,Cubic,false,50,A.J. Brown / Jalen Hurts
insert-production-line,6,Lava,false,10,A.J. Brown / Jalen Hurts
insert-production-line,7,,false,,C.J. Stroud  / Tank Dell
insert-production-line,7,Cosmic,false,100,C.J. Stroud  / Tank Dell
insert-production-line,7,Cubic,false,50,C.J. Stroud  / Tank Dell
insert-production-line,7,Lava,false,10,C.J. Stroud  / Tank Dell
insert-production-line,8,,false,,DJ Moore  / Jaylon Johnson
insert-production-line,8,Cosmic,false,100,DJ Moore  / Jaylon Johnson
insert-production-line,8,Cubic,false,50,DJ Moore  / Jaylon Johnson
insert-production-line,8,Lava,false,10,DJ Moore  / Jaylon Johnson
insert-production-line,9,,false,,Lamar Jackson / Zay Flowers
insert-production-line,9,Cosmic,false,100,Lamar Jackson / Zay Flowers
insert-production-line,9,Cubic,false,50,Lamar Jackson / Zay Flowers
insert-production-line,9,Lava,false,10,Lamar Jackson / Zay Flowers
insert-production-line,10,,false,,Kyren Williams / Puka Nacua
insert-production-line,10,Cosmic,false,100,Kyren Williams / Puka Nacua
insert-production-line,10,Cubic,false,50,Kyren Williams / Puka Nacua
insert-production-line,10,Lava,false,10,Kyren Williams / Puka Nacua
insert-production-line,11,,false,,Isiah Pacheco / Patrick Mahomes II
insert-production-line,11,Cosmic,false,100,Isiah Pacheco / Patrick Mahomes II
insert-production-line,11,Cubic,false,50,Isiah Pacheco / Patrick Mahomes II
insert-production-line,11,Lava,false,10,Isiah Pacheco / Patrick Mahomes II
insert-production-line,12,,false,,Jayden Reed / Jordan Love
insert-production-line,12,Cosmic,false,100,Jayden Reed / Jordan Love
insert-production-line,12,Cubic,false,50,Jayden Reed / Jordan Love
insert-production-line,12,Lava,false,10,Jayden Reed / Jordan Love
insert-production-line,13,,false,,Ja'Marr Chase / Joe Burrow
insert-production-line,13,Cosmic,false,100,Ja'Marr Chase / Joe Burrow
insert-production-line,13,Cubic,false,50,Ja'Marr Chase / Joe Burrow
insert-production-line,13,Lava,false,10,Ja'Marr Chase / Joe Burrow
insert-production-line,14,,false,,Aidan Hutchinson / Amon-Ra St. Brown
insert-production-line,14,Cosmic,false,100,Aidan Hutchinson / Amon-Ra St. Brown
insert-production-line,14,Cubic,false,50,Aidan Hutchinson / Amon-Ra St. Brown
insert-production-line,14,Lava,false,10,Aidan Hutchinson / Amon-Ra St. Brown
insert-production-line,15,,false,,Jonathan Taylor / Zaire Franklin
insert-production-line,15,Cosmic,false,100,Jonathan Taylor / Zaire Franklin
insert-production-line,15,Cubic,false,50,Jonathan Taylor / Zaire Franklin
insert-production-line,15,Lava,false,10,Jonathan Taylor / Zaire Franklin
insert-production-line,16,,false,,Bijan Robinson  / Drake London
insert-production-line,16,Cosmic,false,100,Bijan Robinson  / Drake London
insert-production-line,16,Cubic,false,50,Bijan Robinson  / Drake London
insert-production-line,16,Lava,false,10,Bijan Robinson  / Drake London
insert-production-line,17,,false,,CeeDee Lamb / Micah Parsons
insert-production-line,17,Cosmic,false,100,CeeDee Lamb / Micah Parsons
insert-production-line,17,Cubic,false,50,CeeDee Lamb / Micah Parsons
insert-production-line,17,Lava,false,10,CeeDee Lamb / Micah Parsons
insert-production-line,18,,false,,Breece Hall / Garrett Wilson
insert-production-line,18,Cosmic,false,100,Breece Hall / Garrett Wilson
insert-production-line,18,Cubic,false,50,Breece Hall / Garrett Wilson
insert-production-line,18,Lava,false,10,Breece Hall / Garrett Wilson
insert-production-line,19,,false,,DK Metcalf / Tyler Lockett
insert-production-line,19,Cosmic,false,100,DK Metcalf / Tyler Lockett
insert-production-line,19,Cubic,false,50,DK Metcalf / Tyler Lockett
insert-production-line,19,Lava,false,10,DK Metcalf / Tyler Lockett
insert-production-line,20,,false,,Minkah Fitzpatrick / T.J. Watt
insert-production-line,20,Cosmic,false,100,Minkah Fitzpatrick / T.J. Watt
insert-production-line,20,Cubic,false,50,Minkah Fitzpatrick / T.J. Watt
insert-production-line,20,Lava,false,10,Minkah Fitzpatrick / T.J. Watt
insert-rated-rookies-retro,1,,false,,Laiatu Latu
insert-rated-rookies-retro,2,,false,,J.J. McCarthy
insert-rated-rookies-retro,3,,false,,Jonathon Brooks
insert-rated-rookies-retro,4,,false,,Marvin Harrison Jr.
insert-rated-rookies-retro,5,,false,,Ladd McConkey
insert-rated-rookies-retro,6,,false,,Malik Nabers
insert-rated-rookies-retro,7,,false,,Michael Penix Jr.
insert-rated-rookies-retro,8,,false,,Malachi Corley
insert-rated-rookies-retro,9,,false,,Brock Bowers
insert-rated-rookies-retro,10,,false,,Blake Corum
insert-rated-rookies-retro,11,,false,,Jayden Daniels
insert-rated-rookies-retro,12,,false,,Rome Odunze
insert-rated-rookies-retro,13,,false,,Xavier Legette
insert-rated-rookies-retro,14,,false,,Xavier Worthy
insert-rated-rookies-retro,15,,false,,MarShawn Lloyd
insert-rated-rookies-retro,16,,false,,Drake Maye
insert-rated-rookies-retro,17,,false,,Brian Thomas Jr.
insert-rated-rookies-retro,18,,false,,Roman Wilson
insert-rated-rookies-retro,19,,false,,Bo Nix
insert-rated-rookies-retro,20,,false,,Braelon Allen
insert-rated-rookies-throwback,1,,false,,Dallas Turner
insert-rated-rookies-throwback,1,Studio Series,false,100,Dallas Turner
insert-rated-rookies-throwback,2,,false,,J.J. McCarthy
insert-rated-rookies-throwback,2,Studio Series,false,100,J.J. McCarthy
insert-rated-rookies-throwback,3,,false,,Michael Penix Jr.
insert-rated-rookies-throwback,3,Studio Series,false,100,Michael Penix Jr.
insert-rated-rookies-throwback,4,,false,,Rome Odunze
insert-rated-rookies-throwback,4,Studio Series,false,100,Rome Odunze
insert-rated-rookies-throwback,5,,false,,Jalen McMillan
insert-rated-rookies-throwback,5,Studio Series,false,100,Jalen McMillan
insert-rated-rookies-throwback,6,,false,,Bucky Irving
insert-rated-rookies-throwback,6,Studio Series,false,100,Bucky Irving
insert-rated-rookies-throwback,7,,false,,Brian Thomas Jr.
insert-rated-rookies-throwback,7,Studio Series,false,100,Brian Thomas Jr.
insert-rated-rookies-throwback,8,,false,,Ja'Lynn Polk
insert-rated-rookies-throwback,8,Studio Series,false,100,Ja'Lynn Polk
insert-rated-rookies-throwback,9,,false,,Joe Milton III
insert-rated-rookies-throwback,9,Studio Series,false,100,Joe Milton III
insert-rated-rookies-throwback,10,,false,,Javon Baker
insert-rated-rookies-throwback,10,Studio Series,false,100,Javon Baker
insert-rated-rookies-throwback,11,,false,,Trey Benson
insert-rated-rookies-throwback,11,Studio Series,false,100,Trey Benson
insert-rated-rookies-throwback,12,,false,,Anthony Gould
insert-rated-rookies-throwback,12,Studio Series,false,100,Anthony Gould
insert-rated-rookies-throwback,13,,false,,Adonai Mitchell
insert-rated-rookies-throwback,13,Studio Series,false,100,Adonai Mitchell
insert-rated-rookies-throwback,14,,false,,Laiatu Latu
insert-rated-rookies-throwback,14,Studio Series,false,100,Laiatu Latu
insert-rated-rookies-throwback,15,,false,,Ben Sinnott
insert-rated-rookies-throwback,15,Studio Series,false,100,Ben Sinnott
insert-rated-rookies-throwback,16,,false,,Luke McCaffrey
insert-rated-rookies-throwback,16,Studio Series,false,100,Luke McCaffrey
insert-rated-rookies-throwback,17,,false,,Jaylen Wright
insert-rated-rookies-throwback,17,Studio Series,false,100,Jaylen Wright
insert-rated-rookies-throwback,18,,false,,Devin Leary
insert-rated-rookies-throwback,18,Studio Series,false,100,Devin Leary
insert-rated-rookies-throwback,19,,false,,Audric Estime
insert-rated-rookies-throwback,19,Studio Series,false,100,Audric Estime
insert-rated-rookies-throwback,20,,false,,Troy Franklin
insert-rated-rookies-throwback,20,Studio Series,false,100,Troy Franklin
insert-rated-rookies-throwback,21,,false,,Roman Wilson
insert-rated-rookies-throwback,21,Studio Series,false,100,Roman Wilson
insert-rated-rookies-throwback,22,,false,,Brenden Rice
insert-rated-rookies-throwback,22,Studio Series,false,100,Brenden Rice
insert-rated-rookies-throwback,23,,false,,Ladd McConkey
insert-rated-rookies-throwback,23,Studio Series,false,100,Ladd McConkey
insert-rated-rookies-throwback,24,,false,,Cade Stover
insert-rated-rookies-throwback,24,Studio Series,false,100,Cade Stover
insert-rated-rookies-throwback,25,,false,,Xavier Legette
insert-rated-rookies-throwback,25,Studio Series,false,100,Xavier Legette
insert-rated-rookies-throwback,26,,false,,Ja'Tavion Sanders
insert-rated-rookies-throwback,26,Studio Series,false,100,Ja'Tavion Sanders
insert-rated-rookies-throwback,27,,false,,Jonathon Brooks
insert-rated-rookies-throwback,27,Studio Series,false,100,Jonathon Brooks
insert-rated-rookies-throwback,28,,false,,Johnny Wilson
insert-rated-rookies-throwback,28,Studio Series,false,100,Johnny Wilson
insert-rated-rookies-throwback,29,,false,,Will Shipley
insert-rated-rookies-throwback,29,Studio Series,false,100,Will Shipley
insert-rated-rookies-throwback,30,,false,,Michael Pratt
insert-rated-rookies-throwback,30,Studio Series,false,100,Michael Pratt
insert-rated-rookies-throwback,31,,false,,MarShawn Lloyd
insert-rated-rookies-throwback,31,Studio Series,false,100,MarShawn Lloyd
insert-rated-rookies-throwback,32,,false,,Jacob Cowing
insert-rated-rookies-throwback,32,Studio Series,false,100,Jacob Cowing
insert-rated-rookies-throwback,33,,false,,Ricky Pearsall
insert-rated-rookies-throwback,33,Studio Series,false,100,Ricky Pearsall
insert-rated-rookies-throwback,34,,false,,Isaac Guerendo
insert-rated-rookies-throwback,34,Studio Series,false,100,Isaac Guerendo
insert-rated-rookies-throwback,35,,false,,Blake Corum
insert-rated-rookies-throwback,35,Studio Series,false,100,Blake Corum
insert-rated-rookies-throwback,36,,false,,Jermaine Burton
insert-rated-rookies-throwback,36,Studio Series,false,100,Jermaine Burton
insert-rated-rookies-throwback,37,,false,,Malachi Corley
insert-rated-rookies-throwback,37,Studio Series,false,100,Malachi Corley
insert-rated-rookies-throwback,38,,false,,Braelon Allen
insert-rated-rookies-throwback,38,Studio Series,false,100,Braelon Allen
insert-rated-rookies-throwback,39,,false,,Jordan Travis
insert-rated-rookies-throwback,39,Studio Series,false,100,Jordan Travis
insert-rated-rookies-throwback,40,,false,,Spencer Rattler
insert-rated-rookies-throwback,40,Studio Series,false,100,Spencer Rattler
insert-rated-rookies-throwback,41,,false,,Ray Davis
insert-rated-rookies-throwback,41,Studio Series,false,100,Ray Davis
insert-rated-rookies-throwback,42,,false,,Keon Coleman
insert-rated-rookies-throwback,42,Studio Series,false,100,Keon Coleman
insert-rated-rookies-throwback,43,,false,,Jayden Daniels
insert-rated-rookies-throwback,43,Studio Series,false,100,Jayden Daniels
insert-rated-rookies-throwback,44,,false,,Marvin Harrison Jr.
insert-rated-rookies-throwback,44,Studio Series,false,100,Marvin Harrison Jr.
insert-rated-rookies-throwback,45,,false,,Brock Bowers
insert-rated-rookies-throwback,45,Studio Series,false,100,Brock Bowers
insert-rated-rookies-throwback,46,,false,,Bo Nix
insert-rated-rookies-throwback,46,Studio Series,false,100,Bo Nix
insert-rated-rookies-throwback,47,,false,,Cooper DeJean
insert-rated-rookies-throwback,47,Studio Series,false,100,Cooper DeJean
insert-rated-rookies-throwback,48,,false,,Malik Nabers
insert-rated-rookies-throwback,48,Studio Series,false,100,Malik Nabers
insert-rated-rookies-throwback,49,,false,,Drake Maye
insert-rated-rookies-throwback,49,Studio Series,false,100,Drake Maye
insert-rated-rookies-throwback,50,,false,,Xavier Worthy
insert-rated-rookies-throwback,50,Studio Series,false,100,Xavier Worthy
insert-red-hot-rookies,1,,false,,Michael Penix Jr.
insert-red-hot-rookies,2,,false,,Brian Thomas Jr.
insert-red-hot-rookies,3,,false,,Xavier Legette
insert-red-hot-rookies,4,,false,,Ladd McConkey
insert-red-hot-rookies,5,,false,,Blake Corum
insert-red-hot-rookies,6,,false,,J.J. McCarthy
insert-red-hot-rookies,7,,false,,Drake Maye
insert-red-hot-rookies,8,,false,,Marvin Harrison Jr.
insert-red-hot-rookies,9,,false,,Malachi Corley
insert-red-hot-rookies,10,,false,,Audric Estime
insert-retro-1994,1,,false,,Josh Allen
insert-retro-1994,2,,false,,Patrick Mahomes II
insert-retro-1994,3,,false,,Tyreek Hill
insert-retro-1994,4,,false,,Christian McCaffrey
insert-retro-1994,5,,false,,DeMarcus Lawrence
insert-retro-1994,6,,false,,Michael Vick
insert-retro-1994,7,,false,,George Pickens
insert-retro-1994,8,,false,,Vance Johnson
insert-retro-1994,9,,false,,Jeremy Shockey
insert-retro-1994,10,,false,,Jason Kelce
insert-retro-1994,11,,false,,Tyree Wilson
insert-retro-1994,12,,false,,Khalil Shakir
insert-retro-1994,13,,false,,Brian Robinson Jr.
insert-retro-1994,14,,false,,George Pickens
insert-retro-1994,15,,false,,Trey McBride
insert-retro-1994,16,,false,,Vince Ferragamo
insert-retro-1994,17,,false,,Trent Green
insert-retro-1994,18,,false,,Brad Johnson
insert-retro-1994,19,,false,,Mel Renfro
insert-retro-1994,20,,false,,Robert Brazile
insert-retro-1994,21,,false,,Marvin Harrison Jr.
insert-retro-1994,22,,false,,Jayden Daniels
insert-retro-1994,23,,false,,Drake Maye
insert-retro-1994,24,,false,,Malik Nabers
insert-retro-1994,25,,false,,Michael Penix Jr.
insert-retro-1994,26,,false,,Rome Odunze
insert-retro-1994,27,,false,,J.J. McCarthy
insert-retro-1994,28,,false,,Bo Nix
insert-retro-1994,29,,false,,Brock Bowers
insert-retro-1994,30,,false,,Laiatu Latu
insert-retro-1994,31,,false,,Dallas Turner
insert-retro-1994,32,,false,,Brian Thomas Jr.
insert-retro-1994,33,,false,,Terrell Owens
insert-retro-1994,34,,false,,Xavier Worthy
insert-retro-1994,35,,false,,Ricky Pearsall
insert-retro-1994,36,,false,,Xavier Legette
insert-retro-1994,37,,false,,Jared Verse
insert-retro-1994,38,,false,,Keon Coleman
insert-retro-1994,39,,false,,Ladd McConkey
insert-retro-1994,40,,false,,Terry Bradshaw
insert-retro-2004,1,,false,,Lamar Jackson
insert-retro-2004,2,,false,,C.J. Stroud
insert-retro-2004,3,,false,,CeeDee Lamb
insert-retro-2004,4,,false,,Raheem Mostert
insert-retro-2004,5,,false,,Quinnen Williams
insert-retro-2004,6,,false,,Danny White
insert-retro-2004,7,,false,,Gilbert Brown
insert-retro-2004,8,,false,,Jeff Saturday
insert-retro-2004,9,,false,,Kellen Winslow
insert-retro-2004,10,,false,,Mark Duper
insert-retro-2004,11,,false,,Gardner Minshew II
insert-retro-2004,12,,false,,Cedric Tillman
insert-retro-2004,13,,false,,Kyren Williams
insert-retro-2004,14,,false,,Tyjae Spears
insert-retro-2004,15,,false,,Chase Brown
insert-retro-2004,16,,false,,Lee Evans
insert-retro-2004,17,,false,,Jeff Blake
insert-retro-2004,18,,false,,Jessie Armstead
insert-retro-2004,19,,false,,Wes Chandler
insert-retro-2004,20,,false,,William Perry
insert-retro-2004,21,,false,,Drake Maye
insert-retro-2004,22,,false,,Jayden Daniels
insert-retro-2004,23,,false,,Marvin Harrison Jr.
insert-retro-2004,24,,false,,Malik Nabers
insert-retro-2004,25,,false,,Michael Penix Jr.
insert-retro-2004,26,,false,,Rome Odunze
insert-retro-2004,27,,false,,J.J. McCarthy
insert-retro-2004,28,,false,,Brock Bowers
insert-retro-2004,29,,false,,Laiatu Latu
insert-retro-2004,30,,false,,Dallas Turner
insert-retro-2004,31,,false,,Brian Thomas Jr.
insert-retro-2004,32,,false,,Xavier Worthy
insert-retro-2004,33,,false,,Ricky Pearsall
insert-retro-2004,34,,false,,Xavier Legette
insert-retro-2004,35,,false,,Joe Milton III
insert-retro-2004,36,,false,,Spencer Rattler
insert-retro-2004,37,,false,,Michael Pratt
insert-retro-2004,38,,false,,Keon Coleman
insert-retro-2004,39,,false,,Ladd McConkey
insert-retro-2004,40,,false,,Ja'Lynn Polk
insert-road-to-the-super-bowl-championship,1,,false,,Patrick Mahomes II
insert-road-to-the-super-bowl-championship,1,Holo,false,100,Patrick Mahomes II
insert-road-to-the-super-bowl-conference-championship,1,,false,,Travis Kelce
insert-road-to-the-super-bowl-conference-championship,1,Holo,false,100,Travis Kelce
insert-road-to-the-super-bowl-conference-championship,2,,false,,Brock Purdy
insert-road-to-the-super-bowl-conference-championship,2,Holo,false,100,Brock Purdy
insert-road-to-the-super-bowl-divisional-round,1,,false,,Lamar Jackson
insert-road-to-the-super-bowl-divisional-round,1,Holo,false,100,Lamar Jackson
insert-road-to-the-super-bowl-divisional-round,2,,false,,Christian McCaffrey
insert-road-to-the-super-bowl-divisional-round,2,Holo,false,100,Christian McCaffrey
insert-road-to-the-super-bowl-divisional-round,3,,false,,Jared Goff
insert-road-to-the-super-bowl-divisional-round,3,Holo,false,100,Jared Goff
insert-road-to-the-super-bowl-divisional-round,4,,false,,Travis Kelce
insert-road-to-the-super-bowl-divisional-round,4,Holo,false,100,Travis Kelce
insert-road-to-the-super-bowl-wild-card,1,,false,,Rashee Rice
insert-road-to-the-super-bowl-wild-card,1,Holo,false,100,Rashee Rice
insert-road-to-the-super-bowl-wild-card,2,,false,,C.J. Stroud
insert-road-to-the-super-bowl-wild-card,2,Holo,false,100,C.J. Stroud
insert-road-to-the-super-bowl-wild-card,3,,false,,Jordan Love
insert-road-to-the-super-bowl-wild-card,3,Holo,false,100,Jordan Love
insert-road-to-the-super-bowl-wild-card,4,,false,,Puka Nacua
insert-road-to-the-super-bowl-wild-card,4,Holo,false,100,Puka Nacua
insert-road-to-the-super-bowl-wild-card,5,,false,,Baker Mayfield
insert-road-to-the-super-bowl-wild-card,5,Holo,false,100,Baker Mayfield
insert-road-to-the-super-bowl-wild-card,6,,false,,Josh Allen
insert-road-to-the-super-bowl-wild-card,6,Holo,false,100,Josh Allen
insert-rookie-gridiron-kings,1,,false,,Jayden Daniels
insert-rookie-gridiron-kings,1,Studio Series,false,100,Jayden Daniels
insert-rookie-gridiron-kings,2,,false,,Laiatu Latu
insert-rookie-gridiron-kings,2,Studio Series,false,100,Laiatu Latu
insert-rookie-gridiron-kings,3,,false,,Drake Maye
insert-rookie-gridiron-kings,3,Studio Series,false,100,Drake Maye
insert-rookie-gridiron-kings,4,,false,,Michael Penix Jr.
insert-rookie-gridiron-kings,4,Studio Series,false,100,Michael Penix Jr.
insert-rookie-gridiron-kings,5,,false,,J.J. McCarthy
insert-rookie-gridiron-kings,5,Studio Series,false,100,J.J. McCarthy
insert-rookie-gridiron-kings,6,,false,,Bo Nix
insert-rookie-gridiron-kings,6,Studio Series,false,100,Bo Nix
insert-rookie-gridiron-kings,7,,false,,Rome Odunze
insert-rookie-gridiron-kings,7,Studio Series,false,100,Rome Odunze
insert-rookie-gridiron-kings,8,,false,,Brian Thomas Jr.
insert-rookie-gridiron-kings,8,Studio Series,false,100,Brian Thomas Jr.
insert-rookie-gridiron-kings,9,,false,,Malachi Corley
insert-rookie-gridiron-kings,9,Studio Series,false,100,Malachi Corley
insert-rookie-gridiron-kings,10,,false,,Marvin Harrison Jr.
insert-rookie-gridiron-kings,10,Studio Series,false,100,Marvin Harrison Jr.
insert-rookie-gridiron-kings,11,,false,,Malik Nabers
insert-rookie-gridiron-kings,11,Studio Series,false,100,Malik Nabers
insert-rookie-gridiron-kings,12,,false,,Audric Estime
insert-rookie-gridiron-kings,12,Studio Series,false,100,Audric Estime
insert-rookie-gridiron-kings,13,,false,,Keon Coleman
insert-rookie-gridiron-kings,13,Studio Series,false,100,Keon Coleman
insert-rookie-gridiron-kings,14,,false,,Trey Benson
insert-rookie-gridiron-kings,14,Studio Series,false,100,Trey Benson
insert-rookie-gridiron-kings,15,,false,,Roman Wilson
insert-rookie-gridiron-kings,15,Studio Series,false,100,Roman Wilson
insert-rookie-gridiron-kings,16,,false,,Ja'Lynn Polk
insert-rookie-gridiron-kings,16,Studio Series,false,100,Ja'Lynn Polk
insert-rookie-gridiron-kings,17,,false,,Blake Corum
insert-rookie-gridiron-kings,17,Studio Series,false,100,Blake Corum
insert-rookie-gridiron-kings,18,,false,,Troy Franklin
insert-rookie-gridiron-kings,18,Studio Series,false,100,Troy Franklin
insert-rookie-gridiron-kings,19,,false,,Xavier Legette
insert-rookie-gridiron-kings,19,Studio Series,false,100,Xavier Legette
insert-rookie-gridiron-kings,20,,false,,Jaylen Wright
insert-rookie-gridiron-kings,20,Studio Series,false,100,Jaylen Wright
insert-rookie-revolution,1,,false,,Xavier Legette
insert-rookie-revolution,1,Cosmic,false,100,Xavier Legette
insert-rookie-revolution,1,Cubic,false,50,Xavier Legette
insert-rookie-revolution,1,Lava,false,10,Xavier Legette
insert-rookie-revolution,2,,false,,Blake Corum
insert-rookie-revolution,2,Cosmic,false,100,Blake Corum
insert-rookie-revolution,2,Cubic,false,50,Blake Corum
insert-rookie-revolution,2,Lava,false,10,Blake Corum
insert-rookie-revolution,3,,false,,J.J. McCarthy
insert-rookie-revolution,3,Cosmic,false,100,J.J. McCarthy
insert-rookie-revolution,3,Cubic,false,50,J.J. McCarthy
insert-rookie-revolution,3,Lava,false,10,J.J. McCarthy
insert-rookie-revolution,4,,false,,Ladd McConkey
insert-rookie-revolution,4,Cosmic,false,100,Ladd McConkey
insert-rookie-revolution,4,Cubic,false,50,Ladd McConkey
insert-rookie-revolution,4,Lava,false,10,Ladd McConkey
insert-rookie-revolution,5,,false,,Rome Odunze
insert-rookie-revolution,5,Cosmic,false,100,Rome Odunze
insert-rookie-revolution,5,Cubic,false,50,Rome Odunze
insert-rookie-revolution,5,Lava,false,10,Rome Odunze
insert-rookie-revolution,6,,false,,Michael Penix Jr.
insert-rookie-revolution,6,Cosmic,false,100,Michael Penix Jr.
insert-rookie-revolution,6,Cubic,false,50,Michael Penix Jr.
insert-rookie-revolution,6,Lava,false,10,Michael Penix Jr.
insert-rookie-revolution,7,,false,,Brock Bowers
insert-rookie-revolution,7,Cosmic,false,100,Brock Bowers
insert-rookie-revolution,7,Cubic,false,50,Brock Bowers
insert-rookie-revolution,7,Lava,false,10,Brock Bowers
insert-rookie-revolution,8,,false,,Brian Thomas Jr.
insert-rookie-revolution,8,Cosmic,false,100,Brian Thomas Jr.
insert-rookie-revolution,8,Cubic,false,50,Brian Thomas Jr.
insert-rookie-revolution,8,Lava,false,10,Brian Thomas Jr.
insert-rookie-revolution,9,,false,,Jayden Daniels
insert-rookie-revolution,9,Cosmic,false,100,Jayden Daniels
insert-rookie-revolution,9,Cubic,false,50,Jayden Daniels
insert-rookie-revolution,9,Lava,false,10,Jayden Daniels
insert-rookie-revolution,10,,false,,Laiatu Latu
insert-rookie-revolution,10,Cosmic,false,100,Laiatu Latu
insert-rookie-revolution,10,Cubic,false,50,Laiatu Latu
insert-rookie-revolution,10,Lava,false,10,Laiatu Latu
insert-rookie-revolution,11,,false,,Ricky Pearsall
insert-rookie-revolution,11,Cosmic,false,100,Ricky Pearsall
insert-rookie-revolution,11,Cubic,false,50,Ricky Pearsall
insert-rookie-revolution,11,Lava,false,10,Ricky Pearsall
insert-rookie-revolution,12,,false,,Bo Nix
insert-rookie-revolution,12,Cosmic,false,100,Bo Nix
insert-rookie-revolution,12,Cubic,false,50,Bo Nix
insert-rookie-revolution,12,Lava,false,10,Bo Nix
insert-rookie-revolution,13,,false,,Jonathon Brooks
insert-rookie-revolution,13,Cosmic,false,100,Jonathon Brooks
insert-rookie-revolution,13,Cubic,false,50,Jonathon Brooks
insert-rookie-revolution,13,Lava,false,10,Jonathon Brooks
insert-rookie-revolution,14,,false,,Marvin Harrison Jr.
insert-rookie-revolution,14,Cosmic,false,100,Marvin Harrison Jr.
insert-rookie-revolution,14,Cubic,false,50,Marvin Harrison Jr.
insert-rookie-revolution,14,Lava,false,10,Marvin Harrison Jr.
insert-rookie-revolution,15,,false,,Trey Benson
insert-rookie-revolution,15,Cosmic,false,100,Trey Benson
insert-rookie-revolution,15,Cubic,false,50,Trey Benson
insert-rookie-revolution,15,Lava,false,10,Trey Benson
insert-rookie-revolution,16,,false,,Xavier Worthy
insert-rookie-revolution,16,Cosmic,false,100,Xavier Worthy
insert-rookie-revolution,16,Cubic,false,50,Xavier Worthy
insert-rookie-revolution,16,Lava,false,10,Xavier Worthy
insert-rookie-revolution,17,,false,,Malik Nabers
insert-rookie-revolution,17,Cosmic,false,100,Malik Nabers
insert-rookie-revolution,17,Cubic,false,50,Malik Nabers
insert-rookie-revolution,17,Lava,false,10,Malik Nabers
insert-rookie-revolution,18,,false,,Drake Maye
insert-rookie-revolution,18,Cosmic,false,100,Drake Maye
insert-rookie-revolution,18,Cubic,false,50,Drake Maye
insert-rookie-revolution,18,Lava,false,10,Drake Maye
insert-rookie-revolution,19,,false,,Roman Wilson
insert-rookie-revolution,19,Cosmic,false,100,Roman Wilson
insert-rookie-revolution,19,Cubic,false,50,Roman Wilson
insert-rookie-revolution,19,Lava,false,10,Roman Wilson
insert-rookie-revolution,20,,false,,Keon Coleman
insert-rookie-revolution,20,Cosmic,false,100,Keon Coleman
insert-rookie-revolution,20,Cubic,false,50,Keon Coleman
insert-rookie-revolution,20,Lava,false,10,Keon Coleman
insert-rookie-revolution,21,,false,,Will Shipley
insert-rookie-revolution,21,Cosmic,false,100,Will Shipley
insert-rookie-revolution,21,Cubic,false,50,Will Shipley
insert-rookie-revolution,21,Lava,false,10,Will Shipley
insert-rookie-revolution,22,,false,,Jalen McMillan
insert-rookie-revolution,22,Cosmic,false,100,Jalen McMillan
insert-rookie-revolution,22,Cubic,false,50,Jalen McMillan
insert-rookie-revolution,22,Lava,false,10,Jalen McMillan
insert-rookie-revolution,23,,false,,MarShawn Lloyd
insert-rookie-revolution,23,Cosmic,false,100,MarShawn Lloyd
insert-rookie-revolution,23,Cubic,false,50,MarShawn Lloyd
insert-rookie-revolution,23,Lava,false,10,MarShawn Lloyd
insert-rookie-revolution,24,,false,,Audric Estime
insert-rookie-revolution,24,Cosmic,false,100,Audric Estime
insert-rookie-revolution,24,Cubic,false,50,Audric Estime
insert-rookie-revolution,24,Lava,false,10,Audric Estime
insert-rookie-revolution,25,,false,,Ja'Tavion Sanders
insert-rookie-revolution,25,Cosmic,false,100,Ja'Tavion Sanders
insert-rookie-revolution,25,Cubic,false,50,Ja'Tavion Sanders
insert-rookie-revolution,25,Lava,false,10,Ja'Tavion Sanders
insert-rookie-revolution,26,,false,,Dallas Turner
insert-rookie-revolution,26,Cosmic,false,100,Dallas Turner
insert-rookie-revolution,26,Cubic,false,50,Dallas Turner
insert-rookie-revolution,26,Lava,false,10,Dallas Turner
insert-rookie-revolution,27,,false,,Adonai Mitchell
insert-rookie-revolution,27,Cosmic,false,100,Adonai Mitchell
insert-rookie-revolution,27,Cubic,false,50,Adonai Mitchell
insert-rookie-revolution,27,Lava,false,10,Adonai Mitchell
insert-rookie-revolution,28,,false,,Luke McCaffrey
insert-rookie-revolution,28,Cosmic,false,100,Luke McCaffrey
insert-rookie-revolution,28,Cubic,false,50,Luke McCaffrey
insert-rookie-revolution,28,Lava,false,10,Luke McCaffrey
insert-rookie-revolution,29,,false,,Troy Franklin
insert-rookie-revolution,29,Cosmic,false,100,Troy Franklin
insert-rookie-revolution,29,Cubic,false,50,Troy Franklin
insert-rookie-revolution,29,Lava,false,10,Troy Franklin
insert-rookie-revolution,30,,false,,Spencer Rattler
insert-rookie-revolution,30,Cosmic,false,100,Spencer Rattler
insert-rookie-revolution,30,Cubic,false,50,Spencer Rattler
insert-rookie-revolution,30,Lava,false,10,Spencer Rattler
insert-rookie-revolution,31,,false,,Ja'Lynn Polk
insert-rookie-revolution,31,Cosmic,false,100,Ja'Lynn Polk
insert-rookie-revolution,31,Cubic,false,50,Ja'Lynn Polk
insert-rookie-revolution,31,Lava,false,10,Ja'Lynn Polk
insert-rookie-revolution,32,,false,,Laiatu Latu
insert-rookie-revolution,32,Cosmic,false,100,Laiatu Latu
insert-rookie-revolution,32,Cubic,false,50,Laiatu Latu
insert-rookie-revolution,32,Lava,false,10,Laiatu Latu
insert-rookie-revolution,33,,false,,Jaylen Wright
insert-rookie-revolution,33,Cosmic,false,100,Jaylen Wright
insert-rookie-revolution,33,Cubic,false,50,Jaylen Wright
insert-rookie-revolution,33,Lava,false,10,Jaylen Wright
insert-rookie-revolution,34,,false,,Malachi Corley
insert-rookie-revolution,34,Cosmic,false,100,Malachi Corley
insert-rookie-revolution,34,Cubic,false,50,Malachi Corley
insert-rookie-revolution,34,Lava,false,10,Malachi Corley
insert-rookie-revolution,35,,false,,Bucky Irving
insert-rookie-revolution,35,Cosmic,false,100,Bucky Irving
insert-rookie-revolution,35,Cubic,false,50,Bucky Irving
insert-rookie-revolution,35,Lava,false,10,Bucky Irving
insert-rookie-revolution,36,,false,,Javon Baker
insert-rookie-revolution,36,Cosmic,false,100,Javon Baker
insert-rookie-revolution,36,Cubic,false,50,Javon Baker
insert-rookie-revolution,36,Lava,false,10,Javon Baker
insert-rookie-revolution,37,,false,,Ray Davis
insert-rookie-revolution,37,Cosmic,false,100,Ray Davis
insert-rookie-revolution,37,Cubic,false,50,Ray Davis
insert-rookie-revolution,37,Lava,false,10,Ray Davis
insert-rookie-revolution,38,,false,,Jermaine Burton
insert-rookie-revolution,38,Cosmic,false,100,Jermaine Burton
insert-rookie-revolution,38,Cubic,false,50,Jermaine Burton
insert-rookie-revolution,38,Lava,false,10,Jermaine Burton
insert-rookie-revolution,39,,false,,Brenden Rice
insert-rookie-revolution,39,Cosmic,false,100,Brenden Rice
insert-rookie-revolution,39,Cubic,false,50,Brenden Rice
insert-rookie-revolution,39,Lava,false,10,Brenden Rice
insert-rookie-revolution,40,,false,,Braelon Allen
insert-rookie-revolution,40,Cosmic,false,100,Braelon Allen
insert-rookie-revolution,40,Cubic,false,50,Braelon Allen
insert-rookie-revolution,40,Lava,false,10,Braelon Allen
insert-super-bowl-mvp,1,,false,,Patrick Mahomes II
insert-super-bowl-mvp,1,Holo,false,100,Patrick Mahomes II
insert-the-elite-series,1,,false,,DK Metcalf
insert-the-elite-series,2,,false,,Dak Prescott
insert-the-elite-series,3,,false,,Bobby Okereke
insert-the-elite-series,4,,false,,Deebo Samuel
insert-the-elite-series,5,,false,,Cooper Kupp
insert-the-elite-series,6,,false,,Terry McLaurin
insert-the-elite-series,7,,false,,James Conner
insert-the-elite-series,8,,false,,Jalen Hurts
insert-the-elite-series,9,,false,,De'Von Achane
insert-the-elite-series,10,,false,,Von Miller
insert-the-elite-series,11,,false,,Aaron Rodgers
insert-the-elite-series,12,,false,,Bryce Young
insert-the-elite-series,13,,false,,Taysom Hill
insert-the-elite-series,14,,false,,Maxx Crosby
insert-the-elite-series,15,,false,,Josh Allen
insert-the-elite-series,16,,false,,Patrick Mahomes II
insert-the-elite-series,17,,false,,Derwin James Jr.
insert-the-elite-series,18,,false,,Zay Flowers
insert-the-elite-series,19,,false,,Bijan Robinson
insert-the-elite-series,20,,false,,Josh Hines-Allen
insert-the-elite-series,21,,false,,Mike Evans
insert-the-elite-series,22,,false,,Joe Burrow
insert-the-elite-series,23,,false,,Jahmyr Gibbs
insert-the-elite-series,24,,false,,Zaire Franklin
insert-the-elite-series,25,,false,,DeAndre Hopkins
insert-the-elite-series,26,,false,,DJ Moore
insert-the-elite-series,27,,false,,T.J. Watt
insert-the-elite-series,28,,false,,Nico Collins
insert-the-elite-series,29,,false,,Nick Chubb
insert-the-elite-series,30,,false,,Justin Jefferson
insert-the-elite-series,1,Rookie,false,,Jonathon Brooks
insert-the-elite-series,2,Rookie,false,,Michael Penix Jr.
insert-the-elite-series,3,Rookie,false,,Ladd McConkey
insert-the-elite-series,4,Rookie,false,,J.J. McCarthy
insert-the-elite-series,5,Rookie,false,,Blake Corum
insert-the-elite-series,6,Rookie,false,,Ja'Tavion Sanders
insert-the-elite-series,7,Rookie,false,,Rome Odunze
insert-the-elite-series,8,Rookie,false,,Spencer Rattler
insert-the-elite-series,9,Rookie,false,,Jacob Cowing
insert-the-elite-series,10,Rookie,false,,Ja'Lynn Polk
insert-the-elite-series,11,Rookie,false,,Cade Stover
insert-the-elite-series,12,Rookie,false,,Ray Davis
insert-the-elite-series,13,Rookie,false,,MarShawn Lloyd
insert-the-elite-series,14,Rookie,false,,Brenden Rice
insert-the-elite-series,15,Rookie,false,,Laiatu Latu
insert-the-elite-series,16,Rookie,false,,Keon Coleman
insert-the-elite-series,17,Rookie,false,,Brian Thomas Jr.
insert-the-elite-series,18,Rookie,false,,Jordan Travis
insert-the-elite-series,19,Rookie,false,,Audric Estime
insert-the-elite-series,20,Rookie,false,,Xavier Legette
insert-the-elite-series,21,Rookie,false,,Dallas Turner
insert-the-elite-series,22,Rookie,false,,Ricky Pearsall
insert-the-elite-series,23,Rookie,false,,Roman Wilson
insert-the-elite-series,24,Rookie,false,,Malachi Corley
insert-the-elite-series,25,Rookie,false,,Trey Benson
insert-the-elite-series,26,Rookie,false,,Javon Baker
insert-the-elite-series,27,Rookie,false,,Isaac Guerendo
insert-the-elite-series,28,Rookie,false,,Will Shipley
insert-the-elite-series,29,Rookie,false,,Adonai Mitchell
insert-the-elite-series,30,Rookie,false,,Jalen McMillan
insert-the-legends-series,1,,false,,Terry Bradshaw
insert-the-legends-series,2,,false,,Terrell Owens
insert-the-legends-series,3,,false,,Harold Carmichael
insert-the-legends-series,4,,false,,Darrell Green
insert-the-legends-series,5,,false,,Chris Johnson
insert-the-legends-series,6,,false,,Jimmy Smith
insert-the-legends-series,7,,false,,Adam Vinatieri
insert-the-legends-series,8,,false,,Bruce Smith
insert-the-legends-series,9,,false,,James Lofton
insert-the-legends-series,10,,false,,Roger Craig
insert-the-legends-series,11,,false,,Michael Vick
insert-the-legends-series,12,,false,,Hines Ward
insert-the-legends-series,13,,false,,Wesley Walker
insert-the-legends-series,14,,false,,Phil Simms
insert-the-legends-series,15,,false,,Archie Manning
insert-the-legends-series,16,,false,,Jason Taylor
insert-the-legends-series,17,,false,,Billy Sims
insert-the-legends-series,18,,false,,Vance Johnson
insert-the-legends-series,19,,false,,Boomer Esiason
insert-the-legends-series,20,,false,,Leroy Kelly
insert-the-rookies,1,,false,,J.J. McCarthy
insert-the-rookies,2,,false,,Michael Penix Jr.
insert-the-rookies,3,,false,,Rome Odunze
insert-the-rookies,4,,false,,Trey Benson
insert-the-rookies,5,,false,,Ladd McConkey
insert-the-rookies,6,,false,,Ja'Tavion Sanders
insert-the-rookies,7,,false,,Jalen McMillan
insert-the-rookies,8,,false,,Brian Thomas Jr.
insert-the-rookies,9,,false,,Dallas Turner
insert-the-rookies,10,,false,,Joe Milton III
insert-the-rookies,11,,false,,Cade Stover
insert-the-rookies,12,,false,,Malachi Corley
insert-the-rookies,13,,false,,MarShawn Lloyd
insert-the-rookies,14,,false,,Ben Sinnott
insert-the-rookies,15,,false,,Ja'Lynn Polk
insert-the-rookies,16,,false,,Ricky Pearsall
insert-the-rookies,17,,false,,Michael Pratt
insert-the-rookies,18,,false,,Bucky Irving
insert-the-rookies,19,,false,,Roman Wilson
insert-the-rookies,20,,false,,Keon Coleman
insert-the-rookies,21,,false,,Xavier Legette
insert-the-rookies,22,,false,,Luke McCaffrey
insert-the-rookies,23,,false,,Adonai Mitchell
insert-the-rookies,24,,false,,Spencer Rattler
insert-the-rookies,25,,false,,Javon Baker
insert-the-rookies,26,,false,,Will Shipley
insert-the-rookies,27,,false,,Braelon Allen
insert-the-rookies,28,,false,,Brenden Rice
insert-the-rookies,29,,false,,Blake Corum
insert-the-rookies,30,,false,,Jaylen Wright
insert-the-rookies,31,,false,,Jermaine Burton
insert-the-rookies,32,,false,,Jordan Travis
insert-the-rookies,33,,false,,Audric Estime
insert-the-rookies,34,,false,,Malik Nabers
insert-the-rookies,35,,false,,Laiatu Latu
insert-the-rookies,36,,false,,Brock Bowers
insert-the-rookies,37,,false,,Jayden Daniels
insert-the-rookies,38,,false,,Bo Nix
insert-the-rookies,39,,false,,Drake Maye
insert-the-rookies,40,,false,,Xavier Worthy
insert-unleashed,1,,false,,C.J. Stroud
insert-unleashed,1,Gold,false,10,C.J. Stroud
insert-unleashed,1,Black,false,1,C.J. Stroud
insert-unleashed,2,,false,,Lamar Jackson
insert-unleashed,2,Gold,false,10,Lamar Jackson
insert-unleashed,2,Black,false,1,Lamar Jackson
insert-unleashed,3,,false,,Christian McCaffrey
insert-unleashed,3,Gold,false,10,Christian McCaffrey
insert-unleashed,3,Black,false,1,Christian McCaffrey
insert-unleashed,4,,false,,Puka Nacua
insert-unleashed,4,Gold,false,10,Puka Nacua
insert-unleashed,4,Black,false,1,Puka Nacua
insert-unleashed,5,,false,,Sam LaPorta
insert-unleashed,5,Gold,false,10,Sam LaPorta
insert-unleashed,5,Black,false,1,Sam LaPorta
insert-unleashed,6,,false,,Brock Purdy
insert-unleashed,6,Gold,false,10,Brock Purdy
insert-unleashed,6,Black,false,1,Brock Purdy
insert-unleashed,7,,false,,Ja'Marr Chase
insert-unleashed,7,Gold,false,10,Ja'Marr Chase
insert-unleashed,7,Black,false,1,Ja'Marr Chase
insert-unleashed,8,,false,,CeeDee Lamb
insert-unleashed,8,Gold,false,10,CeeDee Lamb
insert-unleashed,8,Black,false,1,CeeDee Lamb
insert-unleashed,9,,false,,Isiah Pacheco
insert-unleashed,9,Gold,false,10,Isiah Pacheco
insert-unleashed,9,Black,false,1,Isiah Pacheco
insert-unleashed,10,,false,,Anthony Richardson
insert-unleashed,10,Gold,false,10,Anthony Richardson
insert-unleashed,10,Black,false,1,Anthony Richardson
insert-unleashed,11,,false,,Travis Etienne Jr.
insert-unleashed,11,Gold,false,10,Travis Etienne Jr.
insert-unleashed,11,Black,false,1,Travis Etienne Jr.
insert-unleashed,12,,false,,Baker Mayfield
insert-unleashed,12,Gold,false,10,Baker Mayfield
insert-unleashed,12,Black,false,1,Baker Mayfield
insert-unleashed,13,,false,,Bijan Robinson
insert-unleashed,13,Gold,false,10,Bijan Robinson
insert-unleashed,13,Black,false,1,Bijan Robinson
insert-unleashed,14,,false,,Jordan Love
insert-unleashed,14,Gold,false,10,Jordan Love
insert-unleashed,14,Black,false,1,Jordan Love
insert-unleashed,15,,false,,Amon-Ra St. Brown
insert-unleashed,15,Gold,false,10,Amon-Ra St. Brown
insert-unleashed,15,Black,false,1,Amon-Ra St. Brown
insert-unleashed,16,,false,,T.J. Watt
insert-unleashed,16,Gold,false,10,T.J. Watt
insert-unleashed,16,Black,false,1,T.J. Watt
insert-unleashed,17,,false,,Micah Parsons
insert-unleashed,17,Gold,false,10,Micah Parsons
insert-unleashed,17,Black,false,1,Micah Parsons
insert-unleashed,18,,false,,Raheem Mostert
insert-unleashed,18,Gold,false,10,Raheem Mostert
insert-unleashed,18,Black,false,1,Raheem Mostert
insert-unleashed,19,,false,,Garrett Wilson
insert-unleashed,19,Gold,false,10,Garrett Wilson
insert-unleashed,19,Black,false,1,Garrett Wilson
insert-unleashed,20,,false,,A.J. Brown
insert-unleashed,20,Gold,false,10,A.J. Brown
insert-unleashed,20,Black,false,1,A.J. Brown
insert-unleashed,21,,false,,Will Levis
insert-unleashed,21,Gold,false,10,Will Levis
insert-unleashed,21,Black,false,1,Will Levis
insert-unleashed,22,,false,,Kyler Murray
insert-unleashed,22,Gold,false,10,Kyler Murray
insert-unleashed,22,Black,false,1,Kyler Murray
insert-unleashed,23,,false,,DJ Moore
insert-unleashed,23,Gold,false,10,DJ Moore
insert-unleashed,23,Black,false,1,DJ Moore
insert-unleashed,24,,false,,George Kittle
insert-unleashed,24,Gold,false,10,George Kittle
insert-unleashed,24,Black,false,1,George Kittle
insert-unleashed,25,,false,,DK Metcalf
insert-unleashed,25,Gold,false,10,DK Metcalf
insert-unleashed,25,Black,false,1,DK Metcalf
insert-vortex,1,,false,,Rome Odunze
insert-vortex,1,Cosmic,false,100,Rome Odunze
insert-vortex,1,Cubic,false,50,Rome Odunze
insert-vortex,1,Lava,false,10,Rome Odunze
insert-vortex,2,,false,,Jonathon Brooks
insert-vortex,2,Cosmic,false,100,Jonathon Brooks
insert-vortex,2,Cubic,false,50,Jonathon Brooks
insert-vortex,2,Lava,false,10,Jonathon Brooks
insert-vortex,3,,false,,Brock Bowers
insert-vortex,3,Cosmic,false,100,Brock Bowers
insert-vortex,3,Cubic,false,50,Brock Bowers
insert-vortex,3,Lava,false,10,Brock Bowers
insert-vortex,4,,false,,Jayden Daniels
insert-vortex,4,Cosmic,false,100,Jayden Daniels
insert-vortex,4,Cubic,false,50,Jayden Daniels
insert-vortex,4,Lava,false,10,Jayden Daniels
insert-vortex,5,,false,,Brian Thomas Jr.
insert-vortex,5,Cosmic,false,100,Brian Thomas Jr.
insert-vortex,5,Cubic,false,50,Brian Thomas Jr.
insert-vortex,5,Lava,false,10,Brian Thomas Jr.
insert-vortex,6,,false,,Bo Nix
insert-vortex,6,Cosmic,false,100,Bo Nix
insert-vortex,6,Cubic,false,50,Bo Nix
insert-vortex,6,Lava,false,10,Bo Nix
insert-vortex,7,,false,,Marvin Harrison Jr.
insert-vortex,7,Cosmic,false,100,Marvin Harrison Jr.
insert-vortex,7,Cubic,false,50,Marvin Harrison Jr.
insert-vortex,7,Lava,false,10,Marvin Harrison Jr.
insert-vortex,8,,false,,Michael Penix Jr.
insert-vortex,8,Cosmic,false,100,Michael Penix Jr.
insert-vortex,8,Cubic,false,50,Michael Penix Jr.
insert-vortex,8,Lava,false,10,Michael Penix Jr.
insert-vortex,9,,false,,Malik Nabers
insert-vortex,9,Cosmic,false,100,Malik Nabers
insert-vortex,9,Cubic,false,50,Malik Nabers
insert-vortex,9,Lava,false,10,Malik Nabers
insert-vortex,10,,false,,Drake Maye
insert-vortex,10,Cosmic,false,100,Drake Maye
insert-vortex,10,Cubic,false,50,Drake Maye
insert-vortex,10,Lava,false,10,Drake Maye
insert-vortex,11,,false,,Xavier Worthy
insert-vortex,11,Cosmic,false,100,Xavier Worthy
insert-vortex,11,Cubic,false,50,Xavier Worthy
insert-vortex,11,Lava,false,10,Xavier Worthy
insert-vortex,12,,false,,J.J. McCarthy
insert-vortex,12,Cosmic,false,100,J.J. McCarthy
insert-vortex,12,Cubic,false,50,J.J. McCarthy
insert-vortex,12,Lava,false,10,J.J. McCarthy
insert-vortex,13,,false,,CeeDee Lamb
insert-vortex,13,Cosmic,false,100,CeeDee Lamb
insert-vortex,13,Cubic,false,50,CeeDee Lamb
insert-vortex,13,Lava,false,10,CeeDee Lamb
insert-vortex,14,,false,,Brock Purdy
insert-vortex,14,Cosmic,false,100,Brock Purdy
insert-vortex,14,Cubic,false,50,Brock Purdy
insert-vortex,14,Lava,false,10,Brock Purdy
insert-vortex,15,,false,,Tyreek Hill
insert-vortex,15,Cosmic,false,100,Tyreek Hill
insert-vortex,15,Cubic,false,50,Tyreek Hill
insert-vortex,15,Lava,false,10,Tyreek Hill
insert-vortex,16,,false,,Jordan Love
insert-vortex,16,Cosmic,false,100,Jordan Love
insert-vortex,16,Cubic,false,50,Jordan Love
insert-vortex,16,Lava,false,10,Jordan Love
insert-vortex,17,,false,,Ja'Marr Chase
insert-vortex,17,Cosmic,false,100,Ja'Marr Chase
insert-vortex,17,Cubic,false,50,Ja'Marr Chase
insert-vortex,17,Lava,false,10,Ja'Marr Chase
insert-vortex,18,,false,,Matthew Stafford
insert-vortex,18,Cosmic,false,100,Matthew Stafford
insert-vortex,18,Cubic,false,50,Matthew Stafford
insert-vortex,18,Lava,false,10,Matthew Stafford
insert-vortex,19,,false,,Derrick Henry
insert-vortex,19,Cosmic,false,100,Derrick Henry
insert-vortex,19,Cubic,false,50,Derrick Henry
insert-vortex,19,Lava,false,10,Derrick Henry
insert-vortex,20,,false,,Deshaun Watson
insert-vortex,20,Cosmic,false,100,Deshaun Watson
insert-vortex,20,Cubic,false,50,Deshaun Watson
insert-vortex,20,Lava,false,10,Deshaun Watson
insert-vortex,21,,false,,Justin Jefferson
insert-vortex,21,Cosmic,false,100,Justin Jefferson
insert-vortex,21,Cubic,false,50,Justin Jefferson
insert-vortex,21,Lava,false,10,Justin Jefferson
insert-vortex,22,,false,,Lamar Jackson
insert-vortex,22,Cosmic,false,100,Lamar Jackson
insert-vortex,22,Cubic,false,50,Lamar Jackson
insert-vortex,22,Lava,false,10,Lamar Jackson
insert-vortex,23,,false,,Jonathan Taylor
insert-vortex,23,Cosmic,false,100,Jonathan Taylor
insert-vortex,23,Cubic,false,50,Jonathan Taylor
insert-vortex,23,Lava,false,10,Jonathan Taylor
insert-vortex,24,,false,,Kirk Cousins
insert-vortex,24,Cosmic,false,100,Kirk Cousins
insert-vortex,24,Cubic,false,50,Kirk Cousins
insert-vortex,24,Lava,false,10,Kirk Cousins
insert-vortex,25,,false,,Adonai Mitchell
insert-vortex,25,Cosmic,false,100,Adonai Mitchell
insert-vortex,25,Cubic,false,50,Adonai Mitchell
insert-vortex,25,Lava,false,10,Adonai Mitchell
insert-white-hot-rookies,1,,false,,J.J. McCarthy
insert-white-hot-rookies,2,,false,,Rome Odunze
insert-white-hot-rookies,3,,false,,Ricky Pearsall
insert-white-hot-rookies,4,,false,,Keon Coleman
insert-white-hot-rookies,5,,false,,Roman Wilson
insert-white-hot-rookies,6,,false,,Jonathon Brooks
insert-white-hot-rookies,7,,false,,Troy Franklin
insert-white-hot-rookies,8,,false,,Jayden Daniels
insert-white-hot-rookies,9,,false,,Bo Nix
insert-white-hot-rookies,10,,false,,Malik Nabers
